,EURUSD,GLD,IEF,SPY,VIX_ret,DGS10_chg
2006-01-04,0.006543246546145695,0.003382831797150453,0.0017869498375099797,0.004724423801784113,0.02043603237922427,-9.999999999999786e-05
2006-01-05,-0.00041168873684475156,-0.018175416840417152,0.00023853247171019877,0.0006281705171641698,-0.005290970467863883,0.0
2006-01-06,0.0038817563086495453,0.02602449436115473,-0.001309393499970737,0.008287212200314325,-0.027792054431045977,0.00019999999999999573
2006-01-09,-0.006529687652801062,0.016248460425883546,0.0004757457118284002,0.0025662118789239476,0.011748902771285718,0.0
2006-01-10,-0.0009052183712828674,-0.009939288552968072,-0.004055909653218042,0.0010084804730912471,-0.024557892677380604,0.0004999999999999983
2006-01-11,0.0061959538988384764,0.008656420300679483,-0.0025132198648882462,0.0031762013521402185,0.007339475745370616,0.00030000000000000247
2006-01-12,-0.0077750583128544945,-0.0018355084992045636,0.0035888475263240282,-0.003951481397873912,0.02348800263350407,-0.00040000000000000034
2006-01-13,0.008102807605059732,0.018385852058020367,0.004408318362737519,-0.0009324392050729701,0.002674966716629901,-0.000599999999999996
2006-01-17,-0.0006297919547457851,-0.0032520409896078756,0.0011873338259205959,-0.002723871367694711,0.058789642567683056,-0.00020000000000000462
2006-01-18,-3.6427670304904696e-05,-0.02176979137145157,0.0003565173300224125,-0.003981891649826837,0.028147566435273004,0.0
2006-01-19,-0.0014034752621391658,0.02772383396043182,-0.0024962909776556973,0.0038261779342300684,-0.02228738251409054,0.00040000000000000034
2006-01-20,0.003718816279432901,-0.007040364605841864,0.0016655016627637649,-0.018405456956785478,0.19503951711172224,-9.999999999999786e-05
2006-01-23,0.013747064094996127,0.010273131505108786,-0.0002386055383578199,0.0035660273123257636,-0.04423326188884461,-9.999999999999786e-05
2006-01-24,-0.003181662844508498,-0.0007175052420346415,-0.0016638953043418745,0.001027917979391234,-0.04552914576607961,0.00040000000000000034
2006-01-25,-0.001629828263892348,0.007329966694290513,-0.00620869048713613,0.0008686830099446689,-0.033616651217476375,0.0008999999999999986
2006-01-26,-0.0024581756473356186,-0.004642006558574431,-0.002158709985828054,0.005511353319300625,-0.03559093006780472,0.00040000000000000034
2006-01-27,-0.009954393660605,-0.004483910215659325,0.0007213824623422873,0.009222315831280803,-0.03690454077010964,-0.00010000000000000675
2006-01-30,-0.0006529396417630722,0.018698776919120332,-0.0021621297157810664,-0.0007782285133744632,0.03448618147266338,0.00020000000000000462
2006-01-31,0.005149898660757911,0.00035280398276080644,0.001440747253438604,-0.007345869515352126,0.044206050066269625,-9.999999999999786e-05
2006-02-01,-0.006731854159330575,0.0,-0.003086118732952649,0.006956657500788851,-0.04663034916436331,0.00040000000000000034
2006-02-02,0.0014128829175009342,0.004926096846573146,0.0,-0.011673217920352733,0.0680215192738126,0.0
2006-02-03,-0.004725752548756046,-0.008459682883606469,0.0030144493628483007,-0.004976728796355542,-0.02061924965886708,-0.00030000000000000247
2006-02-06,-0.005337835436600159,0.0038862655930409257,-0.0014458328335411306,0.002609817430788197,0.006153859705557772,9.999999999999786e-05
2006-02-07,0.002503415710290351,-0.038093048941077325,-0.001207135103251603,-0.008886030562887599,0.04131268581788044,0.00020000000000000462
2006-02-08,-0.002335921043996027,0.004203668006722571,-0.0006030615829102514,0.009043847359097362,-0.057548066709988036,-0.00010000000000000675
2006-02-09,0.002419909750198401,0.02432330429712352,0.0009656590047420106,-0.0016594157189407592,0.022351602112294172,-0.00019999999999999573
2006-02-10,-0.007277768780254572,-0.025053114848127972,-0.002901263673856324,0.0018175576504721102,-0.019238762077344998,0.0004999999999999983
2006-02-13,0.00041679917459765814,-0.019722317881601545,0.0,-0.0018175576504720484,0.0366174007048026,-9.999999999999786e-05
2006-02-14,0.00033359442192101293,0.014231835019739241,-0.001453285805202184,0.01054422010425119,-0.08599047643003369,0.00040000000000000034
2006-02-15,-0.002523028670692511,-0.013487564404801337,0.0018165704082275754,0.0035165142420588067,0.004886037293091022,-9.999999999999786e-05
2006-02-16,0.0017726350741738186,0.01403795023117115,-0.00048425250580894715,0.007460100226406073,-0.06980562326729177,-0.00020000000000000462
2006-02-17,0.002933418411826851,0.008038016031443143,0.003383996601273074,-0.002713219504818311,0.045133304132961675,-0.0004999999999999983
2006-02-21,-0.0011808000546799876,0.0029069760713780913,-0.0012062367589437259,-0.002487614257176936,0.03276293177145944,0.00030000000000000247
2006-02-22,-0.0003336831903147659,0.0039833697886547965,0.0037365655366594207,0.006052656540033238,-0.043646263353383806,-0.00040000000000000034
2006-02-23,0.0005005830321471893,-0.012729773023942181,-0.0024098473893938346,-0.0014713336297641647,-0.0008421245871854782,0.00029999999999999363
2006-02-24,-0.0036889851697372296,0.018136151993469803,-0.001206325260842455,0.002553333426353016,-0.03515148436508763,0.00020000000000000462
2006-02-27,-0.0023609698826720753,-0.007577127477402215,-0.0019353710322709155,0.0003864873655439689,0.01127995590183873,9.999999999999786e-05
2006-02-28,0.006729766532618566,0.015275676084631486,0.0039862160205025145,-0.009546518684934136,0.0627033603254105,-0.00040000000000000034
2006-03-01,-0.0008467113220418398,0.0005348806365655907,-0.0019735017653230167,0.008851264951623855,-0.06702677306822562,0.00040000000000000034
2006-03-02,0.009942830206237223,0.011343673633042218,-0.004005456418396332,-7.752775058319757e-05,0.015477549158571082,0.0004999999999999983
2006-03-03,0.0005780037708891324,-0.008140248406057734,-0.0024360441064091207,-0.004648841731141335,0.020270944779137455,0.00040000000000000034
2006-03-06,-0.002490399224668445,-0.018832934931586665,-0.00317529071867535,-0.0045931654749658,0.06317888046637804,0.0006000000000000049
2006-03-07,-0.01054239405875138,-0.005082580890901775,0.0004897379614221183,-0.0015615618476978877,-0.0062992275151358326,0.0
2006-03-08,0.0031081307595809938,-0.017995335485148433,0.0004887118324588576,0.0021081291949984374,-0.02722347132866196,-9.999999999999786e-05
2006-03-09,-0.0019302709582450278,0.004990315328593799,0.0009762363487186848,-0.006729195147286684,0.02880203974195796,9.999999999999786e-05
2006-03-10,0.0005834559376983349,-0.007587707988952681,-0.0019546861425996835,0.009454371064459328,-0.06769807330389212,0.00019999999999999573
2006-03-13,0.004691992041875473,0.00887743074453615,-0.0008562599417220977,0.001865055412764874,-0.04134960207539758,9.999999999999786e-05
2006-03-14,0.004329439239752162,0.010258334271688237,0.005737474935683157,0.010423963483055548,-0.05700322992771986,-0.000599999999999996
2006-03-15,0.0043241081920564455,0.004545875722809695,-0.0018272428053959014,0.004445792694287794,0.05524270976751836,0.00020000000000000462
2006-03-16,0.008570884998657696,0.0039833697886547965,0.006320165824682617,0.0020623482419102127,0.054020776939566716,-0.0008000000000000007
2006-03-17,0.0014011427278653272,-0.003983369788654952,-0.0020613386073518934,0.0008348541195911622,0.011618416722202943,0.00029999999999999363
2006-03-20,-0.0023868364374000453,0.0009066867676153741,0.00194115979267336,-0.0016090377499326676,-0.02760525988510513,-0.00019999999999999573
2006-03-21,-0.004526544106376268,-0.006181771283939387,-0.004128841802582029,-0.006307300084864095,-0.014523969738594168,0.0004999999999999983
2006-03-22,-0.0023945324022297586,-0.0014601541144710205,0.0012163521123378282,0.00607814524829002,-0.03592150108813917,-9.999999999999786e-05
2006-03-23,-0.008898769862727399,-0.0009136453209700005,-0.0025559642311588186,-0.002074092156872488,-0.0035746205756459946,0.00030000000000000247
2006-03-24,0.005245571578341346,0.01829592422327758,0.0043765126051186,0.0007685929061035476,0.0017888649132110886,-0.0006000000000000049
2006-03-27,-0.001995811828747522,0.012132179396417623,-0.002185509954363027,-0.0014599235660348892,0.02384222979072463,0.00030000000000000247
2006-03-28,0.0,-0.005869256761886151,-0.004876251666124004,-0.006171905792210309,0.01041675094112599,0.0008999999999999986
2006-03-29,0.0016588785769306596,0.017856008967773458,-0.0009779370227573645,0.006248649593509416,-0.05594002671262503,0.00019999999999999573
2006-03-30,0.01132492195118332,0.026456091342854607,-0.002939404481528392,-0.0017707662086453608,0.05507607598531235,0.0005000000000000071
2006-03-31,-0.004358853634659159,-0.008569032949188241,0.0007353657213254529,0.00023162426362611545,-0.015679707227550858,0.0
2006-04-03,0.001976724958151662,0.006348185470116209,-0.0011070814439301162,-0.0007709282207444688,0.015679707227550944,0.00019999999999999573
2006-04-04,0.009918005849360768,-0.00239725090815688,0.00012286780742300568,0.006377879392274994,-0.03787324951105689,-9.999999999999786e-05
2006-04-05,0.00228298028635211,0.005641488791230979,0.0023362723026097735,0.0034406646061947814,-0.0008980897483998911,-0.00030000000000000247
2006-04-06,-0.006039769791432209,0.010513899447594038,-0.0028285451182457223,-0.001069181571908453,0.028345537772525672,0.0006000000000000049
2006-04-07,-0.009796333460045194,-0.011707924234642812,-0.004566536502115916,-0.010215288264062252,0.06835223583487482,0.0006999999999999939
2006-04-10,0.001404001669205044,0.01709151230827786,0.0012360533669059119,0.0015430113779000148,-0.005726040106904141,0.0
2006-04-11,0.002971785868108545,-0.00994865584400034,0.0018515761024410593,-0.008514204863804135,0.06433344839138419,-0.00040000000000000034
2006-04-12,-0.002802217820896405,0.0070922618883069175,-0.0023458141249705533,0.0018636333511714758,-0.01863406160744517,0.0005000000000000071
2006-04-13,0.00016963768815453134,0.0011771580379689472,-0.00533017777146317,-0.0013196754543906561,-0.03023301935362562,0.0006999999999999939
2006-04-17,0.011658843277266231,0.026371876607847133,0.003845599291973978,-0.0003889156182771638,0.016025968707127056,-0.00040000000000000034
2006-04-18,0.009183531396874717,0.012363885008428081,0.0032137397451941167,0.01573133738343894,-0.09849492326940075,-0.00019999999999999573
2006-04-19,0.0008908493429412366,0.030257109870676136,-0.0028429243273790485,0.001911166830613845,-0.0070422761221470035,0.0004999999999999983
2006-04-20,-0.005591671595787801,-0.044751287678637945,-0.0008664299464707316,0.0013736371769754844,0.02787642598232789,0.0
2006-04-21,0.002588268509211019,0.03608641686474083,0.002103577188974558,0.00015209846885844272,-0.004304801281234998,-0.00030000000000000247
2006-04-24,0.0038826827000252085,-0.024831058863613812,0.0012352226353791714,-0.0018310948626021435,0.013710570073029688,-0.00019999999999999573
2006-04-25,0.0032262187740079032,0.018163277608642465,-0.006315903124742766,-0.004133533853425648,0.0,0.0008000000000000007
2006-04-26,0.0016046660651645136,0.013762817006708136,-0.0004978174852047195,0.00022976507595758752,0.0008507213430538839,0.0004999999999999983
2006-04-27,0.006644863604506852,-0.010899759408640247,0.002731634501711744,0.004819651079785656,0.006779680410128444,-0.00030000000000000247
2006-04-28,0.00826760236172215,0.03327128175431663,0.0017332378999890825,0.0033523639653264604,-0.021340971826212005,-0.00019999999999999573
2006-05-01,-0.004438013057854198,0.0010749686135923268,-0.005429166783384823,-0.008172015045112073,0.07878086164561307,0.0006999999999999939
2006-05-02,0.0029354471549831803,0.02110775076209168,0.0016217276736550151,0.007487250368303091,-0.04485058221272274,-0.00019999999999999573
2006-05-03,0.0004794802208979682,-0.0013533415469022937,-0.001372029171925141,-0.0037364491706075543,0.0,0.00030000000000000247
2006-05-04,0.006153845875736307,0.015231058274022213,-0.0006244829601533654,0.0035845329930908974,-0.010901585328405166,9.999999999999786e-05
2006-05-05,0.002123257907461012,0.007529296693737569,0.0023707881716361263,0.008791868520573358,-0.020443623046474187,-0.00040000000000000034
2006-05-08,-0.0019709375915264553,-0.006344548315854382,0.0004984188504069307,-0.0012080943531114136,0.032178908212851215,0.0
2006-05-09,0.005030312423480176,0.030897281121183933,-0.0003739302203470731,0.001962215169324142,-0.0008336998379718097,9.999999999999786e-05
2006-05-10,0.0005875174281937835,0.009995755944479651,0.0004978792065422389,-0.0005279997325315305,-0.01766979439456854,0.0
2006-05-11,0.006047733081751017,0.009193212955575812,-0.0017452177567775955,-0.012144195800804686,0.058525150256819154,9.999999999999786e-05
2006-05-12,0.006045859835349868,0.0012663240006524636,-0.003750097368252494,-0.01314466016213184,0.12760915578837503,0.0005000000000000071
2006-05-15,-0.010879327218100593,-0.053575200633378034,0.0021274737558741974,0.002009794014207715,-0.04467601024288032,-0.00040000000000000034
2006-05-16,0.004679295759930909,0.017644876407503035,0.003742301654298593,-0.0014683605291812036,-0.016345037937004304,-0.0005000000000000071
2006-05-17,-0.008445241483864874,-0.0067271250662083795,-0.0028687329037685506,-0.0192072011688474,0.19719170477526846,0.0006000000000000049
2006-05-18,0.008522330266385929,-0.010176364470453626,0.007092121719583765,-0.005058013280299118,0.04391680401624066,-0.0008000000000000007
2006-05-19,-0.006558167669646246,-0.028264016724660453,-0.000619432680520762,0.007027302045535974,0.01112101210726367,-0.00030000000000000247
2006-05-22,0.006712420157343083,-0.0042787163206261586,0.0013628792015075765,-0.007661761101254762,0.030947972107645296,-9.999999999999786e-05
2006-05-23,-0.005460417870518412,0.016403681898370586,-0.00037125813137628725,-0.0076402233902232875,0.03001898127423709,0.00030000000000000247
2006-05-24,-0.0007028393823765343,-0.035575658845409586,0.0014853135122235878,0.007957503235368405,-0.050544143310721074,-0.00040000000000000034
2006-05-25,0.002814168190519901,0.009941048269267854,-0.0016095193534640209,0.012288439183291805,-0.11332872046550271,0.00040000000000000034
2006-05-26,-0.005556827315730726,0.0061633714364872465,0.0008672175160179353,0.005075961816239843,-0.08338159288843161,-0.00010000000000000675
2006-05-30,0.008901542825102901,0.00015363084740756304,-0.000867217516017895,-0.01791887521624751,0.2689237562051567,0.00030000000000000247
2006-05-31,-0.0038136996019872637,-0.013607713088968276,-0.0031038927642944923,0.011119185364032402,-0.1266647651286362,0.00030000000000000247
2006-06-01,-0.00039716174545518054,-0.026344325345324347,0.0016710044196055513,0.009522278565230961,-0.12419038119021664,-9.999999999999786e-05
2006-06-02,0.00832313840843239,0.014913787710007854,0.007694897903175205,0.002095104998850383,-0.013869900701731625,-0.001100000000000003
2006-06-05,-0.0013167028155889355,-0.003312552645839676,-0.0019799608585001826,-0.014680866435841813,0.15075305329401636,0.00019999999999999573
2006-06-06,-0.0061478377425670605,-0.011761128537159677,0.0008670600872884489,-0.0024418756343130648,0.04060578663680086,-9.999999999999786e-05
2006-06-07,-0.0015629732493834005,-0.00432589735009203,-0.0013626239879515108,-0.007519022929697381,0.02618243428411267,9.999999999999786e-05
2006-06-08,-0.012025286727839984,-0.02224296502229832,0.0013626239879514488,-0.0008744294194874491,0.03043118085284853,-0.00019999999999999573
2006-06-09,-0.0006322032824184526,-0.007580772661454671,0.002471607695355158,-0.003185852303443288,-0.012613248358978847,-0.00019999999999999573
2006-06-12,-0.00435168626168237,-0.0069721727529346005,-0.0004939903836026459,-0.010908950536893697,0.1455994688429596,9.999999999999786e-05
2006-06-13,-0.003191786510807495,-0.07092235174749524,0.0013573762352508305,-0.011681896308645206,0.127489822295699,-0.00020000000000000462
2006-06-14,0.005018502294383033,-0.005379235579350925,-0.0066821744801299505,0.007721683035532036,-0.10391494352828677,0.0008000000000000007
2006-06-15,0.002449052811487121,0.030106768033878732,-0.002238671883691188,0.020992894132976905,-0.2998716093061343,0.0004999999999999983
2006-06-16,0.0003918807193921517,0.006260900631636242,-0.0006217700986840512,-0.0073136847468469705,0.08149305824299,0.00030000000000000247
2006-06-19,-0.0051457920115929555,-0.023150800407539796,-0.001121955563840963,-0.007893323540067691,0.03307028411871533,9.999999999999786e-05
2006-06-20,0.0007172703794377151,0.016540912545872956,-0.0007492529463485503,0.0033900674152097447,-0.0660726579236819,0.00010000000000000675
2006-06-21,0.005693824497079458,0.017815961750979315,-0.00012363223905950308,0.007387101106402166,-0.07268022542224789,9.999999999999786e-05
2006-06-22,-0.0060210413408220455,-0.010339611013396036,-0.0032490712969047105,-0.004408932162317792,0.022930918775442274,0.00040000000000000034
2006-06-23,-0.004858606239090171,0.004493649688969512,-0.0008766517634249755,-0.00016089398454577076,0.0006295391292426316,0.00030000000000000247
2006-06-26,0.005185823082832815,0.004988349549092769,-0.0006272551790494832,0.004409552103402913,-0.017137865069862625,0.00019999999999999573
2006-06-27,-0.0015975103582966236,-0.010348462113978675,0.002629777432858113,-0.008677647225651907,0.04872917448482666,-0.00040000000000000034
2006-06-28,-0.0018334038348102601,-0.002430124232988146,-0.003256946975388869,0.006756316610591712,-0.037904485718146974,0.00040000000000000034
2006-06-29,0.009365370117246618,0.033832024181210556,0.004131368391564929,0.019998787950217898,-0.19212245520828788,-0.00030000000000000247
2006-06-30,0.00935168197427941,0.0283248597979711,0.003492675844318604,7.866140229353953e-05,0.0038299695528139425,-0.0006999999999999939
2006-07-03,0.0014070854312624858,0.015396151524819567,-0.0004754084468550833,0.004077160265022041,-0.002296191811781624,0.0
2006-07-05,-0.004390163308075298,0.005133147203806899,-0.0036338834523919786,-0.00572870728464392,0.08092644874585418,0.0008000000000000007
2006-07-06,0.003290765739701162,0.008285586850556694,0.0031337271431221767,0.0029077364495107344,-0.03597510344578677,-0.00040000000000000034
2006-07-07,0.003750451315832554,-0.006207730001220553,0.0031220388813792068,-0.006534416499463262,0.023172698698847947,-0.0005000000000000071
2006-07-10,-0.006174904189814338,-0.009787492538485095,0.0007484356668627818,0.0018942587458986074,0.0035727218738884755,-9.999999999999786e-05
2006-07-11,0.0017603495376866014,0.028453018348612674,0.0011215252906607845,0.004404710058605205,-0.0648238750726771,-0.00030000000000000247
2006-07-12,-0.004356947792424389,0.017245775039784833,0.0008706747852970976,-0.010731311781551449,0.09779770135221535,0.0
2006-07-13,-0.001181540003307359,0.009657542324286587,0.0022366290293575,-0.016397168218316178,0.20517781260403178,-0.00019999999999999573
2006-07-14,-0.004181207807113774,0.004566148251357566,0.0007442491791910957,-0.003878460730736107,0.01450908937000059,-9.999999999999786e-05
2006-07-17,-0.010014298138597572,-0.02927786506214761,-0.0008691056259294239,-0.0014583208392325768,0.03216413400248702,0.0
2006-07-18,-0.001276043290273441,-0.016555351989900366,-0.0038541179875659828,0.005094269462453523,-0.04948781253384897,0.000599999999999996
2006-07-19,0.007731113288475531,0.01780551650096022,0.006334310830193249,0.013779139531739027,-0.13176131308826255,-0.0007000000000000028
2006-07-20,0.002687121818321156,-0.023545337797397207,0.002101715942675922,-0.006865396680555299,0.04156762837726259,-0.00029999999999999363
2006-07-21,0.0057646385914954384,-0.013360389171752314,-0.0006177394742318417,-0.007075006956435253,0.07084190502852232,0.00019999999999999573
2006-07-24,-0.0064717669817498475,-0.009279671017174801,0.0,0.018069296749241705,-0.14975423676618527,0.0
2006-07-25,-0.003176202001812247,0.0066835337551839295,-0.0009889420927035966,0.0035591119017264437,-0.008716056593844904,0.00020000000000000462
2006-07-26,0.010194516236336774,0.007284544810071161,0.0024718941586660452,0.0013411885209466377,-0.015609444442969246,-0.00030000000000000247
2006-07-27,-0.0013340178208113482,0.014411802920109096,-0.00012427196281164472,-0.0009463100684582331,0.021651705123940712,0.00030000000000000247
2006-07-28,0.0043259585784296934,0.0033330573021811403,0.0027129280661166333,0.009972593907554598,-0.04168691510186804,-0.0007000000000000028
2006-07-31,0.0017995560049545065,0.0007919417041651264,0.0015988897878630216,-0.0010160214539218987,0.04235605056250149,-9.999999999999786e-05
2006-08-01,0.003595934944970853,0.018199433154515745,0.00023451872468181962,-0.00494006079987463,0.006666716789786926,0.0
2006-08-02,-0.002189817909358722,0.006663080453584655,0.000864079109242788,0.006737370987264695,-0.048325158056105585,-0.00030000000000000247
2006-08-03,0.0005501395494782312,-0.009777330003267252,0.0002454745127309457,0.002650644111887511,0.008333373556530022,0.0
2006-08-04,0.006226967058490283,0.0024921513025285714,0.004917567778891784,-0.0017142798449687271,-0.00833337355653001,-0.0004999999999999983
2006-08-07,-0.004664191757599403,0.003416701922818477,-0.0013501220277605899,-0.002343244075705364,0.0602142910381696,0.00019999999999999573
2006-08-08,-0.004068194790429433,-0.008250981257249518,0.0001241396734299504,-0.0038380337230585555,0.0,0.0
2006-08-09,0.008423276792302849,0.010264414233311715,-0.000492692520213939,-0.0033804235394614478,-0.001971721546477042,-9.999999999999786e-05
2006-08-10,-0.00639121068862434,-0.021583529170159283,0.0002469586151204579,0.0030665795851361724,-0.049909195935162465,9.999999999999786e-05
2006-08-11,-0.005320463811241321,-0.008574217652083825,-0.0031996587469484547,-0.0028303347246347063,-0.011126668764758004,0.00040000000000000034
2006-08-14,-0.00016545365255599755,-0.007362374610728818,-0.0017253254575079556,0.0007871664857842403,-0.0028011195671944857,0.00030000000000000247
2006-08-15,0.005332432437814901,-0.003862900050710145,0.004801512520465848,0.011886684200751646,-0.06071229380814105,-0.0007000000000000028
2006-08-16,0.0040628955124496,0.007710935506649349,0.004167249372801414,0.008284131609297475,-0.07824355030767188,-0.000599999999999996
2006-08-17,-0.0008600679688531479,-0.02364104424604251,-0.0002440291803604255,0.0025416025921776927,-0.013793328536273058,0.0
2006-08-18,-0.00030791733378379477,0.00016387542029731639,0.0026881445029617707,0.005062478131520492,-0.050261786586310205,-0.00030000000000000247
2006-08-21,0.0034953336949795155,0.0226766716784495,0.0012190511104338579,-0.004294347114747831,0.048626503796860406,-0.00019999999999999573
2006-08-22,-0.0047517713355793925,-0.006265574298403793,0.0003661724175580089,-7.668520600043389e-05,-0.00245806652508111,0.0
2006-08-23,-0.0024184696289945118,-0.003551786170239269,-0.0009760130548399126,-0.0027703503142567157,0.01708053277715039,0.0
2006-08-24,-0.0014942839592491147,-0.0012947376767310466,0.0009760130548399307,-0.0008483869275029234,0.0,-0.00010000000000000675
2006-08-25,-0.0003827740871964704,0.0003238416104977378,0.0013388981074142121,0.0012337487547192164,-0.007284467563475927,-0.00019999999999999573
2006-08-28,0.0027720546003188883,-0.012543952945273145,-0.00012177675997845881,0.004763965304817737,-0.01061668694659366,9.999999999999786e-05
2006-08-29,0.002856852477721754,-0.0009841131508818335,0.0008511274224191596,0.001150044835510616,0.008176613636745765,-9.999999999999786e-05
2006-08-30,0.0009241393739663098,0.007845734178219533,0.0012156823191937544,0.0006122505403942836,-0.004897925378745505,-0.00030000000000000247
2006-08-31,-0.0024881114668699102,0.014065428763227219,0.001333668545476464,-0.0001532588323448316,0.00733799868859339,-0.00019999999999999573
2006-09-01,0.002102955956966126,-0.002411019821175847,0.0014854580276254332,0.005953235255381835,-0.028844222571795072,-9.999999999999786e-05
2006-09-05,-0.0025681096147348705,0.01944286299654392,-0.0032875669469223973,0.0019003621268282478,0.05450719371140651,0.0004999999999999983
2006-09-06,-0.0003846420842231741,-0.007922716060125687,-0.0007318783556517107,-0.008849005432907717,0.0842363247126981,0.00019999999999999573
2006-09-07,-0.006809366420828909,-0.025946191654282313,0.0007318783556517013,-0.004607992127130846,0.01013769318754492,0.0
2006-09-08,-0.004649095399598617,-0.010009118155884447,0.0009751586978353994,0.0028443443468590952,-0.05326704902133476,-0.00019999999999999573
2006-09-11,0.0029191081377163194,-0.035927977031141096,-0.0018301060344976376,0.0009969957321004435,-0.013002101239687392,0.00019999999999999573
2006-09-12,-0.001181344691054494,-0.0030816717701889667,0.002804774394084041,0.009767300228416879,-0.08596214502495694,-0.00019999999999999573
2006-09-13,0.0001522980101292906,0.0051308345941207655,0.0009724181750585289,0.004017116894543942,-0.06409117301416818,-0.00010000000000000675
2006-09-14,0.0020463542130882352,-0.024696883147300317,-0.0019470865346448232,7.513482715552595e-05,0.032558958458109286,0.00020000000000000462
2006-09-15,-0.005671079293281995,0.0036652959943343877,-0.0006091517235003077,0.002344459863905859,0.018018508451578517,9.999999999999786e-05
2006-09-18,0.004412229525440513,0.014356348078949017,-0.0014641407413328194,0.001363204500178853,0.0016991936222382435,9.999999999999786e-05
2006-09-19,-0.002360614829481858,-0.022753936934990223,0.005965209524739086,-0.0025003804965940363,0.01683539892118553,-0.0006999999999999939
2006-09-20,0.0008623130826507097,0.005955529304156023,0.00024158752526852472,0.005296452935662666,-0.050502746875083375,-9.999999999999786e-05
2006-09-21,0.007309586892705994,0.011978312594347288,0.007133193909565762,-0.004841493723098937,0.07279012938917392,-0.0008000000000000007
2006-09-22,0.001483672537638885,0.009446171286572042,0.003006951335195418,-0.0030378385080357035,0.02737692318528875,-0.0005000000000000071
2006-09-25,-0.004304323870715119,0.0,0.003358080428126582,0.007652481633659157,-0.03804588897717626,-0.00040000000000000034
2006-09-26,-0.004564947887193459,0.004094200107174069,-0.0025176913785351007,0.008269125735126693,-0.0499046600773614,0.00030000000000000247
2006-09-27,0.0014981340914556,0.018051939672373406,-0.00023993116447703844,0.0011973869468471798,0.004327154434938672,9.999999999999786e-05
2006-09-28,-0.0001905691902114753,-0.00033445581216309524,-0.0009602251155163634,-0.0003737071725021007,0.012017341376468557,0.00030000000000000247
2006-09-29,-0.0032721706623685854,-0.0053664339603248755,-0.0010830315724552476,-0.000823679774344967,0.021941747543751226,9.999999999999786e-05
2006-10-02,0.006287458366739856,-0.005395388023705695,0.0017616267523012815,-0.0037500022403522447,0.04807444384740527,-0.00019999999999999573
2006-10-03,-0.0005477370050458743,-0.0350973728570958,-0.00012032331008844164,0.002102163414506142,-0.026603739939367297,0.0
2006-10-04,-0.0017304342563392162,-0.013042160218877828,0.004569512012782756,0.011629347877278989,-0.031537893763060064,-0.0004999999999999983
2006-10-05,-0.0013720460987372894,0.009709657907544174,-0.003485084491928448,0.001925656410163203,0.010067189855022238,0.00040000000000000034
2006-10-06,-0.007235661779162002,0.0012291022461254299,-0.005433404435022839,-0.0012587755321518451,-0.03568765493339235,0.0008999999999999986
2006-10-09,-0.00023941228607752356,0.0036780684249936844,0.0012103224604567637,0.0005928148536277917,0.01032710398489074,0.0
2006-10-10,-0.0054915412727985615,-0.003502643889304294,-0.006064331144978175,0.0013312354873585076,-0.013793308523969773,0.0004999999999999983
2006-10-11,-0.0006389633995271695,-0.0021074635611676128,-0.0012172307838207285,-0.00118359281135964,0.008643046570974968,0.00030000000000000247
2006-10-12,0.002872173062261645,0.010667244557621159,0.0006084571142814602,0.008622461061061657,-0.04668392645382115,9.999999999999786e-05
2006-10-13,-0.004386380378048497,0.018611566060242047,-0.0017055159743439882,0.002564787389939849,-0.031138060547656173,0.00019999999999999573
2006-10-16,0.0028803213795028527,0.010192010851696898,0.0017055159743438939,0.0015362325944052637,0.031138060547656023,-0.00019999999999999573
2006-10-17,0.00031353761879019954,-0.0088270246267677,0.0010951904266309131,-0.0031472567989554055,0.05610580851901949,-9.999999999999786e-05
2006-10-18,-0.00047666547602821644,-0.0010235649551442205,-0.0002428737443270148,0.0013183619515186621,-0.03381331188501914,-0.00010000000000000675
2006-10-19,0.0069962433735178044,0.013898523638232187,-0.0008523166823037738,0.0016089833741130023,-0.03957355751745354,0.00020000000000000462
2006-10-20,-0.0008709133867989162,-0.010660919575812458,-0.000244514186533545,0.0002199114733238312,-0.02508255111817451,0.0
2006-10-23,-0.005171846216307196,-0.01750517469820813,-0.0028033178622074648,0.004593076016369767,0.041461471313702564,0.00040000000000000034
2006-10-24,0.0006403400781511017,0.007073260919781201,0.0013423160743971652,0.002978134470428827,-0.02744913372331342,0.0
2006-10-25,0.004531506138156045,0.01009159629586728,0.003651252547047486,0.0034027786212506954,-0.011194136286452015,-0.0004999999999999983
2006-10-26,0.00616298121393981,0.008979350419899177,0.0033962593973203173,0.003103115497223966,-0.00942508640909286,-0.0004999999999999983
2006-10-27,0.0038537477440230426,0.0018535788960060886,0.003263008928101364,-0.006288561883880539,0.02247283377626483,-0.0005000000000000071
2006-10-30,-0.001973288818902049,0.008382278538378779,0.00048299753561629517,-0.0007253391083745177,0.036367609480340964,0.0
2006-10-31,0.0038482023621698694,0.005660080759457596,0.004453464529438532,-0.0001452262663904285,-0.008968618586220122,-0.0006999999999999939
2006-11-01,-0.0009824869722384196,0.018421555651427647,0.0034653126765555337,-0.006771982840751182,0.0362710999343376,-0.00040000000000000034
2006-11-02,0.0020043996672046258,0.009085032704114484,-0.002765539652673402,-0.0005847459061068466,-0.007850031710672965,0.00029999999999999363
2006-11-03,-0.005734613822926522,0.0061182138370136285,-0.007618179025376709,-0.001756211953695904,-0.02303026762818001,0.001200000000000001
2006-11-06,0.0014624307037942792,-0.0066028076577951044,0.0009708585576810218,0.011215590355115719,0.0,-9.999999999999786e-05
2006-11-07,0.0041955059172415,0.0024207471759942175,0.0033895444600145247,0.003831085044922214,-0.006292128159086764,-0.0004999999999999983
2006-11-08,-0.001494046172681271,-0.015103824170810666,0.002172451931940061,0.0021621403290057583,-0.031138060547656173,-0.00020000000000000462
2006-11-09,0.0056686790778752915,0.029665243715548233,-0.00012084010405449342,-0.005269462526624745,0.023898216949457558,-0.00019999999999999573
2006-11-10,0.001669622710527332,-0.0073342018093687155,0.002168004295767229,0.000434069721515084,-0.020184195788486625,-0.00030000000000000247
2006-11-13,-0.002182727284075983,-0.004812377767142642,-0.0004812557016410119,0.002456781103873677,0.006466507157632936,0.00020000000000000462
2006-11-14,-0.0009358251909987133,-0.009045410728369502,0.00204531539194169,0.007476267627969516,-0.03371102572879788,-0.00040000000000000034
2006-11-15,0.0008587717265917784,0.0034016244413848868,-0.0027669560688648965,0.002861234743994294,-0.018260918434639187,0.00040000000000000034
2006-11-16,-0.00242095716504331,-0.008607422572897042,-0.0025338129235103024,0.0025677639798397287,-0.014655911596996021,0.0004999999999999983
2006-11-17,0.004372325691854353,0.007636683557831217,0.003617018585149772,0.00028468408772746863,-0.01088577364816458,-0.0004999999999999983
2006-11-20,-0.0024897930702208818,-0.0001618506129790338,0.0006013160584045274,0.000569670288647366,-0.007992042726700737,-0.00010000000000000675
2006-11-21,0.0021813784995858092,0.008061959117047567,0.0014425103724290298,0.0009958510406026294,-0.007045892148729468,-0.00019999999999999573
2006-11-22,0.007206866877766688,0.0036867805067237296,0.001560531050089626,0.001989120072376638,0.023953313413048637,-9.999999999999786e-05
2006-11-24,0.010219352306519484,0.015873349156290163,0.0010785916938199746,-0.004053145121422319,0.056555481959271466,-0.00020000000000000462
2006-11-27,0.0036574785883362816,0.003144668656543143,0.0009573654490864726,-0.013846752782713197,0.13655576390470336,-9.999999999999786e-05
2006-11-28,0.005385783518544372,-0.0020429184074974753,0.0017926588720611964,0.0043252965875805235,-0.05687153631012205,-0.00030000000000000247
2006-11-29,-0.004242635380701603,-0.006470469176144637,-0.0011934536362862892,0.01037630476172181,-0.07040768760693537,9.999999999999786e-05
2006-11-30,0.007800857030279221,0.019287145099564598,0.005248245656365711,0.0004266053856692264,0.007359731890707683,-0.000599999999999996
2006-12-01,0.00676759607638885,-0.004201961494731662,0.0023136891507707508,-0.002208742446469213,0.06648438197698459,-0.00030000000000000247
2006-12-04,-0.0003734872369364384,0.0,-0.00011873168029915311,0.007602447600409142,-0.0375754398481262,0.0
2006-12-05,-0.0012794396254906634,-0.004846431174560282,-0.001311955336799735,0.004308102720865194,0.003555640681798711,0.00020000000000000462
2006-12-06,-0.002434413610155041,-0.017708016022004534,-0.0015519577384288223,-0.0008458444953553442,0.0053096996365371305,0.00030000000000000247
2006-12-07,-3.9837220099502234e-05,0.0006378714314723856,-0.0003584177168433525,-0.0043827545961435226,0.11178293204855329,9.999999999999786e-05
2006-12-08,0.008097312982503884,-0.010899295456230593,-0.004553204899513643,0.001840068837363135,-0.0485139905290553,0.0006999999999999939
2006-12-11,-0.010737731366210972,0.008345425777865432,0.0031176519238550163,0.002895150057286824,-0.11954512180414766,-0.00040000000000000034
2006-12-12,0.0025606494497704057,-0.0007994122577706783,0.0017939706925021069,-0.0007760024181157985,-0.005618031684786612,-0.00029999999999999363
2006-12-13,-0.005048775887443793,-0.0006400146702843091,-0.005151730052879726,0.001057853588217593,-0.045134815236329014,0.0008999999999999986
2006-12-14,-0.004668205235648688,-0.005778517118766663,-0.0015627790834096314,0.008772069595874015,-0.020844430343373466,0.00019999999999999573
2006-12-15,-0.004384725329122204,-0.018194116912789278,0.00024130639189324287,9.165997092788793e-05,0.007992042726700857,0.0
2006-12-18,0.0005371596014467245,0.0006555378016999935,0.00048034306608578587,-0.002743878663867754,0.053281383622053195,0.0
2006-12-19,0.007683363055979611,0.012373950143335283,-0.00024036722120473008,0.0019004275707141713,-0.02871012335219321,0.0
2006-12-20,-0.0015175474725008403,-0.0029168762837298865,-0.00023997584488092352,-0.0005628748350598604,-0.0038910517027434606,0.0
2006-12-21,-0.000237415381201727,-0.0039024092413447,0.003601735435829748,-0.0036649312296669467,0.025975438736228255,-0.0004999999999999983
2006-12-22,-0.0035664686480837257,0.004389187767752673,-0.004564538040754608,-0.006161984679939077,0.07587008228390874,0.0008000000000000007
2006-12-26,-0.001981592393291103,0.005338490612910114,0.0007214962130314336,0.005879740325997395,-0.008841740032403634,-0.00019999999999999573
2006-12-27,0.0011543321995789557,0.0038647661146999175,-0.002669407288077884,0.00654714226275068,-0.05663612685785381,0.0004999999999999983
2006-12-28,0.0017471372992905203,0.01086967687656617,-0.002300972817249321,-0.0021074816952412153,0.03236523140848317,0.00040000000000000034
2006-12-29,0.0037938273873117743,0.004916314035106273,-0.0004851184463440902,-0.004157416213567794,0.05056515195409614,9.999999999999786e-05
2007-01-03,-0.00793400140373165,-0.014822174634752269,0.0029073369865925216,-0.0017670866021402784,0.04068353716906865,-9.999999999999786e-05
2007-01-04,-0.005948768739402194,-0.010167073004530057,0.0036215021346095214,0.002120221685970164,-0.04501819409305405,-0.0004999999999999983
2007-01-05,-0.008279714683493073,-0.02429939556012064,-0.003259654175179288,-0.008008337645096964,0.05328957129237676,0.00030000000000000247
2007-01-08,0.004229060481475689,0.005138865501529681,0.0007262279119646817,0.004614792857471809,-0.011599164123644284,9.999999999999786e-05
2007-01-09,-0.0033066575143049803,0.006099070055031333,-0.00024216738804615817,-0.0008505550283772202,-0.007528279232537337,0.0
2007-01-10,-0.004396289480035525,-0.004281928882199728,-0.0016933596056712317,0.003325781335332989,-0.037643416133555464,0.00030000000000000247
2007-01-11,-0.003474810499555011,0.0006599722253165242,-0.002666897560653687,0.004371111796692688,-0.05372826381693281,0.0004999999999999983
2007-01-12,0.002556548257492989,0.02508270112828025,-0.00206554336577835,0.007568295430535617,-0.06853302270040348,0.00029999999999999363
2007-01-16,-0.001228146985555113,-0.003222122156554715,0.0019450009216207386,-0.001956674215296186,0.056501399864989324,-0.00019999999999999573
2007-01-17,0.001538656233347586,0.010753625266441386,-0.0019450009216207933,0.0004194412923973226,-0.014064893747568427,0.00040000000000000034
2007-01-18,0.0016187982179742618,-0.006084903884278258,0.0013366426238457373,-0.003361382796878506,0.024254941122976107,-0.00040000000000000034
2007-01-19,0.0006222994126600615,0.011815588337062208,-0.0015783916376045071,0.0019621287129491763,-0.04235934567742355,0.00030000000000000247
2007-01-22,-0.0014644175882648875,-0.004454330886639369,0.0018227742681456664,-0.0030855127923180865,0.03495876420434229,-0.00020000000000000462
2007-01-23,0.005623168426004685,0.023790048029069068,-0.002918247422224409,0.002945853005008697,-0.04074464983455463,0.0004999999999999983
2007-01-24,-0.004625531049788098,0.0015556703524108786,0.00012056080668949158,0.008020653656193439,-0.04449570348858135,0.0
2007-01-25,-0.0017743174185859563,-0.0042060078166053835,-0.0039039462380669994,-0.011809644219399909,0.1261737435451581,0.0006000000000000049
2007-01-26,-0.0008536254205263411,0.0017156771582206524,-0.00012163951412760443,-0.0009143550583380473,-0.008053748324252761,9.999999999999786e-05
2007-01-29,0.0026279428391123454,-0.006252915722453849,-0.0007348564119188176,-0.0005629249917300516,0.028345537772525672,0.00020000000000000462
2007-01-30,0.0002333713714125127,0.007031840163978631,0.0009788793312522314,0.0051960142904429124,-0.04373742834174919,-0.00020000000000000462
2007-01-31,0.00439215967837555,0.009453779761331271,0.003661002026171655,0.006700475371723771,-0.0505252413533363,-0.0004999999999999983
2007-02-01,-0.00031246539892226094,0.005997701647027386,-0.0007228381271961003,0.005965004482183688,-0.010612704918257856,9.999999999999786e-05
2007-02-02,-0.004235269142216337,-0.014517667198963751,0.000856172236745582,0.0013817202206141807,-0.022561083654459684,-9.999999999999786e-05
2007-02-05,-0.0024730445044245544,0.0004665803047738857,0.0010999325746954038,0.0002764756643148532,0.0455726229268304,-0.00020000000000000462
2007-02-06,0.004016963027088081,0.007436182408872659,0.002803689423085517,0.000275798461572951,0.009433978335470435,-0.00040000000000000034
2007-02-07,0.003003816018474825,-0.00247262781476593,0.0021888980528798167,0.0022063512111397277,-0.031476125854559826,-0.00029999999999999363
2007-02-08,0.0013030985259663663,0.01367673153177363,0.00024291540061125878,-0.0013095557701744143,0.011560811779201754,-9.999999999999786e-05
2007-02-09,-0.0025395237343378563,0.009115926182613185,-0.003040164632002576,-0.0074748279364096094,0.06130060042360853,0.000599999999999996
2007-02-12,-0.0033891058414167504,-0.006829142171961048,-0.0013415927553368156,-0.0034101740795246293,0.044921623453573103,9.999999999999786e-05
2007-02-13,0.005315941108024146,0.0025853284272528386,-0.0007325028867934182,0.008399971742780794,-0.1158468823011707,0.00020000000000000462
2007-02-14,0.00824414292428635,0.008017687793249467,0.005723017080630649,0.00654562229724256,-0.010695348620980216,-0.0008000000000000007
2007-02-15,-0.0003678588334679295,0.0006025141558484927,0.0015763293218232202,0.0013034315156835873,-0.0009779243127306131,-0.00040000000000000034
2007-02-16,0.00022332659529165493,-0.0007532281767395391,0.001088958593605029,-0.00047968387468848896,-0.01976346956190665,-9.999999999999786e-05
2007-02-20,-0.00030251005156478145,-0.01594934798707457,0.0012113727765131058,0.002124581323176398,0.02171845591790471,-0.00010000000000000675
2007-02-21,-0.0006834093913023712,0.030757753667661307,-0.00012113108634023245,-0.0004106167207760461,-0.003913895668890834,0.00010000000000000675
2007-02-22,-0.0010637279079879903,-0.002973934507727785,-0.0025436996126127643,-0.0007540809028344932,-0.001962660490378132,0.00040000000000000034
2007-02-23,0.0033393417693650938,0.008452629597989566,0.003993691753655284,-0.003915391194677279,0.03854037811865492,-0.0005000000000000071
2007-02-26,0.001898089268337443,0.005595615458346798,0.0031345919772296535,-0.000894541893529784,0.05247404447459005,-0.0004999999999999983
2007-02-27,0.002880487207310668,-0.040301982788906086,0.008391010323094557,-0.03984114993956012,0.49600786582528555,-0.0012999999999999989
2007-02-28,-0.00023813946426285714,0.016225993082467267,-0.003467085529032899,0.010198781047604568,-0.17178195643597113,0.000599999999999996
2007-03-01,-0.004461413760450013,-0.009977462163909176,0.0009005716024793155,-0.0029850009046243037,0.025609569966093183,0.0
2007-03-02,-0.0003819583009357749,-0.03258221712050644,0.003237173510945661,-0.01318113914113168,0.1624241604021227,-0.00040000000000000034
2007-03-05,-0.005945963267554178,-0.012318519369876343,0.0005976730014423539,-0.009565172330496573,0.05335986208464997,-9.999999999999786e-05
2007-03-06,0.003894437852204436,0.019201112459463956,-0.0013163858722880827,0.016965296495934135,-0.20697337112395195,0.00020000000000000462
2007-03-07,0.003079013688115637,0.002335563857059509,0.0017946356332410273,-0.0010024549450364081,-0.04616205917181698,-0.00030000000000000247
2007-03-08,-0.0027768172457007926,0.002795471555182954,-0.00011900672652590368,0.008419735943325568,-0.06436354596771814,9.999999999999786e-05
2007-03-09,-0.0019824983021725544,-0.003573426484667515,-0.0056361792201245695,0.00028385132009082635,-0.014094652532183267,0.0008000000000000007
2007-03-12,0.0054711412153719075,0.0018660049578603111,0.002761940610178291,0.0014905968513596538,-0.00712256442310437,-0.00030000000000000247
2007-03-13,0.00015835570411889548,-0.010149224534042496,0.004427138860849106,-0.019625812330709393,0.25922520615999484,-0.000599999999999996
2007-03-14,0.0034087743743156035,0.0034466179547404147,-0.001314237881973149,0.007423073548144068,-0.048597059812116476,0.00030000000000000247
2007-03-15,0.0036197877463282706,0.0006254052126911442,-0.0010763839965868608,0.0013629418603280958,-0.049861968041400875,9.999999999999786e-05
2007-03-16,0.002633432217415417,0.00995347553336337,-0.0001191944082121952,-0.0028040207147998508,0.02167457499410192,9.999999999999786e-05
2007-03-19,-0.0003861289599613003,0.0018552126010832166,-0.0013187244667220788,0.011983167034368771,-0.14044715262449756,0.00030000000000000247
2007-03-20,0.00022634175857639703,0.008153245714605661,0.0014379188749342874,0.005477555558003843,-0.0948304901528353,-0.00020000000000000462
2007-03-21,0.006224513827090509,0.008391277663042266,0.0014354859891304893,0.01632291318574904,-0.08488997377009501,-0.00029999999999999363
2007-03-22,-0.00486539240890155,-0.0009119556454928486,-0.003352210343326442,-0.0007677803818660732,0.058934307315761755,0.0006999999999999939
2007-03-23,-0.0027829361817312344,-0.009319456241314986,-0.0015595347749335954,0.001465739237887919,0.0015455570310715333,0.00020000000000000462
2007-03-26,0.002622982853071202,0.0105351737556021,0.000839824165688747,-0.0013257893342752,0.01608614088536082,-0.00020000000000000462
2007-03-27,0.002482783509662501,-0.002128621706794342,-0.0002398461002726598,-0.002377340154864879,0.024025157223084573,0.00020000000000000462
2007-03-28,-0.0037485595184143534,0.005313198131411976,-0.00012049944482388512,-0.007306342329472026,0.10550887600531929,0.0
2007-03-29,0.0014924211550835132,-0.006074453180646416,-0.0014407559271315358,0.0010571032203767314,0.010624323155087951,0.00019999999999999573
2007-03-30,0.0018018553959377706,0.0013699117494945744,-0.0012036763464965137,0.00021075234734669302,-0.03358273870166542,0.00010000000000000675
2007-04-02,0.0008285633882327921,0.0016718692763152765,0.0011116616036248598,0.0011262108585123327,-0.0075420727797386134,0.0
2007-04-03,-0.0033768877244499513,-0.00030371572256647657,-0.0008451238188329495,0.010705835849956997,-0.07649313215375368,0.00019999999999999573
2007-04-04,0.0036710770593378008,0.014777044100175683,0.0015689370491558283,0.001112217948931911,-0.016479793828966506,-9.999999999999786e-05
2007-04-05,0.004329092139057655,0.0007481567258945134,-0.002536643737157614,0.002707597617253666,-0.0007555896952792162,0.00019999999999999573
2007-04-09,-0.003505219756541824,-0.004947934715117107,-0.004604741036470816,0.0013855710702135827,-0.006825904341907456,-9.999999999999786e-05
2007-04-10,0.005745739902175573,0.009424931331835548,0.002062613736419449,0.001176523878879188,-0.035635066107957455,-0.00019999999999999573
2007-04-11,0.0005912560467894349,-0.0011919224858818033,-0.0012125458605505982,-0.004088421210076047,0.0619226801763162,9.999999999999786e-05
2007-04-12,0.0037972904237567047,-0.0013426416202099607,0.0009706752964404364,0.004434088608424023,-0.059559565050188217,0.0
2007-04-13,0.002214976977085171,0.012608614870701874,-0.0016989837265467592,0.0045517510759363455,-0.04095315209749252,0.00019999999999999573
2007-04-16,0.000595119701227114,0.008220909434594505,0.0010929341119950762,0.009451776543434121,-0.018197381628560116,-0.00019999999999999573
2007-04-17,0.0031707562070625063,-0.0058651417605689645,0.004235692535228472,0.0026546966068604827,0.013267259434998973,-0.0004999999999999983
2007-04-18,0.003085694759200224,0.005572638868595165,0.002293690101237437,0.0012230471772496413,0.022802268736517736,-0.00030000000000000247
2007-04-19,0.0007626541274699375,-0.012508418534408147,-0.00012002082841954568,-0.00027174081216649044,0.009615449514589024,0.00019999999999999573
2007-04-20,-0.0025988920806359708,0.017177229296498005,-0.0010860958708827089,0.009396822270128192,-0.03820052233713745,0.0
2007-04-23,-0.0003668451842609759,-0.006425180032736332,0.002050295132152148,-0.0037751792410041307,0.07729854374751172,-0.00019999999999999573
2007-04-24,0.0038244163163706326,-0.0077947119837775795,0.0019236955055335926,0.00040522596402585946,0.006116221220186421,-0.00030000000000000247
2007-04-25,0.0002181818381190629,0.0023594765329765753,-0.0006004344048241566,0.009139877060702845,0.006836346628656452,0.00030000000000000247
2007-04-26,-0.003675752970228529,-0.015138262183911516,-0.00289059436749918,0.0011363706756080496,-0.032310508813779434,0.00030000000000000247
2007-04-27,0.0048494114800435644,0.010265578663396079,0.0,-0.0008018905570933029,-0.02694300501754175,0.00019999999999999573
2007-04-30,-0.00021844980700544766,-0.006981108812969409,0.00433257994009827,-0.008327704759070619,0.13292883556284463,-0.0008000000000000007
2007-05-01,-0.003747260473820311,-0.005979893737274426,4.8140975067392154e-05,0.0025592058558198964,-0.0512192742397238,9.999999999999786e-05
2007-05-02,-0.0009516025951878427,-0.00044992543576865114,-0.0012062868674172478,0.005835251047959867,-0.03234582871758576,0.00010000000000000675
2007-05-03,-0.0023616065764961794,0.012374279286040058,-0.0010867781041266828,0.005402487505744617,0.0007642513824551835,0.00029999999999999363
2007-05-04,0.00242950797246619,0.010318555232789657,0.002533956199484427,0.0037838537716371316,-0.013846398539442773,-0.00029999999999999363
2007-05-07,0.0008156844765441158,0.0008794717295128392,0.0008439145151000988,0.00019861432466617316,0.01841953657547352,-0.00010000000000000675
2007-05-08,-0.004356118412528027,-0.005436034161360725,0.0,-0.0013258477408658955,0.004552391807300028,-9.999999999999786e-05
2007-05-09,-0.001028613929169563,-0.006354862494686028,-0.003257658509975126,0.002716048357817188,-0.025298391860596483,0.00040000000000000034
2007-05-10,-0.0032546969872818657,-0.02173179538259684,0.002534241545990911,-0.010507757453020168,0.05439409122987865,-0.00019999999999999573
2007-05-11,0.002808412138111633,0.006794997207202193,-0.0020507310465503136,0.00852058970144667,-0.048974047374264924,0.00019999999999999573
2007-05-14,0.0016237566728037366,-0.002561565092633459,-0.0014494585433032952,-0.0021894615375469663,0.07510032664983178,0.00020000000000000462
2007-05-15,0.003908054717428495,0.003915110208388489,-0.00012114196507082359,0.00026628818722913356,0.0035752766191312606,0.00019999999999999573
2007-05-16,-0.005315475432871865,-0.014227611659689022,-0.0006049679690954945,0.006817224156130347,-0.03708169124156504,0.0
2007-05-17,-0.0019994951675517837,-0.008265789169946459,-0.0026652657806113325,-0.0019811790595248404,0.0007404834693842061,0.0004999999999999983
2007-05-18,0.0011883908784634518,0.007045504789815029,-0.0029166074266312584,0.00868606135529172,-0.05711487305967647,0.0004999999999999983
2007-05-21,-0.0034802681974606445,0.00228678401065233,0.0013379335246903605,-0.0005235730330831464,0.04144875371458355,-0.00019999999999999573
2007-05-22,-0.0010363797099100915,-0.007182750193709896,-0.0027994334276523866,-0.0007874737849053295,-0.01820989359047499,0.00040000000000000034
2007-05-23,0.00044405383243243854,0.005201235113149631,-0.0019508501036267951,0.00013103986335995132,0.013688377243514108,0.00030000000000000247
2007-05-24,-0.0020838521647750805,-0.012126956660007309,0.0013410868274244924,-0.009093398083094006,0.0615128120895781,0.0
2007-05-25,0.0014918842769631976,0.0029301036898510342,-0.0010978995512297652,0.004161147327847918,-0.053988293385442206,0.0
2007-05-29,-0.00045719513623861867,0.0019998045474331656,-0.002077096474744007,0.003619441393040351,0.014142370520792404,0.00019999999999999573
2007-05-30,-0.001034912072294042,-0.005393317205398538,0.000978438649370791,0.008112013651344067,-0.05312324976562474,0.0
2007-05-31,0.0017881354745269262,0.01259036562812169,-0.00036681165993262833,-0.0010426084537033086,0.017001975703382757,0.00020000000000000462
2007-06-01,-0.0010490313377885293,0.013638664251469168,-0.004317949609362278,0.004944724383817438,-0.020906720329285047,0.0004999999999999983
2007-06-04,0.0037168598859442527,0.0015039628582593058,0.0016018124031738723,0.00012934682089149176,0.03913044179968671,-0.00020000000000000462
2007-06-05,0.0020799338177413472,-0.002558095808665873,-0.003205216989729937,-0.003965792984325658,0.025261384249890988,0.0005000000000000071
2007-06-06,-0.002012432460841141,0.0006025141558484927,0.0004941611339522791,-0.010808269755205649,0.0870724986712763,-0.00010000000000000675
2007-06-07,-0.004818869443093122,-0.017468378797244048,-0.010047076829642869,-0.018210288380275066,0.13739075798289604,0.0014000000000000056
2007-06-08,-0.005076310705902944,-0.016064616229808024,0.0018688472561271745,0.012927618487948857,-0.13941026273742851,9.999999999999786e-05
2007-06-11,-0.00030725973420890894,0.007446446669522527,-0.002617593149390864,0.0017200111910503954,-0.008798710814823049,0.00019999999999999573
2007-06-12,-0.003745923237829175,-0.009316814217075012,-0.007135944731525877,-0.010965721801329098,0.12508316413280984,0.001200000000000001
2007-06-13,0.000306084047586499,0.0066858729089560335,0.0032617354595037788,0.014857591399625636,-0.12372450194184903,-0.000599999999999996
2007-06-14,0.0004393001998877837,0.0010841741372225324,0.000251096201750229,0.006366458655212937,-0.0768795218119693,0.00030000000000000247
2007-06-15,0.0047249863218787646,0.003862500064954589,0.004371858963535285,0.005673000288416157,0.021755697645143394,-0.0007000000000000028
2007-06-18,0.0027598583267902125,0.0015408088972500085,-0.0004978607849420263,-0.0011764947911100038,-0.03801623800212062,-9.999999999999786e-05
2007-06-19,0.0006038622315252051,0.008127107639137423,0.004850992174249638,0.002482011668759325,-0.04340229620103979,-0.0006000000000000049
2007-06-20,-0.0020918888029170667,-0.011829068848465286,-0.0032314039770937595,-0.013994152522809928,0.13246075632797966,0.0004999999999999983
2007-06-21,-0.00014737588191894604,-0.0023207487754052505,-0.0012467199515521807,0.005542071500634369,-0.03185865256204281,0.00020000000000000462
2007-06-22,0.005722156959942775,0.00340190875374527,0.002987870165619694,-0.009453389767365487,0.10289442047811687,-0.00020000000000000462
2007-06-25,-0.0002155056929058223,-0.005417527012256908,0.0032266217556720547,-0.004793910890193684,0.05556982824371573,-0.0004999999999999983
2007-06-26,-0.0014131328376477863,-0.012651498355086123,0.00024796831746981963,-0.010331843876115828,0.1262224556872308,9.999999999999786e-05
2007-06-27,0.0004439781614408838,0.0007855957384052849,-0.00012412739682261313,0.014128758294914221,-0.19585902923637882,-9.999999999999786e-05
2007-06-28,-0.0005918373940478888,0.009223921660842944,-0.0006195090436263878,-0.00013303670139119776,0.000643722518531334,0.00030000000000000247
2007-06-29,0.006597241793516568,0.00015552022019765682,0.005192902941578049,0.0003324150991834474,0.04344401083697242,-0.0008999999999999986
2007-07-02,0.0072817671387979425,0.011601956095053004,0.001521553510324791,0.009000096280262772,-0.05249386867289213,-0.00030000000000000247
2007-07-03,-0.0016893359222049837,-0.004315647745486389,-0.002971324609354367,0.003617149939701026,-0.031664884759671726,0.0004999999999999983
2007-07-05,-0.0011837684252300237,-0.004955100021671941,-0.005594433268232374,-0.0010506551507331926,0.036846238701134036,0.001100000000000003
2007-07-06,0.002273607244147827,0.00834756628035994,-0.0023709168874473524,0.005242553829581084,-0.05034170714900985,0.00030000000000000247
2007-07-09,-0.00043609050675609226,0.006444677526836182,0.003616907374889725,0.0007839756298701983,0.02945323870778714,-0.00030000000000000247
2007-07-10,0.009940263148137809,0.0035117733729580895,0.006825371941295719,-0.01434088646670484,0.1475325146808049,-0.0012999999999999989
2007-07-11,-0.00044028507718104655,-0.0025944030574640994,-0.003468231469682441,0.007065162071642672,-0.05438348611658573,0.000599999999999996
2007-07-12,0.002465126504058409,0.008823945975780085,-0.002859359890412874,0.01566693417716355,-0.06839205622853918,0.00040000000000000034
2007-07-13,-0.00022066750106031912,0.00015149014155740927,0.0022386090074941905,0.002974601336088025,-0.025416835708883447,-0.00019999999999999573
2007-07-16,-0.0005787917497040263,-0.0031854268407077637,0.003965758063602181,-0.00012879514460105158,0.028629186081376407,-0.0006000000000000049
2007-07-17,0.0009510966933654294,-0.001064067820799445,-0.0021055627114787237,-0.0005172990995764812,0.002562458898026726,0.00030000000000000247
2007-07-18,0.001228072762420278,0.013145202935248576,0.0035889483177997845,-0.0018102818117853448,0.023396570484520277,-0.0006000000000000049
2007-07-19,-0.0006487943293982995,0.005837019871235102,-0.00012403111015908957,0.003876343555220489,-0.04932158538941984,0.00020000000000000462
2007-07-20,0.0025974811527189954,0.008470214516410005,0.0049293716596247195,-0.010175902009135793,0.10700074198727402,-0.0008000000000000007
2007-07-23,-0.0021005699083487366,-0.0016290356489017837,-0.0003704298005166041,0.003057076718410255,-0.008293963187344683,9.999999999999786e-05
2007-07-24,0.001450538454918856,0.0,0.0027021928718874615,-0.01749304242051635,0.09849583227434104,-0.00029999999999999363
2007-07-25,-0.007176983869525978,-0.008484082789328835,0.0013476944181508724,0.0020467853403135306,-0.024557788577176456,-0.00020000000000000462
2007-07-26,0.0017447446360917636,-0.018861365951098222,0.007927649346511615,-0.023964169022126218,0.1361522324181574,-0.0012999999999999989
2007-07-27,-0.008325252356067583,-0.003662416031323392,0.0019434003105986903,-0.019855741818806324,0.15304800610633423,9.999999999999786e-05
2007-07-30,0.005551602663971917,0.005488548312644498,-0.0025496994988028552,0.01552270731824552,-0.14679943657040925,0.00020000000000000462
2007-07-31,-0.002916328418624026,0.00030410874105093354,0.004124448443401838,-0.01132722526365579,0.11953838119162932,-0.00040000000000000034
2007-08-01,0.00036919018966253387,0.0021257127401822437,-0.0027746773976604694,0.004860253274033231,0.006357284255959314,-0.00020000000000000462
2007-08-02,0.002190715266523799,-0.0006069020914542221,0.0007306266991378451,0.007958710634599245,-0.10926432592170227,9.999999999999786e-05
2007-08-03,0.005814949717205861,0.012068377589956174,0.006433910700964333,-0.02608246789629555,0.170311324940114,-0.000599999999999996
2007-08-06,0.0007172283245640309,-0.002552449392796444,-0.004001846977875115,0.01662053281281432,-0.09237329078568536,9.999999999999786e-05
2007-08-07,-0.004061829637418618,-0.0006014028171162535,-0.00012058152621912587,0.010612874366579974,-0.06204241371181822,0.0004999999999999983
2007-08-08,0.0045034236919898685,0.004352626551117794,-0.006950907218555127,0.013844416002820607,-0.005115040327736394,0.0007000000000000028
2007-08-09,-0.009383369748191803,-0.019814572506723634,0.005612666263811607,-0.030081600243404557,0.21066503283936144,-0.0004999999999999983
2007-08-10,0.0010945427312621665,0.016814765941351804,-0.001460511877293453,-0.0046884404268785615,0.06647206390854077,0.00019999999999999573
2007-08-13,-0.0055695850626722,-0.004667591916457224,0.0015828725201453557,0.0035872364252612036,-0.06307902940420576,-0.00029999999999999363
2007-08-14,-0.0057552514679918,0.0004526409523711157,0.003642628710950501,-0.015403908543259476,0.04092739348861087,-0.0004999999999999983
2007-08-15,-0.007927119607856283,-0.002416609910743651,0.0018164968880668747,-0.013871050580412802,0.10257483883913043,-0.00040000000000000034
2007-08-16,-0.0002282700527195141,-0.0221704207263521,0.0038648606863416527,0.007487213767916657,0.005203258809657243,-0.0009000000000000075
2007-08-17,0.005128152778545628,0.005089097649259215,0.0007226010250897251,0.018200508930494505,-0.027624254294413886,0.0008000000000000007
2007-08-20,-0.0014159826082836004,0.0016906267951208541,0.002165111256779512,-0.0004836489963271121,-0.13015501451836653,-0.00040000000000000034
2007-08-21,-0.0014810707618207813,-0.0007681550545950952,0.004316643883275072,0.0020033377265875306,-0.041882814889243905,-0.00040000000000000034
2007-08-22,0.007034744555211308,0.0050586729777030584,-0.003234936629030155,0.011797548522325719,-0.0981260484214443,0.00030000000000000247
2007-08-23,0.0005149764814417804,-0.0013771552618831308,0.00036004326856864524,-0.0008865961830626239,-0.011865599510562822,-9.999999999999786e-05
2007-08-24,0.00808540311765737,0.012174904045098961,0.0003595511523446583,0.012277506252573778,-0.08773512353734217,9.999999999999786e-05
2007-08-27,-0.00212975292522103,-0.001968313899368514,0.0027547066886124093,-0.00934751285669365,0.09214617937885698,-0.00030000000000000247
2007-08-28,-0.0028598645250534544,-0.005928527206188511,0.00513166323639375,-0.02222510554158321,0.14632334654373727,-0.0006999999999999939
2007-08-29,0.005509077347500566,0.007291591950524386,-0.0038166150397501777,0.019431506084603336,-0.0994632721058139,0.00040000000000000034
2007-08-30,-0.002349178582383144,-0.00409489671224921,0.005005598627730153,-0.0026648153065657143,0.05116729008796435,-0.0006000000000000049
2007-08-31,0.0,0.010882719149130153,0.00023779957200373622,0.009804468339494036,-0.06939200800819731,0.00030000000000000247
2007-09-04,0.00044927744302697756,0.013735746035060996,-0.0018635348653831846,0.010045205887884568,-0.02599793198705937,0.00019999999999999573
2007-09-05,0.0024820048252687404,0.0017777059079792377,0.006198229686476316,-0.00869066390688539,0.07605011287247772,-0.0007999999999999918
2007-09-06,0.0030768737367854316,0.019059410971297826,-0.002140771661910734,0.0022978195129849666,-0.024296033723100473,0.00029999999999999363
2007-09-07,0.0057550817696605805,0.0076672893414621345,0.010657470500045042,-0.014004638647061207,0.08926670911598462,-0.0012999999999999989
2007-09-10,0.0,0.0033091657188421245,0.0022369122072489365,-0.0019185502288531723,0.04290901278210365,-0.00040000000000000034
2007-09-11,0.00470835640824636,0.012844388092752193,-0.0021190551546693627,0.011593087228001508,-0.08019484969396437,0.00030000000000000247
2007-09-12,0.00489750997095469,-0.0008511500075774832,-0.002476071574770079,0.002572987173581068,-0.0123434326935637,0.00040000000000000034
2007-09-13,-0.0029580294153666847,-0.005407687163316696,-0.005921268924580028,0.007008849278187302,-0.008045049761033424,0.0008000000000000007
2007-09-14,0.0008045814224107345,-0.001285128576689731,0.0013056436257667457,-6.725418904459213e-05,0.006441239920395755,-0.00020000000000000462
2007-09-17,-0.0009431691687932653,0.01390492555765156,0.0005929826751674873,-0.005386882126183679,0.06071901680085249,0.00010000000000000675
2007-09-18,0.008255959021026103,0.010233435305542457,-0.0010672077245156186,0.02901412847849269,-0.26330878314761463,0.00019999999999999573
2007-09-19,-0.0007826730666743821,-0.0037727516034467587,-0.003567423667475031,0.005886030234809839,-0.015849746675464512,0.00030000000000000247
2007-09-20,0.007839351228417807,0.01789851321631325,-0.011379074824872193,-0.007067305960708854,0.020751735837782278,0.0016000000000000014
2007-09-21,0.0009296893624302651,-0.00523929075519364,0.005046885243348736,0.0026948712831692196,-0.07354394062992235,-0.0005000000000000071
2007-09-24,-0.0012815633235391103,-0.0008297270648809739,0.0013176015331435582,-0.0018443452421017144,0.019286541578916284,-9.999999999999786e-05
2007-09-25,0.00553221182547798,0.0006915573409805822,0.000119905528422677,-0.001979349349287762,-0.04056391951707634,0.0
2007-09-26,-0.001343515502836976,-0.004572887160420416,0.0003593422318087175,0.0052702892008500745,-0.05355965242107779,0.0
2007-09-27,0.0013435155028370047,0.009675223546006088,0.003224046581232053,0.005896817002086721,-0.03638860475098656,-0.0004999999999999983
2007-09-28,0.007942515909544388,0.011080137884340773,0.0003585594991449304,-0.0033373038192871427,0.05715841383994862,9.999999999999786e-05
2007-10-01,-0.0020235582804168785,0.0052913681556413985,0.0011947724519992956,0.011209344920413053,-0.00892862219116849,-0.00030000000000000247
2007-10-02,-0.005918957629127547,-0.02119741661479163,0.0021492458203459103,-0.0013616247033429868,0.035786897315354844,-0.00019999999999999573
2007-10-03,-0.0036868239894071414,-0.006239146038013328,-0.0007148522699826177,-0.002013791189404884,0.016626796233665718,9.999999999999786e-05
2007-10-04,0.0024846652860422962,0.013400783424484728,0.0017883170727873853,0.001559434236973942,-0.01933458216365976,-9.999999999999786e-05
2007-10-05,-0.00014135679947215534,0.00724688703528734,-0.008855143645103274,0.011811622186250804,-0.08661709320339823,0.001100000000000003
2007-10-08,-0.005960532199119793,-0.011923703864010008,0.003599600534992971,-0.005340248628818002,0.03200734408879464,0.0
2007-10-09,0.004110848232382134,0.007691255843188692,-0.003118515405251811,0.009374490466288497,-0.07985170883564738,0.00019999999999999573
2007-10-10,0.002415159913789221,0.003687327879970425,0.0009604686811112062,-0.0016626335459074318,0.03354991219931795,-0.00019999999999999573
2007-10-11,0.004294031785872975,0.007469350076860184,0.00012056956790492735,-0.00481289347133468,0.12449241492700806,9.999999999999786e-05
2007-10-12,-0.0008376405831204329,0.009158214525531264,-0.0033665053759120316,0.005516121614264838,-0.06284502199890996,0.00040000000000000034
2007-10-15,0.0009796550042017666,0.007346631152413257,0.0009630981578485798,-0.008479106219692178,0.08225296646627113,-9.999999999999786e-05
2007-10-16,-0.0019015764632828417,-0.0002661605603641906,0.0027631579842546895,-0.00796678663802557,0.03922073601859925,-0.00030000000000000247
2007-10-17,0.0028252689716715884,-0.008287746077086587,0.006098404358792048,0.0030518949686453717,-0.07680118723349032,-0.0008999999999999986
2007-10-18,0.005460015257666824,0.01993421490081733,0.003808233819403444,-0.0036370744763681577,-0.0021598774346231523,-0.0005000000000000071
2007-10-19,0.00014292513915757575,-0.003955220156770456,0.00851585049681566,-0.02650523922288691,0.21598279949220134,-0.0010999999999999942
2007-10-22,-0.008215492747765838,-0.014637633373986493,-0.0018856271159166575,0.005795912258852827,-0.05921010580298576,9.999999999999786e-05
2007-10-23,0.0054884730270725116,0.008409645438828075,-0.0002361217105133424,0.008071812811394305,-0.05851845642787523,-9.999999999999786e-05
2007-10-24,0.0003565272379224033,0.0038473451919205023,0.00506190549653228,-0.00184689946039871,0.018927980681870578,-0.0004999999999999983
2007-10-25,0.0044027541379229535,0.0067305057984769715,-0.0008219837778243885,0.002374090475338685,0.017632138723154382,9.999999999999786e-05
2007-10-26,0.004666836661072209,0.02159859720250343,-0.0024714969950063604,0.011654084358164615,-0.07909845144753282,0.00040000000000000034
2007-10-29,0.0017286203443797165,0.005519560779674641,0.0008248642422531774,0.0033148190483262762,0.015724461496818033,-0.00020000000000000462
2007-10-30,0.0015294238140221845,-0.00990558387484408,0.001058936403574246,-0.006966838995357461,0.05863911453226722,0.00010000000000000675
2007-10-31,0.002211837484761853,0.016285597636482487,-0.006726039904488331,0.010335505679740566,-0.12845913597904662,0.0008000000000000007
2007-11-01,-0.003106636625978278,-0.008815163157122153,0.008128606492542819,-0.023687026168527952,0.2251921034878112,-0.001200000000000001
2007-11-02,0.00420710309124672,0.024088404823137864,0.002707304234980474,0.001125759143559808,-0.008654266846627751,-0.0005000000000000071
2007-11-05,-0.0006807023299797544,-0.0010026549296778963,-0.0011765949581509319,-0.007635520216151015,0.054958852365058646,0.00040000000000000034
2007-11-06,0.0059245733203781474,0.020847017561792937,-0.0017663298293709628,0.013372382676284322,-0.1279642717995135,0.00030000000000000247
2007-11-07,0.0041008517282169,0.009898016504542712,0.0036474036145174482,-0.027736360112564033,0.21384380008378837,-0.00040000000000000034
2007-11-08,0.0038975245587246927,-0.00012153592477733841,0.0022286199638778797,-0.005084130203964728,-0.012535773887539911,-0.000599999999999996
2007-11-09,-0.0004108722256162473,-0.0006082726377443839,0.005958734093848359,-0.013821723964956612,0.0856725665184774,-0.0004999999999999983
2007-11-12,-0.01035094150447523,-0.04836432519681577,0.0017454280859377736,-0.009970500060310316,0.0869821417039987,0.0
2007-11-13,0.006659580270824283,0.010418080056634612,-0.005129135023275116,0.030024902587913658,-0.25467437265337506,0.00029999999999999363
2007-11-14,0.001990444458030221,0.014554786693980836,0.0007012387464699532,-0.002773180207922335,0.07357434315125785,0.00020000000000000462
2007-11-15,-0.0019904444580301594,-0.02945295236897934,0.005590403259253878,-0.014528177908537785,0.07855885616512637,-0.001100000000000003
2007-11-16,0.0008923087357443026,-0.0025690052942447775,0.0,0.0017157251981014675,-0.0960588462328682,-0.00019999999999999573
2007-11-19,0.002388173919256924,-0.006581121156079224,0.007175026550824153,-0.014022068589511587,0.020194878851578744,-0.0008000000000000007
2007-11-20,0.0111220140116236,0.02846217740937644,-0.002655728416177182,0.006102674540657851,-0.04441685412059105,-0.00010000000000000675
2007-11-21,0.0016776262589660075,-0.0013851366451013488,0.007831554433962546,-0.02067698648294019,0.07582908364884168,-0.000599999999999996
2007-11-23,-0.0037070439225824862,0.023536350542307537,-0.002986615813305212,0.01714444245781334,-0.046910393744592015,9.999999999999786e-05
2007-11-26,0.0,0.0006152328809138596,0.013598867970158066,-0.02230984377877017,0.12120462670624148,-0.0017999999999999971
2007-11-27,0.0024895732020006676,-0.014870219066121595,-0.009351727663629348,0.011427456692444257,-0.09537933100575025,0.001200000000000001
2007-11-28,0.00020774051180167774,-0.006638701470507684,-0.0035577529327008653,0.031483337715950716,-0.08618150223610692,0.0008000000000000007
2007-11-29,-0.005476143340527102,-0.01634500662031746,0.005618542662027714,0.00034048802517275007,-0.0058236977081105685,-0.000900000000000003
2007-11-30,-0.004344673585207022,-0.012339476540602861,0.0013714132395152543,0.010004696020360661,-0.04697697506974654,0.00030000000000000247
2007-12-03,-0.0017619557634471063,0.012339476540602936,0.003943805681139396,-0.0066135224094580666,0.03184433221831257,-0.0008000000000000007
2007-12-04,0.00652006317598136,0.014206260536894314,0.000912762864013491,-0.008978789097120049,0.007594985849749132,0.0
2007-12-05,-0.011378693278526978,-0.009745116397743728,-0.0037692844126251826,0.016601047531309334,-0.054417577877475844,0.000299999999999998
2007-12-06,0.0041107566498157526,0.009367226634607144,-0.005278379738252653,0.014212123528436255,-0.07223196914799401,0.0009999999999999966
2007-12-07,-0.00020519392829726832,-0.009748817685628595,-0.0064638761422946564,-0.00019854925321383454,-0.0052618492323803735,0.0010000000000000052
2007-12-10,0.003597188534872544,0.017654954651938483,-0.0023182410209900985,0.00772269101854736,-0.005289774775107627,0.00030000000000000247
2007-12-11,-0.0029962023253582567,-0.01460619883925386,0.013602768936346299,-0.02780211336000194,0.12875870812230022,-0.0017000000000000038
2007-12-12,0.003481628824519075,0.020712490730692895,-0.008393077404045327,0.009821685107115495,-0.0486418442489984,0.0006999999999999984
2007-12-13,-0.005869084003516574,-0.025034301776957927,-0.00741663195759001,-0.002077060408789963,0.0039973473181765485,0.0012999999999999989
2007-12-14,-0.013268676781390409,0.00025470186730374784,-0.002912936947800657,-0.012760588929651661,0.03098659402894699,0.0006000000000000049
2007-12-17,-0.00167338966241109,-0.004979255801014288,0.005932712499810604,-0.014371975380568383,0.05232413275096378,-0.00040000000000000034
2007-12-18,0.0,0.01423334190273785,0.001968671869697129,0.005568249745111568,-0.0797709033610113,-0.0006000000000000049
2007-12-19,-0.0020157655751713633,-0.00012621788603144562,0.007954423098092599,0.0,-0.04332803572817171,-0.0008000000000000007
2007-12-20,-0.003546524750527479,-0.007219329805340328,-0.001608615955171784,0.006286240316715189,-0.05207046394910446,-0.00019999999999999573
2007-12-21,0.003834231201776903,0.01801396995862084,-0.00727227778119617,0.014312647854641005,-0.10817196966382614,0.0013999999999999967
2007-12-24,0.0006189676888680295,0.0004992625672929884,-0.002900488653288558,0.007398225255859844,0.007013844193392012,0.0005000000000000071
2007-12-26,0.006368857065757975,0.017073250143272604,-0.004773737375230405,0.002142485413686544,0.0032205860136454933,0.0006999999999999939
2007-12-27,0.008657710207985734,0.0004905680371817453,0.006690049307080922,-0.012651373049907419,0.08226632287583927,-0.0008999999999999986
2007-12-28,0.007098151091698471,0.01750169202421168,0.007999589415240501,-0.0025088177232916982,0.023415681647847488,-0.0009999999999999966
2007-12-31,-0.007974705688657017,-0.006527291620528274,0.004606958746285057,-0.007427129469199046,0.08145111744476151,-0.0007000000000000028
2008-01-02,0.0066008428157930225,0.028689530790562096,0.0071002352973207235,-0.008792683294300302,0.029343032526700372,-0.0012999999999999989
2008-01-03,0.0019001900849274437,0.008331903896944106,0.0020518465133765582,-0.0004834059359732205,-0.029787585942899743,0.0
2008-01-04,0.0006785673760695462,-0.005155283230996526,0.0026162200968579295,-0.024811154978788455,0.06247996664382297,-0.00030000000000000247
2008-01-07,-0.004886721899964419,-0.004237800612756689,0.0018162344872117895,-0.0008494103462716821,-0.006285359639427327,-0.00020000000000000017
2008-01-08,0.05871945893296162,0.023434499283740494,0.0021522131735029425,-0.01628087499890852,0.06666422863607817,0.0
2008-01-09,-0.06001070511602003,-0.0026538494212900304,-0.001585933592916368,0.010455607334585549,-0.052888184781576836,-0.00040000000000000034
2008-01-10,0.009296151102222712,0.019451378931132805,-0.002723404505771719,0.006532756427663595,-0.028170879226052582,0.000900000000000003
2008-01-11,-0.0007398044182470798,0.003732423352843317,0.0063430219833751,-0.0081015093008948,0.009760295476276335,-0.000900000000000003
2008-01-14,0.00532368410132199,0.010779343871355922,0.0004524030749324101,0.008030427523170219,-0.033493929001168314,-9.999999999999786e-05
2008-01-15,-0.004509945441508732,-0.017462315658241516,0.006523873022964199,-0.022258586100177797,0.01903173949389577,-0.0008999999999999986
2008-01-16,-0.009370085343788819,-0.014769298791920495,-0.0019092541857026605,-0.008649848310082506,0.043594456234074916,0.00020000000000000017
2008-01-17,-0.0016410373246401988,-0.002309434649609837,0.008056257723248554,-0.026257990903061242,0.15473647086269213,-0.0008000000000000007
2008-01-18,-0.001506803123841998,0.010579654551845074,-0.0014498576855454357,-0.010320846783148636,-0.04601814054183872,0.0
2008-01-22,0.015681521806396714,0.008542679841935765,0.011097551499613246,-0.010198380565909689,0.1318283205423105,-0.0014000000000000013
2008-01-23,-0.0010833873338453707,-0.003180722699554567,-0.00464610788166208,0.023736646172618135,-0.0663244772631446,-0.00010000000000000231
2008-01-24,0.009659835743934735,0.024612159086303445,-0.009132464244524144,0.008406188898707603,-0.04366890118665891,0.0017000000000000038
2008-01-25,-0.006729052981029263,0.0024393095003429448,0.009244457210798631,-0.014551024764821258,0.04573428799827207,-0.0007000000000000028
2008-01-28,0.007674994959570421,0.015929992715973132,-0.0036662825289305767,0.016401152788316702,-0.04573428799827203,0.0
2008-01-29,-0.0010936926165645777,-0.0065609690697016314,-0.004013030014837096,0.004942344046667199,-0.016697338511285627,0.0008000000000000007
2008-01-30,0.003996334044014725,0.00993399400438819,-0.0004463941313778339,-0.007385287384628493,0.010921154833961952,0.0008999999999999986
2008-01-31,0.0022866311865930326,-0.007195016714744456,0.0051273815089223265,0.018069909807061014,-0.052780738479257426,-0.0010999999999999988
2008-02-01,-0.004390326777096091,-0.022684270626732738,0.0032414817503920593,0.01595998568221039,-0.08687260417743486,-0.0004999999999999983
2008-02-04,0.0018961379014617878,-0.0028019071765902166,-0.005575465991564013,-0.01268918698003274,0.0788250041374219,0.0006000000000000005
2008-02-05,-0.012891063796714643,-0.01606549067103019,0.007019174108499918,-0.027138910942888516,0.08302756467329618,-0.0007000000000000028
2008-02-06,-0.0014335183768834543,0.014380553122886813,-0.0017770108161744705,-0.008084442570937937,0.025521383559147754,0.0
2008-02-07,-0.009499692069245143,0.010067216443898174,-0.011298072443124384,0.006591992128441157,-0.04627346735925022,0.0013000000000000034
2008-02-08,0.07271671061074682,0.012717910269796405,0.008401970348316683,-0.006441843810526735,0.01257427672339223,-0.0010000000000000009
2008-02-11,-0.07112277799298591,0.003619834235512913,0.002227780452084174,0.005097026873752089,-0.014745810898979023,-0.00020000000000000017
2008-02-12,0.005496916684268352,-0.022141942540969774,-0.0021172467812214687,0.009228285127387223,-0.04710681593385842,0.00040000000000000034
2008-02-13,-0.001777463168810088,0.0012306384919769915,-0.004246929126555458,0.01017105356581014,-0.056644736470880516,0.00040000000000000034
2008-02-14,0.006029861134033083,0.0030141986624117353,-0.005503651852420382,-0.008838423589540071,0.026181652311463136,0.0014999999999999992
2008-02-15,0.0021842987897274495,-0.006261873940772848,0.00213703910960035,-0.00022165230022618319,-0.020570363116520326,-0.000900000000000003
2008-02-19,0.005435273627407993,0.026892565797985494,-0.007218512465788316,0.0028078088523554347,0.022526132799815975,0.0013000000000000034
2008-02-20,-0.00047120450446771757,0.01796386403346683,-0.0009060140126611986,0.0029471041009230003,-0.047618539469340096,0.00040000000000000034
2008-02-21,0.006232492481184052,0.00010726726746366402,0.010258335373672501,-0.008348429842659107,0.02908125834381926,-0.0016000000000000014
2008-02-22,0.0007410500929176951,0.0015002080621885686,-0.0028077883943925883,0.00613871948124923,-0.04311368665934607,0.00020000000000000017
2008-02-25,0.000667303504610822,-0.006984410657417083,-0.006656651409891888,0.012529919211432034,-0.043752944701767674,0.001200000000000001
2008-02-26,0.010739323515435691,0.010405041437242388,0.0024868244436183017,0.007472466561220842,-0.050311124244110265,-0.00030000000000000247
2008-02-27,0.008100639987673944,0.011353506294170987,0.0023688135062185,-0.0010126023766800767,0.035437702925139966,-0.000299999999999998
2008-02-28,0.00513818960509774,0.012685593460616476,0.01164842864646791,-0.009814944166790619,0.03635190959208904,-0.0014000000000000013
2008-02-29,-0.0002582843624746663,0.0019774419017554957,0.010634081938475821,-0.0225359944509668,0.12037683147921757,-0.0018000000000000017
2008-03-03,0.0005318737629685603,0.010960688456801523,-0.0025459817700932775,-0.002393907867693536,-0.009844843655719951,0.00010000000000000231
2008-03-04,0.0006538640224066449,-0.021412288580017112,-0.0037736677084427394,-0.0038277201139525823,-0.029345743330435933,0.0008999999999999986
2008-03-05,0.004390105590546174,0.02633641998211893,-0.004346584248006996,0.006296592316740295,-0.03671601796882043,0.0007000000000000028
2008-03-06,0.007052188261370356,-0.012563250536444711,0.008010452842967204,-0.0209152903256619,0.11325604946080463,-0.0008000000000000007
2008-03-07,-0.003194945445012618,-0.004257794167007869,0.0034300963775197734,-0.010354015342984454,-0.002180214054870182,-0.0006000000000000005
2008-03-10,0.00032206790253123594,-0.002292078440002394,0.007151679959925761,-0.013270826721344615,0.06649184832979445,-0.0010000000000000009
2008-03-11,6.138630958228054e-05,0.001250861382796276,-0.010914253596115692,0.035306665277967865,-0.10846640939217932,0.0014000000000000013
2008-03-12,0.012831057854317375,0.0105700908731901,0.01146226517031399,-0.009395480724374124,0.032104239208781866,-0.0010999999999999988
2008-03-13,0.005266292446049868,0.013616736750610736,-0.005274090310722169,0.002205170551239749,0.002568396270787515,0.0006999999999999984
2008-03-14,-0.00026551166577569495,0.0037554244103494877,0.010302578873088764,-0.0156169451018619,0.1326148478372965,-0.001200000000000001
2008-03-17,0.008296214580660608,0.0046492815793607095,0.005003393316937869,-0.010158640407270889,0.034072753594419615,-0.0010000000000000009
2008-03-18,-0.0057315856944794,-0.027292522389297066,-0.006857635279843751,0.04070340461751513,-0.2232211143074833,0.0014000000000000013
2008-03-19,-0.0012205477372256625,-0.03651349029438361,0.008592349999767688,-0.025081548647060543,0.14586292505652712,-0.0010000000000000009
2008-03-20,-0.012665235872254469,-0.03422030732304092,0.0021629590983482023,0.018353094635171728,-0.11418693595570656,-0.00040000000000000034
2008-03-24,-0.016841680915764372,0.002110936951383417,-0.01777182861266306,0.01979067043943535,-0.03400523599078442,0.002200000000000002
2008-03-25,0.0114096023366153,0.0287719333343951,0.0035135408047125877,0.000964721868609135,-0.0003887358301344384,-0.0005000000000000026
2008-03-26,0.01348564241189417,0.011472807533615594,0.0007676488590115132,-0.012310829820813248,0.013899861460600679,0.0
2008-03-27,-0.0006327823746180622,-0.003631361070556743,-0.00131635820933582,-0.0031589806312204978,-0.007698296928246209,0.0005000000000000026
2008-03-28,-0.0033627094019841493,-0.017050179548599685,0.003941503366660249,-0.00961058047589758,-0.006590451536803154,-0.0008999999999999986
2008-03-31,-0.00018910765675342382,-0.016128426672900355,0.001746640540804342,0.0034920580614298735,-0.0038970616240395746,-0.00020000000000000017
2008-04-01,0.0,-0.04005728712133439,-0.008781976297158567,0.03455514599559974,-0.12149943172870822,0.0011999999999999966
2008-04-02,-0.005092554441072868,0.027367813453476903,-0.0033180123463748116,0.0006589304684821792,0.03253377322943205,0.00030000000000000247
2008-04-03,-0.0006895841729453946,0.0016789027418238158,0.0,0.0024842353856199227,-0.009434084703743819,9.999999999999786e-05
2008-04-04,0.004443596055149054,0.009239246884171022,0.007614162568720484,-0.001095291764181193,-0.033292532668758965,-0.0010999999999999988
2008-04-07,-0.002028030116645547,0.010142278299860375,-0.006617699954287837,0.0005113527246351038,-0.0013372271252474793,0.0006999999999999984
2008-04-08,-0.008117764125219978,-0.00903487536314589,0.00011102534716183902,-0.0010229670646623044,-0.0026797454634757867,0.00010000000000000231
2008-04-09,0.015668936234090117,0.02124480304789454,0.00595664294543331,-0.007261990573306048,0.01992533729950636,-0.0008999999999999986
2008-04-10,-0.005192616882220931,-0.005650392946536727,-0.003967431561611683,0.0013976773928878147,-0.03706608473388331,0.000599999999999996
2008-04-11,0.005066047230019034,-0.005134589224534969,0.004297486861475083,-0.019599495526782154,0.0651638760511902,-0.000599999999999996
2008-04-14,0.00018984847135591283,-0.0020832466016985616,-0.002532240387648655,-0.0033796585064257215,0.015228746915115672,0.0003999999999999959
2008-04-15,-0.002465635310064624,0.00601854460933773,-0.004529681275803793,0.0023294592656198892,-0.04464256295390087,0.0007000000000000028
2008-04-16,0.010840409753311304,0.017412357713036033,-0.006777688297533732,0.026733336581842074,-0.10399572368470823,0.001200000000000001
2008-04-17,-0.003520512894285333,-0.007641420238254107,-0.0023429743923511197,0.0014606525415425777,-0.007823993038605991,0.000299999999999998
2008-04-18,-0.010629473028641551,-0.021182086961172856,-0.0010062656521408414,0.010379935799272797,-0.01185207347717441,0.00020000000000000017
2008-04-21,0.011249838853026951,-0.004091372334785813,0.00011190113999629534,0.0005050992605155977,0.01821368818334384,-0.00020000000000000017
2008-04-22,0.004769069764052747,0.00022154490937352197,0.0007829575637961122,-0.004412281333544874,0.01788787515717538,-9.999999999999786e-05
2008-04-23,-0.007153036524648969,-0.011699898740300238,-0.001007561462025616,-0.0015962591618034125,-0.029664251183772528,0.000299999999999998
2008-04-24,-0.012039050187667943,-0.02267156697176417,-0.007862003566945665,0.004347223085033398,-0.00992075420698801,0.0010000000000000009
2008-04-25,-0.0030068546323999083,0.0005730462988536478,-0.0013534295370038981,0.009211538657052267,-0.023708516165257452,0.00040000000000000034
2008-04-28,0.0010169221709530505,0.004801172923441089,0.0018052038322106125,0.00021465677936981754,0.0025490321038362435,-0.0005000000000000026
2008-04-29,-0.005494715901927384,-0.021672374264867317,0.00180188481481455,-0.003946714551926,0.03009256126151761,-9.999999999999786e-05
2008-04-30,0.0035243189313304947,0.009741512403569545,0.003144254410777695,-0.0059132153457172555,0.026811312795956152,-0.0008000000000000007
2008-05-01,0.0,-0.031179315068104025,-0.00011147722663982577,0.020474476804740148,-0.09636902964039777,9.999999999999786e-05
2008-05-02,-0.012111515885263322,0.007000134989940103,-0.008134233241787069,0.002759528526273482,-0.03778101073075282,0.001100000000000003
2008-05-05,0.004144876062821357,0.01978402048340779,0.0014729970955836545,-0.004816462472369043,0.038839796346334075,-0.00010000000000000231
2008-05-06,0.002436119177440471,0.004164270020763222,-0.0031765080444213904,0.008625562695002607,-0.0371910584185739,0.0005000000000000026
2008-05-07,-0.009755338422466819,-0.00939406818992347,0.003968895172546037,-0.017970983872047434,0.0801694533696819,-0.0006000000000000005
2008-05-08,0.005121009568524395,0.0164108408392243,0.006430789156517744,-0.0025838656306544747,-0.016867250427226744,-0.0008000000000000007
2008-05-09,0.0016714092612361274,0.0020611516430740643,0.0011231970991485173,-0.0018702265291142633,0.0005153429137214851,-0.00020000000000000017
2008-05-12,0.003227147791657818,-0.004930923527425635,-0.0016851372375876214,0.01116856881218293,-0.08715183617884119,9.999999999999786e-05
2008-05-13,-0.004063273456001686,-0.018564154190549235,-0.008361506249529064,0.00014258667386713575,0.010623450443095568,0.001200000000000001
2008-05-14,-0.0005105651146711448,-0.0022275927551882613,-0.00034057411602885564,0.0020619779054991305,-0.017957817048367294,0.00020000000000000017
2008-05-15,-0.0011749736466106328,0.020906720638068043,0.005545372062362504,0.012425099852696252,-0.08013712552888892,-0.0008999999999999986
2008-05-16,0.009345001887813053,0.023851198696715047,-0.0016939856058832416,0.0009120325435935875,0.010375441492253511,0.00020000000000000017
2008-05-19,-0.004372885043214056,0.003249494920499919,0.0022590239005078087,0.0027299283197382354,0.0322609173646249,-0.00020000000000000017
2008-05-20,0.008091672195996756,0.016751205697980824,0.0030409310687004513,-0.008142411674623198,0.03296046805372351,-0.0005000000000000026
2008-05-21,0.008520653279491155,0.01159367196948849,-0.0023639800288940416,-0.017058668675008843,0.055861922024199435,0.00030000000000000247
2008-05-22,-0.003561685120518135,-0.010713950899921191,-0.0065606093790755845,0.00014289224832333513,-0.029478167430640325,0.0010999999999999988
2008-05-23,0.003372298202706694,0.002744088114413663,0.004414993019582301,-0.013494656486752197,0.07982960489556284,-0.0006999999999999984
2008-05-27,-0.005617459001472995,-0.02071066556256065,-0.004868881077300151,0.007383454696918255,0.0045930244430179255,0.0008000000000000007
2008-05-28,-0.0022255286980346818,-0.0024650009199021954,-0.0075196198467899125,0.004604586039921866,-0.029451868239953546,0.0010000000000000009
2008-05-29,-0.0088534132743667,-0.029948121785563844,-0.004701224558581103,0.005012997064192882,-0.04999699256913567,0.0004999999999999983
2008-05-30,0.0014753849480859044,0.010807127681703298,0.0033267536431905885,0.002496954620654435,-0.01723698344418266,-0.00020000000000000462
2008-06-02,0.0003264091821131771,0.005814988710672287,0.0059254762514436,-0.010385341941203517,0.10631351108822024,-0.0007999999999999962
2008-06-03,-0.006183725367504459,-0.01235433070599784,0.005241771472171241,-0.005848684989371739,0.020464894426569465,-0.0006000000000000005
2008-06-04,-0.0011426535886271242,-0.00265079080081508,-0.0036436520501361815,-0.0005070133748677973,0.02729211691661656,0.0006000000000000005
2008-06-05,0.010081728595128014,-0.002310856942839816,-0.00526108984395886,0.019799970636434013,-0.11017981046141224,0.0007999999999999962
2008-06-06,0.012502273534429804,0.029744095652049107,0.008677074413479662,-0.03241362106750466,0.2347771965493274,-0.0011999999999999966
2008-06-09,-0.00900422025385678,-0.01208712510114185,-0.007187355298984993,0.002418633718296467,-0.018852256012206834,0.0007999999999999962
2008-06-10,-0.011540579984029261,-0.028122111368949234,-0.005972843862362371,-0.004989363956838435,0.0025917709738850696,0.0009000000000000075
2008-06-11,0.006049176181887985,0.01703690270554308,0.0010374534918511878,-0.014822318017396632,0.03975155557598831,-0.00010000000000000675
2008-06-12,-0.006250318670354929,-0.016452673393949773,-0.008785200893485827,0.003800676052148868,-0.03330132388994112,0.0013000000000000077
2008-06-13,-0.005965513092707209,0.0026833517416247226,-0.002324283157308208,0.012564607523935765,-0.09479598193570665,0.00039999999999999145
2008-06-16,0.006800810569355219,0.013654462065851207,0.00011610817503912993,0.0005878805219244798,-0.012805418042120419,-0.00019999999999999573
2008-06-17,0.0030996318714935412,0.0027544819530526043,0.003368259982024081,-0.004856715444532161,0.008555109125036662,-0.00019999999999999573
2008-06-18,0.001040413643268146,0.011736006478369521,0.005435737643054848,-0.009784455175607451,0.05119866718059181,-0.0007000000000000028
2008-06-19,-0.001816246780800255,0.0015846001285877345,-0.005783201927598232,0.0012656756444032495,-0.03012550279634429,0.000599999999999996
2008-06-20,0.007581956816354292,0.0059762121136616485,0.004629409367290353,-0.01636515110362201,0.05805908843592107,-0.000599999999999996
2008-06-23,-0.006744070735507417,-0.02113235514821951,-0.00046259149566226735,-0.0009883727860911014,-0.010107818354518225,0.00030000000000000247
2008-06-24,0.0030315228118867055,0.004353866732505198,0.005299546040197942,-0.0019800842170920735,-0.009764805329035548,-0.0009000000000000075
2008-06-25,0.006654897479041317,-0.0005718228977623296,-0.0001143988460988913,0.004714862865647381,-0.05878646947674481,0.00020000000000000462
2008-06-26,0.005028297362824255,0.03584052048031919,0.0056146310992883685,-0.02753551557337329,0.12396596310292489,-0.0004999999999999983
2008-06-27,0.0,0.009446474043668393,0.004901740735955869,-0.0054743610899881815,-0.020688927180295608,-0.0008000000000000007
2008-06-30,-0.00018897598044401482,-0.0007655678590445136,0.00068167491287674,0.0035229480955696834,0.021524368219593602,0.0
2008-07-01,0.0,0.013691424355889053,-0.00271565318212494,0.0031201718827437806,-0.012605256904289404,0.00019999999999999573
2008-07-02,0.008096668816535283,0.0054888422989871725,0.0023971756810560354,-0.01728503702025907,0.09165177561936932,-0.00019999999999999573
2008-07-03,-0.011273126436746037,-0.011985249940131814,0.0003415679875105512,0.0010295478260464873,-0.044977970516851866,0.0
2008-07-07,0.00039296592271552996,-0.00905668471560562,0.004663683303158462,-0.010265389636875172,0.03956212023519361,-0.00040000000000000034
2008-07-08,-0.024871661813691187,-0.004063960105008701,0.00249362451283422,0.017601417148155957,-0.10760426009178592,-0.00040000000000000034
2008-07-09,0.025878212054127152,0.007019105232723836,0.004742821318172683,-0.01944284450454869,0.0860389804552715,-0.0006000000000000005
2008-07-10,0.0031206040581007715,0.021943255113523116,0.0003378060711284452,0.004078873236371881,0.014167911625150372,-0.00020000000000000017
2008-07-11,0.010329298292958498,0.017277496523462485,-0.00939187301045412,-0.011720727500658992,0.07162063771665976,0.0012999999999999989
2008-07-14,-0.003645709353015772,0.007850566004166892,0.005329003867029604,-0.009084952613775444,0.03537977661946135,-0.0006000000000000005
2008-07-15,0.0005085623795430962,0.0027071497619921858,0.0036119548116040697,-0.014197722463630102,0.002104573656821308,-0.000299999999999998
2008-07-16,-0.004853231522822666,-0.018152701615908245,-0.009168186982649892,0.024251282995579607,-0.12843878279169837,0.0010000000000000009
2008-07-17,0.0021382310389206276,-0.0023322518409358973,-0.004787218273792368,0.009953407175501243,-0.0035921072945945746,0.0010000000000000009
2008-07-18,-0.00012684162381650116,-0.0005308461499445975,-0.003433784685480317,0.006210786531305559,-0.03914078921242506,0.00040000000000000034
2008-07-21,0.0037803644697723383,0.010037641179610729,0.002289278912870283,0.0005557129192474593,-0.04246922848538407,-0.00020000000000000462
2008-07-22,-0.007688524706527425,-0.021894861075694584,-0.0034363876766274324,0.01128052286948568,-0.08460838176139403,0.0004999999999999983
2008-07-23,-0.006328421880499874,-0.027121391164392532,-0.001608514050732844,0.005398098194333741,0.006119066467226479,0.00020000000000000462
2008-07-24,-0.00023529475334783216,0.008356311735007591,0.008585682308238621,-0.0209720032200449,0.0952675664436759,-0.0012999999999999989
2008-07-25,-0.0010036442049052674,0.0039340079361909145,-0.005830059493748562,-0.00023930610952080023,-0.022870497687753705,0.0009999999999999966
2008-07-28,0.004350905701333952,0.00043616742881908473,0.005716684693687473,-0.014772060988909822,0.056018026130914444,-0.0007000000000000028
2008-07-29,-0.009603175501684673,-0.01250572486127245,-0.0028532592938048744,0.021127618269943194,-0.09518632395309237,0.00030000000000000247
2008-07-30,-0.001106388430525835,-0.01188176475168946,0.0019411495777585325,0.017660747491670917,-0.03793246657120911,-0.00019999999999999573
2008-07-31,0.001246684222451814,0.006236158213952592,0.007954901906800914,-0.013315084904273071,0.0784094095701539,-0.0008000000000000007
2008-08-01,0.0,-0.0056777456383800455,0.0004996915643093178,-0.005296634555779883,-0.01626055767371035,-0.00020000000000000017
2008-08-04,0.0,-0.016093986590938986,-0.0006819267325115301,-0.00931695099099279,0.03995321161888014,9.999999999999786e-05
2008-08-05,0.0,-0.023649334804024327,-0.005125452886031508,0.026604955223059643,-0.10540783735681211,0.0006000000000000005
2008-08-08,-0.03552190306552724,-0.01935432538906961,0.009206642992461404,0.007837722869229367,-0.023440431150068372,0.00020000000000000017
2008-08-11,0.0,-0.039870019743063895,-0.004876864910235499,0.010304796114370036,-0.026485069362885905,0.0005000000000000026
2008-08-12,0.0,-0.007547213471977264,0.006912409656329688,-0.010459267027473271,0.05087070180770558,-0.0008000000000000007
2008-08-13,0.0,0.012833356691477001,-0.0021479609520880737,-0.006048236848677034,0.017790692395888614,0.000299999999999998
2008-08-26,-0.027006015106835084,-0.004054237383246213,0.012593788991868523,-0.009220303458231369,-0.023155861089253566,0.0
2008-08-27,0.005301938141333536,0.0015990808530273566,0.001451869187388313,0.009686537104183457,-0.036277247177581,-0.00020000000000000017
2008-08-28,-0.0007949470425621587,0.010028207926600663,-0.0014518691873881575,0.012054930830295267,-0.016841424807040074,0.00020000000000000017
2008-08-29,-0.0029384254476455826,-0.005735584976745511,-0.0012293147258547782,-0.010811936177845965,0.06089702183816082,0.00040000000000000034
2008-09-02,-0.004058170856785097,-0.031200121903938532,0.005429159381833799,-0.006230894721226463,0.06287249322428737,-0.0008999999999999986
2008-09-03,-0.0020591425221934043,-0.003921790917827457,0.0024534891231664615,-0.0008596733349278956,-0.025795970432146202,-0.00030000000000000247
2008-09-04,-0.015381144871580115,-0.006358108955715176,0.004999176874595652,-0.030568973113505427,0.11451125459681583,-0.0006999999999999984
2008-09-05,0.0006992204603607609,0.007498337947551977,-0.0022190212229879786,0.0031392954359962923,-0.04120358664145611,0.00020000000000000017
2008-09-08,0.05287759535229797,-0.001520562172927079,0.00011150780095917435,0.02044509065083193,-0.018381265305441652,0.0
2008-09-09,-0.061773920728298674,-0.03051415078362391,0.004542168630148676,-0.03013665028733121,0.11778303565638305,-0.00040000000000000034
2008-09-10,-0.0116888800173726,-0.03012631332599945,-0.0025459282392940527,0.0040498556171092714,-0.038012132295371905,0.000299999999999998
2008-09-11,0.0008533801121197061,-0.015478915514254269,-0.0017740963948686397,0.01436442291200578,-0.005315942533837549,-9.999999999999786e-05
2008-09-12,0.01727956539955487,0.0332399725473417,-0.005009279726732459,0.004610386310224857,0.05076016603779866,0.0010000000000000009
2008-09-15,0.0020383837580587273,0.026257069784174,0.019009965164869663,-0.04875436277680434,0.2113833517097622,-0.0027
2008-09-16,-0.009430018949630059,-0.009977363631870767,-0.002850197451461132,0.01659856274896729,-0.045169017614921994,9.999999999999786e-05
2008-09-17,0.013648198564252673,0.10697398423801134,0.008963522978150557,-0.04600506320295298,0.17846379882192412,-0.0006999999999999984
2008-09-18,-0.0017037373595345552,-0.03162032125475302,-0.011821676337357149,0.02923982745888007,-0.0900782498737719,0.0012999999999999989
2008-09-19,0.007870055715632276,0.03768665186313431,-0.017998882498430457,0.03894570568430973,-0.031612232094819115,0.0023999999999999976
2008-09-22,0.02588063811327514,0.036542052510024896,-0.0021326314387254044,-0.022899808824315283,0.0540179500914831,0.0005000000000000026
2008-09-23,-0.006988811716418743,-0.009690223547907538,0.0,-0.023014320356149393,0.053771835901897755,0.00020000000000000017
2008-09-24,-0.004076347876194521,-0.018397372242872228,0.002581750274097691,0.00320021757874743,-0.014948877874060284,-0.0005000000000000026
2008-09-25,0.0006002187028519885,-0.0030030300021146434,-0.0030304710701180185,0.015518689524730905,-0.06972383594498215,0.0008000000000000007
2008-09-26,-0.002938722433576498,0.0021954188195928825,-0.0006746292232524122,0.0004965338056201094,0.05685373276458912,-0.000299999999999998
2008-09-29,-0.014191183822729101,0.033258843431934,0.013850548041159313,-0.08160250238863358,0.2962805555199707,-0.002400000000000002
2008-09-30,-0.020838726747097962,-0.051545995679539464,-0.013288650313533091,0.040556344474996474,-0.1706604031603096,0.002400000000000002
2008-10-01,-0.005706855754467501,0.010523968985084205,0.007025117871108586,0.0006032601885430732,0.010606210020631964,-0.0008000000000000007
2008-10-02,-0.014968789940075682,-0.04326282883476272,0.005584839764049812,-0.036948588481142165,0.1283054316120401,-0.0010999999999999988
2008-10-03,-0.0016694470894127007,0.003152979931026516,0.003779508074752797,-0.01359240146668703,-0.0026548452523095906,-0.00030000000000000247
2008-10-06,-0.020520458544919223,0.02025601097029596,0.008068047318557188,-0.0522767128837025,0.14243602253507148,-0.0014999999999999992
2008-10-07,0.006136527503310467,0.03486214825706517,-0.0007713465942930452,-0.045819488417068906,0.030835717945359827,0.00020000000000000017
2008-10-08,0.09599245337352873,0.02433762761966628,-0.0128606707782382,-0.025515414359424934,0.06926603130813377,0.002200000000000002
2008-10-09,-0.0952585030440745,0.005353608121824253,-0.010092351150085069,-0.0723976278168475,0.1053257431553289,0.0011999999999999966
2008-10-10,-0.014820246346670198,-0.07721024022746184,-0.011792348482741489,-0.02455466097852845,0.09014838467180471,0.0005000000000000026
2008-10-13,0.016575979413581615,-0.014890455669864109,-0.006865239401594045,0.13557719014182593,-0.2406292764409357,0.0
2008-10-14,-0.0002860325044499448,0.0025580023828085247,-0.004720347306111581,-0.014910093744277828,0.002542670933224056,0.0018999999999999996
2008-10-15,-0.012867675287039299,0.01341329574561084,0.008158990287763528,-0.10363748364311748,0.22802909309137306,-0.00040000000000000034
2008-10-16,0.003420673689635183,-0.04945653185086193,0.00022847585806350681,0.04081341887058793,-0.023967234937327515,-0.0004999999999999983
2008-10-17,-0.004978869049058091,-0.0265830583677772,0.006273393039256672,-0.005989946572137915,0.03944256622499308,-0.00010000000000000231
2008-10-20,-0.00820799603272654,0.016569654325264915,0.001023363571890035,0.05834311062975847,-0.28347273775349946,-0.0006999999999999984
2008-10-21,-0.019120233843420667,-0.03197064160356307,0.010507947504045606,-0.030310168810487755,0.0026395073249091943,-0.0015000000000000035
2008-10-22,-0.01888969224809695,-0.058497788057396756,0.0076134031793804536,-0.05599254548990564,0.27111747620710047,-0.0010999999999999988
2008-10-23,0.009956725545702923,-0.014892064399146903,0.0013379718689676611,0.011517288406457023,-0.026920482176097556,-0.00020000000000000017
2008-10-24,-0.024638939857002353,0.021840397056156174,-0.004242894986534601,-0.05204540277371412,0.15452979495383146,0.0012999999999999989
2008-10-27,-0.013174293530413102,-0.00041552434178707896,-0.000558695154861444,-0.03614665193942717,0.011684288158362487,0.00030000000000000247
2008-10-28,0.027254175474300528,0.022060230034850928,-0.008092247354368271,0.1105174208634487,-0.17868091056125024,0.0010000000000000009
2008-10-29,0.011659930314412394,0.0028418597266937724,0.0014654868704465866,-0.007279461107461911,0.043828224555491534,0.00040000000000000034
2008-10-30,-0.0070637075725946945,-0.01758617913369578,-0.007690715629877927,0.034009047532239815,-0.10637744909876048,0.0006999999999999984
2008-10-31,-0.012989200305231121,-0.019021785472914204,-0.0020458327865930034,0.00548846909189823,-0.049036651880039674,9.999999999999786e-05
2008-11-03,-0.006633764291643426,-0.0033698132493902304,0.0015974762335001183,0.0028877577867019327,-0.1094690377366419,-0.0004999999999999983
2008-11-04,0.028593508882069955,0.05978044962665676,0.011899639450730404,0.033417247244752785,-0.1174803769214048,-0.0014999999999999992
2008-11-05,-0.005089801198032505,-0.03615176785243687,0.005281352237898696,-0.04293651522637106,0.13374091727838186,-0.0008000000000000007
2008-11-06,-0.01741593036892256,-0.007998964370514715,-0.0030295876250639436,-0.057005272623382376,0.15456950762296456,0.00020000000000000017
2008-11-07,0.0014990597560185584,0.003869529108754129,-0.0036036035435881475,0.03248436896044736,-0.12673476099907816,0.0008000000000000007
2008-11-10,0.002660882597178923,0.014786712701221597,0.0010139049382368098,-0.01319169023604737,0.06687538035954181,-0.00010000000000000231
2008-11-11,-0.01836591218615012,-0.021012909760209354,0.0037128123035159552,-0.031362184285008914,0.024049900798749975,0.0
2008-11-12,-0.004557884112118673,-0.02886512275228242,0.0061562481545309146,-0.04499850860332794,0.07853918266315896,-0.0006999999999999984
2008-11-13,0.026115889570376614,0.030252064319223424,-0.00727936185269552,0.0604739365958195,-0.10509301114460327,0.0008999999999999986
2008-11-14,-0.0151039700456851,0.015813344157826127,0.009843213632115828,-0.051195273312758895,0.10283344055647485,-0.0011999999999999966
2008-11-17,0.0037230246233954153,-0.008907239506966189,0.004219768339012627,-0.013364851193040497,0.0419374016142788,-0.00040000000000000034
2008-11-18,-0.000556132234981122,-0.0019288981747573384,0.00772978409120995,0.01866134520551969,-0.022078565170134425,-0.0015000000000000035
2008-11-19,-0.010471644434272998,-0.003453757562079425,0.010721179111988999,-0.06622402484482362,0.09337296250899048,-0.0014999999999999992
2008-11-20,-0.005313025748497885,0.016334105788500954,0.019929930086423544,-0.07713312053736505,0.08514679424503567,-0.0027999999999999982
2008-11-21,0.012139198333224207,0.07094243298627406,-0.009215511699929188,0.05253846817458559,-0.10679065232917585,0.0010000000000000009
2008-11-24,0.02562069748939223,0.025790177023884007,-0.009410065490811434,0.0669956544545485,-0.11616746509266374,0.0014999999999999992
2008-11-25,0.00896618244535278,-0.0004945100106059737,0.017025077894871624,0.007381253252398165,-0.06052795456770201,-0.002400000000000002
2008-11-26,-0.010399079114808474,-0.006077606219572271,0.006070036224481515,0.0379136794440372,-0.10335565221196269,-0.0011999999999999966
2008-11-28,-0.015406356418535274,-0.0008712390504950196,0.00201640162915052,0.012510028717415574,0.006533609817859349,-0.0006000000000000005
2008-12-01,-0.007816670136345322,-0.059776655395983355,0.013444774513538923,-0.09274931908275032,0.214568593818871,-0.0020999999999999994
2008-12-02,0.009023625248262727,0.01703836022130856,0.005231991501647679,0.03776324381215899,-0.08416254279162035,-0.00040000000000000034
2008-12-03,-0.00041941686852584996,-0.01005685556947555,0.001564524783570194,0.023756692985021272,-0.03654405521330046,-0.00010000000000000231
2008-12-04,0.005185596045427306,-0.008966308801461867,0.006231721933808146,-0.023404489551836438,0.04696904068771469,-0.001200000000000001
2008-12-05,-0.004473666898441223,-0.01306515556901043,-0.010618167341709814,0.030366401708466568,-0.06006497431659747,0.001200000000000001
2008-12-08,0.159631874406008,0.022293921957316113,-0.003774490163649125,0.03431800211105327,-0.024321391410718308,0.0010000000000000009
2008-12-09,-0.1433236378744117,0.0017046471557575096,0.008473833047018603,-0.016620898023583665,0.0071550247918298815,-0.0010000000000000009
2008-12-10,0.006783340415443277,0.043830671865911774,-0.0009384494787087285,0.006792620456219052,-0.05549225957591876,0.00020000000000000017
2008-12-11,0.023983908263089614,0.0112220818260269,0.00602865755150726,-0.024376698582641312,0.0008967669476083052,-0.0004999999999999983
2008-12-12,0.0018011885169566776,0.001981866542690083,0.0027949414204871516,0.01186923105121549,-0.027259547837434363,-0.00040000000000000034
2008-12-15,0.025289060823933424,0.021908972020150932,0.002167196931402391,-0.014031616553556512,0.04467601024288031,-0.0007000000000000028
2008-12-16,0.02636695123180153,0.022268376612201064,0.01575690924341445,0.04599147301384736,-0.08049793482470415,-0.001599999999999997
2008-12-17,0.02433972096073151,0.011419292069736266,0.006778239895497865,-0.009734492320977832,-0.04951601035508826,-0.0016999999999999993
2008-12-18,-0.008036335195657648,-0.01842931699135299,0.006732604513436507,-0.018859770067596482,-0.051462270231680755,-0.001200000000000001
2008-12-19,-0.026015022679856767,-0.014895236270839864,-0.0033104527471376896,-0.004310940192869924,-0.05224987743475337,0.0004999999999999983
2008-12-22,0.002370156525694562,0.009994686720185789,-0.002616000620219121,-0.012895537276766806,-0.008269103436371592,0.00030000000000000247
2008-12-23,-0.001520320636100451,-0.009994686720185745,-0.0005037250567909929,-0.01039141828271473,0.010270219208646224,0.00020000000000000017
2008-12-24,0.005086286986281764,0.009994686720185789,-0.0010091354956642728,0.005785814351841321,-0.018155858517044543,0.00020000000000000017
2008-12-26,0.0008553197495614791,0.025317801128255938,0.005333888792382917,0.005753189510434313,-0.01895245710852369,-0.00040000000000000034
2008-12-29,0.000856032321046737,0.008723521599817628,0.002204307215661,-0.0028722172815679745,0.01191582481816196,-0.00030000000000000247
2008-12-30,0.007171514794892139,-0.005224940168183113,0.0014057487330357535,0.023425957767499454,-0.05309326797495888,-0.00020000000000000017
2008-12-31,-0.011388330538015646,0.007191715531704658,-0.011103169257943985,0.014173488534356661,-0.039941632750291514,0.0014000000000000013
2009-01-02,-0.005444765780106236,-0.003357378391118624,-0.014412751019977863,0.029696332435303497,-0.020457876944270332,0.0020999999999999994
2009-01-05,-0.020096308939095725,-0.020503324199848343,-0.0017519866747108693,-0.0011838072470880332,-0.0028107031410757027,0.00030000000000000247
2009-01-06,-0.01000690086785891,0.00766460793819893,-0.0006192271455334947,0.006655521282117305,-0.013395368671852521,0.00019999999999999573
2009-01-07,0.00744470286978558,-0.028355453375407055,0.0002057459111141846,-0.030414238945392864,0.11801348038688017,0.00010000000000000231
2009-01-08,0.006445180304046515,0.020454024408850847,0.0026795327446001403,0.004071810866235066,-0.01931410844305344,-0.0004999999999999983
2009-01-09,-0.017974966191582543,-0.006414096397031772,0.004620919031833776,-0.02165128032884055,0.006090398734027267,-0.00040000000000000034
2009-01-12,-0.007079140061624425,-0.03838212237276427,0.006228501583269095,-0.024313715657803787,0.06815179970059845,-0.000900000000000003
2009-01-13,-0.011899495401654971,0.001484720857258964,0.0007126018475043366,0.001838280875025422,-0.05769751091915792,-9.999999999999786e-05
2009-01-14,0.001136003906681811,-0.013568345959084955,0.0055796357849559625,-0.03195929394298587,0.1272137898563339,-0.0008999999999999986
2009-01-15,-0.004470509656238141,0.007491587953086663,-0.0008097287401378589,0.0003549480800527924,0.03715227805195957,-0.00010000000000000231
2009-01-16,0.01013017565649961,0.028450719887202026,-0.009256046725405519,0.007789845931819969,-0.10079577326885282,0.0012999999999999989
2009-01-20,-0.016093174041099355,0.021647650395541167,-0.001533850085328304,-0.05423078649270543,0.205862154953739,0.00040000000000000034
2009-01-21,0.009281438754452476,-0.0043872142605711085,-0.008943568187696802,0.04228550304771677,-0.1991616530083049,0.0016000000000000014
2009-01-22,0.00013006218851575993,0.005096914923472842,-0.006630597418441125,-0.015588018059961994,0.018568514614727957,0.0006000000000000005
2009-01-23,-0.003220412475070374,0.04564361014124338,0.00020757686431343268,0.004341411294012681,-0.0004230215264691183,0.000299999999999998
2009-01-26,0.017354114945374602,0.004732915968779248,-0.0024963835230905258,0.00683517005086682,-0.033996428970695027,0.0005000000000000026
2009-01-27,0.0018221839147202772,-0.006428711177525445,0.006542033329082193,0.010106428752068084,-0.07827507171528804,-0.001100000000000003
2009-01-28,-0.004759664983317552,-0.01092160013595116,-0.00643883294739851,0.03327400213743265,-0.06326123455893315,0.001200000000000001
2009-01-29,-0.016501872780047812,0.023514556791130875,-0.013108063920328268,-0.0330375571532899,0.07221513658835173,0.0016000000000000014
2009-01-30,-0.007835455932161062,0.020021658609882767,-0.00042228625003928524,-0.020552423118817907,0.05054234577429905,0.0
2009-02-02,-0.0017187178056127512,-0.02742332608586875,0.00807913479367963,-0.0030230953691454555,0.015051198267494624,-0.001100000000000003
2009-02-03,0.015328147161452766,-0.004173432511596273,-0.008651172313314312,0.013948576914408978,-0.055557276045679456,0.0013000000000000034
2009-02-04,-0.012157904159987775,0.007993277328123664,-0.005098350653966674,-0.004908010520259585,0.01818016019178112,0.0006000000000000005
2009-02-05,-0.005026766324964116,0.010485343419634507,0.0023401925001257724,0.014771094461368567,-0.0027403290636225735,0.0
2009-02-06,0.010570033916624895,-0.005898480307817884,-0.006074458641573863,0.02809894074218585,-0.008266421737573656,0.0009999999999999966
2009-02-09,0.0024722230720384004,-0.014277086659724235,-0.002032803592567982,0.0013786418212854252,0.006206213759511743,0.00020000000000000017
2009-02-10,-0.003480014092613479,0.021173696446258473,0.013299819820671244,-0.04689176871810356,0.06712737374882759,-0.0016999999999999993
2009-02-11,-0.003570815098175574,0.022795527677897713,0.007686886366426875,0.005878215110010162,-0.04693842880707918,-0.001200000000000001
2009-02-12,0.0017773839914638817,0.00948995861189852,-0.0003158178281475657,0.0007176149892973224,-0.07651197913987058,-0.000299999999999998
2009-02-13,-0.001931734017419516,-0.006676689815839725,-0.007899546718827635,-0.010816468819339183,0.03991977656446264,0.0014000000000000013
2009-02-17,-0.017105883149587477,0.030853446205779407,0.016674401085547942,-0.043715738309811666,0.1252864448744266,-0.0025
2009-02-18,-0.001031182309841962,0.015180232335786996,-0.007307269218358079,-0.002401336355629859,-0.004118637723633662,0.0010000000000000009
2009-02-19,0.007139451179711698,-0.011833302053734346,-0.0055675296320667825,-0.010813727048245117,-0.02889037521145997,0.0010999999999999988
2009-02-20,0.021406074113407895,0.02097515976334845,0.0028410484201039005,-0.009769142714156223,0.04607574428871334,-0.0007000000000000028
2009-02-23,-0.01989852339597043,-0.0007159995450352209,0.0009438732167700191,-0.036433496481953195,0.06517218974029232,0.0
2009-02-24,0.01533069794205785,-0.031177833375502513,-0.0037849216368739044,0.03720844007533104,-0.14560369683408977,0.00020000000000000017
2009-02-25,-0.011698156424098882,-0.01681966189582418,-0.00910197726672955,-0.007904025362013603,-0.018190464106077678,0.0015000000000000035
2009-02-26,-0.0002926260094189969,-0.0009666932467288258,-0.002553448088193887,-0.016394884871332574,-0.0002238513779687174,0.000299999999999998
2009-02-27,-0.0032764489450785653,-0.004631386566919188,-0.0008537927233933512,-0.02260187927943913,0.03714301609571208,0.00040000000000000034
2009-03-02,-0.00910006907937546,-0.018523050520845557,0.009982777052502141,-0.04608839804331398,0.12744500847047252,-0.0010999999999999988
2009-03-03,-0.002572305185430479,-0.009835956887444822,-0.0012712378716250485,-0.007535209867660451,-0.03321412067296326,0.00020000000000000017
2009-03-04,0.008444393100459061,-0.011730046343054587,-0.005103107013700988,0.023414098713165448,-0.06846004619107957,0.0007999999999999962
2009-03-05,-0.007253181117832078,0.033155872403161146,0.011655315796714248,-0.041705457441118005,0.05342510130166002,-0.0017999999999999971
2009-03-06,0.007253181117831999,0.003255950930954717,-0.0047520850319758634,0.0017425470732583916,-0.016884749635029457,0.0
2009-03-09,-0.0012125351002551263,-0.01881277418024431,0.00042414279449921367,-0.01182252709291364,0.007069991403925354,0.0006000000000000005
2009-03-10,0.0074117858563315445,-0.02719657652831088,-0.00732737355923759,0.05790073195068144,-0.11303890245015016,0.0010000000000000009
2009-03-11,0.007057106346311402,0.01217879089301902,0.007115654557901763,0.006491123527091722,-0.017277045467548914,-0.00040000000000000034
2009-03-12,0.007171893000244536,0.02085254413435487,0.0028528164026856047,0.03861679896058288,-0.05733378683993403,-0.0006000000000000005
2009-03-13,0.0024020189162898406,0.0021930335101093346,-0.0007383590909722386,0.00778434277507719,0.028251826131462727,0.0
2009-03-16,0.003562020395544233,-0.005491501809613432,-0.005718087335857031,-0.0030273751717474523,0.03205851848046489,0.0008000000000000007
2009-03-17,0.004395518798526304,-0.008405293010376033,-0.0019143234149757375,0.03012431325046013,-0.06958099091172812,0.0004999999999999983
2009-03-18,0.03400181136959132,0.03331270158240966,0.033688700441765626,0.022137429354859066,-0.018303698192093702,-0.005100000000000002
2009-03-19,0.013111129583699902,0.013444527853073575,-0.0034007705181253473,-0.012463461017531645,0.08651197390474898,0.0010000000000000009
2009-03-20,-0.005871060606620556,-0.008087754602137932,0.0,-0.021523393348916786,0.04935687668315019,0.00040000000000000034
2009-03-23,0.0028291294286644487,-0.016265716740780214,-0.0034126100980132077,0.06936635901135392,-0.0597125270159122,0.00030000000000000247
2009-03-24,-0.010271407936797084,-0.012347912889209127,-0.0014508649915133344,-0.019900079638926618,-0.0069637987453598695,0.0
2009-03-25,0.007075682847711305,0.011261327198225332,-0.006035060914906225,0.010490850502610316,-0.015966535541969775,0.0012999999999999989
2009-03-26,-0.0034155451351217435,-0.0005437774128025601,0.0026062567123380045,0.020175896784981426,-0.04576514319508988,-0.0005000000000000026
2009-03-27,-0.017795948917794246,-0.013580296815494518,-0.0006256286739155175,-0.01821363884604569,0.016708012562592,0.00020000000000000017
2009-03-30,-0.007996337506278465,-0.007859663659244367,0.004261626664327744,-0.03516591751559923,0.10404385756871477,-0.0004999999999999983
2009-03-31,0.004599325750559984,0.00332847770745487,0.0017619982434693199,0.009222924060832072,-0.031224693738438992,-0.00020000000000000017
2009-04-01,-0.0004503208555883319,0.008273170679264967,0.0024461852015032967,0.019181150868794346,-0.0430522548708051,-0.000299999999999998
2009-04-02,0.016918637299002292,-0.02480242474253235,-0.00654601186295978,0.028818304605216002,-0.005692564343876051,0.0008999999999999986
2009-04-03,0.0016444120816444389,-0.013719889999443402,-0.011533781638833444,0.009899551107618606,-0.05727036087551667,0.0014000000000000013
2009-04-06,-0.00619921205208972,-0.02684414097964916,-0.0023219456758751538,-0.007864117399089095,0.030512091049590125,0.00040000000000000034
2009-04-07,-0.009619158295263375,0.017092460393572564,0.002532406961476148,-0.023601884712548152,-0.013281083496484148,-0.00020000000000000017
2009-04-08,-0.0019630702429045336,-0.0014998243891666274,0.004943895542982961,0.010719999908951242,-0.03887417692637582,-0.0007000000000000028
2009-04-09,-0.006919777514935391,-0.003469851444995191,-0.005893259098924782,0.03897414921163407,-0.06157423014675803,0.0010000000000000009
2009-04-13,0.014171819305623487,0.01802677831754674,0.005893259098924772,0.00023277192876857547,0.034439846832947096,-0.0008000000000000007
2009-04-14,-0.00675267676357618,-0.00582021051641387,0.005127512609363741,-0.017393608068498788,-0.003709681127503557,-0.0008000000000000007
2009-04-15,-0.0036304466600069053,0.0014867876173518325,0.0009388452728473219,0.010613167404965665,-0.04063397775574788,0.00020000000000000017
2009-04-16,-0.003446125430687802,-0.019503271995841835,-0.003970509870055078,0.014555865647868552,-0.010561444981961874,0.00040000000000000034
2009-04-17,-0.010332530175624343,-0.006899358971822021,-0.008094461996963547,0.006683441212329042,-0.053074331014705926,0.001200000000000001
2009-04-20,-0.008934880080757457,0.020097043306539473,0.006941809302904724,-0.04281933624199975,0.14357220096170206,-0.0010000000000000009
2009-04-21,0.00046551987379874366,-0.0006902618757463332,-0.0038861378239619967,0.019348780209116987,-0.05347188081471173,0.0006000000000000005
2009-04-22,0.005460424074720514,0.0056234482639747705,-0.0024222180251318565,-0.006132215746091376,0.025519702592585847,0.00040000000000000034
2009-04-23,0.010340918132273074,0.016120292274093014,-0.0002118023150540399,0.009769842734459992,-0.025250429846115394,-0.00020000000000000017
2009-04-24,0.008869933829737676,0.010307038892938492,-0.0039111895414870946,0.014998189317870274,-0.008922644720607666,0.0006999999999999984
2009-04-27,-0.018195787420551904,-0.007944976286971623,0.004122991856541244,-0.009507911662204391,0.0399307776221663,-0.0007999999999999962
2009-04-28,0.008563912837585817,-0.014256884624757573,-0.004864385556672903,-0.0031501159578364857,-0.009702421193337231,0.0009999999999999966
2009-04-29,0.010228640818117725,0.0065879591407686485,-0.005420414902287605,0.021046635212286356,-0.05053077800117081,0.0007000000000000028
2009-04-30,-0.0023188577343014544,-0.012073098777590854,-0.001706462318203497,0.0003433298202516487,0.011573514644171373,0.00040000000000000034
2009-05-01,0.002478079023925897,-0.0036735170067088633,-0.003218020193296733,0.005360751252066629,-0.033429318262210614,0.0004999999999999983
2009-05-04,0.011288197134526641,0.019250010410794313,0.0009659374703323169,0.03345427746264217,-0.02205446627629331,-0.00020000000000000017
2009-05-05,-0.007686083740179227,-0.004409520299832408,-0.00021399412801458546,-0.0034162453090316024,-0.03447088026348594,0.00010000000000000231
2009-05-06,-0.00022634175857630032,0.01451176722419934,0.0004296959581711036,0.01718528613430944,-0.027657129125126093,-0.00020000000000000017
2009-05-07,0.005928475363935283,-0.0011174263342352655,-0.008404844353095815,-0.01398904777975288,0.03005228048785501,0.0010999999999999988
2009-05-08,0.018271989020801675,0.006019424017208001,0.0011893476885828434,0.023064606349740436,-0.042455587587169316,0.0
2009-05-11,-0.00360785618454506,-0.0032281533701712588,0.009359099491712722,-0.018891139312643662,0.02526319561897231,-0.001200000000000001
2009-05-12,0.004044426562454919,0.011198016123960245,-0.0006434437479881779,-0.002963685732554631,-0.03309408938666385,0.0
2009-05-13,-0.004139518444179716,0.004290665079151794,0.004595863952410063,-0.025495390588658788,0.05654683564199586,-0.0006000000000000005
2009-05-14,0.003484766228150962,-0.0006588794462207963,0.00010756874103621322,0.008533598695456956,-0.07016105248099529,-9.999999999999786e-05
2009-05-15,-0.009878022251002481,0.005696195347549881,-0.0024553270584466587,-0.008194795000925962,0.05428524831187766,0.00040000000000000034
2009-05-18,0.004140075400984862,-0.013083606100380054,-0.005896593637368383,0.028010936322350643,-0.09097175352471389,0.0008000000000000007
2009-05-19,0.005465240039142713,0.006618141022648309,-0.0013987229438301788,-0.0012067857306973624,-0.04879018309154183,0.000299999999999998
2009-05-20,0.010263154962271254,0.014082443543520349,0.0031173559088165373,-0.006716696056534213,0.007954441038554286,-0.0006000000000000005
2009-05-21,0.009618287200858314,0.017195463853182144,-0.011009183053201421,-0.014467313948834323,0.07688447755752212,0.0016000000000000014
2009-05-22,0.006949321564701465,0.0031915245362349074,-0.005879001565470281,-0.00213180860012129,0.04001786409235331,0.0010000000000000009
2009-05-26,-0.0009240089359553149,-0.00415092269732309,-0.0066804602724797645,0.02528940938918231,-0.06357872570182468,0.0004999999999999983
2009-05-27,-0.011506566481380924,-0.00331184736774341,-0.011384719672972162,-0.01801444171059031,0.055269693414035904,0.0020999999999999994
2009-05-28,0.006996729754814124,0.008418195990308802,0.005210366105417594,0.013843723423969608,-0.021553248092010154,-0.00040000000000000034
2009-05-29,0.016093850929070994,0.02058462871331051,0.011216392684573287,0.01755292375314045,-0.09083646303091013,-0.0019999999999999974
2009-06-01,0.00048136642316980833,-0.004897561923661784,-0.016454509896395676,0.023920076654484868,0.0379964574442086,0.0023999999999999976
2009-06-02,0.010164514831264352,0.006559420055802069,0.0033398181710314018,0.0008441119435657499,-0.013742524111175427,-0.0006000000000000005
2009-06-03,-0.011169603005919059,-0.02044414554689964,0.006093775845184646,-0.012733128459562643,0.04584483924374175,-0.0008999999999999986
2009-06-04,0.00199705961400183,0.01909415571894292,-0.011665599072456486,0.009353273734160568,-0.027452709053884354,0.0016000000000000014
2009-06-05,-0.014637432775472926,-0.02653629688685098,-0.00999483595827147,0.00021201414668467301,-0.018729626278569847,0.0011999999999999966
2009-06-08,-0.00494775352537382,-0.0016019817445122528,-0.005092493928501412,-0.004133659704786883,0.005051353231373954,0.0007000000000000028
2009-06-09,0.01146593711216765,0.0028817381951289885,0.004301521779497518,0.005084485923669617,-0.05170000250630296,-0.0005000000000000026
2009-06-10,-0.005665513098056201,0.00031966305250284715,-0.006004288324676296,-0.002538792004592341,0.0066983725947311525,0.001200000000000001
2009-06-11,0.009046368771814797,-0.001706160194135916,0.006795260473680398,0.004439156700879934,-0.012374153861380657,-0.0010000000000000009
2009-06-12,-0.007815041343329204,-0.016463478535408964,0.005290589456936443,0.002738066506019796,0.0014219344029677197,-0.0006999999999999984
2009-06-15,-0.015559548217554954,-0.011676890623095083,0.004480269361513518,-0.023194456118286865,0.0902919542402943,-0.0005000000000000026
2009-06-16,0.0032585377806486054,0.009069633678898644,0.005573629901863111,-0.013656067622895646,0.05892398405543497,-0.0008999999999999986
2009-06-17,0.007788917882399293,0.0045582689271499,-0.0026704037149161293,-0.0009829865644448057,-0.035506668767714536,0.00010000000000000231
2009-06-18,-0.0016572780740828012,-0.008045247432850396,-0.012222227721334307,0.007292231825546398,-0.04905970570183476,0.0017999999999999971
2009-06-19,0.002298617101785081,0.003160603275712481,0.004614203545618784,0.003679262845351591,-0.07034960951046658,-0.0006999999999999984
2009-06-22,-0.005882256947526395,-0.01490929384566157,0.005376076916423249,-0.030446299620276333,0.10760880087682768,-0.0006999999999999984
2009-06-23,0.014806136518114214,0.0041882267254902674,0.00323299598749975,0.0007842196955037546,-0.019109898220898668,-0.0007000000000000028
2009-06-24,-0.009356210270206338,0.0058123626209368685,-0.003792437053186971,0.008580697109631254,-0.05132774097107543,0.0007000000000000028
2009-06-25,0.0031976598080342726,0.00936011008805884,0.01243903944518461,0.021515618810819176,-0.09717072424617793,-0.0017000000000000038
2009-06-26,0.004808573969686594,-0.00021664835655391514,0.001324140606894361,-0.0026095947661160077,-0.016447121468976613,-0.000299999999999998
2009-06-29,0.002349606646556784,-0.002712528083375162,0.0020915243135512275,0.009319862831751754,-0.022621866234481824,-0.00010000000000000231
2009-06-30,-0.0033609299714689933,-0.009387696981969475,-0.0026438110937111177,-0.00812320521466779,0.038689544379093145,0.00020000000000000017
2009-07-01,0.007242178140674165,0.013183162944147444,-0.0006405761759580922,0.004123959205667671,-0.004945837316700424,0.00020000000000000017
2009-07-02,-0.013051340351973934,-0.012415748613801528,0.0033145470597000615,-0.027672545590192627,0.0638947747499891,-0.00040000000000000034
2009-07-06,0.001215260266433631,-0.005384309013823919,0.0006616178059542233,-0.00011137095767768372,0.03687860308878474,0.00010000000000000231
2009-07-07,-0.0043792104788934446,-0.0005510889148284111,0.003959679368415778,-0.01956659751485981,0.06184093273022992,-0.0004999999999999983
2009-07-08,-0.002654385918258181,-0.01600214694695305,0.011462640032127094,-0.0006816996559229255,0.01448131045434081,-0.0014000000000000013
2009-07-09,0.010674195225456188,0.0026849271616822263,-0.005877698395628176,0.0019298093738396064,-0.04978102285791189,0.0010999999999999988
2009-07-10,-0.006724811944232116,0.000781726470917072,0.006204043803364482,-0.0023839486078063203,-0.025851787083015734,-0.001200000000000001
2009-07-13,0.004021105435285719,0.0067864820276108025,-0.0035876775403131883,0.024037609797518764,-0.09803618847657115,0.0006000000000000005
2009-07-14,-0.0013282770157532601,0.0068508015697580716,-0.0066644421902412624,0.0056444476478757066,-0.0502735514188709,0.001200000000000001
2009-07-15,0.009292293702401234,0.015624467984359134,-0.013020344956248632,0.028826922691970958,0.03418124685397152,0.0012999999999999989
2009-07-16,0.0027677722959460506,-0.0028226541932030746,0.005979384758549046,-0.0016097487264629816,-0.018320501426003114,-0.00040000000000000034
2009-07-17,-0.002556206849905267,-0.0005437774128025601,-0.006757219442446848,0.010894833633153111,-0.04341517493424452,0.0008000000000000007
2009-07-20,0.007546352851452053,0.014578288320425086,0.003660718690133758,0.010567812277109775,0.0024620228367522286,-0.0006000000000000005
2009-07-21,-0.0009375514432937283,-0.0016093724740911361,0.011122990542853275,0.004614707580883998,-0.02196064115591279,-0.0010999999999999988
2009-07-22,0.0005254459045502823,0.003323208166328789,-0.005931441335717588,-0.00020954309334687217,-0.016899494902612947,0.0008000000000000007
2009-07-23,-0.0030070792465378294,-0.0019282309216238941,-0.009742274959255094,0.021842515153671086,-0.001705715061919801,0.0014000000000000013
2009-07-24,0.0034334443554243396,0.0016071308030829298,0.002112047214264456,0.004087212845117371,-0.014617635569904412,-0.00020000000000000017
2009-07-27,0.002461591104315358,0.003206452276499924,-0.004674027919063823,0.002953501394350158,0.05025336449678872,0.0004999999999999983
2009-07-28,-0.007112420506473814,-0.0172213757394612,0.002005768135711611,-0.004688402453824242,0.029622759569550634,-0.000299999999999998
2009-07-29,-0.009335073511541043,-0.009928658008448938,0.000667405502966114,-0.0024545192184064445,0.023707170002841265,-0.00030000000000000247
2009-07-30,0.0050016229606511175,0.004594754818541675,0.003997216529691157,0.010390822182305417,-0.008233765037984009,-0.00020000000000000017
2009-07-31,0.012358159921764153,0.018706235205377415,0.010031246746439066,0.0014185191176302406,0.020265715421515503,-0.0014999999999999992
2009-08-03,0.010594071507457191,0.0055550219663754,-0.010682882310124648,0.016361652869662107,-0.013986265812452322,0.0014000000000000013
2009-08-04,0.0005333743179454742,0.008591912260693899,-0.002895575325552241,0.0025845702774059515,-0.026562516757519562,0.00040000000000000034
2009-08-05,-0.0005478496789579947,0.001055615791092795,-0.005703143313503018,-0.0028835556014027803,0.0004016962930512071,0.0009999999999999966
2009-08-06,-0.0026912572385692324,-0.0019009437320754224,0.0,-0.005192472960615431,0.030455209704561746,-9.999999999999786e-05
2009-08-07,-0.012739248013745312,-0.009025795077514111,-0.006638547293537141,0.013029303066069786,-0.036093540794742925,0.0010000000000000009
2009-08-10,-0.00423414480597996,-0.008785139997340487,0.006414789567017162,-0.002077091946925538,0.00924627862751249,-0.000900000000000003
2009-08-11,0.0013433682317959433,-0.0015076396214322287,0.006930116806506072,-0.012555112122228606,0.03923610415894026,-0.0008999999999999986
2009-08-12,0.004723138854991133,0.0017227961034532154,-0.002788977402094881,0.010672060136347392,-0.020996066872358297,0.00010000000000000231
2009-08-13,0.004131435442031511,0.008249945329395434,0.0077897052932396115,0.007609704041649469,-0.02950779002487191,-0.0013000000000000034
2009-08-14,-0.0048420602177822345,-0.007712133511340266,0.0030982424553511866,-0.007709034044511843,-0.01796694434982744,-0.00040000000000000034
2009-08-17,-0.007134837089584154,-0.015059050463639348,0.006827216925605657,-0.02491382846898796,0.1390271411553471,-0.0006999999999999984
2009-08-18,0.004184190326702685,0.00490006917974958,-0.003517265053600346,0.007903365338733705,-0.06327240761657087,0.000299999999999998
2009-08-19,0.006252046140693286,0.0050923911990607956,0.003736982729532843,0.008741379449304284,0.003051105452055236,-0.000599999999999996
2009-08-20,0.0004277722230019529,-0.002813877859599588,0.0026293686458254565,0.010251465669693363,-0.04557751113068516,-0.00030000000000000247
2009-08-21,0.004258531347762606,0.014845419974691357,-0.010228030056624027,0.01941608716411143,-0.00319361241881206,0.0014000000000000013
2009-08-24,-0.0019457463697590803,-0.014087067763647543,0.006171535793822695,-9.693650151555994e-05,0.005184424842855629,-0.0008000000000000007
2009-08-25,-0.0006286435826815868,0.004538157997111119,0.002633302498151235,0.0019403417646014236,-0.008789481903188949,-0.000299999999999998
2009-08-26,-0.003351194498703161,0.00032334981476521955,0.0013146668911774816,9.734763642394527e-05,0.001203155795455609,-0.00010000000000000231
2009-08-27,0.009555392011256684,0.004301560763973106,-0.0027405614482855513,0.0022267213053919644,-0.010880641373768587,0.00030000000000000247
2009-08-28,-0.0009051174851781665,0.007270429612602455,0.002302245697797735,-0.00019367382061728495,0.0032362456579172693,-0.00010000000000000231
2009-08-31,-0.0012055225233143238,-0.005019514036493062,0.0029524549016922146,-0.008939132354925874,0.04925163119991175,-0.0006000000000000005
2009-09-01,-0.00915157886809881,0.005339040892428647,0.002591178413062892,-0.02230435537584401,0.11397381144973813,-0.00020000000000000017
2009-09-02,0.004358331612528916,0.024095025081346855,0.005444584401918981,-0.0037993318269995495,-0.008613317791319382,-0.0008999999999999986
2009-09-03,-0.001241126465564239,0.0131166004758767,-0.0035905410321316294,0.0082804280877433,-0.06430783995671317,0.00040000000000000034
2009-09-04,0.0026408507217955185,0.000717982446260517,-0.006013481314268071,0.013911708268423006,-0.07031161597864505,0.001200000000000001
2009-09-08,0.011937900135362485,-0.0010258358982360054,-0.0023046291431305884,0.008585844994304249,0.014151203242167076,0.00020000000000000017
2009-09-09,0.0030213395076040127,-0.0035987748498096305,0.0008789590440508701,0.007645052395784034,-0.052074284675930935,9.999999999999786e-05
2009-09-10,0.0022866815609291144,0.006366128093033357,0.007439151413347822,0.010166893213212838,-0.032173256483773484,-0.001200000000000001
2009-09-11,-8.748159621725039e-05,0.010993614941951805,0.0029382332630619058,-0.00019100624121567658,0.025158576236887328,-0.00020000000000000017
2009-09-14,0.0043250049163589465,-0.008335920016645862,-0.005885795080160747,0.004856021238923299,-0.012080922052429374,0.0008000000000000007
2009-09-15,0.0018908128244945895,0.009550031319132289,-0.002077970518943652,0.004170439143262085,-0.01861308082309251,0.0005000000000000026
2009-09-16,0.0027913687387891195,0.010160563341840068,-0.0007674518044599193,0.015020928631140788,0.01146267928707065,9.999999999999786e-05
2009-09-17,0.0014280871750399762,-0.0057215445842040275,0.004920542387407842,-0.0014919417230582447,-0.0016899419061387612,-0.0006000000000000005
2009-09-18,-0.001148576406181736,-0.006767342503089441,-0.005359691273968257,0.0006374667897640711,0.011351833463833404,0.0007000000000000028
2009-09-21,-0.002175601723122646,-0.0031467067584414806,-0.0006580763304686762,-0.002533048014363948,0.00583575607764696,0.0
2009-09-22,0.008671736339453676,0.013230487054919103,0.002630625607153893,0.005807274630028896,-0.04158425001535569,-0.00030000000000000247
2009-09-23,-0.005818908361053961,-0.008463489692784406,0.002186457733691105,-0.008347141469315282,0.01760835059275403,-0.00020000000000000017
2009-09-24,-0.005111607306385965,-0.013036122562252067,0.0027275953302203317,-0.011079882620299535,0.06029906384924037,-0.00040000000000000034
2009-09-25,0.0023175538913464285,-0.005654119849773808,0.004021803016533554,-0.005347105379637079,0.026109071267719067,-0.0006000000000000005
2009-09-28,-0.004322719906256064,0.0005153625568476521,0.0017332135660527595,0.01774487907319709,-0.02891868990424952,-0.000299999999999998
2009-09-29,-0.0020448955228323158,0.003907833509276226,-0.00043291621822425446,-0.0030145331482405347,0.012382877425962124,0.0
2009-09-30,0.004328539614152708,0.014469359610812447,0.0007585359028626497,-0.0038754288732792074,0.016535812478287313,0.0
2009-10-01,-0.009538804484458692,-0.00975914114205605,0.007494917897588512,-0.025126074554115346,0.09881826385407708,-0.0010000000000000009
2009-10-02,0.005093513742767313,0.00489151440733466,-0.000430980369641716,-0.004672432388047387,0.014398838474078217,0.00030000000000000247
2009-10-05,0.004782403331256961,0.014632653538604433,-0.000108522801154317,0.014818082114374775,-0.0663067085835634,0.0
2009-10-06,0.004201471885613791,0.02434557750386831,-0.0032387592031192965,0.014222752313608233,-0.043402296201040136,0.000299999999999998
2009-10-07,-0.000691606206369541,0.0007818787663110404,0.0063606094820500576,0.0027444535708665368,-0.04049781018503955,-0.0006000000000000005
2009-10-08,0.0047335679864074385,0.012427332550376955,-0.003660565989423123,0.007627331413183471,-0.02046735359484757,0.0006000000000000005
2009-10-09,-0.00320235757093146,-0.007749003016846714,-0.009646394090736667,0.006078470285864914,-0.04482777770444805,0.0012999999999999989
2009-10-12,0.003986036042489614,0.006976784520625118,0.002935869903847609,0.003907745439110122,-0.004769166108864544,0.0
2009-10-13,0.003586384382157092,0.006736668520876528,0.00227824587993071,-0.002045354932346434,-0.0008695851749566065,-0.0006000000000000005
2009-10-14,0.005776870106051113,-0.0007676245830556807,-0.006849156095691267,0.017069055351302806,-0.005670643753169884,0.001100000000000003
2009-10-15,0.0015990026972394623,-0.01275132896577922,-0.0032776361712902598,0.003652780255681139,-0.0511552216139867,0.00040000000000000034
2009-10-16,-0.003210401726072161,0.0031061924936279916,0.004585761164732835,-0.00750186097541382,-0.013441639726148126,-0.0006000000000000005
2009-10-19,0.003808821517313419,0.010124989184004255,0.0015247920110017961,0.008230818615128139,0.002795876277725849,-0.00020000000000000017
2009-10-20,-0.0020331366620663554,-0.007801678695170401,0.0022812999190175995,-0.005297021586736354,-0.027838559285173228,-0.0006000000000000005
2009-10-21,0.0048354416855880475,0.003185809847766886,-0.0022812999190177283,-0.00901401533655871,0.06124361259071984,0.0006999999999999984
2009-10-22,0.0023288212437660755,0.0016371956316875906,-0.0029417117374078232,0.010112349046828176,-0.07134223573953925,0.00020000000000000017
2009-10-23,-0.0021186548612736797,-0.004146385704316212,-0.004922063846603294,-0.011499159388285135,0.0735899842546418,0.0006999999999999984
2009-10-26,-0.009932137573453494,-0.015875641589657274,-0.005717518098829877,-0.010883944121597,0.08764726453494504,0.0008000000000000007
2009-10-27,-0.0030124157205675193,-9.819975733603636e-05,0.00856445974095557,-0.004594247510938813,0.021164830088030585,-0.0009999999999999966
2009-10-28,-0.006704480322511892,-0.011057424410540882,0.0030569372002696403,-0.019068182012500746,0.11693244563366699,-0.0005000000000000026
2009-10-29,0.008261427013941842,0.019271061704086094,-0.004807876371313696,0.02122742179162519,-0.11975558502067886,0.0008999999999999986
2009-10-30,-0.007245287126007325,-0.001559338208545283,0.007419836850023059,-0.029401399300469575,0.21470742897291503,-0.0011999999999999966
2009-11-02,0.002788426845134525,0.01375455816989644,-0.002634971147364815,0.007311929744419829,-0.03009983572019363,0.00040000000000000034
2009-11-03,-0.0029209716208634527,0.023859334198798238,-0.0023109676256289078,0.003158129636169317,-0.033114519753926645,0.0004999999999999983
2009-11-04,0.009323759374994479,0.005993644061587079,-0.002758087080815614,0.0025767572062660397,-0.03856838100826559,0.0006999999999999984
2009-11-05,0.0006098505109553054,-0.001121030724287651,0.00022072510202291996,0.018227807846652504,-0.08622455811629186,0.0
2009-11-06,-0.0019619200476894564,0.004197543036965226,0.002978579358749241,0.002617457020403323,-0.04999024473509351,-0.000299999999999998
2009-11-09,0.010658646776519598,0.007049487746250498,0.0004402344510577753,0.02252020342441441,-0.04394458264548605,-0.00020000000000000017
2009-11-10,-0.0012148304254551994,0.001846864931193741,0.0007699139529754345,0.00018252213552554287,-0.013481372585528962,-0.00020000000000000017
2009-11-11,-0.00038967818635332743,0.011101532395072736,0.0028557016695698323,0.0050970478313084105,0.008718484095579333,0.0
2009-11-12,-0.008519445834414162,-0.012763585468758788,0.0003289450363720799,-0.010220020665421874,0.050772276194674205,-0.0004999999999999983
2009-11-13,0.0034974141883518895,0.014040137041637264,0.000767781799313115,0.005396927385653994,-0.03697896767070436,-0.00020000000000000017
2009-11-16,0.0050070746502096555,0.01707589425776357,0.005353707577173196,0.014400325719897368,-0.020325076788164757,-0.0010000000000000009
2009-11-17,-0.007151619088631517,0.0030411827518564915,0.0021758358252628525,0.001168091890159104,-0.021192826296008688,0.0
2009-11-18,0.005160741075628836,0.0024975374482029953,-0.0025033735845731812,-0.0006292494924816043,-0.035426079838459114,0.000299999999999998
2009-11-19,-0.0025240136591121727,0.0004453622970806544,0.001197888453225227,-0.013116555761753135,0.04519522139499522,-9.999999999999786e-05
2009-11-20,-0.0035141361630797808,0.005682836942088943,-0.00010827251512798532,-0.0035573966009200745,-0.019634661548459092,9.999999999999786e-05
2009-11-23,0.006576577177872717,0.011882360058537005,-0.0014167203557941925,0.012622347762481192,-0.047529161233042204,0.00010000000000000231
2009-11-24,0.00031426739570351,0.0038424851504036766,0.005111985137811242,0.001532763978743871,-0.03315223364974477,-0.0005000000000000026
2009-11-25,0.010713511782507611,0.016339238275087858,0.003357016007296902,0.003507483556676931,0.0004884116903592344,-0.00040000000000000034
2009-11-27,0.0011985418898353367,-0.013467099128963782,0.00453094723112932,-0.016384287739869777,0.18897257989328795,-0.0006999999999999984
2009-11-30,0.003198143005990216,0.005028201653515501,0.0016126494719893632,0.003371138662450661,-0.00934015083452732,0.0
2009-12-01,0.0033895727500187047,0.014934599861011129,-0.005528940681221316,0.012294417196622005,-0.11168174131794757,0.0006999999999999984
2009-12-02,-0.00134214190959636,0.015218446148337,-0.0020601272102905724,-0.0004492164813430135,-0.03717896698588821,0.00040000000000000034
2009-12-03,-0.00028632161771508267,-0.004035681973678197,-0.004677187565250032,-0.00785094338304672,0.061515409973235576,0.0007000000000000028
2009-12-04,-0.013928523991728394,-0.04259621807472397,-0.0074409990162584965,0.005691502952090236,-0.05537901317729945,0.0008999999999999986
2009-12-07,-0.0010690926460089581,-0.005642255891681633,0.0027426755313746326,-0.0015328577077110034,0.03922073041435473,-0.00040000000000000034
2009-12-08,-0.009762268503943279,-0.01928118006647899,0.0034993189574458504,-0.011158656166281079,0.06947541492950197,-0.00040000000000000034
2009-12-09,0.0027816483692903464,-0.000991934917722932,-0.0019679722204380607,0.0037333731686564234,-0.04445179184822154,0.0005000000000000026
2009-12-10,-0.0005746166380247928,-0.00018042626976952085,-0.0033950961612999,0.005619550766718603,-0.01511812502570094,0.00040000000000000034
2009-12-11,-0.007527862370553391,-0.013627902417121703,-0.004951014570114436,0.004238854360347214,-0.03325287224611783,0.000599999999999996
2009-12-14,0.0025909605860300294,0.008380429619065384,0.0,0.006816769295787443,-0.0205903641383489,0.00010000000000000231
2009-12-15,-0.007869014766812227,-0.00027215949101666397,-0.0032037687563448813,-0.004659085830650848,0.015947812547905137,0.00040000000000000034
2009-12-16,-0.0011045733053306746,0.012443778983734818,0.0,0.0015251067324554201,-0.045213450930488376,9.999999999999786e-05
2009-12-17,-0.012400677330579707,-0.03883007474829872,0.008812551938236369,-0.012088193839350931,0.09158541601333778,-0.0010999999999999988
2009-12-18,0.0001434031718653089,0.014887700748231857,-0.004947326848436484,0.0056415763798268155,-0.03756947443882889,0.0004999999999999983
2009-12-21,-0.004352535098154882,-0.018527626386022195,-0.010302924628037904,0.010111315002885372,-0.05645323956742733,0.0014000000000000013
2009-12-22,-0.0022689841604015518,-0.007319841214939189,-0.004464343523797295,0.003586431699703174,-0.0474732576117468,0.0006999999999999984
2009-12-23,0.005718051743872658,0.003572821407141551,-0.0004474832708182345,0.001966758846252453,0.008662381246092159,0.00010000000000000231
2009-12-24,0.0034034017111928072,0.016844635663340383,-0.0035874636007542375,0.004723282462291865,-0.012251290597476488,0.0004999999999999983
2009-12-28,-0.0016688583224906217,0.0017519015886225233,-0.002700028395763197,0.0021315180854612225,0.023351365419824868,0.00030000000000000247
2009-12-29,-0.0022256901578875045,-0.00999917422653521,0.002636808614766636,-0.0014203259414526553,0.004006010496929134,-0.00030000000000000247
2009-12-30,-7.172884769849826e-05,-0.005037332589067185,0.0017993365754750857,-0.00035544222691682325,-0.0025019350188013293,-0.00020000000000000017
2009-12-31,-0.0010463464530747226,0.003547401565526754,-0.004841816118672907,-0.009644369341913341,0.0826599656326056,0.0005000000000000026
2010-01-04,0.0023627630442169213,0.02293873768114764,0.0024799932848244017,0.016817497300218184,-0.07865986874615888,0.0
2010-01-05,-0.0040305221069684306,-0.0009112174071556114,0.004381522123258316,0.0026434214933853824,-0.035037882711671804,-0.0008000000000000007
2010-01-06,0.002646804798315725,0.016364952672508887,-0.004043733036377859,0.0007038175438653766,-0.009867674611151348,0.0008000000000000007
2010-01-07,-0.005988525735909824,-0.00620703144916329,0.0,0.004212355748594756,-0.005232894372593416,0.0
2010-01-08,0.006478351153559585,0.00495075538137829,0.001236906245903569,0.0033221614939000364,-0.05002389172924773,-0.00020000000000000017
2010-01-11,0.006926876198316234,0.013201473675457865,0.000674524927905877,0.001395425508301217,-0.032514072037455495,0.00020000000000000017
2010-01-12,-0.0023914361899113113,-0.021134489951311626,0.0071636224266013885,-0.009370151937988212,0.03911117358896017,-0.0010999999999999988
2010-01-13,0.0032624165675256152,0.009458279378539308,-0.004808021999303573,0.008411083951156086,-0.02216155043199965,0.000599999999999996
2010-01-14,-0.0016543361948232623,0.004383402504944763,0.004696210640799262,0.002700571694511664,-0.012401580789298185,-0.00040000000000000034
2010-01-15,-0.007540404328297255,-0.010498532177150062,0.004452068704474682,-0.01128696809974288,0.015757258745714202,-0.000599999999999996
2010-01-19,-0.008764058934729351,0.005935767413319545,-0.0017786327979074043,0.01241769352570107,-0.018597319635700774,0.000299999999999998
2010-01-20,-0.012023455501879625,-0.023406622544498403,0.0034427347594613313,-0.010220435999283316,0.06069156122051371,-0.0004999999999999983
2010-01-21,-0.0009448887352589319,-0.014516455339507784,0.0036521057330350126,-0.01941642164060747,0.17578705268671796,-0.0006000000000000005
2010-01-22,0.0031202553669439537,-0.0018644973871885428,0.0008832126540280899,-0.022544466106696363,0.2040124141057789,0.0
2010-01-25,0.0006365998603516985,0.002888473340999794,-0.0022089194416457457,0.0051150087284296975,-0.07211012460318689,0.00040000000000000034
2010-01-26,-0.00479955913635074,0.0007439937221865503,0.0019888405018213084,-0.004199400171413429,-0.03443096816347395,-0.00010000000000000231
2010-01-27,-0.003654736000310232,-0.009622184538243905,-0.0023208607094239854,0.004745543414091602,-0.05914912777450735,0.00010000000000000231
2010-01-28,-0.004493678129876433,-0.0004694185510533905,-0.00033231266756165843,-0.011538409263052711,0.025177355768109137,0.00020000000000000017
2010-01-29,-0.007264974338785467,-0.004895549849721357,0.003866880246286763,-0.010927846505478452,0.03681910368660482,-0.0005000000000000026
2010-02-01,0.004321987427387519,0.022305058135940522,-0.003436042585212742,0.015430537886106661,-0.08605181760919507,0.0005000000000000026
2010-02-02,0.0035297275541919383,0.007173093057516182,0.0016636845896646293,0.012031491204480303,-0.050385088905071464,-0.00010000000000000231
2010-02-03,-0.005394201396022321,-0.003948040904899996,-0.004775395750882515,-0.004995773322055809,0.0055710840212487844,0.0006000000000000005
2010-02-04,-0.011293223003581414,-0.0406494619043355,0.008205857171086335,-0.03135170192033985,0.18847540178231603,-0.0010999999999999988
2010-02-05,-0.004730733220285858,0.0029657764294868027,0.0031964950459167593,0.0020646909469221254,0.0011496719541274063,-0.00030000000000000247
2010-02-08,-0.0018587840154328738,-0.006132631197052165,-0.0008811332074905713,-0.007245964591179615,0.015203622847528674,0.00030000000000000247
2010-02-09,0.009287239831575736,0.01308209362845793,-0.005413963457714763,0.012482178201579928,-0.019425490913244598,0.0004999999999999983
2010-02-10,-0.002092706982513662,-0.002754962144308203,-0.002772777518169199,-0.0019605114002665233,-0.023347379015484247,0.0005000000000000026
2010-02-11,-0.005212626465916843,0.018940443772260437,-0.001222118952330792,0.010411830117416575,-0.058363423969406934,9.999999999999786e-05
2010-02-12,-0.003428251752621481,-0.0008404197035729754,0.0023330993685902086,-0.0008324493442778652,-0.052700117311324034,-0.00040000000000000034
2010-02-16,0.011987830695040481,0.02381725974040192,0.002215964024260376,0.015612090192596122,-0.021343609113017598,-0.000299999999999998
2010-02-17,-0.01170218360079305,-0.0033810306977535213,-0.005327730900751876,0.004727364115659551,-0.024108545160028468,0.0008000000000000007
2010-02-18,-0.010745953065451137,0.006659727627096444,-0.0035687958464186687,0.005878272374293163,-0.051487177049303376,0.0004999999999999983
2010-02-19,0.011344846050983796,-0.004648011335301192,0.0005586248581257052,0.002071292085020045,-0.030014489650524813,-0.00010000000000000231
2010-02-22,-0.0006941288237528771,-0.003660675124824127,-0.0007817467100976969,0.0001800812608939859,-0.004004005435470061,0.00020000000000000017
2010-02-23,-0.005792763300923249,-0.010877691236587123,0.00756805565127942,-0.012218969979599158,0.06926031728570058,-0.0010999999999999988
2010-02-24,0.0011911152884733632,-0.0049245049976189585,0.0005553258680847634,0.009155745718566408,-0.052846125555405736,0.00010000000000000231
2010-02-25,-0.0005280938935947858,0.008809784398268496,0.0036509148410254514,-0.0013546740967980476,-0.008422149003594115,-0.0006000000000000005
2010-02-26,0.006995482680619629,0.010287614912394953,0.0015438794257412655,0.0006320351770052728,-0.03030536847392214,-0.00030000000000000247
2010-03-01,-0.005071458325896351,0.0,0.0010397759494848976,0.010331311239178858,-0.012384047315929396,0.0
2010-03-02,0.004308478211709109,0.01442525680569016,0.0005512680795436061,0.0027670084707205546,-0.010438548047528058,0.00010000000000000231
2010-03-03,0.005928833785702982,0.0054794713974865225,-0.0009945502326349346,0.0008908559505089159,-0.012140531588905818,9.999999999999786e-05
2010-03-04,-0.008622155066121798,-0.007192294113451878,0.0017671386965295319,0.0030230962651938593,-0.005858904247674105,-0.00020000000000000017
2010-03-05,0.0033063934556413514,-0.00018051139298243165,-0.0047543204386447145,0.01419178383263568,-0.07197345856563155,0.0008000000000000007
2010-03-08,-0.0008855623903915136,-0.008428164684993479,-0.0026624142373410033,0.000175804343248314,0.0210175773367425,0.00030000000000000247
2010-03-09,-0.0007350346069989022,-0.0014571590358531733,0.0025523495798345556,0.0016605839628219543,0.00728085866348422,-0.00010000000000000231
2010-03-10,0.0026706168401981092,-0.011458028889065516,-0.0016647159699268597,0.004445949807543423,0.03562994712654911,0.00020000000000000017
2010-03-11,0.003074386641760194,0.0011977451434267712,-0.0008876336099076199,0.00416602273376648,-0.02784784051326585,0.0
2010-03-12,0.006163676066468489,-0.006003264758673336,0.0015531144198217236,8.699238239242686e-05,-0.026937630500326173,-0.00020000000000000017
2010-03-15,-0.006738314588262822,0.0037908941588109873,0.0,0.0002593425244484503,0.023609869978948532,0.0
2010-03-16,0.006655721326007922,0.018651124814839434,0.0038760927493712697,0.00793522837966289,-0.017372219534668096,-0.0004999999999999983
2010-03-17,-0.0022143784452942263,-0.007364051605517102,0.0012149390428978916,0.005909455674860578,-0.04509438447453756,-0.00010000000000000231
2010-03-18,-0.009094421161701699,0.006820378596121279,-0.002652604911428924,-0.000512402114907968,-0.017298313964267082,0.00030000000000000247
2010-03-19,-0.005674542232874572,-0.018846021182444456,-0.0013291270633212701,-0.005074852423348322,0.02084019886112588,0.00020000000000000017
2010-03-22,0.002222510096576412,-0.004906724488664302,0.0033181257008644324,0.005332262133087753,-0.005910092478852701,-0.00030000000000000247
2010-03-23,-0.007326482010404814,0.005276077362753657,-0.0020994000136584355,0.00700851374640076,-0.03130902563022129,0.00020000000000000017
2010-03-24,-0.010223632308132048,-0.018824492289792858,-0.010011734745410169,-0.004867048648644143,0.07082598576479658,0.0014999999999999992
2010-03-25,-0.0017980234110052788,0.004505317583276694,-0.0036957076983556787,-0.0016270184800558861,0.04729673744334929,0.0007000000000000028
2010-03-26,0.007707804989096178,0.016808656864527635,0.0023532938453140677,-0.00060041670460556,-0.03483897595585319,-0.0005000000000000026
2010-03-29,0.005284100879331864,0.0014723814641710547,-0.0014562875800800347,0.006327539111597679,-0.01018110050287433,0.00020000000000000017
2010-03-30,-0.004237636731491626,-0.007198247903797274,0.0010087820252041133,0.0006815750764984202,-0.02649930408016035,0.0
2010-03-31,0.0062348001309614105,0.009035611315005328,0.0023491841238187294,-0.0034129643161124965,0.02649930408016024,-0.00040000000000000034
2010-04-01,0.005608017460515234,0.011952199156018703,-0.0020757593460991137,0.006814492323792863,-0.00684548258246254,0.0005000000000000026
2010-04-05,-0.0011742507574594597,0.005697480924986897,-0.009022489381877854,0.008116357773085845,-0.026095934800838886,0.0004999999999999983
2010-04-06,-0.006480696650848827,0.0012617106108131124,0.0029404734635053104,0.0023550004615235307,-0.04752779671914686,-0.000299999999999998
2010-04-07,-0.003999225824925799,0.013063885742510774,0.006194613190108194,-0.0057287283597010335,0.023745486600978166,-0.0008999999999999986
2010-04-08,0.0009481548735943754,0.0014213706092301968,-0.0011229982922165637,0.0034576924477441044,-0.008459343218288435,0.00020000000000000017
2010-04-09,0.01040894266375973,0.008749871191504223,0.0011229982922164538,0.0065461262145890525,-0.020846871678683335,-0.00010000000000000231
2010-04-12,0.0070179832710689045,-0.005559222339984327,0.002690378303559713,0.0015879214390458374,-0.035312589480033366,-0.000299999999999998
2010-04-13,0.0009249428923986608,-0.002835621646023893,0.0019020390519101254,0.0007517892224621868,0.039023253787678465,-0.00030000000000000247
2010-04-14,0.0034762566030123536,0.003012551773767293,-0.0026852590923055445,0.01128528965348592,-0.03838159647613102,0.00040000000000000034
2010-04-15,-0.006017827303584209,0.005470304321850955,0.0016781430966038762,0.0008248499396657394,0.019060309297605035,-0.00020000000000000017
2010-04-16,-0.005171809284392402,-0.021433553562709342,0.006024151143602493,-0.016040041966982412,0.14448441628105355,-0.0006999999999999984
2010-04-19,-0.0012416783781394466,-0.0008093560236551188,-0.0024492333636546696,0.0037626044126367027,-0.05715843828373405,0.00040000000000000034
2010-04-20,-0.003876713889154276,0.0027851197891251185,0.0004453539349396312,0.008891287630697022,-0.09744629218328688,-0.00010000000000000231
2010-04-21,-0.0033665699312842,0.007597109309406448,0.003226038847738639,-0.0018220187737624809,0.03682164286759249,-0.0004999999999999983
2010-04-22,-0.008997571964234662,-0.004193637495525399,-0.002334654187150815,0.0029792252072262902,0.009149171662403265,0.000299999999999998
2010-04-23,0.008555801171260513,0.011998598472109824,-0.0027869065344060914,0.006506762898790325,0.009066337423824226,0.00040000000000000034
2010-04-26,0.0012856772942977386,-0.003894865830639106,0.0006691075838671323,-0.003783553820901258,0.04987824491900776,-9.999999999999786e-05
2010-04-27,-0.017350595323902363,0.01653654778371808,0.009328011813211728,-0.02393442335243412,0.26671392804128613,-0.001200000000000001
2010-04-28,0.003192375500305,-0.002795491486585015,-0.005098460261891119,0.007566853484279218,-0.0788742928290817,0.0008999999999999986
2010-04-29,0.0037860425403388816,-0.0002624679990349378,0.0016654857910394975,0.01232130967391548,-0.1338024729635468,-0.00040000000000000034
2010-04-30,0.002642793494121407,0.00940611214659533,0.0060813003228610005,-0.017107510376822344,0.17879032020206853,-0.0006999999999999984
2010-05-03,-0.007406060624911719,0.003202242039102839,-0.002625064932561748,0.01287893893587623,-0.08812510851608912,0.00030000000000000247
2010-05-04,-0.018039068609863564,-0.007458842798920222,0.006740371427291308,-0.023795379525243063,0.16617738982131128,-0.000900000000000003
2010-05-05,-0.011561530236906613,0.001913321093208226,0.0038456561112291026,-0.005974531447612612,0.04390447455087359,-0.0004999999999999983
2010-05-06,-0.014301298926443492,0.029114151638993547,0.01090978457253699,-0.03377759215659454,0.2751591689812272,-0.0016999999999999993
2010-05-07,0.009698510652536201,-0.0018584329204845893,-0.0027159540816000826,-0.014986954890424366,0.22192333680032972,0.00040000000000000034
2010-05-10,0.0018130244848811644,-0.005936219595425441,-0.0076444590495949455,0.04309886680427783,-0.35058851122248774,0.0011999999999999966
2010-05-11,-0.011751436422303828,0.025942805079309364,0.0012047061980181666,-0.00284470406550683,-0.01819505965805255,-9.999999999999786e-05
2010-05-12,0.0007200971762973788,0.006114187831152085,-0.002521443371509118,0.013888858824112957,-0.1041057816355011,0.0
2010-05-13,-0.007780520819727087,-0.0069433571267264235,0.0027404868977581433,-0.012508480993327263,0.04445175607175864,-0.00010000000000000231
2010-05-14,-0.014541713473336576,-0.0015771788582184835,0.006437993106703436,-0.01827108347643749,0.15778508515912648,-0.0010999999999999988
2010-05-17,0.0026609142594338016,-0.008426213640485975,-0.002177684006702157,0.0005269068705950089,-0.012886764002066555,0.00030000000000000247
2010-05-18,-0.017420541411739418,0.0010885264147745962,0.007277232269043249,-0.013696119238446776,0.0842242870344639,-0.000900000000000003
2010-05-19,0.017457670512705855,-0.024226160830335432,0.0008651846775175503,-0.00571039026772626,0.051412526418128913,-0.00020000000000000017
2010-05-20,0.006877180708703355,-0.006796610129532695,0.009683024085850207,-0.038490423928320805,0.25961637956760114,-0.0010999999999999988
2010-05-21,0.007037874568230381,-0.005366542125113491,0.0005358511966398055,0.01449328854981987,-0.1326894504023698,-0.0004999999999999983
2010-05-24,-0.017428508509895628,0.013962091277818433,0.0,-0.012913615966998162,-0.045404351121897134,0.000299999999999998
2010-05-25,-0.00032109748809052677,0.004440692858806834,0.003418917654120701,0.001020336520619586,-0.10182926985640793,-0.0004999999999999983
2010-05-26,-0.01411019910489194,0.009413635235164157,-0.0020289706826431848,-0.006046630911841788,0.011776664646823868,0.000299999999999998
2010-05-27,0.01427076073688679,0.0018552983674487234,-0.009556769692868044,0.03294895791646989,-0.16544591134781583,0.0012999999999999989
2010-05-28,-0.006007743200723137,0.0015994852276123958,0.004520714061202801,-0.012628832081352868,0.07744757560775381,-0.000299999999999998
2010-06-01,-0.004475054329738393,0.00862693406619541,0.0012917265829481934,-0.016966614802070654,0.1027378442978453,-0.00020000000000000017
2010-06-02,0.0004894631085020045,-0.0010847752867185415,-0.005717202136553025,0.025706115141731725,-0.16381079278721036,0.0006000000000000005
2010-06-03,-0.005699372486833643,-0.01531114045936818,-0.0014073874286880906,0.0034381482715625388,-0.023814675742251053,0.00040000000000000034
2010-06-04,-0.016438877880181633,0.01037330279219319,0.013772231536399393,-0.03576921122798162,0.18593576458183836,-0.0018999999999999996
2010-06-07,-0.004026206980611523,0.019113058305128095,0.0040526925537899845,-0.012529007918997855,0.03025907927695492,-0.00030000000000000247
2010-06-08,0.004109951497747085,-0.00404139168631843,-0.003091601976466932,0.0106550440142164,-0.08173036381884484,0.00010000000000000231
2010-06-09,0.0016655661095444536,-0.0036430115290506894,0.0001067821500279726,-0.005360058248212221,0.000889775504679736,0.00020000000000000017
2010-06-10,0.009712600726572622,-0.01327616331865968,-0.00933028816270271,0.028812182884480324,-0.09836850958225722,0.0012999999999999989
2010-06-11,0.0004117173657361627,0.008703719694756393,0.00633734296873419,0.004843962929037992,-0.05999098949562165,-0.0008999999999999986
2010-06-14,0.008552695671447725,-0.0034222616854406953,-0.0008566757522231863,-0.0015513705839810587,-0.007320966592035666,0.0003999999999999959
2010-06-15,0.008232084215862382,0.011555051138783242,-0.0031126042674933826,0.02248351559776367,-0.09962314119388707,0.00040000000000000034
2010-06-16,-0.0005788409597696201,-0.005469896230116363,0.0027907558511455384,-0.0003575684134795839,0.0019308457891662515,-0.0004999999999999983
2010-06-17,0.005679618852154692,0.012963065337676728,0.004705670632710918,0.0016063766943506842,-0.03414107735330462,-0.0006000000000000005
2010-06-18,0.0008794776975884809,0.0076002514535395095,-0.00202984316935511,0.0010834466207569789,-0.04490544136177523,0.00030000000000000247
2010-06-21,-0.006226657623137047,-0.020064832581080886,-0.0007481400211503823,-0.0028677936698162923,0.03809587842729903,0.00019999999999999573
2010-06-22,-0.0033320921830013402,0.008766162443343665,0.005974336757108857,-0.016653608206144074,0.08362274294797212,-0.0007999999999999962
2010-06-23,0.0035784942161648527,-0.004125418496021565,0.003713137597096558,-0.003107596882115992,-0.005189018019194372,-0.0005000000000000026
2010-06-24,0.001491632255975468,0.0028896292842949317,-0.0008473189603489744,-0.016709246563068002,0.09999497426740497,0.00010000000000000231
2010-06-25,0.0028788196091727477,0.011964406044451523,0.0015897374667194432,0.00417987852441,-0.04153674404301598,-0.00020000000000000017
2010-06-28,-0.007789398795184143,-0.013697206629814883,0.0070689362174715135,-0.0031568375399246233,0.016339640693575127,-0.0007000000000000028
2010-06-29,-0.007412309622866366,0.0014853964638133306,0.004300477848661327,-0.03136194944216751,0.16288096422763582,-0.0007999999999999962
2010-06-30,0.003577106199264277,0.0033752134718408188,0.0014647348453296462,-0.009545235030505993,0.011941305010714887,0.0
2010-07-01,0.022434959929625495,-0.03887888592484208,-0.00043956839794992344,-0.0044662505474651676,-0.049861968041400875,-0.00010000000000000231
2010-07-02,0.0050658469285492815,0.012312786265651068,-0.0017841110910441884,-0.005464937195147079,-0.08706670038873675,0.00040000000000000034
2010-07-06,0.006919288695354777,-0.016851426232847473,0.0024119745232295204,0.006534641575327586,-0.015727318216710653,-0.0004999999999999983
2010-07-07,0.0007197730453446378,0.010416771036920194,-0.003147461328501341,0.03101053898571576,-0.09956879478940259,0.0004999999999999983
2010-07-08,0.004812213760014204,-0.004426705679849722,-0.0024211782816382253,0.009846281804684498,-0.04301333212055243,0.00040000000000000034
2010-07-09,-0.003952752093030131,0.009763642764658647,-0.002636801154868822,0.007438023796317245,-0.028804499295796985,0.000299999999999998
2010-07-12,-0.004277160303314195,-0.008655160400420137,0.0016883443951649444,0.0006477978842654751,-0.022263588610730113,0.00010000000000000231
2010-07-13,0.01033933500313667,0.008655160400420107,-0.004969003194823692,0.014975767444628618,0.005307183772430138,0.0006999999999999984
2010-07-14,0.0015403690623002038,-0.0005070359076373576,0.004969003194823571,-9.106261040032016e-05,0.013347010323616926,-0.0008000000000000007
2010-07-15,0.014656530180525616,-0.0005918885128413167,0.005155397130883102,0.0002736236959522695,0.009994087026454842,-0.0006999999999999984
2010-07-16,0.0002586043942033506,-0.013282487126809024,0.005753503502919269,-0.02792081171428377,0.04320581015363658,-0.00040000000000000034
2010-07-19,0.0005821452256836634,-0.008089500274875499,-0.002611648963518152,0.005889189027965177,-0.01072398980292637,0.00030000000000000247
2010-07-20,-0.003590791079218506,0.007918090681685528,0.0010455458285701092,0.01103008808831352,-0.08180908456157115,-0.00010000000000000231
2010-07-21,-0.009750962757509874,-0.0068817738410447155,0.006353112003147459,-0.013082745565278131,0.06902069357467075,-0.0008000000000000007
2010-07-22,0.010524922553194389,0.00868040464199568,-0.005518970529341508,0.022076304130374695,-0.0401884301889857,0.0006000000000000005
2010-07-23,0.0007744690481291679,-0.0066109215447102,-0.003239640799211597,0.00864174596626175,-0.04824219745219505,0.0006000000000000005
2010-07-26,0.006633442012646263,-0.0049220747193229565,-0.0003148805488194555,0.010362002825246715,-0.032037362881358514,9.999999999999786e-05
2010-07-27,-0.0006237988062238497,-0.017552688498183856,-0.0034628752759802077,-8.99646108094996e-05,0.020035556571824643,0.0005000000000000026
2010-07-28,0.0001039629092840535,0.0023757910068710766,0.004300642932401718,-0.006475013736177438,0.04469544308640075,-0.0005000000000000026
2010-07-29,0.006582753168812028,0.004472337326195603,0.0020914099968995883,-0.004884541984897264,-0.004960772526220883,0.0
2010-07-30,-0.0029904301752239084,0.01044484170982206,0.00583363615827948,-0.00018136795754472468,-0.026455423707158032,-0.0008999999999999986
2010-08-02,0.010446432862118028,0.0004328706471263803,-0.0030981679684149335,0.022329493745957694,-0.06550351521274987,0.0005000000000000026
2010-08-03,0.003722536109771636,0.0038871637993980568,0.004688171541373813,-0.004800109556370651,0.0277795166230886,-0.0005000000000000026
2010-08-04,0.0,0.006273952596501905,-0.0041669505334441395,0.006660991708535617,-0.018733825875519007,0.00040000000000000034
2010-08-05,-0.0050786815117946455,0.0022250940386060744,0.004792029408372059,-0.0010628604008820338,-0.00496497090015242,-0.00040000000000000034
2010-08-06,0.0017646474237551716,0.007324732365886041,0.006524022871075758,-0.004084525828272357,-0.01642375461986057,-0.0008000000000000007
2010-08-09,0.007887125187317354,-0.003740820686149912,-0.00020710952086537012,0.005324330403729296,0.018232028547749267,0.0
2010-08-10,-0.004202688781353308,0.002806975212677366,0.005046018736721414,-0.005413450755787502,0.010334913305389496,-0.0006999999999999984
2010-08-11,-0.003407553186880817,-0.003318223315611171,0.005634345401802175,-0.027789427732223374,0.12663455865947473,-0.0006999999999999984
2010-08-12,-0.02619518817946638,0.012113149233667235,-0.002557592017485508,-0.006148845488743112,0.013302236825070628,0.00020000000000000017
2010-08-13,-0.001103967401704031,-0.00025261067028948305,0.0042920077732722306,-0.002950406142472086,0.01962734685065302,-0.0006000000000000005
2010-08-16,-0.004608142791233524,0.008303024914578124,0.007213475462597453,-0.00046126026041533205,-0.00534962640891136,-0.0010000000000000009
2010-08-17,0.0032105568602751244,0.0001670005247416709,-0.005074688239557717,0.01221045893080985,-0.07022517528471199,0.0006000000000000005
2010-08-18,0.005292525997281421,0.003917171473901901,-0.0010179257087987296,0.0018228827631995848,0.010629708773749458,0.0
2010-08-19,-0.001827205331509851,0.0014130601122222405,0.0044719065598823075,-0.017549993471681954,0.07253817274895275,-0.0006000000000000005
2010-08-20,-0.0037726963300603726,-0.0034947461752424026,-0.003249425638932283,-0.0032494027457605156,-0.03659182577359178,0.00040000000000000034
2010-08-23,-0.007680836874902004,-0.00158500505680003,0.0013213221309857138,-0.0038201823542784925,0.006647143832218493,-0.00020000000000000017
2010-08-24,-0.0059180871120244295,0.004830540187787872,0.007892995677397534,-0.01495427692486153,0.0677970137584628,-0.0010000000000000009
2010-08-25,-0.0001642736980887827,0.00827408323664724,-0.00454643899582658,0.003877532860122615,-0.028066773018711084,0.00040000000000000034
2010-08-26,0.002453840014940038,-0.0033014352071624076,0.004546438995826665,-0.006724554037452684,0.024783959734400795,-0.00040000000000000034
2010-08-27,0.003348889293448562,0.00041329960092031443,-0.011557660243574096,0.015371199060504057,-0.11281730659016735,0.0016000000000000014
2010-08-30,0.0037299821012289247,-0.0008267069892495315,0.007618949807256268,-0.014611200521646231,0.10695427202348279,-0.001200000000000001
2010-08-31,-0.006926953201297012,0.00963008506090641,0.004442572667978102,0.0,-0.04356678023655845,-0.0006999999999999984
2010-09-01,0.0016860217365177637,-0.003199735123742887,-0.007226821282934431,0.029473072788873348,-0.08655780312256645,0.0010999999999999988
2010-09-02,0.009074472093895964,0.004918433276591718,-0.004180493399114952,0.009268801807502738,-0.02973876149221447,0.0004999999999999983
2010-09-03,0.0017940314883815697,-0.0035224308588275117,-0.005736401433490553,0.012888534576168894,-0.0845447532479277,0.000900000000000003
2010-09-07,-0.00199656779676877,0.006869477016186175,0.007880573312100273,-0.01133665803694838,0.1105091275719851,-0.001100000000000003
2010-09-08,-0.014905775134682301,8.151368239010862e-05,-0.002756368559245931,0.006998741076574433,-0.02338041658778363,0.0005000000000000026
2010-09-09,0.004256166238409801,-0.00941589256292226,-0.007901747867947043,0.004608481322920499,-0.019106119150379595,0.0010999999999999988
2010-09-10,-0.003063653161283119,0.0013975570337529687,-0.002889387760786079,0.005036297687700233,-0.036611218724766796,0.00040000000000000034
2010-09-13,0.0018803207976895843,-0.0009040527231120308,0.004740615865429344,0.011061546166743872,-0.03611506874651994,-0.0006999999999999984
2010-09-14,0.012116094124892242,0.019541363578779693,0.005027601578834478,-0.0006216433891108425,0.01636699585833582,-0.0006000000000000005
2010-09-15,0.009259067637498604,-0.0006452186217995678,-0.0034845134054016075,0.0038099718904229013,0.02473790451474603,0.0006000000000000005
2010-09-16,0.001794455693757999,0.0055517285681441755,-0.0034989090854369662,-0.0002652167214709534,-0.0173441623325598,0.000299999999999998
2010-09-17,0.004670317385591432,-0.0007223690048193687,0.0022649821155524635,0.0003732676749738107,0.013263442485142671,-0.00020000000000000017
2010-09-20,-0.0024552993407984166,0.0026462613270080075,0.0030797676936120083,0.015174674735364456,-0.023443970803746335,-0.000299999999999998
2010-09-21,0.0017624675229667383,0.009088067711881243,0.009283595136208442,-0.0020160498652467686,0.03877340299395738,-0.001100000000000003
2010-09-22,0.014438189232468136,0.0015066400907301708,0.0015219307697008774,-0.004925239612139239,0.007133326959073418,-0.0004999999999999983
2010-09-23,0.010059428719971675,0.0007921275940181802,0.0014179329000077723,-0.00814420062795205,0.058662810422590354,0.0
2010-09-24,-0.005382034059724173,0.003083123365456964,-0.004973551589539322,0.02041224381353716,-0.09484953378980528,0.0006000000000000005
2010-09-27,0.011938324449518322,0.00023676081451804774,0.007703833843760807,-0.004801579569402097,0.037518607510091076,-0.0008000000000000007
2010-09-28,-0.0029744172808687758,0.00887775210309078,0.003326356020468378,0.0034942470289527697,0.0026583739279075606,-0.0006000000000000005
2010-09-29,0.009763951553616946,0.0007818489523424245,-0.002417952052253828,-0.001745597294965384,0.02835520887593372,0.00040000000000000034
2010-09-30,0.004202116302138856,-0.00031261851296128827,-0.0012111720006942512,-0.0029744560068526004,0.019169948299257725,9.999999999999786e-05
2010-10-01,-0.000435887455197779,0.0077875946216159906,0.0005364457354413007,0.004196448385402341,-0.051959771122248685,0.00010000000000000231
2010-10-04,0.011301804002874788,-0.0034968907693697037,0.003535112967637104,-0.00753181189609534,0.044760922710600816,-0.00040000000000000034
2010-10-05,-0.007494084714141646,0.019503402251400258,0.00020107139931786001,0.019932055465730424,-0.07820279941476649,0.0
2010-10-06,0.011621940993247981,0.0062404468569036255,0.006431580728373931,-8.62038755110901e-05,-0.012485732502410215,-0.0008999999999999986
2010-10-07,0.0062030022828410275,-0.010984948981022643,0.0010006694291577168,-0.001207114701522365,0.003252021266236229,0.0
2010-10-08,0.0005707906624242484,0.009846345633438466,0.0004009726639420813,0.005593029958565441,-0.040223090069560916,0.0
2010-10-11,0.003557968270295541,0.004773561868528394,0.00099894762430456,0.0009431710237706681,-0.08828518266090632,0.0
2010-10-12,-0.006992247269975627,-0.002497534484728762,-0.002901568384486213,0.003081622253987864,-0.0015834671970587075,0.000299999999999998
2010-10-13,0.0026407171180504964,0.015863209004852077,0.0,0.007746867991730745,0.007368422266893659,0.00020000000000000017
2010-10-14,0.0036109743582841878,0.005059103545827353,-0.005728168432878882,-0.0039085959835250565,0.041597755404064914,0.0006000000000000005
2010-10-15,0.00747240431001589,-0.007972380291158545,-0.004343932463346128,0.0020411956721613517,-0.04369744162314467,0.0006999999999999984
2010-10-18,-0.0076818729058569,0.004478333523156747,0.00474651977181441,0.0049156288270272375,0.003147928340413181,-0.0006999999999999984
2010-10-19,-0.002036708965121064,-0.03154691181467764,0.003419226012270062,-0.013190872583978405,0.07758164067218151,-0.00020000000000000017
2010-10-20,-0.014224451459383529,0.009256897200788577,-0.0006024173966964612,0.009718680574668698,-0.04156948052632457,9.999999999999786e-05
2010-10-21,0.016177411923508914,-0.014187944908196784,-0.005540992373373751,0.0022032116186909492,-0.026627299695067767,0.0006000000000000005
2010-10-22,-0.0033177572614473817,0.0020061311504169905,0.0003038466577429833,0.001860779164705533,-0.02575699583881521,0.00020000000000000017
2010-10-25,0.0019503246474671958,0.008596340971850403,-0.00030384665774292624,0.002952820244564357,0.05541151600810789,0.0
2010-10-26,0.0003486567540382671,0.0002292345407023127,-0.006689255977749761,0.00016852274610013073,0.018468153282777625,0.0008000000000000007
2010-10-27,-0.0068118389124068365,-0.01044556780572793,-0.005813907017589629,-0.002868161800801691,0.023944451566878633,0.0008000000000000007
2010-10-28,-0.005512598943926412,0.01319240759250659,0.005813907017589676,0.00016897827285320687,0.008175091620792916,-0.0006000000000000005
2010-10-29,0.0,0.010460109173882851,0.0044642553020689596,0.0007600490752410295,0.015209494844409475,-0.0006000000000000005
2010-11-01,0.014195311128468011,-0.005292194751345636,-0.0016756696088882867,0.0003376990646543833,0.029283949401263522,0.00030000000000000247
2010-11-02,-0.004601149220226048,0.00431154796969714,0.0033491852853062003,0.007899193801867491,-0.011981720814033318,-0.00030000000000000247
2010-11-03,0.008956863160489622,-0.006968127295408858,0.0032374881719507624,0.004009672341834697,-0.09781680894979457,0.00040000000000000034
2010-11-04,0.006477529785477337,0.03333635562596672,0.008045591584090562,0.019074626188214042,-0.05463538336781784,-0.0014000000000000013
2010-11-05,0.007102992808711045,0.00256970222394171,-0.004215927773310871,0.003755675910574752,-0.014138366233869215,0.0005000000000000026
2010-11-08,-0.010755222451550838,0.010213058409749015,0.00030144397909152854,-0.001875951711467088,0.001641624757517966,0.00020000000000000017
2010-11-09,-0.014754701630107765,-0.01602260183973123,-0.0084837451831052,-0.007210218656277245,0.042286149562563116,0.001200000000000001
2010-11-10,-0.007062371717888688,0.012095658550698336,0.003746406205096146,0.0040211776633703525,-0.03249290498661731,-0.0007000000000000028
2010-11-11,0.00026172033842768085,0.0030556455565671583,-0.001112649373273094,-0.0037743694518516933,0.009162019478373773,0.0
2010-11-12,-0.011287233725628645,-0.029263198316056956,-0.008330419213484947,-0.011909272799488998,0.10046664800344551,0.0010999999999999988
2010-11-15,0.0052853524569610255,-0.009545029587657348,-0.012935685965369452,-0.0014149347670941491,-0.02009378234026954,0.0016000000000000014
2010-11-16,-0.008684748826313858,-0.011010377007280064,0.007412140926159203,-0.015702377367077403,0.11138191316624928,-0.0006999999999999984
2010-11-17,-0.006224990968142396,-0.004514997714772795,-0.0028757547715657452,0.0005076225139555489,-0.036991122836478665,0.00040000000000000034
2010-11-18,0.004692205558127927,0.013030179764404218,-0.0023688582045822758,0.014611074079681149,-0.14887968008978883,9.999999999999786e-05
2010-11-19,0.0075919229732363085,0.0008324236217627286,0.0020599797260282206,0.0027470364050110343,-0.0386021870320907,-0.00020000000000000017
2010-11-22,0.006357057443670333,0.009635717541740217,0.005336827664250444,-0.0008315575636726033,0.01812737952770139,-0.0008000000000000007
2010-11-23,-0.010418692601628437,0.006943235453942185,0.0020454687227766267,-0.0145829936667643,0.11602734149088692,-0.000299999999999998
2010-11-24,-0.015976469224680656,-0.001712729779152155,-0.010784065919642512,0.014666130365960577,-0.05325964909980555,0.0016000000000000014
2010-11-26,-0.0013616062857695526,-0.008006268905469849,0.00432724051919332,-0.011715460011246119,0.12750611600623357,-0.0006000000000000005
2010-11-29,-0.007654296583068306,0.003000481613543358,0.0021573855030541864,0.0030258518100847805,-0.03154541004057486,-0.00030000000000000247
2010-11-30,-0.010181003400475444,0.014204706278409088,0.0017420316112302743,-0.005638624150269443,0.08925379745577,-0.000299999999999998
2010-12-01,-0.008572467909573613,-0.00029537138827830117,-0.013238445829213139,0.02104468810691208,-0.09718109805803561,0.0016000000000000014
2010-12-02,0.010172388768411924,-0.0013305341112288544,-0.0024989568324717054,0.012727527682344881,-0.09676260488959114,0.0003999999999999959
2010-12-03,0.006914477075129106,0.021005714938510268,0.00010398875775351248,0.002688838115590506,-0.07383026588045195,0.00020000000000000017
2010-12-06,0.01501982086632797,0.007504135483824827,0.006237173236871472,-0.0010582895004084126,0.0005551056868191926,-0.0007999999999999962
2010-12-07,-0.009666231231329044,-0.01894037683401103,-0.016718912422886728,0.0005697984860478976,-0.001666242343565088,0.0019999999999999974
2010-12-08,-0.003183907449486137,-0.012606652684668887,-0.008572625756006506,0.003656819294654826,-0.013994071260302632,0.0010999999999999988
2010-12-09,0.00046369032544568266,0.004293772187225958,0.0021239838107028584,0.003886238119457866,-0.028009820502044536,-0.000299999999999998
2010-12-10,-0.0006622619605450978,0.00029550591176138747,-0.008521314664953004,0.005801104482869139,0.02065481369011863,0.0008999999999999986
2010-12-13,-0.003397481941385476,0.004715247621070945,0.0032040083338683353,0.000642073257401503,-0.003413050727946999,-0.000299999999999998
2010-12-14,0.014917942056763405,0.0009549986110493081,-0.010610778578166122,0.0008827929808384913,0.0034130507279471404,0.0020000000000000018
2010-12-15,-0.002581966069253917,-0.010927425511095372,-0.004103477672604744,-0.00458240221084096,0.01856592923226022,0.0003999999999999959
2010-12-16,-0.010301564827892904,-0.0066291956887806385,0.005933161211566855,0.005785014836577061,-0.031137593131403733,-0.000599999999999996
2010-12-17,0.001204167071185813,0.002910336725632516,0.008568086244884338,0.0010703596393955325,-0.07645505819295859,-0.0014000000000000013
2010-12-20,-0.0056771074032288945,0.006758064192099476,-0.00010646459991102387,0.00241060951548739,0.018450660728144403,0.000299999999999998
2010-12-21,-0.00357442036638203,0.001553132048372285,0.0021306563836006984,0.006320328742299342,0.0048632268879392915,-9.999999999999786e-05
2010-12-22,-0.0021359203069993963,-0.001997295201813413,-0.0027708191377390228,0.0031053357382427042,-0.06514513169301307,9.999999999999786e-05
2010-12-23,0.0019391577993921958,-0.0028919925235061706,-0.0035283533872579797,-0.0014319847215362653,0.06393151150041171,0.0005000000000000026
2010-12-27,-0.0036165516330958457,0.002669836944532674,0.0038484859903703643,0.00039818266204215766,0.070327788150448,-0.0005000000000000026
2010-12-28,0.0083667580069463,0.0161625389018061,-0.010560624409193902,0.001431653476341316,-0.008525179013007032,0.0014000000000000013
2010-12-29,-0.007869529179463017,0.003564587333997068,0.011180930622174939,0.0007149397318949487,-0.013793308523969885,-0.0014999999999999992
2010-12-30,0.010510944369789865,-0.004950202442879679,-0.00203359526456824,-0.0015897855238768198,0.013793308523969955,0.000299999999999998
2010-12-31,0.005782565559017043,0.012257650782176114,0.005022686515521708,0.0002387642047012372,0.013042404285116388,-0.0008000000000000007
2011-01-03,0.004252149381005968,-0.005203836674790001,-0.0030966712869971314,0.010284616922945685,-0.00791855875393745,0.0006000000000000005
2011-01-04,-8.014293648722583e-05,-0.023832475368098148,0.0023496973152878037,-0.0005507410361629339,-0.013146885617549748,0.0
2011-01-05,-0.0026811686131298852,-0.0028240572403502554,-0.010831908931292582,0.005183755176852164,-0.020930921509076987,0.0014000000000000013
2011-01-06,-0.012404565265891997,-0.004026801058528414,0.005163590323063786,-0.0019600718137268687,0.022081034256075088,-0.0006000000000000005
2011-01-07,-0.013538462981196372,-0.0018697884851869347,0.006627737769368974,-0.001964550490338755,-0.01505530673707864,-0.0010000000000000009
2011-01-10,-0.006559274229663774,0.004034322186689475,0.003404171157694804,-0.001259132872786546,0.023069161580720372,-0.00020000000000000017
2011-01-11,0.005404806830928461,0.005873031403827585,-0.003937068158599788,0.0035374056055086545,-0.037762344457729226,0.0005000000000000026
2011-01-12,0.0014660361185259315,0.004068526754664966,-0.0028832429903500843,0.008984076603800465,-0.03924437404302551,0.000299999999999998
2011-01-13,0.011058331339293227,-0.010463555902437563,0.006714793757300605,-0.0016347708948946842,0.00919403487664941,-0.0006000000000000005
2011-01-14,0.016987137040285576,-0.01019728850011685,-0.0027664932787467753,0.007218734758723866,-0.05841530988973345,0.00010000000000000231
2011-01-18,-0.007225863458861638,0.005561341914815331,-0.002451920178755916,0.001700312896058953,0.026174481700431212,0.00040000000000000034
2011-01-19,0.007065304177615816,0.0021711298182139015,0.0025590877848636656,-0.009854080700998377,0.08685381100839912,-0.00020000000000000017
2011-01-20,0.0055135520643753615,-0.01902521743105847,-0.007804419812889312,-0.0013263042256291913,0.038531696904147116,0.0010000000000000009
2011-01-21,0.0011844727598855896,-0.0012965579493562846,0.00332165243391814,0.0022613372718448235,0.02633172179517256,-0.00030000000000000247
2011-01-24,0.011187004268384345,-0.005126436648875738,0.00010638731973208236,0.005670616771688116,-0.04541199526859861,-9.999999999999786e-05
2011-01-25,0.0017993609499582805,-0.001996426218916223,0.005015186586336345,0.0005421642817743357,-0.0034051943421277995,-0.0008000000000000007
2011-01-26,0.003074654798690274,0.008114547464887574,-0.006084916966096701,0.0038632178843541892,-0.05552116871088159,0.0010000000000000009
2011-01-27,0.0017533191205943912,-0.02493473818294468,0.003740817565598373,0.0024651546900209182,-0.029889372665031708,-0.00030000000000000247
2011-01-28,0.0009464381911931488,0.018202729323755898,0.0045762063712647795,-0.017617287035409913,0.21581029585341144,-0.0006000000000000005
2011-01-31,-0.011013589801631637,-0.0031520585138855306,-0.003936989591164798,0.007488276597153133,-0.025778541854573116,0.0006000000000000005
2011-02-01,0.010341441443834263,0.00713554983027548,-0.004660079407359072,0.015882221453855636,-0.1023498312398844,0.0006000000000000005
2011-02-02,0.008428214648800938,-0.002679474165923171,-0.00236421827718637,-0.0019140871899196686,-0.018895491404016758,0.00040000000000000034
2011-02-03,-0.0008708792191564442,0.013325916144528013,-0.005721058722595029,0.002219772031689236,-0.0358966877307838,0.0006000000000000005
2011-02-04,-0.014091146651487621,-0.004093034478557125,-0.006188765566782858,0.002825127245012626,-0.04660562659314576,0.0010000000000000009
2011-02-07,-0.0036448069825923807,0.0001518114527852543,-0.00043613198851052927,0.006232976997271959,0.021733259672379525,0.0
2011-02-08,0.001249711868901054,0.011026520280860727,-0.006888618682259999,0.004536110782642703,-0.02929472498903481,0.0006999999999999984
2011-02-09,0.002572171414704725,-0.0005258409922787546,0.005689054541793294,-0.0022655211586466574,0.0037878495645686273,-0.0010000000000000009
2011-02-10,0.006877982506284142,-0.0016546424472632221,-0.0032785125988260516,0.0003778804880581541,0.013767443160521095,0.0005000000000000026
2011-02-11,-0.008715887067009048,-0.003997431521033765,0.00458605935107906,0.0059527495002423885,-0.025174430486962742,-0.0006000000000000005
2011-02-14,-0.006778061147924772,0.004749808107153751,0.0003281493767244234,0.0024009231626090665,0.016435277271826917,-0.00020000000000000017
2011-02-15,-0.002145678192252829,0.007642808665807496,0.002283553973823687,-0.00315256451515084,0.025991625377035844,-0.00010000000000000231
2011-02-16,0.0012949713556189896,0.0009699324016305088,-0.0014128983186192275,0.006295520445103531,0.02115512393964899,0.00010000000000000231
2011-02-17,0.005671923890932834,0.006985145327737571,0.0036938927051981996,0.00298421346775681,-0.007805453189304235,-0.00040000000000000034
2011-02-18,0.0037265989873324114,0.002736258909305569,-0.0002183709763768812,0.002083113173561944,-0.009691162776456846,9.999999999999786e-05
2011-02-22,-0.002273853873248204,0.006477679138460114,0.009606188838524644,-0.020273719861054623,0.2358439994040118,-0.0012999999999999989
2011-02-23,-0.0006291640435710969,0.008911682609680623,-0.002473052851755836,-0.006163439159151145,0.061981166112584404,0.00030000000000000247
2011-02-24,0.006584959722761727,-0.007518549348772146,0.0025810866319406676,-0.000687406549459088,-0.03728853115649204,-0.00030000000000000247
2011-02-25,0.004054861981699148,0.006572791889415744,0.0032160818490811816,0.0106365622712287,-0.10369421716700972,-0.00040000000000000034
2011-02-28,-0.0062134108425232456,0.002036059244667372,-0.0004280926924629923,0.0061771157328018725,-0.04632177252745284,0.0
2011-03-01,0.006323988320142943,0.017069773077460833,0.001137356141416554,-0.016813678004030448,0.13536893046173654,-9.999999999999786e-05
2011-03-02,-0.003600907318075315,-0.0007858590263391696,-0.005267659181797078,0.002136641763635523,-0.014864788622555494,0.0004999999999999983
2011-03-03,0.006854273404183277,-0.013165197646376121,-0.006815046642646817,0.01707761396369357,-0.10697213590002072,0.001200000000000001
2011-03-04,0.006636313575586683,0.009083177750322635,0.007137803904182041,-0.007520256004121537,0.024430268977963295,-0.0008999999999999986
2011-03-07,0.002277849059524925,0.002651630947559652,-0.002481250997762041,-0.007882308293476432,0.08060758609958137,0.00019999999999999573
2011-03-08,-0.0019148780882221393,-0.00257991119154468,-0.00237898105414958,0.008712443711469025,-0.04150794280134847,0.0005000000000000026
2011-03-09,-0.004736478296190604,0.000358740549755809,0.005830156057941273,-0.001434475075262978,0.01998066612911873,-0.0008000000000000007
2011-03-10,0.0003058256639182276,-0.011833598965568962,0.008468166000716638,-0.018679482788862653,0.07890075956399624,-0.0010999999999999988
2011-03-11,-0.007285940264144612,0.0032609684267887263,-0.002352004926664335,0.006902401911703154,-0.08584864817356255,0.000299999999999998
2011-03-14,0.009610277810928372,0.004619608225729074,0.002246005775348483,-0.00605603290477984,0.05096950088631146,-0.00040000000000000034
2011-03-15,0.004119090114892922,-0.018827992605934686,0.003622541765183957,-0.011523584814764589,0.14060525263927956,-0.000299999999999998
2011-03-16,-0.0004196014614677923,-0.0002201664404463368,0.00847377838532746,-0.018685955541636327,0.18969561681985533,-0.0010999999999999988
2011-03-17,-0.007274305353067595,0.005343855984731355,-0.0030629424618543325,0.013148293744323783,-0.10876762917897138,0.000299999999999998
2011-03-18,0.010608528143582223,0.010169288734282928,-0.0006349856004261194,0.00363052105278948,-0.07600587603532484,0.000299999999999998
2011-03-21,0.009758236005273894,0.005549394715688909,-0.005202026406146124,0.015378911812364797,-0.17044473163847124,0.0006000000000000005
2011-03-22,0.0032788511749044322,-0.0006470134817238508,0.0005321293760173143,-0.003474738859571588,-0.019598938401888862,0.0
2011-03-23,-0.003448881865391004,0.009234421102419529,-0.0012765730024166054,0.002857890986283954,-0.05283092507740427,0.00020000000000000017
2011-03-24,-0.004396579999943803,-0.008012599220911064,-0.005124801745504858,0.009517846446834044,-0.06297480314124997,0.0006000000000000005
2011-03-25,0.004665873036686528,0.0002872255603370287,-0.0026806106123285094,0.0030514574406483555,-0.005012550343247858,0.00040000000000000034
2011-03-28,-0.010348458425385098,-0.005183605936138139,0.00032273369791253903,-0.002440298954668309,0.08197361895147537,0.00010000000000000231
2011-03-29,0.0038223155090464124,-0.0023847279396549065,-0.0029009634217486728,0.006695789879629266,-0.06811146173366199,0.000299999999999998
2011-03-30,0.0022271443473864377,0.003322680368145147,0.0034368071723727485,0.006878064815327938,-0.025091964671491645,-0.000299999999999998
2011-03-31,0.0007198385926761102,0.008544930078369888,-0.0025771511342389595,-0.0013567539981359598,0.0016925638801745457,0.0
2011-04-01,0.00264427337899569,-0.0047302006629672795,0.0021332061552539025,0.004214400013375465,-0.019351779682477692,-0.00010000000000000231
2011-04-04,0.004555258551591935,0.004587159742600465,0.0022554511126744404,0.0008259137181520731,0.005730696632532733,-9.999999999999786e-05
2011-04-05,-0.00022757676402840172,0.01568024406451237,-0.005056936655409026,-0.00014982327420122465,-0.014388737452099556,0.0004999999999999983
2011-04-06,-7.100784488771909e-05,0.0023204441860725563,-0.004324341909821554,0.0031469482142936537,-0.020498544120514346,0.0006000000000000005
2011-04-07,0.008137852341283986,0.0009125601693485474,0.00010819966676594261,-0.0025469682105700073,0.012349524219459994,0.00020000000000000017
2011-04-08,-0.002319553553933248,0.008037287998853247,-0.0029292893608814786,-0.00345659121445753,0.043460252558278,9.999999999999786e-05
2011-04-11,0.01113145467756859,-0.007125452862238653,0.001303805036736857,-0.003014974202527383,-0.07432326273465698,0.0
2011-04-12,-0.0016761853499484781,-0.0072471647308646366,0.00562612612233735,-0.007501971671223137,0.029693392656053946,-0.0006999999999999984
2011-04-13,0.0026601441342125054,0.00204573660814561,0.0038766812530208936,-7.611812703864485e-05,-0.009997147368813642,-0.000299999999999998
2011-04-14,-0.0023713673931142335,0.013370425768477334,-0.0033375622654836434,0.000760315189604954,-0.03917340932078577,0.00019999999999999573
2011-04-15,-0.0006930226081929647,0.008585564685085078,0.007306198310270906,0.003641894812337705,-0.060163804974034875,-0.0007999999999999962
2011-04-18,-0.0013268596090236307,0.006048472882944081,0.0024600766058731987,-0.011271948861649938,0.10169843198983544,-0.00030000000000000247
2011-04-19,-0.013201218389951367,0.0,0.0012806404906808653,0.005728029419125163,-0.06895070730884925,-9.999999999999786e-05
2011-04-20,0.007983030985188096,0.003898423967414405,-0.003954466466239838,0.013539972903135647,-0.049200876685486825,0.00040000000000000034
2011-04-21,0.012204045850334869,0.001636922263399478,0.0007492206880924514,0.005095778374580437,-0.02553903076685448,-0.00010000000000000231
2011-04-25,0.0001454486848794958,0.0008854577994363184,0.003524418908773866,-0.0010469422987072737,0.07094246838144636,-0.000299999999999998
2011-04-26,0.001500587530156706,-0.0033417949897760106,0.004256237075957632,0.008568123259070425,-0.009557292917469819,-0.0005000000000000026
2011-04-27,0.0074483253643903595,0.019081653785337462,-0.0028706238902077197,0.0065078752628498675,-0.01743663820032272,0.0005000000000000026
2011-04-28,0.006247150367585486,0.004146955091005261,0.003825595643502673,0.003237941178866835,-0.04872505239071765,-0.0005000000000000026
2011-04-29,0.004325157197473037,0.01687711902897774,0.002013160813308964,0.0023481393156965027,0.008852636291892677,-0.00020000000000000017
2011-05-02,-0.0033787059479023535,-0.012946818420868185,-0.0003079415216815665,-0.001540399182445279,0.08072042974597282,-9.999999999999786e-05
2011-05-03,0.002013989446320694,-0.003529916511002363,0.0026502374393864484,-0.0036038128043194683,0.04344525257590385,-0.00030000000000000247
2011-05-04,0.000637587034117974,-0.014448752090855678,0.002538699039280206,-0.006652899867626649,0.022499418785859582,-0.000299999999999998
2011-05-05,-0.0002372689773262205,-0.029260291794056918,0.004951032646515037,-0.0090896302773442,0.06351345210893386,-0.0006999999999999984
2011-05-06,-0.01942983162322825,0.01267462896066856,0.0005251695234603599,0.004406242782210251,0.01092900788039054,9.999999999999786e-05
2011-05-09,-0.013249060409645273,0.014213726890232377,0.001469053216348518,0.00386761220963917,-0.06976955871514162,-0.00020000000000000017
2011-05-10,0.0016089019789561146,0.0035220099792790545,-0.004836488108974922,0.008499504851069142,-0.07563325240874326,0.0006000000000000005
2011-05-11,0.0024324576723161345,-0.009237945533017843,0.00357689527770575,-0.010580149377511805,0.06332004607863076,-0.00040000000000000034
2011-05-12,-0.013981429050206752,0.0003411664040718726,-0.0022071713635469542,0.004748760649531598,-0.055805869381146254,0.00030000000000000247
2011-05-13,0.0018918337014444718,-0.006570357296572971,0.0038861291090980495,-0.007728841382009663,0.06286050947195818,-0.00040000000000000034
2011-05-16,-0.0112977703556589,-0.0017870091740066025,0.0024086563742397892,-0.00636140708747906,0.06629445316939162,-0.00030000000000000247
2011-05-17,0.005675407039250048,-0.0043431154594507256,0.002923819694954818,-0.00015042539687550602,-0.03856306565829866,-0.000299999999999998
2011-05-18,0.0078031559590804175,0.005924110292412172,-0.0057518409834761775,0.008896414437905996,-0.0781925531178266,0.0006000000000000005
2011-05-19,-0.0009698341247313935,0.0003432638177482088,0.0010476418845872099,0.0023789092468110024,-0.044731809071559596,-0.00010000000000000231
2011-05-20,0.0042713937529626446,0.012553972615642393,0.002406705590331143,-0.007976620933291127,0.11606333279042583,-0.00020000000000000017
2011-05-23,-0.014807295825034742,0.0023025631834914487,0.001357983204018259,-0.011668815383937789,0.04706751840481784,-0.00020000000000000017
2011-05-24,-0.00491080546945864,0.005127833323306366,0.0010439311795518455,-0.0008331200100329348,-0.024938990528199548,-9.999999999999786e-05
2011-05-25,0.0044313439043920265,-6.726457516765322e-05,0.00010375196052263343,0.0033293013178766874,-0.042998885988750984,9.999999999999786e-05
2011-05-26,-0.001000576421538962,-0.0024258812883911256,0.0055104463893280746,0.00459709618163245,-0.05912454844075664,-0.0006000000000000005
2011-05-27,0.0035557552337789756,0.009935606280794308,-0.00010416347982188027,0.0038270418965491294,-0.006860058795599718,0.0
2011-05-31,0.0017457562225031591,-0.00040086563861292825,0.001554017279843196,0.01035722509564748,-0.03372892069363531,-0.00020000000000000017
2011-06-01,0.007345661044578403,0.0018027330517969423,0.008208161139826019,-0.0227169512935877,0.16929202715823813,-0.0008999999999999986
2011-06-02,-0.0057688880701898095,-0.0027387456222016378,-0.005989336760773321,-0.001062416316045797,-0.011541710314559759,0.0008000000000000007
2011-06-03,0.009787892775456952,0.004804501553227066,0.0039281799670970565,-0.009994619050508712,-0.007769150404256466,-0.0004999999999999983
2011-06-06,0.011597947006651978,0.0017292622165884623,-0.0006192197044536821,-0.010637519610406742,0.029639875582473423,0.00019999999999999573
2011-06-07,-0.004926573458887725,-0.0003987873752467306,0.001856510000021991,-0.0006198864249521616,-0.02297694530474654,0.0
2011-06-08,0.007039112620537417,-0.004063560992703724,0.00216098783891573,-0.004196310894955212,0.0390717744339484,-0.000299999999999998
2011-06-09,-0.005740449916637188,0.004993851388959323,-0.004017497838937647,0.007602518264748852,-0.055813194222516405,0.000299999999999998
2011-06-10,-0.0059254296558551925,-0.008805874461023683,0.0031950565536635034,-0.014008256955823323,0.059531641640499386,-0.00019999999999999573
2011-06-13,-0.012692808665095298,-0.00989874533208827,-0.0021634169553322114,0.0007833063336385434,0.03899636176522446,9.999999999999786e-05
2011-06-14,0.0058647989181821346,0.006072032480570563,-0.00797121472133172,0.01260625055912879,-0.0713267836313355,0.0010999999999999988
2011-06-15,0.0022949095577444933,0.003022245884073787,0.010751876705888005,-0.017945218074118117,0.15493269728215792,-0.0012999999999999989
2011-06-16,-0.0187242904703874,-0.0010063666073081164,0.0027715525803465087,0.002202132242669478,0.06404003274168413,-0.0004999999999999983
2011-06-17,0.0012062446435934565,0.006490278771680714,-0.0007176060317332236,0.0029791624910481943,-0.03948467872509901,9.999999999999786e-05
2011-06-20,0.0060386183828864196,0.0006000356050579211,-0.0015402799535306558,0.005102915073765724,-0.08896880193767574,0.00030000000000000247
2011-06-21,0.00281814011555654,0.004853865999923359,-0.0013370326195719083,0.013611437575363329,-0.05818882749495621,0.00020000000000000017
2011-06-22,0.003918490776311298,0.0015245138749051255,-0.0004112892030191928,-0.006043906466567653,-0.018192055632241733,0.00019999999999999573
2011-06-23,-0.0046917760211844595,-0.01770673421621351,0.005236681931076406,-0.0028798161892418044,0.04073562044358388,-0.0007999999999999962
2011-06-24,-0.0031013901197990096,-0.014121089335867159,0.004190066190814853,-0.011681207226037668,0.08968618418227677,-0.0005000000000000026
2011-06-27,-0.006939573877147329,-0.003630257057320092,-0.003883086955920014,0.008871758152660282,-0.025925643949755668,0.0007000000000000028
2011-06-28,0.010212755077597753,0.0034935800405475424,-0.009257883831478667,0.012968358897581323,-0.0700008535739844,0.0009999999999999966
2011-06-29,0.0028675385374914127,0.006407132466265777,-0.006012092285451108,0.008527378384026419,-0.10437564237253523,0.000900000000000003
2011-06-30,0.008391341255214162,-0.008049656026433037,-0.0034358453981602113,0.009517059189855836,-0.04439912286238242,0.00040000000000000034
2011-07-01,0.0012459111671488774,-0.0073558050101630275,-0.002501773078102752,0.014668104343194363,-0.040141268475327285,0.00040000000000000034
2011-07-05,0.0009018643223208997,0.018458359922485637,0.006269944273992647,-0.0008214138860687878,0.011901147937546404,-0.0006000000000000005
2011-07-06,-0.008621839124782656,0.008632944574224394,0.0017699245971789575,0.00119459451925524,0.017284423505444783,-0.00040000000000000034
2011-07-07,-0.006715271964029441,0.0016103488438778855,-0.003855686748761935,0.010322428032276005,-0.024157281497606094,0.0004999999999999983
2011-07-08,0.0022956118798976646,0.007348103376555757,0.01059125167420991,-0.007117925773728259,0.0,-0.0014000000000000013
2011-07-11,-0.011383380227067048,0.008878910398621733,0.007615249627086693,-0.018245787234928673,0.1423481881543563,-0.0008999999999999986
2011-07-12,-0.011423944125107234,0.007754066530314864,0.0014342771037726865,-0.0043281806784823485,0.07740409337301864,-0.00020000000000000017
2011-07-13,-0.005111737197767232,0.008927726045871467,0.0016368880562477991,0.0033428300083438887,0.0020110116122931533,0.0
2011-07-14,0.018810520333179828,0.002591642671108347,-0.005739631799066937,-0.006926591188774324,0.04373083961526738,0.0006000000000000005
2011-07-15,-0.005422794293077598,0.004261669024496625,0.00410274374281926,0.005788150958859163,-0.06300116998040314,-0.00040000000000000034
2011-07-18,-0.002417961070239476,0.008788653016896502,-0.0006143770418817534,-0.008234874707387907,0.07018690273821669,0.0
2011-07-19,-0.0007905338338717138,-0.012274058243285656,0.003782730418997703,0.016101257817846517,-0.08670775366373311,-0.000299999999999998
2011-07-20,0.004313475947415048,0.008755048684885084,-0.004910212729099728,-0.0006027362255789646,-0.0062662833908347405,0.0004999999999999983
2011-07-21,0.006826186504122887,-0.007656478889253896,-0.0055526119357200455,0.013775674081519123,-0.08354108793706973,0.0006999999999999984
2011-07-22,0.01045733930256299,0.008297158381419902,0.003808143314938465,0.0006690737121402387,-0.0022804461573577074,-0.0003999999999999959
2011-07-25,-0.0021894102326816866,0.007784134589571454,-0.0031896497112299444,-0.0055886497546457,0.0993493275536799,0.0003999999999999959
2011-07-26,-0.0011791597831046106,0.0027292577237113358,0.004216523753734214,-0.003743416878843105,0.04447418936170339,-0.0003999999999999959
2011-07-27,0.009457845483739503,-0.003683023077966326,-0.00164328981255804,-0.020687747560793345,0.12745762394882737,0.00019999999999999573
2011-07-28,-0.009357234372762336,0.0008267138480823339,0.001951522351638336,-0.002913965900626886,0.032537127039813284,-0.000299999999999998
2011-07-29,-0.0028562109862000085,0.006146757162875088,0.01203233467956934,-0.006858070895989983,0.061664776181036204,-0.0016000000000000014
2011-08-01,0.0022095686914159834,-0.0036074345335545903,0.003629569694852098,-0.0042618398866905854,-0.06504030362032044,-0.0004999999999999983
2011-08-02,-0.0070990908034767085,0.023807683707060965,0.00917111413631376,-0.025879362117909567,0.046654530877367,-0.0010999999999999988
2011-08-03,-0.00624157307721745,-0.00018574519969141986,0.0008021509088368863,0.005403999518259508,-0.058559462829848474,-0.00020000000000000017
2011-08-04,0.012594024584066252,-0.0052774225526159586,0.013143066921512363,-0.047973908932529744,0.30317312948471975,-0.0016999999999999993
2011-08-05,-0.02012000780048922,0.006886100677144776,-0.011641014259500456,-0.0014981088459799252,0.010681853166440157,0.0010999999999999988
2011-08-08,0.016009126384070146,0.032660154649896335,0.01578691756200028,-0.067340226744671,0.4054651081081644,-0.0018000000000000017
2011-08-09,-0.00866735690859503,0.00887627137888437,0.00579634170077191,0.045450494337179057,-0.3141400922450653,-0.0019999999999999974
2011-08-10,0.014876011691912184,0.03479474038575463,0.01313479027862303,-0.045183546324844046,0.203906650888555,-0.00030000000000000247
2011-08-11,-0.01812998575949092,-0.022182601344645846,-0.014801014451136345,0.04390603057710355,-0.09740592342173438,0.0016999999999999993
2011-08-12,0.0071727551751329995,-0.004578540379765363,0.006941145871166128,0.006710087417117638,-0.07009236003402193,-0.0009999999999999966
2011-08-15,0.003348851544809517,0.010709069242453939,-0.0037090866218091934,0.02094386748898676,-0.13180413133335822,0.0004999999999999983
2011-08-16,0.01144158353839791,0.0122643855311679,0.004585168668338284,-0.008575654862081549,0.030286543718461564,-0.0006000000000000005
2011-08-17,-0.0027971431025229287,0.002870760456120654,0.006983786533441278,0.0006687855753830468,-0.03942769206912638,-0.0006000000000000005
2011-08-18,0.002162104171317879,0.01874311163551858,0.0052067706933739,-0.044075613377884765,0.3009720478763144,-0.0008999999999999986
2011-08-19,-0.0072889300409729,0.012469732629723616,0.0010574287303780489,-0.016464903565591767,0.008866158863652942,-0.00010000000000000231
2011-08-22,0.003127549809473143,0.02545811201523618,-0.0018272164067548538,0.0007983696801629295,-0.014270931764199381,0.00030000000000000247
2011-08-23,-0.0005745892309911405,-0.03820924283947087,-0.004050959408046058,0.03238051249654602,-0.15710031547155853,0.0004999999999999983
2011-08-24,0.005284477204432829,-0.03447040239609572,-0.010782872397475034,0.013986373156245345,-0.010253627917988005,0.0014000000000000013
2011-08-25,-0.0017165651054168517,0.004127831942992827,0.006135555001780031,-0.015361448043454393,0.10212400157558968,-0.0006000000000000005
2011-08-26,-0.0027345999796553155,0.029216271136055655,0.003198126218130798,0.014429121481326823,-0.11079663576393041,-0.00040000000000000034
2011-08-29,0.008458165568049786,-0.02037867554084576,-0.00660250356728661,0.02833106263040384,-0.09761689822381693,0.0008999999999999986
2011-08-30,0.0020169063278352513,0.029521431261488856,0.006892570475156842,0.002633373779269021,0.01872083605794035,-0.0008999999999999986
2011-08-31,-0.006298246965419108,-0.007735058209084623,-0.0035857174972867643,0.00442775830873833,-0.03937878332105937,0.00040000000000000034
2011-09-01,-0.004061876891663101,0.0008436339994106385,0.007937316168786287,-0.010528228195294679,0.006305154996403678,-0.0008000000000000007
2011-09-02,-0.00786068113706364,0.0297438800607099,0.009129296997249759,-0.025881736664348266,0.06390974362318579,-0.0012999999999999989
2011-09-06,-0.0067024208587802584,-0.0018572769704758563,0.0013385160866145615,-0.0073239265319730035,0.08691315570208864,-0.00040000000000000034
2011-09-07,-0.004266017699107671,-0.032337903821831465,-0.0053641473126931965,0.027816995525990516,-0.102960962411877,0.0006999999999999984
2011-09-08,0.005870477632930883,0.026360554098634244,0.0048864750944662295,-0.010445827019758493,0.02777131549534588,-0.0004999999999999983
2011-09-09,-0.012972900658712348,-0.006123991593192362,0.00486132615639875,-0.026559250325665144,0.11544933308602358,-0.0007000000000000006
2011-09-12,-0.0220572234221509,-0.022554605449326134,-0.0030475234811674352,0.00644907935089215,0.0018155806898890782,0.00010000000000000009
2011-09-13,0.004361773914953828,0.010529052886616642,-0.002962224498788462,0.009129623199354325,-0.044510666595751563,0.0006000000000000005
2011-09-14,0.0018869418026663388,-0.007477120273184911,0.0005737779457428634,0.013748761361851566,-0.06462887494472323,0.000299999999999998
2011-09-15,0.004375422555973543,-0.015984031396099732,-0.007487024102550057,0.017110086873943435,-0.07905569636918895,0.0006000000000000005
2011-09-16,0.008905725369257938,0.00930295164559379,0.0019256627739787386,0.005900977714493006,-0.03145612138132273,-9.999999999999786e-05
2011-09-19,-0.012158241542317379,-0.015572543748898304,0.008140736772118365,-0.010007212013556619,0.054950254314411855,-0.001100000000000001
2011-09-20,-0.00701793477064049,0.014151321817653911,0.0013344900163905372,-0.0011639158264527686,0.003964056656392645,-0.00020000000000000017
2011-09-21,0.006470001854692044,-0.012537030407863034,0.004277177245682298,-0.02990122245896249,0.1272732366184475,-0.0007000000000000006
2011-09-22,-0.00791112328165159,-0.026501628577849823,0.009252029205243265,-0.03285828502447654,0.1025430167662826,-0.0015999999999999992
2011-09-23,-0.007768149485341671,-0.0562714947767603,-0.008304255042745774,0.006007281831311791,-0.0024212717874639747,0.001200000000000001
2011-09-26,0.004891980751379578,-0.013989774992148278,-0.004177834321383646,0.023501654252843257,-0.05557676585421105,0.0006999999999999984
2011-09-27,-0.0021381407579063793,0.019170336530176878,-0.006683205183558888,0.011121479889560231,-0.03414905993431869,0.0009000000000000008
2011-09-28,0.004742617170867145,-0.0278383359714093,0.00019121632502758877,-0.020629617827678224,0.08559614264109512,0.000299999999999998
2011-09-29,-0.003295049128505972,0.009429196621174493,0.0,0.007872141483762031,-0.05607078228150384,-0.0003999999999999981
2011-09-30,0.0035531410374235097,0.0022802177134303657,0.006301514187839199,-0.025306838071549154,0.1008187815376994,-0.0007000000000000006
2011-10-03,-0.016692734873780066,0.01818123629201861,0.009218050669017206,-0.028870175343939947,0.05634340852038327,-0.0011999999999999988
2011-10-04,-0.012494336403770704,-0.02084198016777855,-0.005116450015281016,0.02168599766999915,-0.10744068750426934,0.00010000000000000009
2011-10-05,0.010185547222206373,0.011479200723122179,-0.0041871822943349785,0.018346051730741036,-0.07659849568188268,0.0010999999999999988
2011-10-06,0.0007334911524802194,0.006438520382399495,-0.006987209075018349,0.0179293929966807,-0.04158268830787137,0.0008999999999999986
2011-10-07,0.006651891750708847,-0.008196078194995479,-0.005199096612177145,-0.0067180438076248974,-0.001931826008410288,0.000900000000000003
2011-10-10,-0.003204324606318766,0.025369706940620972,-0.010579720317867379,0.032898309187724004,-0.09194568755219439,0.0
2011-10-11,0.01846812889909215,-0.007191831911733941,0.0033127101876294584,0.0010029982857903824,-0.004857321171782458,0.0008000000000000007
2011-10-12,0.0007502681894222245,0.00713052198207639,-0.003410112202040959,0.00873362698008645,-0.0499167988682174,0.0006000000000000005
2011-10-13,0.010659367654543648,-0.00589749505275014,0.003992898883992604,-0.0019896159090016614,-0.01807665287060719,-0.0005000000000000026
2011-10-14,-0.004101649642825564,0.006754651748949264,-0.004968659949915055,0.01694937891733701,-0.08352327492443873,0.0006999999999999984
2011-10-17,0.010396739799124631,-0.004784984318897891,0.006522982889404462,-0.019275680079786486,0.16751703115593075,-0.0007999999999999962
2011-10-18,-0.00977847161224981,-0.004807990522259361,-0.0010680344120897391,0.01935722172187784,-0.0563659566203956,9.999999999999786e-05
2011-10-19,-0.0002886106177473735,-0.012247215797121397,0.0015526601642001977,-0.011898956329493518,0.08732816062894928,-9.999999999999786e-05
2011-10-20,0.0018153769005150302,-0.013222651084731378,-0.0020389486915998725,0.004365588256652653,0.009823834143644138,0.00020000000000000017
2011-10-21,0.0010191461677501643,0.01103102964708361,-0.0018488006045795557,0.01880941096516568,-0.10478561244948577,0.000299999999999998
2011-10-24,0.004972779627426743,0.009359274408804371,-0.0004862100901078908,0.012186342775181633,-0.06803545796447935,0.00020000000000000017
2011-10-25,0.005373474888955781,0.02798622413330745,0.008536252314285715,-0.019635166342316636,0.09636601222100641,-0.0010999999999999988
2011-10-26,-0.0012800483196722503,0.010871290055837372,-0.007368166611763018,0.010107311580639447,-0.07606760308384569,0.0008999999999999986
2011-10-27,-0.0019862878480350443,0.012761764976101417,-0.012138570988258395,0.03424166354745944,-0.159411255381665,0.0018999999999999996
2011-10-28,0.02117679458620206,0.00041272557597136334,0.005990384539758578,-0.00023283028149577556,-0.03721167090735096,-0.0008000000000000007
2011-10-31,-0.00239252200635293,-0.013532963163571735,0.013322291348029511,-0.024401334173518877,0.19996624182822698,-0.0016999999999999993
2011-11-01,-0.020004690410207387,0.00023905679353779965,0.011923154974429764,-0.028284409650962673,0.14889183109455228,-0.0016000000000000014
2011-11-02,-0.014830645922874523,0.009986961282971352,-0.002393464184887483,0.016179578152708696,-0.06015733597571205,0.00020000000000000017
2011-11-03,0.002488550171164383,0.015611583405325672,-0.004710404353593426,0.01806350750549222,-0.07087093959617,0.0006000000000000005
2011-11-04,0.010168339083803348,-0.005079236179332056,0.0029829340558877654,-0.00611812812068982,-0.011210145532890866,-0.000299999999999998
2011-11-07,-0.002941386783075982,0.023885642975553973,0.001151281451875422,0.006197058795123072,-0.010331685462308806,-0.00020000000000000017
2011-11-08,-0.0021213249233894968,-0.008321169193389317,-0.0045194849413996135,0.012749069920787719,-0.0827264019220845,0.0006000000000000005
2011-11-09,0.004813917186178885,-0.008449074737466438,0.008827725332626274,-0.037607990696145566,0.274495080608096,-0.0010000000000000009
2011-11-10,-0.021921876021723154,-0.0054194819068881525,-0.004883864862555607,0.009374701356154069,-0.0972201424753009,0.00040000000000000034
2011-11-11,0.006146491362933261,0.016343494900231577,-0.0046185644497972345,0.01864739943570738,-0.08820353145600127,0.0
2011-11-14,0.01291731230363892,-0.004378447815266984,0.00624847488986283,-0.009519637787481912,0.035642100121649506,0.0
2011-11-15,-0.011882458131531732,0.0009233822403350991,-0.0013426543206754163,0.004929669850025592,0.0028869355989902972,0.00020000000000000017
2011-11-16,-0.008627619080228318,-0.01072881883307553,0.0036406152616431584,-0.01599001656024184,0.07078495856716777,-0.0005000000000000026
2011-11-17,-0.004904600520091122,-0.026049069788272285,0.0020061455944481712,-0.016004271092440868,0.02940523681211393,-0.0004999999999999983
2011-11-18,0.0012642820600115257,0.0031070114130365514,-0.0037283258661862987,-0.0010648868355702648,-0.0755131856730705,0.0004999999999999983
2011-11-21,0.005330151020494553,-0.024886493203201684,0.002773336275555484,-0.01920274452247156,0.028040655519001482,-0.0003999999999999981
2011-11-22,-0.003376779108307488,0.011009493958958352,0.003052485241643289,-0.003935527939889913,-0.028978616724785855,-0.00030000000000000024
2011-11-23,0.002781611528772255,-0.002907833444255293,0.0034224280355413922,-0.022313085471817363,0.06097416117828191,-0.0005000000000000004
2011-11-25,-0.0015742945900413458,-0.00871350577932607,-0.0063793633560943995,-0.0018890341238947403,0.01431731317004287,0.0008000000000000007
2011-11-28,-0.0013188670609156415,0.019574669781168473,9.593720798164291e-05,0.02855520044446852,-0.07029920957095136,0.0
2011-11-29,0.0002662579405180645,0.0014992056580314238,-0.00191195580812821,0.0028362233116895597,-0.04748388141901538,0.00030000000000000024
2011-11-30,0.0005328401093880924,0.019287858882640098,-0.005854175605810098,0.04032538225492619,-0.09727033169957447,0.0008000000000000007
2011-12-01,0.008953751721584781,-0.0029432561018175956,-0.0002891845161695635,-0.00016002389429846901,-0.014128088504900804,0.000299999999999998
2011-12-02,0.001708834052709402,0.0011194724078150643,0.004427386165683289,-0.0008805499764579352,0.004005124951172153,-0.0006000000000000005
2011-12-05,-0.0035622765220722865,-0.014830905352806206,-0.0005765607956013284,0.010833112745922573,0.011560811248108576,-9.999999999999786e-05
2011-12-06,-0.0024125830984946276,0.005126600507155191,-0.0025977970964718836,0.0003170095810288956,0.010362751720553426,0.00040000000000000034
2011-12-07,0.0018893801748214758,0.007227955332883408,0.004518110186273613,0.003715487599028113,0.019014689888726632,-0.0006000000000000005
2011-12-08,-0.0006168565991606585,-0.020395472758271072,0.005070068953582442,-0.022180342493380144,0.06482188059458883,-0.00030000000000000024
2011-12-09,-0.004360036407616262,0.002527218277842403,-0.006894149392367425,0.016800448904581686,-0.14806704767505136,0.0007999999999999985
2011-12-12,0.0019636871984335218,-0.026859852864766727,0.0034533629374543483,-0.01470512790892372,-0.02728311762076882,-0.00040000000000000034
2011-12-13,-0.015115494136826025,-0.022095571965698058,0.00458466163541352,-0.009382883456062018,-0.010180206528114803,-0.0006999999999999984
2011-12-14,-0.011602076165823342,-0.03572036229643507,0.004185245353702471,-0.010703159285357786,0.02449106117182846,-0.00040000000000000034
2011-12-15,-0.0023926060770595933,-0.0036694724115009882,-0.0008551097109453466,0.0036077053752733793,-0.03636765502226362,0.0
2011-12-16,0.00320015492202198,0.018858628346003374,0.004833566647039023,0.0014812391876360327,-0.03320141677099075,-0.0005999999999999983
2011-12-19,0.0005604067527000442,-0.0023218367153054562,0.003397567166408948,-0.0107491680526147,0.025605916275193444,-0.00040000000000000034
2011-12-20,-0.00223975638032038,0.013532357682449965,-0.009085498294564502,0.029811559082381846,-0.0706567502823589,0.0011999999999999988
2011-12-21,0.006145455045773066,0.0011460365099759205,-0.0032379457720649626,0.0019348083829820728,-0.08022212297237559,0.00040000000000000034
2011-12-22,-0.0036710010387116356,-0.007152076380172022,0.0012391515980005358,0.008819581426879561,-0.012679223947122,-0.00010000000000000009
2011-12-23,0.0012265345745920365,0.0017288576765001683,-0.004105116776452384,0.008901124899742261,-0.020530695413446605,0.0005999999999999983
2011-12-27,0.00043050615470083324,-0.008996872529867412,0.0005659489085540394,0.0007909315199174722,0.05536124227756756,-9.999999999999786e-05
2011-12-28,0.0016457621879670619,-0.025365842262780703,0.006300822377877839,-0.013210528917063757,0.07090799585009548,-0.0009000000000000008
2011-12-29,-0.011140426244686018,-0.0045791131052559195,0.001236467264005526,0.010280952275508756,-0.037691307406054676,-0.00020000000000000017
2011-12-30,0.0022259091925654617,0.010915393959510784,0.003510778364761753,-0.004928108234573303,0.032576170974418214,-0.00020000000000000017
2012-01-03,-0.001476294778110477,0.025528278105768725,-0.006366975007181009,0.0158107605894922,-0.01854701925366803,0.0008000000000000007
2012-01-04,0.008851823260751207,0.005053962921992179,-0.0031502589967216327,0.0015671758537785727,-0.033196233498517434,0.00030000000000000024
2012-01-05,-0.009589221588583361,0.006804643552456634,0.0001911895813632418,0.0026591719494621024,-0.03387050497983942,0.00020000000000000017
2012-01-06,-0.010522396330770371,-0.003682789348313295,0.00391204167909261,-0.002580938947612707,-0.04037596192658846,-0.00040000000000000034
2012-01-09,-0.009082195049580685,-0.004462850601680474,0.0001908005397822961,0.0024246406479737173,0.021103926929279832,0.0
2012-01-10,0.007509521425102243,0.01358147038393252,-0.002001376700289909,0.008633382594668166,-0.018199695762391194,0.00020000000000000017
2012-01-11,-0.0018890205884631987,0.006471693519725533,0.005802701383610196,0.0005415166762068124,0.017250006314429255,-0.0007000000000000006
2012-01-12,-0.002190950600397528,0.004436855940286991,-0.002088900844417493,0.0023966362717504006,-0.027940157755029386,0.00010000000000000009
2012-01-13,0.007561179282910563,-0.00700797748665459,0.004457607378314084,-0.00518652202848917,0.021267140013971963,-0.0005000000000000004
2012-01-17,0.001582201094193974,0.007755890232572322,0.0009461288660397457,0.0038731003942173953,0.059864817101697484,-0.00019999999999999795
2012-01-18,0.006213452606059644,0.006830241286203655,-0.0031246969184385563,0.010995598284527057,-0.06082177689380472,0.0004999999999999983
2012-01-19,0.009373893106579193,-0.0023542844291586738,-0.005992839865108026,0.0052625517641789535,-0.05005944755114069,0.0008999999999999986
2012-01-20,0.0076588581926248876,0.005258486434611419,-0.0034414516683747157,0.003720491143112114,-0.08340349521126209,0.00040000000000000034
2012-01-23,-0.006203948598389735,0.006702951032527608,-0.0022041421888698643,-0.0025801977520320514,0.021110358051409393,0.00040000000000000034
2012-01-24,0.010973357237505723,-0.007073309078255219,0.0011510327599966207,-0.0011402933910800008,0.01277291296112497,-9.999999999999786e-05
2012-01-25,0.0010817927973258263,0.026856674653672707,0.004780083472725718,0.008332531052536276,-0.032243545082321017,-0.0007000000000000028
2012-01-26,0.005072846961054672,0.00509459639654765,0.005327985247117411,-0.005142787413046969,0.01410002941192694,-0.0004999999999999983
2012-01-27,-0.0011135545992719772,0.01011189273071679,0.0030312233095302252,-0.000454789835434097,-0.0021562815776575575,-0.00030000000000000024
2012-01-30,0.008758027146282257,-0.005578663971878356,0.003399203617956731,-0.0034197694020397557,0.04588196905274399,-0.0005999999999999983
2012-01-31,-0.005190425851082879,0.007588812095342065,0.0037637033716708267,-0.00038099563814827676,0.00205978009849776,-0.00040000000000000034
2012-02-01,-0.004771364838780931,0.00147549236555642,-0.0034776040080737036,0.008719211160106734,-0.04686307857976045,0.00040000000000000034
2012-02-02,0.007086626342989132,0.008749097178977205,0.0014147736699624078,0.0015840946969107935,-0.031209744340761503,-0.00010000000000000009
2012-02-03,-0.0024991788451783035,-0.020137109848909707,-0.007950344063232116,0.013921354507938945,-0.05018151776708531,0.0010999999999999988
2012-02-06,-0.0007617070612134089,-0.002747786955391367,0.00275217815226907,-0.0006693515991196057,0.037870264634729735,-0.00040000000000000034
2012-02-07,-0.0004199085772778022,0.014961121796296195,-0.006465824708251377,0.0025256198687722687,-0.006212988685224795,0.0007000000000000006
2012-02-08,0.009624903949070934,-0.0070964044645123875,0.0004775913740134244,0.002963344377374629,0.028485603004440523,9.999999999999786e-05
2012-02-09,0.0,-0.002852704427427749,-0.002290439045507124,0.001256405282649786,0.025551774795347742,0.00030000000000000247
2012-02-10,0.0022548533864811308,-0.005251264443437007,0.005621617800914543,-0.007415096559547114,0.10969900634075187,-0.0008000000000000007
2012-02-13,-0.003142081581407857,0.0022112372609914763,-0.0006656626060442068,0.007415096559547256,-0.08793006845919248,0.00030000000000000024
2012-02-14,-0.005978392592412813,-0.002330930151636942,0.0020897667932816594,-0.0012564052826498815,0.02592161602100748,-0.0007000000000000006
2012-02-15,-0.0018404004398632808,0.0059064426447289235,0.0007589938537786266,-0.0046711793982747805,0.07870325810156545,0.00010000000000000009
2012-02-16,-0.005775290821672951,-0.0006545512723762022,-0.004561448787762886,0.011012428563108492,-0.09521558375363749,0.0006000000000000005
2012-02-17,0.005250071880237071,-0.0038765152743636634,-0.0010487609867089705,0.002642877005243494,-0.07787709911183271,0.00019999999999999795
2012-02-21,-0.0016917171206937813,0.02169306958114338,-0.003629081772854288,0.00043934665839481145,0.02279775318524723,0.00040000000000000034
2012-02-22,0.002909280005583503,0.011164193939316386,0.003915574301510745,-0.0032294631803699994,0.0,-0.00040000000000000034
2012-02-23,0.0009407535629053901,0.0004624917963242474,0.0014283841308338884,0.0044011151081560585,-0.07949318089383792,-0.00019999999999999795
2012-02-24,0.008854252024843193,-0.0045764514047417675,0.0007613771454682415,0.002193136292168114,0.029905497339419138,-0.00010000000000000009
2012-02-27,0.0069650518107681305,-0.003082017911286478,0.00332297857060438,0.001678514996219053,0.04958768355441875,-0.0006000000000000005
2012-02-28,-0.004501296873633843,0.01037124237129815,0.0004749425825414425,0.00291235736328705,-0.012725009991845157,0.00020000000000000017
2012-02-29,0.005309678317946272,-0.054486874448655936,-0.003988358359261557,-0.003933425090353157,0.025832776342231942,0.00040000000000000034
2012-03-01,-0.01172431625357161,0.014022637552039158,-0.003244864956229289,0.005168410489938974,-0.06558808932426767,0.0004999999999999983
2012-03-02,0.00013324235170368798,-0.0016218911795983044,0.004006984867920369,-0.003054125379506588,0.0017366537303545333,-0.0003999999999999981
2012-03-05,-0.010298493213170072,-0.00415677252468325,-0.002000649940556732,-0.00408670740964389,0.043017289864314204,0.00010000000000000009
2012-03-06,0.002997753502724959,-0.017969096432021343,0.004188588250201452,-0.014733230317003769,0.14516711879076255,-0.00040000000000000034
2012-03-07,-0.0077729242684906295,0.00569981581334447,-0.0019023175381296118,0.0069513853318727906,-0.09019635769213531,0.00020000000000000017
2012-03-08,0.0012606650839612945,0.010033186704286951,-0.002955192018116273,0.009900371529981527,-0.06052624617152485,0.0004999999999999983
2012-03-09,0.01022232014269834,0.0066333602174327025,-0.0007643548127583158,0.0038598752581530185,-0.04792703386156333,0.00010000000000000231
2012-03-12,-0.011351733684889787,-0.007904687473264298,-0.00028530679090781774,7.290511879044866e-05,-0.08983136650756689,0.0
2012-03-13,0.0032866561325980946,-0.01692317740609355,-0.007193865072917096,0.017865236368702332,-0.055204563411187506,0.0010000000000000009
2012-03-14,-0.0066934155038114425,-0.01696375000167828,-0.011520762478904205,-0.0010718110888298846,0.0338790434200462,0.0014999999999999992
2012-03-15,-0.004437467232810932,0.009418404028557977,-0.000292385868748168,0.005772425930736122,0.007159136005303549,0.0
2012-03-16,0.004306770378691392,0.0013648567003107786,-0.00029217023625468635,0.0013842555942788785,-0.06358781398555717,0.00020000000000000017
2012-03-19,0.007495963026750442,0.0017962362702596962,-0.006157295929038875,0.003912641370952085,0.038635756887973,0.0008000000000000007
2012-03-20,0.003947674646958991,-0.009076224493998303,0.0004900441021625339,-0.0029155459399189906,0.03527471956036078,-0.00010000000000000231
2012-03-21,0.0006351659930329813,0.0004994807381019333,0.005082554698233881,-0.0016387995365239468,-0.029308500181580873,-0.0006999999999999984
2012-03-22,-0.0014286315996364265,-0.004002753243231974,0.0012669636989553778,-0.007229806597077384,0.028666430881558343,-0.00020000000000000017
2012-03-23,-0.0010569483511521601,0.012208133046479623,0.0036918487672958464,0.0032277639967115018,-0.04936836696988123,-0.00040000000000000034
2012-03-26,0.0059068709937708545,0.017611569127534244,-0.0011644278449494734,0.013937358030103113,-0.03851916823901341,9.999999999999786e-05
2012-03-27,0.005781443740594299,-0.0070809013076213,0.005520986239432123,-0.003111724647139634,0.08917126182046484,-0.000599999999999996
2012-03-28,-0.0023485638912794206,-0.010654517949322703,-0.001739848053573163,-0.004970939854617143,-0.007727011011186045,9.999999999999786e-05
2012-03-29,-0.00018658498722988308,-0.0014250489249673808,0.004151342532702716,-0.0017102848727593022,0.0006461567442357963,-0.000299999999999998
2012-03-30,-0.000932462583469887,0.005194794327439433,-0.004926379134436875,0.004127511170994332,0.0012911853349168536,0.0004999999999999983
2012-04-02,0.0033340279933281388,0.0050452782243641,0.0023933758985411483,0.007288599537394811,0.008991733143546546,-9.999999999999786e-05
2012-04-03,-0.0018683789688872718,-0.01889597488595619,-0.0073811393762632516,-0.00409768237919285,0.0012779237501105423,0.0007999999999999962
2012-04-04,-0.008140106869707436,-0.016903541070223595,0.005055697931674356,-0.009960332924580149,0.04860774129443181,-0.0004999999999999983
2012-04-05,-0.006157205126725358,0.006972586754221729,0.004451354635879406,-0.0005002815888257103,0.015691342994415703,-0.0006000000000000005
2012-04-09,0.0010718930789401378,0.006673391569320288,0.010183012787922666,-0.01129511107245433,0.11897984981301525,-9.999999999999786e-05
2012-04-10,0.002461893528647215,0.01079681583610527,0.00467257916401278,-0.016927210119723857,0.08065593973177504,-0.0005000000000000026
2012-04-11,-0.002880336799999552,-0.0001862294945727839,-0.003908162105318797,0.008061526049899423,-0.018312757900103258,0.00040000000000000034
2012-04-12,0.0035361162191303876,0.010068896893171232,-0.002007657854058422,0.012981564683168962,-0.15182236857604123,0.00030000000000000247
2012-04-13,0.005261813324024981,-0.011435703837606927,0.006010628293247646,-0.01196025028774297,0.12806581922998678,-0.0006000000000000005
2012-04-16,-0.010104434712292337,-0.0024275594635374416,-0.0002852348889493076,-0.0006562819382512679,0.0,-0.00020000000000000017
2012-04-17,0.005367571161522159,-0.0013096363661056385,-0.0010476028660672473,0.014703407569824481,-0.05736906792683063,0.000299999999999998
2012-04-18,0.0006565486513047517,-0.005883121540853622,0.001998102194283035,-0.0033848127199454566,0.009703597033754667,-0.000299999999999998
2012-04-19,-0.0011814984245596726,0.0007529342193186616,0.0011401501429416671,-0.006441856010488729,-0.015135358077369416,-0.00020000000000000017
2012-04-20,0.001969930835327263,0.0006897239210806605,9.472600753570599e-05,0.0016685462875274451,-0.05140796933248991,0.00010000000000000009
2012-04-23,0.004479552111485653,-0.0029502294460589935,0.001991951592603473,-0.008444211979043569,0.08409229864712967,-0.00030000000000000024
2012-04-24,-0.00400612013976583,0.0014448331190362385,-0.0025609308128624743,0.003794254614391231,-0.046946788403077186,0.00040000000000000034
2012-04-25,0.003478129990540043,0.002006723784330158,-0.0012360685409092645,0.01359912659584496,-0.07334332294627904,9.999999999999786e-05
2012-04-26,0.0026430230552151124,0.00879471559167779,0.003322954933571592,0.006944811517133489,-0.035091315761353666,-0.000299999999999998
2012-04-27,-0.0031707498898219497,0.0021711872276646304,0.0010420558081703309,0.0016394525585339513,0.004914010196641713,-0.00020000000000000017
2012-04-30,0.0038325762457608417,0.0030934874938505622,0.0008522884615498346,-0.0037111361447877645,0.04960682053235149,-0.00010000000000000009
2012-05-01,-0.0001323482424511239,-0.0034653347638567127,-0.0018215122258897348,0.006200833595079188,-0.032595433026214614,0.00030000000000000024
2012-05-02,0.0,-0.00453550513766278,0.0018973203942804183,-0.0029882982378712213,0.01672672110759015,-0.00020000000000000017
2012-05-03,-0.006992582137937368,-0.010138997417698532,-9.459079804027342e-05,-0.007655147155225523,0.039494118343474806,0.0
2012-05-04,0.0006575988363031403,0.0031403115630244814,0.003972206129823839,-0.01629000294814695,0.08720120678517083,-0.0005000000000000004
2012-05-07,-0.01422541464811494,-0.0024485925648660245,-0.0002830885993145118,0.0007297183202058417,-0.011548648623565397,0.00010000000000000009
2012-05-08,0.00701557572102152,-0.01955122460022864,0.0022634354962626944,-0.0040194493306932345,0.0057909455681224384,-0.00040000000000000034
2012-05-09,-0.005081105594241374,-0.009856096620851877,0.0008476867296726815,-0.005949774191289109,0.05265722950063494,-9.999999999999786e-05
2012-05-10,-0.004538151038832012,0.001940260901209398,-0.0014130170918693502,0.0020605179253095863,-0.06427295240669122,0.00019999999999999795
2012-05-11,-0.00012929310372926858,-0.007848817296009933,0.0032933283514942134,-0.003018585871330335,0.054765723562189596,-0.0004999999999999983
2012-05-14,-0.0027126475267236125,-0.01462845943520308,0.0044059351067447915,-0.011122622680246825,0.09489881088287475,-0.0006000000000000005
2012-05-15,-0.005275033838975709,-0.010562401311462568,0.000280825255450241,-0.005758226140401999,0.004561982080337666,-0.00020000000000000017
2012-05-16,-0.007542386821841305,-0.001871650064246415,0.000747874302324611,-0.0038321138158711487,0.013562646681707613,0.0
2012-05-17,-0.0003819737284095427,0.022101053281684286,0.003730813510171092,-0.014941945824972476,0.09502435979369832,-0.0006000000000000005
2012-05-18,-0.0025429984175698956,0.011387791619555667,-0.0006521969081609281,-0.008595603230550851,0.024602999717589166,0.00010000000000000009
2012-05-21,0.005858493118947677,0.0006467713402268693,-0.0026118027324422005,0.017042136464854873,-0.13137095539837176,0.00040000000000000034
2012-05-22,0.002942062817123102,-0.016757749444190322,-0.0021502461864076334,0.0017410343936388835,0.021129098724974017,0.00040000000000000034
2012-05-23,-0.011463643314812278,-0.0030293517963689474,0.0026178967752770116,0.0005293654891484406,-0.006694942226927835,-0.0006000000000000005
2012-05-24,-0.008198335999706171,-0.0013859452168922916,-0.0021497201407509456,0.0019639751340892455,-0.0360193482035773,0.00040000000000000034
2012-05-25,-0.0020076839053987964,0.008352766698997548,0.002895475636520676,-0.003249968560720642,0.010161718274376503,-0.00020000000000000017
2012-05-29,-0.0035131701496244226,-0.010931873240010203,-0.0008392297692010839,0.012039485823480953,-0.0341234101408396,-0.00010000000000000009
2012-05-30,-0.003750514069733303,0.005875957660694494,0.009477305820551339,-0.014616518687306559,0.1379201680201901,-0.001100000000000001
2012-05-31,-0.008325603736316979,-0.001910905902789609,0.0038766075980209485,-0.0022032369103667346,-0.003319502035934977,-0.0003999999999999981
2012-06-01,-0.000989540607500082,0.03804809984180762,0.008553334194916822,-0.025499368965449028,0.1026136206774618,-0.001200000000000001
2012-06-04,0.003219473991748515,-0.0011434641458968186,-0.0057792416901667355,-0.00046831127000636287,-0.020462972488940353,0.0006000000000000005
2012-06-05,0.0085944941124048,-0.0011448702562414747,-0.0033183066003242847,0.007543482182529589,-0.05670812513565133,0.00040000000000000034
2012-06-06,-0.0037458462319731444,0.0004454100462342761,-0.0065764519601410245,0.022220061370961962,-0.10770435640914626,0.0008999999999999986
2012-06-07,0.008887825815465206,-0.017388437571983575,0.0024134755549345406,0.0006059884743276723,-0.02005539154112708,0.0
2012-06-08,-0.0002514601675505825,0.0014875385514176553,0.0007415909465004844,0.007920010781061847,-0.022818209299169886,-0.00010000000000000009
2012-06-11,0.005925750663966616,0.004063373582424457,0.002681949480463948,-0.012778603110009893,0.1041350819623545,-0.0004999999999999983
2012-06-12,-0.013315093840244313,0.007055420696368892,-0.005372158750899631,0.011425508105215778,-0.0644253117758245,0.0006999999999999984
2012-06-13,0.0021234780766652577,0.004209384361180728,0.005280081575004531,-0.0064154575586372565,0.09411601426022582,-0.0005999999999999983
2012-06-14,0.005517325267162982,0.004001687892130676,-0.0026832416426305237,0.010544596127390322,-0.1128508479519876,0.000299999999999998
2012-06-15,0.004284340363286039,0.0005703370916346761,0.004621797258218762,0.010175238620145015,-0.02664329987467879,-0.0003999999999999981
2012-06-18,0.00607974464967934,0.0005700119926437334,-0.0002763147236588799,0.0019365387872297274,-0.1417535481852228,-0.00010000000000000009
2012-06-19,-0.00847626681486473,-0.004887432513551658,-0.0034190140400428147,0.009625908042857748,0.003269728679481154,0.0004999999999999983
2012-06-20,0.006572341197575767,-0.007600729101789924,-0.002038356894091645,-0.001622602618066559,-0.0640308193080602,0.00010000000000000009
2012-06-21,0.0,-0.025651569647767526,0.0021313550973953628,-0.022694052120610462,0.1524920390646906,-0.00020000000000000017
2012-06-22,-0.010218955642809375,0.004070084458850245,-0.004359419508839577,0.007671824864232632,-0.10325998542624705,0.0006000000000000005
2012-06-25,-0.0011290236798987073,0.00731070579506714,0.00546884712939771,-0.016164368219045745,0.11808968101753213,-0.0006000000000000005
2012-06-26,-0.0026295053401312342,-0.007441769628189937,-0.002221227404542984,0.005012763092205823,-0.0329206722605773,0.00030000000000000024
2012-06-27,-0.001374578399849958,0.001375064652515789,0.0013880862826952515,0.00897661361994848,-0.013786205064603322,-0.00010000000000000009
2012-06-28,-0.0011231776588813778,-0.011715276484427288,0.003233853077645256,-0.0028578787510340144,0.013278965424603774,-0.0004999999999999983
2012-06-29,-0.002616018276440206,0.027039260378949704,-0.0046219393603404045,0.02462130733774876,-0.14321789082117195,0.0006999999999999984
2012-07-02,0.017077075094517457,-0.000644618456697509,0.004629031276251355,0.0030078888326258973,-0.016529342897415596,-0.0005999999999999983
2012-07-03,-0.005817033089813545,0.01516593043631744,-0.0024974759175887557,0.006571432000657243,-0.008368213416389917,0.0003999999999999981
2012-07-05,-0.0071093551558247935,-0.011368929003809548,0.002682226244216452,-0.004522720734239266,0.0491902533497088,-0.000299999999999998
2012-07-06,-0.010012806791382391,-0.012734817475435407,0.0035028444255699883,-0.009548910232977407,-0.023122395112683266,-0.0005000000000000004
2012-07-09,-0.009741754197162366,0.0021445114458555955,0.0027564706483634615,-0.0012553173502532866,0.050181517767085355,-0.00040000000000000034
2012-07-10,0.00381134718047147,-0.012345429133629288,0.00045856441214749025,-0.008758426551279442,0.04033243078579333,0.0
2012-07-11,-0.005037857568511677,0.0055057594568082525,-0.0009175271906552817,0.00014890860470809055,-0.042002276931786084,0.00010000000000000009
2012-07-12,-0.0007472579485057693,-0.002618033780691079,0.002292897878177999,-0.004856838424886285,0.02094890025149116,-0.00040000000000000034
2012-07-13,-0.004460309563896552,0.010106714486149358,-0.0008251267933660637,0.01663879282374244,-0.09073800630078965,0.00020000000000000017
2012-07-16,0.0045950129266621766,0.0004540770166103946,0.002197952881864054,-0.0023600977174910295,0.021862072187735355,-0.00020000000000000017
2012-07-17,0.0015936500109216209,-0.004810237265713993,-0.002564435532158356,0.006843680770811322,-0.037515626871911,0.00030000000000000024
2012-07-18,0.002210738434247454,-0.002740430809986751,0.0010084422459642171,0.007379428768808425,-0.019608453053774056,-0.00010000000000000009
2012-07-19,-0.0014743828693704612,0.002153848840418498,-0.0014670163140631182,0.002617347029847177,-0.044930052652173515,0.00020000000000000017
2012-07-20,-4.913176596844995e-05,0.001888899980288932,0.00393755533980032,-0.009190487918894194,0.051713958367934146,-0.0005000000000000004
2012-07-23,-0.012274862527051808,-0.0041734615256850535,0.0016439841585365416,-0.01016358292685388,0.13491336755414113,-0.00020000000000000017
2012-07-24,-0.0002425354611856021,0.00319690690338272,0.0019135618352515633,-0.008623661454366275,0.0947240492086748,-0.00030000000000000024
2012-07-25,-0.005151551233425392,0.013907490755906015,0.0005473113606512283,0.00022381335016217747,-0.05678486821430112,-0.00010000000000000009
2012-07-26,0.0064860945199821576,0.007041420048145291,-0.0031001025468676132,0.016362723756116207,-0.09826175981202437,0.00020000000000000017
2012-07-27,0.011477609095058215,0.00489956132478139,-0.007238716753739215,0.018264818936585797,-0.04850497299517483,0.0013000000000000012
2012-07-30,0.001966784285227875,-0.0006984831553893457,0.003213719939932604,0.0,0.07662831019101972,-0.0005000000000000004
2012-07-31,-0.0036845910317584796,-0.005988723225470398,0.0017399247059188853,-0.007018883641988187,0.048710906043783475,-0.00020000000000000017
2012-08-01,0.002823623134604158,-0.00866421414888581,-0.0036536214627856944,-0.000871579707659285,0.0015834671970587101,0.0005000000000000004
2012-08-02,-0.00429369295542993,-0.006531497290067034,0.002388266160663859,-0.006928334418392269,-0.07613856370970122,-0.0005000000000000004
2012-08-03,-0.005006360772785269,0.009170809124329653,-0.005244195733576047,0.019638566513770262,-0.11636112776111868,0.0009000000000000008
2012-08-06,0.020177824330586288,0.004810013989643127,0.0006450625766091448,0.0019359169937263542,0.019627060203807327,-0.00010000000000000009
2012-08-07,-0.003102311736323295,-0.00012799457656319368,-0.005267865427481177,0.005001201406703032,0.002504695259246882,0.0006999999999999984
2012-08-08,-0.00024778126439503194,0.0012789166070782496,-0.0013912745002625916,0.0012108899750858215,-0.04280436813944668,0.00020000000000000017
2012-08-09,-0.0011018543184398008,0.0032539650598126992,-0.0007424065596086613,0.000853527052831229,-0.0026143781296880443,0.00010000000000000009
2012-08-10,-0.006425823283212942,0.0012094547976165897,0.00287450583538638,0.0016342664949965684,-0.03597989502941656,-0.00040000000000000034
2012-08-13,-0.0013760045967251909,-0.007599660994752833,-0.0006480850941710034,-0.0004972705859711072,-0.0731690523214241,0.0
2012-08-14,0.004084343226895655,-0.005528431293767677,-0.004923380915872861,0.00014224036454023884,0.08060407202507917,0.0008000000000000007
2012-08-15,-0.0001232066733541915,0.003217920039555506,-0.005040634893564169,0.0011356120093070036,-0.014925668082526882,0.0007000000000000006
2012-08-16,-0.002953957235042525,0.005957880902347246,-0.002436795915067384,0.007351541695251775,-0.02351423358208983,0.00030000000000000024
2012-08-17,0.00554573565452952,0.0010214739315963608,0.0012188049400621943,0.0013374385062039334,-0.06058089740547146,-0.00020000000000000017
2012-08-20,-0.0020492605907647047,0.0034396702075541645,0.0005620320906518343,7.007623130027719e-05,0.041505822390387345,0.00010000000000000009
2012-08-21,0.00167857661380693,0.009934007742546973,0.0008431737188968206,-0.0030284658952252795,0.06889776255572581,-0.00020000000000000017
2012-08-22,0.009931792186990423,0.010708631507447481,0.007735487772668708,0.0004229287664142243,0.005974076750158761,-0.0009000000000000008
2012-08-23,0.004626998126816065,0.008373997600348033,0.0017634473560184571,-0.008212814014311773,0.05472884084873483,-0.00030000000000000024
2012-08-24,0.002133119763072035,0.00049405195165326,-0.00046381855991984986,0.006024394433515925,-0.05010680234053397,0.0
2012-08-27,-0.004536841412041868,-0.0037732430064034606,0.0025927831962219514,0.00021216886184496515,0.07424912860345381,-0.00030000000000000024
2012-08-28,-0.00022501368530915386,0.0017337390057776023,0.0003706595546754365,-0.0009895918792847526,0.008526202016725055,-0.00010000000000000009
2012-08-29,0.005641499164331914,-0.006517126164973718,-0.0006478222969831278,0.0007774230174398294,0.03398238806739672,0.00020000000000000017
2012-08-30,-0.003263397370650911,-0.0004359382542126009,0.001848851065932413,-0.007233475058853084,0.0441459168372183,-0.00030000000000000024
2012-08-31,-0.0016277448098994838,0.02278842769888954,0.006443207155241646,0.004757474410336466,-0.020397342754384595,-0.0005999999999999983
2012-09-04,0.0007549483439738081,0.0015819565772519967,-0.0022900839313835025,-0.0009213979495473074,0.028774918742170783,0.00020000000000000017
2012-09-05,-0.00414502090738888,-0.00103408368603259,-0.0003687739699032694,-0.0008511906308159313,-0.013438039604457028,0.00010000000000000009
2012-09-06,0.005404462387742879,0.0035237086061065126,-0.0068408087299170455,0.020093782744843015,-0.1285510252707345,0.0007999999999999985
2012-09-07,0.0023973159741336302,0.021301036576637185,0.0012981131870081386,0.0038869360911041036,-0.08143257845743901,-0.00010000000000000009
2012-09-10,0.012841104350352387,-0.0068508245778626286,0.00046270415376865057,-0.0056974192091148864,0.124099042500396,0.00010000000000000009
2012-09-11,-0.002683590425237534,0.0036397345213229062,-0.0018533336563127986,0.002783229962601288,0.007953493051893868,0.00020000000000000017
2012-09-12,0.0070436513619412215,0.0001191368766436192,-0.004928405837525633,0.003329521630284186,-0.03788094369878176,0.0007000000000000006
2012-09-13,0.003992063028549831,0.019987101882923578,0.0028862286812956495,0.015121798572957488,-0.11738754274955804,-0.00020000000000000017
2012-09-14,0.006992120632000732,0.002856260822614609,-0.009433565417546808,0.00442469057674281,0.03221567331498205,0.0012999999999999989
2012-09-17,0.009399574000485786,-0.008182448737126974,0.002062373734588946,-0.0034016859838247654,0.005498290322910908,-0.000299999999999998
2012-09-18,-0.0004852626786234526,0.007716671888582333,0.0025249921581556403,-0.000818187594204673,-0.028503830367537526,-0.00030000000000000024
2012-09-19,-0.004878140489867131,0.00011648676464511073,0.0023325735500052294,0.0005454886813398705,-0.021383579301864075,-0.00030000000000000024
2012-09-20,0.0009135958493321619,-0.0015734059198807039,0.0005584537216305907,6.771879455729076e-05,0.013595886112795186,0.00010000000000000009
2012-09-21,-0.006507866478759256,0.00285359936146375,0.002140479654051614,-0.00041736357397574516,-0.00641714537499546,-0.00030000000000000024
2012-09-24,-0.0003891232295926891,-0.0053060014063377545,0.0022279249723621605,-0.0015095183941687448,0.012086893068773724,-0.00030000000000000024
2012-09-25,-0.002072788097304648,-0.0016382823469836482,0.003701961822480168,-0.01069882140170945,0.08659908902289469,-0.00040000000000000034
2012-09-26,-0.0032173351848969363,-0.0056374963370224036,0.00414882567014562,-0.005637154854009614,0.08566022949714114,-0.0006000000000000005
2012-09-27,-0.0014308808636272067,0.014789097981363655,-0.002118427233245272,0.009377302884624003,-0.1246476676288535,0.00020000000000000017
2012-09-28,0.002450565575717097,-0.0026145147730523375,0.0,-0.004643239194146425,0.05824343994743472,-0.00010000000000000009
2012-10-01,-0.00810251126769299,0.0023243307866659033,0.0018544680411187165,0.0026361017743839234,0.03682164286759249,-0.00010000000000000009
2012-10-02,0.006167365293188808,-0.0011033258934751609,-0.0006456315078164911,0.0010386337368675936,-0.03809387614073774,0.0
2012-10-03,0.002193411869076394,0.0017996437460312752,0.0010141218237107324,0.004074743059020326,-0.01798376854257702,0.0
2012-10-04,0.0005167929922704262,0.006936025341043228,-0.003969135576989196,0.007142371506360406,-0.05872267942672285,0.0006000000000000005
2012-10-05,0.0072633363443466385,-0.00571878926447531,-0.004541254691701574,6.834835992848837e-05,-0.015235770210417648,0.0005000000000000004
2012-10-08,-0.00013013878206721803,-0.0033074685239183545,0.0032454787356489302,-0.0034270629427934707,0.05300151704708005,0.0
2012-10-09,-0.0029892407744781476,-0.006180042594964688,-0.0020392393707516034,-0.009936546568392548,0.08009368908650151,-0.00010000000000000009
2012-10-10,-0.009171333805507767,-0.0008776828487819255,0.0024099155569745306,-0.006400495141863451,-0.0048989638338371565,-0.00020000000000000017
2012-10-11,0.0,0.002805770961490514,0.0009250997698296871,0.0005581324651977454,-0.04392178595851936,-0.00020000000000000017
2012-10-12,0.005803126070959652,-0.0073818938973548055,9.277404294521797e-05,-0.0032836416374398144,0.034670932168485866,-0.00010000000000000009
2012-10-15,0.0007762529468751664,-0.010106119739498041,0.0002773279778357346,0.008293467957041297,-0.055410475817204846,0.00010000000000000009
2012-10-16,0.0019433776831409243,0.006335646333619325,-0.0047255410041941075,0.010082510674940412,-0.0032797792303757693,0.0005000000000000004
2012-10-17,0.01069111837891574,0.0007080193841468657,-0.006336612953717211,0.004524815419036908,-0.009904377590284915,0.0008000000000000007
2012-10-18,0.0006556786485947042,-0.00443354865538353,-0.0017776939678317292,-0.0026026997057079777,-0.00265780638935936,0.00030000000000000024
2012-10-19,-0.0036137535535060218,-0.010841136052605957,0.004205573297087236,-0.016805595063182743,0.12668832476037056,-0.0007000000000000006
2012-10-22,-0.0035744974300148534,0.003646697239812837,-0.003363309590714032,0.00014044788361844456,-0.026129670836173846,0.00040000000000000034
2012-10-23,0.0036529385531968773,-0.012912759766492157,0.004760518260719062,-0.013974375938887427,0.12484449869464599,-0.00040000000000000034
2012-10-24,-0.007422361367593739,-0.003451467757776219,-0.0021439721196538837,-0.0028319576867874992,-0.02691228092796908,0.00010000000000000009
2012-10-25,-0.0006484696183931449,0.007011656174181994,-0.00364652154878754,0.002902718796933972,-0.011522710759227556,0.0006000000000000005
2012-10-26,-0.0020722206519754,-0.0005423202272228979,0.00634866018995276,-0.0005653415871935904,-0.017256279614961973,-0.0008000000000000007
2012-10-31,0.004204038424388151,0.005409372308871991,0.004087005125754451,0.0,0.04340153391310116,-0.00020000000000000017
2012-11-01,0.0001943930038616015,-0.004565910521291634,-0.0019977635861607194,0.010415639843796586,-0.10835183155587838,0.00030000000000000024
2012-11-02,-0.0012956243078190888,-0.02111619567115675,0.0008366708373076459,-0.008931336382794997,0.05252079775176004,0.0
2012-11-05,-0.009343773012860858,0.003866988340753932,0.0024132396537768267,0.002046519431076199,0.04610646754490679,-0.00030000000000000024
2012-11-06,-0.0019862971328994785,0.018633181558340834,-0.004552496490019701,0.007794640303322119,-0.04667514705185274,0.0006000000000000005
2012-11-07,0.0004353080305895034,0.0011418760009174647,0.008345722788009288,-0.02292431650427671,0.08187877410428966,-0.0010000000000000009
2012-11-08,-0.0037584886622258284,0.008969205970755553,0.004422828970002046,-0.012096893548839038,-0.031410629001154766,-0.0005999999999999983
2012-11-09,-0.0011477221809470441,-0.0010124664362506366,9.210422498146466e-05,0.0008689485421035347,0.006469070430775006,-0.00010000000000000009
2012-11-12,-0.0016810527694880474,-0.002207239069899678,0.0006427149457750597,0.0007961002263873847,-0.10948868822461538,0.0
2012-11-13,-0.0011190848708216385,-0.0020923088878503668,0.0011938532984212095,-0.0034778395369439658,-0.0018002217111527802,-0.00020000000000000017
2012-11-14,0.0,0.0002393087940783899,0.0002751945482141196,-0.013590696023043981,0.07350721828890117,0.0
2012-11-15,0.0017810593602762183,-0.0063019928595901085,-0.00045869966271939354,-0.0016935235845426358,0.0038986234354567873,-0.00010000000000000009
2012-11-16,0.004082684996178389,-0.0012651232479694255,0.0006424007793719946,0.004925233502488079,-0.09192513943618637,0.0
2012-11-19,-0.0019540958120791625,0.011925176433462218,-0.0020200442678802106,0.02003733390286647,-0.07396736056352265,0.00030000000000000024
2012-11-20,0.0007786051258752523,-0.002863425779210265,-0.004144354611837276,0.0004310606738869285,-0.010554177719476988,0.0004999999999999983
2012-11-21,0.0035177764975567074,0.0010150660402493473,-0.0014773961215801996,0.0018660621996663398,0.015136879557076337,0.00030000000000000024
2012-11-23,0.0007849969751179096,0.012160205973813025,-0.0005547750611362399,0.01353306695484802,-0.011165966391767914,0.00010000000000000009
2012-11-26,0.007028737624003663,-0.0010618685408751542,0.0016633087151296485,-0.0021250543181708763,0.02349975323936263,-0.00040000000000000034
2012-11-27,0.001622071249715867,-0.004258514528236021,0.0023052010339730702,-0.0051173107387423415,0.02673616128336923,-0.00020000000000000017
2012-11-28,-0.0037591118197992574,-0.012885721450133563,0.0012889061636016845,0.008020028156164268,-0.026091193263073315,-0.00010000000000000009
2012-11-29,0.0011650365884301502,0.0037754494975707773,0.0010116480797701818,0.004654407717151005,-0.02944274171075498,-9.999999999999786e-05
2012-11-30,0.0015556536819384401,-0.006782066259329654,-0.0001839619954303674,0.00021122293165172856,0.052388277092427875,0.0
2012-12-03,0.001791926548470343,0.0004816775885995999,-0.0003962039909874872,-0.0049363085116184095,0.047378871386110716,9.999999999999786e-05
2012-12-04,0.0,-0.010346525202362707,0.0017476196830480766,-0.001414538975495772,0.028438021020956845,-9.999999999999786e-05
2012-12-05,0.00785486979982089,-0.0018262807650325558,0.0008272858305159557,0.0017681511472587758,-0.03931428010666043,-0.00020000000000000017
2012-12-06,-0.0022244349806974668,0.002312732382919267,0.0005503973062686447,0.003386399506774478,0.0072640054780070545,-0.00010000000000000009
2012-12-07,-0.008200391470385609,0.004004152985563731,-0.0028500119174691154,0.0030238771110095994,-0.041878059871205284,0.0004999999999999983
2012-12-10,-0.004436687582816761,0.0038675379164635304,0.0009210789641428263,0.00042106697229823763,0.00938971680647668,-0.00010000000000000009
2012-12-11,0.0024940274152400973,-0.0009051692074031703,-0.0019329419869659498,0.0067851946274663615,-0.030362835795191268,0.00030000000000000024
2012-12-12,0.005774099182791437,0.0007242193101501478,-0.004247567807826964,0.0004880486692685381,0.024112851026890914,0.0006000000000000005
2012-12-13,0.004107610164108555,-0.008481356697994205,-0.0019444658675276815,-0.006150880648777437,0.03753129943470224,0.00020000000000000017
2012-12-14,0.000915174116556749,-0.0014611280186981382,0.0022222608021859316,-0.0037226654344704162,0.02622322734895913,-0.00020000000000000017
2012-12-17,0.0066397813111627535,0.0018869503829595713,-0.005285671751864424,0.011684292459921272,-0.03959724528605512,0.0006000000000000005
2012-12-18,-7.895767899669292e-05,-0.014455725078867119,-0.003913440624545657,0.011067111074365962,-0.04827013252449695,0.0006000000000000005
2012-12-19,0.0050150872193668785,-0.002409114946575244,0.0013989286017666986,-0.0074570302954299365,0.10882277814503963,-0.00020000000000000017
2012-12-20,-0.0011900064672989874,-0.012196073797178996,0.0006522652707733058,0.005735857816472198,0.017699546258612024,-0.00010000000000000009
2012-12-21,0.0016928992825085577,0.00374933956743618,0.0026983529769357114,-0.009118684827343165,0.009574845055680528,-0.00040000000000000034
2012-12-24,-0.004213894903889022,0.0018070937392538678,-0.0010224018995885788,-0.0030859569068027023,0.0,0.00020000000000000017
2012-12-26,0.0,0.0009956669468964311,0.0020558403905052572,-0.0042240025416727485,0.08794513901023088,-0.00020000000000000017
2012-12-27,0.0034328757995704495,0.002360719739151777,0.0020423921653713708,-0.001341618924803043,-0.0005134905979662955,-0.00030000000000000024
2012-12-28,0.0018533322975444059,-0.003854592163680614,0.0023167023357529063,-0.010866948317684717,0.1543707795136159,-0.00010000000000000009
2012-12-31,-0.0017078663728159408,0.009176719889400711,-0.005289084388686684,0.01685347226207596,-0.2317632860475956,0.0005000000000000004
2013-01-02,-0.0002639847707948169,0.0070727801089134085,-0.004568440915435065,0.025307664393178355,-0.20499623360837085,0.0008000000000000007
2013-01-03,-0.0011871216201709736,-0.012146779740190669,-0.0051539666620591135,-0.002261751941420041,-0.008207972386542431,0.0005999999999999983
2013-01-04,-0.011403246248573008,-0.0047257550222331544,0.0004696936353503159,0.004381845678837512,-0.05143793142825502,0.00010000000000000009
2013-01-07,0.002662234107940564,-0.006315147639550098,0.0005635318956904675,-0.002736517542809398,-0.0028964511211801614,-0.00010000000000000009
2013-01-08,0.004400356419408042,0.007062780803268713,0.002436534045830775,-0.0028814159335871473,-0.012404396719983116,-0.00030000000000000024
2013-01-09,-0.0032628667624201887,-0.0004360197219949153,0.0005615592468305307,0.0025386845568453275,0.013853705487239874,-0.00010000000000000009
2013-01-10,-0.0021039497190686184,0.009241174883853428,-0.0029046150753286493,0.007918016861293871,-0.02344434455330311,0.00030000000000000024
2013-01-11,0.016585816427728228,-0.005695893235337639,0.003185418959031016,-6.775901586796716e-05,-0.009683510842197847,-0.00020000000000000017
2013-01-14,0.006672030251265356,0.002975797243476377,-0.0003742009976093234,-0.0006803203751309676,0.011904962062388738,0.0
2013-01-15,0.0011899556887180166,0.006294400919113552,0.0024297598598900113,0.0006803203751309592,0.0022164569290063604,-0.000299999999999998
2013-01-16,-0.0052038452318998365,0.0005534660222785934,0.0013061531474887148,-0.00013611828276235345,-0.009640424173455123,-0.00020000000000000017
2013-01-17,-0.0013298913070807386,0.004294560017826217,-0.004578211155514238,0.006439707478724918,0.011115314129145541,0.0004999999999999983
2013-01-18,0.0061324875816171605,-0.0015930021974330576,0.002805411602902874,0.0022272944861660648,-0.08533793493691197,-0.00019999999999999795
2013-01-22,-0.0006391188095335511,0.003550021116017711,0.0008397499557302901,0.005378840645973488,-0.002410586346691429,-0.00010000000000000009
2013-01-23,0.0001863436607828472,-0.002814438031338391,0.00046701244750167357,0.0016078469820926602,0.0024105863466914825,0.0
2013-01-24,-0.00041267119656229377,-0.01102810374616787,-0.001680084591821287,0.00026811883751894257,0.018290732238712026,0.00019999999999999795
2013-01-25,0.004561876596430402,-0.004781604983568098,-0.006655496619102871,0.005606172413347689,0.015637594926335773,0.0010000000000000009
2013-01-28,0.00720526666208905,-0.002243414817202356,-0.0020705616587052777,-0.0011987526368976615,0.05140960777186402,0.00020000000000000017
2013-01-29,-0.00146671173299158,0.004357652623316265,-0.0015095188151593977,0.003924270329286967,-0.01934578742433038,0.000299999999999998
2013-01-30,0.0033672400333745137,0.007426217176999296,0.000565881627225193,-0.003924270329286949,0.07314147628789812,0.0
2013-01-31,0.005669026242172078,-0.006122691411324907,0.0008490838342678133,-0.002468329546574465,-0.0027972020093998354,-9.999999999999786e-05
2013-02-01,0.0031391697187494287,0.0015496671610711066,-0.003403838657764214,0.010234499281890153,-0.10163265641561257,0.00020000000000000017
2013-02-04,0.002766859073976453,0.0034008569302853,0.005760697897675063,-0.011304109167147677,0.12857731555923896,-0.00040000000000000034
2013-02-05,-0.010089889790595784,-0.0002469026145644602,-0.0035848547973117073,0.010046980675373851,-0.066949955595088,0.00040000000000000034
2013-02-06,0.0051476427709565885,0.0026514131006226955,0.003019925146111955,0.0007281973538039183,-0.022853955845557564,-0.00040000000000000034
2013-02-07,-0.004241963829092759,-0.003392675486914591,0.00047049448442836343,-0.0013239974599067769,0.006688999529461137,-0.00010000000000000009
2013-02-08,-0.009998165808551313,-0.0016696396112383367,0.0007529417151412043,0.00554870683531387,-0.03620301350546102,0.0
2013-02-11,-0.0015786369380713376,-0.011641494508639208,-0.001036205218179764,-0.00019753738683388737,-0.006163415294043464,0.0
2013-02-12,0.0026369420998443764,0.001189038868357003,-0.0010364195078672186,0.0016461514479487911,-0.023456840764557958,0.00030000000000000024
2013-02-13,0.0036121084503193085,-0.005267437597442791,-0.003494365327009838,0.000854432751608455,0.02654326012877516,0.000299999999999998
2013-02-14,-0.0005647434735789681,-0.0044108258534539865,0.004248587599874619,0.0009198363224194261,-0.024962271345822393,-0.0004999999999999983
2013-02-15,-0.006833340927921165,-0.016491485732013745,-0.0009421255931912815,-0.0011826221917459463,-0.015923888242412206,9.999999999999786e-05
2013-02-19,0.0002402834820688379,-0.00276442800912232,-0.0016049752402946223,0.007466407061527598,-0.01211154213703485,0.00020000000000000017
2013-02-20,0.003637031257409674,-0.02536237476562978,0.002170013013426186,-0.012541263942152542,0.1760740696910832,-9.999999999999786e-05
2013-02-21,-0.009200664271603936,0.007761616845874272,0.001977315756252073,-0.0060974046336466315,0.03612432600322927,-0.00030000000000000024
2013-02-22,-0.0059551867332724336,0.0022906918469714913,0.001222835688434623,0.009725135763290744,-0.07148331089136233,-0.00020000000000000017
2013-02-25,0.00011880151420411266,0.008916105586720739,0.007673725272830244,-0.019210469161813674,0.2927854536846615,-0.0009000000000000008
2013-02-26,-0.009965896210080764,0.012107340694240326,-0.0018661946157658323,0.00682221139234969,-0.11837556646647333,0.0
2013-02-27,6.532770422518989e-05,-0.010618162447447536,-0.00046775670209418514,0.012519281903041529,-0.13565074690739015,0.00030000000000000024
2013-02-28,0.006488650933249562,-0.010209194156268543,0.0014012893452070147,-0.0019767106231155305,0.05159879254792174,-0.00020000000000000017
2013-03-01,-0.006945851952969497,-0.003666829371253608,0.0024912726705358674,0.003292812240518815,-0.009718286577712716,-0.000299999999999998
2013-03-04,-0.003298765151000186,-0.0009188120822602375,-0.002332772297586225,0.005310883199933843,-0.09199532868183533,0.00019999999999999795
2013-03-05,0.0014720743721258502,0.0005251531495988175,-0.0010276234683097175,0.008918790442511218,-0.038564305160517724,0.00020000000000000017
2013-03-06,0.0009520424019637552,0.005562599618897849,-0.003184521195503865,0.0013602558511589674,0.0037023509212115225,0.0005000000000000004
2013-03-07,-0.0053745988191833995,-0.0035302945226979147,-0.003854070825566138,0.0018110692812129854,-0.03535526646844239,0.0005000000000000004
2013-03-08,0.010174907119175859,0.0001310037451856418,-0.005097515575073222,0.004254769829945574,-0.036651295802175556,0.0006000000000000005
2013-03-11,-0.009447805340505221,0.0018318537547607815,0.00047244822172052257,0.0037884018948536728,-0.08535196063277141,9.999999999999786e-05
2013-03-12,0.0034347096884790665,0.00781302833234655,0.0027404703757376698,-0.0022457126433849495,0.05960639648711898,-0.00040000000000000034
2013-03-13,-0.0002605384763194091,-0.0034432307449765156,-0.0008504195748200704,0.0014121056525817845,-0.03651862448926892,0.00010000000000000231
2013-03-14,-0.005457516704327578,0.00013007752936968284,0.00028479661573336623,0.005309653299146767,-0.04583592894361701,0.0
2013-03-15,0.004155454167862972,0.0020801316122226374,0.003486336921073977,-0.0013204412937012882,0.0,-0.00030000000000000247
2013-03-18,-0.009235076987730063,0.008921158533619225,0.003287332453243354,-0.005534524334414841,0.1674623998132022,-0.0004999999999999983
2013-03-19,0.004043603955159299,0.00449494709912103,0.0030891095797566563,-0.0023257254859670837,0.0742684023470141,-0.00040000000000000034
2013-03-20,-0.006284440059350325,-0.004559370369457158,-0.0038398789826049376,0.006961012090633238,-0.12729654440303337,0.00040000000000000034
2013-03-21,0.006025543886735387,0.005647950939598429,0.0026235242782158964,-0.008579253181739067,0.09910577196233199,-0.00010000000000000009
2013-03-22,-0.0028431453016186975,-0.004490045653721258,0.00037447161767898573,0.008001261246870148,-0.0304813209592272,-0.00020000000000000017
2013-03-25,0.009191736350872682,-0.001994901077106218,0.00074804935915406,-0.004186455608384606,0.012449818778362562,0.0
2013-03-26,-0.01279855965292542,-0.00335530229094277,0.0010277141572908029,0.007971222626429892,-0.0732125642448864,-0.00010000000000000009
2013-03-27,0.0001285792032281428,0.004127968876901494,0.004286743434585959,0.0,0.029323023723418173,-0.0004999999999999983
2013-03-28,-0.0064094619706589395,-0.005874608865923951,-0.001861482432665078,0.0030682335782663598,-0.03481975116861597,0.0
2013-04-01,-0.0007942122216494621,0.001423403605869597,0.0026551760095791044,-0.003965030942747508,0.06699613806638705,-0.00010000000000000009
2013-04-02,0.0034635721258691036,-0.014588376987558337,-0.00195552345374522,0.004921793448516097,-0.06071668845732373,0.00019999999999999795
2013-04-03,-0.002310380161702017,-0.011215297746718735,0.004186258048940038,-0.010190588140555932,0.10606451673840966,-0.0004999999999999983
2013-04-04,0.0023103801617020657,-0.0029234122040560696,0.003983726255828897,0.004050083724122762,-0.022776763310012278,-0.0005000000000000004
2013-04-05,0.006057776525567641,0.016628587367166922,0.003139287828372306,-0.004500909125190066,0.0021574789036473353,-0.0006000000000000005
2013-04-08,0.004924874541507244,-0.004262680775851177,-0.003231887479459433,0.0067440644143738826,-0.0538677254711824,0.00040000000000000034
2013-04-09,0.0028624295571095548,0.007725031383893976,0.0003698796436988042,0.003451156453633993,-0.026893624770370793,0.00020000000000000017
2013-04-10,0.0039033371703686114,-0.017034818641169572,-0.004168327281133623,0.012174253766374616,-0.03809988589298462,0.0006000000000000005
2013-04-11,-0.0019079428869484103,0.0019880924290127428,0.0011139167153901195,0.003271779990658517,-0.009756165867939072,-0.00020000000000000017
2013-04-12,0.004540512323350586,-0.048144932178246586,0.005547409493962947,-0.002452800857276465,-0.014815032291556814,-0.0007000000000000006
2013-04-15,-0.0011796306732325752,-0.09190507457983844,0.0022104315706372416,-0.023446537351935838,0.35907669257175284,-0.00030000000000000024
2013-04-16,-0.003413021443032482,0.011283338744214735,-0.0028558950013456686,0.014655058163441507,-0.2127748185980618,0.00030000000000000024
2013-04-17,0.009456885713221962,0.000526909831982771,0.0018430104809712973,-0.01471926657066884,0.16777017172844338,-0.00020000000000000017
2013-04-18,-0.010970123494505981,0.010704956398210237,0.0005529397568346447,-0.006273763207259836,0.0616572859984052,-0.00010000000000000009
2013-04-19,0.0013957078225384414,0.008674096350888906,-0.0005529397568347113,0.008656243348995889,-0.15957534152453354,0.00010000000000000009
2013-04-22,0.00019578428287324982,0.01777851793528908,0.0005529397568346447,0.0044278940996666325,-0.03951467151143022,-0.00010000000000000009
2013-04-23,0.0004570764704050366,-0.007424075282657943,-0.0006448931930582629,0.01025678316126784,-0.0653264732322714,0.00020000000000000017
2013-04-24,-0.005159080449683407,0.01082655613705574,0.0004606139100674941,0.0006333962115810469,0.009597719912171674,-0.00010000000000000009
2013-04-25,0.00176880818137652,0.023286836308933283,-0.001105363884894797,0.004045430663502022,0.0007345008813468661,0.00010000000000000009
2013-04-26,-0.0007808119108681736,-0.0050966430061307215,0.0035875330935501875,-0.001767760795707537,-0.0007345008813467347,-0.00040000000000000034
2013-04-29,0.0027092938375022375,0.009816111845741552,-0.00036700292908622273,0.00667581439188232,0.007320704919040104,0.0
2013-04-30,0.004077536101588047,0.003297447184859199,-0.0001832731473910419,0.0023830403485437484,-0.013955391883565378,0.0
2013-05-01,0.005515454091312641,-0.011695241331580094,0.003260437327107831,-0.008806461882099532,0.06928863606366584,-0.00040000000000000034
2013-05-02,0.0010539995886262228,0.00572377326421984,0.0,0.009244707971785268,-0.06412450114573706,0.0
2013-05-03,-0.008923937204134204,0.0011971282175668827,-0.00856460656811486,0.010089502848556375,-0.05599039836341743,0.001200000000000001
2013-05-06,0.004452029941140167,0.0004221612830436374,-0.0012961122286584545,0.0025378034360409034,-0.01489643636431445,0.00020000000000000017
2013-05-07,-0.0040600365090577364,-0.012529729074763163,-0.0013897017795606007,0.00505554547825298,0.013338768017743901,0.00020000000000000017
2013-05-08,0.0005230267281386599,0.01470823959319662,0.0012042452570274484,0.004540915012466841,-0.013338768017743797,-0.00010000000000000009
2013-05-09,0.006428270664547212,-0.011649859087374476,-0.00018521013377922348,-0.002820045467984126,0.03645229236741839,0.0
2013-05-10,-0.009692264624364979,-0.008630212541188757,-0.005667097875267137,0.0032486489524465546,-0.041996836854667804,0.0008999999999999986
2013-05-13,-0.005316899434552162,-0.008416504259274501,-0.00177184030682245,0.0007944741806166163,-0.0031821794002347592,0.00020000000000000017
2013-05-14,0.0017518545012306938,-0.0044888226191427795,-0.004021375437434078,0.010281410843146202,0.01737802511546021,0.00040000000000000034
2013-05-15,-0.003927706249768482,-0.023345595911785897,0.002620015093322853,0.00537185723284968,0.0031274427743554034,-0.00020000000000000017
2013-05-16,-0.004234363049165293,-0.004019122278807547,0.0047563149343641505,-0.00470625240022221,0.020093355621192008,-0.0006999999999999984
2013-05-17,6.449566130089441e-05,-0.022779601469059194,-0.005410250242067068,0.009630501150989157,-0.04859889669615037,0.0007999999999999985
2013-05-20,-0.0037035254520619673,0.030431648851024378,-0.000748635122905198,-6.023355878547232e-05,0.044766064348275625,0.00020000000000000017
2013-05-21,0.004309137552953992,-0.01671673431161512,0.0026176802938785927,0.0014365014841876069,0.026526710615399015,-0.00030000000000000024
2013-05-22,0.002168110497585436,-0.007099209752431566,-0.007967324606634766,-0.007444446589319679,0.033103413703018246,0.0008999999999999986
2013-05-23,-0.005976506282108543,0.020034420891585903,0.0010351266474330208,-0.0028972757105805752,0.017928053179136687,-9.999999999999786e-05
2013-05-24,0.0064417355681352755,-0.0063346049211476085,0.00037572130599940716,-0.0008468147352473816,-0.0057020771194754415,-0.00010000000000000231
2013-05-28,-0.0002974735779143091,-0.0020204984510566455,-0.011815713033359248,0.005971328730178658,0.034425583027055395,0.0014000000000000013
2013-05-29,-0.006793025706258287,0.009988129408433648,0.004080045770125793,-0.006515560630266356,0.02388379566121611,-0.00020000000000000017
2013-05-30,0.007867125813207816,0.013773982178960965,9.49005678099501e-05,0.003685031557627273,-0.02043669180083829,0.0
2013-05-31,0.007394543733594915,-0.02054612833699834,-0.0027490648054325304,-0.01445617133553418,0.11494960180217968,0.00030000000000000247
2013-06-03,-0.003645628601557527,0.019155238706458418,0.001443966611002106,0.00549115103006086,-0.001227658254978314,-0.00030000000000000247
2013-06-04,0.005865508342304645,-0.00942083088363743,-0.0025668198027544034,-0.004817949966373357,-0.0006144533852458998,0.00010000000000000231
2013-06-05,3.930123857307964e-05,0.002142261538931351,0.004842600815614752,-0.014100053056784101,0.07287793156307845,-0.00040000000000000034
2013-06-06,0.0015176148155457577,0.007425099325577856,0.0012306431369042143,0.009012234598680308,-0.05099263818966034,-0.00020000000000000017
2013-06-07,0.011562487392139139,-0.024092192496149724,-0.007788124790580872,0.01264030945158894,-0.09386797205396971,0.0008999999999999986
2013-06-10,-0.0016278842001214964,0.004939787449919778,-0.002481792729097952,0.0,0.019621246733543936,0.0005000000000000026
2013-06-11,0.0,-0.0051648936635613095,0.0024817927290980524,-0.010369556329179032,0.10036100150906509,-0.00020000000000000017
2013-06-12,0.0,0.007476670343020137,-0.004491325578781087,-0.008310728293756033,0.08530129101296816,0.0004999999999999983
2013-06-13,0.008699546948616884,-0.0038060756896859606,0.0075385372044663255,0.015093607003809396,-0.124732914137886,-0.0006000000000000005
2013-06-14,0.002123207300073294,0.005145905283357988,0.0013284509458678787,-0.006291789099371477,0.04410725556528632,-0.0004999999999999983
2013-06-17,-0.0014427438243390341,-0.00492162373629442,-0.0023760859995317863,0.007692198234635011,-0.020619310372666358,0.0004999999999999983
2013-06-18,0.0010818738294116166,-0.012335615865617823,-0.0005704331413069979,0.007874107847796512,-0.011373880624916462,0.00010000000000000231
2013-06-19,0.002006501235948722,-0.011723707191219441,-0.013804710633257692,-0.013913531421106913,0.0018044383420473377,0.0012999999999999989
2013-06-20,-0.007350838923890695,-0.05501208351122277,-0.004547968026800591,-0.02509023314702593,0.2081275523671112,0.0008000000000000007
2013-06-21,-0.004244322372817905,0.011663149049636777,-0.010626806164866583,0.0032052784169081757,-0.08077504919837852,0.0010999999999999988
2013-06-24,-0.009890867430486311,-0.00899678918866049,-0.00245256959476237,-0.012716626935887154,0.06205533225319629,0.0004999999999999983
2013-06-25,0.002059727722364065,-0.0037186710729782786,-0.0011799132859181937,0.009568203466104833,-0.0850694771003211,0.00030000000000000247
2013-06-26,-0.0040105040554757375,-0.04294353680246575,0.004024976936270832,0.009852461898511878,-0.07065720000884701,-0.0005000000000000026
2013-06-27,-0.0050881599651671485,-0.01998184769474001,0.005373610025877809,0.005852550946163746,-0.020546568251172372,-0.000599999999999996
2013-06-28,0.0017323101231722052,0.026974604047993712,-0.0011697578963350622,-0.0041058218881510145,0.0,0.000299999999999998
2013-07-01,-0.0016801881281960803,0.016816885336969126,0.00038065842359844384,0.005843072557094201,-0.02949354612527835,-0.00020000000000000017
2013-07-02,0.004107799317410856,-0.008955978266061641,0.00039103761960419543,-0.0009303493164007509,0.004266979463699207,-0.00020000000000000017
2013-07-03,-0.006811097394825702,0.005731107587480113,-0.001954255310079241,0.0004338627719875798,-0.01470613277992456,0.00040000000000000034
2013-07-05,-0.007956968242132436,-0.022192441073447783,-0.016966443755062382,0.010730889202246815,-0.08432141958017769,0.0020999999999999994
2013-07-08,-0.006112411572627294,0.01195305315168224,0.005852424864837249,0.005688796455338671,-0.00741497230003386,-0.0008000000000000007
2013-07-09,0.003263916264117598,0.009245063039676966,0.0016802603477435007,0.007171015601644527,-0.029524928664267633,0.0
2013-07-10,-0.006951877016797796,0.0027320810310944702,-0.0035616042148936384,0.0003637075107772778,-0.00980402399536085,0.0005000000000000026
2013-07-11,0.031262324758573094,0.026837949821575,0.009958353320489253,0.013528484940279417,-0.014174568107576517,-0.0010000000000000009
2013-07-12,-0.006847415305516424,-0.0008857802448473976,-0.0007851545679426154,0.0004181766606853215,-0.012208415471288684,9.999999999999786e-05
2013-07-15,-0.0028903531058660607,0.0004027469930761068,0.00313682761310256,0.0038134207872765097,-0.0036192721757275035,-0.00040000000000000034
2013-07-16,-9.146529322965793e-05,0.005701216593606186,0.0004897006451498642,-0.0037535984256827004,0.04467244810871265,-0.00020000000000000017
2013-07-17,0.0070504609375198765,-0.01265074444459673,0.004391935533887881,0.002563557650269117,-0.04539789094013057,-0.000299999999999998
2013-07-18,-0.0026005548501486573,0.005579624197673036,-0.004685904615426148,0.005462701762958129,-0.0007259002234025025,0.00040000000000000034
2013-07-19,-0.00048524362217734567,0.008831130466871196,0.005465477473134696,0.0017752100223899843,-0.09356881382136076,-0.0006000000000000005
2013-07-22,0.0037567130208616788,0.029377940831470724,-9.737660281325887e-05,0.0019488853208368395,-0.020137611688711227,0.0
2013-07-23,0.0023056207727170873,0.006729945073879884,-0.0011692594462972216,-0.0021260513768898465,0.029661484189234005,0.000299999999999998
2013-07-24,0.0024961438919357277,-0.017341725231021614,-0.006746246032795629,-0.003672456206494996,0.04025314756554663,0.0008000000000000007
2013-07-25,-0.002456469552285838,0.009291457084115504,0.0014708507611833988,0.0024295042121469427,-0.016061533312279525,0.0
2013-07-26,0.006298609757837202,0.000854539664784338,0.0008808222839765465,0.0010651933884948256,-0.019463440011734407,-0.000299999999999998
2013-07-29,0.0009960712248309111,-0.002410089085684926,-0.00205695426127673,-0.0030799886113507097,0.05133260643850972,0.000299999999999998
2013-07-30,-0.0017922410988431615,-0.0027281369156585316,-0.00029471878388323796,0.0,0.0,0.00020000000000000017
2013-07-31,9.283827323340583e-05,-0.0012495787031893267,0.0006863567454833097,0.0007123619171655741,0.0044709065235009554,-0.000299999999999998
2013-08-01,0.0027496016501841825,-0.010606207573640596,-0.008865112777083487,0.011491583701882007,-0.03865583522193807,0.0014000000000000013
2013-08-02,-0.006747556043127298,-0.001976519588739746,0.008482467215571199,0.0016977658278264436,-0.07708470216823374,-0.001100000000000003
2013-08-05,0.005059723804918386,-0.005236889446047239,-0.003147530939600542,-0.0014634696346682372,-0.011754912133295124,0.00040000000000000034
2013-08-06,-0.0016186586244296085,-0.013858480621278743,0.00029486428403663925,-0.005698697125301743,0.07169193656145638,0.0
2013-08-07,0.003812097411978175,0.0014509135479650783,0.0036382507107085827,-0.0032457326158445445,0.02023409710428977,-0.0006000000000000005
2013-08-08,0.0024650535425876047,0.02159359677218957,0.0014713211024631548,0.0036581565198945533,-0.01944829939922207,-0.000299999999999998
2013-08-09,0.0029259569074284375,0.0,0.0006848976787290548,-0.0028903214903247946,0.05203930930504814,-0.00010000000000000231
2013-08-12,-0.003046058189412581,0.017735565654740437,-0.001960338718796625,-0.0011816584892786824,-0.04577453724931701,0.00040000000000000034
2013-08-13,-0.00348877822192013,-0.010822755261539812,-0.009067267864476626,0.002952259600318262,-0.03981417438177858,0.0010000000000000009
2013-08-14,-0.0020582714775905335,0.009815472951498977,0.0008906986907298989,-0.005142831135284685,0.05760957928929866,0.0
2013-08-15,-0.00010613446905663176,0.020638289899497057,-0.005555481126430851,-0.014084390483804164,0.12186464582444938,0.0006000000000000005
2013-08-16,0.006747681335261496,0.006735556363018295,-0.003886544256212566,-0.0033113067057751666,-0.02474350727051885,0.0006999999999999984
2013-08-19,-0.0018679052360929733,-0.004308614943246926,-0.004303646178670501,-0.00641261522853776,0.049552076956718205,0.00040000000000000034
2013-08-20,0.0003600028474276832,0.003327556996308892,0.005401736360413422,0.004903582941821469,-0.012662650541056815,-0.0006000000000000005
2013-08-21,0.0065147466223813,-0.002873052164441264,-0.006304768403396628,-0.006178483861907317,0.0667995284945896,0.0005000000000000026
2013-08-22,-0.005834439467682652,0.005587376516652108,-0.0004015533450390684,0.009073474639158642,-0.07691081235808137,0.000299999999999998
2013-08-23,0.0009076660355220502,0.015614200939507474,0.00560823156669283,0.003366759714138886,-0.054293130617744656,-0.0008000000000000007
2013-08-26,0.002353287035953543,0.004068828031624427,0.0019947473500281617,-0.0037278754318722344,0.06975559278405667,-0.000299999999999998
2013-08-27,-0.0005487091265873901,0.00955189530149838,0.005664488350043361,-0.016214910165771822,0.11220830628616084,-0.0006999999999999984
2013-08-28,0.0009637821041912405,-0.00029249824790502016,-0.004070589314140198,0.0035447564910709773,-0.01683748044022971,0.000599999999999996
2013-08-29,-0.004276320369498135,-0.006163432755339088,0.000994348247780161,0.00158485936281639,0.019219792958821733,-0.000299999999999998
2013-08-30,-0.007426567270852635,-0.009242551987358015,-0.0018909796003829383,-0.0031724664440020037,0.011827504213201763,0.000299999999999998
2013-09-03,-0.001385897584949283,0.013282390492898161,-0.005691263897774134,0.004511586617816565,-0.02379645949225945,0.0008000000000000007
2013-09-04,-0.0012127109859999992,-0.012985238492024438,-0.003315602901475578,0.008239032264886682,-0.04494449734563655,0.00040000000000000034
2013-09-05,0.002017569232703299,-0.01843720597917757,-0.007678482914584202,0.0012662112325414086,-0.0069510330231502115,0.0008000000000000007
2013-09-06,-0.006250685890698041,0.014642627040753583,0.006067087114039891,0.0004814603284122076,0.005060094388333785,-0.00040000000000000034
2013-09-09,0.004246146872347274,-0.0017905715189216484,0.0020137382883845655,0.009530349826675848,-0.013977372635519143,-0.00040000000000000034
2013-09-10,0.006343786989198022,-0.016337634945460925,-0.004637857962156318,0.007370261076813995,-0.07297669255082656,0.0006000000000000005
2013-09-11,0.0006232749244094438,-0.0003037393323617421,0.0050404427559517075,0.0031340472463737856,-0.05009866294709454,-0.000299999999999998
2013-09-12,0.0037082370751209356,-0.03107779008702503,0.00010001475983738165,-0.0026602073936898125,0.03344319301494903,-0.00010000000000000231
2013-09-13,-0.0012509255469101393,0.0011742263444235006,0.0013066472823113726,0.002246697469667088,-0.009138911782696098,-0.00020000000000000017
2013-09-16,0.004531864098348546,-0.010776072852725326,0.002206809653418237,0.005770627581765118,0.015417282761647062,-0.00020000000000000017
2013-09-17,-0.0016018532300555457,0.00039535918570776093,0.0020020463595649242,0.004452708457384173,0.010377098953194488,-0.00020000000000000017
2013-09-18,0.0014950357158973195,0.042635327513365635,0.01232395716687426,0.011507801831077023,-0.06688121981342848,-0.0016999999999999993
2013-09-19,0.012284229802837462,-0.001971448259468817,-0.0034626982762348403,-0.0016773651403107644,-0.03215232508865938,0.0006999999999999984
2013-09-20,0.0008252112037365481,-0.029188479494947676,0.000990609101521284,-0.007016053959499854,-0.0030441395090345987,-9.999999999999786e-05
2013-09-23,2.7128324994165675e-05,-0.0032092394127313157,0.00375465701668484,-0.004638434979403512,0.08682084809836652,-0.000299999999999998
2013-09-24,-0.0026357631830961448,0.0008620400005460428,0.0036441419956027296,-0.0023565554291057824,-0.016203277580386064,-0.0005000000000000026
2013-09-25,-0.00200939757460392,0.008812610259893472,0.0027479784775055302,-0.0028942769713940905,-0.0049839686253435895,-0.00040000000000000034
2013-09-26,0.003346668110638331,-0.007794819989308921,-0.0021589340061762816,0.00383769921622129,0.003562539541285011,0.00030000000000000247
2013-09-27,-0.0022817528947719212,0.009191529856392782,0.001374468992879705,-0.004607166128995478,0.09492212939950463,-0.00020000000000000017
2013-09-30,0.0006880848622560554,-0.006144359705342492,0.0016667082458960176,-0.0053424278842485965,0.07114667271586274,0.0
2013-10-01,0.002202185586375878,-0.028407152018487033,-0.0022294036465618536,0.00788486791099377,-0.06598537585786003,0.00020000000000000017
2013-10-02,-0.00013530186549907483,0.01963107970630708,0.0016701066632526752,-0.0009453730876866312,0.06598537585786005,-0.00030000000000000247
2013-10-03,0.004989017263364264,0.0009440116150259955,0.0013730304566537557,-0.009263515323377228,0.06246557230671425,-9.999999999999786e-05
2013-10-04,0.0024357703213313607,-0.005123983685186541,-0.0027483430334114553,0.0075478012279063915,-0.054067239260736415,0.00040000000000000034
2013-10-07,-0.003983941347518267,0.008734372074589061,0.0008835657213542025,-0.008682340397030756,0.14798733793103674,-0.00010000000000000231
2013-10-08,0.0,-0.0018820415130879548,-0.0004903136070898112,-0.011714835015171402,0.04680100880266078,0.00010000000000000231
2013-10-09,0.002064747861684517,-0.01017720830751646,-0.0017701626370163989,0.0007249630505369491,-0.03705981242306421,0.00020000000000000017
2013-10-10,-0.005735428865251535,-0.014697956002940963,-0.002166565003243737,0.021328978424944925,-0.17338208899480903,0.000299999999999998
2013-10-11,0.00047327681604477967,-0.013529579748560205,0.0014774969153499848,0.006422496708980015,-0.04721369271677762,-9.999999999999786e-05
2013-10-14,0.0022208516091871884,0.0018742894021130988,-0.0033533613044868828,0.0039860600644238565,0.022020356771392056,0.0
2013-10-15,0.0001355843264486392,0.007300498898775199,0.00019721838888542623,-0.007280519553513584,0.14942802648290832,0.0004999999999999983
2013-10-16,-0.0027215330765080663,-0.001536801678475267,0.004829306409331044,0.013869345333982805,-0.2378546500353119,-0.0006000000000000005
2013-10-17,5.4041371107250154e-05,0.030923704639582567,0.005685870911649764,0.006660955814782708,-0.08732046568118315,-0.0008000000000000007
2013-10-18,0.010630852170054517,-0.004483428301823487,9.726920633257542e-05,0.006731907788974363,-0.03318551795230542,-9.999999999999786e-05
2013-10-21,0.001093978463955791,0.0010243461627259776,-0.0006841248057456573,5.7183584990947154e-05,0.009160360729220964,0.000299999999999998
2013-10-22,-0.000437744149242651,0.018414947525612457,0.006920060530558735,0.0057741611315247675,0.012835214164794,-0.0008999999999999986
2013-10-23,0.007467540975660065,-0.0050381372278342695,0.0017473138820030983,-0.004800051699113464,0.00672900876148769,-0.00030000000000000247
2013-10-24,0.00017916381931931766,0.009358446213496314,-0.002038115159484859,0.003317013079015431,-0.01652932208591416,0.00020000000000000017
2013-10-25,0.0016688072258379605,0.00430184114069166,0.001746848657917937,0.004556863029034212,-0.008368223564076772,0.0
2013-10-28,9.671716893585458e-05,0.0007661546853194367,-0.0009701380116747538,0.0015901268560307089,0.01666707235480597,0.00010000000000000231
2013-10-29,-0.0011589761458217073,-0.006069186843828599,0.0013587662770001422,0.0053203298789296334,0.007485021981479091,-0.00010000000000000231
2013-10-30,-0.0033588796437010794,-0.001310854659270559,-0.002621763941407554,-0.004979894166153957,0.017738807769545437,0.00020000000000000017
2013-10-31,-0.0013870897864594889,-0.01445589960302803,-0.0011671563829298733,-0.0028401895341453065,0.007299330428112214,0.00020000000000000017
2013-11-01,-0.010566432738998956,-0.006203647298539133,-0.005561347103358289,0.002386035117269438,-0.03477970017188369,0.0008000000000000007
2013-11-04,-0.0063351559736912234,-0.0011034001173000462,0.0019579182927849143,0.0035124444643761413,-0.02670890755478234,-0.00020000000000000017
2013-11-05,0.0017016166459005954,-0.0019733992654948685,-0.0045104427785059515,-0.0031714342907807136,0.025955666454333202,0.0006000000000000005
2013-11-06,-0.0032522560106001365,0.00504414218537563,0.0030417993405957534,0.0050930384094344,-0.04626888248557845,-0.00020000000000000017
2013-11-07,0.0033333013812805283,-0.008209655231932556,0.0026420659043669974,-0.012724176232726,0.09337099461102806,-0.00040000000000000034
2013-11-08,-0.008091529839222568,-0.015013896979636615,-0.011300644019344157,0.01340089466238239,-0.07538071316936801,0.0014000000000000013
2013-11-11,-0.004575455846821724,-0.0033044239634362335,-0.0004941248890038366,0.00016926785090531926,-0.029101534199510396,0.0
2013-11-12,0.004588879886957575,-0.011529892263514105,-0.0008903577191659583,-0.00203246727943878,0.022880680091041935,0.000299999999999998
2013-11-13,0.0022822211669795006,0.003261328070825869,0.004147809388765791,0.007992653436799746,-0.023679025453315277,-0.0004999999999999983
2013-11-14,0.003689395211376175,0.011492504258155503,0.004817155247018138,0.004977108051541808,-0.012053225081637843,-0.0006000000000000005
2013-11-15,-0.0030172041273950605,0.00040229335990021333,-0.0007849793029209881,0.004341284547901737,-0.01465826808275496,0.00020000000000000017
2013-11-18,0.002599033341362619,-0.01148785517697459,0.0035282502163885387,-0.0035050988495364537,0.07199635025677951,-0.00040000000000000034
2013-11-19,0.0015114296273467482,0.00040671485346977925,-0.0037244930323043785,-0.0021763828568882376,0.02189592601638439,0.00040000000000000034
2013-11-20,0.004656302346840454,-0.023286477860624745,-0.005512470377201895,-0.003132612490115836,0.0007464931456587958,0.0008999999999999986
2013-11-21,-0.009895853774490438,-0.0014996278848545786,0.0008877659612664375,0.008036162727666402,-0.056807273825701055,-9.999999999999786e-05
2013-11-22,0.002825068525748274,-0.00016679957021921665,0.002855700390771442,0.004990147263503171,-0.032105455486217384,-0.00040000000000000034
2013-11-25,0.0059588583834959555,0.004492901489940914,0.0007865228907681424,-0.0009961020534813305,0.04232166343113233,-9.999999999999786e-05
2013-11-26,-0.0018278517193040253,-0.005327125906487885,0.0021598518366584877,0.00027653322032827155,0.0015625360574167374,-0.00030000000000000247
2013-11-27,0.002966928314919584,-0.0030090344685490583,-0.0022577888549660256,0.0024322861907538715,0.013183527343490889,0.00030000000000000247
2013-11-29,0.00222859244271521,0.01032652317938159,-0.0005902859198275022,-0.0006626125011990188,0.05398614290272991,9.999999999999786e-05
2013-12-02,-0.001386628254186883,-0.026189134272709476,-0.004303008016258211,-0.002599816733490428,0.0379565610210183,0.0006000000000000005
2013-12-03,-0.00317385780405955,0.003226607638788197,0.0017788210010366197,-0.004330136511950943,0.022238626793582014,-0.00020000000000000017
2013-12-04,0.0035814610221002333,0.016812770063131668,-0.004553525205494562,-0.0001112814543984198,0.010256474083103033,0.0004999999999999983
2013-12-05,-0.00031248678852772294,-0.013934549467759825,-0.002482076198338388,-0.004405288364329993,0.025521876711000247,0.00040000000000000034
2013-12-06,0.006132633494046251,0.00211104147267288,0.0008944440852422733,0.011114947710320454,-0.08942566848159741,0.0
2013-12-09,0.0026691858140462446,0.009820854927032762,0.0011909851340206245,0.0025391684015302046,-0.021995035786046172,-0.00020000000000000017
2013-12-10,0.002456481749918085,0.01738884972238615,0.004160327046395035,-0.0035895171930783922,0.03065934171281095,-0.0004999999999999983
2013-12-11,0.001760358115441614,-0.00791168691971828,-0.003861983850988239,-0.01129481857960285,0.10305737811721269,0.0004999999999999983
2013-12-12,0.001570332213457252,-0.021493611686152832,-0.00288168390214404,-0.0033066300864948678,0.007751969401831363,0.00030000000000000247
2013-12-13,-0.0025609975726136056,0.009172415436119621,0.0014917992593836277,-0.00011197543338557566,0.014057756467950962,-0.00010000000000000231
2013-12-16,-0.0008384085058059188,0.0025934275495750453,-0.0004969197981208241,0.006212402353492419,0.016986910503797224,0.00010000000000000231
2013-12-17,0.0017189040283475162,-0.00872709154091616,0.0031748986517281274,-0.0031854230147839832,0.011166269811923929,-0.00040000000000000034
2013-12-18,0.0006057839562805383,-0.008803924689540665,-0.0037717075463953443,0.016928022619398565,-0.16095967328388744,0.00040000000000000034
2013-12-19,-0.0062874649198490975,-0.024008388970939976,-0.004185867610514543,-0.0011559476890105754,0.025045991145729144,0.0004999999999999983
2013-12-20,-0.0021326298229233658,0.009707154887455789,0.003091638264538147,0.00579953230861166,-0.025770908091322306,-0.0004999999999999983
2013-12-23,0.0016537596963132426,-0.0031964326223481313,-0.0031916083884350683,0.005328688317088516,-0.05592213546580699,0.0004999999999999983
2013-12-24,0.0015742855027451362,0.004575471214311559,-0.0039028406467306754,0.0021892132847478804,-0.043894227311626004,0.0005000000000000026
2013-12-26,-0.0009846052395807224,0.005497345915552918,-0.000863460721348546,0.005070973719540585,-0.012092015272914338,9.999999999999786e-05
2013-12-27,0.0020249925521883703,0.0032498521874088976,-0.0006038020437563784,-5.415274406053013e-05,0.010488205432276689,0.00020000000000000017
2013-12-30,0.003938549209401466,-0.014881383746899417,0.0027117893143053995,-0.00016308899586001954,0.08460079703657139,-0.000299999999999998
2013-12-31,0.0043407179968599,0.0063064728922821575,-0.004523675875047459,0.004721358259286073,0.011730328303046744,0.0004999999999999983
2014-01-02,0.0015819955860336674,0.016060461656273138,0.003921646688000078,-0.009629620992287605,0.03649773817236457,-0.00040000000000000034
2014-01-03,-0.007297207137206514,0.01087288650299346,-0.0006017902740106279,-0.00016443181680746562,-0.033586530793792854,9.999999999999786e-05
2014-01-06,-0.005179913046636604,0.001758860402907068,0.00280809416116448,-0.002902183981208849,-0.015379287736968327,-0.000299999999999998
2014-01-07,0.0026411895770189855,-0.005706631012357315,0.001601305842217947,0.0061232419042218,-0.047610057142523664,-0.00020000000000000017
2014-01-08,-0.001144479138039092,-0.005908660231013954,-0.004912439310024194,0.0002179514060939253,-0.0038774915435927653,0.0004999999999999983
2014-01-09,-0.003262645920922542,0.0028742629920469314,0.0026099238750799543,0.0006536716408803295,0.0015528308699426319,-0.0003999999999999959
2014-01-10,0.0025820750366173165,0.015080740254614516,0.008383328031942016,0.0027187698583856796,-0.059946029674265267,-0.000900000000000003
2014-01-13,0.004746537900696894,0.0062997100806513355,0.0028774697503725637,-0.013394347105785282,0.08975331002905208,-0.00040000000000000034
2014-01-14,-0.00013672835915707617,-0.009381142826874576,-0.003772893130980236,0.01083862158211357,-0.07828722296671742,0.00040000000000000034
2014-01-15,-0.00010936126318119301,-0.0019202320624570302,-0.0008957289155320444,0.005376082010126847,0.0,0.00020000000000000017
2014-01-16,-0.0050718162732845155,0.001085798819833523,0.002783409676633216,-0.001300745989796434,0.020153846622839672,-0.00040000000000000034
2014-01-17,0.0013744992602880853,0.009471650934748868,0.002380532994769372,-0.004238380355044228,-0.0072086940170318714,-0.00020000000000000017
2014-01-21,0.001583902921653464,-0.010223281251883428,-0.001089475069279847,0.0029359402212276457,0.03398195913618004,0.00010000000000000231
2014-01-22,0.0007454711611054409,-0.004269708090943136,-0.0027809053687357366,0.0006517378955654217,-0.002333702570359855,0.00020000000000000017
2014-01-23,-0.0012466634062765418,0.02157937863834985,0.006738766902888703,-0.008226947658317432,0.06992703583850501,-0.0008000000000000007
2014-01-24,0.010783407536758027,0.004097023071523926,0.004041151408376104,-0.021567152098249606,0.27562706505615475,-0.00040000000000000034
2014-01-27,-8.212318839923763e-05,-0.010935375825426051,-0.0030536855408210325,-0.004930949623922937,-0.040500435236234665,0.000299999999999998
2014-01-28,-0.0009713591007095224,-8.269303790822393e-05,0.0014788811371444915,0.005936447725613571,-0.09760902369928423,-9.999999999999786e-05
2014-01-29,-0.001434802143902986,0.012488900176089597,0.004717971579096305,-0.00965134405038169,0.09358257627484785,-0.0008000000000000007
2014-01-30,0.000259510826606219,-0.022292903069312663,-0.0009818525558618917,0.010544737996787432,-0.0034641757331346033,0.00030000000000000247
2014-01-31,-0.007335049649193158,0.0026682222466366365,0.003919394317493105,-0.005875462563008077,0.06276563431020976,-0.0005000000000000026
2014-02-03,-0.00521998441625946,0.010190249127034517,0.005420331267136531,-0.02276289063863883,0.15236437415533383,-0.0006000000000000005
2014-02-04,0.0027282950262569393,-0.0027238004077892192,-0.0030238740908905175,0.006980651817928712,-0.11504657092096643,0.00030000000000000247
2014-02-05,-0.0006760842601348421,0.0024764999719102173,-0.0036212737448554815,-0.0012552171066344804,0.043017391387412514,0.0006000000000000005
2014-02-06,0.0014202358194438222,-0.00041234529928668945,-0.001865448903204682,0.013100791071614711,-0.14657715760644072,0.000299999999999998
2014-02-07,0.004204705929538309,0.007641467858454856,0.002648894982454257,0.012319743040006933,-0.11945300652593607,-0.00020000000000000017
2014-02-10,0.0020000328221204703,0.006120219937763649,0.0004897814956895856,0.0018347211694411268,-0.00196397659095356,-9.999999999999786e-05
2014-02-11,0.0019631073408210953,0.011646867732522378,-0.004416105202584498,0.010884413609152904,-0.05039695818494864,0.0004999999999999983
2014-02-12,-0.0005184279490141817,0.0005627211416357906,-0.0023643944564495233,0.0004949578592217148,-0.01457853206620801,0.0004999999999999983
2014-02-13,-0.0035942598370326366,0.008482745858973437,0.004721940315865987,0.005149268411405089,-0.01125186585528611,-0.0006999999999999984
2014-02-14,0.0065036045972052875,0.01314144676964577,-0.0006873902131576639,0.005503324402953,-0.041146233390903904,0.00020000000000000017
2014-02-18,0.0003288604857311306,0.001964251246385302,0.0024528123758373304,0.0011954986284242308,0.021866774717998975,-0.00040000000000000034
2014-02-19,0.004188629412028152,-0.00890931024990728,-0.0019620226955819296,-0.006643805877507343,0.11111179784942807,0.00020000000000000017
2014-02-20,-0.0022956100866481544,0.01047791408716357,-0.0010796441365161524,0.00588319012869107,-0.046888749781733345,0.000299999999999998
2014-02-21,-0.0006725703844719994,-0.000156725786373845,0.0012762446694183694,-0.0011411411576647983,-0.0074652301685574065,-0.000299999999999998
2014-02-24,0.0012219115686215951,0.010991291396995246,-0.0009815293534662975,0.005531209837012643,-0.03113366404206551,0.00020000000000000017
2014-02-25,-0.00013737209631605645,0.0017041151320099485,0.003431487586714876,-0.0003787053048913774,-0.04014872361586407,-0.0004999999999999983
2014-02-26,0.0007282994530443482,-0.008549765062402548,0.002933002093388256,5.437086080919979e-05,0.048546312471905426,-0.00030000000000000247
2014-02-27,-0.004676494630946948,0.0007022460492867505,0.0011703299871318755,0.005233890141965669,-0.02183957290824183,-0.00020000000000000017
2014-02-28,0.0018624739877314625,-0.004534400720141258,-0.0009750177524756266,0.0025260902868681446,-0.0028530662653855803,0.00010000000000000231
2014-03-03,0.0050570921596805795,0.02070556372289368,0.004934228435906843,-0.007056880936082717,0.13353139262452257,-0.0006000000000000005
2014-03-04,-0.002902725952262302,-0.012434038231916314,-0.007714306067170736,0.013957561137895843,-0.12641389780106835,0.0010000000000000009
2014-03-05,0.0003022944204060538,0.0016306772285005259,0.001077984354746068,0.0009059107739936901,-0.015005642955199856,0.0
2014-03-06,-0.000508330407654611,0.009881951730484863,-0.00431775316924586,0.002287547570606826,0.02277676331001225,0.00040000000000000034
2014-03-07,0.009341556042900706,-0.008331467261762834,-0.004336378765915722,0.00042507152076537674,-0.007062203260677835,0.000599999999999996
2014-03-10,0.0011236074046602443,0.00030987952174799755,0.0010856870712885195,-0.0005310930865695307,0.006358209642334816,-9.999999999999786e-05
2014-03-11,1.3828816686088018e-05,0.0056372651087014634,0.0009860555870695655,-0.004954999581487417,0.04138524248237769,-0.00020000000000000017
2014-03-12,-0.0014978010486166955,0.01452509239828917,0.003934821004074704,0.000266850694908707,-0.022549634560207265,-0.00040000000000000034
2014-03-13,0.0033453626005333277,0.00340957412514151,0.00587310988222584,-0.011276597884181904,0.1141674472566513,-0.0006999999999999984
2014-03-14,-0.002818620131832985,0.006709152953836264,9.739608231708354e-05,-0.002811612890480944,0.09407639856319429,-0.00010000000000000231
2014-03-17,0.0034306602332643083,-0.01102985181906253,-0.0040086426040076145,0.009002806027401486,-0.1304896478484509,0.0005000000000000026
2014-03-18,0.0009743256101407129,-0.0077786123459218795,0.002446345520501492,0.00711224739400526,-0.07430471614567431,-0.00020000000000000017
2014-03-19,0.00030648030633230396,-0.01955919383977943,-0.009329085472181024,-0.0053428478068583245,0.0404913222594699,0.0009999999999999966
2014-03-20,-0.008047481612097382,-0.0017971931407437896,0.00019777963712571246,0.005822628041890727,-0.04049132225946989,0.00010000000000000231
2014-03-21,-0.002691068308819494,0.004759503433198317,0.0018722071041768573,-0.0038858842266015136,0.032523160179136756,-0.00040000000000000034
2014-03-24,0.00097891349810862,-0.017985962184133498,0.00039411492133228487,-0.00414419195961988,0.005982081789402222,-9.999999999999786e-05
2014-03-25,0.00313664278446382,0.0018211601163198826,-0.000591034685394564,0.004734633452274448,-0.07354736863440765,9.999999999999786e-05
2014-03-26,-0.001438290216428007,-0.0079422224405048,0.004225740678210478,-0.00721851741485959,0.06288771773433476,-0.00040000000000000034
2014-03-27,-0.0026772660661445744,-0.006560082119566911,0.000980258003741537,-0.002110732034656695,-0.020982185497603213,-0.00020000000000000017
2014-03-28,-0.002958725815120559,-0.00024080899198648432,-0.0035335132361851507,0.004918128947287658,-0.014468047071533397,0.00040000000000000034
2014-03-31,0.0007834988526700136,-0.007656055088048284,9.849580674539378e-05,0.008161311264492956,-0.037473436098721516,0.0
2014-04-01,0.0016653768207834318,-0.0017813868735330133,-0.002070451987267796,0.006608467002197573,-0.05783670399674924,0.00040000000000000034
2014-04-02,0.0014336317462118945,0.0075088182006584885,-0.004351843413663224,0.0033415489685143717,-0.0007636677482946185,0.0004999999999999983
2014-04-03,-0.0019293691033437019,-0.003222702832066955,0.0006936380856225051,-0.0013247699196397927,0.02116479097568416,-0.00020000000000000017
2014-04-04,-0.0032303382860289142,0.013227188238038262,0.006122934627811058,-0.011892698705438036,0.0431827175124959,-0.000599999999999996
2014-04-07,-0.0014399224816908297,-0.0052698622747470985,0.0023596738538725417,-0.011113055037925168,0.10914986617884637,-0.00030000000000000247
2014-04-08,0.0028408233964540954,0.009402401345718429,0.0013741367023474866,0.004114893186480865,-0.04465609649247644,-0.00020000000000000017
2014-04-09,0.003648447142524785,0.0018224588899723945,-0.0002945912426586965,0.010693464988644466,-0.0745730734958477,0.00020000000000000017
2014-04-10,0.004465217246398965,0.0054474728041238926,0.004209450138930445,-0.021230351624846024,0.1395732058974993,-0.0006000000000000005
2014-04-11,0.002260909576430914,-0.0006300845312461718,0.002049639544668477,-0.009049249768149827,0.0692865328395166,-0.00020000000000000017
2014-04-14,-0.0028980703209830214,0.007221933997910394,-0.0015609580215283506,0.007847894763482311,-0.055536299918970605,0.00020000000000000017
2014-04-15,-0.002102331890052032,-0.018631632703177,0.0011708742405709934,0.006863440729299179,-0.031528522541815075,-9.999999999999786e-05
2014-04-16,-0.00037304300096163267,0.00039838308299643756,-0.001561955573788676,0.0104233453895236,-0.09607916990802487,9.999999999999786e-05
2014-04-17,0.0010917269907322023,-0.006312705550471783,-0.00568168974396413,0.00139613625163668,-0.059567400214856965,0.0008000000000000007
2014-04-21,0.00022092284394073823,-0.004096572985582287,-0.000196224709438199,0.003480936688614368,-0.008267589978457232,0.0
2014-04-22,-0.0014633142640694187,-0.003709375196707251,-0.0003931507107197632,0.004534323542231533,-0.0045386175162532745,0.0
2014-04-23,0.0010903923275149465,-0.00016156292345426097,0.002551942064945222,-0.002344957405336136,0.0060469479242697246,-0.000299999999999998
2014-04-24,0.0006630679110028417,0.006443284399615783,-0.0002933359870174411,0.002025577461652809,0.00376075936090075,0.0
2014-04-25,0.0009263849724542293,0.0069603285441200615,0.0013717646923071952,-0.00823245521767841,0.054067274026085486,-0.00020000000000000017
2014-04-28,0.0006226545920465611,-0.004394582256213961,-0.0014704391957380523,0.0031618985409069037,-0.006421723843917782,0.00020000000000000017
2014-04-29,0.0008861423143385382,-0.0001601396915205392,0.0008828538669473245,0.004644491607263025,-0.018786696026673558,9.999999999999786e-05
2014-04-30,-0.0028357831743951265,-0.00513891756378345,0.002642244434423206,0.0029780544334707267,-0.022124810441720027,-0.00040000000000000034
2014-05-01,0.004014023231827639,-0.003386812056897391,0.0028752563329604267,0.00010636547734234918,-0.012003133482691424,-0.00040000000000000034
2014-05-02,0.0001247949200802355,0.01012621771606769,0.0014636743191912853,-0.0014345522993136658,-0.025995359393036526,-0.000299999999999998
2014-05-05,0.0001248652790770361,0.00923282321005491,-0.0005862571027048416,0.0019124117918053096,0.029009676815607666,0.000299999999999998
2014-05-06,0.00023585228985511126,-0.0019032349869848157,0.0011705286213168507,-0.008742038862234599,0.03765673612972353,-0.00020000000000000017
2014-05-07,0.003934598852896429,-0.014471611157944844,0.0007789162914008185,0.005872247022524213,-0.029413927495550735,0.00010000000000000231
2014-05-08,-0.0013641967029599535,0.0,0.0010712615627393376,-0.0010653189040780208,0.002236354769609471,-0.00010000000000000231
2014-05-09,-0.004857376994374057,-0.0005638997673953104,-0.0007787574207455949,0.0014907905806768509,-0.03871452899902473,0.00010000000000000231
2014-05-12,-0.006059261029613223,0.006745961691050962,-0.002631849468678934,0.00968901400365302,-0.05488459199005201,0.00040000000000000034
2014-05-13,-0.00028886809655386523,-0.0027250474989194643,0.0038966129232679302,0.0008954708599393653,-0.008210179879013407,-0.0005000000000000026
2014-05-14,-0.0034332899153651244,0.009664218850403477,0.0045591736443438904,-0.004749193890804861,0.003292180877958904,-0.0006999999999999984
2014-05-15,0.0007680273626977313,-0.008300797439581379,0.003574278108156222,-0.008818898305865776,0.07896760827974651,-0.00040000000000000034
2014-05-16,-0.00026060771973013144,-0.002166299613193375,-0.002123626064591318,0.0034624072168601555,-0.05702446796841289,0.00020000000000000017
2014-05-19,-0.0009596808304641249,0.0006423786190590421,-0.0012573722981576248,0.0036625421120023136,-0.0016089709316245713,0.00020000000000000017
2014-05-20,0.0007676792472738191,0.0008825820644809731,0.0028988345191469393,-0.006324959621517164,0.04255961121940567,-0.00020000000000000017
2014-05-21,-0.0007128751744301726,-0.0024088902731866564,-0.0015448140957128036,0.008388920141741262,-0.08448932331210483,0.00020000000000000017
2014-05-22,-0.001629485181911676,0.002248445354556146,-0.0010633558231610083,0.0024294150287885448,0.010025137234215763,0.00020000000000000017
2014-05-23,-0.001995525732119659,-0.0012841805482511725,0.0020288452310835104,0.004000387523826221,-0.05730512471874735,-0.00020000000000000017
2014-05-27,0.0016504821672182729,-0.02159528357280634,0.000289608634753307,0.006128117602717275,0.01311785954833625,-0.00020000000000000017
2014-05-28,-0.0010506273560637216,-0.005348719092920353,0.005486021938792321,-0.0007317994527970108,0.014661760908876232,-0.0008000000000000007
2014-05-29,-0.003199562287751592,-0.002147473423706254,-0.0012482271124234872,0.00516029005526655,-0.009462488699031017,0.00010000000000000231
2014-05-30,0.0008158566795989035,-0.004225901225548044,-0.0007695895502204677,0.0016102753323259333,-0.014802192890920648,0.000299999999999998
2014-06-02,0.0017292688861116966,-0.006080086737565114,-0.004586345264264978,0.0011407577724671474,0.015666143618233354,0.0006000000000000005
2014-06-03,-0.002137245513965194,0.002586503374912596,-0.0050454269864725785,-0.0005182679376919464,0.024734733423961496,0.0006000000000000005
2014-06-04,0.0016195314257280659,-0.002085332494818545,-0.0007787951658850233,0.0020207346272543064,0.017536987210557724,9.999999999999786e-05
2014-06-05,-0.0012387188529966071,0.007486945414296175,0.0014592628173453427,0.006500759687903301,-0.033673182662801095,-0.00020000000000000017
2014-06-06,0.004239865486853921,-0.00041449870757462217,-0.0007775913603339765,0.004771312947611017,-0.08483448954757612,0.00010000000000000231
2014-06-09,-0.001392534727759818,0.0003316000625026315,-0.0014597239790529075,0.001022781908366001,0.03839594971302765,0.00020000000000000017
2014-06-10,-0.0036903965755663752,0.006114693163497651,-0.001755200717453321,0.00010279438659905945,-0.014453716104438435,0.00020000000000000017
2014-06-11,-0.003812256526535743,0.00016477983735385757,0.0013646936028507406,-0.003482815725932028,0.05401938340848271,9.999999999999786e-05
2014-06-12,-0.00028430884373080244,0.010079951867740265,0.0038913090467574117,-0.007105242268284282,0.07951206345138516,-0.0006999999999999984
2014-06-13,0.001286800991146501,0.0026058621978226784,-0.0019439542442283252,0.0030441171208697073,-0.03072190711179155,0.00020000000000000017
2014-06-16,-0.001219084304879375,-0.00440135131883663,0.0,0.0008238649127312545,0.037861897680585566,9.999999999999786e-05
2014-06-17,0.002887733001251535,-0.0011442534259887985,-0.004190757062679808,0.0027754356161756497,-0.04776295892469247,0.0005000000000000026
2014-06-18,-0.0021565264484265365,0.003184321078208193,0.005260034143324845,0.007313025233610582,-0.12809730582564763,-0.0005000000000000026
2014-06-19,0.003148100607227282,0.03421674499309133,-0.0025290519759024804,0.0011203417952044884,0.0009420847703326789,0.00030000000000000247
2014-06-20,0.0015233119144290616,-0.0034722449435064377,0.0011683754650102783,0.002028334223043943,0.021426110107156494,-0.00010000000000000231
2014-06-23,-0.001346583424928799,0.0027629658487138523,-0.0006812258687958054,-0.0003065061609310855,0.01191027924573505,0.0
2014-06-24,0.0006527037398267139,0.0010243461627259776,0.004080411521387615,-0.0060419948238733,0.09960633799979128,-0.00040000000000000034
2014-06-25,0.0002856703980684675,7.870619989003499e-05,0.0009690500357098391,0.004509195302206294,-0.04553906187335616,-0.00020000000000000017
2014-06-26,0.0017021645773801298,-0.0020494607960695427,0.002612346964898297,-0.0007159461986653629,0.003445305853582317,-0.00040000000000000034
2014-06-27,-0.0011714374209973015,-0.0005525055816399519,0.0,0.0019427159138722576,-0.0323313333321929,0.00010000000000000231
2014-06-30,0.0023032375150731353,0.010836302664764272,0.0007727164309361342,-0.0005112406253369597,0.027158871790585154,-0.00010000000000000231
2014-07-01,0.003594946985580636,-0.0026589235253347675,-0.003274541643426047,0.006671080642028854,-0.03697605113551756,0.0005000000000000026
2014-07-02,-0.0009307023737836352,0.0,-0.004084180419697171,0.0010143887219018501,-0.030043218480045958,0.0006000000000000005
2014-07-03,-0.002036349698973586,-0.004237574298798965,-0.002048507148229429,0.0049061279527191125,-0.047312514731429806,9.999999999999786e-05
2014-07-07,-0.0015911811686182163,-0.0011016368953835223,0.002438022081015503,-0.003487540583092824,0.0933703378239961,-0.00020000000000000017
2014-07-08,0.0013053373433097946,0.00039358536836548694,0.0045677699737807975,-0.006450484864057968,0.05578448617052953,-0.0004999999999999983
2014-07-09,0.000803098373753132,0.006041340057119357,0.0001932388620280935,0.004473889132672719,-0.027932407209119103,-0.00010000000000000231
2014-07-10,0.0018945763704627317,0.005460634339476959,0.002130810198154594,-0.003964761402354273,0.07759671290849827,-0.00020000000000000017
2014-07-11,-0.0027792467623429483,0.001865424919652749,0.0016425898525496037,0.0013742698454135235,-0.04135167398507958,-0.00020000000000000017
2014-07-14,-9.533641933780852e-05,-0.024048290991992773,-0.0022232871509729794,0.0050227356826383785,-0.02175820003158707,0.00020000000000000017
2014-07-15,0.001320493936916862,-0.0095105807084893,-0.0008715830217107238,-0.00187423576393858,0.011774765552673906,0.00010000000000000231
2014-07-16,-0.0036575867273885487,0.003527077335086919,0.0014522803201342464,0.0036948500475426096,-0.08367247891366138,-0.00010000000000000231
2014-07-17,-0.003103087294461216,0.01682174981323043,0.005787171612197842,-0.011431296167985532,0.2790081966834145,-0.0007999999999999962
2014-07-18,-0.0008250272105525464,-0.00758236875559345,-0.0020223594110980567,0.010167429206208542,-0.18700924338865843,0.000299999999999998
2014-07-21,0.0009873963019309177,0.0016635571611118736,0.0002897979300729885,-0.0018733802464323873,0.060331922572478984,-9.999999999999786e-05
2014-07-22,-0.0003788728560365084,-0.00476039051876284,0.0012514951101964436,0.00434852511338587,-0.04551689028092212,-0.00010000000000000231
2014-07-23,-0.004373228328383199,-0.0009547670752031266,-9.665926300991801e-05,0.0022176535741762803,-0.06062456338050922,0.0
2014-07-24,-0.00037704752232523123,-0.01016134091187034,-0.004049920935679706,5.050595205281638e-05,0.027398947339175996,0.00040000000000000034
2014-07-25,0.0001346698260477592,0.01151369915042729,0.0038577151734019654,-0.004692937441687273,0.06933060631622369,-0.00040000000000000034
2014-07-28,-0.0026624936656148607,-0.0016708368622555144,-0.0011552483154112646,0.000404632277942257,-0.010297054210549106,0.00020000000000000017
2014-07-29,0.00075240104793088,-0.0030305859758103,0.0013474540776890838,-0.004306490424588051,0.05574192949167162,-0.000299999999999998
2014-07-30,-0.002080933172027975,-0.002959607959589689,-0.007049127792537574,0.00015214873257796612,0.0037580045264439723,0.0009999999999999966
2014-07-31,-0.0011258718991288403,-0.011602760367427242,-0.00029112838397646454,-0.019945759862346025,0.2402507503704948,0.00010000000000000231
2014-08-01,-0.0004553690365800581,0.007991307629640355,0.005868684532679607,-0.003060424805013253,0.0047086561567203635,-0.0006000000000000005
2014-08-04,0.0029097730598057867,-0.0031404736308630744,0.0005790518433165696,0.007194990963662944,-0.11895817181181262,-0.00010000000000000231
2014-08-05,-0.000510116001848461,-0.0009682492234864183,0.00048230304964185465,-0.009743713705772677,0.1095185831224219,-0.00019999999999999573
2014-08-06,-0.003711024465589124,0.014426758317503117,0.000868053753699279,0.0003126829804874466,-0.030086503655374474,0.0
2014-08-07,0.000789342755893455,0.004050052304525599,0.0045190235963915425,-0.005429407287106562,0.017560184930168796,-0.0006000000000000005
2014-08-08,-0.0018452091330461266,7.926565064659302e-05,-0.0008638541829148953,0.011502544726579847,-0.05490119757731324,9.999999999999786e-05
2014-08-11,0.0035059792325814122,-0.001824338047458477,-0.00048012588912062313,0.0028934281932188545,-0.10275705006960173,0.0
2014-08-12,-0.001513628101006805,0.00023813280255596478,-0.001442046864316765,-0.0013938254319769974,-0.007052175137263678,0.00020000000000000017
2014-08-13,-0.0014044318999147539,0.001665404158214096,0.003265508133844347,0.006746124923859267,-0.09107292299925177,-0.000299999999999998
2014-08-14,0.0001336833121030521,0.0008712575320018362,0.0020117670992286555,0.004710795949326363,-0.03791919914816693,-0.00030000000000000247
2014-08-15,-0.00029405551867663066,-0.006592773381983102,0.004011057284088643,-0.00020454663204364388,0.05711364696650603,-0.0006000000000000005
2014-08-18,0.0019798380651353236,-0.004152731310402707,-0.003150472357655007,0.008344464011053246,-0.06519779628005619,0.0005000000000000026
2014-08-19,-0.0021936779491223105,-0.002243221418003945,-0.0010523040750745514,0.005205342758926597,-0.008968642087758596,9.999999999999786e-05
2014-08-20,-0.002935034580590213,-0.0036962603887065737,-0.002970962159547924,0.002667781635419445,-0.03585213569139349,0.00030000000000000247
2014-08-21,-0.004625331915573926,-0.010845949910482119,0.0021095652093807856,0.002911602726684899,-0.0016991936222382096,-0.00020000000000000017
2014-08-22,0.0014198311120055315,0.0025196517444803458,9.547462108158343e-05,-0.0015547713504956394,-0.02496900751131426,-0.00010000000000000231
2014-08-25,-0.0060899581848375345,-0.003659619235666915,0.0007659223290856329,0.005057605468591771,0.01985387107967765,-9.999999999999786e-05
2014-08-26,-0.0007388106821834473,0.0049575510486128994,-0.00019128402645617864,0.0006488497041087764,-0.006000849130864477,0.0
2014-08-27,-0.0014233214340228079,-0.00024323006176227963,0.002772067051407675,-0.00039952115612102145,0.012815179184739331,-0.00020000000000000017
2014-08-28,0.001568470294556384,0.005498965061752994,0.0013361162450480789,-0.0005493117098933635,0.022661520209823278,-0.00030000000000000247
2014-08-29,-0.0004484387901749892,-0.0011296651673684001,9.483156243990277e-05,0.0028440802273215237,0.0033140014824179992,0.00010000000000000231
2014-09-02,0.0003151396575497919,-0.01800381866494826,-0.006408867434628263,-0.0004983181402423021,0.013147259743034722,0.0006999999999999984
2014-09-03,0.0,0.004101728422874365,0.0014402559146664703,-0.0005484183502966431,0.0089394872618864,-9.999999999999786e-05
2014-09-04,0.0014455908556928003,-0.005500142384415236,-0.003557521713550612,-0.0014477130213616243,0.022400991627698687,0.00040000000000000034
2014-09-05,-0.01673199803401888,0.004763039303479569,0.00028952918161191595,0.004485427678395719,-0.04448773863262003,9.999999999999786e-05
2014-09-08,0.0015919977790942528,-0.010956031965065697,-0.0010597720728168158,-0.002588767033475439,0.046068727415572705,0.00020000000000000017
2014-09-09,-0.004819958652208914,0.0011589354452107377,-0.002315625832468047,-0.006351588325532064,0.06424228078110973,0.00020000000000000017
2014-09-10,0.003939584429881677,-0.005059527219948347,-0.002515621615062241,0.003755730036726991,-0.047013955883011826,0.00040000000000000034
2014-09-11,-0.0019265061825449316,-0.006590779328069375,-0.001259376698764529,0.001148795539268265,-0.006230543734639407,0.0
2014-09-12,0.0005038592020833038,-0.009165537985610298,-0.0037893029430993617,-0.0058585422980974074,0.039070478106710875,0.0008000000000000007
2014-09-15,0.0028212894807351867,0.002193926623932413,0.0018475358394351615,-0.0007532237137285004,0.05907656002677168,-0.00020000000000000017
2014-09-16,-0.0015668506609400033,0.001600223025853226,-0.0002912174992086894,0.007509891614803131,-0.10363084735034064,0.0
2014-09-17,0.0014892149301410894,-0.010915206737386957,-0.0025302247530261707,0.001345909584113305,-0.006304191592055463,0.00020000000000000017
2014-09-18,-0.008452434002087304,0.0020397581785849142,-0.0006820401917941266,0.005315978476994067,-0.050253677228140184,9.999999999999786e-05
2014-09-19,0.005437460413246785,-0.005875628567548555,0.0037950931410372234,-0.0009014830975298684,0.006628021424970496,-0.00040000000000000034
2014-09-22,-0.006105440917241192,-0.0020517906581858703,0.0021346757468148504,-0.007752994752655501,0.12263407943437839,-0.00020000000000000017
2014-09-23,0.000783657828951279,0.006397974562940498,0.0021304141790515984,-0.005740806542450629,0.08670702334251183,-0.000299999999999998
2014-09-24,0.00019273489671494176,-0.004687802480188249,-0.0028092652006680343,0.007797643301359107,-0.11786674915129189,0.000299999999999998
2014-09-25,-0.005920938697456,0.002900499681904508,0.004838068812021196,-0.01626737579570157,0.16432587422849995,-0.0004999999999999983
2014-09-26,-0.0016470264398722578,-0.0028151166840318367,-0.0021259013782188763,0.007914075506927418,-0.051831866131842055,0.00020000000000000017
2014-09-29,-0.006599094216688757,-0.0002563012510608187,0.0031872071173409747,-0.0018205646884648244,0.07333802075518558,-0.00040000000000000034
2014-09-30,0.0013950373588495434,-0.007031410399421769,-0.0008683867763137973,-0.002636029575229322,0.02044047219664825,0.00020000000000000017
2014-10-01,-0.004937186992221701,0.004807267982801864,0.008367033951143524,-0.013644433150380251,0.024228903929372672,-0.0010000000000000009
2014-10-02,-0.00032827661446683257,-0.00025693786276921897,-0.002976579526184215,0.00015413388393233286,-0.0334682441674828,0.00020000000000000017
2014-10-03,0.003667696755596474,-0.01841415564252709,-0.00028863962362627425,0.010949408371529539,-0.10494803692420254,0.00010000000000000231
2014-10-06,-0.012465922856609534,0.012313702004798997,0.0016336120898036031,-0.001171022840187919,0.06066503890031174,-0.00020000000000000017
2014-10-07,0.010529220519758681,0.002840071033501484,0.005841072279002857,-0.015556943845307866,0.10665338254961267,-0.0007000000000000028
2014-10-08,0.0017339317370273523,0.009494153355036908,0.003526787018772832,0.01733830925873017,-0.12955267461326223,-9.999999999999786e-05
2014-10-09,0.005908154794018427,0.0014461162700842916,-0.0017145121024348098,-0.02003250816959959,0.21637020221551395,-0.00010000000000000231
2014-10-10,-0.00424721203399634,-0.00042514180520484993,0.003900039632482058,-0.011480146982146876,0.12415922981915399,-0.000299999999999998
2014-10-13,-0.0038879125951957355,0.007877727689301057,0.005207583792483384,-0.016563101209987077,0.1484849282968003,0.0
2014-10-14,0.006632452542418983,0.0005904407146892826,0.001981231458867805,0.0015459375108334132,-0.07804923046463787,-0.0010000000000000009
2014-10-15,-0.006695738180943411,0.0033673029177564103,0.005639022441918156,-0.006789166799933753,0.10329605608508899,-0.0006000000000000005
2014-10-16,0.014346642267713119,0.001931098016823982,-0.0027213665696503198,-0.0008581994108323931,-0.0027739147222563057,0.00020000000000000017
2014-10-17,-0.0013454146966292945,-0.001931098016823874,-0.00291765587226784,0.011741377838273795,-0.13625623063453352,0.0005000000000000026
2014-10-20,-0.00429301553282247,0.006784273141083318,0.0014127395275721302,0.009662978058876429,-0.1690404352274108,-0.00020000000000000017
2014-10-21,0.003576260554283605,0.0018346564364615716,-0.002733186069580543,0.019617114387551524,-0.14397109992463616,0.000299999999999998
2014-10-22,-0.006313681308307219,-0.0056818361839991085,-0.0002825306549948488,-0.007135978756035193,0.10554711712842045,0.00020000000000000017
2014-10-23,-0.005781229284117251,-0.006894837025991361,-0.004162820135155132,0.011557710248066469,-0.0779464227623072,0.00040000000000000034
2014-10-24,0.0009991804084093232,-0.0014353713145334821,0.0008521884607033263,0.007665639192391329,-0.025736718296899868,0.0
2014-10-27,0.0017858754404349979,-0.0024533739338827992,0.0010422101599739805,-0.0013757367400311254,-0.004354575559253832,-0.00020000000000000017
2014-10-28,0.0019540850857833057,0.000338761149914085,-0.0024633628138252994,0.011405217545907589,-0.10855211475842898,0.000299999999999998
2014-10-29,0.0029001232904505023,-0.01441323656422149,-0.0033257057218118407,-0.0015134877177362465,0.05146696201815541,0.00040000000000000034
2014-10-30,-0.008321572566705956,-0.010535513585850132,0.0010469797695165128,0.0063903586169123915,-0.04247346585278456,-0.00020000000000000017
2014-10-31,-0.0015400877667940134,-0.022208494160596958,-0.001617603599707118,0.011370435454366752,-0.03432916584140575,0.00030000000000000247
2014-11-03,-0.008778067643115726,-0.004537191400506066,-0.00037254931376415047,0.0005452076057047428,0.04868832431590759,9.999999999999786e-05
2014-11-04,-0.0005749917841320126,0.0006239666286797927,-9.507750274121713e-05,-0.003474905018223454,0.01080367035561261,-9.999999999999786e-05
2014-11-05,0.004521284310398339,-0.021891782615057327,0.0002865152042021797,0.0062958449890509124,-0.04956281066641057,9.999999999999786e-05
2014-11-06,-0.0057950918847522225,0.0008193776453400158,-0.0030576498882710075,0.003995184415899711,-0.035923402769796414,0.00030000000000000247
2014-11-07,-0.00804208271928087,0.027733471313511962,0.006390981015238484,0.0009353539518747407,-0.041065881523668586,-0.0007000000000000028
2014-11-10,0.006545693217500635,-0.022468851359662735,-0.004097522961604502,0.003142122087588467,-0.034900774438642854,0.0006000000000000005
2014-11-11,-0.0025264936177730552,0.014202502378614763,9.587189125887258e-05,0.0009801867714967659,0.01953950390489064,0.0
2014-11-12,0.003686118333005689,-0.004831367663167211,-0.00038176325739063254,-0.0010780130525370336,0.007710167679362837,-9.999999999999786e-05
2014-11-13,-0.0036861183330056473,0.0015234861605121853,0.0016220259149033278,0.0011269200558800183,0.05745701710000975,-0.00020000000000000017
2014-11-14,0.0036984444905884704,0.024764713533656058,0.002095573159144637,0.0002449527053936993,-0.03542802510548905,-0.00030000000000000247
2014-11-17,0.0033992720813102516,-0.003675815105875707,-0.0011424700018579782,0.0006359617866477202,0.04982710838355777,0.00020000000000000017
2014-11-18,-0.005567667430865188,0.008729867518400021,0.0011424700018581111,0.0057573573226170904,-0.009335803326005733,-0.00020000000000000017
2014-11-19,0.0067576745958032635,-0.011979356533504825,-0.0026675158732791,-0.0016066668887016915,0.00718913107582218,0.00040000000000000034
2014-11-20,0.00058924481146331,0.010326514276663132,0.0018107624140689324,0.0017530338122735557,-0.02759798355437821,-0.00020000000000000017
2014-11-21,0.0003386324802194491,0.004603689167085155,0.0019977333082893504,0.005335851618652375,-0.05137083471611012,-0.000299999999999998
2014-11-24,-0.013643255446288693,-0.0024294916878058385,0.001139772593653985,0.0028024673987435615,-0.02194443375148067,-0.00010000000000000231
2014-11-25,0.004688673935398437,0.0023428067947760148,0.002464750168450541,-0.0007240558494774796,-0.029756911054112517,-0.000299999999999998
2014-11-26,0.003811819327120834,-0.001908507479919573,0.0017034912226833706,0.0025560412933638725,-0.014802927165122123,-0.000299999999999998
2014-11-28,-0.0035204305292648487,-0.026841959934437463,0.0038687549043217575,-0.002121294510415181,0.09929411864152671,-0.0006000000000000005
2014-12-01,-0.001904839262628329,0.03909721071410293,-0.0024554810980970433,-0.006974319437332962,0.06040394902245197,0.00040000000000000034
2014-12-02,0.002553001113484618,-0.012428974377113596,-0.004454850022096841,0.006443224857549692,-0.09707723646200417,0.000599999999999996
2014-12-03,-0.006562569049886793,0.010282221622138828,0.00037979701631130677,0.0038559579947583236,-0.027615196719333088,0.00010000000000000231
2014-12-04,-0.005817956368221108,-0.0038758463696522295,0.0035071116011818086,-0.00110729787235458,-0.009646367807789399,-0.00040000000000000034
2014-12-05,0.005669276550895679,-0.012591864202654249,-0.005597735920172686,0.0016358146236340344,-0.04038453692285974,0.0006000000000000005
2014-12-08,-0.007502847978101538,0.011728543111015293,0.003324410365758472,-0.00670526042445792,0.17824820521591891,-0.0005000000000000026
2014-12-09,0.0017103537220306037,0.020601691573211994,0.0036915109880632574,-0.000677519046884382,0.07716955409112866,-0.0003999999999999959
2014-12-10,0.006461619859937172,-0.0019479434950335464,0.004524706467839414,-0.016161573024981436,0.1882755784684965,-0.00040000000000000034
2014-12-11,0.0063539098402195645,-0.0022915065517862218,-0.0016945396015525564,0.00505732364097136,0.08033321367087841,9.999999999999786e-05
2014-12-12,-0.0063539098402196174,-0.0023819558010529113,0.008163666092023805,-0.016293161966492498,0.04860042902987509,-0.0008999999999999986
2014-12-15,0.005518596409306962,-0.026058456631024355,-0.003650800164392142,-0.006893809446993695,-0.031809903581148276,0.00020000000000000017
2014-12-16,-0.0016065229248346349,0.004883567458748403,0.0050515954511525666,-0.008051397471386784,0.14345988752764774,-0.0005000000000000026
2014-12-17,0.005490248721144899,-0.005933184879209442,-0.0069301181464241236,0.019414929998203993,-0.19264187749601136,0.0007000000000000028
2014-12-18,-0.013928575040830707,0.007671599736508545,-0.00565350382786477,0.02442787476395864,-0.14535891085410158,0.0008000000000000007
2014-12-19,-0.003940731288586554,-0.0033055430745708814,0.0036789042654604307,0.004246153827089827,-0.019219792958821844,-0.0005000000000000026
2014-12-22,-0.005258723454903546,-0.019532501975925286,0.0,0.004589188053883379,-0.0781746196380482,0.0
2014-12-23,-0.00018342344553128737,0.0016866692377105724,-0.008320397034986313,0.001348642647050065,-0.029952309395860525,0.0008999999999999986
2014-12-24,-0.0040013557994161555,0.00026605277109295546,0.0007228671043987822,9.64900931231016e-05,-0.02948450153050391,0.00010000000000000231
2014-12-26,0.0009397628017831247,0.018102473257655193,0.001329713496335875,0.003219535979213891,0.00900595729947262,-0.00020000000000000017
2014-12-29,-0.0033278642933047666,-0.010153292143778454,0.003409845732921515,0.0013420174250300353,0.03789360080821302,-0.000299999999999998
2014-12-30,-0.001313399404478628,0.013370224180731385,0.0011343441279446618,-0.005380063523843251,0.05553393497382835,-0.00020000000000000017
2014-12-31,0.0007051900888287724,-0.014162271200273793,0.00113232099764931,-0.009972623465236133,0.18733413356159484,-0.00030000000000000247
2015-01-02,-0.0007619367162765674,0.0043925221460414865,0.005081656316891623,-0.0005352260022893811,-0.0762737656293902,-0.0004999999999999983
2015-01-05,-0.011897438565102713,0.014964618775983719,0.0060831220568864945,-0.018224833813339985,0.11308770284569483,-0.0008000000000000007
2015-01-06,-0.0006210645277236351,0.011334482171420189,0.006695148891404655,-0.009463654499191865,0.05849624258802025,-0.0007000000000000006
2015-01-07,-0.00534627617400705,-0.005908836993974954,-0.00018474811495528887,0.012384131548901924,-0.08959742979111619,-0.00010000000000000009
2015-01-08,-0.0033195730466938967,-0.0042173997009502945,-0.004087311723906515,0.017589418401256007,-0.126821648919881,0.0006999999999999984
2015-01-09,-0.0033794393820058676,0.011320872784881022,0.004921080520625414,-0.008045742766405184,0.031252486576047685,-0.0004999999999999983
2015-01-12,0.006307137852062381,0.011025431201653892,0.0035127532592413558,-0.007864573037695607,0.1104756792596721,-0.0006000000000000005
2015-01-13,-0.003306367396404937,-0.0033794717396937453,0.0009228217209836581,-0.0028165454820046143,0.047817828912186486,-0.00010000000000000009
2015-01-14,-0.004509498516605509,-0.0016093040146014643,0.004599852330247233,-0.006055407774065048,0.04377483371810692,-0.0004999999999999983
2015-01-15,0.0006480468848152523,0.02486420983066415,0.008499292920505655,-0.009202786636852074,0.041492155021150265,-0.0009000000000000008
2015-01-16,-0.012683432307938607,0.01297967953352017,-0.007399054005953035,0.013028858818912095,-0.0664757205653523,0.0006000000000000005
2015-01-20,0.002756573846945433,0.013618890362551296,0.002290034966348912,0.0021304020273632132,-0.051921620605776236,-0.00010000000000000009
2015-01-21,-0.004409093556812075,0.00024156831944978564,-0.004768063195844551,0.005035441939060703,-0.05370412804838712,0.0005000000000000004
2015-01-22,0.005906263803163429,0.008017360134577187,-0.0024853550590131987,0.01476135112683839,-0.13923162256133706,0.000299999999999998
2015-01-23,-0.023396147978203153,-0.008017360134577146,0.006521320664255801,-0.005497811609219924,0.01572931600995626,-0.0008999999999999986
2015-01-26,-0.019695673188945495,-0.010031679362329654,-0.002291355261340117,0.002338793377238904,-0.07088108332960535,0.00020000000000000017
2015-01-27,0.01092915671812222,0.011399158685807192,0.0013752997863135795,-0.013277876646626805,0.10394191487454535,0.0
2015-01-28,0.01058356411852316,-0.00790903451402992,0.007667594619964142,-0.01290743550435174,0.17142233233886708,-0.0010000000000000009
2015-01-29,-0.007587187178921266,-0.02178803552843412,-0.0035532752749797636,0.009200873474225076,-0.08576683568496372,0.00040000000000000034
2015-01-30,0.004783451539234167,0.022031068542067805,0.00872226440721658,-0.012654286790106687,0.11136585639104234,-0.0009000000000000008
2015-02-02,-0.002343696043751205,-0.008378450604819716,-0.0012509642894537657,0.012307776482063522,-0.0762745330738747,0.0
2015-02-03,0.002887982175268975,-0.011254031870982307,-0.008472644877032288,0.014357490099835949,-0.11437917977067641,0.001100000000000001
2015-02-04,0.010145404662095805,0.004368788786280421,0.0016449066238555638,-0.0038148498990391694,0.05609995836427453,0.00020000000000000017
2015-02-05,-0.012173604340968083,0.0017257602352123193,-0.0036604510364253596,0.01004405319256415,-0.08418837825184541,0.00020000000000000017
2015-02-06,0.013446211575507286,-0.026204564931172653,-0.01124691805162282,-0.002769243280760523,0.025777673208937757,0.0011999999999999988
2015-02-09,-0.013830915005197415,0.004457337052542182,-0.00046356247773340843,-0.004485645757166239,0.07034139527817063,0.00010000000000000009
2015-02-10,0.001109465116006892,-0.0058912554670822355,-0.0025078831413503032,0.010597095098173887,-0.07381772395262162,0.0004999999999999983
2015-02-11,-0.00044170100234545756,-0.01188773038576783,-0.00037160971242121573,0.0005800953191654004,-0.015794447589819655,-9.999999999999786e-05
2015-02-12,-0.000882723133711319,0.0023036284035265445,0.00037160971242122744,0.009570799357507013,-0.10039377049602104,-0.00010000000000000009
2015-02-13,0.008098083044709882,0.005439474740014081,-0.0033532936812570575,0.004107799067101575,-0.043296844265169485,0.00030000000000000024
2015-02-17,-0.005808611242167605,-0.016838734326833322,-0.0071159828853116815,0.0015722700323454405,0.07284299048374784,0.001200000000000001
2015-02-18,0.006219065644784293,0.0028404943034607286,0.004780825385341541,9.496789009486942e-05,-0.02240096110629207,-0.0007000000000000028
2015-02-19,-0.00041045440261669463,-0.0034440700358847392,-0.0025282746729769945,-0.0007141024478602467,-0.010409973552381732,0.00040000000000000034
2015-02-20,-0.002925625006888478,-0.005708895866845093,-0.0005622501833701184,0.005982461572218388,-0.06693946684211022,0.00020000000000000017
2015-02-23,0.0012966795108523125,0.0013003471683988895,0.004585325618490953,-0.00014183748832200443,0.018018520984404013,-0.0006999999999999984
2015-02-24,-0.0042703336043747155,-0.0014738237281033374,0.006608469351584975,0.0028364140110592787,-0.06161246293934012,-0.0007000000000000006
2015-02-25,0.0005328450956550956,0.003810143280624359,0.0009272677401676206,-0.0008498185802951595,0.010897352565632288,-0.00030000000000000024
2015-02-26,0.0021680953305266886,0.003192846928133444,-0.005948716016749128,-0.0011821566996291584,0.0050450337510371925,0.0006999999999999984
2015-02-27,-0.014026140340517966,0.000775127851616969,0.003536681940992421,-0.0034119504337135707,-0.041840943039847,-0.000299999999999998
2015-03-02,-0.0038807132980833957,-0.004140821554351363,-0.0074721531075932135,0.0062937180447800375,-0.022745498352724706,0.0008000000000000007
2015-03-03,0.0015303346959355403,-0.0018169945131893267,-0.0021586010264200268,-0.004112363200025696,0.06098541541786991,0.00040000000000000034
2015-03-04,0.0002794546526248074,-0.0031225683060647487,0.0007513065858000516,-0.004224784125827722,0.02634541094184929,0.0
2015-03-05,-0.008994636203198564,-0.0009560698660537595,0.000563246881127088,0.001093634530359455,-0.013441984052200456,-0.00010000000000000231
2015-03-06,-0.004522220970351142,-0.027684033513420175,-0.010279854414526206,-0.01416434032173617,0.0793850194232402,0.0013000000000000034
2015-03-09,-0.017009420131539596,0.0009828943243309087,0.004634069727257575,0.004136029179106916,-0.009253165069142574,-0.00040000000000000034
2015-03-10,-0.001159793377558223,-0.004924161015297537,0.004237301084519048,-0.016355038559771305,0.10276751943766035,-0.0006000000000000005
2015-03-11,-0.011578674390493175,-0.006031419233618187,0.0017834397883668065,-0.002344342432117106,0.01072717663256296,-0.00030000000000000247
2015-03-12,-0.015049712776884282,-0.0002709060307489861,0.0009377801935424049,0.012633799966544196,-0.08987157322205512,-9.999999999999786e-05
2015-03-13,0.007326527593731081,0.0014440077763351806,-0.0015001757647826507,-0.006151024631216673,0.03692334915687133,0.000299999999999998
2015-03-16,-0.013709205487791597,-0.0006315097549611378,0.00346550807788516,0.013271907265806768,-0.024677009706211055,-0.000299999999999998
2015-03-17,0.008674338979073777,-0.005429372519536307,0.002056058288096375,-0.0029765271955626694,0.0031979682852878465,-0.00040000000000000034
2015-03-18,0.0023712366367233243,0.019409393965783985,0.01141320198810868,0.011949536728946194,-0.11419748843554198,-0.0013000000000000012
2015-03-19,0.0234941858924157,-0.000712203624430316,-0.004715930550134548,-0.004572036632655583,0.007132657053160405,0.0005000000000000004
2015-03-20,-0.016827025546640437,0.011334565478751316,0.004070100607234615,0.008788289568124169,-0.07755817749755393,-0.0005000000000000004
2015-03-23,0.014670142016394026,0.006319701703631724,0.0012918720007041736,-0.001950540572942884,0.02951401397599996,-0.00010000000000000009
2015-03-24,0.010874785980817097,0.002446901321801825,0.0030380214448276484,-0.005634975968226431,0.015538606404026779,-0.00040000000000000034
2015-03-25,-0.0039325375004806,0.001395583828601838,-0.0043298934455318705,-0.014762032361375344,0.12542222510043294,0.0005000000000000004
2015-03-26,0.005345387331017505,0.006515812793653495,-0.005648540570532066,-0.0023844783836958106,0.02304843468536551,0.0007999999999999985
2015-03-27,-0.006783444864340464,-0.003643673647529427,0.003892502558336035,0.0022870328691903933,-0.047303959716893294,-0.0005999999999999983
2015-03-30,-0.00013053642274932147,-0.011450652385538468,-9.229031583719375e-05,0.012126097738879214,-0.037867909717682606,0.00010000000000000009
2015-03-31,-0.00503799259971149,-0.000791489742224147,0.0025863984947484928,-0.008778011107613908,0.052360934775902146,-0.00020000000000000017
2015-04-01,-0.008540873017487993,0.016924374949796855,0.0047483902278977275,-0.0035425602723850045,-0.011842263882984972,-0.0006999999999999984
2015-04-02,0.002957276753665615,-0.002772001936393702,-0.0028556593495264273,0.0035909880770452606,-0.029552156207520917,0.0004999999999999983
2015-04-06,0.011941951539813292,0.012156925637931672,0.0012905410934864222,0.00671113087208063,0.004760273877682206,0.0006999999999999984
2015-04-07,-0.0060653229178221696,-0.004982843844589032,0.000828844478599681,-0.0026502176175446064,0.0027100262199033945,-0.00030000000000000024
2015-04-08,-0.010172146205242448,-0.005527256360212914,-0.0009213292569883867,0.0033715864708705485,-0.055647193391672574,0.00030000000000000024
2015-04-09,-0.0035980022818393863,-0.006952344453191511,-0.004061623856715961,0.004413475710246482,-0.06577911248284371,0.0005000000000000004
2015-04-10,-0.010834236933770044,0.011273125412459931,-0.00027746509758448565,0.0054425432099604616,-0.03974034637104437,-0.00010000000000000009
2015-04-13,-0.005564370388899263,-0.007182773547924921,0.002034335862269191,-0.004533159206417429,0.10265413002315599,-0.00020000000000000017
2015-04-14,-0.0034846413494173992,-0.006098084431298335,0.00294981747166392,0.0019111255155702664,-0.019558718913768366,-0.00040000000000000034
2015-04-15,0.006992003460704671,0.008613598755224123,0.0005523639395851389,0.0044771034999978535,-0.06263834617137345,0.00010000000000000009
2015-04-16,0.002782790278670431,-0.0034713349747602833,0.000736160043847457,-0.00028552695457249996,-0.01886846591280005,-0.00010000000000000009
2015-04-17,0.007351252890400624,0.004942989742755055,0.00202019963842223,-0.011569688068477508,0.09747233725070595,-0.000299999999999998
2015-04-20,0.0050679161456982395,-0.007641555546604684,-0.0018370267999377073,0.009095313186958262,-0.043405131914837844,0.000299999999999998
2015-04-21,-0.005820546172887794,0.005736617532052148,-0.0021167612015497036,-0.0011924021622517283,-0.003766497136443946,0.00020000000000000017
2015-04-22,-0.0005372106117897189,-0.013524881601083907,-0.005820504916720369,0.004902369025182568,-0.041608464229533175,0.0007000000000000006
2015-04-23,-0.0014813196868964213,0.007265135996097461,0.003053390216077226,0.002513176706046866,-0.0182617619411985,-0.00030000000000000024
2015-04-24,0.008282392182623116,-0.014141033700353366,0.0035041564463854586,0.0023174362052793343,-0.015341405787459452,-0.00030000000000000024
2015-04-27,0.004976411397304959,0.01996737439576267,-0.0015660226631780002,-0.004166347731752171,0.065351854319272,0.00010000000000000009
2015-04-28,0.0008264150689747922,0.008633395454348151,-0.004620829048365547,0.003173929869555162,-0.05563518787235546,0.0006000000000000005
2015-04-29,0.008345486175602922,-0.007073870774361329,-0.0037118814835618978,-0.004123276597839457,0.07600559842235986,0.0006000000000000005
2015-04-30,0.013150357104829433,-0.017818629233654435,-0.0002790649433890147,-0.010070848191978014,0.08308282138311034,-0.00010000000000000231
2015-05-01,0.008987238741826697,-0.0034429465428856974,-0.005481906006573108,0.010782746852207101,-0.13598902828037443,0.0007000000000000028
2015-05-04,-0.0025648492814611475,0.00897969447690872,-0.0020627465600832704,0.0028435790930556736,0.01174186258153623,0.00040000000000000034
2015-05-05,-0.0032944063047326937,0.0028006293425995657,-0.0016905568611960688,-0.011518074250524635,0.10761478186408995,0.000299999999999998
2015-05-06,0.003327975519527869,-0.0005245000462394876,-0.004900211693575128,-0.004125109079445343,0.05704188388417933,0.0006000000000000005
2015-05-07,0.013775355917792378,-0.008253646349355593,0.004241827719234956,0.003981617527549576,-0.0013209714117520136,-0.0006999999999999984
2015-05-08,-0.008368926256090859,0.0048375401365222245,0.0038489793282499066,0.013080328857715796,-0.16255784325158099,-0.00020000000000000017
2015-05-11,-0.004712598588704311,-0.003868158154194018,-0.009887137805663781,-0.0047844387034892116,0.07416356806376305,0.0011999999999999966
2015-05-12,-0.00444541589227636,0.008507714570103646,0.0007564337195681819,-0.002995563154057054,0.0007217088147076654,0.0
2015-05-13,0.00688868473858588,0.017745568671579635,-0.0013245026526935372,0.00019068470760747077,-0.00724111985194358,-9.999999999999786e-05
2015-05-14,0.011432461064799965,0.005390825055101934,0.003403216467328748,0.010373104986714567,-0.07701921696064191,-0.00040000000000000034
2015-05-15,0.0047899727089588595,0.0029823930374759115,0.007145918289356218,0.0010833729930615201,-0.028664355677943884,-0.0008999999999999986
2015-05-18,0.0035075168488019185,-8.510645761585739e-05,-0.006768792317435816,0.003101934668545377,0.027879100109408386,0.0008999999999999986
2015-05-19,-0.010440419164911752,-0.013967043221181913,-0.0044430681374452935,-0.0003284459769690719,0.009382464417714065,0.00040000000000000034
2015-05-20,-0.01597756493461942,0.0016381642703537944,0.0021766147587837605,-0.0007042624447270106,0.0023318885337834856,-0.00010000000000000231
2015-05-21,-0.004126789020246941,-0.0033654032062089196,0.005938256848449882,0.002908077340355571,-0.06164420034672275,-0.0006999999999999984
2015-05-22,0.0009995019423018967,-0.000778278105166292,-0.002257771281339921,-0.00239189125139417,0.0016502031758452804,0.00020000000000000017
2015-05-26,-0.0019878565301065165,-0.014727247977664972,0.00619816962916268,-0.01080945762005386,0.14765218383673945,-0.0006999999999999984
2015-05-27,-0.007530607610023686,-0.00017563013383993815,-0.0005623152691963508,0.009447173657484808,-0.0578280333869863,0.0
2015-05-28,0.0010240822139052667,0.0011407772346871212,0.000936349922766771,-0.001129101347180372,0.003009781093195853,-0.00010000000000000231
2015-05-29,0.005519651348569679,0.0007014013330434771,0.0005614257416581287,-0.006232036932074809,0.03904729728121657,-9.999999999999786e-05
2015-06-01,-0.00021918382883109443,-0.0008767951003625541,-0.0044218677216107125,0.002034528306824081,0.009349231168656014,0.0006999999999999984
2015-06-02,-0.003194544167416284,0.0040269605877943865,-0.006987071142932656,-0.0009933137560525882,0.019142697527350715,0.0008000000000000007
2015-06-03,0.02057051999535396,-0.0071898573672245485,-0.008564231106756078,0.0026462144266215554,-0.041583046938439616,0.0010999999999999988
2015-06-04,0.00962402252899655,-0.0070646979352704175,0.004862321282932906,-0.008482683590049283,0.07405569423438678,-0.0006999999999999984
2015-06-05,-0.004448153437737399,-0.005331436918291616,-0.007254436825311109,-0.0017145623753977313,-0.034581592413088925,0.0010000000000000009
2015-06-08,-0.008937435466511242,0.0029358308942225293,0.0014357332314847702,-0.006168600811682689,0.07325307265254886,-0.00020000000000000017
2015-06-09,0.015436691791917836,0.002218377951124773,-0.003257478972084603,-0.00014386862944715573,-0.0551214583487213,0.000299999999999998
2015-06-10,0.001603148481557447,0.008473122987024092,-0.003846210414625135,0.01192147489045029,-0.09034670447496196,0.0008000000000000007
2015-06-11,0.0011418484431849935,-0.004580669046919169,0.007868757154778458,0.003218727378255715,-0.02838701359480235,-0.0010999999999999988
2015-06-12,-0.006326003998797131,-0.0002649015739744977,-0.0005736068146650864,-0.007684248209280159,0.06987440517992602,0.0
2015-06-15,-0.0018416999282599,0.004406069740065375,0.002387768251677675,-0.004294738438324966,0.11049972395144418,-0.00030000000000000247
2015-06-16,0.005072973666452048,-0.0036115754437751487,0.0038096790010539007,0.005437004238855202,-0.038415313545916235,-0.00040000000000000034
2015-06-17,-0.0031076245602327905,0.004666106837939518,0.0005700639195463052,0.0016157981553058993,-0.021154007186513838,0.0
2015-06-18,0.011317102775775476,0.012829091016651683,-0.0007600652674588872,0.010345519418300463,-0.09468971451055078,0.00030000000000000247
2015-06-19,6.814742282183998e-05,-0.0017357836863242562,0.005308731836839253,-0.004449109340806309,0.056737165150839666,-0.000900000000000003
2015-06-22,0.00019340854312802777,-0.012939534822473215,-0.008450965825807361,0.005110024800393594,-0.09144946788840772,0.001100000000000003
2015-06-23,-0.0021018234919251122,-0.006621663748214055,-0.0030566728692545168,0.0007076577655324118,-0.05071510296376066,0.0004999999999999983
2015-06-24,-0.015707869466468967,-0.002661018577875129,0.0029616833534081574,-0.007289461067963632,0.09072047280414063,-0.00040000000000000034
2015-06-25,0.0031106374749242938,-0.0013331015376762336,-0.0024831924113758543,-0.0030448805638828218,0.05501937466715889,0.00020000000000000017
2015-06-26,-0.0003585326880844614,0.0010666233650126517,-0.004792168979255669,-0.0001906023479263345,0.0007135375712560152,0.000900000000000003
2015-06-29,-0.020557530003985847,0.004520702131842444,0.011557283999978428,-0.021193523063944734,0.2960280198739356,-0.0016000000000000014
2015-06-30,0.02234041188051138,-0.006210070886037271,-0.0027573536285790652,0.0020912082850826387,-0.033444370551028266,0.00020000000000000017
2015-07-01,-0.007869959238827004,-0.0034767084633964165,-0.0052406720568123335,0.007983609618112364,-0.12487059309242127,0.0008000000000000007
2015-07-02,-0.009144421124812476,-0.001966579835569142,0.0035408991327491542,-0.0009159683969028344,0.04258555512988953,-0.00030000000000000247
2015-07-06,-0.008324825272776826,0.002680686287387427,0.007045415396939107,-0.0028499938561601604,0.013017894245912135,-0.0010000000000000009
2015-07-07,0.004893832375966082,-0.011668702760757443,0.002652889754077732,0.006268689108720652,-0.055603449375801695,-0.000299999999999998
2015-07-08,-0.003540463724615513,0.002974933038600357,0.0039655007764797115,-0.0169193104886687,0.2003881364699924,-0.0004999999999999983
2015-07-09,0.0055312378423183215,0.002427551438613741,-0.0069984094423578185,0.001807321748123118,0.015645006086188653,0.0009999999999999966
2015-07-10,-0.000719325532484412,0.001166679551747385,-0.006951857220326227,0.012513101300685297,-0.17106810937436856,0.0010000000000000009
2015-07-13,0.005947458116812767,-0.004494793701909413,-0.0026792682542801016,0.010976365910384377,-0.19127419097672302,0.00020000000000000017
2015-07-14,-0.012530463436316726,-0.00225499581251802,0.0031572122051611888,0.0043286821713391386,-0.03887543013845867,-0.000299999999999998
2015-07-15,0.0015949153380938235,-0.005251204440368342,0.003813323170948523,-0.00033217111303307994,-0.010526439027886638,-0.0005000000000000026
2015-07-16,-0.005871975078522234,-0.003637704223631776,-0.0003808076670566799,0.007992371704106363,-0.08845541431178576,0.0
2015-07-17,-0.005271865310069692,-0.010164462693893218,9.539985149735517e-05,0.0008476275360894905,-0.01330026679820605,-0.00020000000000000017
2015-07-20,-0.0051358965142160404,-0.027526856742112225,-0.002000692905951483,0.0005175743486620642,0.02479467457429293,0.00040000000000000034
2015-07-21,0.00047671267245076127,-0.003126872326802464,0.002761998568510443,-0.003959386475199567,-0.0024519613955023426,-0.000299999999999998
2015-07-22,0.009602785990565396,-0.005424190670740563,0.001235668418817459,-0.0017960446728244597,-0.008217004396385256,-0.00020000000000000017
2015-07-23,-0.0011808076001654936,-0.00449483097628429,0.004076113366937869,-0.005645778417774708,0.042009444681472906,-0.0005000000000000026
2015-07-24,0.005654226962210038,0.009729155735814213,0.0009458058741127816,-0.010426185998933735,0.08344485425581512,-9.999999999999786e-05
2015-07-27,-0.0015153177743709267,-0.004661992801277996,0.0033022446418001197,-0.005834171134393121,0.12695966857254234,-0.00040000000000000034
2015-07-28,0.010667031779729707,0.0015246432799856059,-0.002829265282616806,0.012207953781133676,-0.14903563483515636,0.000299999999999998
2015-07-29,-0.002171333388186789,0.0014272948765042632,-0.0014187852332958664,0.006855372978460793,-0.07250665956526697,0.00030000000000000247
2015-07-30,-0.0074307844230215424,-0.008594414514633502,0.0011351525741132161,0.00023754157143298204,-0.030046911917760995,-0.00010000000000000231
2015-07-31,-0.0040886157368478495,0.006309807471318708,0.005841573415871394,-0.0015194035326887769,-0.00082476119164599,-0.0007999999999999962
2015-08-03,0.0027165152698595996,-0.007941503115089978,0.0030440959262173317,-0.0033784367641042173,0.03566022325017647,-0.00040000000000000034
2015-08-04,-0.0011838816679125206,0.002015250319480653,-0.00517243081232719,-0.001956421952977787,0.03443216301251183,0.0006999999999999984
2015-08-05,-0.006138438595033697,-0.0036496127458960333,-0.003874212971824546,0.003290153510685502,-0.03842101468680697,0.0004999999999999983
2015-08-06,0.0012966808782204785,0.004416281036678492,0.003496249263421038,-0.00822158817456284,0.09596400320938224,-0.0004999999999999983
2015-08-07,0.0021939166953536663,0.0024875838994236877,0.00395447158179546,-0.0019213238590342443,-0.02798416064079574,-0.0004999999999999983
2015-08-10,0.0034698670125750844,0.010172637809864738,-0.004142822871461738,0.012520482088711135,-0.09061627307380854,0.0006000000000000005
2015-08-11,0.004726078634827191,0.005094839843947603,0.006583058637051217,-0.009064437662070367,0.11423358408713478,-0.000900000000000003
2015-08-12,0.0022721040757417775,0.013924787857253592,-0.0003756959993773839,0.00119742379376537,-0.00732070491903998,-9.999999999999786e-05
2015-08-13,0.010712777255804502,-0.008294156742538458,-0.002628650593325692,-0.0012450146384855808,-0.008856138184716292,0.0004999999999999983
2015-08-14,0.0,-9.36047567321894e-05,-0.001034272165592811,0.0036354821525174026,-0.050162480571868485,0.00010000000000000231
2015-08-17,-0.006108663255521878,0.002617057152037559,0.0017860464891738177,0.00557138258240748,0.014700499257904828,-0.00040000000000000034
2015-08-18,-0.001352483812664581,-0.00018667516172380682,-0.001597718939153341,-0.0029006447343842405,0.05745701710000975,0.00040000000000000034
2015-08-19,-0.004266964851350222,0.013354574963244315,0.006097077454092219,-0.007936786503079973,0.10063581401448807,-0.0008000000000000007
2015-08-20,0.007873855973152174,0.017261484729986225,0.002708235202680704,-0.02110295381558196,0.2272008510825909,-0.00030000000000000247
2015-08-21,0.01064079168330274,0.006228253314387141,0.004002442172429792,-0.030564743713495924,0.38149503553749237,-0.00040000000000000034
2015-08-24,0.012380699998706527,-0.005413696203742748,0.0016708357682558793,-0.043019299529172585,0.3739350623246345,-0.00040000000000000034
2015-08-25,0.017953830837384836,-0.012472236890549283,-0.005486997016251224,-0.01183726271123278,-0.12313609954173135,0.001100000000000003
2015-08-26,-0.0027761238762400746,-0.013743752566773794,-0.006173014578414671,0.037674900161139675,-0.1722668017474006,0.0006000000000000005
2015-08-27,-0.018426171253778,0.0005571512452685862,-0.0005636796634038717,0.024434284622855188,-0.14987222176466056,0.0
2015-08-28,-0.008154170208421452,0.00896363798539394,0.00018777727891104538,5.019978691791844e-05,-0.0019175900324734378,9.999999999999786e-05
2015-08-31,-0.003021153701261294,0.0011033722012556138,-0.0016909026232358813,-0.008111936106176871,0.08742719748532295,0.00020000000000000017
2015-09-01,0.0010547203374021603,0.0034858971109339417,0.004482072418588481,-0.030302536398984545,0.09936294436829488,-0.00040000000000000034
2015-09-02,0.006001322367030283,-0.005325457471451406,-0.0027222029450585093,0.01880346796900554,-0.1852557757683331,0.00030000000000000247
2015-09-03,-0.006876618169878343,-0.0072069646875859315,0.002440449076511872,0.0007165342611351506,-0.018569180953175467,-0.00020000000000000017
2015-09-04,-0.00806532276265567,-0.003250813094055246,0.003090242372402108,-0.015253160898943184,0.082053069208744,-0.0005000000000000026
2015-09-08,0.0010712618734940818,0.0002790454421465056,-0.004403576277064093,0.024820934273658325,-0.11016820510213311,0.0007000000000000028
2015-09-09,0.0038812977792101904,-0.013012113659039995,0.0003751813080471523,-0.01346180243715262,0.05203598827627667,9.999999999999786e-05
2015-09-10,0.0011886876448424237,0.002352831601258748,-0.0022550183920571525,0.00542641471486799,-0.07355087435260296,0.00020000000000000017
2015-09-11,0.006235746284049558,-0.0020701389754934985,0.0026309647167858546,0.004534313767380179,-0.049200590516681394,-0.000299999999999998
2015-09-14,0.004696768975418549,0.0005650019663848919,0.0009372572077281412,-0.0037176839154748954,0.044264305825907124,-0.00020000000000000017
2015-09-15,-0.00321657637933327,-0.003017159470430642,-0.007904849155613524,0.012422244053704713,-0.07312506815396823,0.0009999999999999966
2015-09-16,-0.0031724888166512403,0.013226552172031262,-0.0002839637360996754,0.008629535343739664,-0.05423979168745604,0.00020000000000000017
2015-09-17,0.001793859106660745,0.01019855026531129,0.008282915567574104,-0.0022508524372357327,-0.009884805971857527,-0.0008999999999999986
2015-09-18,0.009599021060692499,0.007352256373074212,0.004675867672322654,-0.016476185079123573,0.05252249430779115,-0.0008000000000000007
2015-09-21,-0.009599021060692518,-0.006246004616141289,-0.0057072275559118405,0.005153891502898222,-0.10098158889302555,0.0007000000000000028
2015-09-22,-0.008993020661598322,-0.006841722923155944,0.00496001566910848,-0.01306429860530203,0.1081372474688784,-0.0006000000000000005
2015-09-23,-0.006291828337582641,0.00398130520726097,-0.0011203319027544491,-0.0016001240623189335,-0.013910988313779642,0.00020000000000000017
2015-09-24,0.006202238453062305,0.02075879629651267,0.0014937373648679132,-0.0036223774242044914,0.05878886446655064,-0.00030000000000000247
2015-09-25,-0.00098420599399791,-0.006173422414314158,-0.0026156871255435116,-0.0002589279062199111,0.006370865693216795,0.00040000000000000034
2015-09-28,0.0020366200096589206,-0.012739020432957309,0.0056910633736758035,-0.02541772258947667,0.15680826226149064,-0.0006999999999999984
2015-09-29,0.0026134625229994684,-0.004066501065043694,0.0034367494706664834,0.0005845005364193398,-0.029381446967405953,-0.0005000000000000026
2015-09-30,0.0022149734776488374,-0.010426483637297347,0.0001852600488066977,0.018486934564481396,-0.09084754404324541,0.00010000000000000231
2015-10-01,-0.0074796900146919185,-0.0012172598628681067,0.0007794166077353924,0.0026055466382462152,-0.08293808543522975,-0.00010000000000000231
2015-10-02,0.001912209736439254,0.02095380292252649,0.004812766092502844,0.014827113473162224,-0.07407380116887692,-0.0005999999999999983
2015-10-05,0.002993149005734862,-0.0020205850578976945,-0.005554687378759436,0.017638810653330447,-0.06919753747792971,0.0007999999999999985
2015-10-06,-0.002836394471725679,0.009971303227116472,0.0020398088805583434,-0.003432332422658245,-0.007190647062750569,-0.00020000000000000017
2015-10-07,0.0064805645506604915,-0.0014574940081346366,-0.00250408032845745,0.00815735005327424,-0.05292240252300491,0.00030000000000000247
2015-10-08,-0.002487149252157135,-0.00511788329634804,-0.0026044315851099253,0.008985904824521183,-0.05473166807885744,0.00040000000000000034
2015-10-09,0.004167448837163841,0.015726912391542704,0.0005587855394730696,0.0005963193227030683,-0.019710791910466947,0.0
2015-10-12,0.007329512343022761,0.0039607110144831365,0.003344562602044198,0.0009431527396082339,-0.05475050558630943,0.0
2015-10-13,-0.0012726934624083094,0.004929015278091019,0.0009275696113203959,-0.006322055357291405,0.08871061234205974,-0.0006000000000000005
2015-10-14,0.0025924593986939803,0.017282274992371418,0.005453608517075364,-0.004805201861163915,0.020168784649409688,-0.0007000000000000006
2015-10-15,0.007921078428440172,-0.004579458875531807,-0.0034171199583561684,0.015237660072781831,-0.11632827325786999,0.0005000000000000004
2015-10-16,-0.009400012897170327,-0.0070866011523386205,-0.0008321738065471424,0.004536267862510848,-0.06433079817255777,0.0
2015-10-19,-0.0006250706607294275,-0.00418691299991518,-0.00046369925561833675,0.000491966961319155,-0.00466205633754711,0.0
2015-10-20,-0.0028248710244674503,0.006318212020552837,-0.0034316783293973645,-0.0012793675211853176,0.05012441774089169,0.00040000000000000034
2015-10-21,0.002200249354999458,-0.008910332230671142,0.003431678329397456,-0.006222653675568472,0.05856839983606351,-0.00040000000000000034
2015-10-22,-0.0005221643768557302,-0.0003580781927906322,0.0010186776273125166,0.01675256257853956,-0.14471436374890906,0.0
2015-10-23,-0.02381738826847203,-0.0017026075113334975,-0.005659553316117198,0.010901896014311714,0.0006918180099253128,0.0004999999999999983
2015-10-26,-0.00548104755284386,-0.0006279971024889811,0.0026013859165407134,-0.002461150820332096,0.0558127980773523,-0.00020000000000000017
2015-10-27,0.004130108641989425,0.002241047948969033,0.0025031890278823378,-0.0019337879045480137,0.009114668707075441,-0.00020000000000000017
2015-10-28,-0.002619226557564859,-0.008091400160860905,-0.005197485143016455,0.011310308697428405,-0.07395844963714053,0.0005000000000000026
2015-10-29,-0.009840625188651057,-0.009614564390769178,-0.00616035231648843,-0.0005744795284933424,0.019350965747437013,0.0008999999999999986
2015-10-30,0.0059191542389233,-0.0038352540915995007,0.0019640392341818145,-0.004319235746317562,0.030999790124408545,-0.000299999999999998
2015-11-02,0.0029176773819306646,-0.006517134598801483,-0.0028772339400480063,0.011761850108159364,-0.06299139525759961,0.00040000000000000034
2015-11-03,-0.0009037246235673501,-0.014937356022442439,-0.002631481932455918,0.002894939045255152,0.027188872351530228,0.000299999999999998
2015-11-04,-0.004736716343411822,-0.009485885776108033,-0.0010349169850650763,-0.0030378904287344656,0.0645815224637116,0.00020000000000000017
2015-11-05,-0.008787217746186366,-0.0031189650547963797,-0.0006599992894162996,-0.000998553385580796,-0.0301069880771992,9.999999999999786e-05
2015-11-06,0.001468193010533941,-0.014685120688170974,-0.006809818092991266,-0.0005236434918347217,-0.04902276735228846,0.0008000000000000007
2015-11-09,-0.013931956563694949,0.0028777291011320622,-0.0017099538796992427,-0.009375546983456775,0.142216559286488,0.00020000000000000017
2015-11-10,0.002428788339518725,-0.002109514817878502,0.0018999104386666773,0.0023044681598656702,-0.07737277835642285,-0.00040000000000000034
2015-11-11,-0.0020422502320264152,-0.0033652112958740313,-0.0004749590711110345,-0.003939425115346127,0.049132657818641914,0.0
2015-11-12,0.0023650527187026133,0.00019257167853267603,0.0005700151289175377,-0.014058347367685593,0.13438726964731437,0.0
2015-11-13,0.004822630486338675,-0.0027964043204795914,0.003787484082058126,-0.011291687077843142,0.08900534611199853,-0.00040000000000000034
2015-11-16,-0.010692750373652467,0.001447402465342363,0.0013229962071670852,0.015092489765257901,-0.10050292625329874,-9.999999999999786e-05
2015-11-17,-0.0011228693571087788,-0.013297966180688193,-0.0002836504431636047,-0.0007296971638922944,0.03676091247663154,-0.00020000000000000017
2015-11-18,-0.004138275014857476,0.0008790738346113607,-0.000472172013171719,0.015741265507979003,-0.11163159780983851,0.00020000000000000017
2015-11-19,0.002450988884636416,0.010971489880734538,0.0021701476433271926,-0.0008627519168702573,0.008274242774755343,-0.000299999999999998
2015-11-20,0.005252744456065196,-0.004548773723664427,-0.001320489309324905,0.0036377066949876504,-0.09372224036623046,0.00019999999999999573
2015-11-23,-0.007969876742935606,-0.00808374704283305,0.0013204893093248433,-0.0011473982463343518,0.00964945523892834,-9.999999999999786e-05
2015-11-24,9.577945862803017e-05,0.006627707399357417,0.0009420754881162824,0.001338604560958739,0.0196520059942798,-9.999999999999786e-05
2015-11-25,0.00017036394360613608,-0.004673848365801831,0.000565363048797315,-0.00014357482513413985,-0.047566854096111125,-0.00010000000000000231
2015-11-27,-0.0019319968703760816,-0.011879763588946619,0.0010345836832498974,0.0011457686981294801,-0.0046189258006021465,-9.999999999999786e-05
2015-11-30,-0.002023368387284862,0.006595467871597537,0.00037588946813561563,-0.00415995528492621,0.06466247692522409,-0.00010000000000000231
2015-12-01,-0.0009520531335434942,0.0035259646298245358,0.0053042640241680135,0.009490505580433288,-0.0948762427521991,-0.0006000000000000005
2015-12-02,0.004992348211680542,-0.015667624313787723,-0.002812494815040441,-0.01025736126220466,0.08114323540343642,0.00030000000000000247
2015-12-03,-0.0012105663794157561,0.010570606410359756,-0.010572825830030929,-0.014101777588382729,0.12951647283877732,0.0014999999999999992
2015-12-04,0.02814535106681541,0.02196603548828159,0.003694676162630903,0.019314955675610975,-0.20116164898473932,-0.0005000000000000026
2015-12-07,-0.002932119161395868,-0.013063212596420312,0.0032090264777556196,-0.0060769319921665736,0.06723573940631115,-0.0004999999999999983
2015-12-08,-0.0046041501705232305,0.0016544033114078468,0.0005652739447705249,-0.006742018164553735,0.1053605276991684,0.00010000000000000231
2015-12-09,0.00551883079155255,-0.0019466324270582696,0.0015057766325005369,-0.00780997876004827,0.10814074761423817,-0.00020000000000000017
2015-12-10,0.011317326529582651,-0.0008772000837341195,-0.0021658675527320547,0.002577618432036113,-0.013864173417855485,0.00020000000000000017
2015-12-11,-0.006359136923268454,0.0054458711721541595,0.007979991176375954,-0.019571308503639917,0.2319976892882597,-0.001100000000000003
2015-12-14,0.003267869655122451,-0.012884508990749449,-0.007413667996055624,0.00503973237050884,-0.07048756947789767,0.0010000000000000009
2015-12-15,0.0008241666465543148,-0.0026560861191144095,-0.002546945680325056,0.010442881166261218,-0.08154693493996301,0.0004999999999999983
2015-12-16,-0.0051753829505153375,0.012043063036934096,-0.0026475232850164793,0.014526005877869341,-0.1595750731627317,0.00020000000000000017
2015-12-17,-0.0056597664993413435,-0.022141125877213518,0.004157006670016681,-0.015355576859519096,0.05871250633269954,-0.000599999999999996
2015-12-18,-0.0028018158381321384,0.015207174746719882,0.0035777569517673525,-0.017975402935047947,0.08885762117302938,-0.0005000000000000026
2015-12-21,0.0023778158541476377,0.010819352064225785,0.000469276417155396,0.008215385734154153,-0.1016101724688598,0.00010000000000000231
2015-12-22,0.0039535271591315735,-0.0052488544876924,-0.0028215014054500274,0.009033023185241957,-0.1191208463168401,0.00040000000000000034
2015-12-23,0.0033887678226377175,-0.0029280037943663147,-0.0022627111794429867,0.012307392993230375,-0.0640567520969373,0.000299999999999998
2015-12-24,-0.0037379478049748846,0.007206940922790797,0.001831854444949968,-0.0016517219756223783,0.010859262202180229,-0.00020000000000000017
2015-12-28,-0.00036193260666587116,-0.007597994957113322,0.0001889299972907293,-0.0022875677213713887,0.07169992543911456,-9.999999999999786e-05
2015-12-29,0.0008447402008170112,-0.0006846940847351141,-0.005297482406372493,0.010615740160969594,-0.05032889488078703,0.0007999999999999962
2015-12-30,-0.004314956798066429,-0.007661355596264362,0.0003797590131728264,-0.007113451964062625,0.07255209364028917,-9.999999999999786e-05
2015-12-31,0.0005465898145392706,0.0003943308023186173,0.0011365952771109264,-0.010053719368675702,0.05184249081697819,-0.00040000000000000034
2016-01-04,-0.00046688776238416196,0.013995827340626326,0.004252889863531643,-0.01407785744631298,0.12816289366486183,-0.000299999999999998
2016-01-05,-0.002439109413395329,0.00281458831856644,-0.0002833199451714655,0.0016899789746474823,-0.06795823921339639,9.999999999999786e-05
2016-01-06,-0.007002590122124636,0.01433748759898985,0.006019200878183308,-0.012694707580237786,0.06263003053556988,-0.0006999999999999984
2016-01-07,0.0025084301533166513,0.014040676150810918,0.0021542495524688463,-0.024283606672839457,0.19367020723744927,-0.00020000000000000017
2016-01-08,0.013543452932964715,-0.0044375394222030354,0.0025229747676591865,-0.011037696647779422,0.07773144059056684,-0.00030000000000000247
2016-01-11,0.0013776088495606677,-0.00893459464601846,-0.0031780232595055497,0.0009895371715331778,-0.10573085732867388,0.00040000000000000034
2016-01-12,-0.0076186124028738075,-0.0050729832368575836,0.004483985706434107,0.008035905733146944,-0.07829526331090234,-0.0004999999999999983
2016-01-13,-0.0012912976103602398,0.004882048039545079,0.003906883533599761,-0.025256983134874525,0.1154562476716288,-0.00040000000000000034
2016-01-14,0.0038679156615935217,-0.016367021706295802,-0.002044979820843125,0.016283556444027004,-0.05166894759811029,0.00020000000000000017
2016-01-15,-0.002489778430947763,0.01023674024483405,0.00464084814715515,-0.021699704174137874,0.12060899376128009,-0.0007000000000000028
2016-01-19,-0.002290629757255015,-0.0009612465570263375,-0.001297403197912466,0.0013300312816772152,-0.03655961056184083,0.00030000000000000247
2016-01-20,0.0016465618643457622,0.013279386437522923,0.00490224138755205,-0.012897772312232065,0.057435654847872886,-0.0005000000000000026
2016-01-21,-0.0033012096273051864,0.0011381497656593284,-0.002493685428922153,0.0055863339457643945,-0.03316441033366052,0.00010000000000000231
2016-01-22,-0.001380345726692188,-0.004655791285644161,-0.0022225632048732563,0.02030757625481037,-0.17791018295477537,0.0004999999999999983
2016-01-25,-0.005816008700090541,0.010233193541102218,0.003331596224821345,-0.015231863634021275,0.07790556383142451,-0.00040000000000000034
2016-01-26,0.004990796058909852,0.011341913483232153,0.0007390269460893173,0.013550814816249614,-0.07076905509235938,-0.00020000000000000017
2016-01-27,0.0010966944054519147,0.0037212948296180895,0.0007377730745720166,-0.010942985579278041,0.02675014148662675,0.00010000000000000231
2016-01-28,0.003951831818423023,-0.010736241929349487,0.0012914741865559074,0.005195917176845905,-0.03031202965004595,-0.00020000000000000017
2016-01-29,0.0026542082203700143,0.0038408969118531094,0.005329730971423836,0.02408479822741402,-0.10427077887051697,-0.0006000000000000005
2016-02-01,-0.010206691073721262,0.010232704202855976,-0.0023066038382936476,-0.00036145728635828336,-0.010950891867125737,0.00030000000000000024
2016-02-02,0.006571266280479868,0.00037006835108891606,0.007059259409460499,-0.018186531276775962,0.09540117783978994,-0.0009999999999999987
2016-02-03,0.00226920020820641,0.010674654427775114,-0.0010970548695572015,0.0059772407430769055,-0.015127491320452317,9.999999999999786e-05
2016-02-04,0.015353470236526761,0.012009967818587527,0.002374719163055424,0.0015669041287516415,0.00873772103467928,-9.999999999999786e-05
2016-02-05,0.009774485442781082,0.015703135766193033,0.001276470400355924,-0.019233851937578973,0.06813776228523744,-0.00010000000000000009
2016-02-08,-0.004915944830655657,0.013354185862515874,0.007443986774933027,-0.013552710829928526,0.1062156178729153,-0.001100000000000001
2016-02-09,0.004009114545849865,-0.002198672852432284,0.00018054693467967024,5.42290558537935e-05,0.020556525378710746,-0.00010000000000000009
2016-02-10,0.00891315103106425,0.007717958411726319,0.002979855456069952,-0.0008635357071840467,-0.009464389834236935,-0.00030000000000000024
2016-02-11,-0.0008012091767712855,0.039402138237274204,0.0045874142207182195,-0.013093476425963124,0.06800335643046583,-0.0008000000000000007
2016-02-12,0.0032768308529634027,-0.005896714530816731,-0.007657279165096449,0.020407645048862985,-0.10244287099042414,0.001100000000000001
2016-02-16,-0.004636814033404252,-0.030800736245396157,-0.002988857183301703,0.016737081342978147,-0.05212244149763186,0.00040000000000000034
2016-02-17,-0.002421775900273588,0.006167287420776475,-0.0024518531194558228,0.01620289032407654,-0.07759173300196255,0.00030000000000000024
2016-02-18,-0.0021602204463326666,0.024041860433202913,0.004626098273328235,-0.004104083845269906,-0.03049155873290853,-0.0006000000000000005
2016-02-19,-0.001078322142747798,-0.006020275750380557,0.0,-0.00046841730379475156,-0.05265616129669571,0.00010000000000000009
2016-02-22,0.0011673797064114223,-0.01793504091705753,-0.0009956131648072557,0.01437510506420364,-0.05764570131827683,0.00010000000000000009
2016-02-23,-0.008661347569662766,0.014868593832169272,0.0019906691657253853,-0.01271008529197478,0.07932801799057836,-0.00030000000000000024
2016-02-24,-8.82107138321326e-05,0.003321549590506587,0.0,0.004565378720640602,-0.01247019689708114,0.00010000000000000009
2016-02-25,-0.001190199788027206,0.002632341860518264,0.002979759110499817,0.012038889170520027,-0.08088759406098134,-0.00040000000000000034
2016-02-26,0.0010027261813616976,-0.00689274364726045,-0.0048798217907176375,-0.0023040779914615143,0.03597504356042969,0.0005000000000000004
2016-02-29,-0.009207485427379999,0.012980023419282503,0.0016290812623577313,-0.007873329311290284,0.03667407006476751,-0.00020000000000000017
2016-03-01,-0.0032064723483805242,-0.007360151335800538,-0.007846911287654105,0.02323478543844378,-0.14929622113252902,0.0009000000000000008
2016-03-02,-0.001197081359238297,0.007697256644730053,-0.0017356086878053435,0.004482595540013567,-0.035071176627717145,0.00010000000000000009
2016-03-03,-0.0006415231696554621,0.017125877155555313,0.0011874056331565778,0.003911706501994823,-0.02308474094828373,-0.00010000000000000009
2016-03-04,0.007330846721414482,-0.0015750194994792542,-0.0033845247795324415,0.0032480772801058906,0.009535223667163365,0.0004999999999999983
2016-03-07,0.00410332553486821,0.004965240864288737,-0.002018516958737728,0.0007985163093513443,0.028648539604726686,0.00030000000000000024
2016-03-08,0.0020028926766375924,-0.00463344826775062,0.005768107125412557,-0.010978129873334356,0.07332543326048147,-0.0007999999999999985
2016-03-09,-0.0010899903497589847,-0.00832782948151173,-0.003933098807680407,0.004927525693817865,-0.017833486491807955,0.0006999999999999984
2016-03-10,-0.0013636455184835835,0.015928644015462578,-0.003580985883328909,0.0008017243384838323,-0.015938832637493856,0.00030000000000000024
2016-03-11,0.017090344189194393,-0.01735128256694606,-0.0028557997497738606,0.016008884473701763,-0.08978526160424032,0.0005000000000000004
2016-03-14,-0.0009385721430361505,-0.0129806346733887,0.0007375995550115114,-0.00128319989511439,0.02513597778064068,-0.00010000000000000009
2016-03-15,-0.0059237805074355485,0.000763230645469892,-0.0001840622310161501,-0.0016310756788619687,-0.004739340811956353,0.0
2016-03-16,0.000632999291797192,0.02205075556149502,0.005241448546226749,0.005770987898834106,-0.1163737210296814,-0.00030000000000000024
2016-03-17,0.009846507020469684,-0.003821864877364753,0.0010999385457399838,0.006323750458033157,-0.03738119244018626,-0.00030000000000000024
2016-03-18,0.008789321158289546,-0.002750755714748547,0.0017393831481358495,0.003921785143679632,-0.029517190148146893,-0.00030000000000000024
2016-03-21,-0.0034461334408439088,-0.00703641669931435,-0.0028393216938757326,0.0014179353027807464,-0.016541225218272202,0.00040000000000000034
2016-03-22,-0.0038275154051225038,0.002937832969190689,-0.0021121528355798245,-0.000537625101301233,0.027183370047844525,0.00020000000000000017
2016-03-23,-0.0011565874563953665,-0.022890088658627544,0.004585512302438536,-0.006621293780326668,0.05291509253109994,-0.0006000000000000005
2016-03-24,-0.0037415464806334225,-0.0024040431975177324,-0.001006955820758697,-0.00044324756738431913,-0.013477280384626622,0.00030000000000000024
2016-03-28,-0.0007144684537660043,0.0023182652611009025,0.001464431424496865,0.0005907469124549202,0.03335866400675652,-0.00020000000000000017
2016-03-29,0.0038239447721831305,0.01835540705340158,0.0067445103496299105,0.009207543290240237,-0.09780673898266705,-0.0007999999999999985
2016-03-30,0.00794059446678328,-0.01407641031024469,-0.0013639064353800042,0.004378092904403882,-0.018992482799906472,0.00020000000000000017
2016-03-31,0.003767316237481857,0.004600850924385841,0.003632553486195969,-0.0024300430099633654,0.028355181137191182,-0.0005000000000000004
2016-04-01,0.0039636544882739695,-0.006053640735366039,-0.0002909205200949707,0.0067890517388305895,-0.06286723526769247,0.00010000000000000009
2016-04-04,0.0009107559348322408,-0.006692995408569699,0.0011794598561191355,-0.0032430695300195225,0.07497996463328309,-0.00010000000000000009
2016-04-05,-9.10592102153291e-05,0.012916668207256437,0.003982344304740795,-0.01003816851883117,0.08807314912269494,-0.0005000000000000004
2016-04-06,-0.0006148142788692096,-0.0061381369358648324,-0.002170535988827999,0.010862125393103448,-0.09020003634280449,0.00030000000000000024
2016-04-07,0.002016625650093088,0.014179801562103168,0.005146684561055526,-0.012038378525296416,0.13707370691052384,-0.0006000000000000005
2016-04-08,-0.002722054468835322,-0.0015187338768047718,-0.0015315077727428524,0.0026932607806920894,-0.05077233828284527,0.00020000000000000017
2016-04-11,0.0025510387479342374,0.013419630057020864,-0.00018085377246376515,-0.0023499669785370957,0.056941412828254066,0.00010000000000000009
2016-04-12,0.0008669027018344033,0.00016664672071527165,-0.003977477659184639,0.00926984410953176,-0.09070822725913262,0.0006000000000000005
2016-04-13,-0.0024507096616071316,-0.010719526565990614,0.0007244576365377926,0.010050361147083315,-0.07043692972224538,-0.00020000000000000017
2016-04-14,-0.009348813403846658,-0.014075152256168354,-0.0023559538778900823,4.792146682752101e-05,-0.0087083194541799,0.00030000000000000024
2016-04-15,-0.0008005065896722636,0.006892743647260424,0.002989348467454775,-0.0011063191330514324,-0.00731534944153073,-0.00040000000000000034
2016-04-18,0.002652082375212579,-0.001527627456597003,-0.0009957740073705495,0.0070019277736612625,-0.020022878898179806,0.00020000000000000017
2016-04-19,0.000802603680426066,0.015506833308651099,-0.001630731891308949,0.0031493994429777146,-0.00827388019905537,0.00010000000000000009
2016-04-20,0.0044656517299041295,-0.0051142480161098115,-0.005091554615793905,0.0009523178582365189,0.0030165907189823042,0.0006000000000000005
2016-04-21,-0.004816204111791496,0.003775305036917616,-0.0016425249740360949,-0.00539282770738517,0.049220370653927835,0.000299999999999998
2016-04-22,-0.0011524698211553375,-0.012894694659209335,-0.0010952369374312438,0.0,-0.053748639972233614,0.00010000000000000009
2016-04-25,-0.00514716774006994,0.0028799271415296556,-0.0010972243929513953,-0.0017242785862653552,0.06302449068890141,0.00020000000000000017
2016-04-26,0.0031053790136885565,0.00396736763751519,-0.002106800475290357,0.0014848895883601476,-0.008559245244474835,0.00030000000000000024
2016-04-27,0.002663082532895828,0.00286030286991974,0.005485984285996126,0.0020561028915609776,-0.013703754082705518,-0.0006999999999999984
2016-04-28,0.002647486180481382,0.018724801093336303,0.0034592989466125062,-0.009117187826686812,0.10011802399402735,-0.00030000000000000024
2016-04-29,0.002370534440149008,0.019270626438691787,-0.000363514299070213,-0.005413332443154252,0.03105033022740543,-0.00010000000000000009
2016-05-02,0.009389838457966277,-0.003321349913169904,-0.002908614005594926,0.007917003977621854,-0.06717465623063477,0.0004999999999999983
2016-05-03,0.005390668042070114,-0.0022745646099544734,0.0059177958955352414,-0.008741233425308543,0.060784894733768566,-0.0006999999999999984
2016-05-04,-0.0018193263221850378,-0.006118222826125519,0.001813910273009946,-0.0055938511711508005,0.02843786333217645,-0.00020000000000000017
2016-05-05,-0.0009543129523783916,-0.0011462207767798868,0.002713892290304898,-0.00019485563659674541,-0.008760969281850628,-0.00030000000000000024
2016-05-06,-0.007602457630280269,0.009052054554673597,-0.002351435625072388,0.003651954323882618,-0.07774070131773063,0.00030000000000000024
2016-05-09,-0.0015841240747151719,-0.02075289801818274,0.0018997320008236078,0.0008260790089902434,-0.010242532179650194,-0.00020000000000000017
2016-05-10,0.0,0.002731465708414251,-0.0001804798812300099,0.012357119723341643,-0.06669134515693045,0.0
2016-05-11,-0.0011951133129709285,0.009378919930915332,0.001535323528837432,-0.009398840096421082,0.07489370751630657,-0.00040000000000000034
2016-05-12,0.004617313404738642,-0.007892173973086957,-0.002712043424324645,0.0002904519844592414,-0.019244562198597173,0.00020000000000000017
2016-05-13,-0.004389807118385353,0.004529141979827091,0.0037950111195405767,-0.00875195926556917,0.04279091656292303,-0.00040000000000000034
2016-05-16,-0.005287602378223741,0.0007392219670166908,-0.003613541842947894,0.009816778781610778,-0.024227272010415808,0.00040000000000000034
2016-05-17,-7.921648996507311e-05,0.003442329123242993,-0.001358883942828504,-0.009377343708612186,0.058859922270753894,0.00010000000000000009
2016-05-18,0.0,-0.017497993073654197,-0.008098975603887627,0.0002927910396703111,0.024112851026890914,0.001100000000000001
2016-05-19,-0.00826043417725727,-0.0019168712488534102,0.0010049646338420141,-0.0034710512127503583,0.02354508503780745,-0.00020000000000000017
2016-05-20,-0.0015140235000181696,-0.0013357015166127583,0.0006387918661776486,0.006297507210017448,-0.07170848700647808,0.0
2016-05-23,0.0014018498908452475,-0.0028442074994739935,0.0006381232349227408,-0.0013634352348412609,0.03997952774511884,-0.00010000000000000009
2016-05-24,-0.0005049370131429516,-0.017493154439807618,-0.0016421845227032206,0.012879008615844215,-0.09265880590135808,0.00020000000000000017
2016-05-25,-0.006985559794362882,-0.0027317729645951225,-0.000456186365744074,0.0067600147882424305,-0.03672732445486481,0.00010000000000000009
2016-05-26,0.0018840869032437442,-0.0034252603876992805,0.003100785500904835,0.00028668004159756403,-0.03439777943419582,-0.00040000000000000034
2016-05-27,0.0029614821769575715,-0.008268772914245494,-0.0019145417645923734,0.004289940353594006,-0.023353258465272468,0.00020000000000000017
2016-05-31,0.003450037985085013,0.003798302317157037,0.0011853597602820359,-0.0019044445518419276,0.07839968680734224,-0.00010000000000000009
2016-06-01,-0.0011142917155116097,-0.00103444075765323,-0.00033774830526473273,0.002047097624168999,0.0007044895745281789,0.00010000000000000009
2016-06-02,0.004755235777335846,-0.0023315434917615587,0.003100042765496735,0.00303922257422132,-0.04096869707048888,-0.00040000000000000034
2016-06-03,-0.0033176414112727104,0.02737326438830703,0.009240647453883585,-0.002991562190829714,-0.011808243858455967,-0.0010000000000000009
2016-06-06,0.017686432682216875,0.00033642486690222653,-0.002618702024733364,0.00507544877060083,0.013274483438230778,0.00020000000000000017
2016-06-07,0.0011471163366170239,-0.0008412423733234738,0.0014456876121985956,0.001560345803697605,0.028882915670721605,-0.00010000000000000009
2016-06-08,-0.0005453170730971647,0.014703707887444253,0.0011730144125349097,0.0032542259520290965,0.002132935956102616,-0.00010000000000000009
2016-06-09,0.0043253899249274174,0.005541081570940353,0.001531782944280679,-0.0013663202666617815,0.03900218667288067,-0.00030000000000000024
2016-06-10,-0.008100387014143784,0.004033075700703472,0.0035051039007257256,-0.009522908231493293,0.1512190030101828,-0.00040000000000000034
2016-06-13,-0.0066537493643782,0.007365624068488681,0.001972365169324594,-0.0077416487807332145,0.20811627717528958,-0.00019999999999999795
2016-06-14,0.004528805094961433,0.0010594292626908233,-0.0002685127760573761,-0.0019688127138505,-0.022667926025282833,0.0
2016-06-15,-0.006931253741881397,0.0073849284570991006,0.003040603788334325,-0.0013948642308064358,-0.017717029159386583,-0.00020000000000000017
2016-06-16,0.004416478024524096,-0.010566651715243233,0.0010709557370949109,0.002980016034144096,-0.038982336239619095,-0.00030000000000000024
2016-06-17,-0.0009456404670404876,0.012747298268990306,-0.003395060471712254,-0.003731038282110995,0.002062868574259218,0.0005000000000000004
2016-06-20,0.008588304743647803,-0.0059880246543699035,-0.004306287103336345,0.006419252206220003,-0.0550694444075854,0.0004999999999999983
2016-06-21,-0.0023012116407544942,-0.01942288299292089,-0.0022496535948517003,0.0028343699166812797,0.005970096530745827,0.00040000000000000034
2016-06-22,-0.006410844372746685,0.000496444028716167,0.0019802739498810825,-0.00163239346553241,0.1358960473078682,-0.00020000000000000017
2016-06-23,0.006875235761559178,-0.0065557755937431204,-0.004776867343861478,0.01293860974065057,-0.2047729452732758,0.0005000000000000004
2016-06-24,-0.0003737486607474257,0.047873912303474195,0.01372862987206963,-0.03656964909737085,0.4010107666439486,-0.0016999999999999993
2016-06-27,-0.025767007174789764,0.0053823171279899626,0.008607142644164161,-0.01807214296176011,-0.07703867679242953,-0.001100000000000001
2016-06-28,-0.0018964523546687237,-0.01079376043064916,-0.00017655606487757398,0.017875024426150497,-0.2405904809124681,0.0
2016-06-29,0.005334508808740789,0.004140765999889028,-0.004073642111218824,0.0168843789934384,-0.11938435370313931,0.00040000000000000034
2016-06-30,0.004873297031417912,0.0049939058952932335,0.002216316930117963,0.013553299597933671,-0.06261724695801948,-0.00010000000000000009
2016-07-01,-0.0019788422459707227,0.015223162818061162,0.0026382109026340974,0.002098489315583199,-0.05659402421917195,-0.00030000000000000024
2016-07-05,0.0013477567694007444,0.008220905136956962,0.005467676602986911,-0.00721920624457167,0.05338990800959761,-0.0008999999999999986
2016-07-06,-0.007296200089325156,0.005852881673551483,0.00017587449414005376,0.005979423887831336,-0.04060806044942423,9.999999999999786e-05
2016-07-07,0.003069620985244283,-0.0037695950478742334,-0.0013201900892274713,-0.0006199990506059502,-0.01345914041703677,0.00020000000000000017
2016-07-08,-0.003003258186911798,0.005994014334570738,0.0019352984159191134,0.014780448002581525,-0.1117040195365115,-0.000299999999999998
2016-07-11,-0.001967759709113067,-0.00946861312154938,-0.005286307493014549,0.003521037368945298,0.025431449524060772,0.0005999999999999983
2016-07-12,0.001270838382200458,-0.016690387468968386,-0.005935982235266129,0.007237121466570277,0.0007382967353085246,0.0010000000000000009
2016-07-13,0.00044243484305962847,0.009159697327218079,0.0025735375349845283,-0.00013965625962049263,-0.03836500782895798,-0.0005000000000000004
2016-07-14,0.0028915333292139182,-0.0077450452302362865,-0.0041743425590389065,0.005568282208059701,-0.017015125885264822,0.0005000000000000004
2016-07-15,0.0009990572450503967,-0.0038557351674657764,-0.003834965759510337,-0.0013431788794487328,-0.01176942733319161,0.0007000000000000006
2016-07-18,-0.004775224691423465,0.0015755839071671933,-0.00026821804962308876,0.0026837304280062178,-0.01831994677488216,-0.00010000000000000009
2016-07-19,0.0016924751736729915,0.0013372522657107563,0.002677677082184663,-0.0010171874481809421,-0.0385135117017342,-0.00030000000000000024
2016-07-20,-0.0052783645066787396,-0.01441038163632243,-0.0020523715626010568,0.004154493736485179,-0.01684958171345754,0.00030000000000000024
2016-07-21,0.0005398559400754168,0.015117654201499475,0.0022305439383185728,-0.0037843074145093862,0.07919267201381489,-0.00020000000000000017
2016-07-22,0.0012128279705787804,-0.007490707778721288,-0.0008018561571469001,0.004475335955963665,-0.05817466498784901,0.0
2016-07-25,-0.005676765339448428,-0.006989125856947095,-0.0008032636729395268,-0.0027200569890663434,0.06832704552540611,0.00010000000000000009
2016-07-26,0.0018886435767625533,0.004215211050825792,0.0006247786808989277,0.0004616468556161778,0.013889135668433597,-0.00010000000000000009
2016-07-27,-0.000307637037586267,0.01598269497210111,0.004272590935793994,-0.0010615536702664105,-0.017001975703382775,-0.0005000000000000004
2016-07-28,0.007765382015009816,-0.00289409340924044,0.0005329931177002447,0.001153709107704338,-0.00861059377621114,0.0
2016-07-29,0.0009860471480390611,0.010286811942904156,0.0038099932747656345,0.001613404236039094,-0.06916137992441954,-0.0006000000000000005
2016-08-01,0.007521339022459522,0.0018590671194806466,-0.003477808066682581,-0.0008295197526934271,0.04690285459939975,0.0005000000000000004
2016-08-02,0.0,0.008092864929715934,-0.0024024915654881043,-0.006427679871947125,0.07209632897453477,0.00040000000000000034
2016-08-03,0.004555674861185054,-0.004770787598632875,0.0005341511541277526,0.0029183275294562493,-0.03889169044179689,0.0
2016-08-04,-0.006039944627668386,0.0016954476164976306,0.0024014632309100406,0.0010633877253988142,-0.03481360946436246,-0.00040000000000000034
2016-08-05,-0.0015043550709452347,-0.018025444010511645,-0.006237436639614938,0.008145834160587014,-0.0865722750466002,0.0008000000000000007
2016-08-08,-0.004067036357604987,-0.0008627837547004024,-0.0005365443590600387,-0.0005961901513596824,0.009611227767642339,0.0
2016-08-09,-0.0005321441129647425,0.004072023167431717,0.0035710570598414637,0.000596190151359732,0.013817132466701737,-0.00040000000000000034
2016-08-10,0.0028970739216052574,0.004677994512329687,0.002669801119283688,-0.0024781823043992924,0.03290050792937694,-0.0005000000000000004
2016-08-11,0.006333835466558864,-0.006946906948684661,-0.004810938622210387,0.004629798297863504,-0.031186672237139307,0.0007000000000000006
2016-08-12,-0.0042418899444097,-0.002117040375034645,0.0035657099440531254,-0.0008691038718177267,-0.011192550046500584,-0.0006000000000000005
2016-08-15,0.0024982306112892433,0.003447698256792746,-0.00294093203294824,0.002879672828735047,0.022261212258253418,0.00040000000000000034
2016-08-16,0.001531037673697168,0.004915970173444719,-0.0016971107474138497,-0.005171198025054288,0.06791975014042438,0.00020000000000000017
2016-08-17,0.008186617742292809,0.00023348078990268189,0.001608195499394529,0.0018792318126548027,-0.0362505068101687,-0.00010000000000000009
2016-08-18,0.0020317675714881405,0.004735854578729188,0.0017834891481796544,0.0022414300261964196,-0.0643744045638904,-0.00030000000000000024
2016-08-19,0.004461649861066459,-0.008868887925520175,-0.003391684647574246,-0.0014630415568368065,-0.00790519275093397,0.0005000000000000004
2016-08-22,-0.004529491868557557,-0.0014858453674488508,0.0022325540967394956,-4.5866978494034724e-05,0.07882098427504385,-0.00030000000000000024
2016-08-23,0.0018660338545216854,-0.00015650499362582264,-8.912181051269493e-05,0.0020114269121685483,0.008924980470093992,0.0
2016-08-24,-0.0016287651923312064,-0.011176864142998311,-0.00035682094191310967,-0.005127863759282447,0.08289681536635139,0.00010000000000000009
2016-08-25,-0.003283078973066947,-0.0008709901258544955,-0.0016076537058595578,-0.0006888468618661383,0.013294162237876155,0.00020000000000000017
2016-08-26,0.0023681928133100437,-0.0014269885139347306,-0.0038508299959044132,-0.001885020580244329,0.0014662395797746344,0.00040000000000000034
2016-08-29,-0.008096322643500537,0.001981375674593548,0.004118866962845165,0.0049122074022242635,-0.05341623703958882,-0.0005000000000000004
2016-08-30,-0.0005933771387031251,-0.01010635477558824,-8.962057911754405e-05,-0.0016502951215102736,0.01381451814843274,0.0
2016-08-31,-0.003541916776530722,-0.0020015218438290436,-0.0011616354573834454,-0.0028479811536821346,0.022608362435316418,0.00010000000000000009
2016-09-01,0.000669398242409528,0.004078880664929754,0.0015662222277559746,4.6191813733678515e-05,0.004460934296802697,-0.00010000000000000009
2016-09-02,0.0035779727913655378,0.010164454828507231,-0.0025975300451600643,0.004497659857593058,-0.11796851704878558,0.00030000000000000024
2016-09-06,-0.0007811168636914772,0.016766351430797802,0.004653317360958973,0.003017994848156463,0.003333412713915429,-0.0005000000000000004
2016-09-07,0.008962688331043682,-0.0034244132039321193,0.0005353515154837483,-9.15308286994882e-05,-0.006677894369882704,-0.00010000000000000009
2016-09-08,-0.0011246487850704737,-0.005315481388614766,-0.004919326153125522,-0.0022853557226697333,0.04663426995405139,0.0007000000000000006
2016-09-09,0.0027014349127084296,-0.006605326760192751,-0.004763604724016365,-0.024226010431745312,0.3356725381547387,0.0005999999999999983
2016-09-12,-0.0026902998742258147,-0.0012631537514554386,0.0009006575254599953,0.014245483588445938,-0.14354051078040708,0.00010000000000000009
2016-09-13,0.00021366267368390018,-0.006657679739988439,-0.0036975536486727957,-0.014479910122983802,0.16334315944743963,0.0005000000000000004
2016-09-14,-0.002212531531855482,0.0034136523813896856,0.0022564197370525457,-0.00037529739070757715,0.016115881443765905,-0.00030000000000000024
2016-09-15,0.0025498453552103796,-0.006440074325495563,0.0002701037787613931,0.00994324970040356,-0.1069543500336526,0.00010000000000000009
2016-09-16,-0.00012369679165697225,-0.002475784418470438,0.0010807106099849858,-0.0038728401643558833,-0.05874751090184277,-0.00010000000000000009
2016-09-19,-0.007807775057992466,0.002076861031546589,-0.0017116364067712338,0.00018728036475112734,0.0103560698614386,0.0
2016-09-20,0.001988107023017429,0.0009571124160197729,0.001531570596457612,4.656471715563694e-05,0.02480256524236022,-0.00010000000000000009
2016-09-21,-0.002389772824843842,0.014483211562644741,0.0016189999831861346,0.011182814120432505,-0.17981213563989493,-0.00030000000000000024
2016-09-22,0.003508451907178094,0.0023544435304930274,0.0029621976347336664,0.006281751450367479,-0.1011920823781142,-0.00030000000000000024
2016-09-23,0.0015122434449735868,0.0006269244831308528,0.00044808938811472573,-0.005494175657983387,0.022213953283479113,-9.999999999999786e-05
2016-09-26,0.002592942292141068,-0.0007836871273147406,0.0028623326213480945,-0.008135046705674472,0.1653627289524887,-0.00030000000000000024
2016-09-27,0.0009444893031245314,-0.007317971706278326,0.0016960195524256146,0.006188405208135399,-0.10153639009959665,-0.00030000000000000024
2016-09-28,-0.002696311903076753,-0.003164070980187106,-0.0004463894741435302,0.004951510445955105,-0.055722535976215945,0.00010000000000000009
2016-09-29,0.00048258291459646655,-0.001189120004834333,0.0006244836086113863,-0.009088451451511673,0.12359519090648864,-0.00010000000000000009
2016-09-30,-0.00048258291459651463,-0.0034166360099868506,-0.002499684343472908,0.007517657267446974,-0.053473044402402276,0.00040000000000000034
2016-10-03,0.0013472078218555506,-0.002550206163687112,-0.0023293716050904073,-0.0024069218365556275,0.0208495815029716,0.000299999999999998
2016-10-04,-0.0021658898894434467,-0.03532787258610445,-0.004585369937155338,-0.005110735430891388,0.004411802746919617,0.0006000000000000005
2016-10-05,3.360232562436578e-05,-0.0015718922897908132,-0.0022561494358954272,0.004415641648899832,-0.048093441042034196,0.00030000000000000024
2016-10-06,-0.00022417864622131028,-0.009316280206747919,-0.002079319212296246,0.0006950937819914809,-0.011614502917052018,0.00030000000000000024
2016-10-07,-0.005699907005050658,0.0006682890904549356,0.0014471600932213832,-0.003435336771986823,0.04864176137982386,-0.00020000000000000017
2016-10-10,0.004691651837804532,0.003501510836135797,-0.002624645075486518,0.005194810880276449,-0.007446008272215814,0.0
2016-10-11,-0.005025978007065702,-0.005089499061391544,-0.00027177241879826076,-0.012709704752283741,0.13800564211456884,0.00040000000000000034
2016-10-12,-0.007104769738430128,0.0015879882252557648,0.0,0.0013109399169385996,0.035181127391220514,0.00020000000000000017
2016-10-13,-0.004536195589891394,0.0024189937106391113,0.002082674424153305,-0.003280869846388532,0.04786193691339739,-0.00040000000000000034
2016-10-14,0.0034305603068918436,-0.005597559798283797,-0.0030799202703306714,0.000516223827988679,-0.03474898053229599,0.0005000000000000004
2016-10-17,-0.007441761541419575,0.0026773752071126027,0.002174879188356253,-0.0034782884999204856,0.005567490128307157,-0.00030000000000000024
2016-10-18,0.004352579694611333,0.006164100054633751,0.0019895994876607875,0.006242934518320384,-0.0590835130057463,-0.00020000000000000017
2016-10-19,-0.0035187297515541743,0.005713611741873303,0.0004520228870875196,0.0026636939623592374,-0.058622366840264103,0.00010000000000000009
2016-10-20,-0.0001646506380020189,-0.0030597728971404627,-0.0009037364724079203,-0.0018687611347260394,-0.04688357530982252,0.0
2016-10-21,-0.004085401957879828,0.0007451585177257722,0.00108455685342733,0.00046768394592474927,-0.030271772186730078,-0.00020000000000000017
2016-10-24,-0.004384409358858094,-0.0022370801255002003,-0.0013557514931596389,0.0042437678493827315,-0.024280379986927482,0.00030000000000000024
2016-10-25,-0.0006527512292521241,0.0075197946939096144,-0.0001805517660006924,-0.0033562021309383907,0.033235655111758064,0.0
2016-10-26,0.0010881930929809549,-0.0056138205649168835,-0.002173288285356448,-0.002009776021695062,0.05633256285998624,0.00020000000000000017
2016-10-27,0.002267123672550751,0.0018196962666163264,-0.0034502117533663276,-0.0026705161044249894,0.07571181545711721,0.0006000000000000005
2016-10-28,-0.0010687761345710978,0.00469929291776931,0.00018208662188230293,-0.00295967112721572,0.0526270953086411,0.00010000000000000009
2016-10-31,0.007703391184510834,0.0029566431199742503,0.0008181191937565498,4.700623402245355e-05,0.05234271008244064,-0.00020000000000000017
2016-11-01,-0.001032047021780874,0.006457707460557924,3.597051726002537e-05,-0.0072714357577264915,0.0842721878245324,-0.00010000000000000009
2016-11-02,0.007600509088301996,0.0073872643657927,0.0029979531887587845,-0.006037048626257421,0.04013211440512595,-0.00020000000000000017
2016-11-03,0.0036554982779582594,0.005323910740822454,-0.000635254299438326,-0.004587608458902897,0.13353140496502877,0.00010000000000000009
2016-11-04,0.0004439735815214477,0.0007237632468996816,0.00308178434898126,-0.0011021837463454085,0.019287447133095326,-0.00030000000000000024
2016-11-07,-0.00011102860930874295,-0.01817197611952108,-0.0041712035330031755,0.021817116848769958,-0.1849015737331652,0.00040000000000000034
2016-11-08,-0.004430681626231969,-0.004183952404118774,-0.003550491595779197,0.004493931055009497,0.001602173243248214,0.0004999999999999983
2016-11-09,-0.0030016218881543464,-0.0006579098268443167,-0.015345961349644534,0.010546244262435682,-0.26482190434549113,0.0018999999999999996
2016-11-10,-0.008973283929278824,-0.015001711673607077,-0.006036839251567611,0.0024923758090698287,0.024726510982010494,0.0008000000000000007
2016-11-11,-0.00283529727672874,-0.022377978717915834,-0.0020519552852070106,-0.002307864687438154,-0.03943781214647338,0.0
2016-11-14,-0.005971422941238589,-0.008490234677527317,-0.0058049019235709995,0.0007854753005415888,0.02164129625727947,0.0008000000000000007
2016-11-15,-0.006904091630366802,0.00866105076842777,0.0,0.007772303013076828,-0.07975497278973488,0.0
2016-11-16,-0.0021477752071920996,-0.002992914324639686,0.0009389659549131475,-0.0018800964457903913,0.02584125920615844,-9.999999999999786e-05
2016-11-17,-0.0019290221275351884,-0.005151539575840869,-0.004418723042878523,0.005127425024595053,-0.02733822833971055,0.0006999999999999984
2016-11-18,-0.00783857389608081,-0.008818980245606385,-0.004438871929078609,-0.0022398107768503454,-0.03817257239318107,0.0004999999999999983
2016-11-21,-0.0036582460348251198,0.0037273072140238833,0.0008518069468809924,0.007523271630094229,-0.03403575837942622,-9.999999999999786e-05
2016-11-22,0.005146602943733133,-0.000346148454927052,0.0009451750495368718,0.0019512346130340886,-0.0008054957272057867,-0.00020000000000000017
2016-11-23,-0.000478683384408412,-0.020019033913875547,-0.003596391877143313,0.0005440241077547949,0.0016103431532139357,0.0004999999999999983
2016-11-25,0.0015830883643818613,-0.005667237234161627,-0.0008543384884967045,0.0037083406901860794,-0.007266899231621628,0.0
2016-11-28,0.004764163866232262,0.01051202138010083,0.004545261295730278,-0.004705890658864558,0.06357569877211942,-0.00040000000000000034
2016-11-29,0.0008493102559907696,-0.004668228933024721,0.0010381798549748992,0.0019483172621066857,-0.01919444781833908,-0.00020000000000000017
2016-11-30,0.0025523434536833026,-0.013510086082379656,-0.0067224976620914355,-0.002401564897997681,0.0327898466708114,0.0007000000000000028
2016-12-01,-0.005310066148516394,-0.0018809543242076046,-0.003822758960457698,-0.003682702177076426,0.05402772096933585,0.0008000000000000007
2016-12-02,0.006684755681079142,0.005364806083291903,0.004479643936467793,0.0005008047016965052,0.0035473745237384357,-0.0005000000000000026
2016-12-05,-0.00763756940783257,-0.005364806083291772,-0.00038053290422973356,0.005990577070289268,-0.15108641004857054,-9.999999999999786e-05
2016-12-06,0.016430543065026223,-0.0009866853717861235,0.00038053290422965236,0.003162682515717113,-0.029254102597901264,0.0
2016-12-07,-0.0034364582995452253,0.003583283615967486,0.003322090941541036,0.012996099872934123,0.035822264281490476,-0.0005000000000000026
2016-12-08,0.0038667787464509358,-0.0023276835438489365,-0.0037987454556714984,0.0024455647030575097,0.033792440285087585,0.0006000000000000005
2016-12-09,-0.01315032709034517,-0.010542046205441346,-0.005149250133280391,0.0060223801262763825,-0.07301317529015335,0.0007000000000000028
2016-12-12,-0.006985527551627237,0.003797113021044969,0.00019151090286929266,-0.0011485702561877995,0.07301317529015339,0.00020000000000000017
2016-12-13,0.008899219392906341,-0.0033443584495007656,0.0005734104253443493,0.006651863646433115,0.006309163024485387,-0.00010000000000000231
2016-12-14,-0.0011699590234880463,-0.014775853703028299,-0.008346669208980202,-0.00828857265073185,0.0362833560111711,0.0006000000000000005
2016-12-15,-0.010888585673538545,-0.013785715901107687,-0.002798354595687148,0.0041085898661245126,-0.030795322307788982,0.0006000000000000005
2016-12-16,-0.009105718970210059,0.006592778565065466,0.0012556358216322867,-0.001957350513765766,-0.047227676502983436,0.0
2016-12-19,0.0029842312480278035,0.004985177307786946,0.004620581139534552,0.0021746759609659154,-0.040992755237938876,-0.0006000000000000005
2016-12-20,-0.004233759574618508,-0.007394390217464912,-0.002114756692916672,0.003850488120854677,-0.022453467525084786,0.000299999999999998
2016-12-21,-0.001476509481291881,0.0005564603998491446,0.0016345185988289907,-0.0027868000873830026,-0.015845344672603123,-0.00020000000000000017
2016-12-22,0.0036641609249652264,-0.0024136861188265224,-0.00043316513309521373,-0.0017288230198344826,0.014097135836683452,0.0
2016-12-23,0.0008659788395229713,0.003155199096609045,0.0009627477120171407,0.0014630266396690307,0.0008744447656075535,0.0
2016-12-27,0.00020909756917603204,0.005820121372820581,-0.0014445147902721266,0.002478127239399399,0.04695700067815876,0.00020000000000000017
2016-12-28,0.0005125259245785663,0.0027596655752010505,0.0036542644151386985,-0.008298778731659,0.07702282346695732,-0.0006000000000000005
2016-12-29,-0.004342951339742504,0.01305061000633585,0.0030667379468093665,-0.00022275253380547622,0.031917609137335934,-0.00019999999999999573
2016-12-30,0.01508250693397183,-0.006184651823121631,0.002961198758245359,-0.003661725379815168,0.04889701332632268,-0.00040000000000000034
2017-01-03,-0.006379961365256615,0.00781538513824579,-0.00047663386005983825,0.007620936865964638,-0.08856655485305563,0.0
2017-01-04,-0.0038418862814960275,0.0035241475629946054,0.0011446366169843955,0.005931459513472131,-0.08101594125491061,9.999999999999786e-05
2017-01-05,0.007740590997296724,0.015395946803090798,0.006462058751926097,-0.0007946705060081781,-0.015306446936600325,-0.0008999999999999986
2017-01-06,0.009951694252328959,-0.007399862806677905,-0.004556639597009942,0.0035714436386226323,-0.030450407020032186,0.0004999999999999983
2017-01-09,-0.007007159987028705,0.008198942430912352,0.0037984612990869604,-0.0033066914079318177,0.020979853727207804,-0.00040000000000000034
2017-01-10,0.0053751462447140155,0.004251209640407789,-0.00047414233142274975,0.0,-0.006073827602679202,0.0
2017-01-11,-0.003424761684181173,0.003088451356458922,0.0011377249332007048,0.002822135339096146,-0.02022042890204621,0.0
2017-01-12,0.004282834624410967,0.0036058581395100996,0.0005677971143276145,-0.0025129042020425895,0.024562614735795518,-0.00020000000000000017
2017-01-13,0.001803209323731725,0.002630155985373185,-0.0021801577181077406,0.0022925667252372646,-0.027230529786543247,0.00040000000000000034
2017-01-17,-0.002420493946028179,0.014257386660884261,0.005016899191278409,-0.0035295186325851606,0.055425470992607244,-0.0006999999999999984
2017-01-18,0.008807419508532732,-0.00849515963956113,-0.007106057866441567,0.002207330637033584,0.05011312728111235,0.0008999999999999986
2017-01-19,-0.006471944983548921,-0.0008709816243126054,-0.0038105803938222943,-0.003711219157143601,0.02375410179361605,0.0005000000000000026
2017-01-20,0.0030014703955947883,0.0024367465635147297,0.00047663386005981,0.0036674148923630597,-0.10206217028079227,9.999999999999786e-05
2017-01-23,0.005054843962894572,0.006411370524106662,0.005233760585935011,-0.002605749706458961,0.019734702390271835,-0.0006999999999999984
2017-01-24,0.004380785936046075,-0.00450104004040464,-0.003803334100723418,0.006391468088361578,-0.0613152410118711,0.0006000000000000005
2017-01-25,-0.0029870187452542053,-0.00827564253844338,-0.0049661765884650875,0.008618248553141038,-0.023767048684151894,0.000599999999999996
2017-01-26,0.002169451772020358,-0.009315451405169057,0.001339114921951619,-0.0010459176796764804,-0.016791467348872033,-0.00020000000000000017
2017-01-27,-0.0064410634062073814,0.0020286289430193087,0.0012422397103323362,-0.0015712006803531308,-0.0047147839006946414,-0.00019999999999999573
2017-01-30,0.002899318852993123,0.00422055808840963,-0.0002862081208261321,-0.0062210612092801374,0.11589090434856712,0.0
2017-01-31,-0.0005034903875596175,0.013768096552717091,0.0034328729581764995,-8.784613743027548e-05,0.009216626382455856,-0.00040000000000000034
2017-02-01,0.008852261972059784,-0.0030336413602642647,-0.0019183774318113757,0.00039559625934247736,-0.015126284210131685,0.000299999999999998
2017-02-02,-0.0033759205059840968,0.005540175253055062,0.0003817944005326231,0.0006587467494441289,0.010109595950462324,0.0
2017-02-03,-0.0005274662699758506,0.0025003325828475273,0.0007640501064432878,0.006869305762382587,-0.08389196306148786,0.00010000000000000231
2017-02-06,0.0019713419350956586,0.013428758731217077,0.00475904785574155,-0.0017892744746958599,0.03581399906840904,-0.0007000000000000028
2017-02-07,-0.0036916646517806554,-0.0020411460379591725,0.001802771513996498,4.3308034423133356e-05,-0.007060922914538122,-0.00020000000000000017
2017-02-08,-0.006083672000636754,0.006195677380773737,0.004067635443018186,0.0013097027130137115,0.014072338559439708,-0.0006000000000000005
2017-02-09,0.001324952574866799,-0.007644011341685387,-0.005965360931231783,0.005915102050357349,-0.05106346139591864,0.0006000000000000005
2017-02-10,-0.0031492420707108556,0.0026395141502793757,-0.0006650198688887763,0.003938378786054603,-0.002761136801294953,0.00010000000000000231
2017-02-13,-0.003670492466827683,-0.006825925967175972,-0.0015217721751902872,0.005427776057026469,0.020073604007755815,0.00020000000000000017
2017-02-14,-0.001983821861077884,0.0011123712399388251,-0.0036231463444213515,0.003987571871711083,-0.03026365138316357,0.00040000000000000034
2017-02-15,-0.0019059474091679728,0.004437217359329355,-0.0019117022199210793,0.0052068143603943755,0.10842847410849218,0.0003999999999999959
2017-02-16,0.0027435541785106898,0.005349691237603728,0.004010936563039514,-0.000851829003833205,-0.017699579944830846,-0.000599999999999996
2017-02-17,0.006096606333929302,-0.003393297472611437,0.0026665099046830816,0.0015750654978469892,-0.02322688999264791,-0.00030000000000000247
2017-02-21,-0.0016245565514428882,0.0005946540100771037,-0.0004762073892109316,0.005937690540892417,0.006938442888539079,0.00010000000000000231
2017-02-22,-0.006366536572582725,0.0013579197505681978,0.0016153555041270129,-0.0008882819559128374,0.014586280074939673,-0.00010000000000000231
2017-02-23,0.001139192733998484,0.00869753215772013,0.0026553247760582534,0.0006768435720925746,-0.0025586140367860996,-0.00040000000000000034
2017-02-24,0.0028748666409450312,0.006369402264058893,0.004630252609938717,0.0012680348823114515,-0.020708226445359156,-0.0006999999999999984
2017-02-27,-0.0030014925084968615,-0.004857175635850916,-0.0035889421545575806,0.0015616363614310532,0.052643722825793667,0.0004999999999999983
2017-02-28,0.0029803184926625644,0.0009230175401251751,-0.00047301838236262563,-0.0027029074820434625,0.0663978270118584,0.0
2017-03-01,-0.001427914978222764,-0.0014268817535847192,-0.006991043302949544,0.013900699583408652,-0.029852972096808428,0.0010000000000000009
2017-03-02,-0.003155193618451753,-0.012508578672614061,-0.0028673811606946837,-0.006317677644833875,-0.059976866422854436,0.00030000000000000247
2017-03-03,-0.002483361285800688,-0.0005955140219627113,0.0009567075527107756,0.0006296085190227424,-0.07469438073946413,0.0
2017-03-06,0.010480388215962188,-0.006745539852068463,-0.0001916280317837822,-0.0029825603039071247,0.025226539101959565,0.0
2017-03-07,-0.003890114210058578,-0.008086086565359004,-0.00143581516208047,-0.0029914080168336053,0.01851088923978977,0.000299999999999998
2017-03-08,-0.000856528977351755,-0.00623811789096147,-0.003358184020591642,-0.0018581683990544226,0.03518165127944148,0.0004999999999999983
2017-03-09,-0.002153918443973989,-0.005140919622256687,-0.0027904685440330343,0.0012674668475349963,0.03642791326364774,0.00030000000000000247
2017-03-10,0.0029364122241478294,0.0021815968976861885,0.0021174763280081585,0.003497869529994523,-0.053435110049364944,-0.00020000000000000017
2017-03-13,0.010495752325234368,0.00017429306368691534,-0.0025032179241729325,0.0005048135989552282,-0.026946390298827446,0.00040000000000000034
2017-03-14,-0.0036172570315181995,-0.005418130142924943,0.0010602504423491421,-0.0038337690743167575,0.08038150034819233,-0.00020000000000000017
2017-03-15,-0.0036681311722004924,0.018492494054675904,0.008725577912679711,0.008616202214025415,-0.05601130151455044,-0.000900000000000003
2017-03-16,0.01175313951260352,0.004120559955210867,-0.0027720599287356716,-0.00196896590839851,-0.036781735883710844,0.00020000000000000017
2017-03-17,0.0034204682168346265,0.0022248383768926597,0.002676450866844877,-0.0017578325462581368,0.006224981910135874,-0.000299999999999998
2017-03-20,-0.0029478685547739913,0.004435011725418118,0.0023848911358913026,-0.0010974759862052738,0.005305089358182302,-0.000299999999999998
2017-03-21,-0.000494026216523266,0.008727009558066982,0.003328035575925051,-0.012922516848421238,0.09498946935031426,-0.00040000000000000034
2017-03-22,0.0069390189319521985,0.0024434516279076965,0.0018971681637177855,0.002350170275783047,0.026900367559963098,-0.00030000000000000247
2017-03-23,-0.002062955051731874,-0.0013473994637167544,-0.0010429836765598996,-0.0010674310136834706,0.02391162612770636,0.00010000000000000231
2017-03-24,-0.0005825075184240264,0.0015998188263154015,0.0005691403829163481,-0.0007268265144914045,-0.012270080925744142,-0.00010000000000000231
2017-03-27,0.006068102164538236,0.005621040603803889,0.0024618570350131794,-0.0010268664216713244,-0.03613904955931246,-0.00020000000000000017
2017-03-28,0.0010529288766618662,-0.0041077969016607725,-0.0034107530826883504,0.007250671689755436,-0.08077633318676844,0.00040000000000000034
2017-03-29,-0.003988814539129683,0.002433200950322697,0.0028437242836469876,0.0009345121337583275,-0.009586100212892272,-0.000299999999999998
2017-03-30,-0.005383655395307185,-0.00723300545545795,-0.0028437242836470067,0.003179001652103961,0.010453046865728637,0.000299999999999998
2017-03-31,-0.006766263018980494,0.002108015430704589,0.0019911085045868763,-0.0023303041240260018,0.06945491937858421,-0.00020000000000000017
2017-04-03,-0.001708436576849294,0.005292550298656713,0.00491016570316106,-0.0017408114531428963,0.000808099347558405,-0.0004999999999999983
2017-04-04,0.00011731597159801833,0.002259734577374107,-0.001416469139646533,0.0006374015105522395,-0.04883056518672266,9.999999999999786e-05
2017-04-05,0.0009608024846293539,0.0,0.001888386667463371,-0.0029771480896353107,0.08920013227216657,-0.00020000000000000017
2017-04-06,-0.0007367113708814336,-0.0036851166978419136,-0.0006602328756709907,0.002807278849306631,-0.0395621202351937,0.0
2017-04-07,-0.002611329354407584,0.002346621760815808,-0.0030254346234391345,-0.0010201959357277637,0.03800928936525093,0.00040000000000000034
2017-04-10,-0.005900993777431867,0.0,0.0017972808316467144,0.0005952843915211261,0.08772339663922267,-9.999999999999786e-05
2017-04-11,0.0014719638399648264,0.014378002485395934,0.004620630616795637,-0.0011904741934706568,0.07008358303266471,-0.0005000000000000026
2017-04-12,0.001293776491387639,0.006825356086693186,0.003100154739029443,-0.004391523494832024,0.045403437614591986,-0.00040000000000000034
2017-04-13,0.0055757821106804445,0.0047420728437496,0.0029969056362977742,-0.006516260507074771,0.01197616440937743,-0.0003999999999999959
2017-04-17,-0.0005518231785464774,-0.002940703113613842,-0.0015912350582515007,0.00882096283775999,-0.08496290836176942,0.00019999999999999573
2017-04-18,0.003198762931699693,0.004733558474010278,0.005697435580045736,-0.002988715457852512,-0.016506548902409286,-0.0007999999999999962
2017-04-19,0.00787603933151079,-0.008914361418128501,-0.0026104954159585927,-0.0018404468235903417,0.0347564948438943,0.000299999999999998
2017-04-20,-0.0012759417804318331,0.001887609614885789,-0.0022437824292784445,0.008106457639060483,-0.053658034861284676,0.00030000000000000247
2017-04-21,-1.068048484067434e-05,0.002865670925194773,0.00046763585721925515,-0.0031919295862393605,0.033359625724123744,0.0
2017-04-24,0.01473387077510292,-0.00680911772728566,-0.002060238668330887,0.010937726887624264,-0.2998312127665049,0.0003999999999999959
2017-04-25,-0.0008370344334140607,-0.010176758825308857,-0.005168403299503934,0.005801780787751808,-0.00740743408268955,0.0007000000000000028
2017-04-26,0.005818837615714092,0.004894417227160271,0.0026348714323281568,-0.0006292698486118914,0.008329539139783957,-0.00030000000000000247
2017-04-27,-0.0017688276041054596,-0.003730858335881937,0.0006571055448164612,0.000838963083225726,-0.0462129114528938,-0.00020000000000000017
2017-04-28,-0.004104213277379672,0.003151414614046289,0.001032276416044655,-0.002181764573818103,0.04344404152147499,-9.999999999999786e-05
2017-05-01,0.003973291140565258,-0.009149943206636653,-0.002162790172124173,0.002517049610346276,-0.0678712461398994,0.00040000000000000034
2017-05-02,0.00013092213681450298,-0.0001671121773228451,0.002068902803429309,0.0003768863110272287,0.04638517494834189,-0.00040000000000000034
2017-05-03,0.0024465527570567713,-0.014055680078894413,-0.002068902803429297,-0.0012154204574069602,0.008462688084567422,0.00040000000000000034
2017-05-04,-0.004277630513799503,-0.010137688898777003,-0.0022625689489500812,0.0011736331039563777,-0.020814399822844595,0.000299999999999998
2017-05-05,0.008463877857979456,0.001881961358121959,0.00018911157860603464,0.003929207907573921,0.010461308726550154,0.0
2017-05-08,-0.0014924328465038186,-0.002224522938679479,-0.0024559247396750243,-0.00016680497372993026,-0.0787032581015654,0.00030000000000000247
2017-05-09,-0.0034152831494478875,-0.006013737531639031,-0.0011359577497361435,-0.0009185864611319459,0.019260562517824452,0.000299999999999998
2017-05-10,-0.003752144975261105,-8.619187440794861e-05,-0.00037864353294886024,0.0017944424839520003,0.024790560486286254,-9.999999999999786e-05
2017-05-11,-0.0014795427623111868,0.003956305862795571,0.0007573212069441187,-0.0020447851261304975,0.037486401192920626,-0.00020000000000000017
2017-05-12,-0.0005325441349082685,0.0028286293961139724,0.005098030630336903,-0.0016725670955955374,-0.01904826763818626,-0.0006000000000000005
2017-05-15,0.0057204864600827665,0.00264989304932151,-0.0006592099212926862,0.005507994622703484,0.0019212741795516252,9.999999999999786e-05
2017-05-16,0.0049733891475483355,0.004344332691827055,0.0013185148880957797,-0.0009156261260366615,0.021832812689583182,-9.999999999999786e-05
2017-05-17,0.010165609234827322,0.018026089242991115,0.007967213237621493,-0.01790338776953712,0.38106983652055465,-0.0010999999999999988
2017-05-18,0.005607107178077628,-0.008214659464641018,-0.0002795760440973619,0.004020237118095796,-0.06150700680717971,9.999999999999786e-05
2017-05-19,-0.003841584496626299,0.0049536558166890015,-0.00028079261802356817,0.006483056866077935,-0.19688824933773272,0.0
2017-05-22,0.008179592912204795,0.004178861021674379,-0.0011215049106248238,0.005064817535258746,-0.0967231066029436,0.00020000000000000017
2017-05-23,0.0030299874646010755,-0.006358807682167539,-0.0026217758171920218,0.0022102998479421043,-0.01940014955731869,0.00040000000000000034
2017-05-24,-0.005313076821422747,0.003937188086656905,0.002060639059915575,0.0023301994258346013,-0.06752803921034449,-0.00030000000000000247
2017-05-25,0.004605241095272315,-0.0010874337201151904,0.000561136757276532,0.004767989067586534,-0.002998571592347738,-9.999999999999786e-05
2017-05-26,-0.0017953372916787,0.008832634206008617,0.0006544808552151117,-0.00020680651184479173,-0.018182253397713146,0.0
2017-05-30,-0.0042155232961007755,-0.0033239313084347183,0.0025204088256306667,-0.0008692587096578999,0.056478572411225066,-0.00040000000000000034
2017-05-31,0.0038245199942626854,0.003987406451696997,0.00046558667535034063,-0.0002482798326855331,0.0028859792061798834,0.0
2017-06-01,0.0064107218921609175,0.0008286937780719529,-0.0005219540596236773,0.00792090134259967,-0.05124268762030791,0.0
2017-06-02,-0.0024705630841269518,0.007345383440385594,0.004378963207148742,0.0033228587584812983,-0.01425689533899515,-0.0006000000000000005
2017-06-05,0.005781635295709812,0.0009862969865506888,-0.0016754246679249307,-0.0007373793162111971,0.03229339141527485,0.00030000000000000247
2017-06-06,-0.002129806388517568,0.011191515796581182,0.0031610928368128316,-0.0032019460637222794,0.03704128373364912,-0.00040000000000000034
2017-06-07,0.001295371377476745,-0.005294262319270385,-0.0018581484593706633,0.0018481887226497577,-0.005758122003968403,0.00040000000000000034
2017-06-08,-0.0014417352935042875,-0.006554676702975165,-0.001582324159633729,0.0004922643551720783,-0.022385411022868885,9.999999999999786e-05
2017-06-09,-0.006272006430605266,-0.009166426122606205,-0.0009319754990676967,-0.0015186542976247754,0.05178529651032963,0.00020000000000000017
2017-06-12,0.001533596439746188,-0.0014943988172197275,-0.00018658665428942072,-0.00020533215874496356,0.06861899097312749,0.0
2017-06-13,-0.0005151964433409355,0.0009965350816834196,0.00037313850049391293,0.004877877068961471,-0.09513567096820325,0.0
2017-06-14,0.0011314867284345825,-0.005493177805750778,0.0052060739587829925,-0.001268662630560079,0.020893472533577616,-0.0006000000000000005
2017-06-15,0.0006166547146009237,-0.00418165701990386,-0.0017629532383291768,-0.0019260121688313367,0.02414223805720073,0.00010000000000000231
2017-06-16,-0.006160839863208682,0.00016757431865917162,0.0005570899310584688,0.00021826625942883044,-0.04888186547499546,0.0
2017-06-19,0.005488135775370295,-0.00765446009733337,-0.0027893426176910387,0.008290864070048951,-0.0009638775572115882,0.000299999999999998
2017-06-20,-0.005699907005050658,-0.0021131828104241023,0.002510532215040106,-0.006767071009575654,0.04616927168660819,-0.000299999999999998
2017-06-21,-0.0006795750515412816,0.002872805881766109,-9.257737638940898e-05,-0.0002470529863385454,-0.010180528318603829,0.0
2017-06-22,0.0027099826986903166,0.0033692883509406405,0.0009279938327032879,-0.00045246409860866157,-0.025437119360516347,-0.00010000000000000231
2017-06-23,-0.001573337331533338,0.004279445503072874,0.0002785776095459509,0.0011933680028001251,-0.04488549387144057,0.0
2017-06-26,0.004402570472360325,-0.00899959554685728,0.0008348337289872147,0.0006579447822954213,-0.012048422733467136,-9.999999999999786e-05
2017-06-27,-0.0013652747414871296,0.003794725232620678,-0.004924804390845074,-0.008088972671672478,0.11080031542596729,0.0006999999999999984
2017-06-28,0.013817200221092344,0.000757258608664271,-0.0009319754990676967,0.00891047173125326,-0.09775445868338312,0.00010000000000000231
2017-06-29,0.003828564481944142,-0.004890000706728738,-0.0037359990100249074,-0.008827754628196995,0.13153537392103784,0.0004999999999999983
2017-06-30,0.005169753787889567,-0.002538742638049931,-0.002342271805431109,0.001862804430388866,-0.022989454248335733,0.00040000000000000034
2017-07-03,-0.001623434279564029,-0.01648835238074312,-0.0036804784048865146,0.0016943698974494516,0.0035714288703748718,0.00040000000000000034
2017-07-05,-0.0009888509651572001,0.0036971824767883434,0.0007540159854516451,0.0023090678304177126,-0.013459204741184946,-0.00020000000000000017
2017-07-06,-0.0011693597201411616,-0.0004291636859008885,-0.0018857541732496311,-0.009186389729391996,0.1246848130100272,0.00040000000000000034
2017-07-07,0.0068427801095858175,-0.010269798493159019,-0.0016057271045625098,0.006464341464840701,-0.11390304733817629,0.00020000000000000017
2017-07-10,-0.001837701715489709,0.0016468254331296226,0.001322592314409594,0.0010730622314849866,-0.007174912075174917,-0.00010000000000000231
2017-07-11,0.0,0.0012982088742116993,0.0013208453742147525,-0.0007427220844371198,-0.020000604278107792,-9.999999999999786e-05
2017-07-12,0.006131251207802693,0.0035397924292919544,0.002919275889110815,0.007486697148531397,-0.055701054717754515,-0.00040000000000000034
2017-07-13,-0.004807464986444529,-0.0018115086761426493,-0.0010353877652647314,0.0016785350804319713,-0.039609195145290085,0.00020000000000000017
2017-07-14,-0.0013123920117594798,0.008168900176639902,0.0014115788621252934,0.0046537159667450175,-0.040190817983458464,-0.00020000000000000017
2017-07-17,0.006246082259973272,0.004443348999716993,0.0012203725221656809,-0.0001221647553348014,0.03207719066462137,-0.00020000000000000017
2017-07-18,-9.183638917386693e-05,0.006966890452323186,0.003654479749062689,0.0005289877224440103,0.007103089059340135,-0.00040000000000000034
2017-07-19,0.00655029783305211,-0.0002540224323478422,0.0,0.0053993335633959255,-0.010162727702856242,0.0
2017-07-20,-0.0018462368588922442,0.00135406277392805,0.00028019844105982154,0.0004454304537973428,-0.021683868627002816,0.0
2017-07-21,0.008660672812457637,0.008589562474350484,0.0017756769466552962,-0.0008907047510742332,-0.023232330209173317,-0.000299999999999998
2017-07-24,0.0045455288539196816,0.0004191258176561492,-0.000653747298827501,-0.0002430378810548031,0.007450875197871865,0.00019999999999999573
2017-07-25,-0.0036730128113636957,-0.0032741446924645485,-0.005619381289458369,0.0024277956371487205,0.0,0.0007000000000000028
2017-07-26,0.0004889523241933991,0.008040236804835914,0.003187990848670608,4.0482958874073204e-05,0.01786700920262952,-0.00040000000000000034
2017-07-27,0.007140275713109553,-0.0007510021513584453,-0.0015928126540472453,-0.0009298936461280356,0.051761860863430244,0.000299999999999998
2017-07-28,-0.003360330911062203,0.00748507747253413,0.001686346208753187,-0.001173779352990023,0.017647547065119444,-0.00020000000000000017
2017-07-31,0.005003595982651434,0.0004969976741389874,0.0002808105874070507,-0.0005671822951394329,-0.002919684087975021,0.0
2017-08-01,0.006517456509259816,-0.0008284878144892227,0.0024805648399190854,0.002226160628000905,-0.016708012562592033,-0.00040000000000000034
2017-08-02,-0.0010872165978424119,-0.002074259170059369,-0.0009348072408537971,0.0004851759863268024,0.018655384563251224,0.00010000000000000231
2017-08-03,0.0033718824872047953,0.0015767861990997622,0.003457015352019184,-0.0019416924746652907,0.015444308209867733,-0.000299999999999998
2017-08-04,0.0028482358366718977,-0.007825504639997654,-0.0027088553149420703,0.001820455933993293,-0.040063966910489475,0.000299999999999998
2017-08-07,-0.009003661780450659,-0.0011707593535362649,0.0005610581891046102,0.001857417691749081,-0.010020066561044327,-0.00010000000000000231
2017-08-08,0.001909827198615512,0.0029243323685437307,-0.0008417490185543634,-0.0024638917892706156,0.09869177621064504,0.00030000000000000247
2017-08-09,-0.003933743568074327,0.012024832535234552,0.0012154095730025915,-4.036914109744314e-05,0.013593287748967505,-0.0004999999999999983
2017-08-10,0.0005879322590374358,0.00739163630100404,0.003730596711473341,-0.014215888301616575,0.36724008676673126,-0.00040000000000000034
2017-08-11,0.0007412406839569163,0.004734717669981235,0.0011164097841321326,0.001475551362364838,-0.0336006675706347,-0.00010000000000000231
2017-08-14,0.004683757024378315,-0.007110509708619871,-0.0024201751819039855,0.009864485281985262,-0.2294496809569115,0.00030000000000000247
2017-08-15,-0.004212813668356419,-0.007739806493235919,-0.0029877670724876445,-0.00012167915112384174,-0.0238008742762634,0.0004999999999999983
2017-08-16,-0.002939654885911989,0.007329654945785988,0.0018685635228790339,0.001742867380638114,-0.025232641808268966,-0.00040000000000000034
2017-08-17,0.002810170102040692,0.005074451187161032,0.0035393787315126254,-0.015713622386720586,0.28105885598709784,-0.00040000000000000034
2017-08-18,-0.005003297987145882,-0.0015523089133794997,0.00018617851050593666,-0.001564559584131495,-0.08660221985438135,0.0
2017-08-21,0.003473724677504832,0.003754179507042763,0.0006497915072650148,0.0007825136800076439,-0.0779994961207915,-9.999999999999786e-05
2017-08-22,0.004725443074964282,-0.0044903781947355755,-0.0019523798019030045,0.01040284459705973,-0.1502411573788991,0.00040000000000000034
2017-08-23,-0.0042197846676600495,0.0037569391595083405,0.003438123809234439,-0.003591761174300258,0.07630815945365708,-0.0005000000000000026
2017-08-24,0.0046095726316787945,-0.0031025274301848694,-0.0015785083617499028,-0.0023334143470351005,-0.001634024721228221,0.00020000000000000017
2017-08-25,-0.0012162816868652579,0.0036729988686282277,0.001671212964054462,0.0023334143470350776,-0.08086068987236195,-0.00020000000000000017
2017-08-28,0.012601173730479498,0.015762397031869272,0.0009269195505959137,4.074156377220236e-05,0.003539823418899511,-9.999999999999786e-05
2017-08-29,0.0010044878799235918,-0.0021677522181517517,0.0023141508426785845,0.001144453047185565,0.03301777968553986,-0.00030000000000000247
2017-08-30,0.0005504650901480018,-0.00048233427165646377,-0.0008325534919190148,0.004726069513253743,-0.04189090160767624,0.00020000000000000017
2017-08-31,-0.006455156902391667,0.011671721617894353,0.00157200043071109,0.0059981629506767765,-0.05778774987191694,-0.000299999999999998
2017-09-01,0.0014281759693642322,0.0019056530015576626,-0.002946547814715594,0.001413267897010121,-0.04440884446417235,0.00040000000000000034
2017-09-05,0.0008915526757262396,0.011044617985341777,0.006935584322435919,-0.00720808602031663,0.18839058271168793,-0.000900000000000003
2017-09-06,0.0025723291798226953,-0.0051126987089539664,-0.002399017540969479,0.0034082093658490777,-0.050303935898787074,0.00030000000000000247
2017-09-07,0.00031007026908479087,0.010355527635418995,0.004332436758144475,-0.00012150168867142692,-0.0069025228890773095,-0.0005000000000000026
2017-09-08,0.008456670882772186,-0.0012495406412696415,-0.0007357650547756254,-0.0011754910990798037,0.0481715177172049,0.00010000000000000231
2017-09-11,-0.0009498391490405942,-0.01400714397659853,-0.005723239792628073,0.01060926957033939,-0.12181345721828053,0.0008000000000000007
2017-09-12,-0.0048553725898403035,0.002927757716954255,-0.0024099986922072264,0.003364992172462004,-0.014078094761562304,0.000299999999999998
2017-09-13,0.0012684952800507596,-0.007534611170577382,-0.0020441425601916475,0.0004799501532104679,-0.0075901620555278,0.00030000000000000247
2017-09-14,-0.007040230737258596,0.004369098124020519,0.00018591727791644096,-0.0003200111929715818,-0.00573071490215623,0.0
2017-09-15,0.0026074388715421597,-0.005006207576558888,0.001208226161085154,0.0013453732500640545,-0.0262023246989902,0.0
2017-09-18,0.0013003754213913215,-0.009364174007229185,-0.003907155063839402,0.002124682681136239,-0.0019685496577600387,0.000299999999999998
2017-09-19,0.0018519597279447737,0.002088539057238403,-0.001119475109995914,0.001000459932316753,0.002951373195779545,0.00010000000000000231
2017-09-20,0.0027783834456705627,-0.008056762706663206,-0.0019615139701881657,0.00036011580269170086,-0.04008558435718417,0.0003999999999999959
2017-09-21,-0.010094523826527133,-0.007633024715443067,-0.001310485627328923,-0.0026831085893454266,-0.011311139388207228,-9.999999999999786e-05
2017-09-22,0.006168672724767713,0.0045543146609353605,0.0017772107810323091,0.000200646526816083,-0.00830741254846648,-0.00010000000000000231
2017-09-25,-0.0015397038475801963,0.01041298453601296,0.002986738777770923,-0.002046848000939221,0.06264673110631766,-0.0003999999999999959
2017-09-26,-0.00601701171679182,-0.011224726404076811,-0.0008387632799344136,0.0006023709580709784,-0.003925418350479232,0.00020000000000000017
2017-09-27,-0.005886836853223914,-0.009464790137827282,-0.005143486916092365,0.0038868706992155875,-0.029942375711765577,0.0006999999999999984
2017-09-28,-0.0030949455631941935,0.0018837445698112896,-0.00018755595558018445,0.0011991270890115034,-0.03295866738568999,0.0
2017-09-29,0.0027296467229846197,-0.0051683715774129575,-0.001219665755463639,0.0035086722845734945,-0.004197273840086403,0.00020000000000000017
2017-10-02,0.0021702076480590985,-0.006684614889873692,-0.0011377835019161402,0.004329529703676199,-0.006329179302721537,9.999999999999786e-05
2017-10-03,-0.006250154855581916,0.0004967317019956395,0.0014107464693758334,0.0021378406412499696,0.006329179302721625,-9.999999999999786e-05
2017-10-04,0.0011741541657486819,0.002809888938788158,-0.00028206010061201264,0.0011856714770890077,0.012539337069036876,0.0
2017-10-05,0.000822629559822298,-0.005378816723625682,-0.0010349891281227974,0.005907498212081229,-0.046767346986372936,0.00020000000000000017
2017-10-06,-0.0038255380743325205,0.0047183541150492775,-0.0012237466525846085,-0.0011394311779595312,0.04884198511289873,0.00020000000000000017
2017-10-09,0.0025682950913297697,0.008142542011553811,0.0011300494119435294,-0.0016524708770162305,0.06809439992552775,0.0
2017-10-10,-7.0457239084023e-05,0.002617800009600174,0.0003760493802836556,0.002634787982856451,-0.024499020671500924,-0.00020000000000000017
2017-10-11,0.006218846333423547,0.0031812040839063376,0.001128437126002729,0.0015698943528694477,-0.023081761162490996,0.0
2017-10-12,0.0042743566814671605,0.0008140547013934963,0.0009394507714207289,-0.0014911973722676402,0.0060728390326431625,-0.00020000000000000017
2017-10-13,-0.0028436443420639165,0.007539254296557061,0.0033747860653267504,0.0012164147510280545,-0.030740145687903387,-0.0005000000000000026
2017-10-16,-0.001501544931142891,-0.006888462515220647,-0.001686100201402305,0.0013329571481677613,0.030740145687903356,0.00020000000000000017
2017-10-17,-0.0016526703470598411,-0.00685440441719968,-0.00037481359524919866,0.000704691707788953,0.03957000578430739,0.0
2017-10-18,-0.0019205864297465773,-0.0037735819439875884,-0.002535444162528551,0.00097829395259525,-0.02355366230380795,0.00040000000000000034
2017-10-19,0.0019796105030956174,0.005900215657301747,0.0010336474825961704,0.0002738871325529286,-0.001988022941352699,-9.999999999999786e-05
2017-10-20,0.004468522795391605,-0.006393454395473306,-0.004140577312027117,0.005146754558106471,-0.007992042726700737,0.0006000000000000005
2017-10-23,-0.008000833040873344,0.0015611723194451613,0.0009424632081788316,-0.003896887873232143,0.10465810839574695,-0.00010000000000000231
2017-10-24,0.0004702904875673446,-0.0038662591759729935,-0.003019330683263937,0.0017555741049464278,0.008097224127690763,0.00040000000000000034
2017-10-25,-1.1759635881293249e-05,0.0001647984431065092,-0.0016073993794691796,-0.004962313582757962,0.006252784707365365,0.00020000000000000017
2017-10-26,0.005234651900610724,-0.008440935931399107,-0.0013261035955932615,0.0012914420832785458,0.006214014609706075,0.00020000000000000017
2017-10-27,-0.01564581794464382,0.004725786574733635,0.0032169143568406113,0.00814326597280692,-0.14242033745821897,-0.00040000000000000034
2017-10-30,-0.0028122811584414065,0.0019005561122996506,0.0035834387196281435,-0.003732029695983401,0.06899285202421052,-0.0004999999999999983
2017-10-31,0.004139812097083693,-0.0038047944426043163,-0.0006591683731335793,0.0015565416107439643,-0.030950216063127034,9.999999999999786e-05
2017-11-01,-8.164019452064136e-05,0.003639696661163179,0.0006032908356613329,0.0013214253948043645,0.0019626604903781493,-9.999999999999786e-05
2017-11-02,-0.0019787939054160286,0.0006603535530684753,0.001319557357329102,0.000388294590902775,-0.026827192800941202,-0.00020000000000000017
2017-11-03,0.00284140815238091,-0.004714451332297365,0.0015994957321592547,0.003333164660205666,-0.08290008576106517,-0.00010000000000000231
2017-11-06,-0.004026851354010363,0.008502950979343818,0.00122151735724737,0.0015464456951757514,0.028049225665348985,-0.00020000000000000017
2017-11-07,-0.00019738548972792174,-0.0036235108435323914,0.0003759472141492413,-0.0006956214715343204,0.050814531654679584,0.0
2017-11-08,-0.0009981989804078012,0.003459056119704665,-0.0012214944203594923,0.0016995470654010963,-0.011184723605584555,0.0
2017-11-09,-0.0003596121387038146,0.004102401645100611,-0.0003759701510369526,-0.0036345442058561632,0.0710358004203113,0.00010000000000000231
2017-11-10,0.0043000786630653445,-0.008221702339946372,-0.005089656308431547,-0.0003097771644211345,0.07254211761926446,0.0006999999999999984
2017-11-13,0.001223701080318296,0.001484906303430995,-0.0004723416406659971,0.0009295833723659818,0.018429660586462084,0.0
2017-11-14,0.00032656489137086097,0.002058715307154061,0.0014168822821793011,-0.002325276435973071,0.0077956351479338964,-0.00020000000000000017
2017-11-15,0.010907609447217186,-0.0012346702455872252,0.0035808952695129087,-0.005017868342703938,0.12475702651355414,-0.0004999999999999983
2017-11-16,0.0,-8.238652462762423e-05,-0.0025429825289311073,0.008464916810553311,-0.11019573509747056,0.00040000000000000034
2017-11-17,-0.0013080981138198554,0.011954609509226865,0.001318755662044868,-0.0029429473465770995,-0.028462457426959645,-0.00020000000000000017
2017-11-20,-0.00387900941326029,-0.012696268046166,-0.001601572565832028,0.0017049487466942043,-0.07068164816958256,0.00020000000000000017
2017-11-21,0.0007980439055142195,0.001647348843739489,0.00018855348951228782,0.006521350763140427,-0.09034600718539311,-0.00010000000000000231
2017-11-22,-0.0003403883384462701,0.009175087875407823,0.0032014663406112094,-0.0008848050935233746,0.015298674191578704,-0.00040000000000000034
2017-11-24,0.003313668861567561,-0.002531110250715074,-0.0008460567048120305,0.0023069248028893662,-0.021484205987906055,0.00020000000000000017
2017-11-27,0.00609963059633493,0.004160741332319787,0.0006580186084210959,-0.000499460401035067,0.020471524495606463,-0.00020000000000000017
2017-11-28,-0.0018111957909795597,-0.00016287471547656875,0.0001880380963910148,0.010093858609481601,0.01608073350026642,0.00020000000000000017
2017-11-29,-0.004786254653440127,-0.006289558392421399,-0.0032014663406113326,-0.0006089657663523806,0.06466314829134018,0.00030000000000000247
2017-11-30,0.00033187390605268443,-0.007732229391441411,-0.0031172699006604154,0.008716986077502408,0.0527874987549737,0.0004999999999999983
2017-12-01,0.0038949725055720153,0.0040380612309282235,0.003688583651828689,-0.0020778751957241863,0.013210282109116265,-0.0004999999999999983
2017-12-04,-0.003231052357120294,-0.003377653154607993,-0.0004722322783896073,-0.0012104459788591661,0.02163649902188187,0.0
2017-12-05,0.0006643836844994911,-0.007122188370048705,0.0007557972726811862,-0.0036031438197487694,-0.030423935222028114,-0.00010000000000000231
2017-12-06,-0.0029389064537555013,-0.002079954164184071,0.0020732962419426934,0.00019006071242460743,-0.027742223041995064,-0.000299999999999998
2017-12-07,-0.002422797988340597,-0.013246352701112138,-0.0017905992229948966,0.003148053137164672,-0.08125341813227814,0.00040000000000000034
2017-12-08,-0.0027231131814485885,-8.435250698713456e-05,-0.0007551456802457656,0.0054381238838447,-0.05878084311295062,9.999999999999786e-05
2017-12-11,-0.0001882666154521876,-0.003974813553107255,-0.000661154847892642,0.0030083192416312144,-0.02537131544110756,0.00010000000000000231
2017-12-12,0.0006474925079881131,0.0011856318079055527,-0.0008504985695577703,0.0017637022658694163,0.060246660409918815,9.999999999999786e-05
2017-12-13,-0.002975242802169791,0.008596013189973923,0.004057398320690923,-0.00011241435643114824,0.025872112112647422,-0.00040000000000000034
2017-12-14,0.007910432083082026,-0.00201594243248492,-0.0003764765379409143,-0.004094775518236621,0.029997359488804817,-9.999999999999786e-05
2017-12-15,-0.005158903947455346,0.00209987057429634,-0.00018824773142350632,0.008293135418754533,-0.10758730390173897,0.0
2017-12-18,-0.002669402938509293,0.004604277886820867,-0.002264369245259391,0.006320912346862156,0.011609592958881986,0.00040000000000000034
2017-12-19,0.0034585584970408443,0.0007513783425439744,-0.004543650891446193,-0.0038476152775997067,0.05113588570453367,0.0006999999999999984
2017-12-20,0.00483143721251939,0.0026671102328525206,-0.0029458155033973083,-0.0005240471827289853,-0.031394929406385025,0.00030000000000000247
2017-12-21,0.0031072487323386346,0.0014140004111242409,0.0007052968578276855,0.0020572251601045917,-0.010341393162977216,-0.00010000000000000231
2017-12-22,-0.0017564352044179,0.005222850279184027,0.0003809392172900373,-0.0002615878422771271,0.028690465826777888,0.0
2017-12-26,0.0013881944230198205,0.006839416919106776,0.000380882287870922,-0.001196906239840977,0.03474298697616949,-9.999999999999786e-05
2017-12-27,-0.001234067632668466,0.003770551302149118,0.004273357630342756,0.0004865091752988763,0.02123634480221222,-0.0005000000000000026
2017-12-28,0.003611301394254342,0.0050595432932777126,-0.0012330921733327241,0.0020551902356364888,-0.028089009286278725,0.00010000000000000231
2017-12-29,0.0034333082699906565,0.006490919761210391,0.0016115044300526716,-0.0037775883875938903,0.08109999629325694,-0.00030000000000000247
2018-01-02,0.0005523534177722327,0.012058023762451863,-0.003320483252572775,0.007131906239312024,-0.12220852448490782,0.0006000000000000005
2018-01-03,0.004309459786959923,-0.0026403330092135157,0.0010451332480089512,0.006305298645560133,-0.06556267531195133,-0.00020000000000000017
2018-01-04,-0.0044055338609388685,0.005114278310262769,-0.0004751490668396195,0.004205765391624347,0.007621228933663394,0.00020000000000000017
2018-01-05,0.004851896369631849,-0.0010367021379345971,-0.001235405957917669,0.006642153188750614,0.0,0.00010000000000000231
2018-01-08,-0.0026034254630769985,-0.0001596255390368383,-0.00047569838483930207,0.0018269377346730705,0.032019830357280246,0.00020000000000000017
2018-01-09,-0.005581836821075154,-0.004639219643041699,-0.004768674529775282,0.0022611181836096005,0.057158358186686756,0.000599999999999996
2018-01-10,-0.003441541320087566,0.002402270692406848,-0.0002868927235702942,-0.0015312133795142052,-0.026132163784968167,0.0
2018-01-11,0.0022451934756692197,0.003273877321212141,0.0006690228642890263,0.007269267190372021,0.006091432053454601,-9.999999999999786e-05
2018-01-12,0.007163443657419676,0.012044492942167013,-0.0006690228642889979,0.006498213203426259,0.02794590378897739,9.999999999999786e-05
2018-01-16,0.0062252298447128904,0.001652690627169873,0.0004780203056193495,-0.00342432898012924,0.1377057407040636,-9.999999999999786e-05
2018-01-17,0.00023307764364815267,-0.008132363237354166,-0.002200929829876478,0.009486459346287024,0.02121420271955673,0.000299999999999998
2018-01-18,-0.007140809171959861,-0.002222213448585594,-0.003166368159699628,-0.0016819672943870956,0.02569560503977075,0.0005000000000000026
2018-01-19,0.004310183172470693,0.0044394996120163946,-0.002597988825275552,0.004539070082664333,-0.08092960692565507,0.00020000000000000017
2018-01-22,0.0015430167694837121,0.0018177059354296304,-0.00038472469433852106,0.008098183971417048,-0.021525559613488735,0.00020000000000000017
2018-01-23,6.12782288566978e-05,0.004961985943158681,0.002887307514481323,0.002120245956133603,0.006326333628840086,-0.00030000000000000247
2018-01-24,0.00439735155950313,0.012104345577545294,-0.0019240342704196834,-0.00038867127187681516,0.03278981173697751,0.00020000000000000017
2018-01-25,0.006545840132911253,-0.006697849027902464,0.0022118265664602165,0.0004237360687792473,0.00954451113451812,-0.00020000000000000017
2018-01-26,9.918292422570005e-05,0.0007811756386790387,-0.002982585097880723,0.011511521301618392,-0.04413779112302295,0.00030000000000000247
2018-01-29,0.0028791319849888757,-0.005637857183470335,-0.002508539136543574,-0.006651570490907744,0.22242128678125728,0.00040000000000000034
2018-01-30,-0.00378339768589846,-0.00432812337307631,-0.0023220285699780473,-0.010310152805485072,0.06638831292880744,0.000299999999999998
2018-01-31,0.002293139592610932,0.00668108957049156,0.00029113132339748243,0.0004961654925009523,-0.08830300947669255,-9.999999999999786e-05
2018-02-01,0.0007324958037122442,0.0032848909860550284,-0.005172180399200533,-0.0011354659729652051,-0.005183254420537541,0.000599999999999996
2018-02-02,0.007328950679841816,-0.013204686797240324,-0.0037103579653375404,-0.022010849978660554,0.2508193280893314,0.0006000000000000005
2018-02-05,-0.005053840607735393,0.0025286437555192493,0.00818348337855774,-0.04272189542492145,0.7682450294663026,-0.0006999999999999984
2018-02-06,-0.006377383172319716,-0.010551899645680993,-0.004375627399597433,0.01951060155380757,-0.21899889039638815,0.00020000000000000017
2018-02-07,0.0010890581283255556,-0.004716772083453232,-0.002928270084315405,-0.00543955733690519,-0.07801563428568233,0.0004999999999999983
2018-02-08,-0.009181762489920852,0.001521419504394612,0.0008798060875241465,-0.038230577206985764,0.18783582507703145,0.00010000000000000231
2018-02-09,-0.000600981855033339,-0.0016817358427458674,-0.0017593919821689786,0.01490993931074705,-0.14098802843245245,-0.00020000000000000017
2018-02-12,-0.0006496959447372854,0.0047973715177869495,-0.0002938196842150219,0.014577739338581586,-0.1263797157203979,0.000299999999999998
2018-02-13,0.004150100441697588,0.005647253596785232,0.0016622722622044702,0.0024843199581827922,-0.025307847251119286,-0.000299999999999998
2018-02-14,0.004056140127369198,0.016908852519764518,-0.006075596668354702,0.013405889870342894,-0.25964465853909074,0.0008000000000000007
2018-02-15,0.009146425433200864,0.0011691607653979673,0.00029457398926623074,0.012679522195095636,-0.0067726786716267385,-0.00010000000000000231
2018-02-16,0.0029091421930713865,-0.0032769459911664296,0.002355739130018926,0.0002928633328458694,0.017103290129086884,-0.000299999999999998
2018-02-20,-0.0010668553718264204,-0.01353286775093791,-0.001078862379672862,-0.006280759118023298,0.05693006460225121,9.999999999999786e-05
2018-02-21,-0.0051198390023570895,-0.004604964057785635,-0.002948066534246391,-0.0049867197316132905,-0.028559297561090536,0.0006000000000000005
2018-02-22,-0.004345012256307387,0.005080177401414198,0.001376615794634187,0.0012950957643273204,-0.06713936238272884,-0.00020000000000000017
2018-02-23,0.0036420916071722422,-0.0012676571223932977,0.0038264217307521077,0.01581372947644241,-0.12683831167819482,-0.00040000000000000034
2018-02-26,-0.003212105009122603,0.0024545525850457493,0.0011739132077924032,0.01154538270159404,-0.042744170586720996,-0.00020000000000000017
2018-02-27,0.0023126013299230768,-0.01049377405473232,-0.003134591275015668,-0.012565088814071847,0.1626138578366678,0.00040000000000000034
2018-02-28,-0.006946405230548163,-0.0010394376248336417,0.0023523165943082867,-0.010181714597592215,0.06558021640940212,-0.000299999999999998
2018-03-01,-0.003199213284151492,-0.0022425027652310265,0.00429396635271667,-0.014647646079122842,0.12397702928809691,-0.0006000000000000005
2018-03-02,0.00650694664057467,0.005357640797750738,-0.0037166087419021857,0.00514165920480239,-0.13716181589339477,0.0004999999999999983
2018-03-05,0.0036263787619993924,-0.0016761714003699012,-0.0012741224892851553,0.0114918288126382,-0.04489274772965498,0.00020000000000000017
2018-03-06,0.001713382605229048,0.010726720619181963,-9.807669614550172e-05,0.00253172518777763,-0.01995207357997202,0.0
2018-03-07,0.006472901653150981,-0.006422202914569186,0.0,-0.0003665759650904222,-0.0332256679843781,0.00010000000000000231
2018-03-08,-0.00016140177040260427,-0.002389131123572725,0.0020588586225174133,0.004827206519230388,-0.07116700550365268,-0.00030000000000000247
2018-03-09,-0.008738819743630995,0.000956349666608725,-0.0021571260857096227,0.017252676918321417,-0.12202421296368898,0.00040000000000000034
2018-03-12,0.00017221271392751176,0.0,0.0023523243182672618,-0.001255549176510031,0.07498576651157736,-0.000299999999999998
2018-03-13,0.002501775781071896,0.001909899228192024,0.0016623393583882126,-0.006483856359380345,0.03548462217899347,-0.00030000000000000247
2018-03-14,0.004266335039781299,-0.0006362480921954514,0.0019523262222120902,-0.005144613341485464,0.05242410329726621,-0.000299999999999998
2018-03-15,-0.0013499625381387281,-0.006384661969759812,-0.0003898361859400225,-0.0010901401747666767,-0.037851910572074765,9.999999999999786e-05
2018-03-16,-0.005381152570823163,-0.002404835241203122,-0.0011717738517914857,0.0010835910374076374,-0.048790161295187505,0.00030000000000000247
2018-03-19,-0.0023114690130010985,0.0021646240154515875,-0.0009774379005849292,-0.013622551305654226,0.18548112907998673,0.0
2018-03-20,0.004554221061101681,-0.0044947919586221805,-0.0019574753119282837,0.0016989661010373674,-0.04406944518223561,0.00040000000000000034
2018-03-21,-0.006909380265738895,0.017305793278473782,0.0006866594370867877,-0.001921013747705119,-0.018858026379926878,0.0
2018-03-22,0.007785708051778046,-0.0039610286020946425,0.004102793813804951,-0.02531498219102473,0.2676050237734511,-0.0006000000000000005
2018-03-23,-0.0018381487711449,0.01285555168848731,0.0013639556823212984,-0.021544806626142964,0.06349365816409866,-0.00010000000000000231
2018-03-26,0.002381543956155749,0.005236622780197456,-0.00272986441232186,0.026991219580689434,-0.16771226919475257,0.00030000000000000247
2018-03-27,0.00831188172368744,-0.006177451915059426,0.00564706845881077,-0.017158225334249537,0.06756528684500536,-0.0007000000000000028
2018-03-28,-0.003990881759450981,-0.013901136089334711,-0.00019441294544904073,-0.002958865137804622,0.016310735520134442,-9.999999999999786e-05
2018-03-29,-0.007897382931562176,0.0004770798243684067,0.0020374404511495033,0.012696637260766865,-0.135594931686637,-0.000299999999999998
2018-04-02,0.0009230866886203371,0.011618397461991309,0.0010180593286776027,-0.021820998054482343,0.16786273325597026,-0.00010000000000000231
2018-04-03,-0.0017470394477167334,-0.007572201071777906,-0.0032046739254989825,0.01273553247221083,-0.1128207877386875,0.0006000000000000005
2018-04-04,-0.001154869778581974,0.0011868954626523271,-0.0005836424944760983,0.010642197376866334,-0.05054530265037734,0.0
2018-04-05,0.0006755016584394306,-0.005153580456721192,-0.0025339305291286105,0.007861143742430953,-0.057451639955505604,0.00040000000000000034
2018-04-06,-0.002870925082302187,0.004678991304776214,0.004381710571401273,-0.022537923409111885,0.12631158404852685,-0.0006000000000000005
2018-04-09,0.001618556583301758,0.0033963960355940744,0.00019401727602493977,0.004916321192600387,0.012945196269927605,9.999999999999786e-05
2018-04-10,0.004144001211158943,0.002362787969159305,-0.0017503818952111403,0.015775209318775886,-0.061572530144520216,0.00020000000000000017
2018-04-11,0.0032954948055088436,0.007757730797944395,0.0009729221164146017,-0.005256310259294921,-0.011299533018332213,-9.999999999999786e-05
2018-04-12,0.0006925638918780253,-0.011698777825105302,-0.0036034887998659423,0.008193749919686707,-0.09043080009052253,0.00040000000000000034
2018-04-13,-0.0033963667390498223,0.00653361006986455,0.0008775647693019079,-0.0029374396603916567,-0.06018528800463542,-0.00010000000000000231
2018-04-16,0.00023433623354313018,0.0014113245973423145,-0.0004879402476951834,0.0081883028972604,-0.050054628308458644,0.00010000000000000231
2018-04-17,0.0042513295822551745,0.000939797609092718,0.0005854997334562165,0.01064163936853183,-0.08241061365383635,-0.00010000000000000231
2018-04-18,-0.0009655845061456074,0.0007824607184664891,-0.003906485781182728,0.0007395170950755749,0.02269143565525821,0.0005000000000000026
2018-04-19,0.00048266805112577506,-0.001957330849889553,-0.00274418212351084,-0.0055627086744485695,0.022814655703145195,0.0004999999999999983
2018-04-20,-0.0027196968051803935,-0.007630932179695003,-0.0033414955778337738,-0.00851571995392285,0.05604384503836758,0.00040000000000000034
2018-04-23,-0.005859248577880163,-0.008007927882251395,-0.0009850123432764144,-0.00014987845558943447,-0.0325133406800305,0.00020000000000000017
2018-04-24,-0.0052637028397498915,0.004844167468111396,-0.0011833697152650925,-0.01355897422284472,0.09786617881312008,0.00020000000000000017
2018-04-25,0.0026528923546068075,-0.006517267321502421,-0.0021731852850343934,0.0024688298096876907,-0.010039141878284853,0.000299999999999998
2018-04-26,-0.005712650234150854,-0.0035146807713917604,0.002863457581858602,0.01011434910587578,-0.09396581506517351,-0.000299999999999998
2018-04-27,-0.00511110874201837,0.0042320403061771,0.0016750684248495289,0.0009384841271114275,-0.052460681209673184,-0.00040000000000000034
2018-04-30,0.0010903377604621455,-0.00727744165435215,0.0010819907725493866,-0.007720376943217021,0.033187503649106796,-9.999999999999786e-05
2018-05-01,-0.003436890367874952,-0.007088207443339079,-0.0015674264419860745,0.0017752036985236826,-0.02800950342658224,0.00020000000000000017
2018-05-02,-0.007450468811979633,-0.00048510316641562344,0.00019692474398542184,-0.0067402073533084726,0.030517339294898603,0.0
2018-05-03,-0.0033877940587112173,0.005082068394914099,0.002562019972263566,-0.0022060876186877883,-0.004392893713193908,-0.00030000000000000247
2018-05-04,0.003195912401978984,0.0020898820929316714,9.810544279494364e-05,0.012863365169953653,-0.07372095769828975,0.00010000000000000231
2018-05-07,-0.0028613126228246057,0.00024084765259023235,-0.0004919816372385411,0.0033772864556761177,-0.0013550447502601436,0.0
2018-05-08,-0.0017797005116395965,0.0001605124693187213,-0.0016748224744970242,0.0,-0.002715545579214714,0.00020000000000000017
2018-05-09,-0.005533851088539423,-0.0020889812252642393,-0.0022700413494947855,0.009619596389102952,-0.0917813999779858,0.000299999999999998
2018-05-10,-0.0017430672818787454,0.006813368242228986,0.0020725787478117767,0.009307063895685483,-0.01425919370219339,-0.000299999999999998
2018-05-11,0.00591735512042152,-0.0014389666321499815,9.887223076232244e-05,0.0030469010382793457,-0.04482975850861594,0.0
2018-05-14,0.0029002183504962887,-0.004088363068462751,-0.002171450978574185,0.00047616391212860083,0.02189303136809524,0.000299999999999998
2018-05-15,-0.0017554472898831247,-0.01627759547639607,-0.005549980578451932,-0.006910616539840141,0.12352400646846437,0.0008000000000000007
2018-05-16,-0.00928694064996898,-0.0015524980696371136,-0.0020887288336126106,0.004195989873359751,-0.0863280856257502,9.999999999999786e-05
2018-05-17,-0.0003309314358126005,0.0005722435830601718,-0.0005982234436157293,-0.0008451288762924272,0.0007448960299561571,0.00020000000000000017
2018-05-18,-0.0018417401567752197,0.00040857173330558584,0.0038789209185241176,-0.0025030239413364754,-0.000744896029956075,-0.0004999999999999983
2018-05-21,-0.002426900758167098,0.0005716827532715196,0.0006944465955657952,0.007490607140534536,-0.02566179703244607,0.0
2018-05-22,0.002191086827304078,-0.0005716827532715781,-0.00039640248840037805,-0.002784156500224526,0.010646514426208504,0.0
2018-05-23,-0.0003302127283434639,0.0010614187645907496,0.004553621051905991,0.0027473944486631338,-0.04962260941479785,-0.0005000000000000026
2018-05-24,-0.006673574838505587,0.00853209120176816,0.0025647613681119446,-0.002050327625463516,-0.0039824976107742825,-0.000299999999999998
2018-05-25,0.0010661932567612865,-0.0030793967645780895,0.003933201955035597,-0.0023860594336891925,0.053605107025572064,-0.0004999999999999983
2018-05-29,-0.005315985270053203,-0.00016231041385140818,0.010737367443851205,-0.011567310251896053,0.25265829541846974,-0.0016000000000000014
2018-05-30,-0.007563750116088786,0.001460093554238186,-0.004281086137377483,0.013256302862385553,-0.13034699842298353,0.0006999999999999984
2018-05-31,0.011022910220800021,-0.0021909715513726826,-0.00048738774192931013,-0.006144702823690143,0.032271534535272615,-9.999999999999786e-05
2018-06-01,0.0022192132434978853,-0.004967644235411668,-0.0037021314097768583,0.00976965908970871,-0.13659135910246892,0.0006000000000000005
2018-06-04,-0.002102537023960953,-0.0009801121170805289,-0.0035377281013245156,0.004740232495319638,-0.05497569487227085,0.0004999999999999983
2018-06-05,0.002734209840494974,0.003914822104047846,0.0025568165102444534,0.0007274790742072092,-0.027050190331106984,-0.00020000000000000017
2018-06-06,0.0021903341397488986,0.0005696358194504353,-0.0040348507977988725,0.00832551459982232,-0.0632489700489296,0.0005000000000000026
2018-06-07,0.0050432443457019025,-0.00048822166232812176,0.004230731542658421,-0.00010806535449572443,0.04123426059212118,-0.00040000000000000034
2018-06-08,0.0008253392859986731,0.0012201695433653895,-0.0013755819765562316,0.002952157179316605,0.004113554946738901,0.0
2018-06-11,-0.0009549196576974336,0.0017868849442264543,-0.0009835763778870616,0.0013293891129397095,0.013860806624989432,0.000299999999999998
2018-06-12,-0.0008363539989248185,-0.003332688774722517,-0.0005902308429362309,0.0012912854164677094,-0.0008100631196740042,0.0
2018-06-13,-0.002199270438669329,0.003008032375587246,-0.0011824129056479862,-0.003195789489862848,0.04747722580233045,0.00020000000000000017
2018-06-14,0.005052684987134998,0.0015411027282310494,0.0031495784491609477,0.0025143323789386914,-0.06546628544603085,-0.00040000000000000034
2018-06-15,-0.020638107698380467,-0.016672509186741884,0.0007863429090069434,-0.001276286857771286,-0.011618416722202882,-9.999999999999786e-05
2018-06-18,0.002536267703775233,-0.0018972637609840908,0.0004904859613585481,-0.0020589782637448614,0.02717341980718159,-0.00010000000000000231
2018-06-19,0.0029962096356120605,-0.0025629178089954913,0.002646560006400072,-0.003840350772628488,0.08110443913694274,-0.000299999999999998
2018-06-20,-0.0036336856020982174,-0.004480227388754277,-0.0032357670964727014,0.001704497923959372,-0.04285280081258066,0.00040000000000000034
2018-06-21,-0.0008224597834486959,-0.001747735286870753,0.0026482976188869885,-0.006288129499375133,0.1350939193759841,-0.00030000000000000247
2018-06-22,0.0023068753656377444,0.0024126912728642744,0.000195651730833797,0.0018210709819642507,-0.06126518600006092,0.0
2018-06-25,0.004781358516060751,-0.003746388732216758,0.0013703767490602862,-0.013706417268050969,0.22994675334098222,-0.000299999999999998
2018-06-26,0.003539625505008509,-0.0052686490212924385,0.0004891001189561425,0.0022117539356161678,-0.08486291411652427,9.999999999999786e-05
2018-06-27,-0.0044953797831452195,-0.005718147886605,0.0038051660648363798,-0.008318704438201258,0.11778302234434666,-0.0004999999999999983
2018-06-28,-0.007463204842131897,-0.0030405479988212347,-0.0009748111958001173,0.005701414447777965,-0.061008528115393416,9.999999999999786e-05
2018-06-29,-5.783505454369426e-05,0.0036306900201949913,-0.0007796202707093132,0.0014381741779023983,-0.0461527089498326,0.00010000000000000231
2018-07-02,0.00994714712822947,-0.010080153442110952,-0.000684514996450511,0.002136002228236235,-0.030927031779012053,0.00020000000000000017
2018-07-03,-0.003124912448468689,0.010080153442110855,0.0025396916331434554,-0.0035376257383425624,0.03402968631704133,-0.00040000000000000034
2018-07-05,0.0002681516744493763,0.0033656028250155126,9.751737834893285e-05,0.008125039919164585,-0.07525240875658754,9.999999999999786e-05
2018-07-06,0.002873078600661516,-0.0015972634935637394,0.0008772287354947608,0.008422493175540285,-0.11303483371481093,-0.00020000000000000017
2018-07-09,0.004806882998706923,0.002436881277559937,-0.0025369455602786235,0.00896403298485453,-0.05219913389474765,0.00040000000000000034
2018-07-10,0.0003996761874951096,-0.0018481290459546572,-0.00078206065134885,0.0035921662098584734,-0.0039478327792526555,0.00010000000000000231
2018-07-11,-0.0025479448635795567,-0.010905978807671088,0.0020512932358547615,-0.007341442541617299,0.07540683822437215,-0.00020000000000000017
2018-07-12,-0.004294710183780235,0.004156581212429495,-0.00039045787986818724,0.009025055606659706,-0.08016500889710042,0.0
2018-07-13,-0.0009336480898713101,-0.004411618657356081,0.0016581708556410544,0.0007873485598104742,-0.032312957870359635,-0.00020000000000000017
2018-07-16,0.0011321950635473854,-0.0005102701051306204,-0.001658170855641061,-0.000894602880984012,0.05199088534378457,0.00020000000000000017
2018-07-17,0.002596160411045844,-0.01086273575472535,-0.0005859728262505806,0.004036770622280963,-0.06189194658789122,9.999999999999786e-05
2018-07-18,-0.004812627760435433,0.00025795416772476286,-0.0007813837497017306,0.0021014370915583957,0.0033112580359921082,0.00020000000000000017
2018-07-19,-0.0006524588597063798,-0.004308123245285948,0.0027334713286664065,-0.003778196243176157,0.061693528586848276,-0.00040000000000000034
2018-07-20,0.0008155070803001822,0.006455244826308788,-0.0035156453992639045,-0.0011440292375646827,-0.0007773206034422148,0.0005000000000000026
2018-07-23,0.007416802719637017,-0.004815949835095169,-0.004903556395815435,0.001858138059403011,-0.01883884406767623,0.0006999999999999984
2018-07-24,-0.004077814856735979,0.00034477603659500224,0.0006879002901433424,0.005019084031485919,-0.016780261123892023,-9.999999999999786e-05
2018-07-25,-0.0007364777587126888,0.00550018047205447,-0.0006879002901433487,0.008486393783658813,-0.009716666446916437,-0.00010000000000000231
2018-07-26,0.004438682606524418,-0.00782971239395345,-0.0010820204470980079,-0.002361839089743706,-0.012280106562395527,0.00040000000000000034
2018-07-27,-0.008089604616353593,0.0005181795313148685,0.0015730273398849913,-0.006799597308141325,0.07074855673172394,-0.00020000000000000017
2018-07-30,0.0015031493557779215,-0.00155521288098982,-0.0012782736867480893,-0.00523687995999024,0.09020406039340109,0.00020000000000000017
2018-07-31,0.004019211446705516,0.0029355602050311473,0.0013770403327109265,0.004917121395140404,-0.10567225835575152,-0.00020000000000000017
2018-08-01,-0.0015207742859472315,-0.007355188129704966,-0.0023656058856568263,-0.0016721187320137302,0.0246355569336504,0.00040000000000000034
2018-08-02,-0.002031950545646603,-0.0053993230298752665,0.0011835475217881334,0.005433157890646494,-0.0758058205445158,-0.00020000000000000017
2018-08-03,-0.00687094620857647,0.0034867672609534624,0.0025590930721045074,0.004275694673987915,-0.04616843727177926,-0.000299999999999998
2018-08-06,-0.0020485936709178547,-0.0051471986083892985,0.0004915699980633289,0.003660394404376031,-0.03230310312879455,-0.00010000000000000231
2018-08-07,-0.0003698943193174424,0.0022714889105877236,-0.0020656975204099504,0.0032972040922617856,-0.030633038560200505,0.00040000000000000034
2018-08-08,0.00387939481100834,0.002788736658924094,0.0008857572293064262,-0.00042065691552005413,-0.007346214964409838,-0.00020000000000000017
2018-08-09,0.0006732375104906637,-0.001480564583197746,0.0027507323284844047,-0.00136692619612403,0.03797925352461052,-0.000299999999999998
2018-08-10,-0.007507102373803506,-0.00043582289228197795,0.004307400775031522,-0.006722798388759758,0.15503754563276792,-0.0006000000000000005
2018-08-13,-0.011275742016472816,-0.015199092023381669,-0.000293237893440268,-0.0037506710362626423,0.11609298315080728,9.999999999999786e-05
2018-08-14,0.0006839682303000879,0.000973327608104041,-0.0009773655557189557,0.006360838536426776,-0.10475923351971028,0.00010000000000000231
2018-08-15,-0.004993251859406075,-0.01676662157593087,0.0024423389756572707,-0.0074957369326005725,0.09524186805072947,-0.00030000000000000247
2018-08-16,-0.00012483080083799814,-0.0008097887609235239,-0.00029316221437398706,0.008059230603334338,-0.08477844011735569,0.00010000000000000231
2018-08-17,0.0023851641885435427,0.009228205066865695,0.0003909530778052163,0.0035136797831816263,-0.06211267598649599,0.0
2018-08-20,0.0058162558222769525,0.0049818196508907165,0.0031165309779456517,0.0021375596686823884,-0.011938110068042226,-0.0005000000000000026
2018-08-21,0.004677486716083236,0.0029240568705197916,-0.0013625600931513181,0.002343018583084273,0.029193386300245622,0.00030000000000000247
2018-08-22,0.007404847816651862,0.0022095550764809732,0.0018488724638595416,-0.0005942054307818711,-0.04859575512178875,-0.00030000000000000247
2018-08-23,0.0006948261978871789,-0.009491353686729712,-9.690570318098132e-05,-0.0013286457613978708,0.012976649930220439,0.0
2018-08-24,-0.0035848160899412435,0.017318039357995908,0.00029157776936770854,0.006000568514273493,-0.03442963697092799,0.0
2018-08-27,0.009102781442062224,0.0037595032326643405,-0.0022384366990889494,0.007864066938460338,0.014078914039646118,0.00030000000000000247
2018-08-28,0.002974957959103103,-0.007973022006627225,-0.002242833567599525,0.0004831089011085152,0.027576780318580765,0.000299999999999998
2018-08-29,0.0006544181771762134,0.00456378402562542,-0.0002927089159335458,0.005366437904973075,-0.020202707317519466,0.00010000000000000231
2018-08-30,0.0015796090309269939,-0.004915718883921236,0.0018539229044906137,-0.004056351433807491,0.09938348545590657,-0.00030000000000000247
2018-08-31,-0.0038568234970335043,-0.0011445940280616581,0.00019449029209809963,3.4343717613597776e-05,-0.050787730334117834,0.0
2018-09-04,0.0012420767865190061,-0.005122797149080111,-0.0022875194067498474,-0.0017242079415230678,0.023060222189821785,0.00040000000000000034
2018-09-05,-0.00249423774492734,0.003447511831347845,-9.799915131823349e-05,-0.002694487200327056,0.055426080663350606,0.0
2018-09-06,0.004191522661239633,0.0019395335367870974,0.0020537392005965695,-0.0030148423670353793,0.05183231445848943,-0.00020000000000000017
2018-09-07,-0.0013023413584009917,-0.0027340278330774677,-0.004503530814328833,-0.0019450028432654825,0.01557772767168095,0.0006000000000000005
2018-09-10,-0.005088212679201461,-0.000706792407982718,0.0005884868140141121,0.001736967406688409,-0.04959695960627505,0.0
2018-09-11,0.0030103695028976135,0.0006184538252070439,-0.0036354745542374837,0.0032916279731360293,-0.06869022286720176,0.00040000000000000034
2018-09-12,1.1616617293630954e-05,0.008355710260063364,0.0011801263094639346,0.00024272879612284267,-0.006069815437863327,-9.999999999999786e-05
2018-09-13,0.0028567736307313144,-0.0035975648169408914,-9.771489377013628e-05,0.005896312845120842,-0.06038686203162,0.0
2018-09-14,0.005363777321440373,-0.006526220333751069,-0.0018700865563013867,0.00017245774251822897,-0.02455116732729373,0.00020000000000000017
2018-09-17,-0.005387046922890108,0.005206771454576303,0.00019749378918366623,-0.005308498678938014,0.12521192467696143,0.0
2018-09-18,0.0034481379521063144,-0.001497451648772046,-0.004144841912158752,0.005411320876521037,-0.06727132189438621,0.000599999999999996
2018-09-19,0.000922261926881197,0.0038711539862427546,-0.0016830828084624955,0.0010650649061004355,-0.08481037201802095,0.00030000000000000247
2018-09-20,-0.00045540858189432155,0.003418801489789763,9.962572557818309e-05,0.008071195049666847,0.004246307045422489,-0.00010000000000000231
2018-09-21,0.008641386999915996,-0.006849331291438649,0.00039587348509034304,-0.0009140751326165644,-0.010221544107446391,0.0
2018-09-24,-0.0021173676071735976,-0.00017621292913996446,-0.001089572181547156,-0.0033276885083907966,0.043557932577061545,0.00010000000000000231
2018-09-25,0.00016453172755568672,0.0015850681638403528,-0.0009916913520415043,-0.0009279679563374109,0.017872146542956775,0.00020000000000000017
2018-09-26,0.0008700869206251829,-0.005293338005935254,0.0032688471313825716,-0.0029965018854045864,0.03714376093774751,-0.00040000000000000034
2018-09-27,-0.001246155739867916,-0.008884998236125718,0.0,0.002790012806459865,-0.03794925666495328,0.0
2018-09-28,-0.009506265183163436,0.006316457708228832,0.0004941248780066393,0.00010348531850989123,-0.02364561572210813,-0.00010000000000000231
2018-10-01,-0.0027542106030115305,-0.0016864375351173554,-0.0025384567767066167,0.003468151042290096,-0.00995032141084811,0.00040000000000000034
2018-10-02,-0.0023995177924754293,0.011482223287118152,0.00257814942212475,-0.000583001099078407,0.004158025977282852,-0.00040000000000000034
2018-10-03,-0.002231905179333874,-0.003959744500981412,-0.007455695078228794,0.0005485092866570193,-0.03719790962678013,0.0010000000000000009
2018-10-04,-0.0065514443949888455,0.0005289130805077395,-0.002598014953347499,-0.007846164073035936,0.20278267701498873,0.00040000000000000034
2018-10-05,0.003633144332951674,0.0028159089867124108,-0.0024041803226098235,-0.0056129807164971585,0.04132815612229089,0.00040000000000000034
2018-10-08,0.0003916613335415117,-0.01113382636882134,0.0004019961417942309,0.0,0.05704594072494537,0.0
2018-10-09,-0.0024743353677267104,0.0005329800140063239,0.001902129113995628,-0.001460339471858708,0.016435277271826917,-0.00020000000000000017
2018-10-10,0.001115539847432275,0.0024835810584159217,0.0005006306729863018,-0.03217522355531812,0.3642947143039256,0.00010000000000000231
2018-10-11,0.0022925758813270494,0.02536654489487655,0.004091572338683903,-0.02227282340061457,0.0843219547957439,-0.0008000000000000007
2018-10-12,0.004936896711930574,-0.0047616679491750925,-0.0011962068630259552,0.013792898377712057,-0.15889906532306058,9.999999999999786e-05
2018-10-15,-0.0033787127696782524,0.006660030947980057,0.0005978738477278705,-0.005632900138193557,-0.00046938415253863173,0.00010000000000000231
2018-10-16,0.002776130660952263,-0.0017255996137758734,-9.957543385150242e-05,0.021629968577019203,-0.1896723687590015,0.0
2018-10-17,-0.0007063381347120403,-8.637796161603928e-05,-0.0028938299516593747,0.00017873724351694575,-0.012564483840687984,0.000299999999999998
2018-10-18,-0.006449661883067655,0.001122068685606197,0.0017972091482732727,-0.014546566817149248,0.14225757161384167,-0.00020000000000000017
2018-10-19,-0.0035590143590289915,0.0007761304849288288,-0.0011980837551077914,-0.0005429912248476957,-0.008510693731249819,0.00030000000000000247
2018-10-22,0.004306794612387999,-0.0025893597255195024,0.00019996226438462672,-0.004498492512996126,-0.012648790330171394,0.0
2018-10-23,-0.003618821551799291,0.005859562733875961,0.0025935183700593525,-0.0051039915186808305,0.053048359351117784,-0.00030000000000000247
2018-10-24,0.00045873224217338594,0.0023171370069294235,0.005364419046579373,-0.030766747078705154,0.19741711330886696,-0.0006999999999999984
2018-10-25,-0.006461454314165764,-0.002231204310531111,-0.002380865412463859,0.01778137797682692,-0.0408550347347463,0.00040000000000000034
2018-10-26,-0.0018790143987380253,0.0031736109331066205,0.0044596516721628395,-0.017743712194979302,-0.0024803430237041024,-0.0006000000000000005
2018-10-29,0.0018334180682723267,-0.003947139978932246,-9.94280008801663e-05,-0.005555847047328991,0.022104907771277688,0.0
2018-10-30,-0.001981368545787147,-0.004394427867848238,-0.002177645131293686,0.014709902778489397,-0.05620627407022853,0.00040000000000000034
2018-10-31,-0.002624516859612044,-0.005628951974666692,-0.0024807779641477755,0.010624188368782718,-0.0951817462988885,0.000299999999999998
2018-11-01,-0.0026175181948033402,0.01277086763550299,0.0008557276452095436,0.010585455291977101,-0.09323975623814611,-9.999999999999786e-05
2018-11-02,0.007622510096303147,0.0001715043948444399,-0.0055856828636085334,-0.00594043054196793,0.008751668451629042,0.0008000000000000007
2018-11-05,-0.0005016012498707026,-0.0024032178261357497,0.000599590611289265,0.005501620695848979,0.022803058648679618,-0.00020000000000000017
2018-11-06,0.0013457141043092423,-0.0028398265791741537,-0.0011002973949142485,0.006307960231123941,-0.002508114602990564,0.00020000000000000017
2018-11-07,0.0022395351045813323,-8.61993040877103e-05,0.0,0.021182848046152513,-0.1963827419300698,0.0
2018-11-08,-0.0003889112093649832,-0.002156939731312277,-0.0014016928468352171,-0.001816540226918029,0.021766198107086673,0.00020000000000000017
2018-11-09,-0.005757617992678804,-0.011291663536045476,0.0039010902392995874,-0.009816400819662077,0.03756317780146399,-0.0005000000000000026
2018-11-12,-0.0038237886881901163,-0.007188596482678694,0.0029905656328087283,-0.018861858739768974,0.1638141754056591,0.0
2018-11-13,-0.008120992837308301,0.00035180582721631255,0.0007957590803675587,-0.001872715444424283,-0.021251123043970206,-0.0004999999999999983
2018-11-14,0.006898682860815559,0.008233404279792808,0.002085949972741492,-0.006860283836737331,0.05962509861803324,-0.00020000000000000017
2018-11-15,5.659312249609174e-05,0.0011333182475063862,0.000694771500658065,0.01038255051705214,-0.061625145061113364,-0.00010000000000000231
2018-11-16,0.0011543485143173634,0.0073788789662288,0.0030695155652932086,0.0025972142339480662,-0.09661233926904576,-0.000299999999999998
2018-11-19,0.007833541738013036,0.0004323180677422659,0.0014825539995308979,-0.017058900207196675,0.10260042300335638,-0.00020000000000000017
2018-11-20,0.0035904124545615974,0.0,-0.00019760675136344219,-0.018679634374342842,0.11190617061871413,0.0
2018-11-21,-0.007236214894346958,0.001641277459165005,-0.00019782534007847382,0.0034017322160391386,-0.07767305463484726,0.0
2018-11-23,0.00129913302540532,-0.0007771357154266267,0.0005925512366064679,-0.0067009861896135635,0.034029806537639325,-0.00010000000000000231
2018-11-26,-0.005787459882789548,-0.0011235233509469095,-0.0007903259352418649,0.016015278873114824,-0.12982085468311622,0.00020000000000000017
2018-11-27,-0.0003514642433933732,-0.005984687209490756,0.0009878547091972754,0.0033587579148366777,0.006329179302721405,-9.999999999999786e-05
2018-11-28,-0.0030552182237152223,0.0037337803634568288,-9.875950977558498e-05,0.022764413704018084,-0.02826104816438351,0.0
2018-11-29,0.006154085648589298,0.003115272664463216,0.0025625247822543985,-0.0021875351090995553,0.016094829129201856,-0.00030000000000000247
2018-11-30,0.0021282563230342836,-0.0017294794115241437,0.0019673118401431,0.006076788094543425,-0.03907177443394828,-0.00020000000000000017
2018-12-03,-0.004444753317076851,0.007501675441848404,0.0021832930445889226,0.013154348386889178,-0.09453566560231473,-0.000299999999999998
2018-12-04,0.0011120969434071908,0.006080599945141917,0.004606745914418635,-0.03293886079358465,0.232346769652323,-0.0006999999999999984
2018-12-06,0.0005445647806004922,0.00017072178718187972,0.0025392909940515577,-0.0015183192920238012,0.02146520571788001,-0.00040000000000000034
2018-12-07,0.00226102987934065,0.008077219150826301,0.002921859422382778,-0.023510284184702242,0.0919151295931136,-0.00020000000000000017
2018-12-10,0.002300368502689518,-0.003477935715567025,0.0005834369681448774,0.0018953955347392813,-0.02572630070061568,0.0
2018-12-11,-0.003902916391754538,-0.0011903699128753065,-0.0025302175904973593,0.0002270429697644354,-0.03964479386978198,0.00040000000000000034
2018-12-12,-0.0029483233608125887,0.00212467676965701,-0.0027323897649423516,0.005022496128253233,-0.013882737965695592,0.00020000000000000017
2018-12-13,0.004437154988177638,-0.0022097759847801487,0.0005862611376011796,-0.0003386837510499751,-0.03847539360658156,0.0
2018-12-14,-0.0008640370211150429,-0.004007006751401737,0.0015612131351948008,-0.01863744370046981,0.046365900231525356,-0.00020000000000000017
2018-12-17,-0.005089346754260064,0.0068957425332182515,0.0029207213052801022,-0.01981325078028247,0.12540792857154523,-0.00030000000000000247
2018-12-18,0.003874133037778065,0.002372671007408459,0.002461959887307069,-0.0010972704615161075,0.04232166343113211,-0.00040000000000000034
2018-12-19,0.0022498726790908695,-0.0061126025718981495,0.0034921665971917944,-0.01508894887319866,0.0,-0.0004999999999999983
2018-12-20,0.0012406398541560727,0.015295836918707156,-0.001259851305280738,-0.016411819341598934,0.1038738489924655,0.00020000000000000017
2018-12-21,0.005894325669239869,-0.0043704611932126065,0.0008722591075575213,-0.020702493521230776,0.059172720603768734,0.0
2018-12-24,-0.007362502855146589,0.01089057789030817,0.002515924648562794,-0.026778190058310718,0.18060412369042553,-0.0004999999999999983
2018-12-26,0.001015549167608685,-0.003003949025405859,-0.00474664299402675,0.04928984946188164,-0.1706899897832085,0.0006999999999999984
2018-12-27,-0.004760354329909309,0.0075760760319352385,0.0025216238166523726,0.007648206884940654,-0.01490836858088965,-0.00040000000000000034
2018-12-28,0.006119700433588459,0.00405577569851946,0.005409353670194817,-0.0012909950304231786,-0.05558888844397321,-0.0004999999999999983
2018-12-31,0.0007775629855240129,0.0015682595209626012,0.0037494250180768155,0.00872071251299343,-0.10873797088407904,-0.00030000000000000247
2019-01-02,-0.002731637394770495,0.000659591337713554,0.002109152667589354,0.001039769327774105,-0.09052232206419511,-0.000299999999999998
2019-01-03,-0.012608298115566716,0.00902531942317321,0.007917645646772026,-0.024152083551873975,0.09170182627605764,-0.0010000000000000009
2019-01-04,0.006426636088957116,-0.008119106827353381,-0.008109313421829457,0.0329469452536166,-0.1742599066308067,0.0010999999999999988
2019-01-07,0.0016987238668561887,0.0034525160778516237,-0.0027816236423041955,0.007853725705150442,0.0009350378584183692,0.00030000000000000247
2019-01-08,0.006054385516065887,-0.0027117139907279018,-0.002499983892707783,0.009351601385909089,-0.04443053807291186,0.000299999999999998
2019-01-09,-0.0020641436330750672,0.006397649700215412,0.0005771527154296621,0.004662565667810728,-0.024228615819893357,0.00010000000000000231
2019-01-10,0.008594450913368567,-0.005904086348646563,-0.00048111175554249765,0.0035211915964085162,-0.024317284739611384,0.0
2019-01-11,-0.0038864264493645136,0.0017256811414605045,0.0029802632086631184,0.0003862165296905625,-0.06954244367971371,-0.00030000000000000247
2019-01-14,-0.00435283427225836,0.002378067354322114,-0.0005763202758426267,-0.006119505614737969,0.04724438171941504,0.0
2019-01-15,0.0011121961372727578,-0.001721516103226458,-0.0009612144937552706,0.011395732912137116,-0.0249548023811221,0.00010000000000000231
2019-01-16,-0.004898327287011697,0.0031947551186356582,-0.0005765978225529485,0.0024169433860273377,0.02338047621935703,9.999999999999786e-05
2019-01-17,-0.0016427589079669254,-0.0013094038577051105,-0.0018298341722740512,0.00755809611016992,-0.052842559030095146,0.00020000000000000017
2019-01-18,-0.0004784957874557275,-0.008966489387798326,-0.0031850857225902505,0.013222351330089034,-0.014501103981270722,0.00040000000000000034
2019-01-22,0.0003296032683529126,0.0035468368649853345,0.003474128626279429,-0.013602721146279952,0.15575453559121874,-0.0004999999999999983
2019-01-23,-0.00046606963613473793,-0.001400718491595256,-0.0004817555148656682,0.002090181238179841,-0.06351334559153629,0.00019999999999999573
2019-01-24,0.002127322710837133,-0.0015678713054947328,0.0031761059272357233,0.0005312237069676354,-0.032806955233365256,-0.0003999999999999959
2019-01-25,-0.006583448410776002,0.014511460180241248,-0.0023086248682235556,0.008425448997382536,-0.0810136733985566,0.0003999999999999959
2019-01-28,0.008760988515929479,0.0034938106026215594,0.00028893510792608353,-0.007629109933754372,0.07995442805090369,-9.999999999999786e-05
2019-01-29,0.0014848026534814308,0.005580978043920208,0.002884247374753002,-0.0013275627705958302,0.013684335727209264,-0.000299999999999998
2019-01-30,0.0004686962359195961,0.00571038723811713,0.002301319200371937,0.015706694872460434,-0.07995555304664195,-0.00020000000000000017
2019-01-31,0.004561711164055767,0.0004810580433256342,0.0045872423710911076,0.00874421783656637,-0.06370837351439929,-0.0007000000000000028
2019-02-01,-0.0033259073301630383,-0.002006018726865743,-0.005364952967270567,0.0004814797836065973,-0.026293187995383722,0.0007000000000000028
2019-02-04,0.0005039053289244775,-0.0043467903708823,-0.002211542724559557,0.0070107389485386225,-0.02573093705684819,0.000299999999999998
2019-02-05,-0.0016595470915365055,0.0025781491687657575,0.0017311884455875818,0.0041832085167908565,-0.010223721723207882,-0.00020000000000000017
2019-02-06,-0.0023074618573273305,-0.006781846869660204,0.0007683693909988474,-0.0013191827843317015,-0.012277994727274234,-9.999999999999786e-05
2019-02-07,-0.003860612972666276,0.0024273450059934865,0.0032600584345205403,-0.009578594302887268,0.062382471131200955,-0.0005000000000000026
2019-02-08,-0.002395346293797252,0.0037911013463212333,0.0013390959333520495,0.0012209179900853357,-0.04051663866196492,-0.00020000000000000017
2019-02-11,-0.001280408356981286,-0.004923141507008373,-0.001530529464998239,0.0005542645845279241,0.01577817495994682,0.00020000000000000017
2019-02-12,-0.004000844109966494,0.0021013677593768472,-0.0013414081724379913,0.012777493363452184,-0.034398292794423094,0.00030000000000000247
2019-02-13,0.004918473500405294,-0.003963908091330056,-0.0024955861214353385,0.003241382641934137,0.014157206457949906,0.000299999999999998
2019-02-14,-0.0061695798826221495,0.005577307519395154,0.0046978975434075945,-0.002220558961745465,0.035774113742904706,-0.0004999999999999983
2019-02-15,0.002695914497866886,0.005947180522780987,-0.0009565472780991287,0.010838480231864896,-0.08421288781128672,0.0
2019-02-19,0.0012322692836785431,0.015109582852092532,0.0017219211205046505,0.0017290726904247245,-0.0020140814468496415,-0.00010000000000000231
2019-02-20,0.0027411608677647453,-0.0017378437981699678,-0.00019089997741011385,0.0020135208162295826,-0.059533122838663,0.0
2019-02-21,0.00029495792912739876,-0.011370537714508503,-0.0029686857210211334,-0.00356203302533321,0.030901305111517216,0.00040000000000000034
2019-02-22,-0.0002949579291274804,0.0035920768439101198,0.0029686857210210597,0.006180566547725178,-0.06795605045495379,-0.00040000000000000034
2019-02-25,-6.799872349992361e-05,-0.0010363715360958284,-0.0015310211430944298,0.0013606586175461451,0.09456972202313751,0.00020000000000000017
2019-02-26,0.0022255802146592192,0.0016736332310031306,0.0029635648724025674,-0.0007160335555745824,0.02131990745279988,-0.000299999999999998
2019-02-27,0.00225328383968603,-0.00711234367844341,-0.0035386596019750757,-0.00042986636058522454,-0.031472317580175706,0.0004999999999999983
2019-02-28,-0.001138629745206279,-0.005629776625606553,-0.0025899448392972687,-0.00186403780096552,0.0054274166436240725,0.00040000000000000034
2019-03-01,-0.0005916024068000906,-0.017163968380321165,-0.003287017765098827,0.00622418168643801,-0.08541344609537987,0.000299999999999998
2019-03-04,0.000216102237530327,-0.0026289836177431354,0.0030852036236110776,-0.0036441070331045614,0.07521277149660467,-0.0003999999999999959
2019-03-05,-0.0033956403273075345,0.0013153870929188036,0.0005770489278475776,-0.0013610611149523287,0.0074906483788717325,0.0
2019-03-06,-0.0026719963826242242,-0.0009041270457165541,0.002785826622951672,-0.006075443753040914,0.06564035721459394,-0.00030000000000000247
2019-03-07,0.0006107727107340299,-0.0008226265106167708,0.00335229405137681,-0.008400275420676348,0.052594884952091095,-0.0004999999999999983
2019-03-08,-0.010276757477315702,0.010886084259377201,0.0014328709502783173,-0.0020021144962396108,-0.03309131135908011,-0.00020000000000000017
2019-03-11,0.00303939147306997,-0.004896357818091657,-0.0007637241245317022,0.014396926861854852,-0.11335356552484627,0.00020000000000000017
2019-03-12,0.0023841175775367028,0.006035459879402026,0.002766781484908839,0.0037643368890268414,-0.039862890531896955,-0.00030000000000000247
2019-03-13,0.0025026548306310145,0.006968612448215201,-0.0003810250272145955,0.0065971033922786115,-0.026491660069189443,0.0
2019-03-14,0.00385648502303467,-0.011614284265949192,-0.0014311493775702561,-0.0006395112542244225,0.006688999529461137,0.00020000000000000017
2019-03-15,-0.0020036509660536087,0.00456433710702197,0.003145091670705663,0.00492814654693656,-0.047013955883011826,-0.00040000000000000034
2019-03-18,0.001006960990779451,0.0005690800870331783,-0.0013329172659206838,0.003619343526414268,0.016936529765559972,0.00010000000000000231
2019-03-19,0.0014500240764859019,0.002759488322105534,-0.0006672114303636121,0.0002481100964080671,0.034512054130501305,9.999999999999786e-05
2019-03-20,0.0016450012745673303,0.006463126873943105,0.006936369727505291,-0.0030150215443529487,0.02548368150826399,-0.0006999999999999984
2019-03-21,0.0064134108071521164,-0.004034541087699915,-0.0004736041349715767,0.011231550044810884,-0.02033474086100378,0.0
2019-03-22,-0.004640417885864895,0.0023420233902432335,0.007361852784553965,-0.01943371893425606,0.1898742425997099,-0.0010000000000000009
2019-03-25,-0.006982574004310345,0.007633907060241627,0.0025360188313067514,-0.0007524916666098809,-0.00914359439404098,-9.999999999999786e-05
2019-03-26,0.0017637043133131368,-0.0049754946888430985,-0.0008445970026031053,0.007426531775957932,-0.10651785833545223,-0.00020000000000000017
2019-03-27,-0.0036257832363158385,-0.005243016760484459,0.0029063099744902504,-0.005242829489727749,0.03151446280094769,-0.00020000000000000017
2019-03-28,-0.0020498839618826913,-0.014253957303041619,9.341003201010578e-05,0.003783205535163139,-0.04869111284137581,0.0
2019-03-29,-0.0019334983338959073,0.0009019770912032663,-0.0015927924247647483,0.006285722212125745,-0.05118389757783938,0.00020000000000000017
2019-04-01,-0.0005500201511865513,-0.0039418902576438125,-0.006899713018892974,0.011789515739384446,-0.02287081786766748,0.0008000000000000007
2019-04-02,-0.0016149625564932128,0.003695988550420936,0.0017012564055646413,0.0004899662187226772,-0.002989536078286712,-0.00010000000000000231
2019-04-03,-0.00016809826851559137,-0.001476744057391478,-0.0031216814331491718,0.0015723127577751924,0.028046127725448067,0.00040000000000000034
2019-04-04,0.0038390967308610242,0.0025419025120264,0.0010417571246373034,0.002649446861345557,-0.011713153623697148,-0.00010000000000000231
2019-04-05,-0.0018764497341418646,-0.001065158454634802,0.0004731210283565789,0.004828753596658137,-0.05759168882457858,-9.999999999999786e-05
2019-04-08,-0.0005611678088361302,0.0043355523546012775,-0.0016090483489462992,0.0007619624685853521,0.027694124540959833,0.00020000000000000017
2019-04-09,0.0032814920734817597,0.005210460213684454,0.0017983532037943691,-0.005137717649713748,0.0801593859831212,-0.00010000000000000231
2019-04-10,0.0009346878341712132,0.0030808947099307334,0.002360957965273633,0.0034050054424413683,-0.07109588864326666,-0.000299999999999998
2019-04-11,0.0008454413460726391,-0.01287293202962213,-0.002266446571880381,-0.0002777149518928611,-0.021277377629752393,0.000299999999999998
2019-04-12,-0.0013973625671130883,-0.000984454241361077,-0.00464441519422185,0.006743325904182791,-0.08074701678942574,0.0005000000000000026
2019-04-15,0.003926453887287985,-0.0018896884121834196,0.0013297391631396005,-0.0006550809032575365,0.025484278185115075,-0.00010000000000000231
2019-04-16,-1.1282974956001002e-05,-0.009004202217837156,-0.0034218684370881333,0.0006550809032575529,-0.011428645997378716,0.0005000000000000026
2019-04-17,-0.0017620218189264153,-0.0019104067944001747,0.00019112958412738037,-0.0024501375613081027,0.033901556895573656,-0.00010000000000000231
2019-04-18,0.0010726753274142547,0.0007480072379889946,0.002376475628611035,0.0019673650222256987,-0.04131816698510587,-0.00020000000000000017
2019-04-22,0.0007643436363329363,0.0,-0.001425395745849636,0.0008617970009697569,0.026929405400460925,0.00020000000000000017
2019-04-23,0.0012827031012071087,-0.0020790892290242957,0.0018045037483007946,0.008951392800890239,-0.011336181674183099,-0.00020000000000000017
2019-04-24,-0.0030802152729997824,0.0029095034311526903,0.0037898312529809236,-0.002221913829671462,0.06768913821054837,-0.00040000000000000034
2019-04-25,-0.00633289171461129,0.0008297251865102907,-0.0012299415766428112,-0.0006164514809266969,0.008336513247703608,0.00010000000000000231
2019-04-26,-0.0014934894594870038,0.006613259149985799,0.002647136244890166,0.004646594520940714,-0.04003617582235681,-0.00030000000000000247
2019-04-29,0.0012035870718230023,-0.004459139554905714,-0.0020794728057794594,0.0015662514388342572,0.02941389497788062,0.00030000000000000247
2019-04-30,0.003126975986935249,0.00305743426250323,0.001985265169445995,0.0005103244577945112,0.0007625032055570149,-0.00030000000000000247
2019-05-01,0.0027552885720882737,-0.0066225029075605455,-0.0004542580267059732,-0.00754488465290436,0.12048941886424806,0.00010000000000000231
2019-05-02,-0.0013562607830761623,-0.0038279074525403786,-0.0028440956860889027,-0.0021615413311510145,-0.02601105650991488,0.000299999999999998
2019-05-03,-0.0024387022843649175,0.005902166622599836,0.0013283251035006243,0.009740415313367775,-0.1137171244316781,-9.999999999999786e-05
2019-05-06,0.0010956263111556311,0.0013252386046359393,0.0025564520947584553,-0.004123664336805694,0.18206250470341528,-0.00030000000000000247
2019-05-07,0.001432791484107263,0.003305527606359191,0.0033981297403763537,-0.016840600984213715,0.2241792955691415,-0.000599999999999996
2019-05-08,-0.0009629197866595418,-0.002478073455137969,-0.0018867349250361294,-0.0013901422951655056,0.004132233417370653,0.00040000000000000034
2019-05-09,0.0006492528629151659,0.0023955509816441485,0.002640365646313979,-0.0030305765692465784,-0.015584691381073544,-0.00040000000000000034
2019-05-10,0.0021187176311267208,0.0018959191232163482,-0.0006594592698547861,0.005010712421708732,-0.17460269550868968,0.00020000000000000017
2019-05-13,0.0012801764504052242,0.010159840539079742,0.0049817221674875855,-0.0254514567623873,0.2477752443001041,-0.0007000000000000028
2019-05-14,-0.0003482529293695144,-0.001713369544315355,-0.0009372614209249001,0.00900322721477968,-0.12916138539869315,0.00020000000000000017
2019-05-15,-0.002501708789448315,-0.0005717761663673002,0.0031852783251599555,0.005840201816531511,-0.0939820963042524,-0.0004999999999999983
2019-05-16,0.000246485180568758,-0.007216080906090106,-0.0019663700578869316,0.0092190591921117,-0.07251840466721576,0.000299999999999998
2019-05-17,-0.0030101684148013666,-0.0071027767830243865,0.00046859026249422233,-0.006486111787904279,0.04288657696574975,-9.999999999999786e-05
2019-05-20,-0.0007372774880440244,-8.290551782707826e-05,-0.001687498529767324,-0.006634275222928258,0.021692789476915577,0.00020000000000000017
2019-05-21,0.00029036522491189705,-0.0023236423674714048,-0.00112734236767771,0.00897509438723615,-0.08706709681022891,0.00020000000000000017
2019-05-22,0.0,-0.0009975291545634036,0.003002080966761091,-0.003076133714530223,-0.013468204292681689,-0.00040000000000000034
2019-05-23,-0.0011720120537771794,0.007704775453647809,0.006070976853747894,-0.012293594125257658,0.13725327590134673,-0.0008000000000000007
2019-05-24,0.002602643865678214,0.0010723379767870567,-0.00027950749173001393,0.0022658228182430022,-0.06532683429639556,9.999999999999786e-05
2019-05-28,-0.0014113484229800796,-0.0038822269155751525,0.00436744714694931,-0.009344178473202314,0.09903135653868825,-0.0006000000000000005
2019-05-29,-0.0020687923774010642,0.0003309964016133878,-0.00037047923023319476,-0.0067333826210316285,0.02259981060608287,-9.999999999999786e-05
2019-05-30,-0.0029892075171091474,0.006761236816409464,0.0036109161395948518,0.0027273035406314068,-0.03409423413236527,-0.000299999999999998
2019-05-31,-0.0005567402489159767,0.013386857013473643,0.006633067817633056,-0.01356677503967156,0.07835163395029686,-0.0008000000000000007
2019-06-03,0.0038475888526603077,0.014329650783140814,0.004799852825250551,-0.002546012863752407,0.007985218214052996,-0.0007000000000000028
2019-06-04,0.006445830078431998,0.00031967486235552026,-0.003668934085045937,0.02147411620421452,-0.10559627078371787,0.0005000000000000026
2019-06-05,0.0006863168436886033,0.002553665830468566,0.0,0.008624983653252333,-0.05324906829612693,0.0
2019-06-06,-0.0022258578473965626,0.0032623544765034472,-0.00018364816554981026,0.00648203403314058,-0.009993827408434465,0.0
2019-06-07,0.00421982834453577,0.005624438342681366,0.0039441395066788475,0.009956704672784599,0.022960917927357844,-0.00030000000000000247
2019-06-10,0.003864012256703093,-0.010003215486538998,-0.0049561268336500985,0.004578942329225028,-0.0223334139693071,0.0006000000000000005
2019-06-11,-0.0001811446154029547,-0.0011975692988470156,0.0,-0.00024258567605416618,0.003131865494494718,0.0
2019-06-12,0.0010077795044543913,0.005179100221238763,0.002572991772530084,-0.0017665872979403443,-0.005015679772797037,-0.00020000000000000017
2019-06-13,-0.0029977898381629686,0.0061006935016299476,0.0024746019059495366,0.004117504824661357,-0.0056728897100014174,-0.000299999999999998
2019-06-14,-0.0013432139022485834,-0.0003160129284806553,0.0007322534248648764,-0.0011053156878546174,-0.03473017678633634,-0.00010000000000000231
2019-06-17,-0.005635586181714624,-0.0006322652864022912,-0.0001829721019378624,0.00038008642681376767,0.004570732621987078,0.0
2019-06-18,0.0006731322746558854,0.005047324392238259,0.0019191302144711446,0.010416438153246593,-0.013114992108796132,-0.000299999999999998
2019-06-19,-0.0023543285384641957,0.006038970838080437,0.002735987420295839,0.0022548409223618502,-0.05564527025984878,-0.00030000000000000247
2019-06-20,0.0035898806005276213,0.024866155493817887,0.0016376643714151604,0.009509120539548013,0.028887846269819783,-0.00020000000000000017
2019-06-21,0.005070115747244044,0.00661369341666817,-0.004099159679140336,-0.001455022558716508,0.04312440186299271,0.0006000000000000005
2019-06-24,0.007858698550878718,0.014741593126273352,0.003462513741725891,-0.0012251981550361255,-0.009132443793701085,-0.0004999999999999983
2019-06-25,0.001366994847334753,0.0019392450876947497,0.0015456817938160306,-0.009856699046490336,0.06470236189651536,-0.00020000000000000017
2019-06-26,-0.0026640390021479346,-0.009207653748305768,-0.004095999561781605,-0.000997534089098131,-0.004309123483222575,0.0004999999999999983
2019-06-27,0.00042076235336564207,-0.0009781791081800058,0.003005432160394294,0.0035394748228779927,-0.024353336219410073,-0.00040000000000000034
2019-06-28,-0.0001592063874156251,0.0027063662544696662,0.00045433722354470035,0.005132812626663585,-0.04790558552847331,-9.999999999999786e-05
2019-07-01,-0.0007048372340149661,-0.019559428102497136,-0.0012567134347730572,0.009037621302359376,-0.07003544129329606,0.000299999999999998
2019-07-02,-0.006841027998014664,0.02113481354805423,0.0035485493641493416,0.0026009756928697596,-0.08378369984131953,-0.0004999999999999983
2019-07-03,0.0004967823546674645,0.0016477026920105947,0.0019058726128059562,0.007963322567758243,-0.028237218061863478,-0.00020000000000000017
2019-07-05,-0.00019180164220283647,-0.011212861349998495,-0.006366895116436527,-0.0011386317397903947,0.054946125616645816,0.0008000000000000007
2019-07-08,-0.005189307743699327,-0.006453396174434407,-0.0010045686624558289,-0.0055098118283793684,0.049936976126120906,9.999999999999786e-05
2019-07-09,-0.0010099377256192056,0.0034976216131429347,-0.0006390683991649242,0.001246112020955327,0.009269236673287863,0.00020000000000000017
2019-07-10,-0.0006951303941730276,0.015664164068756106,0.0005478796284598316,0.00476600457016328,-0.07821096609673715,0.0
2019-07-11,0.0045046519407322076,-0.008479433149487648,-0.0049452055181524,0.0023415094595000178,-0.007704154257454149,0.0006000000000000005
2019-07-12,-0.0005740370210267257,0.006235244213343071,0.001101432695961299,0.004467280858459276,-0.04266049303519823,-9.999999999999786e-05
2019-07-15,0.001745659265439037,0.0,0.002106657561342956,0.00033230927670670695,0.023136249725853965,-0.00030000000000000247
2019-07-16,-0.000912672079438287,-0.008498565150237166,-0.002198369952333545,-0.0032301158287605116,0.014095719035954694,0.00040000000000000034
2019-07-17,-0.0044048128062413846,0.01633123396202252,0.004666069125471449,-0.006828617107969205,0.08279050027079138,-0.0006999999999999984
2019-07-18,0.001548420031514653,0.01401922107283276,0.002461543167356634,0.0036543722450219176,-0.03200276993667353,-0.00020000000000000017
2019-07-19,0.0028339516693954517,-0.01483691752503857,-0.0018232094089679748,-0.005570355544125344,0.06578497891215394,9.999999999999786e-05
2019-07-22,-0.003844110215074048,-0.0001487748968767623,0.0004562160369716662,0.002453340534425611,-0.06578497891215396,0.0
2019-07-23,-0.0010875570533576903,-0.005668654760058427,-0.0016422742858360928,0.0071247972357542195,-0.07041929969604431,0.00030000000000000247
2019-07-24,-0.004907467549869097,0.005073447292028362,0.001460041270158489,0.004688229981508545,-0.0437671129249845,-0.00030000000000000247
2019-07-25,-0.0007913887906001747,-0.007095118991376651,-0.0017342612219339644,-0.004788240263547793,0.05402362235279604,0.00030000000000000247
2019-07-26,0.00033427774684148016,0.00164757936404381,-0.00018233742158273126,0.006677555626852732,-0.04659476818873525,0.0
2019-07-29,-0.0012586424965774683,0.006637600502192369,0.0009133963683492861,-0.0018228846560998041,0.053634308691343335,-0.00020000000000000017
2019-07-30,0.0009801032980864398,0.0033393742390960437,0.00045605901635601683,-0.002457628882275634,0.0829762025497312,0.0
2019-07-31,0.0013379691883316093,-0.013199706898717264,0.002551999102786528,-0.011000989574934965,0.14529841390935702,-0.00040000000000000034
2019-08-01,-0.007758017936413691,0.0237382025873749,0.011278382149302053,-0.00874585001472223,0.10306258699448623,-0.001200000000000001
2019-08-02,0.0006423671708644623,-0.003819352910475418,0.0020717025654887152,-0.007558121163042626,-0.014656418967104897,-0.0003999999999999981
2019-08-05,0.0026290992844662667,0.013885007839557597,0.008599771798177886,-0.03053452145795438,0.333872905265896,-0.001100000000000001
2019-08-06,0.012147950516988368,0.008095529492025941,0.0016037989078803124,0.013925528762094184,-0.19814350668471745,-0.00020000000000000017
2019-08-07,-0.0032778523360136405,0.01507548681526026,0.0,0.0005909161397775806,-0.03429485397274899,-0.00020000000000000017
2019-08-08,-0.00023531912498826624,0.005022054446004403,8.898039093556921e-05,0.019429637571926898,-0.141996347888958,0.00010000000000000009
2019-08-09,-0.0015338026478229872,-0.003321683939870917,-0.0015150186382632146,-0.006834569421881375,0.06079850869785085,0.00020000000000000017
2019-08-12,0.0019035649861258426,0.009651773675578623,0.006312355080830825,-0.01224812912262036,0.16009533914095592,-0.0009000000000000008
2019-08-13,0.000874715743938375,-0.005977346952418699,-0.003550932703834966,0.015432046240333277,-0.18545589008945726,0.00030000000000000024
2019-08-14,-0.003684014354080683,0.00681829671908825,0.006648172144174974,-0.030013360058195167,0.23223451414847213,-0.0008999999999999986
2019-08-15,-0.003024408733292059,0.006632923311853109,0.00634075207056587,0.0026378654373773436,-0.042520271202843185,-0.0007000000000000006
2019-08-16,-0.0026708564106834526,-0.00642279632319684,-0.002637626249333586,0.014647643959931766,-0.1369095975470489,0.00030000000000000024
2019-08-19,-0.001776590511615778,-0.011765243129746363,-0.004764351032405888,0.011975290676498449,-0.09001831758469704,0.0005000000000000004
2019-08-20,-0.0009646611520012486,0.007765153200510364,0.0044126445013855375,-0.007691831335013175,0.036071441479277,-0.0005000000000000004
2019-08-21,0.0013197377273767932,-0.0031694374885161206,-0.002645060243482103,0.008102535523200548,-0.10219092882472047,0.00040000000000000034
2019-08-22,-0.0006323495735885972,-0.002542737809443374,-0.0022094553846999567,-0.0003079546698003799,0.05420046312176289,0.00030000000000000024
2019-08-23,-0.0006098411473298048,0.0194004358255685,0.006702147050854164,-0.02602324549888977,0.17500068357341925,-0.0010000000000000009
2019-08-26,0.005312309309738264,0.00013874512727632068,-0.0009678899159249812,0.010997907514447795,-0.0280702858114059,0.00020000000000000017
2019-08-27,-0.003537256893122397,0.009525229640210546,0.004301724506604278,-0.0039314220750939315,0.04997253630846539,-0.0005000000000000004
2019-08-28,-0.0012317467317716595,-0.002820513317677276,0.0003505929283319265,0.007016900409889691,-0.048420910107000954,-0.00020000000000000017
2019-08-29,-0.00037704624230177567,-0.007190355573252848,-0.001928256289946603,0.012692111888564289,-0.07900971638161233,0.00030000000000000024
2019-08-30,-0.002159328985370535,-0.0025705723222454796,0.0002623335868185283,-0.0004442975691177849,0.059703046255193064,0.0
2019-09-03,-0.0021191385919892562,0.013817145553141903,0.002194512364458911,-0.0058646346072528275,0.03520033789411415,-0.00030000000000000024
2019-09-04,0.0005485905007386359,0.006224182405113975,0.001576604058201152,0.011286644974572428,-0.12614700763258888,0.0
2019-09-05,0.005491346018407023,-0.02429383958928248,-0.008084886508613096,0.012773482503814427,-0.06311614995870446,0.0010000000000000009
2019-09-06,0.00012141682649037292,-0.008559662387184017,0.0006174494940533081,0.0007722870972012904,-0.08127274826417982,-0.00020000000000000017
2019-09-09,-0.001422711981305087,-0.0037414803722944866,-0.006191718299959793,0.000502769255903981,0.017839948106305046,0.0007999999999999985
2019-09-10,0.0025158795130875685,-0.008594766463448816,-0.0073030048288427254,-0.00023472989435906978,-0.004594733904630838,0.0009000000000000008
2019-09-11,0.00017672051437775128,0.0060453662250154515,-0.0009834920897469075,0.007085972838408344,-0.03958921304043829,0.00030000000000000024
2019-09-12,-0.0033426925327245337,0.0020542492696135994,-0.00223924183587679,0.003457502302710291,-0.027056759109954115,0.00040000000000000034
2019-09-13,0.004061228432765623,-0.008313640257218174,-0.00918870866218134,-0.0006638731853201249,-0.03433817301735544,0.0010999999999999988
2019-09-16,0.0022695435289529064,0.008313640257218249,0.004335009758166279,-0.0030935824196840983,0.06549332721943166,-0.0005999999999999983
2019-09-17,-0.007013239349717472,0.001979350045407386,0.0026094316088152067,0.0025288706613495115,-0.015802492950216622,-0.00030000000000000024
2019-09-18,0.006226583852135981,-0.006305141849164153,0.0003596584677138671,0.0005978543055528431,-0.03452260981072709,-0.00010000000000000009
2019-09-19,-0.003912760857539547,0.004042645700960864,0.00044847066133348935,-6.639816653926496e-05,0.007142914760565355,-0.00010000000000000009
2019-09-20,0.001545621897768486,0.011751169204553406,0.005731104701400811,-0.004735924721203988,0.08653673503716518,-0.0005000000000000004
2019-09-23,-0.0026701114277863374,0.005580782257567522,0.0014273805397747017,-0.0002347133913862774,-0.027127025849637575,-0.00020000000000000017
2019-09-24,-0.0023003809903156002,0.00527299162043293,0.004980559830514607,-0.007877890963992556,0.1341180404396254,-0.0008000000000000007
2019-09-25,0.002101950365998579,-0.018719501081169466,-0.0065863271595689105,0.005897174807728678,-0.06606456457051894,0.0009000000000000008
2019-09-26,-0.0058218563359692605,-0.0002821278180384957,0.0021407683718093905,-0.0020850903108315944,0.006868566347193799,-0.00030000000000000024
2019-09-27,-0.0027564192221066833,-0.005161727926224835,0.001424822188908763,-0.005401817282737855,0.069117298365682,-0.00010000000000000009
2019-09-30,0.0018257472434580673,-0.015647105922203676,0.0008003086844833137,0.004627083291741022,-0.05859413848487701,-0.00010000000000000009
2019-10-01,-0.003942544389598497,0.005457893373498284,0.0027655767026853796,-0.01196605906862761,0.13353137794357536,-0.00030000000000000024
2019-10-02,0.00323157095816303,0.011606023170116823,0.0034576715893434367,-0.017822784259193532,0.10233871602800096,-0.0004999999999999983
2019-10-03,0.0026277761845698395,0.004520416059329575,0.005207449788678187,0.008159720069674248,-0.07261246309518456,-0.0006000000000000005
2019-10-04,0.0010641256168011464,0.0,0.0019346592741203473,0.013441440382148036,-0.11517137638691566,-0.00020000000000000017
2019-10-07,0.001021221175843762,-0.00856363541098911,-0.003344031711019264,-0.004324169624742313,0.04700003449327339,0.00040000000000000034
2019-10-08,-0.0013175672354694208,0.00870459991703739,0.002113275327681443,-0.015646666771170964,0.12707160295866954,-0.00020000000000000017
2019-10-09,-0.0010965267988037083,0.0009156241246349503,-0.0025546957667756383,0.009452119172923419,-0.0843254360679794,0.0005000000000000004
2019-10-10,0.0025240028453327565,-0.008767683192965708,-0.006281721777060581,0.006740341030361196,-0.059116891683396046,0.0007999999999999985
2019-10-11,0.0021118508038712965,-0.005554769940672898,-0.006857098335572665,0.010313647902706906,-0.12020484928417947,0.0009000000000000008
2019-10-14,0.0017214227218684101,0.003991150393420187,0.002766142086907685,-0.0011142385686551963,-0.06702343628406271,0.0
2019-10-15,-9.046477989097708e-05,-0.0069950016712766044,-0.004823921378053376,0.009851251467285244,-0.07331633459484893,0.00010000000000000009
2019-10-16,0.0005185753331736073,0.005713914835703777,0.0019682083905875037,-0.0016072226544424956,0.010286669835800254,-0.00020000000000000017
2019-10-17,0.003636940737031958,0.0014233647353723328,-0.0003575680541256862,0.002944697871536876,0.008008754536357411,0.00010000000000000009
2019-10-18,0.004706823401557925,-0.001067306413452129,0.0008931239598663702,-0.004386799235998925,0.032813217675726924,0.0
2019-10-21,0.002562558558288225,-0.004781550075213642,-0.0036688195070307987,0.006756644813436469,-0.017699577099400975,0.00040000000000000034
2019-10-22,-0.00035686656150583955,0.0029287043785159624,0.0023285158007593553,-0.003272220643913982,0.03232888975346327,-0.00020000000000000017
2019-10-23,-0.002016512323627505,0.002351027592914482,0.00035764837146728013,0.002905463596652241,-0.03161484268277305,-0.00010000000000000009
2019-10-24,0.0002782411876379464,0.007090719694468963,-0.0001788479973094847,0.0016323668158244038,-0.021645880329306155,0.0
2019-10-25,-0.0025570968400006238,0.0023289599557340403,-0.002148594875256827,0.004086821906737866,-0.08046831133882362,0.00030000000000000024
2019-10-28,-0.0017751204828273918,-0.008637230479381003,-0.003771005151446591,0.005620613770025396,0.03571808656993594,0.0005000000000000004
2019-10-29,0.0013421613323956986,-0.002776885194246242,0.0008993052521037674,-0.00029678883990825854,0.006841543554959068,-0.00010000000000000009
2019-10-30,0.0014106152649588333,0.005475210184932403,0.004841494400441826,0.0030623579958025085,-0.06818150415412907,-0.0006000000000000005
2019-10-31,0.003563011187457375,0.009948844935468628,0.006330448831720926,-0.002666548481347431,0.06969554363380569,-0.0009000000000000008
2019-11-01,0.00023423408127475206,0.0009123470738276627,-0.0018890252884793948,0.009221466069313832,-0.07213157673711974,0.00040000000000000034
2019-11-04,0.0008483186461446384,-0.0028801514371747305,-0.005096236332955492,0.0040094016893988,0.04218689479574681,0.0006000000000000005
2019-11-05,-0.0034110980809337267,-0.016312331868591004,-0.005392396341210189,-0.001106913372390202,0.02082608664591415,0.0007000000000000006
2019-11-06,-0.004895684739124028,0.004281068530555171,0.0028794723480959515,0.00022797161535194208,-0.03732941128208352,-0.0005000000000000004
2019-11-07,-0.0003432343040610424,-0.015643205521891117,-0.008030225236828037,0.0035102701523694766,0.008678528565025828,0.0010999999999999988
2019-11-08,-0.004590274687228495,-0.0063847338065501705,-0.0013596447102766252,0.002463347415933702,-0.053238366784260596,0.00020000000000000017
2019-11-11,0.0002491037604669932,-0.0024048241483873045,0.0010879602593837758,-0.0019114217583906792,0.050091238833960224,0.0
2019-11-12,0.0011799926648196426,0.002695874927586959,0.000452900582297163,0.002105729814602429,-0.0007882755830038876,-0.00020000000000000017
2019-11-13,-0.002094506567395076,0.003994072881030811,0.00271350582782983,0.00032369050454047685,0.024923384384966617,-0.00040000000000000034
2019-11-14,7.707129932540324e-05,0.004194711040663475,0.005045727529205739,0.001454715820264936,0.0038387909228639093,-0.0005999999999999983
2019-11-15,0.0006610320661621835,-0.0025291110010524226,-0.0008089841465918406,0.007210146373872311,-0.07972347261911736,0.00020000000000000017
2019-11-18,0.003134730585158303,0.002962025072169786,0.001706937775774835,0.0007375337368661554,0.03345884065557855,-0.00030000000000000024
2019-11-19,0.0015599736293654563,0.0005049030061831341,0.0018836635951137034,-0.0002886008649120426,0.031598175691663004,-0.00020000000000000017
2019-11-20,0.0006901025558301477,0.0005045382424530197,0.0036678347124283056,-0.0037257189785175693,-0.006240264057409244,-0.0006000000000000005
2019-11-21,-0.0001030761451725312,-0.005492097356825017,-0.002503025198058944,-0.0016100346504530421,0.027018268975576847,0.00040000000000000034
2019-11-22,-0.001173751261188495,-0.0018857951599790925,-0.00017902748024164173,0.0022213587160896924,-0.06205366618814352,0.0
2019-11-25,-0.0039206455924227866,-0.004803179633254922,0.0004475881589087709,0.007720330202945363,-0.03883183186216162,-0.00010000000000000009
2019-11-26,-0.0007381815159191847,0.004803179633255016,0.0018772728422559214,0.00226276965989464,-0.028194941206063983,-0.00020000000000000017
2019-11-27,0.0007381815159192047,-0.005314014225370608,-0.0025933827349325987,0.00444801129938777,0.01803398281584462,0.00030000000000000024
2019-11-29,0.0006275423045720938,0.006184806112979683,-0.0008060777565295809,-0.0037155325985576563,0.07142960745468059,0.00010000000000000009
2019-12-02,0.0006609029720220995,-0.0005079436043828876,-0.0035970768057256184,-0.00853101673585313,0.16674927049786895,0.0005000000000000004
2019-12-03,0.005436089218695758,0.009534253178573626,0.00887837518758263,-0.006729246160762764,0.06805347586910651,-0.001100000000000001
2019-12-04,0.0005540853176035471,-0.0013667767637935283,-0.0038465282254877445,0.006151149356266809,-0.07545840075426388,0.0005000000000000004
2019-12-05,-0.00019950418705007048,0.0005757184354598549,-0.0023332655837539676,0.0017965307544715976,-0.019100152734486845,0.00030000000000000024
2019-12-06,0.002019123089264813,-0.009977704836757457,-0.0030588897601522224,0.0090924112284399,-0.06398774860412379,0.00040000000000000034
2019-12-09,-0.004200130717519964,-0.0002906488870483782,0.0008104714176485687,-0.00314898893810758,0.15226090224066827,-0.00010000000000000009
2019-12-10,0.0005519736322186549,0.002830699660654389,-0.0011712296890447373,-0.0011158384357146112,-0.011414160174614975,0.00020000000000000017
2019-12-11,0.002504942866564743,0.006861935627691577,0.004137775937313027,0.0028347076230028838,-0.04500273753946485,-0.0006000000000000005
2019-12-12,0.003878867315365377,-0.0035334849047766476,-0.007930644788581952,0.008582368971279371,-0.07262092161478878,0.0010999999999999988
2019-12-13,0.004497849743318054,0.004468872836715887,0.005864056646412234,0.0005988560347047997,-0.09868742980731063,-0.0007999999999999985
2019-12-16,-0.005521771250448632,-7.198939739749056e-05,-0.004689020535769283,0.006846328737451378,-0.03956913151179382,0.0006999999999999984
2019-12-17,0.001124222275714461,-0.00021577975709612248,9.047830544133762e-05,0.0002192849345547093,0.01228010656239552,0.0
2019-12-18,0.0012927328987956917,7.200493236905694e-05,-0.002714940808392784,6.216399156997361e-05,0.023322324733553054,0.00030000000000000024
2019-12-19,-0.0031842980116769575,0.0025862126377012157,0.0007803072278653838,0.004090747276480713,-0.006379600899337652,0.0
2019-12-20,0.0009008548009907165,0.0010039397404910592,0.0,0.004374611896149644,0.0007996984664742051,0.0
2019-12-23,-0.004152561824686467,0.003077203372165587,-0.0009072270205983274,0.0015269784275785798,0.00796177997586865,0.00010000000000000009
2019-12-24,0.001263934968798012,0.009387789011397068,0.0017227391466524006,3.1083399414077964e-05,0.004746877604070856,-0.00030000000000000024
2019-12-26,0.0004770388220483902,0.00782659080315549,0.0014488808734283106,0.005308651639337302,-0.0015798153368500416,0.0
2019-12-27,0.0005104234111590525,-0.0003512560225688557,0.0014460640667657023,-0.00024737735659489675,0.05983384824076555,-0.00020000000000000017
2019-12-30,0.007286623560670526,0.0021055808220621446,-0.0006319951614570381,-0.005528770805828975,0.09848656601719821,0.00020000000000000017
2019-12-31,0.0017862810709916835,0.001891143454574884,-0.003622747587900122,0.0024266067601315423,-0.07275935306826817,0.00020000000000000017
2020-01-02,0.0,0.007320953634035891,0.0046167326313622074,0.009308402620075833,-0.09989246510187225,-0.00040000000000000034
2020-01-03,-0.004411210053900604,0.013181265882528811,0.006660564171321347,-0.00760115626863682,0.11715913315156223,-0.0007999999999999985
2020-01-06,-0.0008486965705175967,0.010434868967011986,-0.0010772371748418734,0.003807851905084458,-0.012199654080916935,0.00010000000000000009
2020-01-07,0.0032231383954302996,0.003927428056507489,-0.0014376455105163735,-0.002815570344933755,-0.004341571137355333,0.00020000000000000017
2020-01-08,-0.00387033975832015,-0.007529802584635164,-0.002341449941563775,0.005315229767534042,-0.024964597172115213,0.00040000000000000034
2020-01-09,-0.0037298266820401005,-0.0056676844863565315,0.0007208460005821132,0.006757681752732155,-0.07005555970406599,-0.00020000000000000017
2020-01-10,-0.0001889169480695333,0.006008107616788398,0.002159664508942245,-0.002881756682730178,0.001593662286273741,-0.00020000000000000017
2020-01-13,0.0005000532657696564,-0.007447144703816297,-0.0011694087513469025,0.0068539285789840625,-0.01929326111441286,0.00020000000000000017
2020-01-14,0.0017134288682368716,-0.0008919411826434922,0.001978211325348571,-0.0015257034828958485,0.005665790016104042,-0.00030000000000000024
2020-01-15,-0.0004341866069445138,0.005817289492435278,0.0025116582977127463,0.0022568529178522896,0.0024183592974461473,-0.00030000000000000024
2020-01-16,0.0020736147906197213,-0.0015707412123407796,-0.0020630657284626624,0.008284297631221696,-0.008084149313550209,0.00020000000000000017
2020-01-17,-0.001294140833420409,0.0018437252860089575,-0.0008081211798490291,0.003107601569525712,-0.018018449205493302,0.00030000000000000024
2020-01-21,0.00021079095030663436,0.0010909837309721073,0.003945740391779093,-0.0019599803469286248,0.06013835689846975,-0.0006000000000000005
2020-01-22,-0.0010204176837492315,0.0003405975107135845,0.00017899325817378765,0.00012084765726225394,0.004658352011606169,-0.00010000000000000009
2020-01-23,0.0009760499881296328,0.002245598875511729,0.0025021518695246122,0.0011460665882329997,0.005407482969901856,-0.00030000000000000024
2020-01-24,-0.0037215309488002925,0.0058285535187767275,0.0035639246948617194,-0.008932865164723138,0.11486839557927134,-0.00040000000000000034
2020-01-27,-0.0027048154401574376,0.006802125843070944,0.006736396224260713,-0.01615926357674248,0.22479049199174436,-0.0008999999999999986
2020-01-28,-0.0005070083082547705,-0.00896686803661793,-0.0033627221278112957,0.01042464564296186,-0.11313116082847623,0.0003999999999999981
2020-01-29,0.00025342813606535716,0.005403248480831511,0.004774858802864756,-0.00082627482880239,0.006733952764836166,-0.0004999999999999983
2020-01-30,-0.000517957493631393,6.731894098032181e-05,0.0009703621490341578,0.0032396628539181163,-0.05647671586379793,-0.00030000000000000024
2020-01-31,0.0011133636077491934,0.005775708477189364,0.005010352965512741,-0.018324801337329607,0.19578763759468787,-0.0006000000000000005
2020-02-03,0.005485525052044301,-0.006516877595597702,-0.0008522566111313097,0.007401236171856201,-0.04727861466255202,0.00030000000000000024
2020-02-04,-0.002425760277789674,-0.013094308186782415,-0.00581675315416027,0.015126458701670963,-0.11299486054395456,0.0007000000000000006
2020-02-05,-0.0014150782738122072,0.0012285555646719122,-0.0043407176481360015,0.011481842474162646,-0.0577082952649975,0.0004999999999999983
2020-02-06,-0.00407914716479985,0.005373934234125879,0.000710289307993269,0.003359321019635177,-0.012620531679595303,-0.00010000000000000009
2020-02-07,-0.0017588635635339997,0.002642363450658169,0.004779016149239873,-0.005344295481905774,0.03352270674978579,-0.0005999999999999983
2020-02-10,-0.003070422989157765,0.0025679490647931946,0.0019405296433621397,0.007437942806951125,-0.028189365860722355,-0.00030000000000000024
2020-02-11,-0.003279425511196765,-0.0034478924308700464,-0.0023821380743955065,0.0017313535811283797,0.009265476085964121,0.00030000000000000024
2020-02-12,0.000545789907371758,-0.000813078481224605,-0.0025651818028990807,0.0064223401488820425,-0.09966752193515348,0.00030000000000000024
2020-02-13,-0.003988568387690097,0.005677303718111386,0.0008852106365051188,-0.0010674472124728228,0.0294033269941184,-0.00010000000000000009
2020-02-14,-0.002758693593560904,0.0041697222765956264,0.0024749603307918314,0.0016004470847419173,-0.03377966262767974,-0.00020000000000000017
2020-02-18,-0.00015174787186215667,0.012737350951843347,0.001587148909997737,-0.0025799753995834986,0.08071721650269761,-0.00040000000000000034
2020-02-19,-0.004132423073716513,0.005814285510176441,-0.00017627753680152626,0.004769840345144456,-0.03081379075403285,0.00010000000000000009
2020-02-20,0.001360184848757387,0.0040763395182913265,0.002903913238502165,-0.004116913084373901,0.07886518546665965,-0.00040000000000000034
2020-02-21,-0.0020464967645173063,0.014913455926308593,0.004034987218424738,-0.010351629379187618,0.09320463817566582,-0.0006000000000000005
2020-02-24,0.004721186336458318,0.008945002656717951,0.007759219137291261,-0.03372779704731472,0.3821669489830182,-0.0008000000000000007
2020-02-25,0.0009358327590463808,-0.01803593472393269,0.002775677802343367,-0.03077072327741752,0.1067578471940069,-0.0004999999999999983
2020-02-26,0.0030184151366617726,0.004360980385151266,-0.0005196996808005081,-0.0036851809884793445,-0.010467553303130208,0.0
2020-02-27,0.00035815540493814473,0.00019481624361363943,0.004840873099848641,-0.04595137625457812,0.3512903869983254,-0.00030000000000000024
2020-02-28,0.010175447527352655,-0.03717601874476565,0.011148556884748018,-0.004210501278373257,0.02396988123311851,-0.0017000000000000014
2020-03-02,0.004905810422639446,0.005511083646655957,-0.000683308101430968,0.042395351821509414,-0.18247122662084647,-0.000299999999999998
2020-03-03,0.008356433460812803,0.030950390194086085,0.01155246464077304,-0.02905059249743633,0.09688669913855864,-0.0008000000000000007
2020-03-04,0.0032817291958698153,0.001752990351755443,-0.0021982964755683635,0.041173689466982716,-0.1406178207099828,0.0
2020-03-05,-0.0037273637898381047,0.021370951204574475,0.00884859605739062,-0.033806725489313814,0.21391066750477977,-0.0009999999999999998
2020-03-06,0.007580987646460575,0.0003808885074389379,0.010101021074051494,-0.01666937846897805,0.05690597841817737,-0.0018000000000000004
2020-03-09,0.014345408615899148,0.0016488747161249012,0.008930078944708045,-0.08131239862114535,0.2612264777050175,-0.0019999999999999996
2020-03-10,0.0010481051458759174,-0.02132715182628954,-0.018527558366408833,0.05045042698128634,-0.14095619106651924,0.0021999999999999997
2020-03-11,-0.007172069563950822,-0.0035667044227174947,-0.010029544556465849,-0.04997653707320302,0.13062022685630376,0.0005999999999999994
2020-03-12,-0.004871123222760194,-0.04070560424243849,0.0005084349252202444,-0.1005689906924207,0.33660473624706455,0.0006000000000000005
2020-03-13,-0.006823700781210399,-0.03099155256530076,-0.006540783990358795,0.08202794459465905,-0.2662275386386179,0.0005999999999999994
2020-03-16,-0.0026473308768339967,-0.011512126298224866,0.02607433957721411,-0.11588637406471226,0.35759100142604205,-0.0020999999999999994
2020-03-17,0.0007030167891367934,0.01346442633870517,-0.025392233193081256,0.05258483824729363,-0.08555022898742644,0.0029000000000000002
2020-03-18,-0.013317896271767483,-0.02012310684271081,-0.01397816810953288,-0.051959620924943266,0.0070884161852661845,0.0015999999999999992
2020-03-19,-0.004911892531991977,-0.019086492837834465,0.00327640905717966,0.0021228475022599096,-0.05997077344066582,-0.0005999999999999983
2020-03-20,-0.0281440807711631,0.014884383146683595,0.025158501978978346,-0.04405040445845544,-0.08640548610090365,-0.0020000000000000005
2020-03-23,0.0034696894543758275,0.043231496146295734,0.011765200420973024,-0.025900879665086005,-0.06976111073872138,-0.0016000000000000003
2020-03-24,0.006544952365581136,0.047389520259250466,-0.006825066020858888,0.08673122642581207,0.001298037135797007,0.0007999999999999996
2020-03-25,0.0035262190611547056,-0.013784208180364264,0.0005843613428035185,0.01485909849472655,0.036303980642873955,0.00040000000000000034
2020-03-26,0.0080152144181938,0.012740714714697083,0.002417662397720072,0.056748718305703764,-0.04722767578178987,-0.0005000000000000004
2020-03-27,0.014467411219748632,-0.006481449089244015,0.007383775943808176,-0.030238286679293395,0.07178679306634327,-0.0010999999999999998
2020-03-30,0.008187089303251458,0.004390990264267052,0.002311589288682266,0.031959334279244064,-0.13820683255227567,-0.00020000000000000017
2020-03-31,-0.00979877568790389,-0.032364821693651916,0.0018130793041268843,-0.015017336158946418,-0.06402476949529684,0.0
2020-04-01,-0.0003529198097441969,0.009411793149400162,0.00406293771858435,-0.04604917825102265,0.0636743146607622,-0.0007999999999999996
2020-04-02,-0.006638045995333951,0.01626050111056189,0.00016384997770405298,0.022813115079218262,-0.11404400493580827,0.00010000000000000009
2020-04-03,-0.009744816047908876,0.004925309776577716,0.0007383324099443085,-0.01455954210284342,-0.08417617829556022,-0.00010000000000000009
2020-04-06,-0.0037354318739070817,0.02733353381543522,-0.004520237149490817,0.06500676192042794,-0.03390149827216874,0.0005000000000000004
2020-04-07,-0.0002916967182406305,-0.005368871400719198,-0.004458857103263356,0.0010190925847327272,0.031762492662577586,0.0007999999999999996
2020-04-08,0.008419050808379198,-0.008947881947437637,-0.0012416486950522375,0.03301704876607662,-0.0744375129843867,0.00020000000000000017
2020-04-09,-0.0028938347371023966,0.025788169295063085,0.0021520200529982357,0.015102869360028368,-0.03952526653493404,-0.00040000000000000034
2020-04-13,0.00048098003060578255,0.01699510551392902,-0.0021520200529981416,-0.009172161180128235,-0.012071610186211567,0.00030000000000000024
2020-04-14,-0.0008851384596626316,0.007837301543346824,0.0013245701698878934,0.029066252442884476,-0.08645949447997496,0.0
2020-04-15,0.005696039300324107,-0.005115017933585634,0.008896172777918526,-0.021476933153604168,0.0784117002063237,-0.0013
2020-04-16,-0.007335406043470732,-0.0008653689753940822,0.0010657195899784959,0.0048126391081332875,-0.018036302033797233,-0.00020000000000000017
2020-04-17,-0.004285139918145141,-0.019608466717140425,-0.0026251659606257296,0.026656740270350865,-0.0500998972716128,0.00040000000000000034
2020-04-20,0.0007820191746308519,0.007100853720992193,0.002625165960625834,-0.017774656125695756,0.13879275847971348,-0.00020000000000000017
2020-04-21,-0.0001956120482852273,-0.006848673348053854,0.0027811042938658856,-0.030834098189539662,0.035413785542628626,-0.0005000000000000004
2020-04-22,-0.0007709720633413682,0.019479888950845802,-0.0031087467861029327,0.021952014044884508,-0.07853903826147382,0.0005000000000000004
2020-04-23,-0.00432246331143561,0.009905643795524405,0.0006555392084332931,-7.172878813009423e-05,-0.014395605358408076,-0.00020000000000000017
2020-04-24,-0.0030221678851646873,-0.004294729942651925,0.00024530982453656937,0.013842473177585567,-0.14122508851070348,-0.00010000000000000009
2020-04-27,0.004320208971249524,-0.00666258998355511,-0.005335833602579754,0.014315582734030144,-0.07631553053054217,0.0007000000000000006
2020-04-28,0.00010825926220592308,-0.004466516323334757,0.004352930538648717,-0.004609147925960673,0.008375722812708732,-0.0005000000000000004
2020-04-29,0.0010830485703049676,0.005518192454017435,-0.000491886453053846,0.02584172617214082,-0.07225364526404565,0.00010000000000000009
2020-04-30,0.0037456223174487475,-0.018282683683788697,-0.002380408417134292,-0.009354319764071148,0.08938347406129576,0.00010000000000000009
2020-05-01,0.0062521016248604224,0.0061522933833428935,0.0013808356150283583,-0.026830399167985235,0.0852772403121617,0.0
2020-05-04,0.0012924943262924613,0.003498676361159418,0.00016441869965333835,0.0027546765383068684,-0.033354579366393466,0.0
2020-05-05,-0.00506151744593804,0.004232069630406605,-0.0007394807894757683,0.009197050938562447,-0.06786163174739818,0.00020000000000000017
2020-05-06,-0.00604445719420874,-0.012938939248234135,-0.0037061381927428944,-0.006802130096638057,0.015060031421976575,0.0005999999999999994
2020-05-07,-0.0036999484209204125,0.015234124108560072,0.00608730810973878,0.01199480003061978,-0.08180270677123987,-0.0008999999999999997
2020-05-08,0.003569826442106355,-0.006028427741239837,-0.0032860052543499433,0.01641073046862867,-0.11659103167062464,0.0005999999999999994
2020-05-11,0.00021678724144043578,-0.006253147010599243,-0.002801302855388961,0.00020545544436116706,-0.014761738910366265,0.00040000000000000034
2020-05-12,-0.0027818730242306733,0.0038815245238018456,0.0032948453818240015,-0.02013310203513643,0.1809907623958621,-0.00040000000000000034
2020-05-13,0.003454153486910613,0.009576645345897673,0.00205405060455122,-0.017844450859545058,0.06559722017571892,-0.0004999999999999994
2020-05-14,-0.0021344971862724505,0.008811127536123346,0.0015583916712661662,0.011896622758093358,-0.07869718802023445,-0.00010000000000000009
2020-05-15,-0.0015466442661771166,0.005627947839551041,-0.0006559298401839871,0.004586158704820133,-0.02232654663523826,0.00010000000000000009
2020-05-18,0.0013302007365226065,-0.007592898231851983,-0.006169119862105953,0.030004979207041198,-0.0847049718985565,0.0008999999999999997
2020-05-19,0.008629270343230282,0.009603940342589153,0.0028015082360755565,-0.010324100560901444,0.041122339253499486,-0.00030000000000000024
2020-05-20,0.00115766159200992,0.0023714668825757603,0.0002465637100314951,0.016845066873123204,-0.08686253388754123,-0.00019999999999999906
2020-05-21,0.005039383759406821,-0.014683616168536867,0.000658052057000688,-0.00692764816930878,0.053559423658212896,0.0
2020-05-22,-0.0027418957158269978,0.005899400714775776,0.0018889935737083237,0.0018973716771305776,-0.04750419313706584,-0.00020000000000000017
2020-05-26,-0.00044052806362397163,-0.014316858429627,-0.0026292509655329627,0.012245213247264198,-0.005340928427787403,0.00029999999999999916
2020-05-27,0.007198964933553617,0.001800809585778032,0.0008223293997625388,0.0147692929045034,-0.014021419077315479,-9.999999999999897e-05
2020-05-28,0.0031897006443984094,0.0033447448656947374,-0.0009043963640569768,-0.0018465353816482124,0.03451683330519279,0.00019999999999999906
2020-05-29,0.005634519843012668,0.007331471236597383,0.0032033710576162317,0.0044460648058459555,-0.03850742841489383,-0.0004999999999999994
2020-06-01,0.0035516384955549527,0.004593203918142176,-0.0003940717680491786,0.004033467262458241,0.025835642793460324,0.00010000000000000009
2020-06-02,0.0006673092775855425,-0.006497892824854574,-0.0016438688237754176,0.00824606832982309,-0.0504919082613202,0.00020000000000000017
2020-06-03,0.005690338279647767,-0.01862251139241922,-0.005940447640681931,0.013220669963382992,-0.044959964547610816,0.0008999999999999997
2020-06-04,0.004148682561719183,0.010471254055873179,-0.0039795551928602894,-0.0026303799921021933,0.005828639797671805,0.0004999999999999994
2020-06-05,0.00902938836116282,-0.02048368991541374,-0.004997259916208544,0.02530654835626827,-0.05127286330163272,0.0009000000000000008
2020-06-08,-0.0016199817594836688,0.010764002439043798,0.0010851450109753845,0.012015395656983924,0.05127286330163285,-0.00030000000000000024
2020-06-09,-0.0012330280426620514,0.009595645355064148,0.0035797937487402195,-0.007485002915861117,0.06596622092794538,-0.00040000000000000034
2020-06-10,0.00235429926666161,0.014223142854853236,0.00745184274532322,-0.005595512422295134,0.0,-0.0008999999999999997
2020-06-11,0.0029280210908834464,-0.007240232329265166,0.003540371956937335,-0.05937767275165746,0.39170876180778363,-0.0008999999999999997
2020-06-12,-0.00683004994336145,0.0014153150353447643,-0.002221606828833019,0.011904606481094334,-0.12242115289168394,0.0004999999999999994
2020-06-15,-0.003200658370140185,-0.0017848491512042477,-0.0008239154062615614,0.009292388962217667,-0.0479592141463831,0.0
2020-06-16,0.007590147436824098,-0.0004929560183834836,-0.0020635640980882952,0.019064971997859344,-0.02144942994569364,0.00040000000000000034
2020-06-17,-0.006374216046632514,0.0019087937874243815,0.0015687143762456405,-0.004162620199074429,-0.005957627095808134,-0.00010000000000000009
2020-06-18,-0.002025784015529507,-0.0019703951105462295,0.0022246078023399956,0.0003847900313908399,-0.01596186863598208,-0.00030000000000000024
2020-06-19,-0.0028415210931360207,0.010972576221366465,0.00032912150198979916,-0.005731336849944313,0.06408305529479859,-0.00010000000000000009
2020-06-22,-0.0029877213296054883,0.006441427074830093,-0.0009053993291098318,0.006394813043401445,-0.10024827566350966,0.00010000000000000009
2020-06-23,0.009095057230979923,0.008384398864595731,-0.0003295648471156902,0.0045931755687564635,-0.012670413734777106,0.00010000000000000009
2020-06-24,0.0028917950091841924,-0.0034899960158010397,0.0018928823954612658,-0.025839627370125625,0.07579149029179619,-0.00030000000000000024
2020-06-25,-0.0054489396656502145,-0.0006028992986150158,0.00016488279123938687,0.010663358739985402,-0.04905612361179041,-9.999999999999897e-05
2020-06-26,-0.0025620007730021385,0.0044532193863769335,0.0027088462227404927,-0.02403791970129954,0.07501643794001076,-0.00040000000000000034
2020-06-29,0.0003367903676439813,0.0005403343600226875,0.0009831660338680153,0.014590449655637872,-0.08876667086055672,0.0
2020-06-30,0.0018989199031385483,0.004431086497931087,-0.0018033787981784483,0.012728152890674948,-0.04340820877712465,0.00020000000000000017
2020-07-01,-0.0010005176272754655,-0.004491160110102202,-0.0015615563292647658,0.006980466880618617,-0.06132317048603611,0.00029999999999999916
2020-07-02,0.0013717322924298595,0.0021582779375089872,0.001233109180595377,0.0054919138983701155,-0.03339566167701841,-9.999999999999897e-05
2020-07-06,0.0008319448626654612,0.005970880083946397,-0.001480145372218935,0.015319339810680375,0.009349231168656014,9.999999999999897e-05
2020-07-07,0.005820437088329796,0.0062904343270385864,0.0032036155473810723,-0.01036765867179211,0.051955199671667306,-0.00039999999999999926
2020-07-08,-0.0033317075936469443,0.006192353605402356,-0.0015594500561504484,0.00761986142476065,-0.046956996174339384,0.00020000000000000017
2020-07-09,0.005653583667688177,-0.002708063902871328,0.003198577255712287,-0.005709261828408298,0.041163826973734635,-0.0005000000000000004
2020-07-10,-0.004525481756836305,-0.0025972650920347735,-0.0019669719525556564,0.01015878059727103,-0.0697010351459887,0.00030000000000000024
2020-07-13,0.0019547842241859023,0.0012403879870823364,0.001065752028418637,-0.008696753172514305,0.16513543438034217,-0.00010000000000000009
2020-07-14,0.003129836355739189,0.004652728164010819,-8.174635323283106e-05,0.012875781514072062,-0.08658778740950648,-0.00010000000000000009
2020-07-15,0.005731084189124986,0.0008809438623464781,-0.0003279905542145856,0.009145211544743388,-0.06147187135554428,0.00010000000000000009
2020-07-16,0.0005684764957306626,-0.009496639325154646,0.0007375209976190256,-0.003298739775102174,0.008608366291577263,-0.00020000000000000017
2020-07-17,-0.0021988281362380624,0.008204262794308569,-0.0002455394284169414,0.002894851471638522,-0.08649201946965146,0.00020000000000000017
2020-07-20,0.004452839784056593,0.004808590336846309,0.0006554068848673327,0.008049176095500456,-0.04867339787609937,-0.00020000000000000017
2020-07-21,0.001374087699634121,0.011978962477666387,0.0010636167477844414,0.0021254272254446933,0.01541617037865467,-0.00010000000000000009
2020-07-22,0.006552908037431887,0.015087942737564556,0.00032755426098826033,0.005675853375261427,-0.021156218658487835,-0.00010000000000000009
2020-07-23,0.003003306800597305,0.008786586410813348,0.0009806529798483674,-0.012003712831645183,0.06986968958345077,-0.00010000000000000009
2020-07-24,0.002362799250454524,0.008542281441677423,-0.000490350197267536,-0.00646096226158576,-0.009245049313565495,0.0
2020-07-27,0.004859005509410978,0.019561196964697856,-0.0015542196453160707,0.007266089914223567,-0.04350232710665229,0.00030000000000000024
2020-07-28,0.009965846353997186,0.008306536040414038,0.0023711926455566475,-0.006363014934748076,0.027901401751899087,-0.00030000000000000024
2020-07-29,-0.0042983898977795604,0.007482169283186,0.0013062152986358516,0.012224042096138067,-0.054110903139523485,-0.00010000000000000009
2020-07-30,0.0054524132545194165,-0.007427778888433159,0.001385328003050316,-0.003574299531822676,0.027017600735182976,-0.00029999999999999916
2020-07-31,0.007557730482728887,0.009046884353027699,0.0002445615275323647,0.007871059585321865,-0.0121903642309584,0.0
2020-08-03,-0.007604877620557198,0.0011318982444248418,-0.000489182880036842,0.006927929552619768,-0.007386098357863181,0.00010000000000000009
2020-08-04,-0.0016128392275391056,0.021054515412853855,0.00341862217520863,0.0038553169869341634,-0.02164949034407163,-0.00040000000000000034
2020-08-05,0.004420992329538805,0.009240417270834134,-0.0033370033569908534,0.006192059263920883,-0.03294417530814074,0.00030000000000000024
2020-08-06,0.004844217313191569,0.013186741026147282,0.0011404601674601348,0.006662144617225486,-0.014899493732264915,0.0
2020-08-07,0.0003086983850073394,-0.016012829047696377,-0.0021193926768760746,0.0007176926460830372,-0.019617238402179573,0.00019999999999999906
2020-08-10,-0.007925657651976599,-0.0034649534714478046,-0.0010612394267373885,0.0029843287544804213,-0.003608480544858315,0.00020000000000000017
2020-08-11,-0.0038221210488238013,-0.05518972671897942,-0.003437446491463241,-0.008289137680030196,0.08236896218281374,0.0005000000000000004
2020-08-12,-0.00010562834554598832,-0.004679132411383586,-0.0029558476527255717,0.013846328249252882,-0.07561363244488703,0.0004999999999999994
2020-08-13,0.004867204375342793,0.023343474417206588,-0.0020573957256913083,-0.001809649320218415,-0.0067553297379267675,0.00020000000000000017
2020-08-14,0.0019277181561497953,-0.004318527254207777,0.0004938655994746992,2.9929271246631294e-05,-0.003621548847649006,0.0
2020-08-17,0.0030415396512393574,0.02146194877539166,0.0016460503980621243,0.003171639779642912,-0.03226080975035776,-0.00020000000000000017
2020-08-18,0.0020169448636142393,0.008967673573403242,0.001724784813279832,0.0021580462498961162,0.007466196378288464,-0.00019999999999999906
2020-08-19,0.005991819503850231,-0.03207438281593007,-0.0013139482373775992,-0.004172747903571577,0.04677359530916762,0.00010000000000000009
2020-08-20,-0.008772937668035469,0.006890137653281407,0.0028720767658780245,0.003108865758779133,0.007954014401352488,-0.00030000000000000024
2020-08-21,0.002543704941241629,-0.008043165542872153,0.0007374228810738143,0.0035410696531934173,-0.007954014401352563,-0.00010000000000000009
2020-08-24,-0.006391340754740066,-0.005674470685927035,-0.0013931583399107842,0.010082086790303589,-0.007570736211465015,0.00010000000000000009
2020-08-25,-0.00029498449271552575,0.0012147382641175607,-0.002380742445900414,0.0034934319057776104,-0.01531562103515096,0.00039999999999999926
2020-08-26,0.00342631292556195,0.011739667325137905,-0.00041104880069287286,0.009975535935754058,0.054759805003130275,0.0
2020-08-27,0.0006511822732343915,-0.011629286747359606,-0.003542273160611844,0.0021842004315980232,0.050282852407834186,0.0005000000000000004
2020-08-28,-0.0019521980310365427,0.017230926299239783,0.0016492259308151702,0.006438612317404104,-0.06369431781739188,0.0
2020-08-31,0.008308183307316435,0.00238341719432408,0.0010704423975404747,-0.0036290600826292254,0.13998918895490434,-0.00020000000000000017
2020-09-01,0.0017415756438499876,0.001189581722410416,0.0032723691181496635,0.009374535796846932,-0.011041383993239473,-0.00039999999999999926
2020-09-02,-0.0013243685869996468,-0.013218610873058246,0.0013942830749392942,0.01436030931689286,0.01708141174784904,-0.00020000000000000017
2020-09-03,-0.006382304050645197,-0.008137254873336977,0.0013110305239107027,-0.035020536935257356,0.23474327327010025,-0.00030000000000000024
2020-09-04,-0.0006395501907557035,0.0027564932922231992,-0.005582721896545099,-0.00819819716477044,-0.08863602730356801,0.0008999999999999997
2020-09-08,-0.0010763825397819159,-0.0019287808618004912,0.0021381988110461755,-0.027703012885865522,0.022826874276290363,-0.00030000000000000024
2020-09-09,-0.004364450442230898,0.009661434230238847,-0.0004926525284777272,0.019554856757775966,-0.087994337969611,0.00020000000000000017
2020-09-10,0.0030650000384232798,-0.0032283485242562797,0.0012318620151265695,-0.017515972788704502,0.030761128099848593,-0.00029999999999999916
2020-09-11,0.0015241955964892995,-5.4861557792618405e-05,0.001558264923467353,0.0005087010754616467,-0.10047320479855545,-0.00010000000000000009
2020-09-14,0.0015501619098305707,0.00786160327773618,-0.0009018004690156284,0.013085131798729199,-0.03869983814901202,0.00010000000000000009
2020-09-15,0.0023001587836135036,-0.0023956152677241513,-0.0004921095424203505,0.005039695653280708,-0.010108959576996254,0.0
2020-09-16,-0.0021580365093011983,0.0028305733071044767,-0.0005748551203756964,-0.003976281161268709,0.01743219636437699,9.999999999999897e-05
2020-09-17,-0.0034643925057169208,-0.005505121062685115,0.0003284569427785571,-0.008834265620639303,0.016000271587512268,0.0
2020-09-18,0.003784194404350613,0.001310849171618332,-0.0009037149375128678,-0.011579502823872373,-0.024097519932326495,0.00010000000000000009
2020-09-21,-0.00022509848153577297,-0.020291789448272826,0.0018063976251533635,-0.011192058292726148,0.07277975788940454,-0.00019999999999999906
2020-09-22,-0.006566912063439029,-0.004858095828927072,0.0,0.01013301406798378,-0.0336781482249285,0.0
2020-09-23,-0.005080188782394758,-0.021843335368817322,0.0,-0.023464052108241266,0.06206895601370426,0.0
2020-09-24,-0.004264457091039797,0.0037119030895910897,0.0004920750041187019,0.0026618804840807964,-0.0024522588795285157,-0.00010000000000000009
2020-09-25,0.0012599555256344206,-0.0028540460781505306,0.000819275300558176,0.016037816509660206,-0.07764879547678227,-0.00010000000000000009
2020-09-28,-0.0032515291017523847,0.010010290107421884,-0.0001637437616856573,0.016472700726202903,-0.007228436564641337,0.00010000000000000009
2020-09-29,0.003730263732286211,0.008397048385655496,0.0007370676337840889,-0.005460871699798469,0.003049942211505981,-0.00010000000000000009
2020-09-30,0.005398432735944618,-0.006022969047958764,-0.0027053135988499804,0.007553617087425084,0.0037994110677157717,0.00029999999999999916
2020-10-01,-0.0013611364287141254,0.008880963695329078,0.0005667588826442122,0.006399200283826429,0.01243656179021089,-9.999999999999897e-05
2020-10-02,0.0016077063645410661,-0.0008957769408936138,-0.000985993433191543,-0.009539864389253722,0.03423851458061793,0.00019999999999999906
2020-10-05,-0.002088376631710885,0.004861081696310086,-0.006347548115326898,0.01757754042624845,0.011872776060093631,0.0008000000000000007
2020-10-06,0.006125130992924238,-0.011830479550692698,0.0023127254449417105,-0.014317737587557331,0.05293716717176936,-0.00020000000000000017
2020-10-07,-0.0046590314432261234,-0.00045132478533539146,-0.0028915072761594284,0.017257020797466497,-0.049366996151583034,0.0005000000000000004
2020-10-08,0.002538556036391257,0.0035486272055745486,0.0018186376504626268,0.008823634044940855,-0.062497322852846836,-0.00030000000000000024
2020-10-09,-4.001590303448758e-05,0.017998399966815504,-0.0004955981745948581,0.008890170301704137,-0.05297190792056515,0.00010000000000000009
2020-10-12,0.0042262424063774584,-0.0028758136916344685,0.0010735462097414964,0.015959656448020904,0.0027960751290542016,0.0
2020-10-13,-5.911793222122852e-05,-0.015853834051583145,0.0022267039436812464,-0.00654766355462819,0.03911331624214154,-0.0005000000000000004
2020-10-14,-0.006278180816362914,0.0030899939936110464,0.0003290723592819886,-0.0063032241313037436,0.012578779463263242,-0.00010000000000000009
2020-10-15,0.00015267773840009084,0.003639489400711449,-0.0010708769064214005,-0.001236322665144669,0.021361115989374953,0.00010000000000000009
2020-10-16,-0.0031425047396492416,-0.0034712263457632483,-0.0005774524643072085,-0.0006047052047474621,0.016182793055790443,0.00020000000000000017
2020-10-19,0.00071446274989687,0.0005046193567768562,-0.0016508331471028345,-0.015320198602728803,0.06257564880520325,0.00020000000000000017
2020-10-20,0.004544144882611173,0.004809318137998378,-0.002149990894035606,0.003998089380940908,0.005809005718342171,0.00030000000000000024
2020-10-21,0.005168120008133394,0.00750319529892209,-0.0013255237931849536,-0.0018949334209896382,-0.02413912942544642,0.00019999999999999906
2020-10-22,0.002036803587023197,-0.009849030639627046,-0.003487709103375465,0.005470312018927624,-0.019028023214514696,0.00040000000000000034
2020-10-23,-0.0032899579374845926,-0.0010630400237792174,0.0014130497337314348,0.003389470375745353,-0.02012289872538824,-0.00020000000000000017
2020-10-26,0.00282765456409247,-0.0005039129828936211,0.002654860464540801,-0.01865308006599553,0.1640060259756381,-0.00039999999999999926
2020-10-27,-0.003300162903845182,0.002628864176270774,0.002234448873566792,-0.0034530087533693322,0.027049192726482263,-0.00020000000000000017
2020-10-28,-0.0021470612785488377,-0.01627516884164325,-8.285666850440206e-05,-0.03477697331488791,0.18879731093678007,0.0
2020-10-29,-0.003012149800032766,-0.004153341326592121,-0.004224828171579871,0.010112252330495484,-0.06911697590956647,0.0005999999999999994
2020-10-30,-0.005973974709475419,0.004550651041840146,-0.0032432593529454165,-0.010479669905706243,0.011374287465003755,0.00030000000000000024
2020-11-02,-0.0031366510442316082,0.00965812884851217,0.0017154168799263265,0.011146495840082746,-0.02368705214446384,-0.00010000000000000009
2020-11-03,5.826095554634443e-05,0.0056609432999779495,-0.0022488585584537414,0.017501672949389133,-0.04348516216767041,0.00030000000000000024
2020-11-04,0.010204356761020732,-0.0005590140649358909,0.00838663468707058,0.022103112153078888,-0.18417981124429092,-0.0012
2020-11-05,-0.002513986342437094,0.022723771699055755,-0.00016516188497641725,0.019314897497215884,-0.06966945394505564,0.00010000000000000009
2020-11-06,0.007206380695062468,0.0014203529597109255,-0.0033966158385238306,-0.00022843818604359516,-0.10383075896476188,0.00039999999999999926
2020-11-09,0.006366183456068054,-0.045280856143465276,-0.007413477150538277,0.012487522781115666,0.0351745164756294,0.0013
2020-11-10,-0.0055386456714018525,0.0033073065556014952,-0.0028468083057177165,-0.0014675724377716153,-0.03759100470249673,0.00020000000000000017
2020-11-11,-0.000721221293889815,-0.00433598220930235,0.00159208931324122,0.007401155829539973,-0.05597309498022908,0.0
2020-11-12,-0.0032625230156320003,0.006042387508780373,0.005675931679289652,-0.009748410735239414,0.07790821765828819,-0.0009999999999999998
2020-11-13,0.0019586090254565085,0.006796565090032186,-0.0013327341037823802,0.013749631655934642,-0.09294611104371886,0.00010000000000000009
2020-11-16,0.00354019285936168,-5.650286865533134e-05,-0.0007503206561835939,0.01240501955195557,-0.02854198586938602,0.00020000000000000017
2020-11-17,0.0011970869835477517,-0.0036759204841880807,0.002582217286958374,-0.005392699978643099,0.01151466763142195,-0.00040000000000000034
2020-11-18,0.0003558725515353005,-0.005738783845972931,-0.0003329421525144136,-0.012107827265952614,0.04855953279402306,0.00010000000000000009
2020-11-19,-0.0013516014389545322,-0.0018822296869570197,0.0010816204564137693,0.004201329832400341,-0.031099397900646572,-0.00020000000000000017
2020-11-20,0.0015888129539181797,0.003021229432643738,0.0017444236328332335,-0.006871185563602904,0.025209629635621903,-0.00030000000000000024
2020-11-23,0.0,-0.019890324232127853,-0.001993677469229408,0.005976299531880638,-0.04487383146656208,0.00030000000000000024
2020-11-24,-0.0020033468877050592,-0.015447030279527764,-0.0015814167759508372,0.01598541840361727,-0.04605782309256614,0.00020000000000000017
2020-11-25,0.004867342357784169,-0.0004718480371509017,0.0003331185065338695,-0.0015432088529866827,-0.018186530403068956,0.0
2020-11-27,-0.00033608257865220067,-0.010198732236165305,0.0029927191627584205,0.002781368359438418,-0.01948267116338398,-0.00040000000000000034
2020-11-30,0.004643726768977662,-0.006697358920117144,-0.0006644290632218617,-0.004437161156153667,-0.0130405353781403,0.0
2020-12-01,-0.0027854849009629613,0.02084085881536413,-0.005333511308733737,0.010878085261290351,0.009675971098775943,0.0008000000000000007
2020-12-02,0.01134569984525999,0.007493385024315116,-0.0016727518960536188,0.002101587844617078,0.019075428822967075,0.00029999999999999916
2020-12-03,0.0033258801250090177,0.007842668530553789,0.0026750322977383157,-0.00027271438050650897,0.005182607989974634,-0.00029999999999999916
2020-12-04,0.002559485522245511,-0.00283945502654119,-0.003931563701340331,0.008580879168873746,-0.023295550833789355,0.0004999999999999994
2020-12-07,-0.0020020007037437897,0.014803945459514797,0.0030964120263281885,-0.0020569765039795272,0.02423489098979527,-0.00030000000000000024
2020-12-08,-0.0006786241721560766,0.003481841534737405,0.0010021129897312016,0.002921629769451352,-0.029539972499347485,-0.00019999999999999906
2020-12-09,-0.00018158890339934348,-0.017241806434506103,-0.0014205738034420608,-0.009009027687730023,0.07407343742717004,0.00029999999999999916
2020-12-10,-0.002660881592207315,-0.0019148863181888906,0.002254743007220469,-0.0003271587129936224,0.011163321774025342,-0.00029999999999999916
2020-12-11,0.005411394685255718,0.001856945469586849,0.0019996973497982138,-0.001173535471186771,0.0344786065380977,-0.00020000000000000017
2020-12-14,-0.0008971006575494956,-0.005522859199322822,-0.0005831243373286032,-0.004487113741517105,0.05873017467599678,0.0
2020-12-15,0.0012760274826384625,0.013893989774039692,-0.0009996395084199553,0.013428733218966411,-0.07691249751264309,0.00020000000000000017
2020-12-16,0.0004447932579340932,0.005503920929853093,-0.0008341141061602509,0.001568102394461249,-0.01718479808955007,0.0
2020-12-17,0.003718838418115041,0.01046541004295572,-0.0007262551806070748,0.005576448387898854,-0.025659732864673365,0.00019999999999999906
2020-12-18,0.0051614926845374685,-0.0016988680965652808,-0.0008358570308750203,-0.00400067830337731,-0.01655213009279471,0.00010000000000000009
2020-12-21,-0.0038064083361426973,-0.0031789169989821435,0.0006689173257171861,-0.003581952753573203,0.1539519795146319,0.0
2020-12-22,0.0016994360559733645,-0.007934507183398202,0.0016696069821276328,-0.001686934686404415,-0.03766390983153792,-0.00019999999999999906
2020-12-23,-0.004115299835438132,0.006625879072275585,-0.002088287464771488,0.0008980489387516674,-0.038709085799429485,0.00029999999999999916
2020-12-24,0.0003900283455694203,0.003977347328631379,0.0014204132248985478,0.0038831412127476868,-0.07943508686780049,-0.00020000000000000017
2020-12-28,0.0016708003921992543,-0.003635744312567208,8.349953050086696e-05,0.00855406335378865,0.007864952436142986,0.0
2020-12-29,0.001502332029679512,0.003635744312567162,-0.00016707922393362492,-0.0019096018259461905,0.06165414262935506,0.0
2020-12-30,0.0024109354771881916,0.007626026694655132,0.000667710620334053,0.001425823606485734,-0.013522538154813975,-9.999999999999897e-05
2020-12-31,0.003824067102786903,0.0037072651943418997,0.0006671919877958656,0.005067992162449575,-0.0008787547824950818,0.0
2021-01-04,0.005765555261008046,0.02201425891234798,0.0002500914103711722,-0.013707721208611849,0.1701599662950751,0.0
2021-01-05,7.356226640494462e-05,0.0029572490918935946,-0.002336207362165149,0.006863929380556924,-0.062340930777420096,0.00029999999999999916
2021-01-06,0.003965123188171507,-0.016374384156319522,-0.005865134963142608,0.005960818531548905,-0.010712280917359632,0.0008000000000000007
2021-01-07,0.003314261048349765,-0.0023373497260989994,-0.0035358416754533504,0.014747647321928707,-0.11395108697919597,0.00040000000000000034
2021-01-08,-0.005660827653219397,-0.03480879472366203,-0.002871321449486855,0.005681926798839893,-0.03688109174802423,0.0004999999999999983
2021-01-11,-0.006970396164782812,-0.001963368081678198,-0.001946986661052007,-0.006763762806872537,0.11054189600223238,0.00020000000000000017
2021-01-12,-0.0020950213174325376,0.006453094143516468,-0.00016940493436860683,0.00021128531095629746,-0.03164153450913615,0.0
2021-01-13,0.003955158044529991,-0.004316677807613859,0.003468855245716675,0.002689485585014418,-0.0491974860781978,-0.0004999999999999983
2021-01-14,-0.003808028393292716,-0.0005192346256867747,-0.0022831776097536295,-0.0035083891589548877,0.045762535348432325,0.0004999999999999983
2021-01-15,-0.0009239134183000088,-0.012485246085867416,0.0027052441049282834,-0.007319229088877886,0.04581596179503342,-0.0003999999999999981
2021-01-19,0.0007605172831768469,0.008437377567923208,0.0005907123368364376,0.007821404391341533,-0.04624617169330436,-0.00010000000000000009
2021-01-20,0.0050853733131119285,0.016151154600027997,0.00042193511456332163,0.013743809414534397,-0.07410796584050658,0.0
2021-01-21,-0.0019161371485267263,-0.0006273739671711188,-0.0014347139465743035,0.0009113300145762382,-0.012121371311005128,0.00020000000000000017
2021-01-22,0.004172884115166977,-0.007904302060517928,0.001518857799190875,-0.0035458535760334374,0.027297561659488975,-0.00020000000000000017
2021-01-25,0.00025913209312755636,0.0008622455288576803,0.004039879754367271,0.003936181667270158,0.05677802765401989,-0.0005000000000000004
2021-01-26,-0.0019087660606736155,-0.002473656951145883,-0.0003362181470963972,-0.0015623127501354997,-0.007357751117878455,0.0
2021-01-27,0.0013782815622589177,-0.006355778295441206,0.001175717457357516,-0.024744211391007784,0.4802140945749818,-0.00010000000000000009
2021-01-28,-0.004773378169334243,0.000926931727635592,-0.0026052246948471067,0.00856346277041709,-0.20840455266105468,0.00030000000000000024
2021-01-29,0.0012354407583351585,-0.0004054103376829626,-0.0017681835897571175,-0.02022265055526004,0.0910581614516798,0.00040000000000000034
2021-02-01,0.0003151851458534282,0.00934152297824149,0.0012474598317519377,0.01650849649328317,-0.09006558280233154,-0.00020000000000000017
2021-02-02,-0.00456032922487926,-0.012242430084677477,-0.002530366657559144,0.014041437376444444,-0.16813693512742764,0.00030000000000000024
2021-02-03,-0.0024589779925830125,-0.0015117720158050482,-0.0024519245724571883,0.0007858327224910305,-0.10945511880997491,0.000299999999999998
2021-02-04,0.000276917273947226,-0.021765636924135134,-0.0003388197509501203,0.01130161274892552,-0.051040593531359875,0.0
2021-02-05,-0.006302406474781382,0.009823748692690917,-0.00211928025304148,0.003928130362982281,-0.0422201349721882,0.00040000000000000034
2021-02-08,0.006832463888964413,0.01001975221091292,0.00042427497252455637,0.007195892425689263,0.01757342429621931,0.0
2021-02-09,0.0004001279473606964,0.0032595928083516256,0.0007629742485363541,-0.000666163996282809,0.018195015567699823,-0.00010000000000000009
2021-02-10,0.005493380213142898,0.003654430629279855,0.002539718143578902,-0.00043581206225588545,0.016506592992762147,-0.00030000000000000024
2021-02-11,0.0001006147186412552,-0.008723013798522866,-0.0007614089233621765,0.0016140822789803531,-0.03423089878779304,0.00010000000000000009
2021-02-12,0.0008488716587744375,-0.003041852351548402,-0.0033052122111466168,0.004927702387395426,-0.062125782326553906,0.00040000000000000034
2021-02-16,0.0008330887385099504,-0.014457496034195686,-0.007242446975157771,-0.0008665047851200199,0.07195958149664121,0.0010000000000000009
2021-02-17,-0.0032787569674480477,-0.011417786234196115,0.0006834535347818372,0.00022935353527436185,0.0018622405931039336,-0.00010000000000000009
2021-02-18,-0.0036849485827756168,-6.0090224343136566e-05,-8.520959168648597e-05,-0.00426496109943975,0.045017820660557956,0.0
2021-02-19,0.003636543984999715,0.004139970385631239,-0.004024565761975337,-0.0017677550001841446,-0.019758188501749405,0.0005000000000000004
2021-02-22,0.0028456766837020647,0.014858231751961605,-0.0016320237152990334,-0.007721406278197779,0.06155796013459353,0.00030000000000000024
2021-02-23,0.003329382255763756,-0.0023033964742125187,0.00077353054138602,0.0012137853596579581,-0.014605076730018152,0.0
2021-02-24,-0.001204987918721342,-0.0007097783269727351,-0.001375169115021351,0.010959026928899974,-0.07968219767307105,9.999999999999786e-05
2021-02-25,0.001580961359324078,-0.018995808065307287,-0.013419717161211018,-0.024390847765850727,0.30291224032747205,0.0016000000000000014
2021-02-26,-0.0009002015062184444,-0.024480114534154506,0.008937747330842044,-0.005165977217727388,-0.03307826645371294,-0.0010000000000000009
2021-03-01,-0.005844176882910137,-0.0017319159550744983,-0.0011245286035733275,0.02395109453137888,-0.17982022644574983,0.00010000000000000009
2021-03-02,-0.0031866658408165566,0.005433148366520264,0.001815400373713949,-0.007833904193719968,0.031614855873289195,-0.00030000000000000024
2021-03-03,0.002848097048624638,-0.011082728374520621,-0.005369196913084216,-0.013334330000162592,0.10132748472935964,0.0005000000000000004
2021-03-04,-0.0028842034545033873,-0.00988559566723337,-0.004962482899062455,-0.012451769069750096,0.06881786450640696,0.0007000000000000006
2021-03-05,-0.00690519775863099,0.0006286134207733884,-0.0013975042366473646,0.018229382686542724,-0.14717471401246487,0.00020000000000000017
2021-03-08,-0.0035242896042219775,-0.010422315048141234,-0.0039407821821082845,-0.004991169352284777,0.0323187704838435,0.00030000000000000024
2021-03-09,-0.006217744884170941,0.02104806019448947,0.004727109055444398,0.014176399054266148,-0.05819818370948532,-0.00040000000000000034
2021-03-10,0.003890155314310437,0.005085327698430273,0.0020935740249121305,0.006205390875108727,-0.06312467536579736,-0.00020000000000000017
2021-03-11,0.0023633748120306186,-0.0008663865026826478,-0.0003485611546216432,0.010088307794463151,-0.029235256314019607,0.00010000000000000009
2021-03-12,0.005021504926535071,-0.00018574519969141986,-0.00726202234074632,0.001345747554892839,-0.05729262907326568,0.0009999999999999987
2021-03-15,-0.0030159811771838406,0.004386867610048303,0.0012285839857500529,0.005945732725509262,-0.03241933361122549,-0.00019999999999999795
2021-03-16,-0.002029413754968581,0.0009244132771239594,-0.0001754196116096446,-0.001262081668598237,-0.012054378081987694,0.0
2021-03-17,-0.0020252271693676203,0.0071195808075622735,-0.0016680998016489258,0.0034040211787026457,-0.028705270080567794,9.999999999999786e-05
2021-03-18,0.006794990677772875,-0.0058269675795917875,-0.006257647430861947,-0.014656300151732343,0.11529542049856295,0.0008000000000000007
2021-03-19,-0.005401606379240041,0.004174394816826358,-0.0006191774911079406,-0.0018522359918514229,-0.02962827350928402,0.00030000000000000024
2021-03-22,-0.0029514157086693777,-0.0014713433816878438,0.003267898915908581,0.007953395708179845,-0.10403556651887166,-0.0005000000000000004
2021-03-23,0.004191626170597192,-0.007327408483150656,0.004926247916119047,-0.007901886704075697,0.07251773219808452,-0.0006000000000000005
2021-03-24,-0.0078093163477120295,0.003454859203276189,0.0013151284375899877,-0.005096453882609798,0.04338036920115944,-9.999999999999786e-05
2021-03-25,-0.002294449520728023,-0.0036402714825327686,-0.0013151284375899652,0.005609637293618072,-0.06781438391420826,9.999999999999786e-05
2021-03-26,-0.0030901862514860034,0.002839374216722469,-0.00334031440592949,0.015986422865641333,-0.04914352418393228,0.00040000000000000034
2021-03-29,0.0009661342348527806,-0.011967328788777756,-0.0034396187726783963,-0.0005051251740702458,0.09502088219807715,0.0006000000000000005
2021-03-30,-0.0014430194363622135,-0.01723957501602924,-0.0008835329880391364,-0.002656515251579494,-0.05602452043285265,0.0
2021-03-31,-0.004035176121666364,0.015053975494509144,-0.0014160073622736422,0.004045243316161771,-0.0107666249268658,0.00010000000000000009
2021-04-01,0.00044567955889988594,0.012549018493591777,0.0044207461128174955,0.010741159740658483,-0.1128339470808001,-0.0005000000000000004
2021-04-05,-0.0010007294698471864,-0.00037046965366193687,-0.0028272110268551887,0.014251134755231279,0.03292010822782251,0.00010000000000000009
2021-04-06,0.00430470340840242,0.007996616729269289,0.004853717159123769,-0.0005907724414697516,0.011657139377224394,-0.0006000000000000005
2021-04-07,0.004667518332491089,-0.0028223021365765604,-0.0006162778378845967,0.001156444673820353,-0.05443526176239321,0.00010000000000000009
2021-04-08,-4.7487154005886665e-05,0.010694635856861524,0.003429204282611005,0.004735632714582154,-0.01231320633011249,-0.00040000000000000034
2021-04-09,0.0035326838721787264,-0.007566026934120144,-0.0026367517424416855,0.007243916339020557,-0.015458109165233273,0.00030000000000000024
2021-04-12,-0.00127417156305379,-0.006082067490100263,-0.0006163233890252301,0.0003644852622896163,0.013095384214556818,0.00020000000000000017
2021-04-13,0.0011907313782124399,0.007061488473290135,0.004130935769729832,0.0029593081553815443,-0.015494960371601146,-0.0005000000000000004
2021-04-14,0.00330576270865255,-0.0043537794872208335,-0.0012288519040432448,-0.003420911338239057,0.020214728696920783,0.0
2021-04-15,0.00266938663461784,0.0160335365383925,0.006390478983764924,0.010685046420227245,-0.025031109191174968,-0.0007999999999999985
2021-04-16,-0.001197872792266197,0.0060295628147861114,-0.002708291109375022,0.0033370048598022456,-0.0195009042453573,0.00030000000000000024
2021-04-19,-0.0001915020593817065,-0.0027691247303623773,-0.0010506818351226964,-0.004925289241848318,0.06203544387071455,0.00020000000000000017
2021-04-20,0.006315822590865152,0.003550241996940974,0.0029735981241011773,-0.0073482575943080745,0.07732509649126852,-0.00030000000000000024
2021-04-21,-0.0010714026456539285,0.009862362310853667,0.0005237281233545638,0.009417506856298993,-0.06525256820826132,-0.00010000000000000009
2021-04-22,0.0004452368864991329,-0.00650425423162094,0.0007851164084631091,-0.009175272695215236,0.06685721042401424,0.0
2021-04-23,-0.0019122059613187559,-0.0038387727937765547,-0.001308844531817638,0.010784112044361305,-0.07661899202838841,0.00010000000000000009
2021-04-26,0.006231051392350071,0.002640755671589698,-0.001048815346652055,0.002085680779670525,0.017729916653121687,0.0
2021-04-27,-0.0006768412074528475,-0.0025205449092440876,-0.003941597301849954,-0.00021573657122542466,-0.004545458184549777,0.0004999999999999983
2021-04-28,0.0007143095577937462,0.002940064461277065,0.0013156183332265643,-0.000287408054100125,-0.016073754681327553,0.0
2021-04-29,0.00376599054132821,-0.004142547462168167,-0.001754645141923403,0.0063527468680248935,0.018917154055148863,0.00020000000000000017
2021-04-30,-0.0007279412418516312,-0.003374702192485256,0.0008775538792597625,-0.006592394995886395,0.055232146283638574,0.0
2021-05-03,-0.008224575158544535,0.01289485518814097,0.0017016072646856807,0.0021545340351285954,-0.016251773932244876,-0.00020000000000000017
2021-05-04,0.002782257454785237,-0.007356686965198023,0.0013135729739720305,-0.006188620297969595,0.06194094519634577,-0.00019999999999999795
2021-05-05,-0.003840141391094418,0.00413361336698124,0.0012247829897478663,0.00031300265301654047,-0.017085579008662154,-0.00020000000000000017
2021-05-06,-0.000588627419968323,0.016542002735280385,0.00043693913258795994,0.007953790313417624,-0.04049569027965366,-0.00010000000000000009
2021-05-07,0.00503198317631046,0.00895658735382193,0.0003492916832662584,0.007251546891818309,-0.09699723575450897,0.00020000000000000017
2021-05-10,0.008459516107695119,0.0030259218728549953,-0.0020110138056020866,-0.009951684686824534,0.1637763372852811,0.000299999999999998
2021-05-11,-0.002479800741129696,0.0001742848474817966,-0.0016641047099769902,-0.00896481098391669,0.10515705090564602,0.00010000000000000009
2021-05-12,0.00029383327808927054,-0.009983483413452903,-0.0048333338022967685,-0.02147420443352989,0.233710235896416,0.0005000000000000004
2021-05-13,-0.005448904780959188,0.004098917859921596,0.003341990458596417,0.011941020571525716,-0.17632295379972707,-0.00030000000000000024
2021-05-14,-0.00010027954906675598,0.009074563611959028,0.0021924372106243727,0.015238591387624931,-0.20674182503929742,-0.00030000000000000024
2021-05-17,0.0060326971844055525,0.011572105937362132,-0.0009642458712351094,-0.0025478477130398765,0.04724469943401588,0.00010000000000000009
2021-05-18,0.0005347615740198004,0.0019442812059788442,0.0,-0.00865288101219042,0.07894993866919349,0.0
2021-05-19,0.00550632825897061,0.0006853819629941132,-0.002986085455070443,-0.0026253320519423135,0.038607742657343125,0.00040000000000000034
2021-05-20,-0.004192610282990834,0.004556871795741219,0.004125757814209387,0.010700467696739196,-0.07050761829654915,-0.0005000000000000004
2021-05-21,0.00430631296814461,0.00045446916842239933,0.0003500715323554878,-0.0008188541073927076,-0.02547910792353214,0.0
2021-05-24,-0.0034538002924195703,0.001759487487714246,0.0009629641485517156,0.010142390620651266,-0.09085362557830234,-0.00019999999999999795
2021-05-25,0.002573974062547223,0.009031903514378268,0.0036668665062852927,-0.0022210243935054785,0.023631633364472257,-0.0005000000000000004
2021-05-26,0.002817025025208322,-0.0017435678186662285,-0.0011335499710707485,0.001982622213982329,-0.0818135328566583,0.00020000000000000017
2021-05-27,-0.004623097322663016,0.0003940189892895408,-0.001746612345333856,0.0005246747493609757,-0.03636769300212449,0.00030000000000000024
2021-05-28,4.868920925875243e-05,0.0037630876338542248,-8.73725258910154e-05,0.0017872519885163082,0.0011940573217919478,-0.00030000000000000024
2021-06-01,0.003504687261543158,-0.0026945732480542135,-0.0001836371365932414,-0.0008812754377715133,0.06580558282518024,0.00040000000000000034
2021-06-02,-0.0012347715654755192,0.004878526963101577,0.0011366017751179903,0.0015712627373572056,-0.02374334749601523,-0.00030000000000000024
2021-06-03,-0.0006473941004048983,-0.019772420864664846,-0.0025371601385256255,-0.003718085981779782,0.0315342213447932,0.0003999999999999981
2021-06-04,-0.0063144302989845795,0.010725633264657355,0.0055039284936870434,0.009104323120702517,-0.09409145671364344,-0.0006999999999999984
2021-06-07,0.0029137387666367726,0.003999619209610979,-0.0007844559003408534,-0.0009708141560687487,0.0,0.00010000000000000009
2021-06-08,0.0020707212423165646,-0.003096867753862795,0.002873613411801037,0.00021319573325577474,0.03882241025776176,-0.00040000000000000034
2021-06-09,-0.001705667883123736,-0.0019193434836643904,0.0031253860332536,-0.0014929380543909263,0.04691934447526731,-0.00030000000000000024
2021-06-10,0.0007514316319798007,0.004285131517665339,0.0035471933989987773,0.0046374556500150274,-0.10542256771952595,-0.0005000000000000004
2021-06-11,-0.0007757186750589432,-0.011316177890912231,-0.0014692682148345006,0.0016512285401927172,-0.02834840307308947,0.00020000000000000017
2021-06-14,-0.005135737081496744,-0.005878166410042197,-0.003118964158591382,0.0022363867774953324,0.046200462905372656,0.00040000000000000034
2021-06-15,0.0009934254397854871,-0.0037848631237422004,0.000173632318005352,-0.001835724802185789,0.0377177945243885,0.0
2021-06-16,0.00040016097426804237,-0.01703600368035545,-0.006877229532058494,-0.005599080520896535,0.06428138965238342,0.0006000000000000005
2021-06-17,-0.010903186645947914,-0.03122282591641038,0.0035751789387110365,-0.0003315157290132909,-0.02228502377181922,-0.0005000000000000004
2021-06-18,-0.0068737695746302375,-0.005562705142465907,0.0056414768665670354,-0.013582305566752427,0.15374822120687637,-0.0007000000000000006
2021-06-21,-0.003342081870940971,0.012173251058176099,-0.0032072065710708293,0.014214351149259967,-0.14589187372458626,0.0005000000000000004
2021-06-22,0.0032705342094358175,-0.00420166857422807,0.0018215378343103541,0.005332111524362004,-0.07123123582395531,-0.00020000000000000017
2021-06-23,0.002027168217937988,-0.0006618767987564016,-0.0019951691167290984,-0.0012060495557048507,-0.020619296743295247,0.00020000000000000017
2021-06-24,-0.000298348979723717,-0.0006021199876096117,-0.00017404097338812654,0.005898160858657853,-0.021679351888891696,-0.00010000000000000009
2021-06-25,-0.00023858341510828802,0.003306999189259349,-0.0020865980396893593,0.0035459362212831424,-0.022159841862596074,0.0005000000000000004
2021-06-28,0.0009907275906234155,-5.999643961855651e-05,0.0031284182753421427,0.0020137721931597283,0.008922961867715495,-0.0005000000000000004
2021-06-29,-0.0011100406473405179,-0.010561034647227364,0.0005207307465585518,0.0005378192917472981,0.016362871262031953,0.0
2021-06-30,-0.0022639479292535175,0.004841763592293601,0.0015594321866384557,0.0008413760182660855,-0.011931101141382797,-0.00040000000000000034
2021-07-01,-0.0038013635275334565,0.0034354496150826534,-0.0007191328627740028,0.005521369607546699,-0.02235803048305722,0.00030000000000000024
2021-07-02,-0.0008888767430043352,0.0065369291506959725,0.003635096252610119,0.007614526814550297,-0.02684284620242955,-0.00040000000000000034
2021-07-06,0.0006404732242416305,0.004949187883217545,0.005256013692687069,-0.0018231985468208764,0.08701142972543527,-0.0006999999999999984
2021-07-07,-0.0033164595271548305,0.0037995736126820853,0.002918009654787415,0.0035280186221382783,-0.01470613277992456,-0.00040000000000000034
2021-07-08,-0.002635657052069856,-0.0006520293887520076,0.0025672583051147293,-0.008181400673562446,0.15942768983307518,-0.00030000000000000024
2021-07-09,0.004619447070696502,0.0033150614410246745,-0.005055369583462096,0.01061807669143721,-0.16066304867479828,0.0007000000000000006
2021-07-12,0.0021040698794469346,-0.0012418718351821449,-0.0005154648766370893,0.003575703206812196,-0.0006182521843864019,9.999999999999786e-05
2021-07-13,-0.0006528392208572587,0.0013009357869861221,-0.0030992097790094536,-0.0034150142523887072,0.05708974142698163,0.00040000000000000034
2021-07-14,-0.007600298375475396,0.010697757313475486,0.004301648062445305,0.0014912532112355062,-0.04724351742387486,-0.0004999999999999983
2021-07-15,0.004910529098378265,0.00017546425482688882,0.004197445541415625,-0.003421451685539403,0.040797517553130096,-0.0006000000000000005
2021-07-16,-0.0018206213531582575,-0.009751038308664077,-0.00017105453444672051,-0.007874613387546565,0.0812629919747747,0.0
2021-07-19,0.00018548069676449624,0.001179853512608669,0.00851367899803652,-0.014877981892797298,0.1984508973721072,-0.001200000000000001
2021-07-20,-0.0017080651561058448,-0.0012979424872485647,-0.0012723216382420253,0.01422858330383334,-0.13137501237725321,0.00040000000000000034
2021-07-21,-0.0008252343591270102,-0.003726190289074976,-0.005788959392843884,0.00806371994782655,-0.09678108928020436,0.0007000000000000006
2021-07-22,0.0007308234638374334,0.0019535411866020086,0.0023026459236274027,0.0020919728145704195,-0.01235966919142029,-0.00030000000000000024
2021-07-23,-0.0016966692097778924,-0.003139340880551927,-0.0015341354786214247,0.01023556939252022,-0.028090110185145265,0.00030000000000000024
2021-07-26,5.893086054979372e-05,-0.0023758261058627853,-0.0006831409274713989,0.0024518517484407422,0.021852459740864652,-0.00010000000000000009
2021-07-27,0.0029122406895437866,0.0016636888817755746,0.004259507309140598,-0.004567973754238333,0.09644722545763793,-0.00040000000000000034
2021-07-28,0.0012997004508067118,0.0050335632022407,0.0008497434083784421,-0.00041032914017947715,-0.055761783855972864,0.00010000000000000009
2021-07-29,0.0019290801555133712,0.011044023020098688,-0.0030623424304725274,0.0041389722307020324,-0.03388264683517473,0.00020000000000000017
2021-07-30,0.003963210978191592,-0.007918108309762988,0.002807220697112537,-0.004868259833408928,0.030052289414132554,-0.00040000000000000034
2021-08-02,-0.0021847985485022245,-0.0012374082182159806,0.004376924091234052,-0.0021002554620196357,0.06474405761339283,-0.00040000000000000034
2021-08-03,0.0006409929936695579,-0.0007077270423842932,0.0002537861119646772,0.008102600707534916,-0.07576946432690278,-0.00010000000000000009
2021-08-04,-0.0004392010828315455,0.00023593466942563418,-0.0002537861119646729,-0.004931129731503787,-0.0038879027995192016,0.0
2021-08-05,-0.0027026069039768293,-0.003959922253451811,-0.003645932075268643,0.006312778387427801,-0.03915385947247127,0.00040000000000000034
2021-08-06,-0.00014200501231056276,-0.025308704477345147,-0.005878763069853051,0.0016510758429412753,-0.06762977706408986,0.0008000000000000007
2021-08-09,-0.00731143358773178,-0.017894816057729707,-0.00213869969686411,-0.0008139268374688887,0.03468554054099084,0.00020000000000000017
2021-08-10,-0.000939444477304895,0.00030914743149373187,-0.0018853706127562404,0.0012433018804217549,0.004177959028340658,0.00030000000000000024
2021-08-11,-0.001290369832655863,0.01369082807188368,0.0011146108177385555,0.0024816823977058273,-0.03762584731032467,-0.00010000000000000009
2021-08-12,0.0015827021925636149,0.00024383177142714218,-0.0010288043654448583,0.0029926824777074244,-0.03652798545002149,0.00010000000000000009
2021-08-13,-0.00048022563504941196,0.014224167163591615,0.00573135668141281,0.0018179053280520632,-0.00902070185877843,-0.0007000000000000006
2021-08-16,0.0049650586518873285,0.004975891262677384,0.0022149977811327572,0.0023519787212862636,0.04245179814165022,-0.00030000000000000024
2021-08-17,-0.0012495051770467507,-0.001496155150116038,-0.0005107980779194276,-0.006576515120285442,0.10529841841281065,0.0
2021-08-18,-0.00597801915977613,0.0007783092556947036,-0.000511207835697532,-0.011005463457265061,0.18594423869998947,0.00010000000000000009
2021-08-19,-0.0005501958639484956,-0.0029367165231408677,0.002212879135361185,0.0015469708948362205,0.004625372816078682,-0.00030000000000000024
2021-08-20,-0.0022842612773609403,0.0005400158455303154,-0.000935460602534146,0.007925508203596617,-0.154920120485587,0.00020000000000000017
2021-08-23,0.0017928718657227044,0.012104007439095057,0.00025497619518808896,0.008758072034062817,-0.07901054721458206,-0.00010000000000000009
2021-08-24,0.004008621033643521,-0.0004742535717267673,-0.0027253865955310457,0.001586369389443297,0.004073307755883778,0.00040000000000000034
2021-08-25,0.0007284170260269493,-0.006961609676564189,-0.003931792520950185,0.002096041040764968,-0.025287933507119265,0.0006000000000000005
2021-08-26,0.0018114856517439193,0.001133835388463418,0.0,-0.005920539705417956,0.11519875162978147,-0.00010000000000000009
2021-08-27,-0.0015294540875914354,0.014917723322635659,0.0032490602219187093,0.008901135023625557,-0.13931092173088985,-0.00030000000000000024
2021-08-30,0.0036169593109244688,-0.004947859047149437,0.001960856882740909,0.004387940296165535,-0.012277554840046993,-0.00020000000000000017
2021-08-31,-0.00017813762365744638,0.00200564206756742,-0.0018754898498876114,-0.0014826261192963115,0.01775369602797844,0.00010000000000000009
2021-09-01,0.001133153638000808,5.88968847449306e-05,0.00042680034185685865,0.000531193114233727,-0.02270726162901823,0.00010000000000000009
2021-09-02,0.002589813077556953,-0.002655242464544409,0.0011942363912428922,0.003072091130205981,0.018450660728144403,-0.00020000000000000017
2021-09-03,0.0030001647486994007,0.010637446088029513,-0.002389975233890515,-0.0002430021799142263,0.0,0.00040000000000000034
2021-09-07,-0.0009148019282188896,-0.019778020504279115,-0.003939723358100295,-0.00358194231076905,0.10022851523673723,0.0004999999999999983
2021-09-08,-0.0026565305038642366,-0.002507544166051433,0.002742329108015822,-0.0012188186361097933,-0.009972399142124519,-0.000299999999999998
2021-09-09,-0.002068043422056589,0.004413734414974538,0.002819900202917019,-0.00428938920376104,0.045709817355874635,-0.0005000000000000004
2021-09-10,0.0005769633095645054,-0.005071495164425335,-0.003162233690431094,-0.007915764929658665,0.10828185353128676,0.0005000000000000004
2021-09-13,-0.0011819121036025907,0.0033441618437189445,0.0011977294120476673,0.00255581073142001,-0.07841316203994701,-0.00020000000000000017
2021-09-14,0.0,0.006417907636002404,0.003754969651851612,-0.0054109816526278715,0.004635508965875068,-0.0005000000000000004
2021-09-15,-0.0005904704860359962,-0.005881528710091136,-0.0017051040354119596,0.008317813423935543,-0.06803892417555253,0.00030000000000000024
2021-09-16,0.0012710625809982954,-0.022902242747818987,-0.0031620379961623574,-0.0015866157667165023,0.027666544506303185,0.00030000000000000024
2021-09-17,-0.004453323350837845,-0.0015862999324902439,-0.002914476048969455,-0.009788471294715453,0.10744496470005153,0.00030000000000000024
2021-09-20,-0.0031955703633193186,0.007118755657039398,0.005052069233204684,-0.0168148770410659,0.2114463709259874,-0.0006000000000000005
2021-09-21,2.3374235536795343e-05,0.00664689654260444,-0.0005979970741843055,-0.0009451097749132758,-0.0539375177708427,0.00020000000000000017
2021-09-22,-0.0006215340073657035,-0.0037409995549623856,0.0009397938852309476,0.0097075334487877,-0.1546297065956409,-0.00010000000000000009
2021-09-23,-0.003008212978931102,-0.011613566243419594,-0.009091950000433557,0.012076763168670705,-0.11353962173545984,0.0008999999999999986
2021-09-24,0.004486492911866468,-0.0012850982867509395,-0.0030202181890376816,0.001645730908376241,-0.04838762364465317,0.0006000000000000005
2021-09-27,-0.0014664840661050697,0.0020798706668898187,-0.0026824754985513744,-0.0028648851256622256,0.055341439857178217,0.00010000000000000009
2021-09-28,-0.002242493734973323,-0.009763940911599527,-0.0038205503142184115,-0.02035756075885151,0.21457817625476233,0.0006000000000000005
2021-09-29,-0.0008944087511727837,-0.0045149330127863515,0.0010436302899032306,0.0016815960701384318,-0.03012672907627412,0.00010000000000000009
2021-09-30,-0.007277304997338633,0.01781698430701417,0.0012155250260735139,-0.01229771432777094,0.02538429243196716,-0.00030000000000000024
2021-10-01,-0.0023408694678413076,0.0022505110921036547,0.004073806648564759,0.011814278678490707,-0.09228963682790375,-0.00040000000000000034
2021-10-04,0.0028282082737945743,0.004667408258473528,-0.0012115615412529796,-0.012979955976193456,0.08448047301532594,0.00010000000000000009
2021-10-05,0.0009638080038769708,-0.004667408258473519,-0.0031227526533401623,0.010351130425160768,-0.0750464946798554,0.0005000000000000004
2021-10-06,-0.0019267982057976168,0.002669757352534067,0.00026050754602820767,0.004147557716031417,-0.014184599173202148,-0.00010000000000000009
2021-10-07,-0.0035190085597075326,-0.005285683868044846,-0.004003065835787972,0.008608415912527713,-0.07205874425477805,0.0005000000000000004
2021-10-08,0.0003814266910217661,0.00042627404378714777,-0.002182231338059997,-0.0018253566909178817,-0.04020381848217929,0.00030000000000000024
2021-10-11,0.0005434209268923678,-0.0018893655741350408,-0.002449930986104303,-0.007265994509828759,0.0634723985675252,0.0
2021-10-12,-0.0010635092731745039,0.004504271350483098,0.004545137739132056,-0.002464448171979726,-0.007528247203173337,-0.00020000000000000017
2021-10-13,-0.0017084358360839192,0.01763773443447277,0.001916662580286196,0.0035907853965110475,-0.06289424983755545,-0.00030000000000000024
2021-10-14,0.005667679663200196,0.0024434808580754102,0.002347288894956769,0.016680818732087873,-0.10036578773839322,-0.00040000000000000034
2021-10-15,-0.0006956887472967136,-0.0160204917648545,-0.004962018194924425,0.007586897089088033,-0.03377892776825488,0.0007000000000000006
2021-10-18,0.0004753248849683281,-0.002482990902389477,-0.0013971400333462124,0.002956473107921681,0.0006133228821253111,0.0
2021-10-19,0.0014506924609902151,0.003208519186409284,-0.003589393297754319,0.007685074059352272,-0.03811768368319456,0.0005999999999999983
2021-10-20,0.0015574351739559725,0.008725778175468667,-0.0004386359844726924,0.003919928150950961,-0.013466060552870796,0.0
2021-10-21,0.0019794696195469387,-0.0008991093021597419,-0.0026357873592136208,0.0026049418012381335,-0.031477978758680386,0.00030000000000000024
2021-10-22,-0.0025492392462915913,0.006098334452755203,0.002548067661753081,-0.001036677543404334,0.027597025259155847,-0.00020000000000000017
2021-10-25,0.0012679558513760646,0.006890365329616705,0.0012276052560554317,0.0053484253801236335,-0.012390150913142705,-0.00020000000000000017
2021-10-26,-0.0024414242352122696,-0.007427027125168416,0.0012259475020869276,0.0008995826334097504,0.04741437645208414,-0.00010000000000000009
2021-10-27,-0.0011605601944855107,0.0026206236403640355,0.0055869724495432645,-0.004440015837019645,0.060698242232118525,-0.0008999999999999986
2021-10-28,0.00016238277643643726,-0.00023791366260843256,-0.002614805198748147,0.009602583629189445,-0.026859200551924454,0.00030000000000000024
2021-10-29,0.00717141021851891,-0.008544299301700552,0.0004361492253114124,0.0020270219358877696,-0.016468835176247053,-0.00020000000000000017
2021-11-01,-0.01092280404050203,0.005207004497418708,-7.854605104640138e-05,0.0017188900969077677,0.009182777607491557,0.00030000000000000024
2021-11-02,0.003705045477995642,-0.0021513131388870075,0.002441545190960396,0.004034901802501859,-0.02342888634704037,-0.00020000000000000017
2021-11-03,-0.0017384315163677048,-0.0083501482773226,-0.0031399866877598326,0.006086645222384712,-0.059767240372714976,0.00040000000000000034
2021-11-04,0.0031313349393210293,0.011277125295739413,0.005402134873850314,0.004701368665379283,0.022266748335608214,-0.0007000000000000006
2021-11-05,-0.005213485594809396,0.012978359326946427,0.005459222219993578,0.0034636656883264257,0.06518597928502101,-0.0008000000000000007
2021-11-08,0.0011677502279925879,0.003585184846901929,-0.004330442218307159,0.0008534183584991763,0.043923962420296184,0.0006000000000000005
2021-11-09,0.0019571431965666247,0.004916006634195484,0.004589792274675296,-0.0033108004580741507,0.03200280958004064,-0.0005000000000000004
2021-11-10,0.00034775066237484683,0.010800248284572371,-0.008590472229827764,-0.008077364700582488,0.052052223311124725,0.0010000000000000009
2021-11-11,-0.009497879778277242,0.005586453042738802,-0.0032296214556960853,0.0003233843718153033,-0.05882430548036191,0.0
2021-11-12,-0.003062046147157758,0.0018934614978916627,0.0020960859958684664,0.007518414508618571,-0.08075070771974943,0.00020000000000000017
2021-11-15,-0.0008012042758382873,-0.00154894492430588,-0.003933734144167373,0.0003423892390552437,0.012202643875715364,0.0004999999999999983
2021-11-16,-0.006591516828806556,-0.007260156004477963,-0.0008766079210310424,0.003950069233563649,-0.007303680041878168,0.0
2021-11-17,-0.003993008800771305,0.009095692432078762,0.0035878802791176807,-0.0024322987471804133,0.044212680926723626,-0.000299999999999998
2021-11-18,0.0,-0.0032143154449525086,0.000611645794175896,0.0033908614040212334,0.027667443847847712,-0.00010000000000000009
2021-11-19,0.0041634209432113425,-0.007675708262916443,0.0027025934276901924,-0.0017899500727969195,0.01802864012875469,-0.0005000000000000004
2021-11-22,-0.008185652960956939,-0.02267561664312034,-0.007340177089191477,-0.0028191786898732144,0.06798735348449784,0.0008999999999999986
2021-11-23,-0.0029835852011364673,-0.008690053468478977,-0.004130339166633324,0.0013251254018623608,0.010895002121107753,0.00040000000000000034
2021-11-24,0.00024735570464733033,-0.0009569597921073518,0.0030775597453555474,0.0026665019611067766,-0.04215583387907041,-0.00030000000000000024
2021-11-26,0.0005939027964335268,-0.0016168462526691021,0.012823234730301055,-0.022555713212217533,0.43202007417217186,-0.0015999999999999992
2021-11-29,0.007425897335294688,-0.0013795005365548109,-0.0022561533027848826,0.012191880927735377,-0.2203522718751432,0.00040000000000000034
2021-11-30,2.2589292359688217e-05,-0.006744546424564762,0.005976302899649932,-0.019649291905884044,0.16909574670959093,-0.0009000000000000008
2021-12-01,0.00325785330087555,0.003980006790395922,0.0018823741830552672,-0.011169466070600409,0.13500144799177308,0.0
2021-12-02,-0.0009513667903634799,-0.005552205835401061,-0.0021590438255477094,0.015200246574059228,-0.10743349938015533,0.00010000000000000009
2021-12-03,-0.0011765121921124223,0.008376819081740972,0.005861140441114398,-0.00873929512791795,0.09286775371604661,-0.0008999999999999986
2021-12-06,-0.0001244234477379464,-0.0024635953850727986,-0.00499678305021535,0.011773495306919462,-0.12080356066278455,0.0007999999999999985
2021-12-07,-0.0016039171174726395,0.0035432060613326127,-0.0038076718772132446,0.020473901793300782,-0.21645153629884614,0.0005000000000000004
2021-12-08,-0.0009025026753297686,0.0005393685677794685,-0.003213202367281941,0.0026443484445411625,-0.09531017109099146,0.00040000000000000034
2021-12-09,0.0061079038765980585,-0.006130129283900702,0.0025196057217276293,-0.006774381787820335,0.08104724373347415,-0.00030000000000000024
2021-12-10,-0.0046183295368528,0.004211020685246302,0.0006935966455543169,0.009369551020117762,-0.1437783062526054,-0.00010000000000000009
2021-12-13,0.0016389133221552789,0.002518126917516811,0.004757047168564759,-0.008897824107423657,0.08312469925500683,-0.0006000000000000005
2021-12-14,-0.0023388985305647886,-0.009385206339641532,-0.0017270677257584315,-0.006903742731689074,0.07491653435511594,0.00020000000000000017
2021-12-15,-0.0021418552396564616,0.004282351988516796,-0.001470710501601546,0.015504149887947941,-0.1264430092732273,0.00030000000000000024
2021-12-16,0.0026159220068292816,0.012024970840539904,0.002907110877869403,-0.008857748429853748,0.06424681445002371,-0.00030000000000000024
2021-12-17,0.0038349515063402,-0.002143116686188639,0.002243457341998917,-0.01069979729848039,0.0474697574240046,-0.00030000000000000024
2021-12-20,-0.008026219874793954,-0.004240244730917084,-0.0008620764848594654,-0.010690373162807638,0.05852259847760256,0.00020000000000000017
2021-12-21,0.0030177831235180014,-0.00041897618344674124,-0.003976718613826945,0.01760312681340457,-0.0848275189796523,0.0005000000000000004
2021-12-22,0.0008913322339791711,0.00935611880010715,0.0009526443902266715,0.009949110682486759,-0.12022538618477858,-0.00020000000000000017
2021-12-23,0.0036525342506323407,0.002251481491211197,-0.002079071806429302,0.006202767225986031,-0.03662612766793574,0.00040000000000000034
2021-12-27,-0.0002717675050997526,0.002364450476828884,0.00034677459644624753,0.014052778205335289,-0.015712937427571433,-0.00020000000000000017
2021-12-28,0.0005096876276717915,-0.004319380340024978,-0.00017337226664576022,-0.0008174667768138015,-0.007950035329993409,0.00010000000000000009
2021-12-29,-0.0013473476208362394,-0.0002965516280151311,-0.005128581668264716,0.001278493133451881,-0.03421616030294203,0.0006000000000000005
2021-12-30,0.004002085556977272,0.007151581744182501,0.003306280286338546,-0.0027681967334091387,0.022171220487458933,-0.00030000000000000024
2021-12-31,-0.003096529393978052,0.006808358432551388,-0.0011298621654923487,-0.002523562404516496,-0.006367640200394624,0.0
2022-01-03,0.004267353279425674,-0.015503300973700684,-0.00934788184597061,0.005773295538908142,-0.03666874078209838,0.0010999999999999988
2022-01-04,-0.0062811432323980785,0.007339514803169255,-0.0005268908341817781,-0.0003349985306565355,0.018502435544357602,0.00030000000000000024
2022-01-05,-0.001648756778474241,-0.003012197052209778,-0.004224077164241952,-0.01938885471016193,0.1542351429461621,0.0005000000000000004
2022-01-06,0.0026438305657729066,-0.012319703780209438,-0.0024724510796923565,-0.0009399847460038525,-0.006100625500360934,0.00020000000000000017
2022-01-07,-0.0014697139139755349,0.004540812572282988,-0.003276420394271032,-0.0039613194336906915,-0.04431271555415718,0.00030000000000000024
2022-01-10,0.005039876404767126,0.0030355936239956378,-0.0002662685715305182,-0.001245055092191941,0.03354609062729154,0.00020000000000000017
2022-01-11,-0.00207567089876734,0.01199245713664559,0.0023928681404640096,0.0090672228036399,-0.052379059449223685,-0.00030000000000000024
2022-01-12,0.003177601119399733,0.0026391371424113854,0.00017691647860771067,0.002699672320268068,-0.04385931881904721,-0.00010000000000000009
2022-01-13,0.006591516828806482,-0.003402771341298051,0.00318092021913757,-0.013874524369884051,0.1420786811593658,-0.00040000000000000034
2022-01-14,0.001350938248421149,-0.002883829150556528,-0.006904531466466745,0.0004090587740107846,-0.056724011447385425,0.0008000000000000007
2022-01-18,-1.1387453022310162e-05,-0.0016516182679313014,-0.007578958054605971,-0.017868253161492043,0.17193254558031584,0.0009000000000000008
2022-01-19,-0.0071176043295396296,0.015755750605134237,0.002413675472679123,-0.010437982101048206,0.04546234989896832,-0.00040000000000000034
2022-01-20,0.0012130690311104274,-0.0025020112544038944,0.0021402478767757953,-0.011129679737191756,0.07041742280560326,0.0
2022-01-21,-0.0026169374328443096,-0.003267771913809988,0.005774794141015319,-0.019825864859266244,0.11990835004213829,-0.0008000000000000007
2022-01-24,0.002446780096805452,0.005479160681096094,-0.0008865290136356996,0.004237679249376688,0.035748461461826586,0.0
2022-01-25,-0.001529983310857574,0.003192034576976311,-0.0013305355585765458,-0.012284084538973644,0.04127674846717597,0.00030000000000000024
2022-01-26,-0.0017310860305209989,-0.01629856790431354,-0.007128006293345518,-0.002511993560232752,0.0253498761464045,0.0007000000000000006
2022-01-27,-0.005411465673910041,-0.01298211532059733,0.0041940086518727805,-0.0049502714022264345,-0.047086338758656796,-0.00040000000000000034
2022-01-28,-0.008620280849587833,-0.002987752337666492,0.002312325350841223,0.02453206451708718,-0.09741143277332177,-0.00030000000000000024
2022-01-31,0.00047941591723723085,0.005907056331230696,0.0,0.017850790402949443,-0.10793472427263467,0.00010000000000000009
2022-02-01,0.006904807091364752,0.0008325368758188378,-0.0013526281458972587,0.00673433475839053,-0.12283002149677473,0.00020000000000000017
2022-02-02,0.003938049490606719,0.00361943388995412,0.00204585558583827,0.009667114379950787,0.005902449388932326,-0.00030000000000000024
2022-02-03,0.0023026608419609075,-0.0014224174555621005,-0.004274335540941562,-0.023785458982071468,0.09740684085512573,0.00040000000000000034
2022-02-04,0.011947232126998369,0.0015408910869810946,-0.007703869816278442,0.00469109503633191,-0.047517918496258305,0.0010999999999999988
2022-02-07,0.0016939655604672347,0.007375317353577323,0.00026954675965668067,-0.0032146117307208827,-0.015625261632240678,-0.00010000000000000009
2022-02-08,-0.001064746932719005,0.0030522079460774463,-0.0032415601032061243,0.0081943422165949,-0.06413032395420283,0.00040000000000000034
2022-02-09,-0.0018977167042882913,0.003393414275398407,0.0013521098207508629,0.01453004202588638,-0.07152813609679119,-0.00020000000000000017
2022-02-10,2.2753465781710023e-05,-0.0038037857675304026,-0.0092302732810583,-0.018129036681082632,0.18056655007325953,0.0008999999999999986
2022-02-11,-0.0005251315768386432,0.018875607865561438,0.010310318103386569,-0.019915576592703436,0.1347853399740475,-0.0010999999999999988
2022-02-14,-0.004430837226841851,0.005336451777182292,-0.006952253208855436,-0.003274921914751245,0.034839196086860244,0.0006000000000000005
2022-02-15,-0.005180328358145332,-0.009545260370239185,-0.002994397117062079,0.015998378673282226,-0.09743028956184699,0.0006999999999999984
2022-02-16,0.0044531689986751725,0.01023173130733765,0.0020879362223387324,0.0011202889671627044,-0.05642624088191999,-0.00020000000000000017
2022-02-17,0.0016253575664351733,0.013575508168976262,0.005336296308090472,-0.02159304386267801,0.1460606259257955,-0.0005999999999999983
2022-02-18,-0.000773175879513556,-0.000733724019731723,0.003242398959412187,-0.006496030024531403,-0.012889566438965801,-0.0005000000000000004
2022-02-22,-0.0006675169193645805,0.002086858856896338,-9.044772803110826e-05,-0.010789605882912905,0.037486690366762734,0.00020000000000000017
2022-02-23,0.0017205181805229717,0.004497100140272996,-0.005228763735691146,-0.01789800754133973,0.0739096419462359,0.0005000000000000004
2022-02-24,-0.002071050753779992,-0.006471023453826176,0.0023471075082717257,0.014937075525911047,-0.022824621796435525,-0.00030000000000000024
2022-02-25,-0.010224378977160433,-0.0033362372759372606,-0.00027029500396155736,0.021824134124333445,-0.09435415694926126,0.00010000000000000009
2022-02-28,-0.0008614158561598332,0.010311993951243732,0.011301496567922573,-0.0025619763811835163,0.08873151676105362,-0.0013999999999999991
2022-03-01,0.003113275910922149,0.01800043176575384,0.00969228119992845,-0.015347366197918539,0.09997289761890603,-0.001100000000000001
2022-03-02,-0.0074420147912893815,-0.010460864384517259,-0.015143631939944495,0.01822921171995873,-0.08059307747498817,0.0014000000000000013
2022-03-03,-0.0018353165879163118,0.005935763844875876,0.0042990778972312954,-0.0049910008557374095,-0.008494014864764431,0.0
2022-03-04,-0.004103040528148159,0.015803608419049087,0.009871693009752667,-0.008157735993113653,0.04803997729179485,-0.001200000000000001
2022-03-07,-0.017530288361510188,0.014753495270292835,-0.004256603232277497,-0.029922449936120244,0.13083078629404346,0.00040000000000000034
2022-03-08,-0.0008479603892523628,0.02699142936842652,-0.00650927931652873,-0.007610568995829908,-0.03688598270340872,0.0008000000000000007
2022-03-09,0.0030252121150615412,-0.03016149526620599,-0.00619119534367479,0.026457623305853762,-0.07935503002105185,0.0007999999999999985
2022-03-10,0.015983954438480188,0.003116366878477797,-0.004601286809613601,-0.00452571053500035,-0.07086567301265848,0.00040000000000000034
2022-03-11,-0.005422450974016716,-0.007052696024243029,-0.0002711766299879689,-0.012796729542591917,0.017055200603855316,0.00020000000000000017
2022-03-14,-0.007461665202687137,-0.015188475058141502,-0.012743816229336275,-0.007335049411309998,0.03263246843757496,0.0014000000000000013
2022-03-15,0.0010172042215486929,-0.018882610033681094,-0.00045797754690639597,0.021752245715656232,-0.0630078667210695,9.999999999999786e-05
2022-03-16,0.002388587321219784,0.006241285995487705,-0.0013759093112293114,0.02193187128460349,-0.11197525491444403,0.00040000000000000034
2022-03-17,0.004782947654196474,0.004876733952655098,-0.0019291078981939012,0.012433325666569559,-0.03821634319943387,0.00010000000000000231
2022-03-18,0.007012538465957428,-0.008828710707897394,0.0029383408685443838,0.010893121077960853,-0.07270052234591615,-0.0006000000000000005
2022-03-21,-0.00509277099290486,0.00761175501954624,-0.013104287474621857,-0.00029242233801284214,-0.014346243588262985,0.0017999999999999971
2022-03-22,-0.002349456247391793,-0.007277189924242526,-0.005496078653305779,0.011633501853592867,-0.02539409693912241,0.0006000000000000005
2022-03-23,0.001135375310259787,0.013567209576051467,0.006702565919916731,-0.012962233827724568,0.027092569018550887,-0.0006000000000000005
2022-03-24,-0.002126461945392862,0.00723413751310883,-0.005582306714791073,0.014961931583513765,-0.08404588493141855,0.00020000000000000017
2022-03-25,0.0002972667240242951,-0.004103860537691329,-0.010315791824278267,0.004871793062816097,-0.04049520432695106,0.0014000000000000013
2022-03-28,-0.0025180276167579654,-0.018371517706821095,0.0022592746395756996,0.007087917818516394,-0.058374649206258046,-0.00020000000000000017
2022-03-29,0.0010877383591925164,0.00044668806848975184,0.004972718571132212,0.012294808393662307,-0.03789706365376267,-0.0004999999999999983
2022-03-30,0.008845097393777262,0.008006283379257595,0.0039228263522428425,-0.006193822991228128,0.02249638739130696,-0.0006000000000000005
2022-03-31,0.006319893943473256,0.0003875207880489933,0.0018627522339013508,-0.015511003135917512,0.061689125338078736,-0.00030000000000000247
2022-04-01,-0.008048664804752047,-0.0063862158789015815,-0.006532634842353615,0.0028301356761412243,-0.04628844907562309,0.0007000000000000028
2022-04-04,-0.0022672778283933112,0.004835061682683925,-0.0006563488199324147,0.008530000574634137,-0.05551160660496785,0.000299999999999998
2022-04-05,-0.006485770491401886,-0.006284549046099261,-0.011987983236839013,-0.012711712843689561,0.12440266343456106,0.001200000000000001
2022-04-06,-0.006345887741704586,0.0023404756196963713,-0.003519249684273133,-0.010049604928193068,0.0496276034194116,0.0006999999999999984
2022-04-07,-0.0007521699867265114,0.0037777415804509116,-0.0024807859026253864,0.00502618012733472,-0.025201844638247307,0.0005000000000000026
2022-04-08,-0.003068660384801401,0.006246419748615932,-0.005075578806966192,-0.00267734116455023,-0.018263181367582593,0.0006000000000000005
2022-04-11,0.0018488313653010355,0.004947206140849894,-0.004812461489240692,-0.017240248765471936,0.14124030229531587,0.0006999999999999984
2022-04-12,-0.0006420885703539645,0.007647435301758722,0.004812461489240708,-0.0037120842840350264,-0.00452398912382654,-0.0006999999999999984
2022-04-13,-0.004774839201849918,0.004777109287769837,0.002205573809056872,0.011388243288334638,-0.10600194653157295,-0.00020000000000000017
2022-04-14,0.006484154387127226,-0.003309019437270788,-0.009046048316499548,-0.012529783863157421,0.03953799167815706,0.0012999999999999989
2022-04-18,-0.0005300335180195361,0.0030924062818564585,-0.0029050470713267466,0.0004111931047022715,-0.023624931027489242,0.00020000000000000017
2022-04-19,-0.0030992061418720638,-0.015228268112134,-0.006614482470528722,0.016013677515987937,-0.03675191846691165,0.0008000000000000007
2022-04-20,0.0011758350863038487,0.0048830061930919995,0.00777741346625935,-0.0007418196029547855,-0.050382500910835126,-0.0008000000000000007
2022-04-21,0.0051189236431801914,-0.0035639435023603356,-0.005534993915905898,-0.01506650879986115,0.10987788462348555,0.0004999999999999983
2022-04-22,-0.0013553055318443394,-0.009769661352400705,0.00048681416544056985,-0.02782256675753243,0.21819300024463079,0.0
2022-04-25,-0.00222952123962869,-0.018134432520229594,0.006403281383630965,0.005780872729832631,-0.043099143086190964,-0.0008999999999999986
2022-04-26,-0.008997500540048975,0.0015238553873300224,0.006650578626190196,-0.029388532544418703,0.21556493979660302,-0.00040000000000000034
2022-04-27,-0.0066102261513955,-0.007585723242633687,-0.0055872144274421685,0.0028078960685299368,-0.0589851566056232,0.0004999999999999983
2022-04-28,-0.008352179109846734,0.0053838047894630165,-0.0014501929894865657,0.024945752016208807,-0.052293147535713964,0.00030000000000000247
2022-04-29,-0.004833072313007454,-0.00011298334784093811,-0.005336002089358588,-0.03765601392056662,0.10769196053867162,0.00040000000000000034
2022-05-02,0.003019304923759393,-0.01871452290294498,-0.007477240658181585,0.006001561303655792,-0.03225108680044981,0.0010000000000000009
2022-05-03,-0.0025570647412530415,0.0026457593569150124,0.0011765158229892,0.004573563190646246,-0.1004252851893356,-0.00020000000000000017
2022-05-04,0.0018513560381257603,0.009774616775434711,0.006447264328100771,0.02999838370495236,-0.14034330491522218,-0.00040000000000000034
2022-05-05,0.008883347273825875,-0.0038184194446891804,-0.010080012152415456,-0.03618973624600717,0.20488185050598062,0.0011999999999999966
2022-05-06,-0.007819372198253615,0.0016545049194706565,-0.0057210606392854415,-0.005986767269574065,-0.032907357859992,0.0007000000000000028
2022-05-09,-0.0007164347743801674,-0.014585347642546313,0.007391838976965817,-0.03254117270498984,0.14066881060216926,-0.0007000000000000028
2022-05-10,0.003185736537216687,-0.00848106565352078,0.003333035946876957,0.002307833107076207,-0.05197503589226457,-0.000599999999999996
2022-05-11,-0.0031120553998316533,0.008133958004822058,0.0061463472676119325,-0.01601347167478413,-0.01311995280695535,-0.0008000000000000007
2022-05-12,-0.0019467323960849386,-0.015452706170676834,0.003302145601292042,-0.0010446245368980255,-0.024562120621479416,-0.0007000000000000028
2022-05-13,-0.012722865261767163,-0.008142627698810948,-0.005248985220351714,0.023626653161612055,-0.09571943994586465,0.000900000000000003
2022-05-16,0.0020260788046566882,0.009493279652076629,0.004181861480054782,-0.004065949771507319,-0.049708547633251145,-0.0005000000000000026
2022-05-17,0.003678174850093924,-0.006299094085683991,-0.0075988667158876574,0.020361683358750944,-0.05115914616663997,0.0010000000000000009
2022-05-18,0.010377817305916337,0.000531343704844183,0.007113892338580341,-0.041146597483734525,0.17076069020588336,-0.0008999999999999986
2022-05-19,-0.007146940759466621,0.014590277160260899,0.0035856825936922843,-0.006143387050517464,-0.05340345987885895,-0.0005000000000000026
2022-05-20,0.010094047194697555,0.000697767757192036,0.00463315122303623,0.00043646662749850606,0.0027220133435583802,-0.0006000000000000005
2022-05-23,-0.0008670358678779666,0.004639589893868967,-0.006085445254088913,0.018537123686204048,-0.032812502144316524,0.0008000000000000007
2022-05-24,0.010561954262868534,0.007493711725538028,0.008586148599305227,-0.007663007747731517,0.0334918655332464,-0.0010000000000000009
2022-05-25,0.005086835283498354,-0.006048248796558386,0.0020152946142855573,0.00879598376915074,-0.03736165760137902,-9.999999999999786e-05
2022-05-26,-0.00465950711675043,-0.001850609639927292,-0.0004793174770439587,0.01978440925614518,-0.031146273729954037,0.0
2022-05-27,0.004326801286931803,0.0005208853826908474,0.001437678385818962,0.02425257861046192,-0.06691713200005571,-9.999999999999786e-05
2022-05-31,0.003913817743833619,-0.009942270255165302,-0.0104946046648581,-0.005626706987170089,0.018108806238812062,0.0010999999999999988
2022-06-01,-0.0036670195931451026,0.0063488366174163004,-0.005645956432269934,-0.008121267550619655,-0.019275847000948997,0.0008999999999999986
2022-06-02,-0.007475100550259082,0.012234040087981134,0.0014608084338339014,0.018864261147021093,-0.03848922709776528,-0.00020000000000000017
2022-06-03,0.009054299007338812,-0.010203900438868029,-0.001948640769797078,-0.016547642611602843,0.002827778165847551,0.00040000000000000034
2022-06-06,-0.002330222818458084,-0.004413447852864014,-0.007535622124730598,0.0030402718928935917,0.011231517018839617,0.0008000000000000007
2022-06-07,-0.0032340634484176282,0.006497267812168451,0.004019520339900372,0.009546350143946055,-0.04278506428781263,-0.0006000000000000005
2022-06-08,0.0006737905923230617,-0.0009256257836888652,-0.0037253598565453712,-0.010931566515787814,-0.0025011006728514825,0.0004999999999999983
2022-06-09,0.0017775409484932394,-0.0031883338247287547,-0.000884101270989407,-0.02407040131408108,0.08516636996056637,0.00010000000000000231
2022-06-10,-0.00922813318281883,0.013323135228160962,-0.009878524225262227,-0.029424109571339133,0.061683735195286235,0.0010999999999999988
2022-06-13,-0.01224298052450652,-0.02676735882447253,-0.017929950876639587,-0.03870793147180916,0.20371276023099444,0.0028000000000000026
2022-06-14,-0.007159954992260149,-0.008035407203286724,-0.008016886768670349,-0.003018100761461317,-0.039879421696833575,0.0006000000000000005
2022-06-15,0.0024401181740229456,0.012966509676610984,0.01386157863097163,0.014155974172973785,-0.09861934155361644,-0.0016000000000000014
2022-06-16,0.0014941669127022307,0.011180446816136464,0.006510336302902567,-0.033656220764680986,0.10654144692998793,-0.0005000000000000026
2022-06-17,0.008632159944394863,-0.008256810144045654,0.00029934868579163714,0.002153561196546389,-0.056819326608450633,-0.000299999999999998
2022-06-21,0.002794688034567393,-0.0037437854344901486,-0.0052030864073744935,0.024862041530825354,-0.030661196085893273,0.0006000000000000005
2022-06-22,0.001126331054716773,0.003977268335422712,0.012561023365137215,-0.00181471044584453,-0.04194053103593365,-0.0014999999999999992
2022-06-23,0.002985212626758971,-0.006148118298448717,0.005631340453304042,0.009754955007569904,0.0034482266622454993,-0.0007000000000000028
2022-06-24,-0.004174658466384516,-0.0009989609969459391,-0.003552791783830315,0.031298589131432665,-0.06469916716028097,0.00040000000000000034
2022-06-27,0.004364781705743179,-0.0011176944418580068,-0.005651009865170181,-0.00382681680153871,-0.010335964210215428,0.0007000000000000028
2022-06-28,0.0013957625433815856,-0.0016493806069405818,0.0012915925336916315,-0.020644565551979376,0.050996397521043194,0.0
2022-06-29,-0.005434475183267472,-0.0007666517068580592,0.00801059951238332,-0.0008146567771235962,-0.007077197314253043,-0.0010000000000000009
2022-06-30,-0.007339457036861056,-0.006095587698335223,0.007653822572889851,-0.00815765740312254,0.019342936372938047,-0.001200000000000001
2022-07-01,0.0029713085188302992,-0.0008313996785857856,0.010663060909896122,0.010521140874974475,-0.07258186826346097,-0.0010000000000000009
2022-07-05,-7.300929283569905e-05,-0.021437799680384485,0.0036738227667614727,0.0018867225966198826,0.030975932563342613,-0.0006000000000000005
2022-07-06,-0.016965678829353473,-0.01596901758740465,-0.008528543712818417,0.003371672235782716,-0.029853013518694623,0.001100000000000003
2022-07-07,-0.006971445470808471,0.0005548992912700342,-0.006151010183211283,0.014865964439508685,-0.024617778892292053,0.0007999999999999962
2022-07-08,-0.0016284792512087165,0.00043143823725389326,-0.006090553764813488,-0.0008229603838464324,-0.05679762023851329,0.0008000000000000007
2022-07-11,-0.0003660231172386901,-0.0053749265251639535,0.007851776988227074,-0.011489324870198906,0.06024260556281789,-0.0009999999999999966
2022-07-12,-0.011733736567112072,-0.0037236489059839332,0.002343510876237534,-0.008888007212561184,0.04190664881096002,-0.00030000000000000247
2022-07-13,-0.0014358094078833954,0.004776265963686179,0.0042822662674661715,-0.005265619996580132,-0.017372501793467377,-0.0004999999999999983
2022-07-14,-4.0160580542073956e-05,-0.014146649261641277,-0.005551017830730638,-0.002431472946125103,-0.015783870772208296,0.0004999999999999983
2022-07-15,-0.0007020012314786962,-0.0020104758163567997,0.0034120928857083355,0.018924767158191382,-0.08577247976665936,-0.000299999999999998
2022-07-18,0.00702249344752808,0.000942949789432323,-0.002924070108820614,-0.008291080607364333,0.043212849641764174,0.000299999999999998
2022-07-19,0.004827628644534584,0.002384623832616704,-0.004598317471476179,0.026660366345992247,-0.03213124802708314,0.0004999999999999983
2022-07-20,0.008456116811406341,-0.009446509339211243,-0.0009806161385913763,0.006353216574307886,-0.025631864170057687,0.00030000000000000247
2022-07-21,-0.004756441789894104,0.01401179660226555,0.011321179334813903,0.010131597706270775,-0.032775802683622346,-0.0012999999999999989
2022-07-22,0.0037542692053991913,0.0024926409954947677,0.011387170852090924,-0.009321267456029812,-0.0034677070491447837,-0.0014000000000000013
2022-07-25,-0.0020420728121366286,-0.0027423043036363935,-0.0035564297039480334,0.0012141031573337584,0.014227440440232874,0.00040000000000000034
2022-07-26,0.002420351548135624,-0.001186514317386386,0.00038513640002952053,-0.011901494497597344,0.05537314089952182,0.0
2022-07-27,-0.009373056494817926,0.010133467249785824,0.0020194324655783873,0.025634849922625016,-0.06052340285251661,-0.00030000000000000247
2022-07-28,0.007840516682384753,0.01211168004371747,0.009845499787154852,0.012464508784805442,-0.03994385969968478,-0.0009999999999999966
2022-07-29,-0.0016628379501900366,0.0028071459585694595,0.00038044812451777947,0.014473413760626327,-0.045816533528988145,-0.00010000000000000231
2022-08-01,0.0015606629240480755,0.005651232868696488,0.0058312119616365675,-0.0029656646757990233,0.06839886256211869,-0.0006999999999999984
2022-08-02,0.005189064513554008,-0.005955990148902209,-0.013922272618427463,-0.006619201098014897,0.046619523204595135,0.0014999999999999992
2022-08-03,-0.010351198843136136,0.002435276067987767,0.004120729683780465,0.015538210481630265,-0.08636574039389384,-0.00020000000000000017
2022-08-04,0.00019283970848837684,0.016404693683584038,0.005055696902696112,-0.000675775647594314,-0.023508813167236665,-0.0004999999999999983
2022-08-05,0.00883555172373451,-0.011309781450742627,-0.01456823220320863,-0.0016916339254324272,-0.013618473656111421,0.0014999999999999992
2022-08-08,-0.007534415937540125,0.008434348290836127,0.005871912470828264,-0.0011615114816626595,0.00659763445218728,-0.0006000000000000005
2022-08-09,0.0026274810000368686,0.003054867797077557,-0.00297993692199346,-0.003979026514101678,0.022295374365645357,0.000299999999999998
2022-08-10,0.001030518147346478,-0.0025151110588634198,0.0005775089385303887,0.020786387163182186,-0.09788587386321505,-0.00020000000000000017
2022-08-11,0.009034052397915944,-0.002641706914863643,-0.00666048927765641,0.0,0.02303561976592722,0.000900000000000003
2022-08-12,0.0015463236906874298,0.009155976822720392,0.003963199337995339,0.016787153684795317,-0.03373086212935113,-0.00030000000000000247
2022-08-15,-0.005863386210464329,-0.012950528089989187,0.0031784032665484988,0.004112427906623859,0.02127740153136365,-0.0004999999999999983
2022-08-16,-0.00924938057915025,-0.0017516299628300418,-0.0011544636099784765,0.0019568545389420126,-0.013118261804125196,0.000299999999999998
2022-08-17,0.0008539974026696639,-0.006489345947105167,-0.006761983431832922,-0.007123256170774565,0.010608792786788055,0.0007000000000000028
2022-08-18,0.0009361784420449659,-0.0026198444873023344,0.0019360699199790713,0.0029021941931764903,-0.017233075258002006,-0.00010000000000000231
2022-08-19,-0.008908664203253895,-0.007347552958114958,-0.00864702263870112,-0.01352911806588768,0.05180445701037145,0.0010000000000000009
2022-08-22,-0.005433672462005448,-0.00665930336783302,-0.004400414595438008,-0.021042298405658456,0.14439445430766584,0.0004999999999999983
2022-08-23,-0.009587811226055044,0.006966551217581505,-0.0024537735063963548,-0.0024222316944432928,0.012941168887216881,0.00020000000000000017
2022-08-24,0.0027571059008813115,0.002944580504679446,-0.0033457533349737574,0.0031959189139068875,-0.05498938644760824,0.0006000000000000005
2022-08-25,0.00021927184316001224,0.0030581063588208724,0.0063873350078494364,0.014018885338083872,-0.04664518202952005,-0.0008000000000000007
2022-08-26,0.00021940310248669677,-0.012227153201929956,-0.0011763001735837016,-0.034435120264196185,0.1600364595838233,0.00010000000000000231
2022-08-29,-0.0032752411283479355,0.0006180465249853886,-0.005704075395415266,-0.006634175109380185,0.02511237378979406,0.0008000000000000007
2022-08-30,0.0075519840269269055,-0.008375556136480044,-0.0002959750769950636,-0.011038668847995875,0.0,-0.00010000000000000231
2022-08-31,0.0011022011823750134,-0.0077553096129762645,-0.0041521924718889965,-0.00763810176159241,-0.013056953766507983,0.00040000000000000034
2022-09-01,0.0013944510247493138,-0.00882902347465035,-0.007981017514230557,0.003133109806551885,-0.012055420023286018,0.0010999999999999988
2022-09-02,-0.008676090547837427,0.00876617372318804,0.005586571223048089,-0.0106006654169115,-0.0035273465826869926,-0.000599999999999996
2022-09-06,0.004310029151858244,-0.005856578259356107,-0.011204787326287748,-0.0037800632516726885,0.05499669703613629,0.0012999999999999989
2022-09-07,-0.005468817444529394,0.010117286090114818,0.006517999580966718,0.01780545172213344,-0.0881268451739526,-0.0006000000000000005
2022-09-08,0.009827376612399016,-0.006020378897494643,-0.003705075468020704,0.006514867112430686,-0.042700736945736,0.00020000000000000017
2022-09-09,0.0016306906812627682,0.005269846503477033,0.00010046950512985956,0.015415825174332829,-0.035348493518901854,0.00040000000000000034
2022-09-12,0.005914473623920646,0.005055386193321507,-0.0024103382144739483,0.010690389245392439,0.046300592079318664,0.00040000000000000034
2022-09-13,0.005757313715473667,-0.013096728906648173,-0.005647196319176598,-0.044456141748063664,0.13316473813460536,0.0004999999999999983
2022-09-14,-0.014670914986609497,-0.003855034555311845,0.000505736166991308,0.0038087106045893286,-0.04155569288771608,-9.999999999999786e-05
2022-09-15,0.00019959706297365223,-0.018855801737618274,-0.0034422977102512614,-0.0114185648488591,0.004196100366660546,0.00040000000000000034
2022-09-16,0.00042938969546703256,0.005533767627080334,0.0008109626680698519,-0.007657923273989646,0.0011412890518258574,0.0
2022-09-19,0.003401793701857639,0.0007697907679810017,-0.0028416447631438363,0.0077249229967972415,-0.0207460000532964,0.00040000000000000034
2022-09-20,0.0007219640016474552,-0.005722932055293624,-0.006218261606509914,-0.011544765109101959,0.05292238695106717,0.0007999999999999962
2022-09-21,-0.005880143867171973,0.004632228320962459,0.003980325291078601,-0.01759795331446177,0.030101998277705832,-0.0006000000000000005
2022-09-22,-0.014147680973100527,-0.0005778441890031698,-0.015189498379159361,-0.008435200398122872,-0.023130752534395428,0.001900000000000004
2022-09-23,0.0011016046308961233,-0.017427816406674814,0.0012401237871472704,-0.016896807138164372,0.08981061284051299,-0.00010000000000000231
2022-09-26,-0.015526806604905349,-0.01170141432179742,-0.016768640656072076,-0.009942038377223366,0.07530086501150463,0.0018999999999999996
2022-09-27,-0.006856387846966306,0.0020477436877313054,-0.006850026304503686,-0.002555990338207468,0.010484220898846989,0.000900000000000003
2022-09-28,-0.002863768255198798,0.020573557832177892,0.022275055915238293,0.019485644604625624,-0.07713277811500176,-0.0025
2022-09-29,0.011601697507510717,-0.0001939471718055397,-0.004664827447514046,-0.02111043921491645,0.053543902316957874,0.0003999999999999959
2022-09-30,0.012425726247878358,6.462035224685361e-05,-0.002601183784016518,-0.015584552869298317,-0.006933507445969212,0.0007000000000000028
2022-10-03,-0.0037577051702841185,0.024019005945363412,0.011798099338940693,0.026059012381975416,-0.04926467389430347,-0.0016000000000000014
2022-10-04,0.004013323097089272,0.014226444596111972,0.0020612017271222196,0.03051604372315882,-0.034818480355421226,-0.0004999999999999983
2022-10-05,0.015366962792935222,-0.005553659432976476,-0.009515816582447923,-0.0023310231321884557,-0.018049794693725838,0.0013999999999999967
2022-10-06,-0.0073711760409446,-0.0011269264553861384,-0.005523439063657655,-0.010369175913064946,0.06672531203596996,0.0007000000000000028
2022-10-07,-0.012381194971008931,-0.011023386142689101,-0.004923522679026804,-0.028290304190582382,0.02715099352988201,0.0006000000000000005
2022-10-10,-0.005535011240227534,-0.015318203217156916,-0.005898437654009657,-0.007664733404398809,0.03416725171638206,0.0
2022-10-11,-0.0025667468761050396,-0.002060212330939929,0.002531840057744653,-0.0063531067372524334,0.03571809085163382,0.00040000000000000034
2022-10-12,-0.0010190096651594642,0.005335071671709423,0.003261255574161812,-0.0033039505055399462,-0.0017857556117495637,-0.00020000000000000017
2022-10-13,0.0008054917847734313,-0.006947611087114204,-0.004210306858989502,0.026048772676083243,-0.04977364239369622,0.0006000000000000005
2022-10-14,0.004456053379512562,-0.012537160793022467,-0.005605814964153116,-0.02305220958293661,0.0025015623572302516,0.000299999999999998
2022-10-17,-0.0012278291632679555,0.0028720806307473926,0.0010602995677063372,0.025372202230355932,-0.02050867290942354,0.00019999999999999573
2022-10-18,0.010928647456163097,0.002148660090392182,0.0025397965868298633,0.01168114467046805,-0.028125365341958763,-9.999999999999786e-05
2022-10-19,0.001773901881606993,-0.013488925988338462,-0.010518253032249954,-0.0071116568663077365,0.00848846846496936,0.0012999999999999989
2022-10-20,-0.009923054996403871,-0.0015834633753089122,-0.007503927320235522,-0.008420758743512375,-0.02568467467285204,0.0010000000000000052
2022-10-21,0.001270565200929725,0.01767059741452654,0.002256912142755414,0.024010977315256553,-0.009720170642020446,-0.00030000000000000247
2022-10-24,0.00826791765473566,-0.0032488658845126403,-0.001289224938769354,0.012162265947195723,0.005374545854703685,0.00040000000000000034
2022-10-25,0.002675640869900312,0.002275353560635257,0.012393245541524961,0.01584224348475494,-0.04768529212537634,-0.0015000000000000035
2022-10-26,0.007781101042108333,0.006343446354353355,0.005084177643674414,-0.007562460864702481,-0.04234570234723907,-0.000599999999999996
2022-10-27,0.012785248640600487,-0.0015497241473593686,0.007052594601169746,-0.005354385112737458,0.004024102845698542,-0.0008000000000000007
2022-10-28,-0.012376571094321305,-0.01026317410117862,-0.005153566587554552,0.02351221434121878,-0.06174333388150429,0.000599999999999996
2022-10-31,-0.0012850891507327354,-0.008194886192774814,-0.004543802005587156,-0.007249499809007005,0.00503581009507937,0.0008000000000000007
2022-11-01,-0.0069244643938310545,0.010151726172797497,-0.0001802972088835994,-0.004385523885540507,-0.0027084441661897746,-0.00029999999999999363
2022-11-02,-0.0008498484807726496,-0.006996970202892216,-0.0017006859469831583,-0.025416472731973422,0.0019354039072249207,0.00029999999999999363
2022-11-03,-0.0064492786516353135,-0.003813297433937162,-0.00436920770200828,-0.010350562889603968,-0.021893031368095072,0.00040000000000000034
2022-11-04,-0.006622268577274553,0.0302345832528433,-0.002138856561922392,0.014290853995751971,-0.03009254241419883,0.00030000000000000247
2022-11-07,0.01821134690851107,-0.003970260739379374,-0.0035386898965383538,0.009520043149993095,-0.008179957968859137,0.0004999999999999983
2022-11-08,0.00900614640617105,0.022836328940686813,0.006638143661458333,0.005380926998416122,0.047714021256488805,-0.0008000000000000007
2022-11-09,0.006190521830417323,-0.005029894759161607,0.003408610499010629,-0.02081711613537891,0.0213062185459617,-0.00019999999999999573
2022-11-10,-0.006100333328057607,0.029990153003992607,0.02219195869852943,0.05349713573991628,-0.10327587307618198,-0.0030000000000000027
2022-11-11,0.017088145716665497,0.00658459794711783,-0.002082378190644286,0.009632028202071397,-0.0438724083225021,0.0
2022-11-14,0.01328688092947409,0.0021852662272774694,-0.0024003004699895076,-0.008543144554003701,0.05233622755869435,0.0006000000000000005
2022-11-15,-0.0008982339897683712,0.0035106980811025834,0.007390688982372165,0.00849290717838081,0.03356442543314979,-0.0008000000000000007
2022-11-16,0.003732208964276908,-0.0022987420952167376,0.007336643633817529,-0.00765813842264852,-0.01767775908195146,-0.0012999999999999989
2022-11-17,0.003579922982457949,-0.007293959961673216,-0.006818213060337834,-0.00306433971246879,-0.007493802835230617,0.0010000000000000009
2022-11-18,-0.0032068688117481065,-0.006917507382313755,-0.003530372199393886,0.004529930162137924,-0.03443483456993681,0.0004999999999999983
2022-11-21,-0.0029797984214465644,-0.0056056352070885974,-0.0006247959106001705,-0.0036426435147766394,-0.03342440451971913,0.00010000000000000231
2022-11-22,-0.008282004908750605,0.0011730356909015207,0.005709292594393151,0.013367239253027496,-0.04903615367539873,-0.0007000000000000028
2022-11-23,0.006362364906543442,0.006212503317279542,0.005366949939201777,0.0062818993990073815,-0.04515659127403576,-0.0004999999999999983
2022-11-25,-0.0007809388137343784,0.000858102340972588,-0.00030879231659536663,-0.0002237321302302365,0.00734395551031755,-0.000299999999999998
2022-11-28,-0.00390593444818525,-0.007934893665371402,0.00041226052608033144,-0.01608579015523233,0.08011771054057051,9.999999999999786e-05
2022-11-29,-0.002123004481568896,0.004928261563008794,-0.004229298127530843,-0.001719025343357232,-0.014512713032827779,0.0006000000000000005
2022-11-30,-0.0020359552381959117,0.012700921015012894,0.008952631798084431,0.031014870527068965,-0.06171015695339056,-0.0006999999999999984
2022-12-01,0.009721073718734909,0.01821784239630758,0.010863101402432648,-0.0007362355407282276,-0.036619617151065965,-0.0015000000000000035
2022-12-02,0.009837653378816175,-0.0034616677176241193,0.0020289427018440344,-0.001154568510433663,-0.040108239341404936,-0.00020000000000000017
2022-12-05,0.0014961831121075887,-0.01730780530272015,-0.010185431480349007,-0.018152952492752214,0.08495437647046357,0.000900000000000003
2022-12-06,-0.004492329102575546,0.0027336344458788004,0.006123595129869161,-0.014519716315319418,0.06619378039282739,-0.000900000000000003
2022-12-07,-0.002662687988950827,0.008998493556537802,0.008712547666685229,-0.0017026520861067916,0.022743465245738823,-0.0008999999999999986
2022-12-08,0.004217558881531055,0.0008413425277820795,-0.005664668091154629,0.0078036256919576845,-0.017345303844040455,0.0006000000000000005
2022-12-09,0.004404086803714652,0.0035378943750204003,-0.007433091322405287,-0.007498316671559848,0.023937268728642467,0.0008999999999999986
2022-12-12,-0.0035522143897896534,-0.008294841833501867,-0.001431390172468927,0.014314245210952353,0.09080036766832521,0.00040000000000000034
2022-12-13,0.001853566131702255,0.016936889733695327,0.008965715267466716,0.007541404502263704,-0.10314079275274912,-0.0010000000000000009
2022-12-14,0.00802275589918932,-0.0024359858905979824,0.002734981567132009,-0.006414096414896906,-0.06456808054524123,-0.00019999999999999573
2022-12-15,0.004665415530993445,-0.016494600382901816,0.0019438824637079397,-0.024765711680456555,0.0769085056296651,-0.0005000000000000026
2022-12-16,-0.003357472785711803,0.008671019495160068,-0.002531601947378719,-0.011876392735061194,-0.009240949410513647,0.00040000000000000034
2022-12-19,-0.005232043416178128,-0.0028218082489996433,-0.008146036367291998,-0.008515977057465278,-0.008881086742406634,0.0008999999999999986
2022-12-20,0.002787749794717641,0.016458298941440037,-0.007285840178510743,0.0013676031748370604,-0.04283117271744946,0.001200000000000001
2022-12-21,0.0011683215286929897,-0.0016573862871153066,0.0012351482913478106,0.014841607694989633,-0.06789610072682875,-9.999999999999786e-05
2022-12-22,-0.0015928200295245159,-0.012158980168932585,-0.0003086440780973186,-0.014368902520478373,0.09045170754006276,-0.00010000000000000231
2022-12-23,-0.0006363550446384674,0.002993835039254722,-0.004537288026615361,0.005735830651716381,-0.05136509384120208,0.0008000000000000007
2022-12-27,-0.0025889456317026356,0.008394677302769623,-0.008407025243123483,-0.003951318206589722,0.036692675527112216,0.0008999999999999986
2022-12-28,-0.0002871907082003092,-0.004515989032750605,-0.0024004080700593816,-0.012505651599524761,0.022380462884019337,0.00040000000000000034
2022-12-29,-0.0007444128462590291,0.005582639597805041,0.0048986369481705035,0.0178401612171221,-0.032127538600664654,-0.0004999999999999983
2022-12-30,0.0029593483845724387,0.004667758029330661,-0.004167634422365259,-0.0026375179324144545,0.010670457956980314,0.0004999999999999983
2023-01-03,-0.002994245842760573,0.008335816871946341,0.007800043230227928,-0.004218819478294156,0.05520807483314222,-0.0008999999999999986
2023-01-04,-0.012331112219669753,0.009367889939565922,0.007636573360885723,0.007690444754511494,-0.03963998796476396,-0.0010000000000000009
2023-01-05,0.0056266257915620664,-0.01252963086748756,-0.001440120361936738,-0.011479039011317048,0.02023900261036192,0.00020000000000000017
2023-01-06,-0.007965313943903736,0.01853466381119925,0.01278743064589889,0.022673026004720865,-0.06104211663738497,-0.0016000000000000014
2023-01-09,0.01266446764454612,0.0022426010679794787,0.0025377726757726065,-0.0005668204104043039,0.03898406323239964,-0.00020000000000000017
2023-01-10,0.007186750031592487,0.003669304474491391,-0.006305949727264317,0.006988345136224831,-0.06535812844402532,0.0008000000000000007
2023-01-11,0.0005367494741383354,-0.0006870298860052756,0.0064073683330790575,0.012568542140985777,0.02447927502705114,-0.0006999999999999984
2023-01-12,0.0025161245552818563,0.011501603213231942,0.008881538715002411,0.003634273240513792,-0.11334766310842789,-0.0010999999999999988
2023-01-13,0.00871525666027755,0.011930333702592914,-0.00533955915159137,0.0038718223371899648,-0.025821743328217784,0.0006000000000000005
2023-01-17,0.0005088817702902599,-0.006566591290624395,-0.003136667451752114,-0.0018335130790837375,0.053579518085733954,0.0003999999999999959
2023-01-18,-0.003405693577534443,-0.0028758838411488395,0.013487940364122665,-0.01591411146773485,0.049380284747422815,-0.001599999999999997
2023-01-19,0.00042104731419264534,0.015743931377470842,-0.0019015654219788742,-0.007306351295180818,0.008810644488462888,0.00020000000000000017
2023-01-20,0.0033312026121230954,-0.0033409804213138158,-0.006633146362011846,0.018457767982090974,-0.03319601625992202,0.0008999999999999986
2023-01-23,0.002875225962125885,0.0018946378029897782,-0.0032320723363651674,0.011927130100293417,-0.002017192599349769,0.00040000000000000034
2023-01-24,0.0008477594599432104,0.0036119840879409123,0.0057498266616656,-0.001073999658419383,-0.031276514981302975,-0.0006000000000000005
2023-01-25,0.0012731397801450267,0.0045933937952083075,0.0011058411465000252,0.0003749059597810117,-0.006269656748659141,0.0
2023-01-26,0.0031079443693967086,-0.00909651500360829,-0.003623595471800414,0.010930427479203196,-0.018514170005640936,0.00030000000000000247
2023-01-27,-0.0025307945071393893,-0.0013939615756237058,-0.0015136147875667487,0.0022949965963229234,-0.011815353065151442,0.000299999999999998
2023-01-30,-0.002111230865447573,-0.002570014931290955,-0.0031357158625697624,-0.012626136930256313,0.07441665236620897,0.000299999999999998
2023-01-31,-0.0019115507750811752,0.0036296165072691286,0.005052649191842249,0.01459632094464805,-0.027454744911028,-0.000299999999999998
2023-02-01,0.0009444879359144774,0.012518134528387544,0.007166199766032476,0.010571597583207687,-0.08214967027130217,-0.0012999999999999989
2023-02-02,0.013889426300071808,-0.0209702840085377,-0.00040120711248883703,0.014451991637059253,0.04700311588127257,9.999999999999786e-05
2023-02-03,-0.009830096693875398,-0.025274496401227434,-0.010793682598129774,-0.010686049542686248,-0.02158743432649611,0.0012999999999999989
2023-02-06,-0.010533224660065373,0.002073259184240806,-0.00865770370109824,-0.006130014433157092,0.05827922140640191,0.0010000000000000009
2023-02-07,-0.005584813467052059,0.0009200023760844002,-0.00245847292660844,0.01299385159618208,-0.040436091853844745,0.00040000000000000034
2023-02-08,-9.654286024440955e-05,0.002468544755507998,0.0036853160280040753,-0.010994991550788858,0.05067677829384996,-0.00040000000000000034
2023-02-09,-0.0012975112698280708,-0.007943887464013586,-0.004506006275225638,-0.00870697025801973,0.0535576656646979,0.00040000000000000034
2023-02-10,0.0024677288529569175,0.0019053779351280687,-0.004835292872923826,0.0023308157636504957,-0.00872936672367463,0.0007000000000000028
2023-02-13,-0.006029713504830647,-0.005089097798950408,0.0023687350132353966,0.011670829109193127,-0.009297866354522386,-0.00020000000000000017
2023-02-14,0.004923821832562189,0.000753454984742333,-0.004537165960063597,-0.0004603082202638544,-0.07289852352107458,0.0004999999999999983
2023-02-15,0.000493805176462593,-0.010014646847400324,-0.0030018180846493768,0.0032421705219054927,-0.03662231102109,0.00040000000000000034
2023-02-16,-0.0041033356099456205,-0.0008195726363130796,-0.003323178069262316,-0.013864695105312965,0.10112779216855393,0.0004999999999999983
2023-02-17,-0.0024348106615187685,0.002982339072148569,0.0028046533861902294,-0.002501238787731549,-0.007464558996273437,-0.00040000000000000034
2023-02-21,-0.00017083247061335562,-0.0037440046605545256,-0.010950520528746165,-0.020264939185391073,0.13309424797811642,0.0013000000000000034
2023-02-22,-0.0028695678084155025,-0.0056423768979153,0.0017806997869834807,-0.0013789960116971829,-0.02568785625927578,-0.00020000000000000017
2023-02-23,-0.004347163411922486,-0.0005305918526508475,0.003865916024811406,0.005305360324906785,-0.05297123690102267,-0.0005000000000000026
2023-02-24,-0.0007315422531570732,-0.0072206822499255125,-0.0060663963519791645,-0.010739964563634538,0.02476186749877466,0.0007000000000000028
2023-02-27,-0.004093047633147317,0.003912670406128105,0.003037842855394796,0.003400077197174859,-0.0337901362836813,-0.00030000000000000247
2023-02-28,0.005333744882631879,0.004545621851780495,0.0015675892297842766,-0.003702737963517351,-0.01200494565700265,0.0
2023-03-01,-0.003199469102332789,0.005755555600934512,-0.008026967157159753,-0.003843265871487969,-0.005814010429586494,0.0008999999999999986
2023-03-02,0.008625932198623705,-0.000585735153896139,-0.004122219657121008,0.0077472822295935,-0.049300486953194694,0.0007000000000000028
2023-03-03,-0.006508235473883866,0.010666001055863707,0.008017658857028532,0.015910428156813615,-0.057789206725168754,-0.0010999999999999988
2023-03-06,0.00249404754925224,-0.0050565936951402655,-0.0017880742664717875,0.0006925330166873695,0.006469070430775006,9.999999999999786e-05
2023-03-07,0.005829571489454962,-0.017635068390636166,0.00010547988593791968,-0.015447455032390114,0.05132013629439375,-9.999999999999786e-05
2023-03-08,-0.01295549318169404,-0.0004745630282821619,-0.00031575712875586286,0.0016308543946762654,-0.02480744955448161,9.999999999999786e-05
2023-03-09,-0.00011604393253258556,0.00980112770009771,0.006192670693116183,-0.018622349197087964,0.1681805230936015,-0.0004999999999999983
2023-03-10,0.0033286223856131797,0.021333667247723984,0.01824814684274348,-0.01453448207367356,0.09245130912260863,-0.0023
2023-03-13,0.00930472022571737,0.022688861946558777,0.012051071316508762,-0.0014262916513383505,0.06705556017148671,-0.0015000000000000035
2023-03-14,0.0038642763226350934,-0.005807897981361377,-0.009485773934534421,0.01639490517693179,-0.11115913142156775,0.000900000000000003
2023-03-15,0.00024672420948644856,0.007773838437142398,0.014346305375764501,-0.006273887876917274,0.09672663368957533,-0.0013000000000000034
2023-03-16,-0.013542768888188825,0.0020180543660701534,-0.009031477191870838,0.017393032807608486,-0.12840735602736547,0.0005000000000000026
2023-03-17,0.0029041044625179304,0.028704276731304438,0.011755062024660435,-0.011761589829891618,0.10401121230658243,-0.0016999999999999993
2023-03-20,0.006079118908904215,0.00038079522406509364,-0.0040379092703462125,0.009569682577064613,-0.054786176823226014,0.0008000000000000007
2023-03-21,0.003766032493777598,-0.019055524569337897,-0.008737027039737841,0.013045130707259081,-0.12182849795903464,0.0011999999999999966
2023-03-22,0.0051261462943097014,0.016877382247649345,0.013077251644572742,-0.01719346803393808,0.040335489785902484,-0.0010999999999999988
2023-03-23,0.008884978951823826,0.012460224063676011,0.005724651555190889,0.002699610033168612,0.01560095715503785,-0.0010000000000000009
2023-03-24,-0.003255851136334388,-0.011316136891165252,0.00030024377160151186,0.006540552019111762,-0.03923844211971962,0.0
2023-03-27,-0.0052627456329634136,-0.009299831745516749,-0.012389860733928898,0.0018680972558249844,-0.053862776851436873,0.0014999999999999992
2023-03-28,0.002676531691747025,0.008155744573006158,-0.0006087569843013323,-0.0022472022136080243,-0.031059981269611188,0.00020000000000000017
2023-03-29,0.0029980508706151767,-0.0049731154716589265,-0.0017251283985591061,0.014430199824791077,-0.04349616152765742,0.00020000000000000017
2023-03-30,0.00037945700938650024,0.008998964139577773,0.0015223569466363068,0.005838307337764738,-0.005243870331479798,-0.00020000000000000017
2023-03-31,0.00561102204353324,-0.0052258772770236855,0.005463107180773419,0.013996229419483175,-0.016967516525293273,-0.0006999999999999984
2023-04-03,-0.00933429102172971,0.00717858251921089,0.004699603793626853,0.0038032876889847527,-0.008053816734809512,-0.0004999999999999983
2023-04-04,0.010032490718915488,0.018469345695108275,0.006418534302794921,-0.005563422503479324,0.023969231241808685,-0.0008000000000000007
2023-04-05,0.0043744645083256635,-0.0007982432900846041,0.00418981824265335,-0.002621749594094601,0.004201682855065258,-0.0005000000000000026
2023-04-06,-0.005192595096162725,-0.007159660374899593,0.00029873473650079323,0.003893277365143319,-0.03629001813861621,0.0
2023-04-10,-0.0006003677951654333,-0.007427401530065852,-0.009901580883599704,0.0010259850074406142,0.030508103867642994,0.00020000000000000017
2023-04-11,-0.004062541073859795,0.00630066529229023,-0.0004023541953141545,0.0002684646277982353,0.006829607274288469,0.00020000000000000017
2023-04-12,0.004422717649457876,0.0048732452945133,0.0029121735269370497,-0.004084528456752341,-0.0005237092940851025,-0.00020000000000000017
2023-04-13,0.007517639083118104,0.013425150587981827,-0.0033141776834361676,0.013195399864893608,-0.06996623129446441,0.00040000000000000034
2023-04-14,0.004962212603613521,-0.017869017219899003,-0.004941313047781032,-0.002445562221540656,-0.041875895507824036,0.0006999999999999984
2023-04-17,-0.0061715209978287396,-0.004463702764476622,-0.006389034001621285,0.003581757424065764,-0.007054640090812043,0.0008000000000000007
2023-04-18,-0.005587493587279635,0.0038732698004284223,0.00162655127128298,0.0006519127727765889,-0.007104875168132019,-0.00020000000000000017
2023-04-19,0.004566272411435851,-0.004789973842757965,-0.0021354455585947114,-0.000168911223618204,-0.02222986404192645,0.00020000000000000017
2023-04-20,-0.002115996750198505,0.003930524556986942,0.005785240965884136,-0.005472018617389205,0.04223053972525203,-0.0006000000000000005
2023-04-21,0.0017100195037914891,-0.009936876904451981,-0.0024317449131092475,0.0007765074757364518,-0.023572076221130268,0.000299999999999998
2023-04-24,0.0019436539865792446,0.0030347260178608367,0.004857505142671214,0.0010427066962894183,0.007130091551149501,-0.0004999999999999983
2023-04-25,0.006097313856667734,0.005073426510561733,0.009845626397526995,-0.016001191717914233,0.10500526109575481,-0.001200000000000001
2023-04-26,-0.007360557750447326,-0.005452222698836941,-0.00390627836678181,-0.004244576107932185,0.004255321468758906,0.00030000000000000247
2023-04-27,0.006255217206481515,5.4098929279614626e-05,-0.006545022421413244,0.019712477674043414,-0.10100574225300608,0.0009999999999999966
2023-04-28,-0.0013799111710280244,0.0002706158931134578,0.007447643372263332,0.008498777777505025,-0.07623323649860547,-0.0008999999999999986
2023-05-01,-0.0019178010282847264,-0.004501468248394752,-0.011839588500170311,-0.0010101587331376317,0.018832960510421673,0.0014999999999999992
2023-05-02,-0.0037915711025151917,0.01911282169964554,0.012934710048486014,-0.011302808526937129,0.10049800969856827,-0.0014999999999999992
2023-05-03,0.0037915711025152355,0.00844333039400111,0.006504638521696425,-0.006887681351490425,0.031010206443528907,-0.0006000000000000005
2023-05-04,0.0052549776984911626,0.0070083375794598906,-0.0001994065929817303,-0.007108274721143804,0.09113771127378989,-9.999999999999786e-05
2023-05-05,-0.004164264686122795,-0.015771672012865213,-0.0054018649123959515,0.01834343570700683,-0.15589433595937743,0.0006999999999999984
2023-05-08,-0.0003857253962110418,0.0012261535425393925,-0.0061378165343467786,0.0002665000468008727,-0.012291696538472011,0.0008000000000000007
2023-05-09,-0.002047395993579254,0.007061173494320532,-0.001212120583593239,-0.0043950140540042135,0.04209324617502903,9.999999999999786e-05
2023-05-10,-0.002865913186300644,-0.0014294640409970906,0.007449930785657133,0.004661366282698765,-0.04445167934890709,-0.0009999999999999966
2023-05-11,0.0017668981432014084,-0.008619799546280105,0.0037043397521783917,-0.0017453708714672337,-0.0005905065795475104,-0.00040000000000000034
2023-05-12,-0.006568885442957101,-0.0017115440993108683,-0.006013703819729672,-0.0013111457878258964,0.0058893208235718105,0.0006999999999999984
2023-05-15,-0.005462812705340129,0.0021389727993926496,-0.002214177263059544,0.0034439720342928585,0.005270884739881481,0.00040000000000000034
2023-05-16,0.0019335633003228461,-0.01257816833072297,-0.0032294996121644557,-0.0067049497667597295,0.049568615505478746,0.00040000000000000034
2023-05-17,-0.0007390751916854932,-0.0034678951337034376,-0.0032398772625464776,0.012065888132803713,-0.06427908893475077,0.000299999999999998
2023-05-18,-0.0025176532621469594,-0.0130577944134065,-0.0062050770727597755,0.009587159551169577,-0.04982814426410975,0.0008000000000000007
2023-05-19,-0.005824982238710198,0.009850156652287684,-0.0037829055304207915,-0.0014562570460633615,0.046265113609435415,0.0005000000000000026
2023-05-22,0.004384526476817772,-0.002344243508491738,-0.0018453788184331413,0.0004061968439679503,0.02351664137575075,0.00020000000000000017
2023-05-23,-0.0010816775529980448,0.0012000108481294142,0.00164036032032201,-0.011286307730675167,0.07390052032710898,-0.00020000000000000017
2023-05-24,-0.003830587378759216,-0.008101176111367243,-0.0025643283362272464,-0.0072712091884721925,0.07784010660543,0.000299999999999998
2023-05-25,-0.0011517220146606885,-0.00966457904681634,-0.006284820315816154,0.008622475628351715,-0.04545082982256886,0.0010000000000000009
2023-05-26,-0.0030611228585489007,0.003987606250000357,0.0018587174279909237,0.01286766389587426,-0.06419019669813379,-0.00030000000000000247
2023-05-30,-0.0014359146269737272,0.006171471778321201,0.007809993262268845,0.0003809179625324261,-0.02767765946212412,-0.0010999999999999988
2023-05-31,0.0023693153366323217,0.001537018842589403,0.0037801543741308344,-0.005560710548017567,0.027120388423994002,-0.0004999999999999983
2023-06-01,-0.0035357396735581593,0.007867103377943474,0.0027767145233135665,0.009456137556354185,-0.1365619937886482,-0.00030000000000000247
2023-06-02,0.0061149472576090295,-0.014857275420164814,-0.007982890200520757,0.014357629101475549,-0.06944933776874544,0.0008000000000000007
2023-06-05,-0.005793991984985513,0.0060023657211361265,-0.00030835726513316086,-0.001918089504768112,0.008864644555220937,0.0
2023-06-06,0.0012310444535194906,0.0010974372841259582,0.0006165327520433594,0.0021751425614822298,-0.053690099330757315,0.00010000000000000231
2023-06-07,-0.0012845298458358555,-0.012083252758880945,-0.007320072141624075,-0.0034638710406634235,-0.0014337248360685253,0.0008999999999999986
2023-06-08,0.0008775787233301165,0.013124733073092816,0.006703539389580751,0.006030478336428234,-0.021022881546280903,-0.0006000000000000005
2023-06-09,0.007005755705541979,-0.002688130119841765,-0.0036039060531908727,0.0017926250691762597,0.013100646475644698,0.00020000000000000017
2023-06-12,-0.002950108908663662,-0.0008792504640156504,0.0016490843385134392,0.009031042383890842,0.08187652073388114,-0.00020000000000000017
2023-06-13,0.001118733030584114,-0.00739483312084137,-0.007131165681201691,0.00657119436911661,-0.027010458630547705,0.0010999999999999988
2023-06-14,0.0024462092295930112,0.0005537743402144653,0.0013471273112146299,0.0011900712485828622,-0.05125723893976474,-9.999999999999786e-05
2023-06-15,0.004964585042939019,0.007005982383036087,0.007738860084664519,0.012321491063014963,0.04369968610284749,-0.0010999999999999988
2023-06-16,0.0094453390353827,-0.001540401760914932,-0.004326318188304357,-0.0034119130114424454,-0.06850038475975376,0.0004999999999999983
2023-06-20,-0.0016290790607261115,-0.010404681043488588,0.00298940902932845,-0.0052018395345646805,0.024800698656906404,-0.000299999999999998
2023-06-21,-0.0003603890756642699,-0.0014474699268161662,0.0009256760492802089,-0.005136923899711921,-0.050232148180967114,-0.00020000000000000017
2023-06-22,0.0065958385047388485,-0.009966480697039254,-0.0056715406729312525,0.0036033059539297228,-0.022214622103519467,0.0007999999999999962
2023-06-23,-0.0030732684689762355,0.0027534519339434175,0.004127952067949426,-0.007588691979251074,0.04023311083432769,-0.000599999999999996
2023-06-26,-0.004777632503592381,0.0017380933759117798,0.002468582035018589,-0.0040941879146918015,0.05852160284113717,-0.00020000000000000017
2023-06-27,0.00034915070130469645,-0.00460411859047838,-0.003498995411517351,0.010903742770571573,-0.03644563657852305,0.0004999999999999983
2023-06-28,0.004275092385421326,-0.002310076023493695,0.004012665293151827,0.0005041913090574656,-0.022820236877551976,-0.0006000000000000005
2023-06-29,-0.0037840835446616475,-0.0010723394318449203,-0.010321152519034628,0.003933684727781839,0.008157231408190429,0.0014000000000000013
2023-06-30,-0.004389391468142812,0.006641221688667137,0.0021763580605371905,0.011731649472155846,0.0036859747242309056,-0.00040000000000000034
2023-07-03,0.0036256293054996442,0.001121247777740352,-0.004346841870080043,0.0011497471217665886,-0.001472788033232051,0.0004999999999999983
2023-07-05,-0.002583028033271871,-0.003536277643963551,-0.004805753546923895,-0.0014880842741848734,0.043971091267771496,0.000900000000000003
2023-07-06,-0.002609042610231512,-0.002984649764026069,-0.008202032009040554,-0.007861592930248077,0.08512897479383703,0.0009999999999999966
2023-07-07,0.0031316333957207934,0.007473004815488796,-0.0012679188420742992,-0.0025280526494298717,-0.0403093664141097,9.999999999999786e-05
2023-07-10,0.007235687276283276,0.0007833887164984092,0.005166854411013787,0.0025280526494297945,0.016053841382581882,-0.0004999999999999983
2023-07-11,0.0032964262291078506,0.003740607755698653,0.0021013135694079406,0.006348297543414488,-0.015379744366417324,-0.00019999999999999573
2023-07-12,0.0007375598559580265,0.013450555215707776,0.009713559242101913,0.008013736021713177,-0.09167798335466223,-0.0013000000000000034
2023-07-13,0.011777095963888725,0.0007144446386035077,0.008280623234351773,0.007905539279839552,0.005156526770827636,-0.0010000000000000009
2023-07-14,0.007056971456513566,-0.003191736429074845,-0.0049602284224294114,-0.0006230257782818829,-0.020037739511752393,0.0007000000000000028
2023-07-17,0.00038176749039734993,0.0007163001287564502,0.0016561157066374756,0.003466070733279509,0.01044001959958077,-0.00020000000000000017
2023-07-18,0.0008760804247069806,0.011391151915954767,0.0011369525745310435,0.007403145341541738,-0.013443021956755858,-0.00010000000000000231
2023-07-19,-0.0007750081239521136,0.00016334311378929522,0.0034032956936241934,0.002221376315053231,0.03400179957037673,-0.0004999999999999983
2023-07-20,-0.0021089211406578354,-0.005076251540707413,-0.007959232211227211,-0.006656557726850724,0.01657692317794938,0.0010000000000000009
2023-07-21,-0.006099333142796828,-0.0030692385170081175,0.0008303420588024895,0.0,-0.0282729515257504,-0.00010000000000000231
2023-07-24,-0.0010575594390251743,-0.004290665079151833,-0.002387868634290216,0.00445730275236018,0.02253817417444661,0.00020000000000000017
2023-07-25,-0.0056025324565005105,0.0055524167407638,-0.001872748412064908,0.0027263572441161713,-0.003601025974701848,0.0005000000000000026
2023-07-26,-0.0011498495492447674,0.004867250719561796,0.003430274987552722,0.00015372052251970915,-0.049548034075017525,-0.0005000000000000026
2023-07-27,0.002522653382695378,-0.015836715414990758,-0.010956273692513353,-0.0066520122314099395,0.08846346450642487,0.0014999999999999992
2023-07-28,-0.0090322881585568,0.007949707574281263,0.003247151099864505,0.00974256147920305,-0.07790527095526222,-0.0004999999999999983
2023-07-31,0.004136542263487061,0.002690787072191872,0.001254357736655532,0.0019021409961637833,0.022256125637552852,0.00010000000000000231
2023-08-01,-0.002422420040456656,-0.010418766955581723,-0.005860452917769799,-0.002865436831716565,0.021771555594829607,0.0007999999999999962
2023-08-02,0.000935235248612383,-0.004776993918500052,-0.0020030492646854014,-0.01400843317692995,0.14415316078816773,0.00030000000000000247
2023-08-03,-0.005806247203498307,-0.00033420291832367705,-0.007415119182797612,-0.0028701312392492265,-0.010621785279120752,0.001200000000000001
2023-08-04,0.000678808663551108,0.003613876354074006,0.010576146210594531,-0.004532926560469058,0.07150230060821507,-0.0015000000000000035
2023-08-07,0.004654296286017525,-0.002277988932518744,-0.0024222822053529504,0.008690675871888959,-0.08096905581433864,0.00040000000000000034
2023-08-08,4.3987404008198875e-05,-0.006361270240024672,0.005049065619280613,-0.0043582512851142,0.013854082529355417,-0.0007000000000000028
2023-08-09,-0.004030051842362894,-0.00476956334967285,0.0006293885339692393,-0.006707688982516971,-0.0018779181199778247,-0.00019999999999999573
2023-08-10,0.0017110349162026246,-0.0010691758408616784,-0.007684572687340314,0.00035888150966870575,-0.006916070021043794,0.0008999999999999986
2023-08-11,0.0003623075742100826,0.0,-0.005297650251887596,-0.0005832478750080906,-0.06584327636934291,0.0007000000000000028
2023-08-14,-0.0033984892951348677,-0.003045220530389694,-0.0015947117625390401,0.005504993295871648,-0.001348648745654453,0.00030000000000000247
2023-08-15,-0.003157967124503774,-0.0026580037072091345,-0.00191748281791374,-0.01171738584163096,0.1049555403517941,0.00019999999999999573
2023-08-16,-0.0005235270892915599,-0.005792775189194925,-0.003845042250518846,-0.007365264011677466,0.0192546023319537,0.0007000000000000028
2023-08-17,-0.0026897159765402793,-0.0015390561619561794,-0.0012851532403210897,-0.007649020755429081,0.06405412144418428,0.00019999999999999573
2023-08-18,-2.170477883410121e-05,0.0001711135895520659,0.0029960659019601273,0.00048117963061039564,-0.03353540600052895,-0.00040000000000000034
2023-08-21,8.703551240746353e-05,0.00273392964256731,-0.006216057991101386,0.0064853030373349715,-0.0098751940591841,0.0008000000000000007
2023-08-22,0.0020903019933335067,0.0016481975934526548,0.0004299799568454728,-0.002712249377026508,-0.009384224560183918,0.0
2023-08-23,-0.004751376251991785,0.010113328144583607,0.010794519000644234,0.011076036046786699,-0.060109127091726666,-0.0014999999999999946
2023-08-24,0.001758781883683745,-0.0002248455933195227,-0.0037272195443794295,-0.013955908569740398,0.07357151648426023,0.00040000000000000034
2023-08-25,-0.006152814519424532,-0.0012941233726573686,-0.0003202411626195305,0.007024957296706432,-0.09252339379134868,0.00019999999999999573
2023-08-28,-0.00016206242353233513,0.002867238875764686,0.0027711876723040137,0.006321361084588684,-0.03901667686447267,-0.0004999999999999983
2023-08-29,0.0026055993913910217,0.00972069237763269,0.007106067682127243,0.014351321388560644,-0.04267495616173335,-0.0008000000000000007
2023-08-30,0.004024426701277785,0.002498750315822613,-0.0001055723980569684,0.004110308936438406,-0.040245438035115294,0.0
2023-08-31,0.005810180468786455,-0.001665111347163996,0.002006276216284356,-0.0014643149436964302,-0.02258751196590744,-0.00030000000000000247
2023-09-01,-0.008122741160144649,0.0004997991755412262,-0.00613133670972489,0.0018633399048602675,-0.03601285977913649,0.0008999999999999986
2023-09-05,0.0017254962677647017,-0.008195174622491511,-0.006083757572175247,-0.00433123935678437,0.06792278510731134,0.0008999999999999986
2023-09-06,-0.006348504572645787,-0.004544556063018457,-0.0025725971262325247,-0.006745167863560886,0.030923024672847757,0.00030000000000000247
2023-09-07,-0.00018239543948600666,0.0010678794784509471,0.0034289297670205107,-0.0030748533313187856,-0.0034662212677953473,-0.00030000000000000247
2023-09-08,-0.0024634271506725662,0.0003369702787594387,0.00021365499245290005,0.0015048164159544022,-0.039665218876341175,-9.999999999999786e-05
2023-09-11,0.0018952427901441611,0.0018513951035425602,-0.0017126738070911485,0.006555164988900833,-0.0028943552301342276,0.00030000000000000247
2023-09-12,0.003005598219411332,-0.005169992663578624,0.0013920845582637384,-0.005500666789081585,0.03068377394831886,-0.00020000000000000462
2023-09-13,0.00026886842534049965,-0.002312682045193072,0.001175558834836005,0.0011652671870899937,-0.0541453084074137,-0.00019999999999999573
2023-09-14,-0.0017727594378958128,0.0005080950731221542,-0.0022460692043621408,0.008585508487314748,-0.05020064383757028,0.00040000000000000034
2023-09-15,-0.009082696335297987,0.00658210689497754,-0.0031105803601615928,-0.012121606935065737,0.07293726135107188,0.00040000000000000034
2023-09-18,0.002918822702197699,0.00587038313631886,0.000966295353971775,0.0005863153987437494,0.015113640576325997,-9.999999999999786e-05
2023-09-19,0.0022856390003425054,-0.0009480950413542692,-0.0036554188392722395,-0.0020760470418576464,0.00782641191758886,0.0004999999999999983
2023-09-20,-0.0009939536517845262,0.0007251297423292754,-0.0007542956109182219,-0.009235914378011034,0.07045652915299092,-0.00020000000000000462
2023-09-21,-0.0027202094957808733,-0.0072748111459232075,-0.007465206343053637,-0.016666355216837434,0.1471437684547391,0.0014000000000000056
2023-09-22,0.0007992186092448136,0.0031961900557462815,0.0039022050844362637,-0.0022511674144099344,-0.01957461096422612,-0.0004999999999999983
2023-09-25,-0.00122531937458651,-0.005163898932470834,-0.007383549913770454,0.004196340103064502,-0.017595828819496954,0.0010999999999999942
2023-09-26,-0.005352496698744066,-0.008023084937964609,-0.0003272523758313833,-0.014800220667252418,0.1139625165984174,9.999999999999786e-05
2023-09-27,-0.0020949525340855537,-0.012443751217319037,-0.0044793005439117415,0.00039913270472544994,-0.03875626180982192,0.0005000000000000071
2023-09-28,-0.006090472631852323,-0.005009715204337903,0.0027332721493466662,0.005780687686457261,-0.04950387399329105,-0.00020000000000000462
2023-09-29,0.005424924814573403,-0.010328505518099336,0.00021850039642096466,-0.0024298284486813314,0.01032713148414973,0.0
2023-10-02,0.00026406078697280267,-0.0105542058560987,-0.008144521006466163,-0.0003977235590850416,0.005123845531178813,0.0010000000000000052
2023-10-03,-0.008028972380780758,-0.002892421000056923,-0.008311656194642868,-0.013476658408995517,0.11620440374120897,0.001199999999999992
2023-10-04,-0.0008067501641140518,-0.00011826350756014561,0.006323253566172837,0.007255634619953406,-0.06258563162924435,-0.0007999999999999918
2023-10-05,0.003314779770723716,-0.0018344684108627424,0.0018780804784560442,-0.0003767793758127571,-0.004855696259100858,-0.00010000000000000675
2023-10-06,0.003758088703719646,0.005139851922273756,-0.005867250376278235,0.011802897125147479,-0.057890340650457284,0.0006000000000000049
2023-10-09,0.0019741653150437614,0.018218478536943455,0.012687152182252092,0.006381904262498886,0.014224990313812625,0.0
2023-10-10,0.0010784244414369746,-0.0016795054754092334,-0.00197500099850583,0.005191149609772216,-0.03858814768935068,-0.001200000000000001
2023-10-11,0.0024468013261512104,0.007276507826110017,0.005476927415479882,0.004087942613016101,-0.056778564506664936,-0.0008000000000000007
2023-10-12,0.0018362293444184133,-0.0030543103873241243,-0.00966007781369984,-0.006115110098297545,0.03661179918471129,0.001200000000000001
2023-10-13,-0.008273875947999566,0.03164231938177581,0.006377558923082599,-0.0049932273463283595,0.14633104331612187,-0.0007000000000000028
2023-10-16,-0.001442402272883807,-0.004876800474351656,-0.00593635870573108,0.01046641877806628,-0.11565025596248249,0.0008000000000000007
2023-10-17,0.003108649372107452,0.0018525567250013085,-0.009860809492392588,-4.5851631421846516e-05,0.03819216578233453,0.001200000000000001
2023-10-18,0.0017746511949465053,0.014367113783494704,-0.004687469450167394,-0.013414653887019946,0.07226864500819685,0.0008000000000000007
2023-10-19,-0.0032722255890128117,0.012199301049654077,-0.004934269636302865,-0.008825242004986628,0.10743953638554474,0.0007000000000000028
2023-10-20,0.004541865427760706,0.0027271753020748097,0.005829003439342281,-0.01236412452638378,0.014382037517315394,-0.0005000000000000071
2023-10-23,0.000328189985652953,-0.003382778876821057,0.004682915184511441,-0.0017348395401526036,-0.06370967028123974,-0.0006999999999999939
2023-10-24,0.007515330568956494,-0.00010933686369138149,0.0017784493928276277,0.007511134204492602,-0.07120452368766059,-0.00030000000000000247
2023-10-25,-0.007006876982751212,0.004199991317574014,-0.008811586540617799,-0.01445616490507655,0.06232871102580391,0.001200000000000001
2023-10-26,-0.0026558561409556923,0.001577208003792872,0.007589352769294684,-0.01204672991882489,0.023979605620941095,-0.0008999999999999986
2023-10-27,-0.000264123396465434,0.011562693424814757,0.0015553701953458395,-0.004543224324143448,0.028130586336432287,-0.00020000000000000462
2023-10-30,-0.00019015336292734387,-0.005656514976963794,-0.0033358103551278506,0.011884911489636885,-0.07414415938657903,0.00040000000000000034
2023-10-31,0.00496607740248526,-0.005471503988170932,-0.0021185556200357804,0.00626067913229715,-0.0850340803068641,0.0
2023-11-01,-0.0033910961552048305,-0.0031556165767174377,0.011451473651138076,0.010608300539511133,-0.07258246473530162,-0.001100000000000003
2023-11-02,0.0007514310744385675,0.003318560440596095,0.006178058339254205,0.018982790771373645,-0.07442726548610695,-0.0009999999999999966
2023-11-03,0.0030218690662464926,0.0036323164276059108,0.007668554791067174,0.009082178619759023,-0.04907756227614069,-0.0009999999999999966
2023-11-06,0.010590070261934276,-0.00782308105070582,-0.005800763384413989,0.002297803556915171,-0.0013422487895297923,0.0009999999999999966
2023-11-07,-0.0009869601713545283,-0.004153745714031754,0.005691699696069345,0.0028419170545375735,-0.005387213140145018,-0.0008999999999999986
2023-11-08,-0.0023773226566195147,-0.010017653470627337,0.004030082875952822,0.0007322072268198868,-0.024608255254246005,-0.0008999999999999986
2023-11-09,0.001337967170313203,0.0039750574137909995,-0.009941465555082442,-0.007829304245654627,0.05650461608727744,0.0012999999999999989
2023-11-10,-0.004008444256324299,-0.01096969995324551,0.0010972927841575724,0.015484390987360569,-0.0760719583592971,-9.999999999999786e-05
2023-11-13,0.0021144041770807375,0.0055552613869160675,-0.0005483129730735195,-0.0009537587885019063,0.04079377559244869,0.00019999999999999573
2023-11-14,0.0010910067705588759,0.008879636186604513,0.014921519094004857,0.019215047304510412,-0.04149975718963313,-0.001899999999999995
2023-11-15,0.016357010041172345,-0.0026390807860946154,-0.007814251671442491,0.0021146706187300792,0.0014114651359527655,0.0008999999999999986
2023-11-16,-0.002184097901422437,0.011222864579353571,0.007489742634947161,0.0012224924572694308,0.009824597595796142,-0.0008000000000000007
2023-11-17,-7.600105306852202e-05,-0.00010890827769753537,0.0006487326559765686,0.0012430704381268395,-0.03698853423681578,-9.999999999999786e-05
2023-11-20,0.004896069984269191,-0.0016347162383040547,0.0014040553748600434,0.00766799686567734,-0.028667920069603205,-0.00020000000000000462
2023-11-21,0.0035620486609204824,0.010740019593541818,0.0012940273051633808,-0.0021816777285643507,-0.004484272494152975,-9.999999999999786e-05
2023-11-22,-0.002536177693585343,-0.004271361889171939,-0.0003230802985059798,0.0038534116931488154,-0.03817257239318107,9.999999999999786e-05
2023-11-24,0.0014168049098633336,0.005188115339681599,-0.005188860468637283,0.0006150125719428613,-0.030820324606726717,0.0004999999999999983
2023-11-27,0.0031240227376338517,0.006715220224108336,0.007557876991080347,-0.0018024595066575126,0.018290732238712026,-0.0008000000000000007
2023-11-28,0.0016424521405810828,0.013243765854618507,0.004400183027860812,0.0009895331940109734,0.0,-0.0004999999999999983
2023-11-29,0.004327051344560341,0.001478346564492718,0.005233977676326759,-0.0007036721117524532,0.022595427349522586,-0.0007000000000000028
2023-11-30,-0.002934399365846547,-0.004176660491012712,-0.004912898189708419,0.003929689874545733,-0.004633171749536714,0.0010000000000000052
2023-12-01,-0.007467027019537532,0.017124037266951418,0.009391202121379418,0.0058986151274081095,-0.02270155883612137,-0.0015000000000000035
2023-12-04,-0.00035937594202298576,-0.021850417580745678,-0.004155793771869464,-0.005263193386411947,0.035009394772744014,0.0006000000000000049
2023-12-05,-0.004638469420250361,-0.003786606077863042,0.007022587788778967,-0.00019718993377576205,-0.017740499168593812,-0.0010000000000000052
2023-12-06,-0.004077545141317587,0.003680115406357525,0.004126859279933097,-0.004038039688447974,0.009295177888952625,-0.000599999999999996
2023-12-07,-0.002500922451081591,0.001648967455985853,-0.0014792074392675277,0.00760151744825662,0.006915137061659103,0.00019999999999999573
2023-12-08,0.002360648944021793,-0.01343017351466841,-0.006471991077869495,0.004289978691554495,-0.05589806201597742,0.0009000000000000075
2023-12-11,-0.0024467931186417952,-0.011104320560253251,0.00010651783905190625,0.0038819121626056216,0.02241885146121545,0.0
2023-12-12,7.529351741870235e-05,-0.0005447904909059331,0.0021262120278123225,0.004556936361223975,-0.0453519355978245,-0.00030000000000000247
2023-12-13,0.0029760816224084843,0.022311764488914056,0.014759015108738024,0.01369589077536085,0.009892899244538716,-0.0016000000000000014
2023-12-14,0.00806654911765591,0.005845435089187632,0.008278097523566263,0.0032042103818616463,0.02351141719134706,-0.001200000000000001
2023-12-15,0.009823959841428425,-0.009208782757507555,-0.0008332544503602382,-0.0016478571676961176,-0.016155425287520307,-9.999999999999786e-05
2023-12-18,-0.008985279259387994,0.0045351876568232455,-0.002190136999858496,0.00560943662939355,0.0225452934750457,0.00040000000000000034
2023-12-19,0.002618234905509399,0.006790830606181726,0.0018775414700196546,0.0060623869606101395,-0.002391446852206076,-0.00020000000000000017
2023-12-20,0.005224244187125721,-0.005460866362358663,0.004886282088017283,-0.013954157397648992,0.0870779087201619,-0.0007000000000000028
2023-12-21,-0.003223207515872975,0.007045755720440373,-0.0015569856152957426,0.00943721860601882,-0.00146416263251253,0.00030000000000000247
2023-12-22,0.005509994507837824,0.004424614031362715,-0.0009351667668489067,0.0020075907351843874,-0.04648512304109971,9.999999999999786e-05
2023-12-26,-0.0005732601708578364,0.007591842151508473,0.0006235990756453779,0.004213718378859359,-0.003074557580709151,-9.999999999999786e-05
2023-12-27,0.002062891339460544,0.004527577262521436,0.007762096989145911,0.0018064371122199492,-0.04406688298848868,-0.0010000000000000009
2023-12-28,0.005925594861729413,-0.005832413160524756,-0.0038218412873203466,0.0003775916664413253,0.0032128510314720048,0.0004999999999999983
2023-12-29,-0.003648070996618757,-0.001568069797763166,-0.0024866443874132045,-0.0028991133772969394,-0.0016051735149952427,0.00040000000000000034
2024-01-02,-0.0015466483428338857,-0.0023566846852945507,-0.0037420737032374763,-0.005612103667722635,0.05849620755206713,0.0007000000000000028
2024-01-03,-0.008825030908954975,-0.008371755159892112,0.002392558663421742,-0.008200123443312514,0.06169358073792997,-0.00040000000000000034
2024-01-04,-0.0012793338874625213,0.0010041086074332737,-0.006043787492557307,-0.003226291527682005,0.006389808914936812,0.0008000000000000007
2024-01-05,0.0017937674187858852,0.00015844285681911228,-0.0036646091707064916,0.0013687685364692074,-0.056783791374811314,0.000599999999999996
2024-01-08,-0.0004706370138586311,-0.007846978293015706,0.003351087382424224,0.01417488292427029,-0.020432073224587316,-0.00040000000000000034
2024-01-09,0.0008647516893451855,0.0003193058065587502,-0.0004184998484015346,-0.001518213678260503,-0.024769044342090738,9.999999999999786e-05
2024-01-10,-0.001761655404589585,-0.0022906686849215973,-0.0015700028469194072,0.005639558276374242,-0.005501047194517584,0.00020000000000000462
2024-01-11,0.0038995772423958907,0.001971362878362661,0.005328311430164794,-0.0004408221951446614,-0.019897195079787117,-0.0006000000000000005
2024-01-12,0.0005927674404054035,0.009746417465784744,0.002705782073127518,0.0006924736136665982,0.02068492486626542,-0.00020000000000000017
2024-01-16,0.0,-0.009533481464917285,-0.008138801745072591,-0.003677969929473345,0.08596098276860784,0.001100000000000003
2024-01-17,-0.006132515484610715,-0.011077075533253301,-0.0032531477380421297,-0.005574113572440174,0.06638831292880744,0.00029999999999999363
2024-01-18,0.0006419301064366271,0.0081991767942437,-0.0022098128655395196,0.008853491005808225,-0.04565106934788655,0.00040000000000000034
2024-01-19,-0.0006093855084178445,0.0029842685447011067,0.00010545638135673642,0.012389037195349856,-0.06053615522690582,0.00010000000000000675
2024-01-22,0.001208331125892878,-0.003785111631635069,0.003050100359277791,0.0021121166809955232,-0.008305114652697272,-0.00040000000000000034
2024-01-23,-0.0011103749904406092,0.0038915513093621982,-0.002523595938000918,0.0029123283177438326,-0.0497382541401881,0.00029999999999999363
2024-01-24,-0.002054265784688464,-0.008281084265806291,-0.0028463177721667243,0.0010925081035528593,0.04594035840873762,0.00040000000000000034
2024-01-25,0.002195704525871863,0.003962127078988696,0.004318848030473685,0.005424147545688823,0.023318052682289685,-0.00040000000000000034
2024-01-26,-0.0031940891678824117,-0.0006949345993062643,-0.0017885916508456196,-0.0012712830935817676,-0.014227089848027405,0.00010000000000000675
2024-01-29,-0.00032535760494948154,0.007033690942251831,0.005984854074540098,0.007888223857291266,0.02531781877246082,-0.0007000000000000028
2024-01-30,-0.0008346524768681695,0.001379574176667031,0.0013599939987461649,-0.0007737186864151122,-0.021554156857807188,-0.00020000000000000462
2024-01-31,0.0008237687543271816,-0.0007426235867569977,0.008328004678098189,-0.01645189355712125,0.07523430485544266,-0.0006999999999999939
2024-02-01,-0.003647544052697876,0.010346957700093572,0.006174737672993954,0.013003211698955009,-0.03330100546520483,-0.001200000000000001
2024-02-02,0.006525183225310071,-0.00949826692011521,-0.013099260445518585,0.01047239623295688,-0.0021637031473935022,0.0016000000000000014
2024-02-05,-0.008737607110913186,-0.0055292461789592075,-0.009779758242050601,-0.0036478090818794127,-0.01308160385930721,0.0013999999999999967
2024-02-06,-0.0035510454839929734,0.0052110917695982265,0.005375101128368276,0.0028989725085874813,-0.04564950033878034,-0.0008000000000000007
2024-02-07,0.0014296890422369148,-0.0002652330017039186,-0.0017884630881440714,0.008305993765800452,-0.0177679832971823,0.0
2024-02-08,0.0017226241286986182,-0.0009022539588233346,-0.0032696391721354842,0.0004415251059863219,-0.003122560072828968,0.0006000000000000049
2024-02-09,0.00014004449588271426,-0.0038836838223869725,-0.0017974528954211,0.0057628244721441456,0.010886603777725256,0.00019999999999999573
2024-02-12,0.0019417861621720967,-0.0026153866387207837,0.0009521905429199866,-0.00043911261910276587,0.07449459331360889,0.0
2024-02-13,-0.0024050255479935757,-0.013884637194949295,-0.011057107885777143,-0.013868752851984767,0.129124714691257,0.0013999999999999967
2024-02-14,-0.005896552843757327,-0.0005962900909107332,0.0037346433068376297,0.009046563285581432,-0.09733116413954025,-0.00040000000000000034
2024-02-15,0.002165564317311469,0.006701308514327959,0.002765470979516417,0.006875980508587233,-0.02606698356529103,-0.00029999999999999363
2024-02-16,0.003881700407994871,0.003655878672840905,-0.004364135847766103,-0.004992361223311451,0.016283513224718212,0.000599999999999996
2024-02-20,-0.0008841038873163796,0.006045896751115192,0.0017053806266145043,-0.005520633060208647,0.0796104831722431,-0.00030000000000000247
2024-02-21,0.0034974498351770826,5.331114505738622e-05,-0.0031999891853467187,0.0009054805152781886,-0.005201567196740504,0.0005000000000000071
2024-02-22,0.0006706143712432586,0.0004266309391015458,0.00010660476593465271,0.020484232900890464,-0.05356033640438439,9.999999999999786e-05
2024-02-23,0.00048705682179849387,0.005635602023986369,0.004582869792195923,0.0006895016988315149,-0.055864645369204845,-0.0007000000000000028
2024-02-26,-0.0005195577476647977,-0.002229172292928307,-0.0014894853727836943,-0.0036694001854934593,-0.0007275539764438033,0.00020000000000000462
2024-02-27,0.0028497835192925793,-0.0010632481058260926,-0.0022389256026970543,0.0018560849550429785,-0.022820236877551976,0.00029999999999999363
2024-02-28,-0.0005640750300104818,0.0018068578078276945,0.003622205750488184,-0.0013224590947658666,0.03007192795607551,-0.00040000000000000034
2024-02-29,-0.0005529550220347515,0.005137049487700812,0.002018780857204555,0.0035885126838880936,-0.03230828272568495,-0.00019999999999999573
2024-03-01,-0.0031275423260024677,0.018734204946424346,0.00455466347846091,0.009344479659008417,-0.021879406901220082,-0.000599999999999996
2024-03-04,0.0034852552521659795,0.016045575240364,-0.0022268522385032376,-0.0010729701079555962,0.028573381665131348,0.00029999999999999363
2024-03-05,0.0011500159935793875,0.006002093012312388,0.00613887974238972,-0.010044556868045113,0.06943756611583544,-0.0008999999999999986
2024-03-06,7.59911547539199e-05,0.008181839163568495,0.002423565682269182,0.005054544343641684,0.0027624300578069465,-0.00019999999999999573
2024-03-07,0.004002993860566666,0.005667751261581818,0.0016831905965398687,0.00987752944767782,-0.004146545021177181,-0.00020000000000000462
2024-03-08,0.004632161004990791,0.008417025116951235,0.0007352082976616702,-0.0060204038455429635,0.020562766827898746,0.0
2024-03-11,-0.0006567834304138422,0.0018333385345244608,-0.0012609606856034809,-0.0008601678559511803,0.03204549874488908,9.999999999999786e-05
2024-03-12,-0.0010609555545411638,-0.011000916093968595,-0.00410874632304103,0.010699918958305417,-0.0950474087634793,0.0006000000000000049
2024-03-13,-0.00032786603029042014,0.006982966028737541,-0.0022196692996865044,-0.001568675400922923,-0.006524137102079705,0.00030000000000000247
2024-03-14,0.0025165550941543685,-0.004183879789555221,-0.007434068924435506,-0.0019788645975337355,0.04618935597842095,0.0009999999999999966
2024-03-15,-0.006584324557311425,-0.003199519647615038,-0.0017069935176363164,-0.006890222494846185,0.0006942193314017042,0.00019999999999999573
2024-03-18,-7.623792150198477e-05,0.0016010012977577042,-0.0011751403906776511,0.005925499389508845,-0.005567162906393808,0.00030000000000000247
2024-03-19,-0.000794052298820581,-0.0011504677080451668,0.002882133908314001,0.005541689042048736,-0.036238440258669194,-0.00040000000000000034
2024-03-20,-0.0009782543487731165,0.011841472011166752,0.0023423246365893028,0.009207004321223743,-0.05809524268421433,-0.00030000000000000247
2024-03-21,0.006780030280211767,-0.0010391759354036452,0.00010627528377488545,0.0032989003822060793,-0.009245049313565831,0.0
2024-03-22,-0.0068669447570795595,-0.008053310017860795,0.004879809516233108,-0.0018974105261636608,0.01077765171864044,-0.0004999999999999983
2024-03-25,-0.0050598547354209515,0.003189315361775875,-0.0026489713719795084,-0.00276651483040577,0.009904778937777805,0.00030000000000000247
2024-03-26,0.0028355898951227965,0.003228743279298674,0.0014843198251293952,-0.0018488052387298484,0.003783598305736472,-9.999999999999786e-05
2024-03-27,-0.000541735721696503,0.007214572450620787,0.0038065373801054857,0.008368606172223977,-0.03536110516659866,-0.00040000000000000034
2024-03-28,-0.0017533000294245103,0.012817528202410179,-0.0009504074555330976,-0.0001909846183114247,0.017836882062060327,0.0
2024-04-01,-0.00016180108386803512,0.01015632882706488,-0.00908897659659682,-0.001741398388491865,0.04802118356729221,0.0012999999999999989
2024-04-02,-0.005156421839743476,0.014664311961913869,-0.0021409519597491425,-0.006378320920361007,0.067966708578978,0.00030000000000000247
2024-04-03,0.002914025833319365,0.008734121015037044,0.0011780467736286254,0.001097820971077246,-0.019350965747437027,0.0
2024-04-04,0.006460427276889821,-0.005751211782367894,0.0034186890324725628,-0.012281066985207426,0.13187268415873488,-0.0005000000000000071
2024-04-05,-0.00011923458450640673,0.01696939930469014,-0.006634762197946628,0.01039269025677078,-0.019765911218254613,0.0008000000000000007
2024-04-08,-0.0006067326380173935,0.006209168519561451,-0.0022570585269334423,0.0005591677155095434,-0.053824720473343995,0.00030000000000000247
2024-04-09,0.003058958337697158,0.005482001328254696,0.003973766713153152,0.0011559838138973638,-0.013921341452394936,-0.000599999999999996
2024-04-10,-0.0004019198697015849,-0.00950892303540449,-0.013379561959829403,-0.01006360794991223,0.053294004573997446,0.001899999999999995
2024-04-11,-0.010886717095524747,0.019246832874495322,-0.0014132812698431608,0.007518773887825553,-0.0579778335620304,9.999999999999786e-05
2024-04-12,-0.0013847416017447754,-0.013327746093360097,0.004125124543525554,-0.013899313139958593,0.14925221979285147,-0.000599999999999996
2024-04-15,-0.007225148247919505,0.01854610800435578,-0.006411924471491221,-0.01260730072771746,0.10518719746045613,0.0012999999999999989
2024-04-16,-0.0022446258334513653,0.0012212692273934644,-0.003932744695087728,-0.0018253518640121886,-0.04412089191313539,0.00040000000000000034
2024-04-17,-0.000403625498250325,-0.007395532411290185,0.006328377658037822,-0.005935821959956632,-0.0103798004194502,-0.0008000000000000007
2024-04-18,0.004503013980535367,0.0034096367107846366,-0.0034865713507141907,-0.002059909115915956,-0.01159908556727462,0.0004999999999999983
2024-04-19,-0.002365888034312739,0.0031266420969038923,0.0013086427743005736,-0.008766751091695665,0.03868633345731804,-0.00019999999999999573
2024-04-22,0.0013207774304029281,-0.025012716627157542,0.00010923765702636516,0.009167124466014344,-0.09938037060315114,0.0
2024-04-23,-0.00039422626838334047,-0.0024616906480957905,0.0013069687823058437,0.011796690282838983,-0.07665418074960349,-9.999999999999786e-05
2024-04-24,0.004709463664304997,-0.0018618228395408355,-0.003052524519149443,-0.0004747818461080069,0.01768843894684457,0.00040000000000000034
2024-04-25,-0.0004173729458229782,0.005945756955740473,-0.0038284904215391325,-0.0038061433600497492,-0.03829442884280131,0.0004999999999999983
2024-04-26,0.002775201791036396,0.0032366836371748075,0.002736272055940148,0.009429351780170389,-0.022369364106276213,-0.00030000000000000247
2024-04-29,-0.002122318925900117,-0.002033283758808563,0.004035916413460898,0.0035351736498407723,-0.024243588642927014,-0.00040000000000000034
2024-04-30,0.0008247938079739085,-0.02013850411793736,-0.004692036314478258,-0.015967967260935682,0.0646662952555313,0.0006000000000000049
2024-05-01,-0.004597165828774006,0.009021337418355644,0.003952400680892041,-0.003252434386046001,-0.016752922452140707,-0.0006000000000000049
2024-05-02,0.005143796890728481,-0.003091862325121168,0.004687300129681451,0.009309933818523545,-0.047231926184048624,-0.0004999999999999983
2024-05-03,0.0010728188714235368,-0.0007979449099420573,0.005531088746217927,0.012319103938198604,-0.08453739072202385,-0.0008000000000000007
2024-05-06,0.0023316917706926814,0.010463427933373832,0.0008650853803240363,0.010273837580908494,0.0,-9.999999999999786e-05
2024-05-07,0.0008717944924890549,-0.00461094049941965,0.002589891446325946,0.0011028239492432879,-0.019461709726451316,-0.00020000000000000462
2024-05-08,-0.0015815538797213848,-0.0029453952906236033,-0.00280595974388364,9.671275762442907e-05,-0.01753758606489831,0.00010000000000000675
2024-05-09,-0.0003331609149222311,0.01565541986116323,0.0030216876709918444,0.005745331402037395,-0.02413510880196279,-0.00030000000000000247
2024-05-10,0.003552685995199825,0.008079783894319735,-0.0032380685170097026,0.001287214835417728,-0.011093567883784123,0.0004999999999999983
2024-05-13,-0.0013687557229370368,-0.0112653199553874,0.0011882764921426368,0.0001343134496232697,0.08034914001546085,-0.00019999999999999573
2024-05-14,0.0021457068323342014,0.008426442720749588,0.0029115326086504027,0.00457770091357138,-0.01332368356262233,-0.00030000000000000247
2024-05-15,0.0019447012704893634,0.012757032448187737,0.007508195474114909,0.012306984504407426,-0.07502552963798116,-0.0008999999999999986
2024-05-16,0.006934418446712236,-0.003900942141432421,-0.001925261067750202,-0.0020595460899207212,-0.0024125249424848958,0.00019999999999999573
2024-05-17,-0.0020233852741519107,0.016363162829441707,-0.003109910869651533,0.001436364947926455,-0.03523513269813369,0.00040000000000000034
2024-05-20,0.0007065954020106566,0.004015863208074463,-0.0015046285266798324,0.0011517365981137655,0.013256188439843044,0.00020000000000000462
2024-05-21,-0.0013476122728719713,-0.0014706294501547247,0.0025784562119072277,0.002449295525287391,-0.02415777376824821,-0.00030000000000000247
2024-05-22,-0.0005211701182829347,-0.018544867564565436,-0.0012886612195608506,-0.0028835635878153875,0.03561455585241666,0.00019999999999999573
2024-05-23,-0.0027643117547025264,-0.020146148039186556,-0.003550991142708954,-0.007330961447818925,0.038312785417210074,0.00040000000000000034
2024-05-24,-0.00115750095218525,0.0009266841017383871,0.0012928011403291596,0.006594717081072719,-0.06804244420089088,-9.999999999999786e-05
2024-05-28,0.0013134725606132052,0.01045829379441463,-0.005614367389555516,0.0006983652682099977,0.07972024256920057,0.0008000000000000007
2024-05-29,-0.0009228747019577188,-0.009347362870368874,-0.004884212953597614,-0.007027087948810038,0.10008343395238209,0.0007000000000000028
2024-05-30,-0.004622998667696261,0.0018949634848047382,0.004992573214029265,-0.006655686202549178,0.013217620885411141,-0.0006000000000000049
2024-05-31,0.003104909521282527,-0.005881436093592545,0.0046442665453406366,0.0090668483612123,-0.11330105483779303,-0.00040000000000000034
2024-06-03,0.0016266164009212727,0.008878251926791354,0.006528047040339506,0.0008151842523024518,0.014598767328195265,-0.0009999999999999966
2024-06-04,0.004993990868639649,-0.009017596418210323,0.005461496642193846,0.0011171173570145214,0.0038066427145914943,-0.0008000000000000007
2024-06-05,-0.0023423607924120534,0.011775993219294973,0.0036244677698907025,0.01181497596193171,-0.04110696887890819,-0.00040000000000000034
2024-06-06,-0.0006743892561967788,0.0073641743967564136,-0.000425772822146927,-1.8592521562115075e-05,-0.003966700215845242,-9.999999999999786e-05
2024-06-07,0.0018284745320394033,-0.03633551284065831,-0.010594544810171847,-0.0012165147718674742,-0.029034269612359307,0.0014999999999999946
2024-06-10,-0.01066294302103243,0.009126408480626166,-0.0021539628629002974,0.0030851460753938253,0.041672656583176315,0.00040000000000000034
2024-06-11,-0.0013572604550408907,0.002852538250894446,0.005268907737743705,0.002405324276251383,0.008597208849178589,-0.0008000000000000007
2024-06-12,-0.002225800503826526,0.002658183908153708,0.0055615935926261635,0.00817942039510849,-0.06510940431526682,-0.0008000000000000007
2024-06-13,0.006757078068328593,-0.008183543017197694,0.006590873713559788,0.002011393184977977,-0.008340363891643488,-0.0006999999999999939
2024-06-14,-0.006896604999001071,0.012876289526632455,0.002328054747206314,0.0006082509734874435,0.058553331842595924,-0.00040000000000000034
2024-06-17,-0.0034198826115549425,-0.00520517570045054,-0.004661802372146053,0.007927489938320435,0.007083866941161012,0.0008000000000000007
2024-06-18,0.0035917077512609224,0.003999264104052163,0.0043448635902619895,0.002537597073665159,-0.035931993719163995,-0.0006000000000000049
2024-06-20,0.0008597736998856827,0.012407060942233218,-0.0025410390479301236,-0.0027203415916810824,0.07665984605542543,0.00030000000000000247
2024-06-21,-0.0042057311718622144,-0.015614512577113587,0.00021181236483842845,-0.0013417201132756259,-0.006042308797982368,0.0
2024-06-24,-0.001743605181274369,0.0039497558204108826,0.000847753130630864,-0.0032558074186296707,0.009800313324426333,0.0
2024-06-25,0.004198394017140161,-0.004974590412272902,0.0008467756290285508,0.0038434532800629036,-0.03745181832153353,-0.00019999999999999573
2024-06-26,-0.002154984774998893,-0.00927101143578294,-0.006049285412747368,0.0012474877967871068,-0.022844629369817324,0.0008999999999999986
2024-06-27,-0.0027592942995265965,0.011273144249924162,0.0022328752793835767,0.001575053708258707,-0.025011422391106403,-0.00030000000000000247
2024-06-28,0.0026522078836921812,9.297215668029186e-05,-0.005324834416267042,-0.003942868108871373,0.016207795195103535,0.0007000000000000028
2024-07-01,0.002498179976998341,0.0026012036358740546,-0.007471811938053579,0.00205588833347297,-0.017843077984553226,0.001200000000000001
2024-07-02,0.00017177131184862907,-4.643502198153371e-05,0.0037699071826479713,0.006707310307836776,-0.015670467805554818,-0.0005000000000000071
2024-07-03,0.001052856180220774,0.011209933637062129,0.006643082064737092,0.0044527036595634105,0.0049751694580224505,-0.0006999999999999939
2024-07-05,0.0016094691090687886,0.013396660734694534,0.0055378819849436585,0.005749907876923222,0.03174864901379818,-0.0008000000000000007
2024-07-08,0.0014172852076074353,-0.012479622087256387,0.00031838807310389573,0.0011531627259042687,-0.00885314910859194,0.0
2024-07-09,0.0004547759228130968,0.0016943111880903482,-0.0013810496144854001,0.0009720073332111152,0.011254165621822165,0.00019999999999999573
2024-07-10,-0.0014935765778125393,0.003653653384415535,0.0009564808056603598,0.009846779377452432,0.026815498252858803,-0.00019999999999999573
2024-07-11,0.0017101581900879357,0.017578001160184497,0.0063525200828860665,-0.008660114259832138,0.005432663231971264,-0.0008000000000000007
2024-07-12,0.003635807059775768,-0.0006272936376367233,0.0021083989387753574,0.006287958009340956,-0.03625298783869786,-0.00020000000000000462
2024-07-15,0.0011749830043506,0.0032219172131206842,-0.0031646120967193524,0.0027461232874743274,0.05161425837245012,0.0005000000000000071
2024-07-16,0.0014706445837827978,0.01972987782004887,0.004427829522114803,0.00591267816960782,0.005321160122665793,-0.0006000000000000049
2024-07-17,8.714869009948449e-05,-0.0046540195707981385,0.000841088046338333,-0.014120399731959738,0.09330942042807858,-9.999999999999786e-05
2024-07-18,0.003451186130679682,-0.006401633154546521,-0.002841705198616166,-0.007714380793898149,0.09543578773519976,0.00040000000000000034
2024-07-19,-0.0035383348207792247,-0.01810066223064627,-0.0031669502418578623,-0.006662863840352624,0.03636765272324057,0.0004999999999999983
2024-07-22,-0.00021806902047437983,0.0003156824791686295,-0.0009520441482928974,0.010257139566992516,-0.10253967725977965,9.999999999999786e-05
2024-07-23,-0.0008607103043199634,0.003510507096461622,0.000740786874661213,-0.0015698653017631335,-0.012824987101443355,-9.999999999999786e-05
2024-07-24,-0.003598023824621103,-0.0035105070964615765,-0.0022234908066267414,-0.02292310658503702,0.20338443394305505,0.00030000000000000247
2024-07-25,-0.001030279115602503,-0.015768400613655725,0.002223490806626731,-0.005224128709654965,0.023014614095178493,-0.00010000000000000675
2024-07-26,0.0010845501051682765,0.010479424389843233,0.004747415419839418,0.011137573902900337,-0.11893482396303547,-0.0006999999999999939
2024-07-29,0.0002279279649853626,-0.0014060442276131696,0.0016827872374368098,0.0005873780491209903,0.0127313628261293,-0.00030000000000000247
2024-07-30,-0.0031643268838695902,0.009935936183544556,0.002098847550773455,-0.005079227231496193,0.06359682001889519,-0.00019999999999999573
2024-07-31,-0.000313732752850657,0.017948680176280075,0.007313461818895928,0.016123894118010303,-0.07816016987934357,-0.0006000000000000049
2024-08-01,0.0007249515519942542,-0.0034488837098835684,0.004261102665996334,-0.014262021983354306,0.1277844414592625,-0.0009999999999999966
2024-08-02,-0.003360575274130169,-0.0019064443892983563,0.015370973323182734,-0.01879400562557572,0.22968474456012028,-0.001900000000000004
2024-08-05,0.011358892636365312,-0.012773165762624666,0.0010235463921954924,-0.029556273913278065,0.5001662098063427,-0.00020000000000000017
2024-08-06,0.0036727188635252233,-0.008032891286850028,-0.008937308895924494,0.009177404624741828,-0.33068143847259307,0.001200000000000001
2024-08-07,-0.002264177736969658,-0.0006798590470787476,-0.0036180035196872254,-0.006706553837130954,0.0050396542353046,0.0006000000000000005
2024-08-08,0.00017476919764680034,0.01556622880577821,-0.003007961213922992,0.022854099981852068,-0.15756761727201954,0.00030000000000000247
2024-08-09,-0.0011357816835573652,0.0024522519879110324,0.004042700753455318,0.00440005924475462,-0.1552020913603775,-0.0005000000000000026
2024-08-12,-0.0001747493716200307,0.01699935451192235,0.002789784601268763,0.0005253201136751975,0.016553359762280576,-0.00040000000000000034
2024-08-13,0.0020538861067455733,-0.0015335341694870399,0.004426153709438194,0.016311777161781584,-0.1336002842703326,-0.0004999999999999983
2024-08-14,0.0055381610934357155,-0.008189191333500994,0.0013343422715744134,0.0031498706634310713,-0.11262254625371607,-0.00020000000000000017
2024-08-15,0.0014746939005726885,0.0031339290416113642,-0.006276458276999266,0.01699500857259861,-0.06112666382606371,0.0008999999999999986
2024-08-16,-0.0036826722529141836,0.022140811735288115,0.001958907312717476,0.002239582094573738,-0.028639943192801342,-0.000299999999999998
2024-08-19,0.0047515321311987135,-0.0016393656726291592,0.0013385768912577286,0.009515837873381946,-0.010186884233373378,-0.00030000000000000247
2024-08-20,0.005561019879638232,0.003663270802502215,0.004004264249104303,-0.001627437600269879,0.08062015360140999,-0.00040000000000000034
2024-08-21,0.0037320558476400963,-0.0013345079227064104,0.002047099793048949,0.0034307727003390835,0.0242624863407933,-0.000299999999999998
2024-08-22,0.0024622620655040902,-0.012047289256478088,-0.004612257242441728,-0.007879539401688134,0.07573095707315049,0.0006999999999999984
2024-08-23,-0.0034299728738610585,0.011487194343258775,0.004612257242441704,0.010569257539537724,-0.10125371187992283,-0.0004999999999999983
2024-08-26,0.006345743377981108,0.0031842629268955657,-0.001227690395899822,-0.0023866259113007634,0.018119831488631097,9.999999999999786e-05
2024-08-27,-0.00207885092799286,0.0027030152296240286,-0.0004095375639492916,0.0013722678056375614,-0.04560633989509915,0.00010000000000000231
2024-08-28,0.0011842694816812614,-0.007051666972008083,-0.0005124284823115224,-0.005822165599756771,0.10334943742316474,9.999999999999786e-05
2024-08-29,-0.004750552482151741,0.005164620716356872,-0.0017434063237884703,8.940658644515099e-05,-0.0891922309652149,0.00030000000000000247
2024-08-30,-0.004008112199441631,-0.0071515197828322195,-0.003496878167461875,0.009500711609878811,-0.04242069150888939,0.00040000000000000034
2024-09-03,0.0020453785580929677,-0.00433295027353233,0.006570539660440294,-0.02079380724062509,0.32304918314980957,-0.0007000000000000028
2024-09-04,-0.0016808504021881394,0.0006077417877377091,0.00583425741119596,-0.002048748622708571,0.02854620073156293,-0.0006999999999999984
2024-09-05,0.002854648026966245,0.008297784905919918,0.00234412806277097,-0.002435114582399547,-0.06892587242246898,-0.00040000000000000034
2024-09-06,0.00276294806597193,-0.007430165851405642,0.0014245615299276883,-0.016973394434186866,0.11744795282340663,-9.999999999999786e-05
2024-09-09,-0.002153233494915558,0.004197056104325384,0.0014222061366916837,0.011134100571604098,-0.14032055609438693,-0.00020000000000000017
2024-09-10,-0.004491381464581687,0.004394427867848139,0.004255013774443792,0.004346212446947234,-0.019206447268627507,-0.0005000000000000026
2024-09-11,-0.001499998659979876,-0.0015918222264343484,-0.0007081586541776151,0.010206568148133614,-0.07564112366000925,0.0
2024-09-12,-0.0009143102407975252,0.01741476344611925,-0.001619771915759428,0.008388007445118225,-0.035677019433049094,0.00030000000000000247
2024-09-13,0.006063349541865301,0.009894570827460453,0.001923294786366932,0.00520914737236218,-0.030332402221190383,-0.00020000000000000017
2024-09-16,0.0009531874092985786,-8.375168155593023e-05,0.002625944369968482,0.0014757016664165748,0.034424760852599955,-0.00030000000000000247
2024-09-17,0.003699262354885196,-0.005546263478781389,-0.0018173275297846503,0.00040859633669759293,0.02705207960763049,0.00020000000000000017
2024-09-18,-0.000578565328448507,-0.007740344731775493,-0.004354475862614978,-0.002970247907622801,0.034601606412624705,0.0005000000000000026
2024-09-19,-0.0007449134913267066,0.015421236419487408,-0.0008123938569188975,0.016920528075937056,-0.11006466126974973,0.000299999999999998
2024-09-20,0.004232548367000081,0.012630557682531525,-0.0003046842031071416,-0.0017302409759477465,-0.011083876262113658,0.0
2024-09-23,-0.00010050347335537372,0.00193852671610104,-0.0006096470451080349,0.002495817124092393,-0.01623002389340957,0.00020000000000000017
2024-09-24,-0.004409974978158182,0.013872405171650835,0.0011174299059574717,0.0028571377996975157,-0.03197203199588042,-9.999999999999786e-05
2024-09-25,0.007125781740235711,-0.0013827232563759936,-0.00407024416441873,-0.0022077795523534763,0.0012986692711907113,0.0004999999999999983
2024-09-26,-0.005390814663425928,0.005073989582052931,-0.0007141334359888397,0.0039568002149560745,-0.0025990893253781478,0.0
2024-09-27,0.004138093124158308,-0.00796748708764577,0.003971817675693336,-0.0014514158032163835,0.09844002627741914,-0.00040000000000000034
2024-09-30,-0.0006591266714528767,-0.008031540905021974,-0.002748089657724869,0.003999221306372743,-0.013654088745303506,0.0006000000000000005
2024-10-01,-0.0029778807029176247,0.0104365981433154,0.0036322877487019994,-0.008998909929383531,0.14082693061688473,-0.0006999999999999984
2024-10-02,-0.006549189271602771,0.000203566476664727,-0.002855762869984474,0.000421992765749162,-0.018868516371758504,0.0004999999999999983
2024-10-03,-0.0013930498135306555,-0.0006922454344500081,-0.005119695049560241,-0.0018296310473549984,0.08077504919837848,0.0006000000000000005
2024-10-04,-0.0011704967526167996,-0.001998025038998091,-0.00969686553625397,0.009046119291128491,-0.06450602195882109,0.0012999999999999989
2024-10-07,-0.005546439110082104,-0.0033935140367649104,-0.0036347429683790686,-0.009081570901981272,0.16428729725442004,0.0005000000000000026
2024-10-08,0.00010970371752365722,-0.007399232494344503,0.0008320886357147264,0.00941320719075716,-0.05539315779457915,9.999999999999786e-05
2024-10-09,0.0,-0.0054610705017173605,-0.0037491893194778604,0.00690247597092669,-0.02649158974936285,0.00019999999999999573
2024-10-10,-0.0029590431965937944,0.007316064767089658,-0.00010449019663963236,-0.0017515944258309486,0.0033500722066421977,0.00030000000000000247
2024-10-11,-0.00086421555971023,0.01085428686886074,0.0003131008638382016,0.005970302426428204,-0.022711835262393478,-9.999999999999786e-05
2024-10-14,-0.0007759235067422933,-0.0016308312397319176,-0.0017749169415991885,0.00814529536083004,-0.037853041304464326,0.0
2024-10-15,-0.001484810288522294,0.0034623584364339233,0.005107454371750066,-0.007800074963761271,0.0466122365702319,-0.0004999999999999983
2024-10-16,-0.002299151620178001,0.0049891427128232555,0.0015585007118771464,0.004336971876182105,-0.052722277836225274,-0.00010000000000000675
2024-10-17,-0.001989764157045954,0.0059704521617615375,-0.005204139005866208,8.577972710240778e-05,-0.024296843014801575,0.0007000000000000028
2024-10-18,-0.003036945137003784,0.010562207979593495,0.0011472769688308066,0.003839207141191209,-0.058174714892312955,-9.999999999999786e-05
2024-10-21,0.0036018577389630843,-0.00019902108052380224,-0.007743106796971436,-0.0016436612270650608,0.018681869613305074,0.001100000000000003
2024-10-22,-0.004684178358743221,0.010729555523637746,-0.0009458592843173864,-0.000531233343237344,-0.009297308909531486,9.999999999999786e-05
2024-10-23,-0.0019021563077478245,-0.012123752431615111,-0.002315590160416033,-0.009179320377298883,0.05556979733891606,0.00040000000000000034
2024-10-24,-0.0015536373352375663,0.007663817134299539,0.0022104677436516184,0.0021603916004062384,-0.008350771319909273,-0.00030000000000000247
2024-10-25,0.004040108121261029,0.0020548662166116312,-0.002210467743651664,-0.0003454350047973738,0.06345696186597276,0.00040000000000000034
2024-10-28,-0.0025512817216714694,3.945329776617785e-05,-0.002321135172015808,0.00308676459298557,-0.026415724719285466,0.00030000000000000247
2024-10-29,0.0018695482944515605,0.010835937036952448,0.0004221619564634889,0.001616977490027728,-0.023506401253288445,0.0
2024-10-30,0.0003570095333019306,0.005490789207931537,-0.0014791157630374768,-0.0030297094802197284,0.05090543271914016,9.999999999999786e-05
2024-10-31,0.0035555281178905286,-0.015616471787270507,-0.0005288961304519504,-0.01979807269106725,0.12934571548232596,-9.999999999999786e-05
2024-11-01,0.0024788833789448966,-0.004110813705942359,-0.005939354810906507,0.004211787635208497,-0.056853706918779355,0.0008999999999999986
2024-11-04,-0.0010661677399955972,0.0014248987496042703,0.005323750886213569,-0.002156229673194798,0.004559988951510874,-0.0006000000000000049
2024-11-05,-4.3521069384201406e-05,0.0022519104403699204,0.0005306743162493579,0.012019187358455816,-0.07019597706871061,-0.0004999999999999983
2024-11-06,0.005539332429711126,-0.03085797669408563,-0.010348307622195227,0.024561468067612408,-0.2306140017140018,0.0016000000000000014
2024-11-07,-0.01858962293453205,0.015948645391861378,0.00801059745860853,0.007702530339216293,-0.06802753406250556,-0.001100000000000003
2024-11-08,0.005769485943921089,-0.0067924425881974865,0.0021252691160328968,0.004322282865576509,-0.017253263686007284,-9.999999999999786e-05
2024-11-11,-0.0074639193703969955,-0.02375140115119195,-0.002763791610604,0.0009523723239223555,0.0020060646512555826,0.0
2024-11-12,-0.004724823568674232,-0.008668821068980244,-0.006300372447508676,-0.0031112825784092575,-0.017520679062518398,0.0012999999999999989
2024-11-13,-0.004479643966715406,-0.010132384997697268,-0.0006427973768377801,0.0004856515659483951,-0.04804262294940944,0.00010000000000000675
2024-11-14,-0.004966864548694718,-0.002612551531378182,-0.00010718746320839245,-0.006450779429981379,0.020473708634473634,-0.00010000000000000675
2024-11-15,-0.003227449035962479,-0.0017736414154014318,0.0004285946652116569,-0.012891343001767624,0.12034200213404177,0.0
2024-11-18,0.00034760225258057047,0.01884162282592499,0.002247823344282164,0.004089010297291547,-0.035312589480033366,-9.999999999999786e-05
2024-11-19,0.005789229842806905,0.00891942849470802,0.002135937291996334,0.0036488176777682395,0.04823988512905712,-0.00030000000000000247
2024-11-20,0.0011979117760981743,0.005616245032295766,-0.0014948747825404259,0.00033874168050923445,0.04835316449300409,0.00020000000000000462
2024-11-21,-0.005806694288349814,0.008304918886222052,-0.0005341615258304503,0.005353773539560315,-0.0170441388627829,0.00019999999999999573
2024-11-22,-0.0073132804671590685,0.012809813332372294,0.000641080016754134,0.0030946951873094025,-0.10161341106495818,-0.00019999999999999573
2024-11-25,0.0010054927377039545,-0.029901483187306007,0.010732732867141027,0.003386412252227037,-0.042901980397652965,-0.0014000000000000056
2024-11-26,-0.0034002086829324754,0.0019364331609546426,-0.002115793549274997,0.005207896253582305,-0.03484673040364113,0.00030000000000000247
2024-11-27,0.00448025683300722,0.0022202481870022992,0.004016765346220564,-0.003034763474673077,0.0,-0.0004999999999999983
2024-11-29,5.281773593727609e-05,0.008587567442534243,0.004211140621255883,0.0061930564261678455,-0.04274465552494485,-0.0007000000000000028
2024-12-02,-0.0016992399754420314,-0.0087929483026941,-8.449415893676175e-05,0.0017906542793228823,-0.012663116987917826,0.00010000000000000675
2024-12-03,-0.004167117568172117,0.0020107532444556663,-0.002849404641744758,0.00046367504146472156,-0.0030030023571751023,0.00040000000000000034
2024-12-04,0.0009139811661724639,0.00302908748607766,0.0037972921251325543,0.00619050582520635,0.011215042298142144,-0.00040000000000000034
2024-12-05,0.0003153593821823031,-0.00742520820917337,-0.0001052952527182976,-0.001647160499821848,0.006669172799957789,-0.00020000000000000462
2024-12-06,0.006773005972460674,0.0003705001517973534,0.003154044661337373,0.001893842296124981,-0.058549558775524854,-0.00019999999999999573
2024-12-09,-0.0019036466409963375,0.009870874002918592,-0.0034698278828387856,-0.005162829096702721,0.1054387557094042,0.0004999999999999983
2024-12-10,-0.0009714799294295593,0.013078415980993926,-0.0017923687883055542,-0.003113962224766218,-0.0007049189751089158,0.00019999999999999573
2024-12-11,-0.0021088709645177175,0.009488652360594872,-0.00295867839749316,0.007701037591960257,-0.04323442611310599,0.00040000000000000034
2024-12-12,-0.002482680792263937,-0.01477229774782158,-0.003817276499065389,-0.0051660157765023515,0.024728543874720992,0.0006000000000000049
2024-12-13,-0.0031261282522741423,-0.01216527622337442,-0.004685454941929139,-0.0001986415474580235,-0.007933662580970936,0.0008000000000000007
2024-12-16,0.003430831714411384,0.00241229791280552,0.00032025264172726257,0.004260893044531318,0.06177396381481069,-0.00010000000000000675
2024-12-17,0.0006939144774902469,-0.003846011153453628,0.0,-0.004128666588333671,0.07726356570616974,0.00010000000000000675
2024-12-18,-0.0021222625439105583,-0.01937149963953233,-0.007759218426475832,-0.030256520766793266,0.554109651038965,0.0009999999999999966
2024-12-19,-0.013892921674058333,0.001420087931281009,-0.0045415849314278615,-0.0003071524575040355,-0.13674335540527865,0.0007000000000000028
2024-12-20,0.0014189884036627928,0.01037999743966833,0.003678245597338155,0.011939437265177957,-0.2716224045249631,-0.0005000000000000071
2024-12-23,0.006551310157174737,-0.004719916680210686,-0.0044370556333703185,0.005970360891118923,-0.08998667647636226,0.0007000000000000028
2024-12-24,-0.002615307224549931,0.001990032656870636,0.000541954423345282,0.011053645228586095,-0.1620282783920423,0.0
2024-12-26,-0.0002911159457427181,0.0067284927019149185,0.0007586590164892012,6.67273941121105e-05,0.031726735830086665,-9.999999999999786e-05
2024-12-27,0.0022696037204858978,-0.006894214453703702,-0.002603181309360852,-0.010582204633430983,0.07957261787497986,0.00040000000000000034
2024-12-30,0.0005943154668251187,-0.003194779040875952,0.0058475061158352855,-0.011477429982737765,0.08701136702438074,-0.0007000000000000028
