,pnl_irs,pnl_straddle
2006-01-04,-742.9113956894726,153.31804059118804
2006-01-05,0.0,-98.54465367777811
2006-01-06,1485.0770520692167,233.41092544328058
2006-01-09,0.0,150.65602734504319
2006-01-10,3699.6714318385784,-106.1657488315077
2006-01-11,2210.9073619451374,228.4289353203376
2006-01-12,-2949.356847904477,-364.8435097802576
2006-01-13,-4446.2989979484555,-169.92381310178916
2006-01-17,-1488.0633602154267,-66.79988187308754
2006-01-18,0.0,-227.85321008780102
2006-01-19,2973.1404122846434,12.75199696229356
2006-01-20,-742.1656563797442,275.4930953039084
2006-01-23,-742.9113956894726,-380.7550685458673
2006-01-24,2967.174491641883,-359.7308659923183
2006-01-25,6632.744476630207,-287.93842908716306
2006-01-26,2928.7205590383383,-155.30199326273942
2006-01-27,-731.0793675930618,286.81191140595547
2006-01-30,1461.4262565670797,-94.05502348090522
2006-01-31,-730.3468889740179,-464.57124434383695
2006-02-01,2917.0008810168365,123.444533618077
2006-02-02,0.0,-563.902328131313
2006-02-03,-2186.6539920428186,-290.76007754613875
2006-02-06,729.6152305407595,-195.15125710816483
2006-02-07,1457.038761502059,120.55217459647565
2006-02-08,-728.1543702137133,-629.3821243087973
2006-02-09,-1458.4996218291053,-206.1593226260643
2006-02-10,3640.775936947888,-354.07303395328427
2006-02-13,-726.6967785905435,-278.69989318764965
2006-02-14,2902.4249347874284,-9.207743293551175
2006-02-15,-724.5165024825837,4349.157543035752
2006-02-16,-1451.211653714301,-232.99300876560392
2006-02-17,-3640.775936947888,23.012198178278595
2006-02-21,2186.6539920428186,-3.286341035348414
2006-02-22,-2917.0008810168365,-108.91883000510916
2006-02-23,2188.8465108031232,-179.57909252706395
2006-02-24,1455.5795365282393,-146.73057624930425
2006-02-27,726.6967785905435,-32.88062675776564
2006-02-28,-2911.1607064071286,-174.1522481758584
2006-03-01,2911.1607064071286,-106.43307117048516
2006-03-02,3622.5865733433748,-50.297606461625946
2006-03-03,2885.0411616707133,-242.82446320739837
2006-03-06,4305.969369455561,47.27803095467152
2006-03-07,0.0,-183.52026329506498
2006-03-08,-715.8682273525628,-232.54665186988223
2006-03-09,715.8682273525628,-24.947442957141902
2006-03-10,1429.5908622743154,-350.4942463121952
2006-03-13,713.7242326761188,-227.0414368404654
2006-03-14,-4293.069371160789,426.15843313703317
2006-03-15,1433.886048857792,490.51311255392284
2006-03-16,-5752.798767718923,236.25908108355998
2006-03-17,2162.697625615925,3.8727224507756546
2006-03-20,-1441.0767919662467,-385.51163654061656
2006-03-21,3597.2918852114526,-920.0693478980388
2006-03-22,-718.0194251335051,573.1050446632048
2006-03-23,2151.905473991297,-422.617151772798
2006-03-24,-4310.2789946068515,-9.435292587532786
2006-03-27,2158.3735206155543,-330.5054318425159
2006-03-28,6436.398851790262,-1061.3173487054314
2006-03-29,1422.4641470790666,879.4100846647234
2006-03-30,3543.7511656576826,2489.6711784993286
2006-03-31,0.0,-178.92610283330123
2006-04-03,1412.5533884704928,-30.4373035761364
2006-04-04,-705.924120225478,-88.69301670455297
2006-04-05,-2122.0064006605826,72.41352213514256
2006-04-06,4237.666463375586,-24.842686592322025
2006-04-07,4911.978978435422,-95.40810011574013
2006-04-10,0.0,-121.11711524960356
2006-04-11,-2802.6440369249613,211.69401297339573
2006-04-12,3501.5597909477656,-242.2157872841235
2006-04-13,4872.950388779689,-258.7272834518335
2006-04-17,-2780.379299926717,-35.46829717146193
2006-04-18,-1394.3518810546957,-341.5602172936051
2006-04-19,3480.6749819550896,-44.7138288305523
2006-04-20,0.0,65.54105015762707
2006-04-21,-2086.323100900394,-139.27034554773581
2006-04-24,-1394.3518810546957,-204.26383428900135
2006-04-25,5560.770952189894,-347.33255323963203
2006-04-26,3453.0449571149657,-138.9186569643357
2006-04-27,-2069.7635619204666,125.6768931081283
2006-04-28,-1383.281395194499,41.70513999434888
2006-05-01,4829.457236076414,-460.7760228555903
2006-05-02,-1376.4122789614485,165.6139053636848
2006-05-03,2063.591679141071,-479.17710869244
2006-05-04,686.4959226534993,79.89258500768437
2006-05-05,-2750.08760179457,907.3184993150671
2006-05-08,0.0,-285.2548487893496
2006-05-09,688.5486399816873,186.02758364083775
2006-05-10,0.0,-192.97329717678986
2006-05-11,687.8636389797612,-2100.30518376729
2006-05-12,3429.069824481092,5208.690258444502
2006-05-15,-2741.8904243014695,-366.53778838820017
2006-05-16,-3442.747015564848,-257.6319605918088
2006-05-17,4129.242938218347,1333.9047350730343
2006-05-18,-5511.147448325413,380.1999274253585
2006-05-19,-2078.024881792604,-295.56208273049106
2006-05-22,-694.0561990263232,361.1560357175558
2006-05-23,2080.0959702348046,483.8906654051416
2006-05-24,-2774.844072041509,-921.2160582166862
2006-05-25,2774.844072041509,-1314.1553915966142
2006-05-26,-692.6747043535288,-708.169693722738
2006-05-30,2075.956099548028,2074.906384560699
2006-05-31,2069.7635619204666,-1419.2954971052177
2006-06-01,-689.234404114628,-1007.5423994457678
2006-06-02,-7627.058067346836,-222.45070112272424
2006-06-05,1392.9626661684015,916.3590902669648
2006-06-06,-696.1342229571019,159.3302847630448
2006-06-07,696.1342229571019,435.60076735425173
2006-06-08,-1392.9626661684015,39.82677890385821
2006-06-09,-1395.7426456416724,50.3157656643225
2006-06-12,698.2192077982763,1515.6632320436356
2006-06-13,-1397.1349618210807,1667.699091490782
2006-06-14,5571.866142802493,-1434.9844318814812
2006-06-15,3459.92939189967,-3429.740004709224
2006-06-16,2067.7039764054643,895.996544488682
2006-06-19,687.8636389797612,1048.441259829794
2006-06-20,687.1794001796225,-643.4157732977437
2006-06-21,686.4959226534993,-1263.285584096755
2006-06-22,2739.164108418423,698.8856805386358
2006-06-23,2047.233732114575,47.84705310053232
2006-06-26,1361.434127075423,1650.1680626666557
2006-06-27,-2725.5779374535487,166.74614000559995
2006-06-28,2725.5779374535487,-376.11733987830576
2006-06-29,-2043.1669450194458,-444.1251053496344
2006-06-30,-4791.160945242475,-89.55465156152059
2006-07-03,0.0,220.24995284645775
2006-07-05,5472.893763186497,-162.74194919512956
2006-07-06,-2731.003338885028,-91.80342598016068
2006-07-07,-3429.069824481092,-471.23871090027296
2006-07-10,-687.8636389797612,6.142893511587317
2006-07-11,-2067.7039764054643,-96.99849872269806
2006-07-12,0.0,-365.9248576164846
2006-07-13,-1381.904510107066,788.9423460159296
2006-07-14,-691.9851105841226,-26.89905879309117
2006-07-17,0.0,52.18264028968588
2006-07-18,4141.593597096653,-596.2947583971636
2006-07-19,-4834.268301450182,-786.3381380850997
2006-07-20,-2082.1693676879804,-123.50320570189433
2006-07-21,1388.8043008330278,202.05950626839785
2006-07-24,0.0,-631.695303315084
2006-07-25,1386.0397712084814,-4.345869387271705
2006-07-26,-2080.0959702348046,-146.67859099653742
2006-07-27,2080.0959702348046,-207.83045642750858
2006-07-28,-4863.247514346498,726.5968521315717
2006-07-31,-697.5234378433961,-218.25326182157278
2006-08-01,0.0,-771.3443432707909
2006-08-02,-2096.7480392856232,622.4266528624403
2006-08-03,0.0,291.8066164233878
2006-08-04,-3508.5525080580846,-392.6695032030957
2006-08-07,1405.521548597666,-478.201382115295
2006-08-08,0.0,3357.6687209942156
2006-08-09,-702.4101624043251,-189.08173544825513
2006-08-10,702.4101624043251,-429.6356080915011
2006-08-11,2802.6440369249613,-236.4701293664666
2006-08-14,2094.6583996644767,-133.02552179635586
2006-08-15,-4897.302436589438,-128.06512764488798
2006-08-16,-4224.995004225464,26.09306483859109
2006-08-17,0.0,51.34702125421609
2006-08-18,-2122.0064006605826,221.835442334459
2006-08-21,-1418.2071897315036,-377.78619794360657
2006-08-22,0.0,-127.65398854848809
2006-08-23,0.0,-307.8927156643513
2006-08-24,-710.1668435106112,-195.9865343614456
2006-08-25,-1422.4641470790666,-40.088406225322615
2006-08-28,711.58741472353,336.3286870395759
2006-08-29,-711.58741472353,40.51022703786293
2006-08-30,-2139.0342881720862,-56.31851306046792
2006-08-31,-1429.5908622743154,-117.00487319492913
2006-09-01,-715.8682273525628,638.8999382890397
2006-09-05,3572.1944862142846,275.6850395746924
2006-09-06,1423.88630630821,-1151.526826221445
2006-09-07,0.0,-653.3779668137822
2006-09-08,-1423.88630630821,44.66809907504012
2006-09-11,1423.88630630821,-36.95859951205148
2006-09-12,-1423.88630630821,1330.02101766949
2006-09-13,-713.0111639112874,635.5378156201341
2006-09-14,1425.3100554959674,-26.35357571300483
2006-09-15,711.58741472353,391.11406247601735
2006-09-18,710.8767323555367,216.38958654235375
2006-09-19,-4991.089297525468,-494.47470646364945
2006-09-20,-715.8682273525628,-1110.3843632532098
2006-09-21,-5752.798767718923,259.07464894969235
2006-09-22,-3618.9609033557936,64.52308011202422
2006-09-25,-2908.2455211611523,-286.3179719249729
2006-09-26,2182.276315118783,-82.50247962580215
2006-09-27,725.9692060423695,-20.147759519260944
2006-09-28,2173.550319633636,-71.06627775894503
2006-09-29,723.0670476673695,-49.547703229791296
2006-10-02,-1446.85841714649,-37.4357748634111
2006-10-03,0.0,-179.69544125348602
2006-10-04,-3629.8501011019544,534.7909634730222
2006-10-05,2905.3335986193706,111.72531343522951
2006-10-06,6494.611749411488,-368.34946821667836
2006-10-09,0.0,-21.21987840498514
2006-10-10,3582.926464764256,-16.370668293120616
2006-10-11,2141.173495441326,-221.47582551798405
2006-10-12,712.29889158468,873.2381094066777
2006-10-13,1422.4641470790666,247.06447099569596
2006-10-16,-1422.4641470790666,202.694847897812
2006-10-17,-712.29889158468,-505.45677695367704
2006-10-18,-713.0111639112874,61.76561232842869
2006-10-19,1425.3100554959674,146.1169728731611
2006-10-20,0.0,-51.861792977353616
2006-10-23,2842.0887378085754,788.0714909663029
2006-10-24,0.0,500.9460234204198
2006-10-25,-3554.3876293932553,606.5911755947409
2006-10-26,-3572.1944862142846,560.6956676822283
2006-10-27,-3590.101142102998,-1248.9453155452538
2006-10-30,0.0,-174.05525917442355
2006-10-31,-5056.416081299787,-62.761864622561916
2006-11-01,-2905.3335986193706,-1309.6842365165821
2006-11-02,2180.091150947439,-162.11116920212044
2006-11-03,8655.175179445767,-264.90122462877207
2006-11-06,-717.3015572288423,312.8176637424076
2006-11-07,-3597.2918852114526,118.02863612219699
2006-11-08,-1443.9643697044667,-74.48617444821048
2006-11-09,-1446.85841714649,-395.06681118161487
2006-11-10,-2175.728156196885,-176.77059590210592
2006-11-13,1451.211653714301,98.05589291973865
2006-11-14,-2905.3335986193706,472.56827571828853
2006-11-15,2905.3335986193706,188.20352455782813
2006-11-16,3615.3392893335404,211.31669088575927
2006-11-17,-3615.3392893335404,-81.02264232720609
2006-11-20,-725.2424476719316,-24.57428870016156
2006-11-21,-1452.665984632913,47.274630836624965
2006-11-22,-727.425166314526,267.12624339180456
2006-11-24,-1457.038761502059,-599.1845602844996
2006-11-27,-729.6152305407595,-1249.1868728320624
2006-11-28,-2193.238923970479,33.192132587210835
2006-11-29,731.8126674033992,1055.4537505727694
2006-11-30,-4401.904313864434,-25.485033513287817
2006-12-01,-2210.9073619451374,-346.4760274804421
2006-12-04,0.0,1109.293833114175
2006-12-05,1474.677594155888,726.329819151385
2006-12-06,2206.4753861451754,-216.80878659581867
2006-12-07,734.0175040632312,-841.4837723648816
2006-12-08,5117.5670698414615,256.34259600174755
2006-12-11,-2919.925878396185,509.01694929721725
2006-12-12,-2197.6411914452765,-189.22963220095426
2006-12-13,6573.146606369701,175.777284310685
2006-12-14,1452.665984632913,-1489.4179094837382
2006-12-15,0.0,-49.636757874382056
2006-12-18,0.0,135.94478003763288
2006-12-19,0.0,-223.69461695843984
2006-12-20,0.0,-134.15984904645484
2006-12-21,-3637.129912449498,-3.445715107119213
2006-12-22,5810.680232083134,384.24486845499905
2006-12-26,-1448.3078719617042,-247.2329832636433
2006-12-27,3615.3392893335404,-322.391059579757
2006-12-28,2879.2724600779475,-7.5708677558459385
2006-12-29,718.0194251335051,103.13816592899639
2007-01-03,-2876.3929457490594,95.3242598229308
2007-01-04,-3611.72172631335,-378.7456566308829
2007-01-05,2169.2019532012782,322.29385157629076
2007-01-08,721.6208336496784,-350.4086861713922
2007-01-09,0.0,-154.38818599861315
2007-01-10,2160.534363753075,-388.26628452632394
2007-01-11,3586.5117976687325,-383.31298946547986
2007-01-12,2143.3150949504343,-128.08570141180553
2007-01-16,-1428.1623315300385,-74.48478300766237
2007-01-17,2853.472387026006,-191.52125862764524
2007-01-18,-2853.472387026006,-231.14138737345547
2007-01-19,2141.173495441326,-244.868378010764
2007-01-22,-1426.7353965874063,-189.72663042345084
2007-01-23,3561.498435251153,-227.40203745101417
2007-01-24,0.0,403.6553539729507
2007-01-25,4250.380433902697,-795.88861069017
2007-01-26,705.924120225478,-314.0105471475463
2007-01-29,1409.7359424895258,-294.7921122689936
2007-01-30,-1409.7359424895258,-406.1988703861771
2007-01-31,-3536.6799633986666,4604.123723231254
2007-02-01,708.749442512606,90.2280547474993
2007-02-02,-708.749442512606,-137.44025393030824
2007-02-05,-1419.6245907295088,145.22137294684944
2007-02-06,-2847.774202575034,-44.668847124568856
2007-02-07,-2143.3150949504343,-115.79032243274378
2007-02-08,-715.8682273525628,-147.49406791708043
2007-02-09,4284.4933777989645,-166.7583103945135
2007-02-12,711.58741472353,47.61100062918922
2007-02-13,1421.0435758661479,-419.0648674055519
2007-02-14,-5701.2561410360795,318.68389417254366
2007-02-15,-2867.77370134386,1.8912634999851434
2007-02-16,-718.7380963248725,-235.099563184619
2007-02-20,-719.4575717868283,178.28460982500565
2007-02-21,719.4575717868283,-175.66373641291466
2007-02-22,2870.6435703161696,-207.30984080952203
2007-02-23,-3590.101142102998,-383.138231801815
2007-02-26,-3608.108209338083,-33.59130916032245
2007-02-27,-9466.081176007021,3247.536216453029
2007-02-28,4384.285335212233,-1912.4333549676612
2007-03-01,0.0,187.46302540996203
2007-03-02,-2919.925878396185,1931.544027196729
2007-03-05,-731.8126674033992,1357.7753080651137
2007-03-06,1462.892034996461,-3105.418517042216
2007-03-07,-2195.4388244091097,-91.20025776678995
2007-03-08,732.5467894126486,-1469.8360818253532
2007-03-09,5834.014860918367,-229.47293100111528
2007-03-12,-2182.276315118783,-391.8530692071122
2007-03-13,-4384.285335212233,3579.299130836104
2007-03-14,2195.4388244091097,-1424.0201480745782
2007-03-15,730.3468889740179,2626.879142984206
2007-03-16,729.6152305407595,-1.924509754502651
2007-03-19,2184.463927816585,-930.356437118633
2007-03-20,-1455.5795365282393,-440.032329587204
2007-03-21,-2188.8465108031232,1105.1937564886466
2007-03-22,5097.0920319642755,57.149474866861055
2007-03-23,1449.7589501545153,85.34461460362763
2007-03-26,-1449.7589501545153,-216.02671295917025
2007-03-27,1449.7589501545153,-301.94286532729166
2007-03-28,0.0,-348.45637353082293
2007-03-29,1446.85841714649,3.275034894712917
2007-03-30,722.3435360547883,-315.25766695728635
2007-04-02,0.0,-77.83574745037185
2007-04-03,1442.5197731120716,890.374928946012
2007-04-04,-720.8989394623932,-0.867683691360071
2007-04-05,1441.0767919662467,314.17709903371724
2007-04-09,5021.122132875957,115.73187743450217
2007-04-10,-1431.0209907729586,42.034363482001936
2007-04-11,715.8682273525628,-688.137450467425
2007-04-12,0.0,577.5395034167168
2007-04-13,1429.5908622743154,748.5282451761923
2007-04-16,-1429.5908622743154,1825.0059188516389
2007-04-17,-3586.5117976687325,498.82218731580724
2007-04-18,-2160.534363753075,211.35346027125524
2007-04-19,1441.0767919662467,-93.91935513925455
2007-04-20,0.0,1918.3594849024994
2007-04-23,-1441.0767919662467,-825.3274937723309
2007-04-24,-2167.031417371836,47.58315038696128
2007-04-25,2167.031417371836,1879.2928223047074
2007-04-26,2160.534363753075,203.3636521980934
2007-04-27,1436.7575214583776,-7888.540377464892
2007-04-30,-5764.323302583289,806.4744774365663
2007-05-01,723.0670476673695,-539.2495029747697
2007-05-02,722.3435360547883,-299.95212449939845
2007-05-03,2162.697625615925,51.95346591389716
2007-05-04,-2162.697625615925,-35.2985938132515
2007-05-07,-722.3435360547883,-11.169837214368272
2007-05-08,-723.0670476673695,-193.3548461820037
2007-05-09,2887.9303568342293,-134.974429386858
2007-05-10,-1442.5197731120716,-280.13912354461536
2007-05-11,1442.5197731120716,-116.10761952769553
2007-05-14,1439.6354242906818,171.31350082190966
2007-05-15,1436.7575214583776,-138.4403043683733
2007-05-16,0.0,60.48319380749945
2007-05-17,3579.3451384846703,-320.8975584635
2007-05-18,3561.498435251153,412.939868695531
2007-05-21,-1422.4641470790666,-55.816435799798455
2007-05-22,2842.0887378085754,-329.51839709908563
2007-05-23,2124.126574928174,-103.77608624704499
2007-05-24,0.0,-811.8141920341486
2007-05-25,0.0,-80.75000764541346
2007-05-29,1412.5533884704928,247.5742794277594
2007-05-30,0.0,868.8649515587094
2007-05-31,1409.7359424895258,-296.32294615933915
2007-06-01,3512.0547218982247,731.1706893530973
2007-06-04,-1402.7197803877643,-58.388196015775975
2007-06-05,3501.5597909477656,-875.7925035929802
2007-06-06,-698.9157540228043,-1954.2720362992595
2007-06-07,9721.716467011312,-1388.3739713064433
2007-06-08,689.234404114628,-140.42145742109824
2007-06-11,1376.4122789614485,6219.482803989622
2007-06-12,8201.210104610916,903.150283644336
2007-06-13,-4088.3706733593717,-1066.9883358861662
2007-06-14,2047.233732114575,-417.08503931746964
2007-06-15,-4786.397840532998,415.9568512993974
2007-06-18,-686.4959226534993,-495.2267675459425
2007-06-19,-4133.3552410615375,-194.3104949790213
2007-06-20,3446.175840881915,-160.1066322464394
2007-06-21,1373.6753228331218,-140.7137289209859
2007-06-22,-1373.6753228331218,225.98008015181404
2007-06-25,-3446.175840881915,205.25346659360366
2007-06-26,690.6082254966896,1021.9642957835476
2007-06-27,-690.6082254966896,-1916.2127969877783
2007-06-28,2069.7635619204666,-195.7899746343519
2007-06-29,-6227.889029156475,92.9083526251161
2007-07-02,-2088.403442304989,-291.38389423246736
2007-07-03,3477.2077431380167,-180.5289379103242
2007-07-05,7589.172330118017,-79.68578513424472
2007-07-06,2055.39450164797,-70.06530590950206
2007-07-09,-2055.39450164797,-10.072015264086076
2007-07-10,-8977.976630951045,-326.02684574791147
2007-07-11,4158.125467236008,-313.34111077389025
2007-07-12,2758.312201902154,1068.773482336439
2007-07-13,-1377.7830440963153,185.44325386360288
2007-07-16,-4149.850324208819,-160.35724311330614
2007-07-17,2078.024881792604,-286.60638036923956
2007-07-18,-4162.269958762219,-494.7302828691136
2007-07-19,1390.188877943292,503.70605355472435
2007-07-20,-5577.423021240713,-2055.67420071125
2007-07-23,699.6130774645426,337.14722076227554
2007-07-24,-2100.9343163346057,6170.2393335240695
2007-07-25,-1404.1198829946807,-394.4283746054116
2007-07-26,-9195.429422802903,1430.049172393994
2007-07-27,711.58741472353,2605.5644033220487
2007-07-30,1421.0435758661479,-2751.8757974214204
2007-07-31,-2844.9298821743578,1748.7075396219898
2007-08-01,-1426.7353965874063,-438.70443902859733
2007-08-02,713.7242326761188,-1811.5574516095458
2007-08-03,-4293.069371160789,3381.3928704533973
2007-08-06,717.3015572288423,-2477.3575383112257
2007-08-07,3575.767813931947,-1463.7102298598838
2007-08-08,4976.148235817149,-726.3917319714037
2007-08-09,-3550.8381803211814,3313.458367490972
2007-08-10,1422.4641470790666,780.3710594821077
2007-08-13,-2134.7630386637466,-1208.2232552564783
2007-08-14,-3572.1944862142846,1610.3668648640778
2007-08-15,-2870.6435703161696,2220.9598430085134
2007-08-16,-6501.116100758547,-1134.2905740967508
2007-08-17,5781.658528971719,-2505.4706611876863
2007-08-20,-2885.0411616707133,-1277.5877446641334
2007-08-21,-2896.6173673010053,-775.3628384195035
2007-08-22,2173.550319633636,-2166.465316919932
2007-08-23,-723.7913694791205,-266.0213458855487
2007-08-24,723.7913694791205,-1977.0163405533194
2007-08-27,-2173.550319633636,1036.2813387306815
2007-08-28,-5097.0920319642755,3449.6495257082142
2007-08-29,2917.0008810168365,-3592.506635886213
2007-08-30,-4379.8929160132975,205.41614948118058
2007-08-31,2193.238923970479,-2063.6009872661707
2007-09-04,1458.4996218291053,-2097.3558694355743
2007-09-05,-5851.584573904693,10535.227511051991
2007-09-06,2199.8460281051084,-523.3937979994607
2007-09-07,-9580.67044024475,894.2846780750533
2007-09-10,-2973.1404122846434,378.9753702476737
2007-09-11,2230.974755904899,-1384.3706391660508
2007-09-12,2964.1965489522117,-386.8953140312642
2007-09-13,5892.8110236304055,-194.4568923994575
2007-09-14,-1468.7716027892457,-191.55174694435664
2007-09-17,734.7540987260145,349.3660833400445
2007-09-18,1467.2992386924598,-1440.6687066329487
2007-09-19,2195.4388244091097,312.6343328393741
2007-09-20,11598.208132722822,-817.5599953577421
2007-09-21,-3604.4987334575417,-465.2975133410273
2007-09-24,-723.0670476673695,-291.4852781684167
2007-09-25,0.0,-701.3178106625146
2007-09-26,0.0,138.23468108734596
2007-09-27,-3626.216304266549,512.9108710067703
2007-09-28,726.6967785905435,-445.68743493664806
2007-10-01,-2182.276315118783,1605.689420008961
2007-10-02,-1458.4996218291053,-293.3861770800122
2007-10-03,729.6152305407595,-470.87440376791164
2007-10-04,-729.6152305407595,55.58549543767549
2007-10-05,7985.706046346051,2102.4728042548886
2007-10-08,0.0,-1179.7685075935096
2007-10-09,1442.5197731120716,1898.6288111791982
2007-10-10,-1442.5197731120716,-413.61991419213336
2007-10-11,721.6208336496784,-1087.091312829316
2007-10-12,2879.2724600779475,1154.4338490634564
2007-10-15,-718.7380963248725,-1913.8772041565844
2007-10-16,-2160.534363753075,-1788.4493266672253
2007-10-17,-6520.672887952911,1652.8532774933792
2007-10-18,-3648.0802486098983,-266.55588511422866
2007-10-19,-8090.452215075682,2929.032018441674
2007-10-22,739.1910533067712,-1186.5004532095463
2007-10-23,-739.1910533067712,-1145.845035835251
2007-10-24,-3707.1079446416843,52.40751944535259
2007-10-25,742.9113956894726,-89.97777470460642
2007-10-26,2964.1965489522117,-1196.6142260194065
2007-10-29,-1480.610139060329,-34.86112088964546
2007-10-30,740.6766860605276,342.56303402885715
2007-10-31,5898.726972566976,-1411.353471025137
2007-11-01,-8865.901464208859,2248.421659127218
2007-11-02,-3725.7724155703036,-407.21796272875144
2007-11-05,2982.114443101498,664.5611859387936
2007-11-06,2228.735024538022,-2137.77126125028
2007-11-07,-2973.1404122846434,3488.3927812422407
2007-11-08,-4482.175133221346,122.32193857791208
2007-11-09,-3755.854384973194,2026.9550178504196
2007-11-12,0.0,1678.625459665227
2007-11-13,2255.7785057669244,-5792.781573268656
2007-11-14,1500.0758792062697,510.24489505380916
2007-11-15,-8287.888514099046,2109.0385163465435
2007-11-16,-1516.7703984494583,-909.3783930482186
2007-11-19,-6097.726703348002,2296.1321983190373
2007-11-20,-765.6776667021477,-1306.0171391913427
2007-11-21,-4610.312384165503,3979.1185794186476
2007-11-23,770.3238514788391,-3425.4108937562287
2007-11-26,-13985.49336314069,4473.32259389257
2007-11-27,9351.871383189704,-2277.825724197399
2007-11-28,6171.940918269465,-6443.917474255355
2007-11-29,-6946.942468591355,3701.769602122624
2007-11-30,2322.6600871978735,-579.9198774656143
2007-12-03,-6209.425965713861,-20.514173436367855
2007-12-04,0.0,-256.160960687992
2007-12-05,2334.4138046797307,-552.7359919370701
2007-12-06,7730.522909272011,-171.84766532589856
2007-12-07,7652.954820379149,-275.2225873135503
2007-12-10,2280.890777194785,431.48312480673303
2007-12-11,-13016.697598746774,-639.2726685424186
2007-12-12,5386.8433764702495,-414.68901587680193
2007-12-13,9903.865362148383,-317.2762895306405
2007-12-14,4527.475980052695,-334.07703088802555
2007-12-17,-3015.2791265368287,347.4366207408093
2007-12-18,-4545.739368091556,-1196.9971635429029
2007-12-19,-6103.872995346319,-683.1655852067943
2007-12-20,-1533.6727599880687,-765.7928857600364
2007-12-21,10671.088269910077,-681.5958521089833
2007-12-24,3774.793387703452,319.6247516279982
2007-12-26,5252.917008369957,-39.69713172074353
2007-12-27,-6760.5557191146945,-653.0029217400815
2007-12-28,-7583.886345841936,-271.8148994388803
2007-12-31,-5354.356601026855,55.09565133850447
2008-01-02,-10044.643667357304,-78.17831661024866
2008-01-03,0.0,-589.7049600719411
2008-01-04,-2336.772511296178,2097.1968271447786
2008-01-07,-1561.7869167108292,-204.9935292170394
2008-01-08,0.0,2554.415740299857
2008-01-09,-3133.0584683014895,-2079.55975713507
2008-01-10,7031.617896308497,-1383.0972842414649
2008-01-11,-7031.617896308497,1502.4844928942239
2008-01-14,-785.2457924708142,3807.274656279693
2008-01-15,-7103.061771003209,189.49971208149873
2008-01-16,1584.0515978989351,644.6765864282479
2008-01-17,-6355.4924932513895,3314.0550297305617
2008-01-18,0.0,164.98350553846467
2008-01-22,-11246.802191281036,2234.8980790970127
2008-01-23,-809.468462210265,-3069.393879693256
2008-01-24,13649.972573954168,-1373.7841712414975
2008-01-25,-5592.109878177471,1426.9795233070472
2008-01-28,0.0,-2041.2821674444003
2008-01-29,6387.751364596654,-775.3457469527384
2008-01-30,7124.652727219596,378.0105002027922
2008-01-31,-8716.741712006398,-1977.9465284425733
2008-02-01,-3994.3596228522147,-1735.6887393396082
2008-02-04,4790.807121219834,916.3653686594844
2008-02-05,-5592.109878177471,2492.721455342242
2008-02-06,0.0,790.5853409646406
2008-02-07,10353.900450965994,-1318.3983835824765
2008-02-08,-7952.425761383842,590.3946121498648
2008-02-11,-1600.1719326245147,-945.2688351970974
2008-02-12,3197.105200756967,-1613.1116883877694
2008-02-13,3184.1797920055396,-1702.3147624377925
2008-02-14,11826.549435415596,839.4853775623324
2008-02-15,-7074.387396899503,-313.15015262102315
2008-02-19,10197.963010483189,-561.4808904295969
2008-02-20,3110.9816314542986,-838.857173131988
2008-02-21,-12519.718561922658,1116.0970657382168
2008-02-22,1576.0594912620581,-1272.3435354547746
2008-02-25,9389.738953336455,-2369.372717414598
2008-02-26,-2336.772511296178,-1600.7953940125872
2008-02-27,-2343.8646164176607,8021.062551224344
2008-02-28,-11032.51724206021,190.44443883200438
2008-02-29,-14416.366451065216,1869.3892778781264
2008-03-03,807.8279178030352,-242.12144048550363
2008-03-04,7233.712604526736,-375.90714018984545
2008-03-05,5580.793735380059,-970.3887981757834
2008-03-06,-6381.284992762507,2390.3340310936874
2008-03-07,-4820.0212251659395,663.7511070256805
2008-03-10,-8098.83017886406,1773.6059452259742
2008-03-11,11315.433471969343,-4429.944326576204
2008-03-12,-8877.150376189631,810.940238756777
2008-03-13,5660.547083084348,-395.20829538636826
2008-03-14,-9728.48235508061,2427.947213956564
2008-03-17,-8198.1041003803,1109.2733642492767
2008-03-18,11454.103115590475,-5927.853741361936
2008-03-19,-8164.862662722906,3136.442711440559
2008-03-20,-3289.240452867569,-2897.108449972784
2008-03-24,17926.58645546091,-1883.2453057227303
2008-03-25,-4039.144227568395,-376.3622486678614
2008-03-26,0.0,534.8196322975982
2008-03-27,4039.144227568395,-102.05887024585536
2008-03-28,-7285.244060253666,673.9940529307951
2008-03-31,-1627.9985712364069,-693.5627055350797
2008-04-01,9718.616687643917,-3608.180501713512
2008-04-02,2411.22923695144,-265.4293922730212
2008-04-03,802.1151751030193,-575.7914929381795
2008-04-04,-8868.152824631012,-667.0981835944758
2008-04-07,5654.808412576553,-601.3144106240984
2008-04-08,804.5579523404376,-664.8644723092334
2008-04-09,-7270.479091578629,-191.34313884467247
2008-04-10,4854.355998845625,8769.879447810936
2008-04-11,-4854.355998845625,678.5050683978698
2008-04-14,3239.519043302964,67.38974798096751
2008-04-15,5637.631332886667,-788.9378360160754
2008-04-16,9571.964028170078,-1362.800254187874
2008-04-17,2374.8760970104777,-232.46989594653678
2008-04-18,1579.2509181735295,158.3362644734916
2008-04-21,-1579.2509181735295,-6.449087009572395
2008-04-22,-790.8244991115425,-284.7506159392451
2008-04-23,2370.075417285072,-559.0512816679766
2008-04-24,7848.526925187347,-70.46818467560297
2008-04-25,3117.271519411166,269.3405041192909
2008-04-28,-3898.559428007007,-172.82133595253435
2008-04-29,-782.0776997068315,-323.9488977876026
2008-04-30,-6285.161316884674,-439.6692152389005
2008-05-01,788.4282235651845,1042.1915417877954
2008-05-02,8620.308706903175,15.214972558438603
2008-05-05,-779.7109971660248,-646.5455808317129
2008-05-06,3890.6926286203234,879.2297654963331
2008-05-07,-4671.1916367353115,-2173.3277204331716
2008-05-08,-6272.467433925289,-601.4389933268794
2008-05-09,-1576.0594912620581,-446.8294686465342
2008-05-12,788.4282235651845,751.2155154722323
2008-05-13,9399.232581555334,-147.87466705097813
2008-05-14,1555.489930027572,90.85893303400644
2008-05-15,-7024.517759031558,2057.872158203646
2008-05-16,1566.5283407681418,121.16698796428318
2008-05-19,-1566.5283407681418,508.27214626107525
2008-05-20,-3930.204752551348,-1696.0748947143147
2008-05-21,2360.5065322540177,-3454.840959264203
2008-05-22,8594.215979328888,4917.9425637715585
2008-05-23,-5457.989418263416,644.1682873135469
2008-05-27,6234.557245037984,-190.6848990929575
2008-05-28,7722.726715653043,-454.2698041517506
2008-05-29,3832.2536111883674,-566.2342626130212
2008-05-30,-1530.584016820183,-263.05688098625615
2008-06-02,-6153.293228696624,613.2479839261723
2008-06-03,-4647.670908099171,21.638312738388777
2008-06-04,4647.670908099171,57.92561182657664
2008-06-05,6153.293228696624,-970.3578098930302
2008-06-06,-9248.612062959539,2099.6593148029915
2008-06-09,6178.170835435754,-528.943449447439
2008-06-10,6891.125068562571,2.48450399473586
2008-06-11,-762.5976033198967,1120.6952423441126
2008-06-12,9854.12265990657,-811.4548942239562
2008-06-13,3006.193525605806,-1852.386161636332
2008-06-16,-1501.5850479699875,-367.3423338804023
2008-06-17,-1504.6084776358184,161.54479859686398
2008-06-18,-5290.037556313153,976.8477375803013
2008-06-19,4536.597405948283,-518.6159381896905
2008-06-20,-4536.597405948283,2106.1738832681585
2008-06-23,2271.723081522199,-47.06594111283994
2008-06-24,-6835.808185115617,145.33001897599024
2008-06-25,1524.427355136475,-992.096045537859
2008-06-26,-3816.835926153217,4821.647315922819
2008-06-27,-6147.091324048975,980.9597433507133
2008-06-30,0.0,-626.2017266638504
2008-07-01,1541.4251246601634,-555.4812408245416
2008-07-02,-1541.4251246601634,3201.9431957177385
2008-07-03,0.0,-155.82499626522622
2008-07-07,-3092.196855290822,-5224.927654997136
2008-07-08,-3104.7059147077234,-963.2918963949196
2008-07-09,-4680.637127713839,246.46643634652355
2008-07-10,-1566.5283407681418,6.713482767509049
2008-07-11,10126.091118656273,566.6712869847997
2008-07-14,-4657.0632896522875,291.2337297784961
2008-07-15,-2339.1338799331716,182.95104104475286
2008-07-16,7769.635970994874,-2248.207157924433
2008-07-17,7691.629642463813,-221.4558374063963
2008-07-18,3055.0061743366387,-507.5295247281829
2008-07-21,-1525.9639228139713,-625.4932912612221
2008-07-22,3809.153077121504,-444.93394701547186
2008-07-23,1518.2983459659881,190.66645662874726
2008-07-24,-9923.840935680491,-440.26656850526524
2008-07-25,7645.245951144374,-456.95363367745813
2008-07-28,-5343.57635677619,179.52839628195397
2008-07-29,2294.719918224815,-829.313943678444
2008-07-30,-1529.0422515226674,612.5846458366777
2008-07-31,-6147.091324048975,-694.7166216903188
2008-08-01,-1544.5383184148377,-639.4240035125458
2008-08-04,772.6587470650411,-258.58076553734554
2008-08-05,4619.620468708556,447.17036194104094
2008-08-08,-7714.93930297147,529.5795836016023
2008-08-11,3867.198405612711,1195.9391740879746
2008-08-12,-6196.902769998545,-1617.5463037066884
2008-08-13,2329.704364385834,-1002.8910359926895
2008-08-26,-11719.443317722289,-1523.4066943208763
2008-08-27,-1576.0594912620581,859.0945567076533
2008-08-28,1576.0594912620581,1914.487944042915
2008-08-29,3142.5734848544744,-2048.2842512547177
2008-09-02,-7088.708393401605,5685.062435117239
2008-09-03,-2377.280507890464,-477.3996248357562
2008-09-04,-5575.145253493378,1569.3488689507558
2008-09-05,1596.9332681324522,-755.8144265981646
2008-09-08,0.0,-839.7457251303986
2008-09-09,-3197.105200756967,1954.9067594548433
2008-09-10,2399.0429420266664,-807.0040966513479
2008-09-11,-798.8710094021517,-824.3708880447466
2008-09-12,7952.425761383842,207.6940504709346
2008-09-15,-21657.862979427962,4619.606123945545
2008-09-16,812.7607203832304,-1933.9686685326215
2008-09-17,-5706.691198692912,5506.2512892951945
2008-09-18,10565.974416584999,-3867.5110532228446
2008-09-19,19144.3226820029,-2986.4729842852485
2008-09-22,3930.204752551348,1412.5688429573838
2008-09-23,1566.5283407681418,2073.836723802002
2008-09-24,-3922.266614324515,-717.8473649600783
2008-09-25,6266.131230742176,-2286.213230110754
2008-09-26,-2343.8646164176607,120.58122952428494
2008-09-29,-19009.13718513574,10982.444175681161
2008-09-30,19009.13718513574,-6383.934293432147
2008-10-01,-6285.161316884674,-275.34210463943236
2008-10-02,-8725.567910536462,5343.769182679098
2008-10-03,-2396.6139433745193,1847.704682621421
2008-10-06,-12092.995822418823,7957.2742079325835
2008-10-07,1623.0489834477266,6764.425535347644
2008-10-08,17638.00167769807,3670.927763843705
2008-10-09,9456.419949520729,9903.9547921591
2008-10-10,3906.4439961316384,3219.1595094044023
2008-10-13,0.0,-18614.451893224337
2008-10-14,14665.96195829571,-15645.638485383766
2008-10-15,-3064.2567768082517,6022.769307210856
2008-10-16,-3847.740897358759,-1949.2602099029027
2008-10-17,-771.8795713497966,625.653355830018
2008-10-20,-5425.023198648749,-7091.703101165662
2008-10-21,-11755.024524613342,-163.32076552142098
2008-10-22,-8734.404089251933,6438.262273469001
2008-10-23,-1598.5516846442188,-1380.7089797361332
2008-10-24,10332.955773896152,4783.078599301083
2008-10-27,2365.285571276887,1613.3061340626518
2008-10-28,7832.677439206302,-8682.953596552576
2008-10-29,3110.9816314542986,555.7444088737502
2008-10-30,5414.083925855724,-3270.43646680054
2008-10-31,770.3238514788391,-1456.858910899009
2008-11-03,-3859.402244484416,-2294.1032275046146
2008-11-04,-11695.789338953604,-2151.1403997585603
2008-11-05,-6310.635237093658,1604.6386349733548
2008-11-06,1582.4495631009268,3963.3215461364853
2008-11-07,6297.883894290062,-3755.8807873817987
2008-11-10,-784.4524278265162,942.3331243426892
2008-11-11,0.0,1788.845096066303
2008-11-12,-5513.431466463546,4021.280958846488
2008-11-13,7081.543852510251,-6363.619373239639
2008-11-14,-9456.419949520729,4762.53322164253
2008-11-17,-3177.7389748895876,1206.0357005478945
2008-11-18,-12031.856386167157,-2363.5467717331194
2008-11-19,-12216.317962811958,7365.691288888651
2008-11-20,-23308.280408211787,8674.18014630409
2008-11-21,8400.752817348843,-5891.791645674482
2008-11-24,12441.851359782711,-7977.2942390391545
2008-11-25,-19998.67136833703,-719.8275313456797
2008-11-26,-10184.223146291482,-1531.063287869587
2008-11-28,-5139.074177894678,241.75401918325588
2008-12-01,-18236.995855495952,2557.752665089891
2008-12-02,-3518.370086361436,-2077.776625038765
2008-12-03,-881.8475122395503,-735.20461880515
2008-12-04,-10652.98333181674,161.92686082663568
2008-12-05,10652.98333181674,-1010.1269406259053
2008-12-08,8777.962385125367,409.8325175580867
2008-12-09,-8777.962385125367,-952.0852668227271
2008-12-10,1762.791997725577,-997.5153292723808
2008-12-11,-4413.763025676457,-1210.0471351764954
2008-12-12,-3547.33319339823,-429.57179680966146
2008-12-15,-6242.959273720058,-193.84265838738247
2008-12-16,-14439.236900787764,486.1172034574538
2008-12-17,-15604.245037745357,-1504.171939111202
2008-12-18,-11180.456070930159,-1877.7674649894598
2008-12-19,4675.3415726224775,-1083.6518832007878
2008-12-22,2793.6547987875238,-936.376204844968
2008-12-23,1857.642377600976,-579.4370487076885
2008-12-24,1853.8173219191813,-448.995724568691
2008-12-26,-3711.4596995201573,-406.62816211528116
2008-12-29,-2793.6547987875238,-461.7658105384671
2008-12-30,-1867.2435590867099,383.40195655241223
2008-12-31,12990.224285463439,565.3262753108866
2009-01-02,19137.64235694838,2919.6987046337563
2009-01-05,2700.3808089121085,-299.5464570729109
2009-01-06,1795.6377823182265,759.9350143101674
2009-01-07,896.4372318404712,-3962.6944767487566
2009-01-08,-4491.404258608112,350.97359993128885
2009-01-09,-3609.7667495187197,6426.46045956206
2009-01-12,-8176.43924158247,761.6262749632915
2009-01-13,-913.1732530548397,-1151.9998185877266
2009-01-14,-8260.986344393044,2146.0581986854686
2009-01-15,-922.6213648027187,279.7989937867678
2009-01-16,11920.311953190692,-1967.4837967329204
2009-01-20,3635.8300005174096,4515.5388133957695
2009-01-21,14394.811684745662,-4665.139282662145
2009-01-22,5337.399456417821,526.0947272899375
2009-01-23,2656.4109068694197,-460.2519782199215
2009-01-26,4409.242723328207,-956.0045290215639
2009-01-27,-9730.247711153166,-1524.2835191720515
2009-01-28,10609.389235256582,-1786.743171448683
2009-01-29,13944.56843794915,1294.9347354133279
2009-01-30,0.0,1140.4449735137096
2009-02-02,-9562.339349033828,19.16829188515112
2009-02-03,11289.419571499724,-1524.4944494939373
2009-02-04,5160.113383084717,109.10823987074946
2009-02-05,0.0,-1095.8340796903467
2009-02-06,8530.244146103625,-1399.5556688770503
2009-02-09,1695.6285773045902,-390.9475730846316
2009-02-10,-14523.768959370136,2194.335148656397
2009-02-11,-10405.015942302742,-1030.840691014564
2009-02-12,-2621.2728744243905,-787.3223688804701
2009-02-13,12164.071669604336,731.2089639657552
2009-02-17,-21844.595700064594,4366.7899627490915
2009-02-18,8804.97609659734,128.90618446731787
2009-02-19,9581.924543128607,1134.9012596160628
2009-02-20,-6085.103734841297,1106.6858826108619
2009-02-23,0.0,4063.5893899663934
2009-02-24,1743.0496827052084,-6948.812152489207
2009-02-25,12959.862495559453,-539.2524900795197
2009-02-26,2568.222145614218,-221.8592221106519
2009-02-27,3412.083778502666,521.8198145171737
2009-03-02,-9416.865649314012,2663.6580504456615
2009-03-03,1720.0351240956306,-339.1606311436317
2009-03-04,6845.115075723761,-1900.5034971073437
2009-03-05,-15480.556442250358,2173.0438941706434
2009-03-06,0.0,-448.2232112545571
2009-03-09,5191.852584543376,520.1236406688913
2009-03-10,8582.662959877898,-4093.1579321933896
2009-03-11,-3422.549576793181,-639.4578843417257
2009-03-12,-5160.113383084717,-1816.1170156110002
2009-03-13,0.0,-87.6358602586788
2009-03-16,6873.135452055456,46.4929703385551
2009-03-17,4267.283855146145,-914.1957538121096
2009-03-18,-44567.26223666984,89.65501622978445
2009-03-19,8923.111715825464,56.55487860060748
2009-03-20,3543.698305796108,-195.16938658440267
2009-03-23,2648.2557479725037,1668.4310338222367
2009-03-24,0.0,-1593.9767837206273
2009-03-25,11382.21627371822,200.56726418787184
2009-03-26,-4359.858685343779,1087.576587294663
2009-03-27,1746.620776319778,-1735.6835701168584
2009-03-30,-4373.265601350158,-1844.9726032679628
2009-03-31,-1755.5842638849426,-284.1110238658257
2009-04-01,-2640.1284994591188,654.0316470941143
2009-04-02,7896.114872885817,2592.3865696386347
2009-04-03,12139.215944875938,1060.3568186865996
2009-04-06,3436.5597251971267,-997.2400911452023
2009-04-07,-1716.524601101496,3503.2263260943437
2009-04-08,-6035.534092498456,-586.5080347932981
2009-04-09,8609.007045949933,311.9240770456254
2009-04-13,-6880.160523388965,182.33795695031222
2009-04-14,-6936.650324520471,-971.1701008170476
2009-04-15,1739.486730781904,-234.08771356024226
2009-04-16,3468.3170711775983,436.7094093093947
2009-04-17,10320.28083921417,-237.28521711313988
2009-04-20,-8591.434316653202,-793.9820666518153
2009-04-21,5165.388185966922,-120.31483116561503
2009-04-22,3426.046130686279,-245.91018230220288
2009-04-23,-1711.2737932642358,-56.17677851762528
2009-04-24,5974.204341489063,538.7488513218523
2009-04-27,-6831.152693839045,-479.3105050200211
2009-04-28,8530.244146103625,-507.78699871939534
2009-04-29,5919.601556964107,760.0306111826285
2009-04-30,3363.713160367477,-123.25522685744545
2009-05-01,4185.412223696105,39.98812576245109
2009-05-04,-1671.6077873385439,3159.9020821556696
2009-05-05,836.2294318462118,-601.9706041187492
2009-05-06,-1673.3109077141107,1975.9235294553564
2009-05-07,9161.193082824679,-1797.4111712253743
2009-05-08,0.0,2875.7711422133725
2009-05-11,-9999.127571585354,-2532.243279037466
2009-05-12,0.0,-460.2792957440761
2009-05-13,-5045.574612079532,-3258.1496468935184
2009-05-14,-843.932808794525,949.5463577688533
2009-05-15,3370.5761704461856,-1091.346357519973
2009-05-18,6700.083248000008,3665.232418209296
2009-05-19,2498.493724167718,-177.32885074935257
2009-05-20,-5004.629757111281,-3327.10231990021
2009-05-21,13278.080791628923,622.5313197969917
2009-05-22,8189.779602183502,265.38629244857475
2009-05-26,4063.808275067364,-759.8270539677542
2009-05-27,16844.77276770654,228.97515640045822
2009-05-28,-3180.957563265678,-348.0658591473966
2009-05-29,-16099.62490827182,-681.4529784762017
2009-06-01,19280.5824715375,1319.4156986099733
2009-06-02,-4776.274244091226,-255.041301032079
2009-06-03,-7219.064167192606,-539.7164025843249
2009-06-04,12788.56732127536,79.59241832911903
2009-06-05,9456.419949520729,-332.0573331824962
2009-06-08,5463.505510261792,-426.4060501436488
2009-06-09,-3898.559428007007,-240.17462819092725
2009-06-10,9323.582626655756,-332.28959277656213
2009-06-11,-7761.795709944927,33.90715116089632
2009-06-12,-5480.091177483133,17.865554268262713
2009-06-15,-3938.160835834031,-1162.1292061417425
2009-06-16,-7139.087408426385,-353.711647972581
2009-06-17,796.4474983676191,-594.5303193449827
2009-06-18,14199.1050066651,-398.44560147658103
2009-06-19,-5491.179525329448,-532.239644184252
2009-06-22,-5530.186506446065,-324.8955367023709
2009-06-23,-5569.503154082755,-485.5559759706766
2009-06-24,5569.503154082755,-664.5665228541302
2009-06-25,-13594.758405514083,-4.613953906719871
2009-06-26,-2423.4846811194075,-573.7067998580296
2009-06-29,-809.468462210265,387.33045053472597
2009-06-30,1618.1161877870109,-1052.6915074565973
2009-07-01,1614.8369555426616,52.04280100455708
2009-07-02,-3232.9531433296725,6638.104711889362
2009-07-06,809.468462210265,204.2245397238603
2009-07-07,-4055.5682948955364,485.7001672947663
2009-07-08,-11465.744271418214,-25.35148118234065
2009-07-09,9022.50597659127,-725.1320153681318
2009-07-10,-9847.74645821963,-401.7403564364922
2009-07-13,4938.882810706898,-1115.1877963519455
2009-07-14,9787.911646170633,-496.7685851015349
2009-07-15,10469.946838971096,1265.1639444040093
2009-07-16,-3206.8377023990615,-396.47371919441866
2009-07-17,6400.7060678688285,312.4445141479555
2009-07-20,-4795.662379809852,755.4060636560716
2009-07-21,-8868.152824631012,200.68394366545908
2009-07-22,6459.36636491699,-210.44891830593224
2009-07-23,11178.63531278108,2394.4526696857483
2009-07-24,-1587.2611033469148,410.0476619884157
2009-07-27,3962.1372003573924,399.31460338555735
2009-07-28,-2374.8760970104777,-641.6063570745573
2009-07-29,-2382.0974884704046,-363.70545309197223
2009-07-30,-1592.088984786802,1275.0571100270026
2009-07-31,-12044.056613376284,139.8736757526949
2009-08-03,11246.802191281036,2277.4862923143046
2009-08-04,3184.1797920055396,341.48687212952063
2009-08-05,7904.282821091081,-451.39327582199076
2009-08-06,-786.8352112981011,-791.0779428239966
2009-08-07,7832.677439206302,1912.526950134452
2009-08-10,-7045.842227908201,-334.0115178753622
2009-08-11,-7110.250627735695,-1888.030901722448
2009-08-12,793.2289099915288,1565.4421495340157
2009-08-13,-10374.892541126035,1120.3185222948487
2009-08-14,-3219.865864388048,-7475.326604338206
2009-08-17,-5666.2922556317135,1411.1179536159634
2009-08-18,2433.339112302041,-975.034602728847
2009-08-19,-4874.098403921678,-210.54218286823743
2009-08-20,-2448.204737270731,-576.904449761585
2009-08-21,11361.447368760804,323.5152861274946
2009-08-24,-6472.483339870436,-147.16986862281738
2009-08-25,-2440.759291619637,-181.02102251386168
2009-08-26,-815.2397235905373,-177.7711767798919
2009-08-27,2443.238294826944,-172.14248907059482
2009-08-28,-813.5861186103939,-181.9240417374658
2009-08-31,-4898.902559894981,-209.64993861212497
2009-09-01,-1639.6132638343006,382.33662726978764
2009-09-02,-7419.645415752377,-318.5443574562614
2009-09-03,3306.003086673838,-811.3822075167291
2009-09-04,9837.745700181807,-534.8454788067093
2009-09-08,1627.9985712364069,199.8298801605997
2009-09-09,812.7607203832304,-120.45996369121076
2009-09-10,-9807.811376624915,417.7612291322894
2009-09-11,-1646.2917389655595,-111.99754135949297
2009-09-14,6565.139086700106,222.1425164600214
2009-09-15,4076.203308507138,211.51633417944686
2009-09-16,812.7607203832304,1804.1561739026183
2009-09-17,-4888.964028890368,-333.24608936949517
2009-09-18,5700.900285676456,-5.085332620599729
2009-09-21,0.0,-470.95786860220323
2009-09-22,-2438.2830957797123,778.9566219756853
2009-09-23,-1629.6521762165503,-1347.4544986176315
2009-09-24,-3269.250383678431,-1749.6445886126176
2009-09-25,-4928.853716701869,-892.1142857814684
2009-09-28,-2475.7223970594277,4637.811780966437
2009-09-29,0.0,-75.70498063269406
2009-09-30,0.0,-23.79713943733441
2009-10-01,-8307.186385443616,1291.868162457171
2009-10-02,2501.0382670213075,118.77341399032593
2009-10-05,0.0,-1343.1081794462843
2009-10-06,2493.4133007266573,-819.6509398054841
2009-10-07,-4994.451567747965,-595.5538814808242
2009-10-08,4994.451567747965,-332.7913680687543
2009-10-09,10717.310931456948,-466.9457849091996
2009-10-12,0.0,-122.97815506450206
2009-10-13,-4928.853716701869,-280.06783209478635
2009-10-14,9013.343823970838,571.0593970301616
2009-10-15,3252.6955484057253,-264.6670702228639
2009-10-16,-4884.003204661822,-802.7128883551377
2009-10-19,-1634.624250817178,417.4873902936797
2009-10-20,-4923.8476951102275,-761.0178807708226
2009-10-21,5741.574864912771,-436.01222290951137
2009-10-22,1632.9650136801938,71.18534900795476
2009-10-23,5689.338127512216,-617.8184232339918
2009-10-26,6452.8190077177205,-163.69840628159636
2009-10-27,-8074.2218632336735,-259.86730192963205
2009-10-28,-4067.9352719962626,649.9277049133389
2009-10-29,7307.454315299226,-1338.6447589247437
2009-10-30,-9758.146498781964,1491.9273189325886
2009-11-02,3265.9319070732745,-997.031259067995
2009-11-03,4063.808275067364,-793.8035842918798
2009-11-04,5654.808412576553,-813.2517228303295
2009-11-05,0.0,-1185.0355935196649
2009-11-06,-2418.574178132192,-769.4590240390794
2009-11-09,-1616.475643379781,8209.0126430939
2009-11-10,-1619.7585910645794,-308.32914210486706
2009-11-11,0.0,-5.862510983533866
2009-11-12,-4063.808275067364,209.3944223596518
2009-11-13,-1631.3076562560964,-518.3923225786766
2009-11-16,-8206.438043925711,-28.4649279834357
2009-11-17,0.0,-329.46648253161584
2009-11-18,2470.6936151765294,-508.76409958259137
2009-11-19,-822.7275171782239,-170.9799899372374
2009-11-20,822.7275171782239,-403.2931074655571
2009-11-23,821.8917612063633,-315.3359880267608
2009-11-24,-4117.825858011252,-379.3227784115561
2009-11-25,-3309.367041917001,-37.09087741611165
2009-11-27,-5823.899382746713,768.1525015358648
2009-11-30,0.0,-284.40693657768134
2009-12-01,5823.899382746713,-688.3673759078865
2009-12-02,3309.367041917001,-483.15765518639637
2009-12-03,5759.105901178849,-137.82678164856316
2009-12-04,7344.639572250955,-390.9492134227512
2009-12-07,-3255.9990152101745,-94.3903576520097
2009-12-08,-3269.250383678431,-135.40658597139554
2009-12-09,4084.490107268968,-518.1214952448981
2009-12-10,3252.6955484057253,-234.8540233019212
2009-12-11,4854.355998845625,-275.04330881827536
2009-12-14,806.1910842387224,84.22477497597174
2009-12-15,3216.6032931052832,-630.0250645646338
2009-12-16,802.1151751030193,-363.17937465304385
2009-12-17,-8868.152824631012,-906.0682202985927
2009-12-18,4043.243272183987,-337.905360077727
2009-12-21,11212.660917043679,660.7003074707568
2009-12-22,5546.998423639583,5371.046485014069
2009-12-23,789.2260800148288,-44.83909415765265
2009-12-24,3934.1805482900163,-157.35806099716865
2009-12-28,2350.980768594658,103.20339361032893
2009-12-29,-2350.980768594658,-171.79532252870922
2009-12-30,-1571.285845729857,-197.9187576588538
2009-12-31,3922.266614324515,373.7895801733648
2010-01-04,0.0,-432.3470031898323
2010-01-05,-6285.161316884674,-314.3160806945316
2010-01-06,6285.161316884674,-201.26327852481973
2010-01-07,0.0,40.659714489172984
2010-01-08,-1566.5283407681418,-240.62375084856285
2010-01-11,1566.5283407681418,-224.93953371970565
2010-01-12,-8655.236734169746,-615.3167389533037
2010-01-13,4732.970119845231,296.528360367809
2010-01-14,-3152.120782574988,8.638883588638237
2010-01-15,-4752.162038516093,-975.2275998521754
2010-01-19,2379.6876372564657,739.9038041224485
2010-01-20,-3970.1655087991385,-787.9115323579172
2010-01-21,-4790.807121219834,12.334791644924735
2010-01-22,0.0,1512.7061061131353
2010-01-25,3197.105200756967,-1004.7948487723197
2010-01-26,-798.0622587303005,-306.5288393322098
2010-01-27,798.0622587303005,-866.6119235771321
2010-01-28,1593.7019204628668,600.5550606695706
2010-01-29,-3990.315863837386,982.6194009943665
2010-02-01,3990.315863837386,-2150.611554390167
2010-02-02,-796.4474983676191,-1483.178916061483
2010-02-03,4766.613007166758,-24.26129905573407
2010-02-04,-8760.972630018972,4431.50294354499
2010-02-05,-2406.346445016614,3562.7206365244165
2010-02-08,2406.346445016614,-66.87424346773696
2010-02-09,3994.3596228522147,-286.66604325086155
2010-02-10,3974.1864732572067,-482.1372475711887
2010-02-11,792.4265339095509,-519.8736486522066
2010-02-12,-3174.5240223799556,-701.5217317579936
2010-02-16,-2389.3434068820497,394.8159549044303
2010-02-17,6355.4924932513895,-27.170082591765095
2010-02-18,3946.13490854713,-28.567611547650813
2010-02-19,-787.6312676968737,-136.91772056936497
2010-02-22,1574.4664789949748,-149.44831399535724
2010-02-23,-8699.119206214571,-790.4687814982335
2010-02-24,794.8363851234899,272.4815013105581
2010-02-25,-4781.113060137992,-334.60068535872233
2010-02-26,-2401.4746895821518,-246.61468673775016
2010-03-01,0.0,944.19812208039
2010-03-02,801.302756957637,185.82827995748994
2010-03-03,800.4912573824477,-35.30090948542056
2010-03-04,-1601.7940143400847,290.1387844183773
2010-03-05,6387.751364596654,1998.0065848842169
2010-03-08,2382.0974884704046,-10.183071490655493
2010-03-09,-793.2289099915288,224.9502570888526
2010-03-10,1585.6554439010797,712.6232557771455
2010-03-11,0.0,666.7644899763891
2010-03-12,-1585.6554439010797,-17.158332739472826
2010-03-15,0.0,19.07441306624787
2010-03-16,-3978.2119853609256,1350.4106199331363
2010-03-17,-798.0622587303005,1009.0604085649447
2010-03-18,2391.7641791931674,-112.49770543813793
2010-03-19,1590.4778715426728,-909.7579997277226
2010-03-22,-2386.925369910292,-6529.7644531299
2010-03-23,1592.088984786802,-218.22177894692686
2010-03-24,11838.517437991133,294.33465428127147
2010-03-25,5463.505510261792,211.33220838801572
2010-03-26,-3898.559428007007,-447.878394249301
2010-03-29,1561.7869167108292,-98.86918921840515
2010-03-30,0.0,-331.5444722418024
2010-03-31,-3126.7329989656137,-57.46625987167408
2010-04-01,3906.4439961316384,1.978256674320619
2010-04-05,9295.389408788862,94.62705638949137
2010-04-06,-2313.30469600996,-275.80805266836705
2010-04-07,-6982.084712778902,-402.38841982758095
2010-04-08,1557.0615141301532,7.565410720126238
2010-04-09,-778.1376394779945,256.59144398446824
2010-04-12,-2339.1338799331716,-158.89930532602375
2010-04-13,-2346.2339908506256,87.82457580871778
2010-04-14,3126.7329989656137,1064.862210678697
2010-04-15,-1561.7869167108292,42.31155941893121
2010-04-16,-5491.179525329448,-1457.8617251570777
2010-04-19,3142.5734848544744,-71.27373666414587
2010-04-20,-784.4524278265162,654.8049466234288
2010-04-21,-3934.1805482900163,-311.19744229252046
2010-04-22,2362.894702560159,307.3617101741311
2010-04-23,3139.398231776562,917.9253431054758
2010-04-26,-783.6599582201889,-667.5204552384785
2010-04-27,-9465.988901292068,-2451.0192133415158
2010-04-28,7110.250627735695,88.88080919262029
2010-04-29,-3152.120782574988,1373.712556636493
2010-04-30,-5546.998423639583,-2600.6334849549567
2010-05-03,2382.0974884704046,1690.766946606972
2010-05-04,-7168.054838726974,5892.709357511957
2010-05-05,-4010.580474054106,268.32415696554744
2010-05-06,-13789.106547057629,4029.2444982168963
2010-05-07,3265.9319070732745,3770.565150575907
2010-05-10,9718.616687643917,-6649.693193863259
2010-05-11,-805.3740561538434,-450.7389704869238
2010-05-12,0.0,-1466.4284360510756
2010-05-13,-806.1910842387224,266.95089822345653
2010-05-14,-8922.291270841888,2033.5600148447102
2010-05-17,2443.238294826944,-445.4924785321655
2010-05-18,-7352.101942339676,1324.6176339735448
2010-05-19,-1642.9487139020093,626.7361152813046
2010-05-20,-9096.178551695866,5534.357434785938
2010-05-21,-4168.400325265069,-3041.037674647094
2010-05-24,2503.5857020816475,386.2445959532088
2010-05-25,-4176.896609795758,-1136.6522244468943
2010-05-26,2508.689263206443,534.9742090235486
2010-05-27,10782.908782503044,-4785.150379936404
2010-05-28,-2475.7223970594277,1557.9539805047734
2010-06-01,-1654.6825658253802,2295.141540413504
2010-06-02,4953.9691846721435,-4040.055389705398
2010-06-03,3285.899321552184,-729.7132745030904
2010-06-04,-15727.750681334895,5069.573036819371
2010-06-07,-2511.2453964747856,1714.1831383081735
2010-06-08,837.9344887606749,-1784.059811041192
2010-06-09,1673.3109077141107,752.3742500496119
2010-06-10,10793.885261784406,-4586.3150854105315
2010-06-11,-7457.468639270766,-859.7388401084627
2010-06-14,3322.8611157254054,230.5615432055056
2010-06-15,3309.367041917001,-3723.770405452642
2010-06-16,-4138.814856915749,3714.826312824478
2010-06-17,-4994.451567747965,-575.1040568602966
2010-06-18,2501.0382670213075,-671.883984988739
2010-06-21,1663.1211494991585,175.96818375730436
2010-06-22,-6672.848679726909,765.2197231826685
2010-06-23,-4198.221992347748,-218.01617689527666
2010-06-24,841.3562531592015,1412.9081177476692
2010-06-25,-1683.5703816685927,-848.7897589208442
2010-06-28,-5919.601556964107,76.7771159699405
2010-06-29,-6817.222077132887,3310.9068336625696
2010-06-30,0.0,620.8181685979434
2010-07-01,-856.0737166207568,-252.52015599344122
2010-07-02,3419.0570034327475,-240.48483695058894
2010-07-06,-4276.00535578273,-931.4361444246842
2010-07-07,4276.00535578273,-3706.691373736685
2010-07-08,3405.1264163477867,-1243.1830376866492
2010-07-09,2544.740951277699,-908.027685301462
2010-07-12,846.5181714250202,-422.7471343081179
2010-07-13,5901.524542622602,-941.9759338215308
2010-07-14,-6748.042714047622,-194.40613600080815
2010-07-15,-5949.867367625486,-248.5023739301505
2010-07-16,-3419.0570034327475,1836.860267928152
2010-07-19,2565.601224443199,-850.9628367227724
2010-07-20,-854.3274311789634,-1569.3846914080104
2010-07-21,-6866.118381576139,1206.932845019167
2010-07-22,5154.844588311903,-2397.9372162282216
2010-07-23,5123.357571766902,-1052.742643900082
2010-07-26,850.8467697221613,-783.6083450144711
2010-07-27,4241.23820099419,-556.6644720964578
2010-07-28,-4241.23820099419,-614.2298157280093
2010-07-29,0.0,8882.798491893254
2010-07-30,-7688.976678911106,-470.23025256079563
2010-08-02,4280.373561865243,-153.49409817619016
2010-08-03,-4280.373561865243,-138.27209741332626
2010-08-04,3426.046130686279,-28.204795366122198
2010-08-05,-3426.046130686279,-281.2389004007873
2010-08-06,-6894.234708527891,-531.5932351569263
2010-08-09,0.0,247.47559000560614
2010-08-10,-6078.88276594208,-388.98217466272763
2010-08-11,-6122.578997055414,417.90811111385847
2010-08-12,1753.787470045474,-23.736659819775014
2010-08-13,-5272.15755640691,12.096557077584293
2010-08-16,-8859.282103192949,-275.8262365162245
2010-08-17,5326.463563002519,-1052.2746113152534
2010-08-18,0.0,-168.2087952539605
2010-08-19,-5326.463563002519,680.9603708416525
2010-08-20,3554.6154483510254,-405.3926880485087
2010-08-23,-1775.4850787467367,-11.461155540031541
2010-08-24,-8932.272022524397,1220.5483858904445
2010-08-25,3583.911629819733,-722.694551912291
2010-08-26,-3583.911629819733,471.47039614764617
2010-08-27,14247.824672454768,-2126.1095017226817
2010-08-30,-10663.913042635035,1543.8258506147904
2010-08-31,-6281.520670068392,-388.59088374102066
2010-09-01,9850.750693168768,-3164.5629350305517
2010-09-02,4440.993606578657,-892.3057806225079
2010-09-03,7936.658582975728,-759.0267094120545
2010-09-07,-9710.324140130047,-141.6376967688534
2010-09-08,4427.354970110322,-760.4944674331337
2010-09-09,9660.713956544107,-689.876399993871
2010-09-10,3486.1014008324037,8110.893640174319
2010-09-13,-6110.058717311311,-292.0075568561915
2010-09-14,-5272.15755640691,-33.9432505255827
2010-09-15,5272.15755640691,188.5823520291724
2010-09-16,2623.957316478907,-349.33818499963854
2010-09-17,-1748.4093826159879,-47.451110980531666
2010-09-20,-2629.3354039083933,423.0010490982404
2010-09-21,-9710.324140130047,-1.540019114032475
2010-09-22,-4450.112057491133,-423.59366526026315
2010-09-23,0.0,-65.88211811583642
2010-09-24,5337.399456417821,249.3809850246853
2010-09-27,-7123.845471451401,-297.784149749119
2010-09-28,-5381.394086620479,82.26670916777584
2010-09-29,3591.2776751601996,-143.55272973769206
2010-09-30,895.5175304448858,-305.01640395006325
2010-10-01,894.598881015394,-238.5564435924298
2010-10-04,-3583.911629819733,-517.629969815438
2010-10-05,0.0,1203.6002999876273
2010-10-06,-8117.830285038828,-243.14436979311722
2010-10-07,0.0,-312.291315972805
2010-10-08,0.0,440.2407093367183
2010-10-11,0.0,-185.19141192431744
2010-10-12,2714.2873674543807,375.8913776251138
2010-10-13,1804.8823128730946,1210.5355632141982
2010-10-14,5392.455823070806,-699.0111239596408
2010-10-15,6249.367801956141,271.5113518516646
2010-10-18,-6249.367801956141,829.9692404501984
2010-10-19,-1793.7952183594534,-2349.798001145782
2010-10-20,897.3579865189822,1685.2735786482863
2010-10-21,5364.848889716537,377.852560167501
2010-10-22,1780.9561440800753,-1729.8733941287246
2010-10-25,0.0,405.0899320187673
2010-10-26,7087.413223557913,11.727479502653296
2010-10-27,7029.553002509379,13.36359360084316
2010-10-28,-5266.7610047838025,-101.42843815978631
2010-10-29,-5299.232982100319,-33.2067069083314
2010-11-01,2653.6894129560023,89.23535275028007
2010-11-02,-2653.6894129560023,-141.63148895653467
2010-11-03,3536.4409843747417,-888.6821482097384
2010-11-04,-12441.263495069168,719.2321816432486
2010-11-05,4463.82890411577,133.18546456020704
2010-11-08,1779.1303696042887,-336.8173215494953
2010-11-09,10598.521819950096,-575.9552748124079
2010-11-10,-6166.62583433394,-11.379804659065485
2010-11-11,0.0,-477.0549997472099
2010-11-12,9670.613336346945,-412.78237708414235
2010-11-15,13873.430107016397,-437.65922119941024
2010-11-16,-6041.70559585532,101.50478463134459
2010-11-17,3457.6950603386485,-541.7117531360836
2010-11-18,862.2171471227957,-750.7030112684852
2010-11-19,-1725.315935077062,-259.72703345691116
2010-11-22,-6936.650324520471,-223.96271457947842
2010-11-23,-2615.913174513611,-288.74175975162416
2010-11-24,13859.25106897157,11.169466712389294
2010-11-26,-5170.669004449117,-321.4162491613879
2010-11-29,-2597.250258964328,-474.7274715531521
2010-11-30,-2605.2304047257203,-230.21115551196635
2010-12-01,13802.6963382114,590.3934575646517
2010-12-02,3415.5684056515256,1632.502861298628
2010-12-03,1702.5622192167807,431.553270672649
2010-12-06,-6831.152693839045,2327.506514843237
2010-12-07,16973.91543745584,-161.3686595843119
2010-12-08,9189.215066195942,-209.08214835256513
2010-12-09,-2495.9520699311506,-280.98985695169176
2010-12-10,7465.059078074399,257.71110353595395
2010-12-13,-2480.7626050454783,-157.34487130347952
2010-12-14,16396.44433526137,-81.95688815631365
2010-12-15,3239.519043302964,-248.58549948969085
2010-12-16,-4864.216020472282,-111.64733941981831
2010-12-17,-11465.744271418214,-616.7527382259914
2010-12-20,2470.6936151765294,128.0636839019926
2010-12-21,-822.7275171782239,402.3923104648966
2010-12-22,822.7275171782239,-163.29981888710427
2010-12-23,4101.120177932004,7.859883635525875
2010-12-27,-4101.120177932004,230.71998889877705
2010-12-28,11430.860360072642,-63.3843408251314
2010-12-29,-12253.587877250866,-169.2124685125409
2010-12-30,2465.6762310802333,-292.8224523988656
2010-12-31,-6591.883400095321,-108.5162284757289
2011-01-03,4948.934686193312,1125.2288892719243
2011-01-04,0.0,-270.28581092313107
2011-01-05,11430.860360072642,636.8141772213567
2011-01-06,-4879.047998657901,-412.4652976302277
2011-01-07,-8198.1041003803,-484.21686370335374
2011-01-10,-1649.6423578393296,-310.10652532587665
2011-01-11,4117.825858011252,466.2581281609655
2011-01-12,2460.6702165299466,1620.706037362157
2011-01-13,-4928.853716701869,-355.5233593329922
2011-01-14,823.5642217873356,1389.5746553218996
2011-01-18,3285.899321552184,311.2520237703593
2011-01-19,-1641.280043167597,-1993.4334078453176
2011-01-20,8173.158895035322,184.799077616859
2011-01-21,-2443.238294826944,115.06878722083457
2011-01-24,-816.067932665559,-450.88646548158795
2011-01-25,-6558.471945927406,-183.00824805036973
2011-01-26,8189.779602183502,-469.07732591540844
2011-01-27,-2448.204737270731,-265.3195591944095
2011-01-28,-4918.847347734547,1161.172603969775
2011-01-31,4918.847347734547,-354.4859602788929
2011-02-01,4888.964028890368,-307.968175950522
2011-02-02,3242.807574512306,-448.59326999801306
2011-02-03,4839.607773852411,-259.36297359460514
2011-02-04,8000.896337891492,-211.10419924757207
2011-02-07,0.0,580.6534055164439
2011-02-08,5552.615071900065,254.0821601268708
2011-02-09,-7944.379251093233,-433.09330999100894
2011-02-10,3982.24205073584,-52.70811058368781
2011-02-11,-4781.113060137992,577.2304515205287
2011-02-14,-1600.1719326245147,276.75004796246867
2011-02-15,-801.302756957637,-555.9456485983137
2011-02-16,801.302756957637,913.884096223579
2011-02-17,-3210.0892166716585,375.1775980624898
2011-02-18,803.7427716550446,261.1695151066506
2011-02-22,-10512.504959013386,-2794.4043877389995
2011-02-23,2438.2830957797123,-753.7788027346505
2011-02-24,-2438.2830957797123,-599.707575257853
2011-02-25,-3262.617189896744,868.6044374735893
2011-02-28,0.0,890.7114428847899
2011-03-01,-817.7271698025434,-3015.26965799157
2011-03-02,4080.3443596992875,-6.071517136950206
2011-03-03,9708.762187358341,5802.309284026862
2011-03-04,-7270.479091578629,32.417974155678166
2011-03-07,1621.402855515953,775.4468325641992
2011-03-08,4039.144227568395,-739.8288396482676
2011-03-09,-6472.483339870436,20.55689907901069
2011-03-10,-8985.919615418552,1146.3070089772464
2011-03-11,2460.6702165299466,-1352.1566868518858
2011-03-14,-3282.56197773631,562.4809200207055
2011-03-15,-2470.6936151765294,1868.5935652541866
2011-03-16,-9123.978660687055,3222.9174781440906
2011-03-17,2498.493724167718,-2459.6997330368577
2011-03-18,2490.877412973976,-1250.2933310803783
2011-03-21,4959.009399756331,-2749.4925525744366
2011-03-22,0.0,-148.80454691377417
2011-03-23,1646.2917389655595,-786.5097915810184
2011-03-24,4918.847347734547,-1183.2874178238762
2011-03-25,3262.617189896744,-379.0792057125427
2011-03-28,813.5861186103939,402.0180294310194
2011-03-29,2435.809703830957,-923.5064295286293
2011-03-30,-2435.809703830957,-479.6380060672618
2011-03-31,0.0,-272.10327425335436
2011-04-01,-813.5861186103939,-363.71977192236136
2011-04-04,-814.412452626013,-260.34378560575533
2011-04-05,4063.808275067364,-397.73951161839796
2011-04-06,4849.434356422709,-328.3885825923953
2011-04-07,1609.932008494281,-410.3831147740352
2011-04-08,803.7427716550446,-315.62135880007236
2011-04-11,0.0,-685.4151287104319
2011-04-12,-5643.3505455074555,49.87235043871851
2011-04-13,-2430.871317726218,-497.24491010718793
2011-04-14,1621.402855515953,6510.826900492167
2011-04-15,-6505.406060177775,-588.347050561084
2011-04-18,-2453.1824510128718,615.2606285834845
2011-04-19,-819.3901733623497,-746.2550801567431
2011-04-20,3272.5726243752215,-117.0685702792016
2011-04-21,-816.8970810146348,-8.60650737686683
2011-04-25,-2455.6755433605867,274.4683773528459
2011-04-26,-4109.46354333952,456.3969469688873
2011-04-27,4109.46354333952,432.4994817168954
2011-04-28,-4109.46354333952,7.643989851758306
2011-04-29,-1649.6423578393296,227.16629310905773
2011-05-02,-826.0800392200981,35.12030746438904
2011-05-03,-2483.287002696903,-373.53581196723644
2011-05-04,-2490.877412973976,-760.7407211928403
2011-05-05,-5841.71123297918,-529.7481464599368
2011-05-06,837.0814758678989,166.8255671902234
2011-05-09,-1675.0159646285738,-282.8225968586721
2011-05-10,5014.831098556433,481.747733346886
2011-05-11,-3339.8151339278593,-1172.6532807272752
2011-05-12,2506.136032943563,82.3298353600776
2011-05-13,-3343.217508811462,-795.0283186700699
2011-05-16,-2516.3663864690334,-445.50555652818275
2011-05-17,-2524.0697343881056,-495.17505463147427
2011-05-18,5040.436120857139,268.12438584751453
2011-05-19,-837.9344887606749,-35.98472404899803
2011-05-20,-1678.4318977083585,-927.6650843530833
2011-05-23,-1681.8556058787144,-1030.651867325546
2011-05-24,-842.2141285093912,-595.4469701409548
2011-05-25,842.2141285093912,-500.57200746917397
2011-05-26,-5066.187108168908,-155.77315084452766
2011-05-27,0.0,6481.7383871458715
2011-05-31,-1695.6285773045902,-119.73159153112101
2011-06-01,-7673.295793753643,1104.745530815435
2011-06-02,6824.183419780535,-262.3114463308684
2011-06-03,-4258.582195337335,133.2714651829283
2011-06-06,1706.0408978290834,770.4082223844398
2011-06-07,0.0,-280.552706671926
2011-06-08,-2560.3683290080467,507.657026797915
2011-06-09,2560.3683290080467,-1206.2324868320502
2011-06-10,-1706.0408978290834,1577.6273035051945
2011-06-13,853.4557789895483,24.167386926244944
2011-06-14,9330.767367301934,-1848.6607082338087
2011-06-15,-11038.550577470447,2663.0581066929863
2011-06-16,-4284.746746715714,13.942903431619925
2011-06-17,858.700616029435,-773.5752959120327
2011-06-20,2570.8460540428,-1278.325267003047
2011-06-21,1709.5275078224422,-1829.9011987433496
2011-06-22,1706.0408978290834,247.5093576112631
2011-06-23,-6845.115075723761,329.1958427404461
2011-06-24,-4306.687569937487,1664.4779677888382
2011-06-27,6023.212171038983,-1437.8446728988165
2011-06-28,8530.244146103625,-1965.7559746605739
2011-06-29,7603.1719386326995,-1462.188018152673
2011-06-30,3356.8657391885463,-998.1717340845435
2011-07-01,3343.217508811462,-308.7044830169252
2011-07-05,-5019.940469301124,-342.985649416235
2011-07-06,-3363.713160367477,-241.04850542744316
2011-07-07,4202.501632096464,754.1033203681809
2011-07-08,-11821.19464132515,-1339.4833751669426
2011-07-11,-7688.976678911106,-920.2679167220394
2011-07-12,-1718.278862495984,8885.013684468859
2011-07-13,0.0,-105.44514830397202
2011-07-14,5144.324993182263,197.13158915921304
2011-07-15,-3426.046130686279,-802.7045446815737
2011-07-18,0.0,473.51912800270657
2011-07-19,-2578.7357401250656,-797.7124849674492
2011-07-20,4293.508077547109,-277.70416432213096
2011-07-21,5974.204341489063,-76.58015996355425
2011-07-22,-3408.603117045864,-140.43173678678068
2011-07-25,3408.603117045864,183.2103330363425
2011-07-26,-3408.603117045864,-51.74030859164668
2011-07-27,1706.0408978290834,498.807054645069
2011-07-28,-2560.3683290080467,83.14409807215452
2011-07-29,-13788.597910391767,485.15824367267123
2011-08-01,-4355.399905295515,-762.0097031756068
2011-08-02,-9660.713956544107,2030.608816740738
2011-08-03,-1768.2194565321406,-1176.6970660097086
2011-08-04,-15177.214256171286,7590.877979031075
2011-08-05,9850.750693168768,73.54106449849496
2011-08-08,-16177.595692812458,11735.01915869075
2011-08-09,-18329.715149836433,-8327.1927730561
2011-08-10,-2782.159829364842,7693.088565035472
2011-08-11,15652.513987743776,-7480.186301289876
2011-08-12,-9174.159597447884,-1404.1463714116253
2011-08-15,4598.883128975052,-3888.1618309947116
2011-08-16,-5521.504493777771,1424.3167068351468
2011-08-17,-5555.733025493173,-195.1136839203864
2011-08-18,-8398.296241565316,7924.474387468632
2011-08-19,-937.965824028739,2888.7816631357346
2011-08-22,2810.996631879738,-122.26720836702589
2011-08-23,4665.707230179149,-10861.282672651745
2011-08-24,12936.795722806113,-198.1038606955226
2011-08-25,-5521.504493777771,1236.587072126993
2011-08-26,-3700.0042741775833,-2018.5150827364414
2011-08-29,8303.625009921278,-445.49808428906545
2011-08-30,-8303.625009921278,161.92022947847727
2011-08-31,3700.0042741775833,-448.24636187711076
2011-09-01,-7415.291229028342,-974.7589437704119
2011-09-02,-12181.081746358832,-643.7843995819458
2011-09-06,-3781.0279217498464,781.380141812193
2011-09-07,6606.5677526485815,-773.7010513049408
2011-09-08,-4714.101269478779,-508.9349525896396
2011-09-09,-6640.776378764072,644.0259742189755
2011-09-12,951.6257732520171,-339.65115734622486
2011-09-13,5689.150605512055,-861.2750275066501
2011-09-14,2831.3805724306876,-689.6447927483096
2011-09-15,5636.52308122821,-39.61010869275742
2011-09-16,-936.9985067501693,-54.68079082278564
2011-09-19,-10371.072074965501,-794.9732891902167
2011-09-20,-1898.340931931496,-448.5563939291733
2011-09-21,-6675.182498842987,-737.0842896238664
2011-09-22,-15440.32554632226,888.9092332339605
2011-09-23,11604.183936081085,-841.3271746981791
2011-09-26,6702.850428003338,-1434.8995501778609
2011-09-27,8546.981541069094,-672.4873924134154
2011-09-28,2831.3805724306876,-370.8284166997946
2011-09-29,-3777.1251214793447,-1278.391970671947
2011-09-30,-6647.641763492997,415.14342669681537
2011-10-03,-11508.498017823746,2354.3882648656263
2011-10-04,964.5087395357114,-3856.3772550501344
2011-10-05,10543.989278288034,12479.851809688349
2011-10-06,8538.15460079613,-654.5720857012457
2011-10-07,8459.167666505251,-524.2783875357054
2011-10-10,0.0,-220.91677062488816
2011-10-11,7453.6079411599785,-261.7267793132123
2011-10-12,5550.011882850231,-213.56375956019474
2011-10-13,-4622.625638980302,-639.3872288485563
2011-10-14,6465.020365112141,645.7675184363707
2011-10-17,-7392.40660898207,-363.7988858153549
2011-10-18,927.3862438699289,962.3585704577308
2011-10-19,-927.3862438699289,-536.1799592273746
2011-10-20,1853.8173219191813,226.56046162688654
2011-10-21,2773.573196128331,923.7543596951982
2011-10-24,1844.293031940717,1124.8817739189508
2011-10-25,-10190.802159470812,-2349.999899562281
2011-10-26,8346.509127530095,656.5782719628296
2011-10-27,17368.45810308661,5259.64252269315
2011-10-28,-7271.677140836007,-147.60545411373823
2011-10-31,-15652.513987743776,-4125.801993778059
2011-11-01,-14984.433100219569,-3587.294787451252
2011-11-02,1886.6122841762117,1608.3361938322014
2011-11-03,5636.52308122821,2630.3343269733286
2011-11-04,-2813.8985851132747,-1242.5939845790417
2011-11-07,-1880.7782586944813,1013.943519890363
2011-11-08,5630.709144908586,2355.6965378369605
2011-11-09,-9403.935954759727,-6735.760968423281
2011-11-10,3773.2268098511413,1297.1780278620117
2011-11-11,0.0,3486.860059862758
2011-11-14,0.0,-1874.006048558549
2011-11-15,1880.7782586944813,944.4018742601584
2011-11-16,-4709.236780291147,-372.01200131493897
2011-11-17,-4733.615299074343,198.77837081473626
2011-11-18,4733.615299074343,-1551.8767809659003
2011-11-21,-3784.935216311249,657.205050663677
2011-11-22,-2848.9836774552823,-538.1359153405901
2011-11-23,-4767.981820902292,1904.6306469432275
2011-11-25,7616.965498357575,54.44767946443608
2011-11-28,0.0,-2933.8028152628212
2011-11-29,2840.166928056773,-1046.4267651292412
2011-11-30,7530.905146908728,-2028.8125462753596
2011-12-01,2808.0980135357677,-467.1520322206252
2011-12-02,-5624.901890965717,-273.62066037864133
2011-12-05,-940.8744596276374,178.28383251408377
2011-12-06,3757.6783370575868,-188.40629358162187
2011-12-07,-5642.343708328684,56.37343242904171
2011-12-08,-2834.3059876287007,-291.3862453144702
2011-12-09,7538.683871928646,-1472.2629007471696
2011-12-12,-3761.5587504493014,-1010.2282853453198
2011-12-13,-6620.227583250555,-407.0879399203168
2011-12-14,-3804.5393017217866,179.43580297605877
2011-12-15,0.0,-784.1918851321307
2011-12-16,-5736.390590364259,-654.3258445057627
2011-12-19,-3844.087814319035,413.0613208327104
2011-12-20,11484.714111712892,-1679.316996491707
2011-12-21,3796.6841223422525,-792.4043623699081
2011-12-22,-947.7004448869702,56.538170663870915
2011-12-23,5671.547500487461,518.491401321874
2011-12-27,-942.819133850644,-106.51039556375963
2011-12-28,-8529.337817344116,-1894.1920350583246
2011-12-29,-1906.205162305021,752.7950113561005
2011-12-30,-1910.1508853452542,8039.621072825802
2012-01-03,7616.965498357575,-18.922382674618348
2012-01-04,2840.166928056773,-518.2463547419757
2012-01-05,1888.5614385800436,-433.13852158838927
2012-01-06,-3781.0279217498464,-748.5331931586225
2012-01-09,0.0,141.77742760517867
2012-01-10,1892.4664831698028,212.07613030487119
2012-01-11,-6640.776378764072,-3.1674487854834297
2012-01-12,951.6257732520171,-235.06409653143783
2012-01-13,-4767.981820902292,-450.16241761317724
2012-01-17,-1914.1057107852102,606.2623449961593
2012-01-18,4777.851824657904,397.96039166549235
2012-01-19,8538.15460079613,162.1234081713974
2012-01-20,3769.332981224303,-31.452686470005574
2012-01-23,3753.8023841801187,-429.7347296116659
2012-01-24,-936.9985067501693,-262.70408020718605
2012-01-25,-6586.136858654252,1044.724142904328
2012-01-26,-4733.615299074343,-930.4613492663939
2012-01-27,-2851.9293679442053,-219.6201308130385
2012-01-30,-5730.4617584354855,-550.8475847972459
2012-01-31,-3840.112422305596,-218.44990134810178
2012-02-01,3840.112422305596,1250.9687050027842
2012-02-02,-958.5387657063548,159.10218372581767
2012-02-03,10489.60997484914,2709.66704371623
2012-02-06,-3800.6094507072994,-163.33809193302113
2012-02-07,6640.776378764072,502.87876945325115
2012-02-08,944.7682882544759,603.639542889523
2012-02-09,2828.4585215966654,248.7151884711384
2012-02-10,-7562.073820671008,-1574.8811280046593
2012-02-13,2843.10246177121,1542.657946373416
2012-02-14,-6647.641763492997,-4055.248479137941
2012-02-15,952.6099337775813,693.2069853794746
2012-02-16,5695.031829715415,-1131.5813280841085
2012-02-17,1890.512837303133,-891.1763609433638
2012-02-21,3769.332981224303,53.34250217298177
2012-02-22,-3769.332981224303,-299.4975532649423
2012-02-23,-1890.512837303133,-742.8644873896374
2012-02-24,-946.7219341211458,175.10090572015542
2012-02-27,-5700.919829371851,318.28633637201165
2012-02-28,1904.2357070295984,-132.11956631074827
2012-02-29,3796.6841223422525,-222.83919699356193
2012-03-01,4723.84705560049,-393.7829347136412
2012-03-02,-3777.1251214793447,-404.85997078015134
2012-03-05,945.7445490486571,-130.12720501269723
2012-03-06,-3788.847010819867,610.74143064286
2012-03-07,1896.3805276500643,-952.151381681304
2012-03-08,4723.84705560049,-288.0197343608161
2012-03-09,941.8462374204537,-265.7857927657542
2012-03-12,0.0,-704.7885175016618
2012-03-13,9365.198476585982,1954.5233371290115
2012-03-14,13868.013621307866,-218.81689204840222
2012-03-15,0.0,894.8365945035057
2012-03-16,1832.9358076683493,66.59497776500757
2012-03-19,7294.145469193369,750.4104831934274
2012-03-20,-908.4896805086537,-651.0845939617793
2012-03-21,-6385.655788684715,-442.08222322370784
2012-03-22,-1832.9358076683493,-1549.935792958846
2012-03-23,-3677.2114618370542,567.6317076033747
2012-03-26,920.7230589938408,3022.291330410294
2012-03-27,-5538.589287062889,-707.8236093455944
2012-03-28,925.47700860638,-939.6896811109928
2012-03-29,-2779.2943305255612,-168.72277780292643
2012-03-30,4627.390518047512,-89.71489584757728
2012-04-02,-923.5721533555916,159.66050873853965
2012-04-03,7362.016141464366,-314.11614472165274
2012-04-04,-4594.150956168058,111.89574233509484
2012-04-05,-5544.2973061183,-38.80277938392828
2012-04-09,-12130.925071244012,1165.9141169027826
2012-04-10,-4709.236780291147,1569.5901755319646
2012-04-11,3769.332981224303,-952.503388829251
2012-04-12,2816.8038774299494,-2169.8953602064958
2012-04-13,-5642.343708328684,1464.5431068822745
2012-04-16,-1888.5614385800436,-174.18038838354732
2012-04-17,2831.3805724306876,-1428.7055397888362
2012-04-18,-2831.3805724306876,-49.198882778768166
2012-04-19,-1892.4664831698028,-10.967480314377099
2012-04-20,946.7219341211458,-691.9391070627089
2012-04-23,-2843.10246177121,982.854452433613
2012-04-24,3788.847010819867,-862.4689219674619
2012-04-25,944.7682882544759,-1560.8145385933904
2012-04-26,-2837.2347714242787,-630.8185184440026
2012-04-27,-1896.3805276500643,-264.9633971930707
2012-04-30,-949.6608491684019,-21.369916097142777
2012-05-01,2846.0413768184662,-509.3491623915297
2012-05-02,-1896.3805276500643,-309.06558583277
2012-05-03,0.0,-4.5710687663386125
2012-05-04,-4758.134530249226,1636.4623367135428
2012-05-07,953.5952285274398,-432.7053657855522
2012-05-08,-3820.3040462896024,484.81296202319027
2012-05-09,-957.5477783683018,1141.1061963750699
2012-05-10,1914.1057107852102,3634.454021142681
2012-05-11,-4792.699542658083,402.3803949877729
2012-05-14,-5784.068045594162,1020.5649303892715
2012-05-15,-1936.0209848686936,6.301688454512259
2012-05-16,0.0,95.13135311996848
2012-05-17,-5832.187401923598,1733.7635793294903
2012-05-18,974.5509713909705,717.3684897434359
2012-05-21,3888.1210598271573,-2874.133898308486
2012-05-22,3872.044282912466,-116.3908842181063
2012-05-23,-5814.0905747508805,-324.8538918516024
2012-05-24,3880.0733952964074,-698.6823572007524
2012-05-25,-1938.0271034579928,76.76196718135361
2012-05-29,-970.5201674350683,-1228.790869508046
2012-05-30,-10742.371303584761,1870.4093784660072
2012-05-31,-3936.799274666133,-125.48568633400828
2012-06-01,-11908.961630018413,3221.698763564724
2012-06-04,5973.032833096251,-308.6475301136743
2012-06-05,3961.392659847683,-1546.49613100667
2012-06-06,8853.233156979331,-3407.4385220584336
2012-06-07,0.0,-459.84999287778555
2012-06-08,-979.615724850155,-1115.399205577327
2012-06-11,-4913.349124510016,1522.3662321017673
2012-06-12,6871.565282458105,-1827.406633557899
2012-06-13,-5886.855466862777,779.5184994894553
2012-06-14,2948.0071188249276,-1969.4781215172416
2012-06-15,-3932.7169344202557,-1240.8767789640287
2012-06-18,-985.7321705446811,-1164.9018753176538
2012-06-19,4918.449104964937,-614.1213634963237
2012-06-20,980.6321900897601,-829.0501932661127
2012-06-21,-1962.282020388564,1993.526132795614
2012-06-22,5874.657855827041,5845.536687004434
2012-06-25,-5874.657855827041,1258.6761327983295
2012-06-26,2941.897745238719,-671.6852074164599
2012-06-27,-979.615724850155,-405.2061852734132
2012-06-28,-4913.349124510016,-58.92706925598759
2012-06-29,6871.565282458105,-791.0448646316436
2012-07-02,-5886.855466862777,-82.04033775130847
2012-07-03,3928.6393089146877,378.35942575430454
2012-07-05,-2944.9506673502037,-236.23216833103652
2012-07-06,-4928.666764778973,-1070.771412568476
2012-07-09,-3961.392659847683,131.25179136494626
2012-07-10,0.0,-222.36516416686027
2012-07-11,991.8911832391168,-567.7832436973904
2012-07-12,-3973.7534857844876,-146.86044342839523
2012-07-13,1988.9404560291441,-215.38354121179236
2012-07-16,-1988.9404560291441,-236.43923788473876
2012-07-17,2981.8623025453708,109.80240107102964
2012-07-18,-992.9218465162267,534.1723902527419
2012-07-19,1984.8130297553435,5.436404771799062
2012-07-20,-4969.774485653586,-1151.8216074123793
2012-07-23,-1995.1495306817815,-407.4824555935884
2012-07-24,-3000.5111305683968,-88.44227711749409
2012-07-25,-1002.251678624074,-700.2718855586918
2012-07-26,2003.4619032569171,287.9170536204683
2012-07-27,12921.50682804927,2498.3445516548645
2012-07-30,-4949.173089017466,-33.40280972380424
2012-07-31,-1986.875549223856,-1401.9192470969128
2012-08-01,4959.46187323521,-370.3481631413906
2012-08-02,-4959.46187323521,-1587.44276049159
2012-08-03,8908.5365166907,4060.764017702939
2012-08-06,-985.7321705446811,360.55947536939675
2012-08-07,6878.697019904852,-42.929653443210555
2012-08-08,1956.186746450985,-516.8217799231334
2012-08-09,976.5733641373372,-154.4764718620263
2012-08-10,-3912.375835438477,-399.43340389834157
2012-08-13,0.0,-742.8158224969939
2012-08-14,7808.563158792851,465.4236428677468
2012-08-15,6779.5983317137725,-227.801041822373
2012-08-16,2890.5337708602456,134.2447225554788
2012-08-17,-1926.0250313245342,-430.91708033416853
2012-08-20,963.5108736047405,105.37054949641333
2012-08-21,-1928.0196131404518,27.865794833986
2012-08-22,-8725.673099702515,-117.0567397097675
2012-08-23,-2926.6859195029683,-298.2997508260614
2012-08-24,0.0,-217.2885816187454
2012-08-27,-2935.80247130114,278.93619293691063
2012-08-28,-980.6321900897601,-238.00984724003592
2012-08-29,1960.247914939915,28.13712953758295
2012-08-30,-2941.897745238719,-346.5227078858252
2012-08-31,-5911.3354117406125,-192.48901838140773
2012-09-04,1974.5361370744795,-169.70155936948595
2012-09-05,985.7321705446811,-435.21227487694614
2012-09-06,7849.151595811156,1392.5327311366827
2012-09-07,-977.5863133530511,358.42186002252765
2012-09-10,977.5863133530511,-940.2955041298601
2012-09-11,1952.1349481119978,308.65932802361203
2012-09-12,6800.699134676121,458.53836022410906
2012-09-13,-1938.0271034579928,3283.6291306336125
2012-09-14,12525.746011409501,1008.1080109113827
2012-09-17,-2875.617439943904,-803.0732094585728
2012-09-18,-2884.556918449787,-2214.1457263063403
2012-09-19,-2893.527370103344,-330.8321262192494
2012-09-20,965.507756962892,-33.43238191699493
2012-09-21,-2899.524936417365,-215.40775469050277
2012-09-24,-2908.547270893061,-71.06182925323992
2012-09-25,-3892.1518637830595,730.4833177277324
2012-09-26,-5868.569609502898,823.8868869232901
2012-09-27,1960.247914939915,-1602.7032836731796
2012-09-28,-979.615724850155,446.00784852026663
2012-10-01,-980.6321900897601,23.825852106328966
2012-10-02,0.0,-541.2256057846898
2012-10-03,0.0,-426.2824108297282
2012-10-04,5868.569609502898,-622.1978956476869
2012-10-05,4862.672031218128,-304.80425117019695
2012-10-08,0.0,119.90712794232604
2012-10-09,-970.5201674350683,547.1954573716012
2012-10-10,-1944.05936747769,111.80220175069189
2012-10-11,-1948.0924963053694,-527.9661170774407
2012-10-12,-975.5615839746606,256.1682627560058
2012-10-15,975.5615839746606,-1182.4045545807421
2012-10-16,4862.672031218128,-624.808247881504
2012-10-17,7728.085810735603,-300.4562731767346
2012-10-18,2881.573656599241,-349.8604259850281
2012-10-19,-6737.615184422379,1105.0748185808034
2012-10-22,3856.0415278231376,-430.4080366707767
2012-10-23,-3856.0415278231376,2060.644870660123
2012-10-24,965.507756962892,245.13432226590157
2012-10-25,5772.107427459487,-743.3872233317497
2012-10-26,-7704.12311176068,-26.265692483837483
2012-10-31,-5820.115890486923,-44.3875026601354
2012-11-01,2914.5795349127584,3278.78137276659
2012-11-02,0.0,392.7259086940903
2012-11-05,-2914.5795349127584,285.84017391706584
2012-11-06,5820.115890486923,-674.8474827531936
2012-11-07,-9720.34333490429,1128.9185387408324
2012-11-08,-5880.753138651344,368.96969617510695
2012-11-09,-983.688641564484,-191.11771332914032
2012-11-12,0.0,-1118.8183748400825
2012-11-13,-1970.4419861400092,197.98586569974213
2012-11-14,0.0,2008.1588009079642
2012-11-15,-986.7557079046965,130.46319217214295
2012-11-16,0.0,-1300.6331422397743
2012-11-19,2957.1976940447057,-3027.1545324732833
2012-11-20,4908.255033764843,-268.5372452116608
2012-11-21,2932.7601105883223,-265.5041146758913
2012-11-23,975.5615839746606,-1206.5967920576886
2012-11-26,-3908.321694562983,35.58769188235601
2012-11-27,-1960.247914939915,274.2239094128672
2012-11-28,-981.6498302988039,-867.2109047019912
2012-11-29,-982.6686469616398,-568.1024963217287
2012-11-30,0.0,23.8631179844906
2012-12-03,982.6686469616398,143.59440467849527
2012-12-04,-982.6686469616398,-81.29359782532265
2012-12-05,-1968.398457159812,-615.4171170271211
2012-12-06,-985.7321705446811,-471.72376397914195
2012-12-07,4918.449104964937,-647.9513815393288
2012-12-10,-981.6498302988039,-395.1805716397557
2012-12-11,2941.897745238719,-488.9516108741677
2012-12-12,5856.414190868352,-455.850822901979
2012-12-13,1944.05936747769,-822.9227535083937
2012-12-14,-1944.05936747769,8615.785442839126
2012-12-17,5820.115890486923,-220.54724529360283
2012-12-18,5784.068045594162,164.4564754442108
2012-12-19,-1924.0327481525164,269.2334329651949
2012-12-20,-963.5108736047405,374.2114907632731
2012-12-21,-3864.0336759530765,-675.2662481893749
2012-12-24,1934.017179454473,-336.97504993790426
2012-12-26,-1934.017179454473,538.9232693366503
2012-12-27,-2908.547270893061,-267.1996656535084
2012-12-28,-971.5261244033463,1398.1647415951666
2012-12-31,4847.582647412579,-2418.122346576638
2013-01-02,7704.12311176068,754.563416721574
2013-01-03,5736.390590364259,-508.6341272331356
2013-01-04,952.6099337775813,329.1354897321162
2013-01-07,-952.6099337775813,-588.6452611602945
2013-01-08,-2863.746113872694,-642.3418960080126
2013-01-09,-956.5579324169084,325.0855651559232
2013-01-10,2866.7088177621627,1269.4611307952564
2013-01-11,-1910.1508853452542,-128.83496205102165
2013-01-14,0.0,-208.30162292652312
2013-01-15,-2872.644476491565,49.624423193236
2013-01-16,-1920.0550661665184,-126.64798010256891
2013-01-17,4792.699542658083,1357.1825710111334
2013-01-18,-1914.1057107852102,436.5322683547074
2013-01-22,-958.5387657063548,1237.6943780128258
2013-01-23,0.0,362.0716580471926
2013-01-24,1916.0865440746566,47.03589148037281
2013-01-25,9521.223875661453,1323.1851481685935
2013-01-28,1892.4664831698028,-303.9347593692455
2013-01-29,2831.3805724306876,922.058326545015
2013-01-30,0.0,-5822.943391352894
2013-01-31,-942.819133850644,-206.1073305422251
2013-02-01,1884.6653712710977,-769.991936510165
2013-02-04,-3773.2268098511413,689.1827404239302
2013-02-05,3773.2268098511413,-551.7460873952023
2013-02-06,-3773.2268098511413,-315.2850719639973
2013-02-07,-945.7445490486571,-167.22680959661375
2013-02-08,0.0,-137.35795140718255
2013-02-11,0.0,-217.2085838067942
2013-02-12,2834.3059876287007,-195.53373824560094
2013-02-13,2825.539830898735,78.40029565666373
2013-02-14,-4714.101269478779,-244.0174769284049
2013-02-15,944.7682882544759,-362.9826944422239
2013-02-19,1886.6122841762117,580.7129530606899
2013-02-20,-942.819133850644,-280.2526653888217
2013-02-21,-2834.3059876287007,-204.75006130571728
2013-02-22,-1894.422379008116,-222.5906409559284
2013-02-25,-8573.523430774483,1381.120572501728
2013-02-26,0.0,-1258.7236776261643
2013-02-27,2866.7088177621627,-593.8218054064773
2013-02-28,-1910.1508853452542,-134.1773740567187
2013-03-01,-2872.644476491565,-66.58267608733604
2013-03-04,1916.0865440746566,-34.57997457462625
2013-03-05,1912.1271588323725,1201.390188217576
2013-03-06,4763.055340010615,136.09476961844575
2013-03-07,4738.507859988269,234.06987091220253
2013-03-08,5654.005068545623,905.4359893313595
2013-03-11,938.9342543343664,887.9374208310182
2013-03-12,-3761.5587504493014,-578.8125179182716
2013-03-13,941.8462374204537,330.64477859047474
2013-03-14,0.0,-1533.8983746348968
2013-03-15,-2828.4585215966654,-147.38990001180264
2013-03-18,-4733.615299074343,1254.3367511656388
2013-03-19,-3804.5393017217866,556.6761549036546
2013-03-20,3804.5393017217866,-1346.197622145396
2013-03-21,-949.6608491684019,807.6484714195822
2013-03-22,-1902.2685187758034,-572.5977597250694
2013-03-25,0.0,-27.171127660267302
2013-03-26,-952.6099337775813,-765.145714001108
2013-03-27,-4777.851824657904,44.39359070254068
2013-03-28,0.0,-354.8624020136085
2013-04-01,-958.5387657063548,207.28686046980692
2013-04-02,1916.0865440746566,-494.67388870789364
2013-04-03,-4797.660200673898,436.04780045555526
2013-04-04,-4822.549455161439,-406.0743828455743
2013-04-05,-5820.115890486923,-159.40573809143643
2013-04-08,3884.094905618229,-596.8577033670217
2013-04-09,1936.0209848686936,-284.7176168635169
2013-04-10,5784.068045594162,608.7013202487979
2013-04-11,-1924.0327481525164,226.27450992327886
2013-04-12,-6765.57165301581,-601.5497601940324
2013-04-15,-2914.5795349127584,408.3711972594483
2013-04-16,2914.5795349127584,-1243.4562766471518
2013-04-17,-1942.0462918384146,250.6419124228214
2013-04-18,-972.5332430743438,294.09089540359946
2013-04-19,972.5332430743438,-1623.7041196283426
2013-04-22,-972.5332430743438,-621.4327510673602
2013-04-23,1944.05936747769,158.5379390933781
2013-04-24,-971.5261244033463,-266.53821873248535
2013-04-25,971.5261244033463,534.5857305458512
2013-04-26,-3892.1518637830595,5436.605370742937
2013-04-29,0.0,93.85368558824302
2013-04-30,0.0,-174.1683632315162
2013-05-01,-3908.321694562983,177.60419842588271
2013-05-02,0.0,-439.463171215677
2013-05-03,11676.530081355275,228.73336897652007
2013-05-06,1932.0156843011937,41.99545272989235
2013-05-07,1928.0196131404518,616.757845006603
2013-05-08,-963.5108736047405,495.1774425744097
2013-05-09,0.0,-390.43590332318126
2013-05-10,8635.812390830804,191.42374359500354
2013-05-13,1908.17688745723,2.076541094431377
2013-05-14,3804.5393017217866,1999.621961648807
2013-05-15,-1900.3035946921882,1115.5144360829509
2013-05-16,-6682.087531687503,-1114.9942056288655
2013-05-17,7632.730277211289,2108.961236281375
2013-05-20,1898.340931931496,-17.296331064002516
2013-05-21,-2848.9836774552823,322.738259388947
2013-05-22,8520.531177942743,-1836.6639728723821
2013-05-23,-942.819133850644,-746.4230084389528
2013-05-24,-943.7931503255677,-309.2062019552468
2013-05-28,13124.8748966844,1420.1775708656478
2013-05-29,-1863.39646540767,-1656.2926860933458
2013-05-30,0.0,797.2352304170035
2013-05-31,2793.6547987875238,-3366.6310940660187
2013-06-03,-2793.6547987875238,1070.1677572709232
2013-06-04,932.1785669059173,-1288.316196121441
2013-06-05,-3734.489331677396,-3111.049734356824
2013-06-06,-1873.0308078509988,1594.9028189293367
2013-06-07,8398.296241565316,3206.8114339872845
2013-06-10,4632.1608721375815,687.5868452869763
2013-06-11,-1850.0010427727393,1007.6910171409709
2013-06-12,4617.866228069048,1121.0418230386385
2013-06-13,-5544.2973061183,-2065.3924371489156
2013-06-14,-4646.504853352511,360.7872272167315
2013-06-17,4646.504853352511,-522.6041302655904
2013-06-18,926.4310780492524,-180.1464369428777
2013-06-19,11957.180905324094,-328.7745755751239
2013-06-20,7279.15799936586,3540.348404173812
2013-06-21,9911.625503398282,-1387.9341183085508
2013-06-24,4468.411657876066,1799.2700722767422
2013-06-25,2670.065146288878,-2131.6416142328053
2013-06-26,-4454.67911046763,-1829.6828459594963
2013-06-27,-5375.872707856011,-870.7733238721285
2013-06-28,2692.0750141586977,83.78237635793084
2013-07-01,-1793.7952183594534,-940.6064502319969
2013-07-02,-1797.4824568007461,-154.40239276823377
2013-07-03,3591.2776751601996,-402.6075402307615
2013-07-05,18614.341301097666,-1431.1640193180601
2013-07-08,-7043.968511316565,-372.7983091546748
2013-07-09,0.0,-211.38748776833472
2013-07-10,4409.242723328207,-329.69703360654967
2013-07-11,-8841.138708944363,1283.853934071999
2013-07-12,888.1976798200485,-206.67448600460102
2013-07-15,-3558.2628261089267,518.5422341923277
2013-07-16,-1784.6139641787522,-892.8124963951695
2013-07-17,-2683.7976936973137,233.78981007871153
2013-07-18,3576.5624264938597,1196.587055511056
2013-07-19,-5370.357644853313,389.40095280872265
2013-07-22,0.0,500.4249159461906
2013-07-23,2689.312748804339,507.90466897711303
2013-07-24,7131.156953540107,183.93498594606717
2013-07-25,0.0,-301.8536460493797
2013-07-26,-2667.328049424337,-329.8829407003868
2013-07-29,2667.328049424337,266.9910056311692
2013-07-30,1773.6655571543197,-180.0021352450749
2013-07-31,-2661.863236974368,-141.53822629887873
2013-08-01,12352.30928999557,-111.59156419644387
2013-08-02,-9690.446053021202,-649.6103570781179
2013-08-05,3536.4409843747417,-369.7148409660822
2013-08-06,0.0,22.850104393526635
2013-08-07,-5310.106541529061,-134.05592299064028
2013-08-08,-2667.328049424337,-246.8741807278011
2013-08-09,-890.9347766845895,83.37890806824089
2013-08-12,3558.2628261089267,-573.298001785105
2013-08-13,8832.08255322773,-414.7344337854547
2013-08-14,0.0,68.8290242311923
2013-08-15,5255.986373426698,1249.5480665889572
2013-08-16,6091.331805558124,-47.1891928795003
2013-08-19,3461.2316934759583,894.7509835714482
2013-08-20,-5197.163593738567,-969.3328319842103
2013-08-21,4333.182159226937,989.8645150026578
2013-08-22,2589.297369588692,-1923.2932001977542
2013-08-23,-6922.479528815629,-929.886151440769
2013-08-26,-2610.565694764482,492.19375553145983
2013-08-27,-6122.578997055414,3187.5362254954753
2013-08-28,5250.608278332784,-980.691497735852
2013-08-29,-2621.2728744243905,-496.05026596783955
2013-08-30,2621.2728744243905,685.1508746005647
2013-09-03,6950.853484664711,-1198.988000317091
2013-09-04,3454.162457638031,4040.168208970954
2013-09-05,6866.118381576139,-246.61547183103357
2013-09-06,-3426.046130686279,-130.55555270294462
2013-09-09,-3440.07225088986,76.19432012593461
2013-09-10,5154.844588311903,-287.80714270391036
2013-09-11,-2573.472953451478,-256.2639662939164
2013-09-12,-859.578246466549,-210.75477525076167
2013-09-13,-1721.7933883938758,-4.8456834674234415
2013-09-16,-1725.315935077062,696.2862866678424
2013-09-17,-1728.8465225609689,579.1595223115073
2013-09-18,-14838.887363872904,1652.1519449216685
2013-09-19,6141.413102888415,-600.9865723649018
2013-09-20,-874.6520981046124,-1592.90666635858
2013-09-23,-2629.3354039083933,-576.3740159016925
2013-09-24,-4400.217598600986,-670.6462692982095
2013-09-25,-3536.4409843747417,-683.9300233552167
2013-09-26,2653.6894129560023,461.07052079067034
2013-09-27,-1768.2194565321406,-452.6630037201121
2013-09-30,0.0,-516.9291424284384
2013-10-01,1768.2194565321406,465.27178197438843
2013-10-02,-2653.6894129560023,-80.45294184834347
2013-10-03,-886.3781582276315,-1206.9631906692557
2013-10-04,3540.067571183634,397.1410570988555
2013-10-07,-883.6566643142141,-734.7690299499372
2013-10-08,883.6566643142141,-993.5353503508532
2013-10-09,1764.5990836582896,-774.740127257317
2013-10-10,2640.1284994591188,1561.8166934863566
2013-10-11,-879.1415241034156,1263.3712083312466
2013-10-14,0.0,973.7028836012614
2013-10-15,4386.718514914126,-2030.8112061360935
2013-10-16,-5266.7610047838025,3535.705492904013
2013-10-17,-7072.898539254638,-874.137370789329
2013-10-18,-888.1976798200485,-23.296890902001905
2013-10-21,2661.863236974368,-81.58245601721683
2013-10-22,-8010.2236296790325,513.9868104075031
2013-10-23,-2686.553643300751,-619.5510251739634
2013-10-24,1791.954762285357,20.141066871432486
2013-10-25,0.0,324.9230625550008
2013-10-28,894.598881015394,170.97350897593424
2013-10-29,-894.598881015394,713.7201128976176
2013-10-30,1788.2801632524279,-846.2292108512192
2013-10-31,1784.6139641787522,-539.3870685978764
2013-11-01,7101.961131905035,-66.46208391813889
2013-11-04,-1770.0327486417882,251.5957138208414
2013-11-05,5299.232982100319,-573.6905067309053
2013-11-06,-1762.791997725577,510.9524249842525
2013-11-07,-3536.4409843747417,-1745.2806835514984
2013-11-08,12314.403369500109,1638.189399894798
2013-11-11,0.0,-224.9184390726441
2013-11-12,2615.913174513611,-518.8758314848856
2013-11-13,-4364.322557129599,1630.7734673170344
2013-11-14,-5266.7610047838025,1168.4942175042743
2013-11-15,1759.184013973092,1114.5847581158032
2013-11-18,-3521.976011698669,-1004.7673887979654
2013-11-19,3521.976011698669,-663.7951810644208
2013-11-20,7871.899547940309,-943.3632283017869
2013-11-21,-871.078963982578,2201.989904270422
2013-11-22,-3493.243593147021,1415.8805776275312
2013-11-25,-875.5479338629193,-321.5780514498674
2013-11-26,-2632.029056947791,50.150347871194754
2013-11-27,2632.029056947791,-3474.437370254278
2013-11-29,875.5479338629193,378.75404465174324
2013-12-02,5234.5107834483915,193.50933588580665
2013-12-03,-1741.2671903013706,73.20511016055752
2013-12-04,4346.497595027091,-90.76515313725577
2013-12-05,3461.2316934759583,193.35838481068095
2013-12-06,0.0,-1289.0856975360093
2013-12-09,-1728.8465225609689,-366.24610476340604
2013-12-10,-4337.61557564071,15.156618055072613
2013-12-11,4337.61557564071,1047.5629079524533
2013-12-12,2591.945310515235,42.12674519560278
2013-12-13,-863.0987879542663,-92.63309530895458
2013-12-16,863.0987879542663,-437.899137237564
2013-12-17,-3457.6950603386485,0.618035228939334
2013-12-18,3457.6950603386485,-1925.2885124318782
2013-12-19,4302.2893980126555,-99.15271347898579
2013-12-20,-4302.2893980126555,-178.13570726841044
2013-12-23,4302.2893980126555,-138.1967305885746
2013-12-24,4280.373561865243,-211.78088325007138
2013-12-26,853.4557789895483,533.3726119838784
2013-12-27,1704.3005683341544,-183.01399465533268
2013-12-30,-2557.756347323703,79.707106609525
2013-12-31,4258.582195337335,734.4067911342554
2014-01-02,-3405.1264163477867,-1925.0248848243036
2014-01-03,852.585118839535,-496.8653253305174
2014-01-06,-2560.3683290080467,-866.0094310510258
2014-01-07,-1711.2737932642358,690.3410383634418
2014-01-08,4271.642122272282,-216.20079200915734
2014-01-09,-3415.5684056515256,-55.68205423273139
2014-01-10,-7736.234240009722,653.7364458992952
2014-01-13,-3461.2316934759583,4270.139276709881
2014-01-14,3461.2316934759583,-391.12101580097624
2014-01-15,1725.315935077062,366.2236907698716
2014-01-16,-3454.162457638031,-141.42461026232013
2014-01-17,-1732.3851709149894,-645.978557759363
2014-01-21,866.6354210915761,387.54418787367104
2014-01-22,1730.614837872752,-140.46165055809433
2014-01-23,-6943.747853991419,-214.16980328598402
2014-01-24,-3493.243593147021,2860.3862943652275
2014-01-27,2621.2728744243905,-420.21431450639466
2014-01-28,-872.8634918084026,-1671.1261635317678
2014-01-29,-7015.17038739979,1457.7283840825294
2014-01-30,2637.425600875409,-1107.5366436564727
2014-01-31,-4400.217598600986,755.1865753395068
2014-02-03,-5310.106541529061,3910.6423281137813
2014-02-04,2659.1355135781814,-2325.043172323547
2014-02-05,5293.805515546133,268.8798385342325
2014-02-06,2634.725787988358,-3242.3153242409917
2014-02-07,-1755.5842638849426,-2362.7311693156225
2014-02-10,-879.1415241034156,-436.1558368547376
2014-02-11,4386.718514914126,-871.3551399681592
2014-02-12,4364.322557129599,-428.7917891312818
2014-02-13,-6116.315284055367,-151.74134264968598
2014-02-14,1751.9927269257678,28.82289331654465
2014-02-18,-3507.5769908107104,-78.14903951501128
2014-02-19,1755.5842638849426,-720.3216709279022
2014-02-20,2626.64482503038,57.65794561990879
2014-02-21,-2626.64482503038,-674.2456107453309
2014-02-24,1751.9927269257678,699.1391245916175
2014-02-25,-4386.718514914126,-378.97053746494475
2014-02-26,-2642.8344875952534,6676.102695178187
2014-02-27,-1766.4082357329535,-271.9381544789867
2014-02-28,883.6566643142141,-94.07226389983407
2014-03-03,-5315.5526499303705,1060.254770686286
2014-03-04,8841.138708944363,-846.2101905334694
2014-03-05,0.0,-261.6396827907156
2014-03-06,3511.1705810512067,265.4175983780224
2014-03-07,5239.870490992518,-219.92363482570545
2014-03-10,-871.078963982578,-219.72986601726006
2014-03-11,-1744.834210531033,-353.5975579934384
2014-03-12,-3500.4021095417556,-428.8092715473085
2014-03-13,-6160.311847002351,210.51128955288368
2014-03-14,-883.6566643142141,687.576938410075
2014-03-17,4409.242723328207,-1350.4243120871706
2014-03-18,-1760.9869753557032,-307.0197210723654
2014-03-19,8768.97836469422,-443.56214989733235
2014-03-20,871.9707187226304,-25.071944519893805
2014-03-21,-3493.243593147021,-465.45831410868595
2014-03-24,-875.5479338629193,-606.1269717437353
2014-03-25,875.5479338629193,-407.13122089637454
2014-03-26,-3507.5769908107104,-499.57688127047095
2014-03-27,-1759.184013973092,-598.675239098412
2014-03-28,3514.7682778580347,-166.00207139295253
2014-03-31,0.0,466.9698101691747
2014-04-01,3500.4021095417556,836.731755228243
2014-04-02,4355.399905295515,616.4406146165966
2014-04-03,-1739.486730781904,-512.5206756998568
2014-04-04,-5239.870490992518,-2985.109032715457
2014-04-07,-2632.029056947791,-1593.3118146997526
2014-04-08,-1759.184013973092,-675.3639614439066
2014-04-09,1759.184013973092,8941.0671362252
2014-04-10,-5288.3842474316225,2079.6306842336344
2014-04-11,-1770.0327486417882,1446.653807319166
2014-04-14,1770.0327486417882,-1600.1789292169797
2014-04-15,-884.5627922179265,-1051.763334658901
2014-04-16,884.5627922179265,-1642.7461730735613
2014-04-17,7043.968511316565,-838.9226617308068
2014-04-21,0.0,-262.8090931064253
2014-04-22,0.0,-112.07878408185934
2014-04-23,-2634.725787988358,-255.18201010095254
2014-04-24,0.0,-115.7800087493979
2014-04-25,-1760.9869753557032,121.48987013083024
2014-04-28,1760.9869753557032,-307.6224591228529
2014-04-29,879.1415241034156,-303.766387261845
2014-04-30,-3521.976011698669,-286.90962025616864
2014-05-01,-3536.4409843747417,-346.8966759967034
2014-05-02,-2661.863236974368,-544.227210126749
2014-05-05,2661.863236974368,59.47142457226619
2014-05-06,-1773.6655571543197,-334.78102131921696
2014-05-07,887.2873989266882,-370.69910026275465
2014-05-08,-887.2873989266882,-351.40407312388743
2014-05-09,887.2873989266882,-489.95709606450055
2014-05-12,3540.067571183634,476.19246885245957
2014-05-13,-4427.354970110322,-160.76791045514892
2014-05-14,-6236.558072524713,-1053.9964142782592
2014-05-15,-3583.911629819733,-822.6742578363683
2014-05-16,1793.7952183594534,-490.2810124316379
2014-05-19,1790.1164114602798,-28.579350748202614
2014-05-20,-1790.1164114602798,-1143.1286837139965
2014-05-21,1790.1164114602798,617.9019127831007
2014-05-22,1786.44601503358,6749.077974917678
2014-05-23,-1786.44601503358,-586.7026425230506
2014-05-27,-1790.1164114602798,369.1034008843126
2014-05-28,-7197.338135943901,-107.12910074248248
2014-05-29,902.9047075017152,254.67963410814264
2014-05-30,2703.155753281986,-88.3477798477652
2014-06-02,5381.394086620479,109.05029647618358
2014-06-03,5348.360392704664,-48.5137632237529
2014-06-04,888.1976798200485,231.26517181245435
2014-06-05,-1777.3066820288514,678.7434976180703
2014-06-06,889.1090022088028,414.86651957581853
2014-06-09,1775.4850787467367,271.25147866777115
2014-06-10,1771.8481146514932,-165.41133569208432
2014-06-11,884.5627922179265,-704.3998942128273
2014-06-12,-6211.026355220445,-1125.0038526972894
2014-06-13,1779.1303696042887,176.4483867709423
2014-06-16,888.1976798200485,160.4727813412701
2014-06-17,4427.354970110322,188.28655979820724
2014-06-18,-4427.354970110322,1365.6701381847106
2014-06-19,2659.1355135781814,228.80945263327703
2014-06-20,-885.4699564238617,533.9920233070352
2014-06-23,0.0,-163.21359064766693
2014-06-24,-3550.972239183171,-1728.5134596045173
2014-06-25,-1780.9561440800753,1138.2546023333416
2014-06-26,-3572.89412743118,-302.6472822398573
2014-06-27,894.598881015394,524.6550795989551
2014-06-30,-894.598881015394,-209.0254709218989
2014-07-01,4463.82890411577,2102.618195822104
2014-07-02,5326.463563002519,297.33819619209316
2014-07-03,884.5627922179265,1558.0793289228586
2014-07-07,-1770.0327486417882,-5514.917135949279
2014-07-08,-4440.993606578657,372.3338488586305
2014-07-09,-890.9347766845895,-477.390750748953
2014-07-10,-1784.6139641787522,621.7705116528978
2014-07-11,-1788.2801632524279,-631.4449420149504
2014-07-14,1788.2801632524279,-362.0774993594878
2014-07-15,892.764732796546,-118.35423432151401
2014-07-16,-892.764732796546,-853.2028941762073
2014-07-17,-7175.201952305426,2514.814341536152
2014-07-18,2697.609040248659,-2157.403126315301
2014-07-21,-898.2797957992443,289.60018812256203
2014-07-22,-899.2026610015018,-514.3941294088272
2014-07-23,0.0,-596.3604975616472
2014-07-24,3591.2776751601996,-9.930077633045585
2014-07-25,-3591.2776751601996,93.07106345562534
2014-07-28,1797.4824568007461,-333.4980984407139
2014-07-29,-2697.609040248659,125.12051884334687
2014-07-30,8959.815916484178,-264.45328879069075
2014-07-31,890.9347766845895,3167.087733655563
2014-08-01,-5359.346434560655,173.50345496717455
2014-08-04,-896.4372318404712,-2182.8441611742164
2014-08-05,-1795.6377823182265,1963.229796418993
2014-08-06,0.0,-504.4788870444845
2014-08-07,-5409.095993968134,1013.9402423573501
2014-08-08,903.8328721829312,-2992.187866847835
2014-08-11,0.0,-1286.6599505719805
2014-08-12,1804.8823128730946,-17.072317232809837
2014-08-13,-2708.715185056026,-2030.843392152683
2014-08-14,-2717.0782501249705,-1433.6040203063403
2014-08-15,-5459.360991457499,-404.53466367597457
2014-08-18,4551.804808388886,7702.708481521895
2014-08-19,907.5561830686129,-79.10666219339691
2014-08-20,2717.0782501249705,-373.9323161364882
2014-08-21,-1810.4544952714496,44.50569855613685
2014-08-22,-906.623754853521,-552.8132742486778
2014-08-25,-907.5561830686129,510.9247360275476
2014-08-26,0.0,-155.2708002137424
2014-08-27,-1817.913929022463,-132.5958072537651
2014-08-28,-2733.890879366423,-75.80712601102823
2014-08-29,912.234389350233,193.7334214173352
2014-09-02,6359.442751485774,-161.42549680051889
2014-09-03,-905.6923945249873,-216.7550283365781
2014-09-04,3617.192074956096,-230.90278381903408
2014-09-05,901.9776053713795,103.96754300488465
2014-09-08,1801.1781479106066,-300.68679524713116
2014-09-09,1797.4824568007461,-513.7773174641461
2014-09-10,3583.911629819733,-207.4927445636804
2014-09-11,0.0,-149.22468936305268
2014-09-12,7123.845471451401,-701.3997483715711
2014-09-15,-1775.4850787467367,35.822223020190904
2014-09-16,0.0,-42.07439191050344
2014-09-17,1775.4850787467367,-77.63814054412433
2014-09-18,886.3781582276315,679.3655704484108
2014-09-19,-3550.972239183171,-424.39297522047764
2014-09-22,-1780.9561440800753,-1453.614305312819
2014-09-23,-2678.295246415786,-817.7644675202773
2014-09-24,2678.295246415786,351.9755346866523
2014-09-25,-4468.411657876066,-1832.1372355263256
2014-09-26,1790.1164114602798,-426.1508968690887
2014-09-29,-3583.911629819733,-968.5746310757963
2014-09-30,1793.7952183594534,11559.083199819654
2014-10-01,-9005.933108873294,253.9293418822126
2014-10-02,1808.5949729293934,-712.4262484739738
2014-10-03,902.9047075017152,-1810.868144245831
2014-10-06,-1806.7375796846463,521.8334724622473
2014-10-07,-6352.90825064238,1726.6352499183886
2014-10-08,-911.2966015898564,-2499.276986900213
2014-10-09,-912.234389350233,3328.043015569705
2014-10-10,-2742.3406608044825,2547.524793931898
2014-10-13,0.0,3971.9292036580227
2014-10-14,-9202.536488968071,-1573.3639033956024
2014-10-15,-5567.195041506391,2111.809009126431
2014-10-16,1859.558203535169,-215.95637389468175
2014-10-17,4632.1608721375815,-3874.120759502235
2014-10-20,-1850.0010427727393,-3551.588845087679
2014-10-21,2773.573196128331,-4104.446926376184
2014-10-22,1844.293031940717,1399.7334707228802
2014-10-23,3677.2114618370542,-2117.597322411797
2014-10-24,0.0,-873.1223742584571
2014-10-27,-1836.7128638390204,-399.29787084005875
2014-10-28,2753.652358170024,-968.8087640408876
2014-10-29,3658.3369741418283,-116.22728663903126
2014-10-30,-1827.2864471080757,-87.66390170831073
2014-10-31,2739.5208364583086,1552.3479732185388
2014-11-03,911.2966015898564,9.101518919123919
2014-11-04,-911.2966015898564,-1101.996411886148
2014-11-05,911.2966015898564,1233.526894397095
2014-11-06,2728.2738174487968,1039.7578190940949
2014-11-07,-6379.091255496962,219.87052774273252
2014-11-10,5470.601574988308,1017.2609553826496
2014-11-11,0.0,473.54828788106715
2014-11-12,-909.4242485138093,-131.47561457608936
2014-11-13,-1821.6564900161902,501.60507002055965
2014-11-14,-2739.5208364583086,-637.6032757245575
2014-11-17,1827.2864471080757,380.9440750392532
2014-11-18,-1827.2864471080757,-94.6018919959497
2014-11-19,3650.817438048165,-244.10280106164464
2014-11-20,-1823.5309909400894,-446.24938809303603
2014-11-21,-2742.3406608044825,-313.51300307581187
2014-11-24,-915.9963133373458,-105.07373436743728
2014-11-25,-2753.652358170024,-570.3491072705874
2014-11-26,-2762.170265136032,12.586859772112803
2014-11-28,-5550.011882850231,284.7336834230282
2014-12-01,3703.8183646919206,-397.57029199968565
2014-12-02,5527.192889099286,-468.477346150421
2014-12-03,917.8837580340769,123.34431095004584
2014-12-04,-3677.2114618370542,-491.8069893484899
2014-12-05,5510.1472695054035,-192.96763113239103
2014-12-08,-4589.424210511563,-97.91765106666571
2014-12-09,-3688.5882442901493,180.1699706202835
2014-12-10,-3703.8183646919206,677.63793891362
2014-12-11,927.3862438699289,243.27839078796387
2014-12-12,-8380.994185029907,659.8069718361476
2014-12-15,1869.1704247929883,95.41481622436186
2014-12-16,-4680.167056672726,1901.9918226011905
2014-12-17,6545.485963557134,-4916.613947876187
2014-12-18,7422.936974174503,-1158.0206911716714
2014-12-19,-4632.1608721375815,164.74719943256878
2014-12-22,0.0,652.2351810421296
2014-12-23,8320.74911642773,232.8777019656818
2014-12-24,919.775539004193,5800.382073494328
2014-12-26,-1840.4985979980338,-11.130742331601141
2014-12-29,-2767.8651852963085,328.6611012798621
2014-12-30,-1850.0010427727393,358.4163824753832
2014-12-31,-2782.159829364842,2692.367691873984
2015-01-02,-4656.095008921329,-1495.5031916328498
2015-01-05,-7499.879569701574,2774.837030701079
2015-01-06,-6613.393737907914,1742.2940784552302
2015-01-07,-948.6800827630941,-3109.956773178026
2015-01-08,6620.227583250555,-3335.0593426831674
2015-01-09,-4723.84705560049,545.945915965789
2015-01-12,-5700.919829371851,1846.2313620702844
2015-01-13,-953.5952285274398,601.2891849767348
2015-01-14,-4782.795361836819,993.2039629097744
2015-01-15,-8671.632363876852,1604.013782403159
2015-01-16,5790.058707277611,-3179.775400571545
2015-01-20,-962.5141577197937,-1255.993713866459
2015-01-21,4802.62658002539,-1614.943927094544
2015-01-22,2869.6749372006743,-3121.6851080248343
2015-01-23,-8635.812390830804,143.4326650503972
2015-01-26,1926.0250313245342,-1200.4188017726974
2015-01-27,0.0,2173.0066678874628
2015-01-28,-9670.132102574018,3356.652849764807
2015-01-29,3880.0733952964074,-2862.7652052033955
2015-01-30,-8752.834082788118,3157.3866102874817
2015-02-02,0.0,-3713.3315939491713
2015-02-03,10686.851262242591,-3909.6075953532218
2015-02-04,1930.0164964986034,343.83431925069635
2015-02-05,1926.0250313245342,-2814.6444583057855
2015-02-06,11472.842699516885,-354.2180541947182
2015-02-09,949.6608491684019,12999.79721469562
2015-02-10,4733.615299074343,-1041.085881354009
2015-02-11,-944.7682882544759,-471.33034803769624
2015-02-12,-945.7445490486571,-680.7583825166148
2015-02-13,2834.3059876287007,-149.47314592644943
2015-02-17,11249.86384785708,850.1607417617979
2015-02-18,-6545.485963557134,-487.50756480319615
2015-02-19,3746.0638375645067,-462.7231877270351
2015-02-20,1867.2435590867099,240.23240469682605
2015-02-23,-6552.241650985583,-100.36824921448351
2015-02-24,-6599.74961759428,-65.36224260278141
2015-02-25,-2843.10246177121,-318.50653010137285
2015-02-26,6620.227583250555,-424.5493284908134
2015-02-27,-2831.3805724306876,-1247.4809377912025
2015-03-02,7530.905146908728,1206.9674716569607
2015-03-03,3742.201232643987,-879.953465478502
2015-03-04,0.0,-1012.5415465343212
2015-03-05,-934.1032191082195,-87.14201009696262
2015-03-06,12068.55261832544,-2230.6494196770564
2015-03-09,-3696.1945609310496,169.87203084808243
2015-03-10,-5572.935931401764,-1083.3068775534102
2015-03-11,-2799.422125992627,-405.7476620255329
2015-03-12,-935.0672056847689,-363.2447209482889
2015-03-13,2802.3107647714787,-812.0841073721713
2015-03-16,-2802.3107647714787,1202.6458467278462
2015-03-17,-3749.9308862141042,-1012.8894682427745
2015-03-18,-12294.781447309695,2402.7260955916736
2015-03-19,4748.30989559427,-1609.69124295861
2015-03-20,-4748.30989559427,2764.3781075644674
2015-03-23,-952.6099337775813,-714.1019045012363
2015-03-24,-3820.3040462896024,2552.318244215452
2015-03-25,4772.913980067184,1779.8850249739062
2015-03-26,7585.544667018548,227.22856442811826
2015-03-27,-5683.276148242745,-1023.7578090472834
2015-03-30,949.6608491684019,-1119.7412778255384
2015-03-31,-1900.3035946921882,631.740425327791
2015-04-01,-6682.087531687503,-188.56988131989237
2015-04-02,4777.851824657904,-837.0694984412821
2015-04-06,0.0,-432.32914283834
2015-04-07,-2863.746113872694,-180.06620211349582
2015-04-08,2863.746113872694,-974.4751443287769
2015-04-09,4753.219384484881,-937.4684164280043
2015-04-10,-948.6800827630941,-415.87639658379885
2015-04-13,-1900.3035946921882,506.7193072540322
2015-04-14,-3812.4125944868283,-426.2021034129193
2015-04-15,954.5816589297901,-580.8039604780788
2015-04-16,-954.5816589297901,-464.2740989970098
2015-04-17,-2869.6749372006743,177.05823712043457
2015-04-20,2869.6749372006743,-544.5173648222972
2015-04-21,1908.17688745723,-434.02545497025494
2015-04-22,6647.641763492997,-260.8924875669627
2015-04-23,-2843.10246177121,-144.39771231995746
2015-04-24,-2851.9293679442053,-54.38390703726236
2015-04-27,951.6257732520171,-635.7522693389228
2015-04-28,5689.150605512055,-177.63272734069324
2015-04-29,5654.005068545623,-711.2728014102886
2015-04-30,-939.9037990668439,-713.5277592133061
2015-05-01,6559.0051100739365,-393.45000140767206
2015-05-04,3726.795138766014,121.57788424885712
2015-05-05,2785.028621470905,-2316.4359024399555
2015-05-06,5544.2973061183,11930.86571454498
2015-05-07,-6471.683549988229,-137.1525607970052
2015-05-08,-1857.642377600976,-1163.4581724236032
2015-05-11,11088.653631392182,105.0311109735976
2015-05-12,0.0,-482.7898696115644
2015-05-13,-918.8291058049435,-307.04154535533235
2015-05-14,-3684.7916299387507,172.8807414949497
2015-05-15,-8346.509127530095,-301.240279636133
2015-05-18,8346.509127530095,592.6087110439221
2015-05-19,3684.7916299387507,-184.255380370274
2015-05-20,-919.775539004193,-324.8111681563296
2015-05-21,-6465.020365112141,-87.10988628632731
2015-05-22,1851.9080866556324,-680.8446612717216
2015-05-26,-6498.412940008144,-742.100716487299
2015-05-27,0.0,653.2365534407054
2015-05-28,-932.1785669059173,-435.9346926647013
2015-05-29,-933.1403399784904,-974.9778130907325
2015-06-01,6511.823760236919,73.32806308598083
2015-06-02,7384.795904116334,-314.2143137293224
2015-06-03,10055.304460192085,-154.23717479392144
2015-06-04,-6385.655788684715,-1054.2020925245197
2015-06-05,9108.325407115502,-815.4675246052384
2015-06-08,-1814.1799379221338,-300.67061976446075
2015-06-09,2719.872332447121,-865.8734428986172
2015-06-10,7212.137890513841,339.4025539234344
2015-06-11,-9932.010222960962,204.3140201966553
2015-06-12,0.0,-1683.503572692267
2015-06-15,-2728.2738174487968,-676.6019057039466
2015-06-16,-3650.817438048165,-72.25092923677403
2015-06-17,0.0,-277.5171465404428
2015-06-18,2739.5208364583086,8321.459681472686
2015-06-19,-8243.999260666278,478.3968113967767
2015-06-22,10065.655750682468,-1319.7888638248405
2015-06-23,4537.786261469584,-773.6551414649839
2015-06-24,-3628.362012955775,774.2415401834805
2015-06-25,1816.0458635772666,511.39740399639777
2015-06-26,8126.174244093105,-231.40158258456722
2015-06-29,-14498.708488605444,5430.555580952103
2015-06-30,1825.4076424050727,-1005.814370041393
2015-07-01,7264.204852232237,-2761.7548108627816
2015-07-02,-2717.0782501249705,326.95561823564276
2015-07-06,-9117.697965599327,191.8026450451307
2015-07-07,-2753.652358170024,-1613.7144649810161
2015-07-08,-4608.363783294342,4188.652908280474
2015-07-09,9193.066668498119,-448.2063671147771
2015-07-10,9098.963587944083,-3937.6707656166454
2015-07-13,1808.5949729293934,-3189.8686220330183
2015-07-14,-2714.2873674543807,-862.0273774190246
2015-07-15,-4542.453755370931,-401.00245937870204
2015-07-16,0.0,-991.5350555608602
2015-07-17,-1823.5309909400894,-379.8121724988723
2015-07-20,3643.3151278802325,-155.49458126429272
2015-07-21,-2731.0807385299995,-538.7062750000105
2015-07-22,-1825.4076424050727,-443.29658108054537
2015-07-23,-4579.986973452069,118.96695467227437
2015-07-24,-918.8291058049435,1646.8023507681974
2015-07-27,-3684.7916299387507,1483.7811410350523
2015-07-28,2765.0160909345577,-3688.781259187337
2015-07-29,2756.4884028432134,-1882.6070604947345
2015-07-30,-917.8837580340769,-898.4763212570356
2015-07-31,-7377.193931872025,9261.174725675346
2015-08-03,-3711.4596995201573,181.66346557222823
2015-08-04,6485.032895648488,215.00126093144536
2015-08-05,4603.620735743694,-673.5751366155691
2015-08-06,-4603.620735743694,1068.3293113872314
2015-08-07,-4627.390518047512,-452.9427299970903
2015-08-10,5550.011882850231,-1477.105041552164
2015-08-11,-8337.91259383106,1111.2051094020499
2015-08-12,-931.2178985017526,-372.25454702848947
2015-08-13,4646.504853352511,-300.0513336686781
2015-08-14,926.4310780492524,-890.8617877401066
2015-08-17,-3711.4596995201573,-109.65869791650039
2015-08-18,3711.4596995201573,281.65725758603367
2015-08-19,-7438.254838286171,1008.17127266643
2015-08-20,-2805.202725893818,4509.789866642181
2015-08-21,-3753.8023841801187,9673.109561423957
2015-08-24,-3769.332981224303,13738.989640165968
2015-08-25,10328.33809129824,1110.8635299846283
2015-08-26,5584.43751636699,-11319.225959440177
2015-08-27,0.0,-7431.521006044604
2015-08-28,927.3862438699289,-421.94231096842486
2015-08-31,1851.9080866556324,2220.8908537590505
2015-09-01,-3707.636837971222,8419.795348581032
2015-09-02,2782.159829364842,-6283.41353420958
2015-09-03,-1853.8173219191813,-409.2235008713542
2015-09-04,-4651.2971763885,4754.954160610618
2015-09-08,6505.114498307681,-8007.6380446231415
2015-09-09,925.47700860638,4297.7211265232
2015-09-10,1848.096187521951,-1760.2809107329194
2015-09-11,-2773.573196128331,-1458.1913214101405
2015-09-14,-1853.8173219191813,-1121.0388817376734
2015-09-15,9231.011253791206,-1378.8600507139417
2015-09-16,1834.8232523650804,-672.6273118412937
2015-09-17,-8286.540175630726,-715.3303379840872
2015-09-18,-7430.591506914061,-339.36065297569803
2015-09-21,6505.114498307681,-1926.4397506626665
2015-09-22,-5572.935931401764,1238.103350003883
2015-09-23,1861.4762318816065,-607.4358044074615
2015-09-24,-2793.6547987875238,712.9143209972717
2015-09-25,3722.954668942839,-290.12995826334736
2015-09-28,-6525.265433714318,4055.559821776398
2015-09-29,-4689.834685280948,-1007.6170081849959
2015-09-30,939.9037990668439,-3464.2572325309666
2015-10-01,-939.9037990668439,-1871.2279197003882
2015-10-02,-5659.845818527436,-1795.8071600069743
2015-10-05,7538.683871928646,-249.2180414623126
2015-10-06,-1878.8380534012103,-834.0473474307837
2015-10-07,2816.8038774299494,32.493103470003916
2015-10-08,3742.201232643987,806.7534987735453
2015-10-09,0.0,-306.486217569407
2015-10-12,0.0,-369.7759025100495
2015-10-13,-5619.101311007093,-1218.8250513374896
2015-10-14,-6599.74961759428,-1175.6782320653947
2015-10-15,4718.971358899798,2716.3713520649108
2015-10-16,0.0,1088.2219175123519
2015-10-19,0.0,41.64016384451679
2015-10-20,3757.6783370575868,-484.58656424191213
2015-10-21,-3757.6783370575868,-2107.72140135872
2015-10-22,0.0,5572.779241136324
2015-10-23,4694.676843807756,3755.0394037410842
2015-10-26,-1874.9643307789083,-6417.716305388991
2015-10-27,-1878.8380534012103,-142.84692771175833
2015-10-28,4689.834685280948,-794.6229781776419
2015-10-29,8380.994185029907,-25.971692992925455
2015-10-30,-2785.028621470905,-97.02774275649426
2015-11-02,3711.4596995201573,-71.72717744318106
2015-11-03,2773.573196128331,437.9290359581919
2015-11-04,1844.293031940717,122.66032375785653
2015-11-05,920.7230589938408,-739.4024566690405
2015-11-06,7331.764871316045,-863.6165126556243
2015-11-09,1823.5309909400894,622.9503532770468
2015-11-10,-3650.817438048165,-1118.3971340598764
2015-11-11,0.0,43.392094437849664
2015-11-12,0.0,1379.6320983427668
2015-11-13,-3665.873779398833,1594.4589281939025
2015-11-16,-918.8291058049435,-2650.3759275707507
2015-11-17,-1840.4985979980338,53.34464940759244
2015-11-18,1840.4985979980338,-1402.9152950726311
2015-11-19,-2762.170265136032,-391.4991735324529
2015-11-20,1842.394726131839,-955.6069716597885
2015-11-23,-920.7230589938408,-442.22473761445326
2015-11-24,-921.6716671379982,-129.02113351771004
2015-11-25,-922.6213648027187,-803.7869760351277
2015-11-27,-923.5721533555916,-325.43769707166393
2015-11-30,-924.5240341663593,-588.8709249246485
2015-12-01,-5567.195041506391,511.65172605128373
2015-12-02,2787.90071098083,-1870.1939410856594
2015-12-03,13810.998227243275,-236.45293773327649
2015-12-04,-4579.986973452069,-469.58637371061195
2015-12-07,-4603.620735743694,-1921.8138085670944
2015-12-08,922.6213648027187,13478.405537661685
2015-12-09,-1846.1935181583103,1576.1231223857249
2015-12-10,1846.1935181583103,-585.1579081977143
2015-12-11,-10201.30905923873,4881.097712388422
2015-12-14,9278.687694436012,-2110.3539263596613
2015-12-15,4603.620735743694,-2298.114782145207
2015-12-16,1834.8232523650804,-2852.215467097267
2015-12-17,-5515.822623306056,483.979084897328
2015-12-18,-4622.625638980302,2292.1330933982754
2015-12-21,926.4310780492524,-2590.214570460872
2015-12-22,3696.1945609310496,-2501.871361905898
2015-12-23,2762.170265136032,-1244.305570777129
2015-12-24,-1840.4985979980338,-224.97797603074287
2015-12-28,-921.6716671379982,497.24554199940394
2015-12-29,7346.8731503398085,-571.454609824541
2015-12-30,-915.0542136964068,127.03538803853553
2015-12-31,-3669.6486715073697,322.4086067460794
2016-01-04,-2762.170265136032,2228.591290685601
2016-01-05,921.6716671379982,-1368.271674956106
2016-01-06,-6471.683549988229,2153.9515750091305
2016-01-07,-1857.642377600976,6442.11711740978
2016-01-08,-2793.6547987875238,2988.0765300341845
2016-01-11,3722.954668942839,-977.3499572604305
2016-01-12,-4656.095008921329,-2728.460838930783
2016-01-13,-3742.201232643987,7738.339267419855
2016-01-14,1873.0308078509988,-5173.366289665526
2016-01-15,-6572.555382329039,6853.8680090630005
2016-01-19,2822.624496114935,-418.2697962727325
2016-01-20,-4709.236780291147,4099.624580631345
2016-01-21,943.7931503255677,-1730.5432197613482
2016-01-22,4704.377884299945,-12362.807607474748
2016-01-25,-3761.5587504493014,1332.358302794004
2016-01-26,-1886.6122841762117,-1889.4419771117427
2016-01-27,943.7931503255677,243.97434617256295
2016-01-28,-1888.5614385800436,-1009.8894310003452
2016-01-29,-5689.150605512055,-1299.8095482295757
2016-02-01,2848.9836774552823,-520.1790606592876
2016-02-02,-9531.071209142785,384.79471475689206
2016-02-03,957.5477783683018,-508.6481534759441
2016-02-04,-957.5477783683018,-183.60448094392814
2016-02-05,-958.5387657063548,740.8345653850574
2016-02-08,-10609.659467334845,2174.481143581572
2016-02-09,-970.5201674350683,-105.99355951578036
2016-02-10,-2917.600892392089,-542.1625765799981
2016-02-11,-7824.770411192672,2000.9577718683322
2016-02-12,10742.371303584761,-4074.339962187154
2016-02-16,3876.0565230092325,-1947.0291918683688
2016-02-17,2896.524423836905,-1045.3885689357903
2016-02-18,-5802.060779411069,-1138.1358187382066
2016-02-19,969.5153707054706,-1124.317132593007
2016-02-22,968.5117327525222,452.3175937801516
2016-02-23,-2908.547270893061,-1170.9178903115007
2016-02-24,970.5201674350683,-278.1569124546186
2016-02-25,-3888.1210598271573,721.0605874017238
2016-02-26,4857.636430532628,-700.3028947024904
2016-02-29,-1940.0355381405388,-1663.7265977526276
2016-03-01,8698.605978170672,4515.389800150744
2016-03-02,961.5185904327227,1292.3932440079952
2016-03-03,-961.5185904327227,1257.4275834693963
2016-03-04,4797.660200673898,1074.1597101926163
2016-03-07,2866.7088177621627,-589.3115893918275
2016-03-08,-7664.36901843606,1000.692651116422
2016-03-09,6709.78735950627,-683.6227782535207
2016-03-10,2860.786821234811,-556.746458148893
2016-03-11,4748.30989559427,-1128.9538407715445
2016-03-14,-947.7004448869702,-15.40760327213684
2016-03-15,0.0,-455.9525578274588
2016-03-16,-2848.9836774552823,-1318.1199417871467
2016-03-17,-2857.830935557038,82.64474979640181
2016-03-18,-2866.7088177621627,77.20569084810268
2016-03-21,3820.3040462896024,-116.83516885193421
2016-03-22,1904.2357070295984,-93.82220045958456
2016-03-23,-5724.539753319201,-815.3924851612537
2016-03-24,2866.7088177621627,-463.9701504695495
2016-03-28,-1910.1508853452542,98.01348586218228
2016-03-29,-7680.24316441534,576.6954585112526
2016-03-30,1926.0250313245342,682.9508402118736
2016-03-31,-4822.549455161439,-652.4725701924799
2016-04-01,966.5079273383017,1294.348907145015
2016-04-04,-966.5079273383017,-790.7401485340124
2016-04-05,-4847.582647412579,-2135.2796817984527
2016-04-06,2911.561662543885,1944.6805145147082
2016-04-07,-5832.187401923598,-2594.71482455357
2016-04-08,1948.0924963053694,-29.082527876766108
2016-04-11,972.5332430743438,-640.3253558681226
2016-04-12,5814.0905747508805,1879.502086827284
2016-04-13,-1934.017179454473,3136.361775256475
2016-04-14,2899.524936417365,-31.038387736120058
2016-04-15,-3868.0366691698873,-423.4870335454907
2016-04-18,1936.0209848686936,2456.407818378455
2016-04-19,966.5079273383017,-3471.581627779824
2016-04-20,5778.084288553131,-157.70217180659165
2016-04-21,2875.617439943904,363.77749540471814
2016-04-22,956.5579324169084,-912.5524238199869
2016-04-25,1910.1508853452542,579.2401246535228
2016-04-26,2857.830935557038,-377.0135942883153
2016-04-27,-6682.087531687503,-427.02955014084364
2016-04-28,-2878.593831872873,1238.4801918082085
2016-04-29,-961.5185904327227,499.01457272915104
2016-05-02,4797.660200673898,-1615.6974647365696
2016-05-03,-6723.685231998432,1062.3521496373487
2016-05-04,-1930.0164964986034,675.6445788738856
2016-05-05,-2902.5289122069953,-341.7467559005727
2016-05-06,2902.5289122069953,-1531.5463308897688
2016-05-09,-1934.017179454473,-472.56240059620177
2016-05-10,0.0,-2009.8585676578168
2016-05-11,-3880.0733952964074,1143.0919900538192
2016-05-12,1942.0462918384146,-509.4308095649467
2016-05-13,-3888.1210598271573,1372.2773252686547
2016-05-16,3888.1210598271573,-2005.090406228248
2016-05-17,969.5153707054706,1562.600480707757
2016-05-18,10598.682862335729,-232.39376424595503
2016-05-19,-1918.0696615756024,531.8979677308562
2016-05-20,0.0,-2042.9874531485839
2016-05-23,-960.5241702972708,125.26802595003574
2016-05-24,1920.0550661665184,-3167.375145607096
2016-05-25,958.5387657063548,-1317.016400731206
2016-05-26,-3840.112422305596,-810.5915417126535
2016-05-27,1922.0427607299935,-855.6472481838
2016-05-31,-960.5241702972708,-822.4550246669933
2016-06-01,960.5241702972708,11420.39204068331
2016-06-02,-3848.0677920545277,-697.3272123302067
2016-06-03,-9690.181839238227,-468.17022599955817
2016-06-06,1946.0747679887427,113.2406413226472
2016-06-07,-972.5332430743438,209.56034832792648
2016-06-08,-973.5415249143989,6.291767650311158
2016-06-09,-2926.6859195029683,121.73718985766936
2016-06-10,-3916.4346613909,1398.3156429103747
2016-06-13,-1964.3184772604436,3044.3560124234336
2016-06-14,0.0,-718.4146521272487
2016-06-15,-1968.398457159812,-619.4427220564758
2016-06-16,-2960.2683076191606,-1105.8302625248198
2016-06-17,4928.666764778973,-196.01654273918757
2016-06-20,4903.166825298293,-1421.050900022181
2016-06-21,3904.2722328560194,-370.4922824681489
2016-06-22,-1950.1125553656311,1463.6667619188029
2016-06-23,4867.71344775772,-2829.1158412895074
2016-06-24,-16653.706715325374,6384.463408414547
2016-06-27,-10933.556423196162,1568.0483312677752
2016-06-28,0.0,-6078.165413280643
2016-06-29,3990.301460803108,-3817.9479143703375
2016-06-30,-996.0209998690989,-1509.7379239383317
2016-07-01,-2994.280460934009,-843.0416068585764
2016-07-05,-9039.08015928854,-152.00052154472178
2016-07-06,1008.5257940108422,-818.4034884380926
2016-07-07,2013.9066532084253,-672.2374963441953
2016-07-08,-3022.4324472192675,1038.8935429270632
2016-07-11,6035.448280348297,693.5148892157449
2016-07-12,9975.795642288722,2241.538956758446
2016-07-13,-4974.939746277669,-108.53725804952774
2016-07-14,4974.939746277669,3203.9530633979048
2016-07-15,6921.660967466843,-387.2226323205141
2016-07-18,-985.7321705446811,-394.9208818964107
2016-07-19,-2963.3424729108083,-697.549237141091
2016-07-20,2963.3424729108083,-250.4861754960075
2016-07-21,-1974.5361370744795,535.4286222229239
2016-07-22,0.0,-710.2581884988685
2016-07-25,987.780429169783,393.0194588050708
2016-07-26,-987.780429169783,-79.4120150130766
2016-07-27,-4954.3145063639095,-485.0500235104955
2016-07-28,0.0,-313.59270619867675
2016-07-29,-5979.241916832252,-872.3468344015546
2016-08-01,4985.288214124623,146.24001731269163
2016-08-02,3969.628443832509,309.34103224379396
2016-08-03,0.0,-671.8582121504533
2016-08-04,-3969.628443832509,-596.6712195044311
2016-08-05,7922.804346146018,-424.61405697554073
2016-08-08,0.0,-274.44036091870476
2016-08-09,-3953.175902313509,-125.25826102418523
2016-08-10,-4964.615197154024,-346.04371864440964
2016-08-11,6943.254962393054,45.4466227564435
2016-08-12,-5948.268209071539,-515.8245981928922
2016-08-15,3969.628443832509,286.39752384677286
2016-08-16,1978.6397652390297,-817.2717617619301
2016-08-17,-988.8063358363288,-329.64815117119906
2016-08-18,-2972.586324011354,-223.36274146221058
2016-08-19,4949.173089017466,-718.4914529342877
2016-08-22,-2966.4201944088127,-214.8234943787911
2016-08-23,0.0,81.08016029827104
2016-08-24,989.8334294027009,-1819.425844178113
2016-08-25,1976.5867650061118,10394.649252473926
2016-08-26,3940.8863356091897,-238.08542417657554
2016-08-29,-4928.666764778973,-828.6217936468747
2016-08-30,0.0,-111.91247479646881
2016-08-31,987.780429169783,-2.3877106949039444
2016-09-01,-987.780429169783,-191.219120455542
2016-09-02,2960.2683076191606,-1515.5965658500463
2016-09-06,-4938.90807285819,-33.21114940502048
2016-09-07,-990.8617113695364,-311.0843711392863
2016-09-08,6914.479599823055,114.26548134477343
2016-09-09,5886.855466862777,4717.431996371117
2016-09-12,977.5863133530511,-3157.331417201902
2016-09-13,4872.760687491711,2761.211130893087
2016-09-14,-2920.625739379713,-105.95431166635171
2016-09-15,974.5509713909705,-2572.6714689388355
2016-09-16,-974.5509713909705,-673.5775051955097
2016-09-19,0.0,-256.62941776929074
2016-09-20,-975.5615839746606,-118.35136496672749
2016-09-21,-2932.7601105883223,-2792.8727836291073
2016-09-22,-2941.897745238719,-1108.268119321223
2016-09-23,-982.6686469616398,-244.245955223676
2016-09-26,-2954.1306277044932,1379.6483466813934
2016-09-27,-2963.3424729108083,-1636.464987805739
2016-09-28,988.8063358363288,-895.1032294022807
2016-09-29,-988.8063358363288,753.9016431886266
2016-09-30,3949.0746434554894,-1323.4000418323858
2016-10-03,2951.067104121452,-387.2663340721374
2016-10-04,5874.657855827041,-43.60558144935567
2016-10-05,2923.65408028003,-1460.0339511290485
2016-10-06,2914.5795349127584,-1019.6419533148173
2016-10-07,-1942.0462918384146,11049.111650822793
2016-10-10,0.0,-140.4773963392363
2016-10-11,3880.0733952964074,1538.7491434848362
2016-10-12,1934.017179454473,231.24951864321156
2016-10-13,-3872.044282912466,533.471283187253
2016-10-14,4837.552039875358,-838.6716759434876
2016-10-17,-2899.524936417365,-55.147863661972224
2016-10-18,-1938.0271034579928,-1356.5372707868737
2016-10-19,969.5153707054706,-1088.1408783018287
2016-10-20,0.0,-814.0657646621876
2016-10-21,-1940.0355381405388,-624.5934001334208
2016-10-24,2908.547270893061,-562.5633728228659
2016-10-25,0.0,78.14771459931035
2016-10-26,1934.017179454473,348.4082063303049
2016-10-27,5778.084288553131,611.3570523600356
2016-10-28,959.5308958692476,413.6050060068901
2016-10-31,-1920.0550661665184,204.59292291249585
2016-11-01,-961.5185904327227,1217.2209693385703
2016-11-02,-1926.0250313245342,813.1229570587366
2016-11-03,963.5108736047405,1693.2667691644529
2016-11-04,-2893.527370103344,-104.32142718147406
2016-11-07,3856.0415278231376,-5155.375390122928
2016-11-08,4797.660200673898,-769.1538225895711
2016-11-09,18006.629681711245,-2510.42511604834
2016-11-10,7476.703862058886,-89.56290563224866
2016-11-11,0.0,-1033.663977070035
2016-11-14,7415.291229028342,-392.4036248604207
2016-11-15,0.0,646.4648040264155
2016-11-16,-923.5721533555916,-925.4675098863245
2016-11-17,6445.076647133363,1280.9018873055938
2016-11-18,4575.276468472832,6428.408922460002
2016-11-21,-913.1732530548397,-267.5281292992495
2016-11-22,-1829.1674077496427,-63.26106502024231
2016-11-23,4565.871651744572,-146.58899970271523
2016-11-25,0.0,109.04188378590698
2016-11-28,-3650.817438048165,-8.801641762303916
2016-11-29,-1831.0505270337526,-284.44490024512015
2016-11-30,6392.227853508251,-97.09547023916821
2016-12-01,7249.285941900693,118.42901604021063
2016-12-02,-4523.815829809617,-216.5762016916524
2016-12-05,-907.5561830686129,-1370.1066067503689
2016-12-06,0.0,-81.85869493591781
2016-12-07,-4551.804808388886,2649.914436453173
2016-12-08,5459.360991457499,639.6498856766611
2016-12-09,6326.84499964369,1180.2147418047043
2016-12-12,1799.3292444494145,-197.52883406079673
2016-12-13,-899.2026610015018,1960.241412368825
2016-12-14,5381.394086620479,-2628.423009204733
2016-12-15,5348.360392704664,972.1796089714408
2016-12-16,0.0,-949.4244423108703
2016-12-19,-5348.360392704664,499.6109281119934
2016-12-20,2678.295246415786,1261.591379180296
2016-12-21,-1784.6139641787522,-1143.0577858809702
2016-12-22,0.0,-722.4215387884815
2016-12-23,0.0,463.85606916193865
2016-12-27,1784.6139641787522,896.3302937597382
2016-12-28,-5364.848889716537,-3200.621206521975
2016-12-29,-1795.6377823182265,-175.98938577354966
2016-12-30,-3602.358414283488,-1469.115878498913
2017-01-03,0.0,2881.9945919745132
2017-01-04,901.9776053713795,-1109.0042937460676
2017-01-05,-8151.263547272072,-426.1194378989312
2017-01-06,4537.786261469584,-448.0944440570911
2017-01-09,-3628.362012955775,-92.29643845978353
2017-01-10,0.0,-291.10728861059033
2017-01-11,0.0,-353.49025235314
2017-01-12,-1819.784136940143,-44.46844657959991
2017-01-13,3635.8300005174096,-447.77766492191586
2017-01-17,-6372.534244512339,256.9925849321062
2017-01-18,8184.850393890847,341.5604448811973
2017-01-19,4514.528850265182,-56.495178724788275
2017-01-20,900.1265834479127,-1297.1114477203118
2017-01-23,-6320.347828238082,-116.42569717432161
2017-01-24,5420.221244790169,-608.4692798896467
2017-01-25,5386.921789052998,577.3011468781006
2017-01-26,-1791.954762285357,-544.3801644398009
2017-01-27,-1795.6377823182265,-535.7549081298894
2017-01-30,0.0,-76.7125918526126
2017-01-31,-3602.358414283488,-263.5303813497667
2017-02-01,2703.155753281986,-432.1223878511373
2017-02-02,0.0,-230.37457965713747
2017-02-03,899.2026610015018,58.899044831562605
2017-02-06,-6313.8580947145965,-463.9455697546564
2017-02-07,-1812.3161493785083,-394.5381701585402
2017-02-08,-5459.360991457499,-64.33820797020962
2017-02-09,5459.360991457499,1012.7448438483525
2017-02-10,906.623754853521,1075.507229275694
2017-02-13,1810.4544952714496,1929.4720085514891
2017-02-14,3609.7667495187197,1530.7017311890195
2017-02-15,3594.967026767641,2067.7873902604115
2017-02-16,-5397.9961966017145,-1304.6002565377767
2017-02-17,-2711.4996804311086,-460.2483952756702
2017-02-21,904.7621007464622,261.8335389687163
2017-02-22,-904.7621007464622,-129.06896675718963
2017-02-23,-3628.362012955775,-207.53532765743876
2017-02-24,-6385.655788684715,-355.6250010877302
2017-02-27,4565.871651744572,528.5643719884083
2017-02-28,0.0,261.20168972960346
2017-03-01,9061.623435698406,1412.896896639766
2017-03-02,2700.3808089121085,-1986.12640076945
2017-03-03,0.0,-814.7326234726515
2017-03-06,0.0,-519.4298252261397
2017-03-07,2692.0750141586977,-503.01388634181967
2017-03-08,4468.411657876066,-157.00599395495374
2017-03-09,2670.065146288878,189.07061955843528
2017-03-10,-1779.1303696042887,-290.97166370436753
2017-03-13,3554.6154483510254,-410.1771644908331
2017-03-14,-1775.4850787467367,-241.6994877849702
2017-03-15,-8034.914036005415,791.6725523114819
2017-03-16,1791.954762285357,-949.4991976877718
2017-03-17,-2689.312748804339,-643.68679523416
2017-03-20,-2697.609040248659,-518.2910672989456
2017-03-21,-3609.7667495187197,-1205.336986839854
2017-03-22,-2717.0782501249705,-203.73282337664023
2017-03-23,906.623754853521,-404.14291336358565
2017-03-24,-906.623754853521,-664.7713523234133
2017-03-27,-1816.0458635772666,-824.7186383298695
2017-03-28,3628.362012955775,-361.507746435791
2017-03-29,-2719.872332447121,-451.0344405349824
2017-03-30,2719.872332447121,409.6704498109775
2017-03-31,-1812.3161493785083,9244.760567534553
2017-04-03,-4547.126602107266,-260.98132046775027
2017-04-04,911.2966015898564,-867.1152345408191
2017-04-05,-1823.5309909400894,921.9137798650936
2017-04-06,0.0,-763.8861743226917
2017-04-07,3643.3151278802325,228.88923957134466
2017-04-10,-909.4242485138093,924.4778754100189
2017-04-11,-4561.177326474499,698.9987130245645
2017-04-12,-3665.873779398833,410.2736234767417
2017-04-13,-3680.9993709409755,182.39969197341452
2017-04-17,1842.394726131839,-1942.2114193275484
2017-04-18,-7392.40660898207,-448.736454278589
2017-04-19,2779.2943305255612,198.79937277912177
2017-04-20,2770.7175523246697,-1246.7139837140458
2017-04-21,0.0,70.76883666670074
2017-04-24,3680.9993709409755,-3055.8184330222666
2017-04-25,6405.394615857142,427.15841008315147
2017-04-26,-2739.5208364583086,-327.55789547637323
2017-04-27,-1831.0505270337526,-447.3909570160122
2017-04-28,-916.9394943310035,-387.98758147612534
2017-05-01,3662.103215417992,-246.2516040366154
2017-05-02,-3662.103215417992,24.053824151650588
2017-05-03,3662.103215417992,-525.6033140352511
2017-05-04,2736.704243994929,-170.91501088459881
2017-05-05,0.0,773.943435952915
2017-05-08,2728.2738174487968,-516.415603996862
2017-05-09,2719.872332447121,-513.3623374829731
2017-05-10,-905.6923945249873,427.61020165777427
2017-05-11,-1814.1799379221338,-947.4187642013767
2017-05-12,-5464.978061443726,-861.8002827519913
2017-05-15,913.1732530548397,6281.30358190578
2017-05-16,-913.1732530548397,32.04749199241451
2017-05-17,-10107.179862551355,5929.350505419878
2017-05-18,923.5721533555916,-1590.4026884799423
2017-05-19,0.0,-3399.2007989705817
2017-05-22,1844.293031940717,-1524.7088073681716
2017-05-23,3677.2114618370542,-431.55210006455127
2017-05-24,-2756.4884028432134,-865.7570086364776
2017-05-25,-920.7230589938408,72.67917320046945
2017-05-26,0.0,-411.7994329483281
2017-05-30,-3692.389219462668,212.19923847522114
2017-05-31,0.0,-239.54874176530393
2017-06-01,0.0,332.34054996809573
2017-06-02,-5567.195041506391,325.8054343530148
2017-06-05,2787.90071098083,-158.10220614747595
2017-06-06,-3719.1186094825825,-597.3379944627632
2017-06-07,3719.1186094825825,45.196537234063726
2017-06-08,927.3862438699289,-298.90233951796654
2017-06-09,1851.9080866556324,-249.02285036357353
2017-06-12,0.0,113.09422127222024
2017-06-13,0.0,261.0632882171303
2017-06-14,-5567.195041506391,-510.3229277035134
2017-06-15,930.2583333798539,-664.5506953855856
2017-06-16,0.0,-472.1070966182733
2017-06-19,2785.028621470905,2396.6299934003537
2017-06-20,-2785.028621470905,-2427.856471477846
2017-06-21,0.0,-413.32579312825874
2017-06-22,-930.2583333798539,-495.30308791467814
2017-06-23,0.0,179.9206363709054
2017-06-26,-931.2178985017526,159.1732697561156
2017-06-27,6498.412940008144,5535.33750210289
2017-06-28,924.5240341663593,-720.4467820203317
2017-06-29,4608.363783294342,711.9508895422932
2017-06-30,3669.6486715073697,-444.06972841906645
2017-07-03,3654.5750501547154,-94.3339394805771
2017-07-05,-1825.4076424050727,-222.86356379254357
2017-07-06,3647.064132421263,905.4601947904066
2017-07-07,1817.913929022463,-1459.4055166882918
2017-07-10,-908.4896805086537,-259.76086291910906
2017-07-11,-909.4242485138093,-514.6481556098188
2017-07-12,-3647.064132421263,11.702679605803496
2017-07-13,1825.4076424050727,-286.10902149806316
2017-07-14,-1825.4076424050727,455.8465168331768
2017-07-17,-1829.1674077496427,-29.7252591331453
2017-07-18,-3669.6486715073697,-49.45317445670116
2017-07-19,0.0,1215.7165336402613
2017-07-20,0.0,-140.47369881949817
2017-07-21,-2762.170265136032,-556.9182925346886
2017-07-24,1842.394726131839,-224.22972341143395
2017-07-25,6418.591618261205,661.1911233071478
2017-07-26,-3662.103215417992,-103.35670523479348
2017-07-27,2747.990021364756,-357.9135398511826
2017-07-28,-1831.0505270337526,-554.6619230858323
2017-07-31,0.0,-406.33663963656363
2017-08-01,-3673.427897174217,611.0337308100643
2017-08-02,919.775539004193,66.5776281082417
2017-08-03,-2762.170265136032,-904.1416445359209
2017-08-04,2762.170265136032,614.798314880165
2017-08-07,-919.775539004193,731.5775113807213
2017-08-08,2756.4884028432134,-1102.3998217107019
2017-08-09,-4598.883128975052,2819.5284103622125
2017-08-10,-3696.1945609310496,5782.742455949032
2017-08-11,-926.4310780492524,-987.47008964622
2017-08-14,2776.4321208219917,-4148.4117640883105
2017-08-15,4608.363783294342,-577.7078557011919
2017-08-16,-3684.7916299387507,-567.1733486759349
2017-08-17,-3700.0042741775833,4425.888400881719
2017-08-18,0.0,-1394.643220282036
2017-08-21,-927.3862438699289,-1376.5994578117497
2017-08-22,3703.8183646919206,-2979.2548705564186
2017-08-23,-4632.1608721375815,837.5321452556091
2017-08-24,1855.7287513155898,-68.74567034125903
2017-08-25,-1855.7287513155898,-1343.3072686514151
2017-08-28,-929.2998701553151,-236.00962980927397
2017-08-29,-2793.6547987875238,-73.4949381150891
2017-08-30,1863.39646540767,-1016.688971156469
2017-08-31,-2796.5368053861603,-856.8850804284702
2017-09-01,3726.795138766014,-605.8617066017569
2017-09-05,-8406.96219543874,1236.6325830557516
2017-09-06,2810.996631879738,-897.3841988021431
2017-09-07,-4689.834685280948,-440.92505875227107
2017-09-08,939.9037990668439,-14.484864758742333
2017-09-11,7484.4202178915,-641.0106141214837
2017-09-12,2790.7761020369217,175.1882768149917
2017-09-13,2782.159829364842,-290.3620207923432
2017-09-14,0.0,-481.8308364229015
2017-09-15,0.0,-80.81900575749023
2017-09-18,2773.573196128331,384.99721246873924
2017-09-19,922.6213648027187,143.01922480885332
2017-09-20,3680.9993709409755,6.025225115417925
2017-09-21,-918.8291058049435,4543.941562488624
2017-09-22,-919.775539004193,-283.97752809996746
2017-09-25,-3688.5882442901493,471.0182647951624
2017-09-26,1846.1935181583103,-249.8638831197004
2017-09-27,6431.818936643402,-398.43989501855503
2017-09-28,0.0,-480.25560889877306
2017-09-29,1829.1674077496427,86.39456029837311
2017-10-02,913.1732530548397,350.82768196088
2017-10-03,-913.1732530548397,232.3852284265795
2017-10-04,0.0,131.55882953479522
2017-10-05,1825.4076424050727,914.0204097462156
2017-10-06,1821.6564900161902,-180.70522831746348
2017-10-09,0.0,-145.68508916933388
2017-10-10,-1821.6564900161902,279.23765167038437
2017-10-11,0.0,105.81324130245775
2017-10-12,-1825.4076424050727,-613.3305311615095
2017-10-13,-4579.986973452069,-3.1831036768890044
2017-10-16,1834.8232523650804,373.169756390098
2017-10-17,0.0,201.07324714629067
2017-10-18,3658.3369741418283,53.73216700658486
2017-10-19,-913.1732530548397,-94.63895295278417
2017-10-20,5464.978061443726,1828.6458189486439
2017-10-23,-908.4896805086537,-1468.5541633887387
2017-10-24,3628.362012955775,512.7885166868436
2017-10-25,1808.5949729293934,-2101.617740298192
2017-10-26,1804.8823128730946,296.5533853814359
2017-10-27,-3613.477285802488,3284.9959746987697
2017-10-30,-4537.786261469584,-1721.1871286952355
2017-10-31,909.4242485138093,643.7555457862909
2017-11-01,-909.4242485138093,553.4033814269733
2017-11-02,-1821.6564900161902,-1871.3437855675893
2017-11-03,-912.234389350233,-981.80586708193
2017-11-06,-1827.2864471080757,235.37484139947628
2017-11-07,0.0,299.30702343753546
2017-11-08,0.0,-190.8119965109163
2017-11-09,914.1131940532359,298.54151588051536
2017-11-10,6372.534244512339,614.2336685528844
2017-11-13,0.0,11.062911292270655
2017-11-14,-1816.0458635772666,-289.18885528739156
2017-11-15,-4556.488380935072,1276.6351908516917
2017-11-16,3647.064132421263,-1504.854537549023
2017-11-17,-1821.6564900161902,-786.1904445964283
2017-11-20,1821.6564900161902,-962.8158501689941
2017-11-21,-910.3598884263338,-412.49904617410357
2017-11-22,-3650.817438048165,-274.3504237240595
2017-11-24,1827.2864471080757,-60.678926649528876
2017-11-27,-1827.2864471080757,-211.88467491268239
2017-11-28,1827.2864471080757,2298.0135760116264
2017-11-29,2733.890879366423,-68.21215669420053
2017-11-30,4537.786261469584,2916.600413476821
2017-12-01,-4537.786261469584,-932.6935993593106
2017-12-04,0.0,-588.5549836258615
2017-12-05,-910.3598884263338,-1638.9281293349359
2017-12-06,-2736.704243994929,-306.95607700872824
2017-12-07,3647.064132421263,825.0052195338812
2017-12-08,909.4242485138093,2211.6900797691505
2017-12-11,908.4896805086537,1317.709120992813
2017-12-12,907.5561830686129,775.8675831340461
2017-12-13,-3635.8300005174096,-98.24729372406364
2017-12-14,-911.2966015898564,-1951.612338461504
2017-12-15,0.0,-1981.9079906848328
2017-12-18,3639.570419038653,403.04500614118297
2017-12-19,6333.349618249609,67.3428331631676
2017-12-20,2700.3808089121085,-634.2131024219962
2017-12-21,-899.2026610015018,-195.01399224608758
2017-12-22,0.0,74.83625676533666
2017-12-26,-900.1265834479127,73.4307712689606
2017-12-27,-4514.528850265182,23.769278106527054
2017-12-28,904.7621007464622,-408.9408352120081
2017-12-29,-2717.0782501249705,391.3393529187779
2018-01-02,5425.793435180996,-924.5487637699334
2018-01-03,-1804.8823128730946,392.22459319414156
2018-01-04,1804.8823128730946,952.4765966802861
2018-01-05,901.0515644626939,1980.6394453782304
2018-01-08,1799.3292444494145,650.2367952347176
2018-01-09,5375.872707856011,944.7311192905872
2018-01-10,0.0,-874.1595338020361
2018-01-11,-893.6812822370339,2875.919970513296
2018-01-12,893.6812822370339,2876.1211326170196
2018-01-16,-893.6812822370339,-1420.9901386868842
2018-01-17,2678.295246415786,4258.458588406196
2018-01-18,4445.550225035615,-862.2275855073167
2018-01-19,1771.8481146514932,2054.0007951525367
2018-01-22,1768.2194565321406,3939.126058497397
2018-01-23,-2653.6894129560023,1001.2535074882508
2018-01-24,1770.0327486417882,-241.22393654365442
2018-01-25,-1770.0327486417882,160.23066426088917
2018-01-26,2653.6894129560023,5726.679377216275
2018-01-29,3525.586059013993,-3392.4401747943557
2018-01-30,2634.725787988358,-5189.896960577
2018-01-31,-877.3426769826256,-8385.91468932907
2018-02-01,5250.608278332784,-440.0006240333314
2018-02-02,5218.468313749721,5814.514144594879
2018-02-05,-6091.331805558124,28891.289278801025
2018-02-06,1744.834210531033,-11855.78079522196
2018-02-07,4346.497595027091,-2118.220321529152
2018-02-08,866.6354210915761,13412.950056209665
2018-02-09,-1734.1575242047275,-7972.018742458444
2018-02-12,2599.907274028141,-7066.399990167964
2018-02-13,-2599.907274028141,-1606.707761892896
2018-02-14,6915.406242430966,-8501.217492031556
2018-02-15,-861.3365107647942,-3422.467144939801
2018-02-16,-2589.297369588692,-199.6341801783201
2018-02-20,863.9814345116301,1853.8654201374666
2018-02-21,5165.388185966922,371.01715907633115
2018-02-22,-1718.278862495984,-1618.0044311511228
2018-02-23,-3447.109323470938,-6015.0636691322325
2018-02-26,-1728.8465225609689,-3052.0763209989345
2018-02-27,3454.162457638031,3874.2581241194202
2018-02-28,-2589.297369588692,2899.870525571714
2018-03-01,-5202.4806636900485,5481.179883514786
2018-03-02,4337.61557564071,-3287.161331807398
2018-03-05,1728.8465225609689,-4721.343335826688
2018-03-06,0.0,-1432.0572089764028
2018-03-07,863.0987879542663,-508.946873514873
2018-03-08,-2591.945310515235,-2510.7784653456
2018-03-09,3454.162457638031,-6405.758574189329
2018-03-12,-2589.297369588692,-88.6357904256547
2018-03-13,-2597.250258964328,1432.6032868318416
2018-03-14,-2605.2304047257203,1899.6241121523344
2018-03-15,869.2985044631114,10488.166982419356
2018-03-16,2602.567321354185,-1361.2931574931245
2018-03-19,0.0,3811.8662407482298
2018-03-20,3457.6950603386485,-1517.8107591653425
2018-03-21,0.0,-739.614569243684
2018-03-22,-5191.852584543376,8657.483822114216
2018-03-23,-868.4097971494575,5340.265578613838
2018-03-26,2602.567321354185,-9545.340383480067
2018-03-27,-6085.103734841297,4355.577585059451
2018-03-28,-872.8634918084026,606.7295499101274
2018-03-29,-2623.957316478907,-5792.205781106193
2018-04-02,-876.4447930628485,7986.594241860486
2018-04-03,5245.236320072789,-5661.791667067784
2018-04-04,0.0,-3847.631923814788
2018-04-05,3478.9754919139395,-3050.2236652811116
2018-04-06,-5223.809702444973,7171.263752476294
2018-04-09,872.8634918084026,-1688.8706260247527
2018-04-10,1743.0496827052084,-5383.075652730044
2018-04-11,-871.078963982578,663.0012488100765
2018-04-12,3478.9754919139395,-3642.0160511574104
2018-04-13,-868.4097971494575,-251.1729774464875
2018-04-16,868.4097971494575,-3124.9948578173553
2018-04-17,-868.4097971494575,-3548.081229355759
2018-04-18,4333.182159226937,-509.03158322248055
2018-04-19,4311.090757982568,737.8016296756014
2018-04-20,3433.051199918027,2357.340322936245
2018-04-23,1711.2737932642358,-496.43355028244696
2018-04-24,1707.7832101685117,5634.653111789155
2018-04-25,2555.1473380563157,-1187.844657951082
2018-04-26,-2555.1473380563157,-4710.88134414997
2018-04-27,-3419.0570034327475,6621.014912291124
2018-04-30,-856.9483523499821,270.5386366740204
2018-05-01,1713.022068970739,-920.5794655435966
2018-05-02,0.0,471.03270608391904
2018-05-03,-2570.8460540428,-278.3290083359607
2018-05-04,857.8239850720611,-2089.6350878678313
2018-05-07,0.0,-277.56316120894917
2018-05-08,1713.022068970739,-406.15828565375705
2018-05-09,2562.9832868119906,-924.9651693355081
2018-05-10,-2562.9832868119906,1143.8492581222854
2018-05-11,0.0,-73.63958623308281
2018-05-14,2562.9832868119906,62.595300974848215
2018-05-15,6796.385539050506,-434.11443370374036
2018-05-16,845.6554032969425,-489.349478102753
2018-05-17,1688.726424954486,-538.609419791157
2018-05-18,-4228.281921441409,-952.3883795640995
2018-05-21,0.0,1379.3499182295363
2018-05-22,0.0,-1062.5177939392634
2018-05-23,-4249.9003270209905,129.80830612394675
2018-05-24,-2560.3683290080467,-1006.9959894604908
2018-05-25,-4284.746746715714,-723.1510469076457
2018-05-29,-13859.25106897157,-529.3281605299435
2018-05-30,6091.331805558124,1030.2080175962528
2018-05-31,-867.5221031131514,-1956.5743449509228
2018-06-01,5191.852584543376,1875.5067272602155
2018-06-04,4302.2893980126555,1601.3275091218402
2018-06-05,-1718.278862495984,130.43754950656512
2018-06-06,4289.1249165387835,3904.1769612542557
2018-06-07,-3429.546670072235,-112.27215267008796
2018-06-08,0.0,1394.3051281557273
2018-06-11,2573.472953451478,-3844.479265453392
2018-06-12,0.0,-236.2858559164888
2018-06-13,1711.2737932642358,378.41551711738794
2018-06-14,-3426.046130686279,-1274.1539739029686
2018-06-15,-858.700616029435,-517.5171470390578
2018-06-18,-859.578246466549,71.69857504319953
2018-06-19,-2584.0105355166716,989.1894801283179
2018-06-20,3443.5887819832205,-1031.7226042659513
2018-06-21,-2581.371634860425,2064.09258060725
2018-06-22,0.0,-1452.2774074047775
2018-06-25,-2589.297369588692,4865.283962897793
2018-06-26,863.9814345116301,-2125.1905233998805
2018-06-27,-4328.75379658911,2909.0667557947236
2018-06-28,867.5221031131514,-2418.801685515402
2018-06-29,866.6354210915761,-1337.3546971045325
2018-07-02,1730.614837872752,-1207.7216110534719
2018-07-03,-3464.7723620774796,681.7764229211898
2018-07-05,867.5221031131514,-2800.7468247339493
2018-07-06,-1735.931900262609,-2706.023028368747
2018-07-09,3468.3170711775983,-1114.3625895540772
2018-07-10,864.8650880493387,-225.57321710289034
2018-07-11,-1730.614837872752,-169.17639628238248
2018-07-12,0.0,-677.2507762744608
2018-07-13,-1734.1575242047275,-659.9743818657662
2018-07-16,1734.1575242047275,-346.5064910298279
2018-07-17,865.7497498234134,-137.85315630616424
2018-07-18,1728.8465225609689,77.70149106792633
2018-07-19,-3461.2316934759583,-1479.7851697093447
2018-07-20,4324.330481430225,-1115.146894590609
2018-07-23,6017.061735434699,-242.99837402021694
2018-07-24,-856.9483523499821,11580.705077405612
2018-07-25,-857.8239850720611,237.1024605003222
2018-07-26,3426.046130686279,-742.1724541754884
2018-07-27,-1711.2737932642358,407.14933817153724
2018-07-30,1711.2737932642358,1214.2469604949329
2018-07-31,-1711.2737932642358,-2117.0637444201366
2018-08-01,3419.0570034327475,36.84026981505849
2018-08-02,-1707.7832101685117,-1289.9253799349135
2018-08-03,-2568.222145614218,-569.2012110876312
2018-08-06,-857.8239850720611,-201.84283103793678
2018-08-07,3426.046130686279,-22.456925549646257
2018-08-08,-1711.2737932642358,-462.87462916356526
2018-08-09,-2573.472953451478,-183.69840682410722
2018-08-10,-5170.669004449117,566.8170773962229
2018-08-13,863.9814345116301,943.1350877188725
2018-08-14,863.0987879542663,-1338.403636696512
2018-08-15,-2591.945310515235,201.02849185710147
2018-08-16,864.8650880493387,-887.6868838705996
2018-08-17,0.0,-527.9005435749586
2018-08-20,-4333.182159226937,-85.97442490290086
2018-08-21,2602.567321354185,402.5253482689095
2018-08-22,-2602.567321354185,-960.8891963430597
2018-08-23,0.0,-712.8924945734398
2018-08-24,0.0,1303.2360244138927
2018-08-27,2602.567321354185,3013.1612194213667
2018-08-28,2594.5962723843822,49.28571560651835
2018-08-29,863.0987879542663,2438.0493749326433
2018-08-30,-2591.945310515235,-2116.2246926444514
2018-08-31,0.0,-127.57721890954417
2018-09-04,3454.162457638031,-956.6235715434468
2018-09-05,0.0,5048.6889070751495
2018-09-06,-1725.315935077062,616.5152281163864
2018-09-07,5165.388185966922,-47.638467134220264
2018-09-10,0.0,-1319.1950009651264
2018-09-11,3426.046130686279,-1508.7029789415246
2018-09-12,-855.200076643479,-432.00866776374096
2018-09-13,0.0,-881.9828734537787
2018-09-14,1709.5275078224422,-671.469159997685
2018-09-17,0.0,1183.3678656235788
2018-09-18,5107.6945693104435,-1007.8095588631295
2018-09-19,2542.1467487296104,-1394.5613810426476
2018-09-20,-846.5181714250202,1147.701466113318
2018-09-21,0.0,-648.7540106963661
2018-09-24,846.5181714250202,-508.85738684144053
2018-09-25,1690.4490194569034,-324.25484510355454
2018-09-26,-3384.3491126468844,-398.0051908073092
2018-09-27,0.0,-453.3222669498118
2018-09-28,-848.2466555396295,-650.7768771772371
2018-10-01,3387.802152026553,210.11411485454846
2018-10-02,-3387.802152026553,-518.0349713926371
2018-10-03,8443.671291352213,-584.2455430131122
2018-10-04,3353.4478623369323,-64.17003193482014
2018-10-05,3339.8151339278593,-587.5763579042268
2018-10-08,0.0,-106.27010726648223
2018-10-09,-1668.2073465893154,-646.8236180463682
2018-10-10,834.528245605019,9082.860130793191
2018-10-11,-6700.083248000008,8846.011610043017
2018-10-12,840.4993527195129,-6835.728774829422
2018-10-15,839.6434259793714,2518.285438427578
2018-10-16,0.0,-10635.777497970066
2018-10-17,2513.804436357561,10913.236849511348
2018-10-18,-1675.0159646285738,3292.898537269535
2018-10-19,2511.2453964747856,-646.3424152665611
2018-10-22,0.0,-449.35287106042597
2018-10-23,-2511.2453964747856,1365.4766298978138
2018-10-24,-5889.507420874057,9734.64769048621
2018-10-25,3370.5761704461856,-4939.447167096743
2018-10-26,-5061.025189903089,3022.72970627253
2018-10-29,0.0,1422.7578282404502
2018-10-30,3377.4548082344963,-5188.663696865191
2018-10-31,2524.0697343881056,-4650.648740678505
2018-11-01,-840.4993527195129,-4139.5620557929105
2018-11-02,6700.083248000008,705.6705588132681
2018-11-05,-1669.906601097351,-1051.050132084496
2018-11-06,1669.906601097351,-1483.1473495294777
2018-11-07,0.0,-4948.3310310792185
2018-11-08,1666.5100214162885,-271.4474691800897
2018-11-09,-4172.646054359851,232.86802312045984
2018-11-12,0.0,4688.969709890047
2018-11-13,-4193.947215056445,-427.72644269897137
2018-11-14,-1683.5703816685927,1998.493117232414
2018-11-15,-843.0729799830679,-4042.0281718897095
2018-11-16,-2534.3818282514285,-2280.2395305894133
2018-11-19,-1693.900093189981,5724.414921057865
2018-11-20,0.0,7733.500009243842
2018-11-21,0.0,-1841.0677632473562
2018-11-23,-848.2466555396295,3003.473176483647
2018-11-26,1695.6285773045902,-7532.131007049553
2018-11-27,-847.3819217649607,-1596.9778377923067
2018-11-28,0.0,-10824.313409284474
2018-11-29,-2547.3381078042094,14693.868109753035
2018-11-30,-1702.5622192167807,-1049.2400068318093
2018-12-03,-2560.3683290080467,-885.2508489508728
2018-12-04,-6004.781870811345,3228.825872046571
2018-12-06,-3450.6338803534863,157.40950729710312
2018-12-07,-1730.614837872752,4517.020623789875
2018-12-10,0.0,-1407.3375850828997
2018-12-11,3457.6950603386485,-1413.8893673984385
2018-12-12,1723.55365788759,-1605.986504985056
2018-12-13,0.0,-1221.220118806912
2018-12-14,-1723.55365788759,4455.278916901563
2018-12-17,-2591.945310515235,7266.174873828335
2018-12-18,-3468.3170711775983,617.9924263539797
2018-12-19,-4355.399905295515,4663.960916772652
2018-12-20,1744.834210531033,6709.539895776536
2018-12-21,0.0,8090.148041275221
2018-12-24,-4368.79152700994,11360.363802001011
2018-12-26,6110.058717311311,-20308.99395070949
2018-12-27,-3486.1014008324037,-3276.123552268342
2018-12-28,-4377.744786524381,-205.63099970942858
2018-12-31,-2637.425600875409,-4261.806913098597
2019-01-02,-2645.5435691443163,-885.5363327304658
2019-01-03,-8877.467027601455,10458.405608371293
2019-01-04,9760.218599020194,-14550.299555453486
2019-01-07,2642.8344875952534,-3496.8739040190594
2019-01-08,2634.725787988358,-4253.036978986209
2019-01-09,876.4447930628485,-2177.8226229234424
2019-01-10,0.0,-1657.0313048291464
2019-01-11,-2632.029056947791,-180.34824004105394
2019-01-14,0.0,2882.5784850651653
2019-01-15,878.2415869023171,-2934.1381101163024
2019-01-16,877.3426769826256,242.8156237044459
2019-01-17,1751.9927269257678,-1112.1519280365537
2019-01-18,3493.243593147021,1075.6787039592564
2019-01-22,-4368.79152700994,1298.4253603653706
2019-01-23,1750.2000319675317,-1766.4778795064558
2019-01-24,-3503.9875020130057,-1114.7281318954447
2019-01-25,3503.9875020130057,-851.6030314194722
2019-01-28,-874.6520981046124,3.6891733762713557
2019-01-29,-2629.3354039083933,-348.09991522723794
2019-01-30,-1757.3831110057326,658.8145811102804
2019-01-31,-6179.275471969995,980.5713927091347
2019-02-01,6179.275471969995,-485.332126302339
2019-02-04,2634.725787988358,1808.2485707293636
2019-02-05,-1755.5842638849426,1230.4125274426951
2019-02-06,-879.1415241034156,-850.7057514550397
2019-02-07,-4409.242723328207,-3336.365697518617
2019-02-08,-1770.0327486417882,-245.01332407541486
2019-02-11,1770.0327486417882,-3.5827396991262503
2019-02-12,2648.2557479725037,4788.881097920115
2019-02-13,2640.1284994591188,1326.8153042397535
2019-02-14,-4404.727583117408,-1108.1173166661029
2019-02-15,0.0,4897.576022256479
2019-02-19,-883.6566643142141,773.5740212615856
2019-02-20,0.0,930.9313255723937
2019-02-21,3529.2002334585304,-1821.6517739989504
2019-02-22,-3529.2002334585304,3027.9533600307295
2019-02-25,1766.4082357329535,633.7307044917179
2019-02-26,-2650.97102795088,-409.4829693746942
2019-02-27,4413.763025676457,-263.32267105234496
2019-02-28,3514.7682778580347,-13516.453296510532
2019-03-01,2626.64482503038,-1576.5045997416964
2019-03-04,-3503.9875020130057,803.3701200520227
2019-03-05,0.0,-276.51006639331536
2019-03-06,-2637.425600875409,807.1328714849551
2019-03-07,-4413.763025676457,998.15387487115
2019-03-08,-1771.8481146514932,-875.6140015165984
2019-03-11,1771.8481146514932,-2977.202329252177
2019-03-12,-2659.1355135781814,-885.5378710637196
2019-03-13,0.0,-167.76727702438075
2019-03-14,1773.6655571543197,-349.3295147552544
2019-03-15,-3550.972239183171,-274.06084122742504
2019-03-18,889.1090022088028,579.2797504082046
2019-03-19,888.1976798200485,106.71070577791397
2019-03-20,-6236.558072524713,-700.9719872048372
2019-03-21,0.0,2180.475850513092
2019-03-22,-8987.45454740418,-1894.4057425328556
2019-03-25,-903.8328721829312,-758.8192237722633
2019-03-26,-1810.4544952714496,-978.0389902482511
2019-03-27,-1814.1799379221338,-939.8671724413543
2019-03-28,0.0,-549.7973027887892
2019-03-29,1814.1799379221338,435.36548900966955
2019-04-01,7219.550489239584,3581.4178999487613
2019-04-02,-899.2026610015018,-102.41556307476276
2019-04-03,3591.2776751601996,507.93419012010054
2019-04-04,-896.4372318404712,985.6948320006595
2019-04-05,-897.3579865189822,2231.995032605708
2019-04-08,1793.7952183594534,321.1019670871756
2019-04-09,-896.4372318404712,-2716.372238665139
2019-04-10,-2694.8404433197284,1703.8748782625298
2019-04-11,2694.8404433197284,-941.258590963509
2019-04-12,4472.999658334331,-1237.0860478030736
2019-04-15,-892.764732796546,54.68626316366135
2019-04-16,4454.67911046763,-421.4110108486311
2019-04-17,-889.1090022088028,8.363599639807944
2019-04-18,-1780.9561440800753,-801.9938063229129
2019-04-22,1780.9561440800753,185.25660158965547
2019-04-23,-1780.9561440800753,933.3376960020141
2019-04-24,-3572.89412743118,198.42149911653541
2019-04-25,894.598881015394,-342.1337842825669
2019-04-26,-2686.553643300751,17.66295320575955
2019-04-29,2686.553643300751,400.6904706299101
2019-04-30,-2686.553643300751,-226.24803629619782
2019-05-01,896.4372318404712,-315.25616683703265
2019-05-02,2683.7976936973137,-1160.0052192808616
2019-05-03,-893.6812822370339,175.89789519976694
2019-05-06,-2686.553643300751,770.0332318387409
2019-05-07,-5397.9961966017145,1294.923642593374
2019-05-08,3602.358414283488,-645.175817491494
2019-05-09,-3602.358414283488,-938.5524830983595
2019-05-10,1803.0291698340734,-3344.3502732316992
2019-05-13,-6326.84499964369,5820.161989110831
2019-05-14,1812.3161493785083,-4223.595386695992
2019-05-15,-4537.786261469584,-2748.704682398313
2019-05-16,2725.470112091076,-2303.063612781898
2019-05-17,-907.5561830686129,47.86634458076878
2019-05-20,1814.1799379221338,647.7181866717674
2019-05-21,1810.4544952714496,-3337.293309844398
2019-05-22,-3624.6344331935834,-542.4034441367949
2019-05-23,-7294.145469193369,4392.695146778208
2019-05-24,915.0542136964068,11241.28797540547
2019-05-28,-5504.4784242079695,1914.2571056790985
2019-05-29,-920.7230589938408,506.8041011748501
2019-05-30,-2767.8651852963085,-1383.232752675125
2019-05-31,-7422.936974174503,2817.5694921133327
2019-06-03,-6545.485963557134,173.21591150809763
2019-06-04,4680.167056672726,-4936.568477851299
2019-06-05,0.0,-1544.9406103549845
2019-06-06,0.0,-243.34629156567098
2019-06-07,-2805.202725893818,1265.0653833851793
2019-06-10,5601.739531279978,81.9426011850046
2019-06-11,0.0,-426.9179702450856
2019-06-12,-1863.39646540767,-890.4783686917581
2019-06-13,-2802.3107647714787,406.81795581863844
2019-06-14,-936.0323011008295,-1173.533976711271
2019-06-17,0.0,-276.0894944356369
2019-06-18,-2813.8985851132747,2665.978195986794
2019-06-19,-2822.624496114935,56.638340925033845
2019-06-20,-1886.6122841762117,3953.299127037277
2019-06-21,5648.171034625513,-680.7839817660642
2019-06-24,-4704.377884299945,-868.3283804177263
2019-06-25,-1888.5614385800436,-4104.906409660794
2019-06-26,4714.101269478779,-833.5378347489495
2019-06-27,-3769.332981224303,945.5242538977145
2019-06-28,-944.7682882544759,1959.5424322388571
2019-07-01,2831.3805724306876,4431.452744613649
2019-07-02,-4723.84705560049,1312.360232813753
2019-07-03,-1896.3805276500643,4246.466495192726
2019-07-05,7562.073820671008,-652.0009793517529
2019-07-08,940.8744596276374,-3010.0310116088112
2019-07-09,1878.8380534012103,-7068.531404184156
2019-07-10,0.0,-1624.4841967657921
2019-07-11,5613.307396651217,-253.2913094619289
2019-07-12,-933.1403399784904,-491.2553809731726
2019-07-15,-2805.202725893818,106.20172552177246
2019-07-16,3738.343065872308,-546.2948341457268
2019-07-17,-6552.241650985583,517.5455976339836
2019-07-18,-1880.7782586944813,-714.7269314196492
2019-07-19,940.8744596276374,462.36468438593147
2019-07-22,0.0,-1461.3384919044001
2019-07-23,2816.8038774299494,-804.5497603427211
2019-07-24,-2816.8038774299494,-155.78497724305998
2019-07-25,2816.8038774299494,-484.0277743954575
2019-07-26,0.0,281.214794999727
2019-07-29,-1876.9000783631054,-142.45287409713092
2019-07-30,0.0,183.72744566460278
2019-07-31,-3765.443629965579,586.4942729153881
2019-08-01,-11390.124638578927,1271.2346640540782
2019-08-02,-3828.213702907029,-69.41002364115775
2019-08-05,-10609.659467334845,11877.365482661178
2019-08-06,-1942.0462918384146,-7500.290025227387
2019-08-07,-1946.0747679887427,-1169.9412270835273
2019-08-08,973.5415249143989,-6953.666231709703
2019-08-09,1944.05936747769,1288.4422898169978
2019-08-12,-8780.089283196197,4408.735055565772
2019-08-13,2935.80247130114,-6988.473356811923
2019-08-14,-8834.883766355837,12060.079617911888
2019-08-15,-6928.850643438389,-1646.8998150399639
2019-08-16,2975.67474112488,-7570.711606280203
2019-08-19,4938.90807285819,-6270.088350100825
2019-08-20,-4938.90807285819,16221.539396600596
2019-08-21,3953.175902313509,-2372.7636022343577
2019-08-22,2954.1306277044932,798.9520078608621
2019-08-23,-9882.981271142882,4142.176402984322
2019-08-26,1984.8130297553435,-1862.0192164096661
2019-08-27,-4969.774485653586,944.6332716738398
2019-08-28,-1995.1495306817815,-1961.0321562161917
2019-08-29,2991.1705305508804,-1880.765553840265
2019-08-30,0.0,812.276027261134
2019-09-03,-2991.1705305508804,-72.88470184025209
2019-09-04,0.0,-2326.824625535377
2019-09-05,9934.425492943934,926.0346158582142
2019-09-06,-1978.6397652390297,-1377.1814315278025
2019-09-09,7889.975176979642,2.525778117302252
2019-09-10,8798.311936107071,-513.1716190592379
2019-09-11,2914.5795349127584,1596.2648324195798
2019-09-12,3872.044282912466,838.7808868522188
2019-09-13,10565.828887329408,-770.180129477365
2019-09-16,-5748.268769073547,-1143.510291261282
2019-09-17,-2887.543621757257,616.3467620860247
2019-09-18,-964.5087395357114,-202.73198663434596
2019-09-19,-965.507756962892,-262.7774051123306
2019-09-20,-4842.564450347534,-2003.1025674528282
2019-09-23,-1944.05936747769,-602.9416319224292
2019-09-24,-7816.662105808267,-2860.5252665223215
2019-09-25,8789.195348882611,1507.768897784821
2019-09-26,-2920.625739379713,-1340.619374879574
2019-09-27,-975.5615839746606,-2659.04871546084
2019-09-30,-976.5733641373372,1554.3417510782256
2019-10-01,-2935.80247130114,-6089.774803067527
2019-10-02,-4913.349124510016,20905.874668280107
2019-10-03,-5929.769784227727,-2116.3223601658938
2019-10-04,-1984.8130297553435,-1546.8878797603065
2019-10-07,3965.5081705275807,-58.24152903002687
2019-10-08,-1980.6951407722372,1350.5949613860357
2019-10-09,4944.0376136830455,-2032.4413923363536
2019-10-10,7857.297453002786,-929.3156395786173
2019-10-11,8761.908663388647,-506.49986684956457
2019-10-14,0.0,-1695.3157734945707
2019-10-15,968.5117327525222,1954.8815593295913
2019-10-16,-1938.0271034579928,-765.4061352461795
2019-10-17,969.5153707054706,908.9847825474208
2019-10-18,0.0,-1594.3604241963694
2019-10-21,3868.0366691698873,2149.818867227481
2019-10-22,-1932.0156843011937,-1328.8925807644446
2019-10-23,-967.5092521161714,647.0683969689417
2019-10-24,0.0,326.23761706884034
2019-10-25,2899.524936417365,1383.2276972611544
2019-10-28,4812.576531590239,2805.924538162937
2019-10-29,-960.5241702972708,-270.1086004960416
2019-10-30,-5784.068045594162,1417.646311324861
2019-10-31,-8743.769970766953,-1464.26456200139
2019-11-01,3896.187323354374,4922.590399259767
2019-11-04,5814.0905747508805,2199.075946002209
2019-11-05,6737.615184422379,-649.7348893328308
2019-11-06,-4807.598687923775,79.75104993033165
2019-11-07,10543.989278288034,1934.9907158707501
2019-11-08,1904.2357070295984,1343.7423677477127
2019-11-11,0.0,-1113.3240415606997
2019-11-12,-1904.2357070295984,1141.4451830696707
2019-11-13,-3820.3040462896024,-18004.801608340527
2019-11-14,-5760.174358393691,-207.11628464312162
2019-11-15,1924.0327481525164,-1198.9949033922167
2019-11-18,-2887.543621757257,352.67724163801904
2019-11-19,-1930.0164964986034,178.7023976983437
2019-11-20,-5814.0905747508805,-876.9351860047427
2019-11-21,3880.0733952964074,-10.350294205694809
2019-11-22,0.0,-1252.037032630964
2019-11-25,-968.5117327525222,195.21315392335964
2019-11-26,-1940.0355381405388,-235.2217813934476
2019-11-27,2908.547270893061,1071.2705318589433
2019-11-29,967.5092521161714,-394.8551106338127
2019-12-02,4822.549455161439,698.330108900449
2019-12-03,-10642.665345648362,191.26196577076553
2019-12-04,4852.606638370751,-1393.5674321739098
2019-12-05,2899.524936417365,-590.7402479388984
2019-12-06,3852.0523612929683,482.58045203971415
2019-12-09,-961.5185904327227,779.8769413250848
2019-12-10,1922.0427607299935,-977.6131316235696
2019-12-11,-5778.084288553131,-531.3357881552765
2019-12-12,10565.828887329408,1517.1171917620268
2019-12-13,-7672.301517226064,-834.8807121525824
2019-12-16,6716.7322908106,2802.818654816241
2019-12-17,0.0,-68.16467185650254
2019-12-18,2863.746113872694,-117.65697356949386
2019-12-19,0.0,2088.3036291696444
2019-12-20,0.0,2423.20733407397
2019-12-23,952.6099337775813,836.0657631077629
2019-12-24,-2860.786821234811,-29.25321905007877
2019-12-26,0.0,3082.5674017612873
2019-12-27,-1912.1271588323725,-6285.494779127093
2019-12-30,1912.1271588323725,1812.8496464447053
2019-12-31,1908.17688745723,-2056.04318375231
2020-01-02,-3820.3040462896024,-1926.672023053241
2020-01-03,-7688.193971534143,1521.4529930198041
2020-01-06,964.5087395357114,-528.4639143603708
2020-01-07,1926.0250313245342,-615.5024079062059
2020-01-08,3840.112422305596,-609.3188556043315
2020-01-09,-1918.0696615756024,-767.3194093732418
2020-01-10,-1922.0427607299935,-826.3953903278307
2020-01-13,1922.0427607299935,596.5887853602944
2020-01-14,-2884.556918449787,-655.1150843017676
2020-01-15,-2893.527370103344,159.84409901165054
2020-01-16,1930.0164964986034,2051.693756001896
2020-01-17,2887.543621757257,673.6255486057962
2020-01-21,-5784.068045594162,-528.3848318361779
2020-01-22,-967.5092521161714,-282.35337804228766
2020-01-23,-2908.547270893061,121.10359773177697
2020-01-24,-3892.1518637830595,-2261.766211099046
2020-01-27,-8816.576728327826,291.4354549645577
2020-01-28,3928.6393089146877,-1400.0982095980144
2020-01-29,-4913.349124510016,-809.9930740571599
2020-01-30,-2960.2683076191606,-724.5721408021673
2020-01-31,-5948.268209071539,-227.27596418005123
2020-02-03,2978.766732462973,-1593.6209485834643
2020-02-04,6914.479599823055,1220.7936193424448
2020-02-05,4908.255033764843,4496.5328532035255
2020-02-06,-979.615724850155,1622.3057697911972
2020-02-07,-5899.081295054697,-3313.287424200582
2020-02-10,-2963.3424729108083,4381.976379831431
2020-02-11,2963.3424729108083,3956.5214800823487
2020-02-12,2954.1306277044932,-2398.2693877867387
2020-02-13,-983.688641564484,165.3396763992423
2020-02-14,-1970.4419861400092,-1006.303050963852
2020-02-18,-3953.175902313509,1145.1978293661377
2020-02-19,989.8334294027009,-659.5019039281142
2020-02-20,-3965.5081705275807,887.3025437338802
2020-02-21,-5979.241916832252,1485.9700509809954
2020-02-24,-8030.554365277698,14757.76630338646
2020-02-25,-5053.140471883235,11036.545023518229
2020-02-26,0.0,425.7809403503561
2020-02-27,-3044.532256272214,25434.849998637976
2020-02-28,-17433.271171469707,1634.917764116064
2020-03-02,-3108.6723369501997,-21392.024329099673
2020-03-03,-8337.552757990285,12750.43901829554
2020-03-04,0.0,-19647.203919224383
2020-03-05,-10520.430491303065,16914.582567503283
2020-03-06,-19216.428322292428,7258.367553581338
2020-03-09,-21781.233692076814,39470.94165544197
2020-03-10,23934.328145773616,-25308.417428585395
2020-03-11,6432.275239753537,23998.585274558936
2020-03-12,6391.982775071694,47490.63398099037
2020-03-13,6351.9710124131525,-39017.69757285662
2020-03-16,-22407.564628809836,53590.82844547756
2020-03-17,30815.099961470143,-23719.051280716114
2020-03-18,16605.770784173306,23099.4896056148
2020-03-19,-6194.688550511113,-924.381956531899
2020-03-20,-20931.512724965258,18982.69267447284
2020-03-23,-17063.333868595626,10785.336250634078
2020-03-24,8567.399199352163,-37120.91697761943
2020-03-25,4256.858815473068,-86043.27068512097
2020-03-26,-5323.861831968505,211.24419242043223
2020-03-27,-11811.1039707046,694.6257523224194
2020-03-30,-2162.142771000421,-7580.1264836357295
2020-03-31,0.0,-7382.95940773304
2020-04-01,-8694.077524884313,-743.9298668442061
2020-04-02,1090.7554703142378,-6991.021548414952
2020-04-03,-1090.7554703142378,-6561.570376749696
2020-04-06,5442.347515860223,5729.424516763
2020-04-07,8648.597542356438,601.4874704882532
2020-04-08,2150.8389637189393,5246.851141400613
2020-04-09,-4306.191539774445,3398.5866367897106
2020-04-13,3231.3356015714526,-4366.082197004216
2020-04-14,0.0,9597.948095749525
2020-04-15,-14076.17261341837,-8298.107028860097
2020-04-16,-2182.6565963087487,998.3140042212835
2020-04-17,4360.735917521553,10930.36407052308
2020-04-20,-2178.0793212128046,-6903.343406418571
2020-04-21,-5465.247307321348,-12335.610674542288
2020-04-22,5465.247307321348,6665.49803680661
2020-04-23,-2182.6565963087487,-754.5744626252126
2020-04-24,-1093.0481207145203,5314.543860107056
2020-04-27,7627.2967625692545,7065.769855973136
2020-04-28,-5442.347515860223,-2469.6486644214892
2020-04-29,1090.7554703142378,13669.177257799282
2020-04-30,1089.6111519664119,-5027.261257034232
2020-05-01,0.0,-14129.878513742908
2020-05-04,0.0,1400.5593814255408
2020-05-05,2175.794689697912,4804.204673604239
2020-05-06,6500.058983906172,-3577.637955250917
2020-05-07,-9765.464825570496,-23143.416855166106
2020-05-08,6520.548824013589,-4723.165071714335
2020-05-11,4324.288187833328,-1238.9115872496695
2020-05-12,-4324.288187833328,5757.353157141239
2020-05-13,-5430.937672047177,2526.612502324213
2020-05-14,-1089.6111519664119,-4794.058891147193
2020-05-15,1089.6111519664119,-1827.6644450208114
2020-05-18,9755.225859880506,-2041.953117429388
2020-05-19,-3241.5149572768423,-513.4171873935411
2020-05-20,-2166.682791184925,-1542.9707808738458
2020-05-21,0.0,-190.6585398526804
2020-05-22,-2171.2334217208263,-2085.790283057002
2020-05-26,3255.1429823492654,1484.2886496392384
2020-05-27,-1083.909560628439,2981.1010277962414
2020-05-28,2166.682791184925,-482.83749034742505
2020-05-29,-5425.2427333572705,-130.76647988830518
2020-06-01,1087.3265204515192,1264.0374001274613
2020-06-02,2171.2334217208263,1825.6568444945078
2020-06-03,9714.389288236212,5182.363968548336
2020-06-04,5357.419301550544,-1617.7706871970004
2020-06-05,9572.95229132683,13137.42323499461
2020-06-08,-3180.969516255136,6913.140859939311
2020-06-09,-4256.858815473068,-4356.941268284485
2020-06-10,-9643.38222486811,-3358.1624120947527
2020-06-11,-9734.7837462381,-24347.519632570795
2020-06-12,5419.554438838386,686.1574967414781
2020-06-15,0.0,2794.9047409976774
2020-06-16,4315.229307399713,9635.128367352867
2020-06-17,-1077.111428180855,-2520.456578975114
2020-06-18,-3238.1178792188584,168.34475038133678
2020-06-19,-1081.6382259326347,10724.968785908699
2020-06-22,1081.6382259326347,-5815.343525691162
2020-06-23,1080.5045450677862,-1157.0973644400365
2020-06-24,-3244.916001556907,2283.874605259567
2020-06-25,-1083.909560628439,-3406.050065863041
2020-06-26,-4347.028111418738,3607.0162915372057
2020-06-29,0.0,-5905.380391812032
2020-06-30,2175.794689697912,-2895.8788141453333
2020-07-01,3255.1429823492654,-3090.7649171189696
2020-07-02,-1083.909560628439,-1720.8210210709804
2020-07-06,1083.909560628439,1493.440373185229
2020-07-07,-4342.4695028007845,-589.6119361597739
2020-07-08,2173.512724333181,-1483.9963680352084
2020-07-09,-5442.347515860223,-436.50644635433855
2020-07-10,3268.8347915270424,-1442.8193518505213
2020-07-13,-1088.4681692463928,2761.655382818906
2020-07-14,-1089.6111519664119,-1521.449426686304
2020-07-15,1089.6111519664119,-120.98229747397272
2020-07-16,-2180.3666222806496,-1730.613204263078
2020-07-17,2180.3666222806496,-1776.5447639262566
2020-07-20,-2180.3666222806496,1540.8969500941384
2020-07-21,-1091.901125994511,437.7964354817741
2020-07-22,-1093.0481207145203,1853.9176268720257
2020-07-23,-1094.1964561837958,-5540.017205724776
2020-07-24,0.0,-3692.4780862713087
2020-07-27,3279.145702892827,2036.3635528287741
2020-07-28,-3279.145702892827,-3638.43705614996
2020-07-29,-1095.346134114283,5648.268260350058
2020-07-30,-3292.949920265266,-2304.834596243709
2020-07-31,0.0,4588.7828385832945
2020-08-03,1098.8032398271316,7528.1269955349635
2020-08-04,-4402.148754908645,-1399.7425246788553
2020-08-05,3303.3455150815134,-1508.3608604558103
2020-08-06,0.0,-470.79736092919484
2020-08-07,2196.452764045185,-1229.2751811792477
2020-08-10,2191.8432903343637,-317.96183029846
2020-08-11,5459.512325173477,1022.816350577079
2020-08-12,5430.937672047177,-1091.8835837307488
2020-08-13,2164.4114564891206,-1242.9422572806507
2020-08-14,0.0,-787.9222376430698
2020-08-17,-2164.4114564891206,-882.0367216223713
2020-08-18,-2168.9567784676037,49.304827817821206
2020-08-19,1085.0472178391647,-479.72896955280885
2020-08-20,-3258.5599421723455,174.59201798510549
2020-08-21,-1088.4681692463928,-15.477973014410964
2020-08-24,1088.4681692463928,2399.8032363998864
2020-08-25,4342.4695028007845,417.8516353168379
2020-08-26,0.0,4616.073711251913
2020-08-27,5402.529335707979,1173.3685990954255
2020-08-28,0.0,1936.008110614297
2020-08-31,-2157.613334151072,-819.2771001065048
2020-09-01,-4328.825562185346,4182.74484084217
2020-09-02,-2171.2334217208263,8115.967252577699
2020-09-03,-3265.405841664324,-16419.58170954079
2020-09-04,9765.464825570496,-6182.710896697292
2020-09-08,-3244.916001556907,-9197.426375224364
2020-09-09,2164.4114564891206,2198.7803122827754
2020-09-10,-3248.3210171175597,-7207.409843622016
2020-09-11,-1085.0472178391647,-3400.4730880011484
2020-09-14,1085.0472178391647,3980.195714944228
2020-09-15,0.0,26049.148694502706
2020-09-16,1083.909560628439,-39.42591001992696
2020-09-17,0.0,118.58723438211746
2020-09-18,1082.773230556486,-841.0534252627695
2020-09-21,-2166.682791184925,3760.4397996311964
2020-09-22,0.0,-3598.2815215357914
2020-09-23,0.0,5794.166172390869
2020-09-24,-1085.0472178391647,-1469.513493884333
2020-09-25,-1086.1862038816616,-6738.008993936433
2020-09-28,1086.1862038816616,-3024.582041257898
2020-09-29,-1086.1862038816616,-300.2786173673012
2020-09-30,3255.1429823492654,-1396.085975893213
2020-10-01,-1083.909560628439,-753.7747941598209
2020-10-02,2166.682791184925,660.8006567208504
2020-10-05,8621.43666161882,-1012.8374941969887
2020-10-06,-2148.586102770525,867.0786888436633
2020-10-07,5363.035066364333,-2874.588268618252
2020-10-08,-3214.448963593808,-2220.739512352171
2020-10-09,1072.605702937144,-901.5568975814567
2020-10-12,0.0,3874.772960167862
2020-10-13,-5374.286259404471,-2459.1385236193746
2020-10-14,-1078.2411478746508,-2760.2305867477808
2020-10-15,1078.2411478746508,-1152.6466551227386
2020-10-16,2153.094453696802,-1211.8651158093307
2020-10-19,2148.586102770525,-3363.393682943268
2020-10-20,3214.448963593808,-1212.8539337273614
2020-10-21,2137.361116492393,-2838.222798587165
2020-10-22,4261.317518255615,-1286.9004640999156
2020-10-23,-2128.428109852568,-1346.1952055298098
2020-10-26,-4270.25052489544,-6201.89415908611
2020-10-27,-2141.843260656664,47219.85219808369
2020-10-28,0.0,11646.94778557714
2020-10-29,6412.093785552104,-6201.239073886318
2020-10-30,3190.9724235654576,451.2667259909649
2020-11-02,-1062.5443137128896,-3409.82867819909
2020-11-03,3184.299935757561,-4145.221141084396
2020-11-04,-12797.427534099377,-9137.516748182628
2020-11-05,1072.605702937144,-498.7541102456453
2020-11-06,4279.204377149057,-4582.011899972233
2020-11-09,13784.313220968965,4088.0349981124527
2020-11-10,2104.075859421777,-2342.548185444204
2020-11-11,0.0,625.2075243930885
2020-11-12,-10564.527248422237,-2326.186820845316
2020-11-13,1061.432880665263,2479.159635097698
2020-11-16,2119.536635589873,5143.858716121773
2020-11-17,-4243.513829968026,-3145.6785431800818
2020-11-18,1062.5443137128896,-5556.818531960249
2020-11-19,-2126.201355882018,774.1511374604816
2020-11-20,-3197.6604760864866,-3456.618969677016
2020-11-23,3197.6604760864866,1576.9429081327253
2020-11-24,2126.201355882018,8193.524321314238
2020-11-25,0.0,-1328.818248576281
2020-11-27,-4256.858815473068,1444.1173043505332
2020-11-30,0.0,-3076.4568423067612
2020-12-01,8495.934669243463,7040.082337695028
2020-12-02,3167.6865525259927,1354.9233100320198
2020-12-03,-3167.6865525259927,-237.5150447117776
2020-12-04,5273.96338905007,5827.290627607879
2020-12-07,-3161.0682304073125,-1434.8826447462416
2020-12-08,-2112.8951586427575,1978.2398365436384
2020-12-09,3167.6865525259927,-17588.6317114114
2020-12-10,-3167.6865525259927,-248.20958493944636
2020-12-11,-2117.3202317257237,682.450131894373
2020-12-14,0.0,1727.240013497234
2020-12-15,2117.3202317257237,-3549.4934312825426
2020-12-16,0.0,-1296.6645940087474
2020-12-17,2112.8951586427575,-1048.5674256838101
2020-12-18,1054.7913938832353,-1858.8832796908755
2020-12-21,0.0,4605.28336372284
2020-12-22,-2110.6864828718826,-2501.565357747444
2020-12-23,3164.375465575955,-2251.610761731339
2020-12-24,-2108.4803765873075,-3163.5994755700376
2020-12-28,0.0,734.401314018949
2020-12-29,0.0,658.2124501893559
2020-12-30,-1055.8950889886473,-1086.871341162805
2020-12-31,0.0,146.4502107353983
2021-01-04,0.0,1861.4771931431678
2021-01-05,3164.375465575955,-2254.795093939829
2021-01-06,8389.978593040898,-232.3400907930045
2021-01-07,4168.766256573988,1164.9321885258541
2021-01-08,5186.535201398598,1186.3279197881711
2021-01-11,2067.0482439569605,-2153.086852339955
2021-01-12,0.0,-1456.8473145180033
2021-01-13,-5175.72058090716,-320.67775578292276
2021-01-14,5175.72058090716,-2130.869173535728
2021-01-15,-4138.414798719896,-3924.038747744591
2021-01-19,-1037.3057821872644,2157.9665791145853
2021-01-20,0.0,7803.528386924969
2021-01-21,2073.5294756719086,450.33918656596506
2021-01-22,-2073.5294756719086,-2592.656479128542
2021-01-25,-5202.80433067627,12878.860283166126
2021-01-26,0.0,-1134.7077505449706
2021-01-27,-1043.824790346116,26730.379248231773
2021-01-28,3128.206653332105,-14550.425074462233
2021-01-29,4155.728249877546,6331.474204585167
2021-02-01,-2075.694911169063,-8044.95749479776
2021-02-02,3111.918604653707,-10000.656701409978
2021-02-03,3102.1911052352516,-5494.426906512221
2021-02-04,0.0,-2556.5168353166955
2021-02-05,4121.1816106454935,-1969.572827893273
2021-02-08,0.0,791.8417055911341
2021-02-09,-1028.684165369632,-369.38684551080223
2021-02-10,-3092.4974452758615,-427.9417793449611
2021-02-11,1031.9078877114516,-1690.2730082779235
2021-02-12,4116.885807070561,-1511.5950495262805
2021-02-16,10217.429232730734,859.9759032760521
2021-02-17,-1016.959421864769,-845.7949927168884
2021-02-18,0.0,-763.6104004709814
2021-02-19,5074.224510570464,-1972.7847758719
2021-02-22,3031.881845438911,-651.0885286356279
2021-02-23,0.0,-1540.681004109727
2021-02-24,1008.5257940108422,-933.7997534677816
2021-02-25,15994.609311865293,3525.8697998351636
2021-02-26,-9965.435146903765,-2358.723437010951
2021-03-01,1001.2102246328432,-4877.957699103237
2021-03-02,-3006.7562424393254,-2475.4445991766515
2021-03-03,5006.057148374879,-137.11883217826107
2021-03-04,6964.924016335368,1548.3257721617192
2021-03-05,1980.6951407722372,-8559.177653489485
2021-03-08,2963.3424729108083,-2613.19715702183
2021-03-09,-3953.175902313509,37678.717447281146
2021-03-10,-1982.7528946086532,-3297.7830828245933
2021-03-11,991.8911832391168,-759.6662110427133
2021-03-12,9862.486718647982,-2728.5739032522542
2021-03-15,-1964.3184772604436,-601.8520431510988
2021-03-16,0.0,-1396.4370663320515
2021-03-17,982.6686469616398,-725.5257343215344
2021-03-18,7824.770411192672,243.3213057366229
2021-03-19,2917.600892392089,-2104.009136176159
2021-03-22,-4867.71344775772,-2860.4632914872927
2021-03-23,-5874.657855827041,171.101849896957
2021-03-24,-982.6686469616398,88.2222416357763
2021-03-25,982.6686469616398,-2438.720732196998
2021-03-26,3920.498178336653,1485.80603074393
2021-03-29,5850.347000844762,1495.1415921494845
2021-03-30,0.0,-3070.0241804797515
2021-03-31,971.5261244033463,214.06536217511893
2021-04-01,-4867.71344775772,1813.4303676955205
2021-04-05,3896.187323354374,8033.153984775425
2021-04-06,-5850.347000844762,-716.7946004244586
2021-04-07,977.5863133530511,-38.31135020617512
2021-04-08,-3916.4346613909,2901.155865673456
2021-04-09,2938.848348037849,5054.328508928338
2021-04-12,1954.1596774903883,155.6423405290043
2021-04-13,-4893.008025528237,2120.4096253269818
2021-04-14,0.0,-2690.6750631185714
2021-04-15,-7881.791577875745,8162.698685264826
2021-04-16,2963.3424729108083,2553.352743327305
2021-04-19,1970.4419861400092,-3873.822649408241
2021-04-20,-2957.1976940447057,-5725.318670308596
2021-04-21,-987.780429169783,-11685.01014757865
2021-04-22,0.0,1980.3259946160033
2021-04-23,987.780429169783,-3525.4821743656576
2021-04-26,0.0,117.43080800510506
2021-04-27,4923.554982570829,-842.2342765570647
2021-04-28,0.0,-1245.2181587026425
2021-04-29,1962.282020388564,631.4211817285177
2021-04-30,0.0,458.1402950941556
2021-05-03,-1962.282020388564,-1143.981962339014
2021-05-04,-1966.3572885261237,974.3440826564984
2021-05-05,-1970.4419861400092,-1407.0750047939073
2021-05-06,-986.7557079046965,-1582.7332973067314
2021-05-07,1972.4878784493776,-2310.675167742491
2021-05-10,2951.067104121452,2380.1649276026656
2021-05-11,981.6498302988039,2189.2950877924013
2021-05-12,4893.008025528237,9879.411698276723
2021-05-13,-2932.7601105883223,-9458.516944534778
2021-05-14,-2941.897745238719,-7987.8416587275715
2021-05-17,981.6498302988039,130.01435690824655
2021-05-18,0.0,1432.275095654859
2021-05-19,3916.4346613909,113.30522303564067
2021-05-20,-4898.084491689704,-3997.2246159783826
2021-05-21,0.0,-1937.496662263471
2021-05-24,-1966.3572885261237,-2560.4336868904065
2021-05-25,-4933.7844590508175,-1306.3554822434162
2021-05-26,1976.5867650061118,-2475.9398249559017
2021-05-27,2957.1976940447057,-1873.1319110207787
2021-05-28,-2957.1976940447057,-1098.2728315292716
2021-06-01,3940.8863356091897,-1566.7653230128162
2021-06-02,-2954.1306277044932,-1748.6137608899808
2021-06-03,3936.799274666133,29185.391743134514
2021-06-04,-6900.141747576941,-3269.005370084982
2021-06-07,988.8063358363288,-731.7634177013606
2021-06-08,-3961.392659847683,720.6940759306817
2021-06-09,-2981.8623025453708,796.0102008338508
2021-06-10,-4990.471436486434,-3504.689725290067
2021-06-11,1999.3009059355536,-1151.8640739446928
2021-06-14,3986.157283872395,1201.253937073663
2021-06-15,0.0,61.26272239424725
2021-06-16,5948.268209071539,371.10416912832443
2021-06-17,-4954.3145063639095,-1524.1157498075481
2021-06-18,-6979.411892515578,3683.035687724325
2021-06-21,4990.471436486434,-4962.560955116314
2021-06-22,-1993.077443732298,-1810.01746118335
2021-06-23,1993.077443732298,-1548.6029552682776
2021-06-24,-996.0209998690989,281.2433511638228
2021-06-25,4969.774485653586,52.67803162359996
2021-06-28,-4969.774485653586,246.98964301313754
2021-06-29,0.0,-208.675793924358
2021-06-30,-3994.450436617335,-556.5162549309825
2021-07-01,2997.393992754136,1860.46497564952
2021-07-02,-3998.604217386979,3947.602962431236
2021-07-06,-7037.699958972371,-1038.8482020644296
2021-07-07,-4044.6146778723923,1784.2157761453127
2021-07-08,-3044.532256272214,-4739.571643169125
2021-07-09,7089.146934144606,5806.450087350284
2021-07-12,1008.5257940108422,2583.814310014168
2021-07-13,4023.6281471550465,-2849.4626913931424
2021-07-14,-5032.153941165889,1066.9008137380224
2021-07-15,-6073.245997966034,-2844.1961396965125
2021-07-16,0.0,8484.06491524096
2021-07-19,-12260.942253045825,8551.044060818691
2021-07-20,4104.028279347374,-7212.587979651456
2021-07-21,7141.013037519879,-4022.9417535918546
2021-07-22,-3054.058636777918,-887.9773255900436
2021-07-23,3054.058636777918,427.4607128841162
2021-07-26,-1016.959421864769,716.0403513105412
2021-07-27,-4078.447130527813,1369.8347868483397
2021-07-28,1021.2056616094778,-2803.6282515290004
2021-07-29,2039.2223332253052,-725.3725765688723
2021-07-30,-4082.6982984310016,-1134.3645005649742
2021-08-02,-4099.752376741933,795.0717785649322
2021-08-03,-1027.6120841365191,-1058.4763329369453
2021-08-04,0.0,-2372.336684124777
2021-08-05,4104.028279347374,169.9288682464976
2021-08-06,8156.913973698451,-1585.8247560719828
2021-08-09,2028.631320093642,-349.8984960272646
2021-08-10,3035.0389517526783,-152.14022321339507
2021-08-11,-1010.6268755313358,-259.1472547265439
2021-08-12,1010.6268755313358,390.38139935237996
2021-08-13,-7096.530629889661,343.4698897467424
2021-08-16,-3057.241468918335,1335.2003337674614
2021-08-17,0.0,-3393.2512974558194
2021-08-18,1020.1422540051863,-2792.594713169452
2021-08-19,-3063.6182192108827,-874.9939773208243
2021-08-20,2043.4759652056964,398.002625800229
2021-08-23,-1021.2056616094778,4764.7794141077065
2021-08-24,4078.447130527813,870.4674237198378
2021-08-25,6085.903754358325,1504.2815086484043
2021-08-26,-1011.6792437878612,-5026.323569327553
2021-08-27,-3041.364152527123,10036.95179415846
2021-08-30,-2032.860358043341,-815.8175698310442
2021-08-31,1016.959421864769,-114.5458981892516
2021-09-01,1015.900936178572,-1438.5718264151656
2021-09-02,-2032.860358043341,284.27649885798746
2021-09-03,4061.491678136983,-712.5777242953263
2021-09-07,5053.140471883235,2551.0772630552165
2021-09-08,-3028.728395661892,-1231.8306657089634
2021-09-09,-5068.944332493556,761.6233647401605
2021-09-10,5068.944332493556,3643.9579994702144
2021-09-13,-2024.4120762213424,-4103.900917189436
2021-09-14,-5079.510813830013,-173.48786827329604
2021-09-15,3050.879493736371,-3965.442786472522
2021-09-16,3041.364152527123,59.94293703645235
2021-09-17,3031.881845438911,3767.3420148051955
2021-09-20,-6073.245997966034,10457.545906899948
2021-09-21,2028.631320093642,-2690.655672375724
2021-09-22,-1013.787643014366,-8860.021201765507
2021-09-23,9086.218054217665,-7116.7746332807255
2021-09-24,6010.395356209861,-2574.706979309609
2021-09-27,998.0930868185824,753.8241639883818
2021-09-28,5966.830929516786,10672.549747085752
2021-09-29,990.8617113695364,-2555.925466320441
2021-09-30,-2975.67474112488,5919.546953528508
2021-10-01,-3982.017899761442,-8994.659764067932
2021-10-04,997.0564438631991,8000.949718777818
2021-10-05,4969.774485653586,-8297.479147360762
2021-10-06,-991.8911832391168,-3774.6331094039524
2021-10-07,4949.173089017466,-7221.357234677867
2021-10-08,2957.1976940447057,386.9803024743778
2021-10-11,0.0,24292.39665149783
2021-10-12,-1970.4419861400092,-1153.953723533392
2021-10-13,-2963.3424729108083,-3269.1183639576557
2021-10-14,-3965.5081705275807,-2038.0351248559236
2021-10-15,6928.850643438389,550.5771890985343
2021-10-18,0.0,499.3029567683261
2021-10-19,5899.081295054697,1815.6708828606788
2021-10-20,0.0,1210.3779180838173
2021-10-21,2935.80247130114,403.56221182497393
2021-10-22,-1956.186746450985,-568.7452539761143
2021-10-25,-1960.247914939915,2583.834118718667
2021-10-26,-981.6498302988039,868.8881306768089
2021-10-27,-8880.836888349178,-2208.8540555721847
2021-10-28,2969.501476608566,5220.334037704357
2021-10-29,-1978.6397652390297,822.4128372802879
2021-11-01,2966.4201944088127,990.9330296623084
2021-11-02,-1976.5867650061118,2552.736121247697
2021-11-03,3949.0746434554894,4420.68651157993
2021-11-04,-6921.660967466843,3834.6722559825066
2021-11-05,-7972.333739031805,2929.9436091203897
2021-11-08,5985.458189807949,698.3570287672337
2021-11-09,-4985.288214124623,-2940.441442963107
2021-11-10,9944.750087359833,-6837.865921957062
2021-11-11,0.0,-88.44955932766607
2021-11-12,1976.5867650061118,6324.627931636205
2021-11-15,4923.554982570829,242.95992556204146
2021-11-16,0.0,3417.0943265205788
2021-11-17,-2951.067104121452,-2199.7119415031484
2021-11-18,-985.7321705446811,2936.72864417862
2021-11-19,-4944.0376136830455,-1632.528803788373
2021-11-22,8880.836888349178,-17989.848717246583
2021-11-23,3920.498178336653,-212.42605717106198
2021-11-24,-2938.848348037849,-2474.8316791899415
2021-11-26,-15829.317648164768,22420.021645057364
2021-11-29,3982.017899761442,-14471.352977052273
2021-11-30,-8982.873795772495,10041.586971360804
2021-12-01,0.0,8938.805223825118
2021-12-02,1002.251678624074,-10330.734838880919
2021-12-03,-9057.90256062342,5563.784047234774
2021-12-06,8055.650881999347,-9974.792113060917
2021-12-07,5000.855896011053,-12563.321203635496
2021-12-08,3982.017899761442,-4735.525892504309
2021-12-09,-2984.961455898243,1827.6394144447186
2021-12-10,-997.0564438631991,-5809.4587084273735
2021-12-13,-6004.150235193461,1268.7564235640166
2021-12-14,2005.5460178064823,1859.7919996888668
2021-12-15,3000.5111305683968,-5320.2992621530175
2021-12-16,-3000.5111305683968,349.13212451590516
2021-12-17,-3009.8842256414646,1185.6811033648592
2021-12-20,2007.6325470173906,3000.1739883121554
2021-12-21,5000.855896011053,-7405.964891408588
2021-12-22,-1997.22401707081,-4599.341055983816
2021-12-23,3990.301460803108,-1175.180687805776
2021-12-27,-1993.077443732298,3975.0805430392975
2021-12-28,997.0564438631991,-1668.114706846838
2021-12-29,5960.636197023123,-702.5618202977166
2021-12-30,-2975.67474112488,-2639.052159347044
2021-12-31,0.0,-2897.6702522603555
2022-01-03,10865.649918104522,3009.835354945786
2022-01-04,2941.897745238719,-777.1793254279437
2022-01-05,4882.872665953953,25920.34813219752
2022-01-06,1946.0747679887427,-1128.6074914839337
2022-01-07,2911.561662543885,-2851.3410486294815
2022-01-10,1936.0209848686936,703.8221700743161
2022-01-11,-2905.536355574164,-2840.6272915192967
2022-01-12,-970.5201674350683,-2300.1213307896323
2022-01-13,-3892.1518637830595,4669.697976020128
2022-01-14,7768.208386792292,-3302.3973681643474
2022-01-18,8662.661877467035,8877.399079479685
2022-01-19,-3840.112422305596,3743.935533237389
2022-01-20,0.0,5768.718693441173
2022-01-21,-7728.085810735603,12289.471964067678
2022-01-24,0.0,-1561.6044517476548
2022-01-25,2905.536355574164,6362.5177634820575
2022-01-26,6744.592215891433,1129.5236066835932
2022-01-27,-3848.0677920545277,312.5801604881999
2022-01-28,-2896.524423836905,-17103.032581499996
2022-01-31,966.5079273383017,-12681.45328066458
2022-02-01,1930.0164964986034,-7420.543446459596
2022-02-02,-2896.524423836905,-4559.4183977952125
2022-02-03,3860.0352974416455,11806.98270525517
2022-02-04,10533.088338460875,-4570.357790159054
2022-02-07,-952.6099337775813,658.8133634776095
2022-02-08,3804.5393017217866,-6824.471401430172
2022-02-09,-1900.3035946921882,-9985.116945405283
2022-02-10,8520.531177942743,11576.203012954775
2022-02-11,-10424.766884972341,14574.392834894803
2022-02-14,5700.919829371851,2233.3045786684743
2022-02-15,6606.5677526485815,-13407.674656570816
2022-02-16,-1882.720697048091,-1104.5390978615833
2022-02-17,-5671.547500487461,22703.15876882861
2022-02-18,-4753.219384484881,-2022.7183595151873
2022-02-22,1904.2357070295984,1615.8859366069591
2022-02-23,4743.406056463398,5665.283705779708
2022-02-24,-2843.10246177121,-4540.136921588222
2022-02-25,948.6800827630941,-7256.179878685543
2022-02-28,-13371.18363144838,3920.7850832336844
2022-03-01,-10642.665345648362,5202.9952672269865
2022-03-02,13524.239002247603,-6526.212379621262
2022-03-03,0.0,-2044.321096540276
2022-03-04,-11580.179634769913,1489.4744794176004
2022-03-07,3876.0565230092325,10247.59324291438
2022-03-08,7704.12311176068,-1716.8247391516634
2022-03-09,7640.626297393857,-11285.105912887731
2022-03-10,3796.6841223422525,-4310.601173314637
2022-03-11,1892.4664831698028,2403.425977488667
2022-03-14,13138.425286437123,2240.3746270689444
2022-03-15,931.2178985017526,-10068.767773237938
2022-03-16,3715.286954850759,-8514.723004265252
2022-03-17,926.4310780492524,-2178.9504826075427
2022-03-18,-5572.935931401764,-1472.0038931870367
2022-03-21,16616.003642672622,-1944.6951091460978
2022-03-22,5470.601574988308,2695.7371925207663
2022-03-23,-5470.601574988308,-6248.605879390823
2022-03-24,1827.2864471080757,3897.2818622666236
2022-03-25,12686.332574549102,1711.1078955504272
2022-03-28,-1801.1781479106066,4393.768832352478
2022-03-29,-4519.169680327475,10087.906452432064
2022-03-30,-5453.750356960787,-5491.055402668775
2022-03-31,-2739.5208364583086,-13432.81923088745
2022-04-01,6379.091255496962,16039.579611066547
2022-04-04,2719.872332447121,-2391.773505810648
2022-04-05,10796.049520333574,3878.1910902738455
2022-04-06,6236.558072524713,1881.7344967072204
2022-04-07,4427.354970110322,-2401.4252828626413
2022-04-08,5282.969170019725,-1583.2938099268868
2022-04-11,6122.578997055414,8046.617227149625
2022-04-12,-6122.578997055414,-314.0329785095455
2022-04-13,-1757.3831110057326,-7942.944140805936
2022-04-14,11358.937599975086,3569.7244018099955
2022-04-18,1734.1575242047275,-1915.5315728198475
2022-04-19,6901.283842321869,-6032.784927932
2022-04-20,-6901.283842321869,-2684.8122344890726
2022-04-21,4319.912207461444,6676.879648229427
2022-04-22,0.0,17558.559539384478
2022-04-25,-7791.778033278741,-5016.456100675357
2022-04-26,-3486.1014008324037,20490.736388988866
2022-04-27,4355.399905295515,-4135.248049252361
2022-04-28,2602.567321354185,-15651.087373167946
2022-04-29,3457.6950603386485,22815.738848608977
2022-05-02,8582.662959877898,-5163.982672377344
2022-05-03,-1709.5275078224422,-5082.799222234797
2022-05-04,-3429.546670072235,-22066.08038350958
2022-05-05,10246.768747205122,25948.856475917382
2022-05-06,5919.601556964107,3844.970378654296
2022-05-09,-5919.601556964107,24588.5071959412
2022-05-10,-5107.6945693104435,-1714.586901834933
2022-05-11,-6859.109301990308,12086.076094250006
2022-05-12,-6047.8841393178145,879.3786875169317
2022-05-13,7767.919263413445,-17658.674273674755
2022-05-16,-4306.687569937487,-39619.20447763138
2022-05-17,8591.434316653202,-1313.2114892175086
2022-05-18,-7728.3355286989345,6603.223287504821
2022-05-19,-4324.330481430225,-3553.734366160257
2022-05-20,-5218.468313749721,-907.6488679830873
2022-05-23,6950.853484664711,-4035.7631803248587
2022-05-24,-8697.474260984489,973.4372808180706
2022-05-25,-874.6520981046124,-3356.7677449622643
2022-05-26,0.0,-1373.0296603722018
2022-05-27,-875.5479338629193,1736.110786363868
2022-05-31,9581.924543128607,-2046.437470716679
2022-06-01,7759.984458351304,-4016.4793730570236
2022-06-02,-1718.278862495984,3706.8626003270692
2022-06-03,3433.051199918027,-6627.63514691568
2022-06-06,6824.183419780535,204.20705430197268
2022-06-07,-5112.909626516299,1029.3180607069735
2022-06-08,4262.930548224827,-5147.497738622806
2022-06-09,849.9790782914711,-3102.621858701721
2022-06-10,9292.783665325322,3054.6892832402373
2022-06-13,23190.00059989326,17989.36846202494
2022-06-14,4884.003204661822,-778.6532144216544
2022-06-15,-13090.441248587533,-9843.92841068592
2022-06-16,-4134.607523545361,18799.33427494551
2022-06-17,-2490.877412973976,-2410.4138772740916
2022-06-21,4974.164415670879,-15802.132795941696
2022-06-22,-12492.59860913972,-131.27738150025834
2022-06-23,-5895.512565305031,-6689.040182212309
2022-06-24,3374.013533446945,-18254.923943040136
2022-06-27,5871.5329000618585,-636.1669485562925
2022-06-28,0.0,12381.124253900878
2022-06-29,-8400.752817348843,22328.51314502817
2022-06-30,-10194.617768675922,-61.56198825050524
2022-07-01,-8591.434316653202,-4499.04861353906
2022-07-05,-5197.163593738567,782.682343592227
2022-07-06,9503.851163676054,-2176.2845440829333
2022-07-07,6845.115075723761,112.44039693974628
2022-07-08,6789.455823507913,-3553.983313755278
2022-07-11,-8495.496721336996,-192.09255795743957
2022-07-12,-2565.601224443199,150.23660010984895
2022-07-13,-4293.508077547109,-2007.7162026909718
2022-07-14,4293.508077547109,-1747.467146939358
2022-07-15,-2573.472953451478,-3256.995283791577
2022-07-18,2573.472953451478,-301.3268553419257
2022-07-19,4271.642122272282,2900.5458572181014
2022-07-20,2552.541297508252,446.8989033636608
2022-07-21,-11117.691497327643,2595.5158307901656
2022-07-22,-12139.215944875938,-5140.582594112544
2022-07-25,3486.1014008324037,-65.6632451299156
2022-07-26,0.0,-4098.039063385928
2022-07-27,-2613.237909024001,9159.69775924163
2022-07-28,-8768.97836469422,6634.623403091842
2022-07-29,-881.8475122395503,9712.218905348032
2022-08-01,-6198.30422134911,-2261.6842611341417
2022-08-02,13227.85722385849,-4961.462836539642
2022-08-03,-1751.9927269257678,11260.320294582889
2022-08-04,-4395.712763344061,-673.473464204304
2022-08-05,13119.92457533079,-1411.678081051432
2022-08-08,-5223.809702444973,-1005.9017317195758
2022-08-09,2615.913174513611,-3196.4166927712213
2022-08-10,-1743.0496827052084,16341.130682084375
2022-08-11,7815.7185727140495,-31082.3129989526
2022-08-12,-2597.250258964328,48.99690765057312
2022-08-15,-4346.497595027091,1071.9969030454886
2022-08-16,2610.565694764482,-729.3062109223465
2022-08-17,6060.2623816928335,-2041.2145809101494
2022-08-18,-863.0987879542663,-782.4811466208484
2022-08-19,8591.434316653202,-1081.5154097049963
2022-08-22,4262.930548224827,5273.161619093633
2022-08-23,1699.0914522645799,-144.5428014570789
2022-08-24,5076.528576981039,-3640.3661931723254
2022-08-25,-6775.620029245619,-3321.472440784819
2022-08-26,849.9790782914711,9687.205451245463
2022-08-29,6768.713930937216,1852.673955754166
2022-08-30,-843.0729799830679,2998.955341517416
2022-08-31,3367.1427143711735,2071.2757368968378
2022-09-01,9189.215066195942,-2581.7209230177396
2022-09-02,-4999.537772012798,4520.395735339989
2022-09-06,10793.885261784406,2438.309383758904
2022-09-07,-4964.055338544109,-11826.543401075483
2022-09-08,1658.052251870271,-4884.4713330545055
2022-09-09,3306.003086673838,-8443.91704412851
2022-09-12,3292.5853763828927,-3557.4306208414746
2022-09-13,4096.955586528184,22092.896198553975
2022-09-14,-817.7271698025434,-3451.9556888771112
2022-09-15,3265.9319070732745,7079.643349614431
2022-09-16,0.0,5169.346997087618
2022-09-19,3252.6955484057253,-5687.153309870235
2022-09-20,6465.921139238191,8433.804639941038
2022-09-21,-4844.518283722238,12876.393036726731
2022-09-22,15240.450445496841,6154.973905602892
2022-09-23,-794.8363851234899,-26214.284676680945
2022-09-26,14965.250436956747,3181.6116005264776
2022-09-27,6989.136962879886,-412.26130932272645
2022-09-28,-19572.289911366228,-4757.916579292381
2022-09-29,3164.9009351691784,1296.9874790743415
2022-09-30,5507.859056131361,-348.9340385658579
2022-10-03,-12646.946464557746,-4858.80431303275
2022-10-04,-3994.3596228522147,844.6544705571214
2022-10-05,11133.4470312786,-2354.8375329279515
2022-10-06,5507.859056131361,249.0716794264663
2022-10-07,4690.103954351827,-1138.0365387699349
2022-10-10,0.0,952.3490785807662
2022-10-11,3110.9816314542986,1132.8932720200537
2022-10-12,-1553.9201173241454,-915.4972483326856
2022-10-13,4652.364451583708,-5681.128355252753
2022-10-14,2315.639591596162,537.8698325837395
2022-10-17,1539.8711566417187,-4158.078593392303
2022-10-18,-769.5473051628796,-1916.7280440575487
2022-10-19,9943.861528032983,-1751.695208336685
2022-10-20,7561.018494628384,-2593.0103168094574
2022-10-21,-2260.3213030939805,5.018324036202102
2022-10-24,3012.2471883805556,1641.7194785155662
2022-10-25,-11358.731137542389,3716.0649285300024
2022-10-26,-4591.758997706958,-5623.352694916728
2022-10-27,-6165.718017183011,-3709.6538362463616
2022-10-28,4628.9495496472955,11036.734858134456
2022-10-31,6128.527465242674,-5453.513929700166
2022-11-01,-2292.408571016742,-3718.2324757063325
2022-11-02,2292.408571016742,-15741.243706779176
2022-11-03,3045.7867576274293,-7008.14528164261
2022-11-04,2276.301773153289,38296.6432816794
2022-11-07,3778.5939787609823,-338.6712398510135
2022-11-08,-6054.895751914271,2154.7850283317894
2022-11-09,-1521.3594024909544,-1626.1632628185835
2022-11-10,-23192.447916509234,5490.824480098214
2022-11-11,0.0,2134.7966877886793
2022-11-14,4694.845385012319,-2857.232495889548
2022-11-15,-6266.131230742176,4027.660029314233
2022-11-16,-10291.208191001373,-4755.021450156957
2022-11-17,7928.313488441214,-2273.611775466663
2022-11-18,3934.1805482900163,221.16095706823398
2022-11-21,784.4524278265162,-3288.8584943919996
2022-11-22,-5507.859056131361,5105.050863433178
2022-11-23,-3958.129845160707,2523.3614076845042
2022-11-25,-2384.5100648980588,-532.3981607647875
2022-11-28,795.6414864191829,-8614.516768466106
2022-11-29,4756.973585480882,-1883.628330751686
2022-11-30,-5552.615071900065,18301.23307839127
2022-12-01,-12031.856386167157,-1079.3048652118814
2022-12-02,-1618.1161877870109,-1272.596981714094
2022-12-05,7255.747520673678,-12693.306983519375
2022-12-06,-7255.747520673678,-8865.905446736484
2022-12-07,-7322.303141192409,-1506.1304091935308
2022-12-08,4888.964028890368,3742.8977231201716
2022-12-09,7277.857396024279,-5194.720900453365
2022-12-12,3213.344412054459,9242.40622311159
2022-12-13,-8057.862695776697,4779.4474289408245
2022-12-14,-1621.402855515953,-5094.107042029609
2022-12-15,-4067.9352719962626,-18279.672900771013
2022-12-16,3255.9990152101745,-8925.714420618744
2022-12-19,7277.857396024279,27796.699835562456
2022-12-20,9601.095776651113,-2515.498873871591
2022-12-21,-795.6414864191829,-1506.8940845877732
2022-12-22,-796.4474983676191,979.0713493886215
2022-12-23,6349.062570267684,-2284.4422506896663
2022-12-27,7081.543852510251,262.5918641311364
2022-12-28,3126.7329989656137,-288.95026379756746
2022-12-29,-3910.3929571858025,-1130.0759085407335
2022-12-30,3910.3929571858025,-749.0350305221218
2023-01-03,-7052.966442040277,826.50521301548
2023-01-04,-7912.28399491647,-1600.9867672598848
2023-01-05,1588.8685784788759,-1151.7165506955425
2023-01-06,-12801.529495522554,192.19910985285242
2023-01-09,-1614.8369555426616,143.23757118853973
2023-01-10,6439.7465079896865,-707.161237780645
2023-01-11,-5631.918590186651,4748.348765717739
2023-01-12,-8931.35016576782,-1044.503573441376
2023-01-13,4884.003204661822,1250.0902890529105
2023-01-17,3239.519043302964,-952.1737772689012
2023-01-18,-13037.374915507604,-7878.1160346468205
2023-01-19,1641.280043167597,-3558.49899648851
2023-01-20,7344.639572250955,7001.728393781919
2023-01-23,3242.807574512306,6812.209052746206
2023-01-24,-4869.15441350593,-1394.7191549276831
2023-01-25,0.0,-175.2485467509614
2023-01-26,2438.2830957797123,7812.046968539376
2023-01-27,2430.871317726218,1607.2945525637915
2023-01-30,2423.4846811194075,-9804.728298237314
2023-01-31,-2423.4846811194075,11110.988514741905
2023-02-01,-10587.447146763261,8176.806496936973
2023-02-02,819.3901733623497,-17918.66330401437
2023-02-03,10576.704698977657,-1622.3538406280786
2023-02-06,8041.540522329771,2081.090225928907
2023-02-07,3193.868365469767,-2866.1254827962402
2023-02-08,-3193.868365469767,1650.029888483521
2023-02-09,3193.868365469767,2477.4654455098353
2023-02-10,5558.238071156142,-1486.3176934832154
2023-02-13,-1584.0515978989351,-2313.657517481435
2023-02-14,3954.127015184007,-3476.844559540041
2023-02-15,3148.934755819202,-2177.099788908432
2023-02-16,3918.3042607723037,4031.442552425804
2023-02-17,-3133.0584683014895,-582.3667104328997
2023-02-21,10136.32381101622,9256.256323672722
2023-02-22,-1550.785797383578,-986.081131304818
2023-02-23,-3890.6926286203234,-4213.452291062
2023-02-24,5441.478426003901,4462.839315043995
2023-02-27,-2327.353624158146,-2957.212243943897
2023-02-28,0.0,1004.3965490417104
2023-03-01,6960.975604109131,1441.3522107410608
2023-03-02,5370.572549506847,-5540.786037484875
2023-03-03,-8456.535992581848,-9409.706946445782
2023-03-06,772.6587470650411,-989.1866625223156
2023-03-07,-772.6587470650411,8174.24828184248
2023-03-08,772.6587470650411,-1713.8245959765773
2023-03-09,-3871.1030813246034,13016.28798642182
2023-03-10,-18061.10668045358,10422.574291123929
2023-03-13,-12007.497302167169,1087.147964437856
2023-03-14,7226.384242029177,-12165.005440857807
2023-03-15,-10459.33738535885,4722.381926834649
2023-03-16,4039.144227568395,-13002.321930516853
2023-03-17,-13817.122912121391,13125.009323120692
2023-03-20,6531.878851867725,-2784.5432223232347
2023-03-21,9698.918840402992,-3820.063877195593
2023-03-22,-8886.158120019762,-2031.9883574167106
2023-03-23,-8164.862662722906,133.52937598188146
2023-03-24,0.0,-1488.702932348133
2023-03-27,12216.317962811958,-2472.9501633343098
2023-03-28,1614.8369555426616,-2331.386926189676
2023-03-29,1611.5651403925658,1717.9801679051234
2023-03-30,-1611.5651403925658,1344.2965895071684
2023-03-31,-5666.2922556317135,5578.547798280895
2023-04-03,-4072.0669478757336,1399.6963866754013
2023-04-04,-6558.471945927406,-3251.3842605241516
2023-04-05,-4126.207169015088,-1939.2075412099512
2023-04-06,0.0,890.8337040781626
2023-04-10,9050.054864125315,532.1310215084595
2023-04-11,1634.624250817178,-322.408148230832
2023-04-12,-1634.624250817178,-3016.262737800018
2023-04-13,3265.9319070732745,7216.288061389576
2023-04-14,5683.566866131943,-2362.2567536601127
2023-04-17,6446.279058463413,2261.0413111155867
2023-04-18,-1606.6712846110022,172.67649767379044
2023-04-19,1606.6712846110022,-429.58331277904654
2023-04-20,-4829.803415083632,-4336.445136602764
2023-04-21,2418.574178132192,290.02949811163126
2023-04-24,-4035.0498215119733,603.0568628313413
2023-04-25,-9768.056973400911,-12214.908798432854
2023-04-26,2453.1824510128718,-3547.4237465648184
2023-04-27,8123.5222479647855,14926.23362854483
2023-04-28,-7307.454315299226,6666.0762700934065
2023-05-01,12142.157135229936,-14601.43123838192
2023-05-02,-12142.157135229936,3044.544228688377
2023-05-03,-4908.863647512731,1176.5126549557826
2023-05-04,-821.056952695646,3933.442573697226
2023-05-05,5729.920600208377,-8470.995758712263
2023-05-08,6498.806589722481,-1100.5455365092348
2023-05-09,808.6477255767459,954.4810977724919
2023-05-10,-8123.5222479647855,-2400.2890179256756
2023-05-11,-3272.5726243752215,-653.1543682573902
2023-05-12,5718.292733257331,-457.3917399329148
2023-05-15,3249.395822441351,-746.4015699477495
2023-05-16,3236.2342344443605,1216.3394068002162
2023-05-17,2418.574178132192,-3177.3821218672565
2023-05-18,6413.690111038763,-1073.9842504559638
2023-05-19,3982.24205073584,146.26383263879325
2023-05-22,1587.2611033469148,-181.58233187744918
2023-05-23,-1587.2611033469148,167.8654991860094
2023-05-24,2379.6876372564657,1574.3714577852152
2023-05-25,7880.333457390989,-2780.771222091229
2023-05-26,-2355.7382735563733,-1245.7051757655245
2023-05-30,-8699.119206214571,-1594.3662864365797
2023-05-31,-3986.276675014502,-1628.77235333707
2023-06-01,-2401.4746895821518,-1264.0580040344976
2023-06-02,6387.751364596654,5830.300015233788
2023-06-05,0.0,-1818.3809960155595
2023-06-06,794.8363851234899,646.6902642135574
2023-06-07,7117.44760979298,-3010.614704047639
2023-06-08,-4737.759972536514,4176.3482630322615
2023-06-09,1582.4495631009268,1260.904238180523
2023-06-12,-1582.4495631009268,7370.5319691668665
2023-06-13,8663.993415611178,-1460.0629982254468
2023-06-14,-783.6599582201889,-2117.6647060337345
2023-06-15,-8672.75999130054,2963.624435906073
2023-06-16,3954.127015184007,-3394.676844957361
2023-06-20,-2370.075417285072,-827.2165636027494
2023-06-21,-1584.0515978989351,-2565.8756534228924
2023-06-22,6317.021717744166,-798.2944857624825
2023-06-23,-4732.970119845231,6.7541377714514965
2023-06-26,-1584.0515978989351,1145.0979086110347
2023-06-27,3954.127015184007,-1407.2656789821267
2023-06-28,-4747.355925175536,-1171.809915859798
2023-06-29,11032.51724206021,172.96833258103652
2023-06-30,-3136.226561065472,2855.8932519000846
2023-07-03,3918.3042607723037,-180.0574014173144
2023-07-05,7003.265342714731,-364.8707158936886
2023-07-06,7707.160660411275,-1327.4687048302658
2023-07-07,766.4498522263748,-2333.6172149102495
2023-07-10,-3839.9885326866643,83.16455742385733
2023-07-11,-1541.4251246601634,867.168565904336
2023-07-12,-10095.462198005553,1636.3279084992537
2023-07-13,-7856.465096606335,4458.761055955463
2023-07-14,5507.859056131361,-1079.547724438169
2023-07-17,-1569.6982202973304,2159.01737759573
2023-07-18,-786.0400532590429,5563.520607588431
2023-07-19,-3942.1456207336887,1674.5947501019764
2023-07-20,7864.412235058204,-5846.362742730387
2023-07-21,-782.8683825479529,-306.2613977175715
2023-07-24,1564.9460822547844,3681.274181336019
2023-07-25,3898.559428007007,2254.84059521139
2023-07-26,-3898.559428007007,2.747524094884284
2023-07-27,11636.887322665716,-4915.264046111595
2023-07-28,-3859.402244484416,-1563.6590055391353
2023-07-31,773.4388014094147,579.3707349608303
2023-08-01,6159.502123535291,-585.7621101948171
2023-08-02,2297.033869046558,2699.3487685634245
2023-08-03,9119.028346617692,-1017.2831020947269
2023-08-04,-11416.06221566425,2141.0030583341504
2023-08-07,3061.16977045119,-3904.553277940293
2023-08-08,-5365.1611457486,-175.70192721945205
2023-08-09,-1539.8711566417187,-68.40663012036384
2023-08-10,6905.032302390318,-990.1225449008853
2023-08-11,5327.451423087492,-2473.929641196035
2023-08-14,2271.723081522199,-1546.3614827458514
2023-08-15,1510.6757640462165,4358.059455194223
2023-08-16,5263.493095717931,2183.6960089027853
2023-08-17,1497.0626233967632,4045.193746150173
2023-08-18,-2997.138502603033,-1555.472144111889
2023-08-21,5982.251012427616,-3869.8339939828948
2023-08-22,0.0,356.55438026521006
2023-08-23,-11256.343992985494,-6600.128517833127
2023-08-24,3018.3144747909537,7045.625191975461
2023-08-25,1504.6084776358184,-5780.022064211607
2023-08-28,-3767.2050118234038,-4403.49465401212
2023-08-29,-6067.09877058251,-6339.789824926527
2023-08-30,0.0,-2292.6997701654273
2023-08-31,-2287.7936746305495,-1416.7560170706674
2023-09-01,6842.695591697193,-1989.0807626092628
2023-09-05,6780.986913309258,39.296642222381706
2023-09-06,2246.7234827641514,1856.6467358588034
2023-09-07,-2246.7234827641514,1323.2259838582468
2023-09-08,-750.4150198388816,18085.428405048937
2023-09-11,2248.9834248811676,245.39389061885595
2023-09-12,-1498.568405042286,-383.1291811900446
2023-09-13,-1501.5850479699875,-2134.1866985088127
2023-09-14,3000.1534530122735,-332.8538106106316
2023-09-15,2988.113944993209,-474.57152803411736
2023-09-18,-745.902737920449,-124.93139198255813
2023-09-19,3722.0311363785877,-503.4238543423162
2023-09-20,-1486.569368158278,1808.0401221830034
2023-09-21,10343.576940740895,7294.590640638657
2023-09-22,-3677.461734427692,-473.98130184529873
2023-09-25,8066.144412980808,-2537.563081061191
2023-09-26,728.8843912883458,8009.868031730715
2023-09-27,3633.487968833084,-1740.7514460250532
2023-09-28,-1451.211653714301,-4334.705616434381
2023-09-29,0.0,734.2676979581083
2023-10-02,7227.085306800916,-325.70373456349625
2023-10-03,8577.6010951942,8817.850667969797
2023-10-04,-5706.957524878031,-5710.270205809422
2023-10-05,-716.5844916289498,-382.89589803109266
2023-10-06,4288.778977843234,-8069.153470633428
2023-10-09,0.0,-3616.78914835204
2023-10-10,-8603.37242028353,-3755.7027339208835
2023-10-11,-5793.247721638385,-3472.639402385681
2023-10-12,8672.520181716332,2232.4396614891666
2023-10-13,-5046.303877449784,3454.18060323206
2023-10-16,5764.323302583289,-7931.04057208353
2023-10-17,8560.468164465332,-923.1754632655247
2023-10-18,5650.229298800987,8449.759168291672
2023-10-19,4907.081339545432,7102.769739812356
2023-10-20,-3501.5597909477656,14984.076178291863
2023-10-23,-4931.624272470479,-3880.317475122065
2023-10-24,-2124.126574928174,-3079.595791650092
2023-10-25,8458.470627786417,967.3517005463145
2023-10-26,-6334.344052858243,1101.5176761786715
2023-10-27,-1415.3771324155678,1074.1950778749524
2023-10-30,2827.9305208860605,-5229.392990625231
2023-10-31,0.0,-4214.530190355617
2023-11-01,-7804.078756703209,-2693.9084902272734
2023-11-02,-7169.462316909849,1798.864313395141
2023-11-03,-7241.571827415304,2310.0607171571173
2023-11-06,7241.571827415304,664.4252490420986
2023-11-07,-6514.146661100778,942.2461846944498
2023-11-08,-6573.146606369701,-483.70090193737997
2023-11-09,9475.57154115713,-4073.618739519232
2023-11-10,-724.5165024825837,8079.300862651835
2023-11-13,1448.3078719617042,-735.3189194315491
2023-11-14,-13876.824645063942,14325.77215055302
2023-11-15,6606.18229346603,1586.793627352461
2023-11-16,-5869.213449246745,813.7487256540408
2023-11-17,-736.9688442192855,833.6176661843783
2023-11-20,-1476.1582358959422,6507.828786743899
2023-11-21,-739.1910533067712,-2069.5700976664666
2023-11-22,739.1910533067712,3244.0307405611893
2023-11-24,3684.8483675343887,408.378949228907
2023-11-27,-5904.649559901489,-1747.2097636244653
2023-11-28,-3714.561165796782,723.5973355261012
2023-11-29,-5231.835992588734,-767.7011253310775
2023-11-30,7462.810748493634,3338.21539256339
2023-12-01,-11222.44442446431,5087.898510158819
2023-12-04,4509.294535338064,-41629.86933744765
2023-12-05,-7530.647772676646,-1113.2210600866856
2023-12-06,-4554.901917066643,-481.14166461630157
2023-12-07,1521.3594024909544,276.419585261523
2023-12-08,6808.335902279141,-1334.9716491381405
2023-12-11,0.0,1035.2108180150572
2023-12-12,-2262.5965341875853,-148.1466058251026
2023-12-13,-12183.285123425943,6322.409647229451
2023-12-14,-9267.291376807727,1820.4526693498556
2023-12-15,-777.3522905495774,-1755.2534632692696
2023-12-18,3104.7059147077234,3575.9136422123047
2023-12-19,-1550.785797383578,3957.5898636813436
2023-12-20,-5452.479545331153,-8666.888683448218
2023-12-21,2341.497913876854,5474.783526187268
2023-12-22,778.9238746521587,473.6648493382745
2023-12-26,-778.9238746521587,2847.248393932714
2023-12-27,-7832.677439206302,816.0096398652095
2023-12-28,3926.2334430746632,51.57357345573837
2023-12-29,3126.7329989656137,-2758.3546964561538
2024-01-02,5441.478426003901,-4597.48009642907
2024-01-03,-3104.7059147077234,-6065.945537545173
2024-01-04,6196.902769998545,-2734.1071092544116
2024-01-05,4614.963805120453,-228.40471982298914
2024-01-08,-3073.5386804602895,11003.467352959899
2024-01-09,769.5473051628796,-1662.2697211942723
2024-01-10,1536.768467535716,4907.5476100638625
2024-01-11,-4619.620468708556,-587.6334602329007
2024-01-12,-1546.0975484744558,491.1183499919498
2024-01-16,8465.068443873228,-3538.4689412268635
2024-01-17,2292.408571016742,-5281.448819150544
2024-01-18,3045.7867576274293,2070.9993855876455
2024-01-19,759.5313747038308,-259.6947289633317
2024-01-22,-3042.7205290113634,-185.92840319723473
2024-01-23,2283.1891543075326,-898.9979552129589
2024-01-24,3033.542514575689,1118.361887688021
2024-01-25,-3033.542514575689,2409.735872716621
2024-01-26,759.5313747038308,-1541.9093086138673
2024-01-29,-5332.820353229967,4143.637268693339
2024-01-30,-1530.584016820183,-1475.830044381124
2024-01-31,-5381.413657346828,-6217.258423328043
2024-02-01,-9314.174289409711,3916.9479306885914
2024-02-02,12393.918352388355,5854.703955597019
2024-02-05,10681.844362867792,-3160.598792183635
2024-02-06,-6085.454850274793,747.0289885700186
2024-02-07,0.0,5847.4131340581735
2024-02-08,4568.684451825335,-12.464028600574238
2024-02-09,1516.7703984494583,4760.562601967904
2024-02-12,0.0,-319.22576087554626
2024-02-13,10532.354591965515,-10343.510276373243
2024-02-14,-2994.1269372338575,5573.387277921007
2024-02-15,-2253.5109332565626,5649.912556479387
2024-02-16,4500.234416020714,-4834.679905166537
2024-02-20,-2246.7234827641514,-4920.125932969851
2024-02-21,3740.779612115046,282.1792666066758
2024-02-22,745.902737920449,19039.067480518155
2024-02-23,-5237.097369874376,486.37544638692634
2024-02-26,1500.0758792062697,-3776.5386039720397
2024-02-27,2244.4660778664693,1673.7930462393124
2024-02-28,-2994.1269372338575,-1465.5754486138394
2024-02-29,-1501.5850479699875,3384.6303543258473
2024-03-01,-4522.922952426772,-25491.348522471708
2024-03-04,2264.874324426084,308.72798457397585
2024-03-05,-6815.192390484401,1973.2164473496741
2024-03-06,-1522.8925157374033,-810.3222616807689
2024-03-07,-1525.9639228139713,-140.2025344350477
2024-03-08,0.0,-596.5010522327793
2024-03-11,763.3663194940746,394.6920135941764
2024-03-12,4564.085103593417,-2679.6407391801113
2024-03-13,2271.723081522199,-1284.4070654797397
2024-03-14,7523.076405439046,357.2459935761508
2024-03-15,1495.5585321915714,-1441.5201666400862
2024-03-18,2237.709055354877,-486.1744031060189
2024-03-19,-2985.112509824583,-772.5785404960552
2024-03-20,-2246.7234827641514,1149.9488075713198
2024-03-21,0.0,785.3303273218153
2024-03-22,-3759.6336759706755,-1561.1316677926952
2024-03-25,2258.048628000688,-1956.8142777961257
2024-03-26,-751.9258852865751,-1607.3199570618053
2024-03-27,-3015.2791265368287,3138.105871354186
2024-03-28,0.0,-607.3983170962856
2024-04-01,9755.472409828886,-1174.5493098646002
2024-04-02,2233.217002768666,-3269.5192216294527
2024-04-03,0.0,-911.4857695606697
2024-04-04,-3725.7724155703036,-2905.819923000705
2024-04-05,5952.270221151659,1296.8446900313756
2024-04-08,2219.8011923671,-1953.08867045031
2024-04-09,-4446.2989979484555,-913.0428580750449
2024-04-10,13988.601646825206,-5862.972881709966
2024-04-11,728.8843912883458,1064.3692713938708
2024-04-12,-4384.285335212233,-6992.002330782128
2024-04-15,9466.081176007021,43473.09735059786
2024-04-16,2887.9303568342293,-3220.652857784269
2024-04-17,-5787.449882510235,-1513.1647188789575
2024-04-18,3622.5865733433748,-1324.4413439388663
2024-04-19,-1446.85841714649,1793.1350253494384
2024-04-22,0.0,-6099.023957962061
2024-04-23,-724.5165024825837,-3423.592374929911
2024-04-24,2893.718455683862,-206.25678970435547
2024-04-25,3600.893293727626,-2553.817001447722
2024-04-26,-2158.3735206155543,-288.2054061232702
2024-04-29,-2887.9303568342293,-685.6563681340049
2024-04-30,4327.565781124911,-1003.7054541990074
2024-05-01,-4327.565781124911,-1282.5827285734013
2024-05-02,-3626.216304266549,-2242.4288815492437
2024-05-03,-5839.864871740472,-224.6903436948196
2024-05-06,-733.2817346292286,4239.417706221051
2024-05-07,-1468.7716027892457,-399.66527364885405
2024-05-08,734.7540987260145,-921.692683344445
2024-05-09,-2206.4753861451754,3169.837768619036
2024-05-10,3673.774624837635,368.8437619865217
2024-05-13,-1467.2992386924598,273.7089343914122
2024-05-14,-2206.4753861451754,3203.914250310445
2024-05-15,-6659.426078063683,11169.705949988514
2024-05-16,1485.0770520692167,-2329.7251588186264
2024-05-17,2961.221945879239,1224.0997711649907
2024-05-20,1476.1582358959422,995.1787267333566
2024-05-21,-2215.3492892027134,2345.470847634817
2024-05-22,1477.6405392661109,-3158.114910189339
2024-05-23,2946.398881575049,-7726.085486597083
2024-05-24,-735.4915196299116,6619.036604344597
2024-05-28,5863.3305704315135,-12006.384313964205
2024-05-29,5091.987590662189,2797.8162744125802
2024-05-30,-4362.37236012143,306.1966854671118
2024-05-31,-2922.8541545112384,-5325.868824125049
2024-06-03,-7358.639547672283,-124.0331003573956
2024-06-04,-5940.32494741035,-498.9024372723652
2024-06-05,-2988.113944993209,-29.0697854964601
2024-06-06,-748.9075456748978,-810.6403561656043
2024-06-07,11154.986977344568,-1845.35658002727
2024-06-10,2946.398881575049,1436.862329063384
2024-06-11,-5904.649559901489,361.6768067798257
2024-06-12,-5952.270221151659,1721.6589250235484
2024-06-13,-5247.63787049042,408.0828242518328
2024-06-14,-3015.2791265368287,844.9796162797793
2024-06-17,6018.450919160779,5136.763115551017
2024-06-18,-4509.294535338064,996.6199070437942
2024-06-20,2258.048628000688,-1784.8990602374543
2024-06-21,0.0,-1782.1391806692482
2024-06-24,0.0,-3025.51358978638
2024-06-25,-1504.6084776358184,1885.7147180036118
2024-06-26,6746.973137720852,308.614575237043
2024-06-27,-2242.21120707276,731.6693607568086
2024-06-28,5221.330947761875,-4039.1167451857473
2024-07-01,8865.901464208859,1321.29583723213
2024-07-02,-3681.1529803010635,6305.080098832419
2024-07-03,-5184.748483907795,4435.6770714539525
2024-07-05,-5970.238493436773,5989.967220450242
2024-07-08,0.0,1071.41220026456
2024-07-09,1497.0626233967632,883.1842436978768
2024-07-10,-1497.0626233967632,10596.140388966247
2024-07-11,-6018.450919160779,-26321.09462467119
2024-07-12,-1512.1968535158667,-866.268299914962
2024-07-15,3774.793387703452,1932.6574503232914
2024-07-16,-4532.034129125852,1518.2320215262735
2024-07-17,-758.003427187301,-876.1396997385309
2024-07-18,3027.4410221255675,2834.5914445167728
2024-07-19,3767.2050118234038,1251.571203441592
2024-07-22,751.1700281311059,-5672.560259156569
2024-07-23,-751.1700281311059,-1360.5682677161894
2024-07-24,2251.2459073373757,11646.460095688213
2024-07-25,-749.6608593673882,2106.301756914261
2024-07-26,-5268.790059793391,-9484.081233136865
2024-07-29,-2269.4375949382666,-625.7590669436031
2024-07-30,-1516.7703984494583,3131.15230165136
2024-07-31,-4568.684451825335,-8217.504198718132
2024-08-01,-7676.133575571643,7228.092579738754
2024-08-02,-14799.8065120369,15915.359645811011
2024-08-05,-1574.4664789949748,36829.086012645574
2024-08-06,9399.232581555334,-20800.216526478238
2024-08-07,4657.0632896522875,3945.179284887985
2024-08-08,2317.9771198242524,-21581.42755839836
2024-08-09,-3867.198405612711,-7474.471143858405
2024-08-12,-3107.8420038638287,-999.4081366094761
2024-08-13,-3902.499488235844,-14840.077854518488
2024-08-14,-1566.5283407681418,-5006.503569656812
2024-08-15,7024.517759031558,-10274.788187312366
2024-08-16,-2334.4138046797307,-2741.0716386901295
2024-08-19,-2341.497913876854,-1501.0066359930097
2024-08-20,-3133.0584683014895,-2042.6763286736787
2024-08-21,-2358.121057027958,-1610.5514200614543
2024-08-22,5491.179525329448,41384.78588354436
2024-08-23,-3918.3042607723037,-3950.5137344114555
2024-08-26,785.2457924708142,-582.6742006035493
2024-08-27,784.4524278265162,-2507.0959630053258
2024-08-28,783.6599582201889,2610.643676382606
2024-08-29,2346.2339908506256,-4869.481518685519
2024-08-30,3117.271519411166,-219.70897249087284
2024-09-03,-5463.505510261792,11075.068997955212
2024-09-04,-5502.292934336721,450.24413081489183
2024-09-05,-3161.7004812744563,-4524.459539158328
2024-09-06,-792.4265339095509,8305.835790458274
2024-09-09,-1587.2611033469148,-10701.259016849683
2024-09-10,-3982.24205073584,-2788.263777038257
2024-09-11,0.0,-5130.019267072552
2024-09-12,2391.7641791931674,-1824.0432476425776
2024-09-13,-1593.7019204628668,-1058.5239158726326
2024-09-16,-2396.6139433745193,396.11844844932784
2024-09-17,1598.5516846442188,-238.56845114385942
2024-09-18,3982.24205073584,-1068.7598408484846
2024-09-19,2379.6876372564657,3451.877497892383
2024-09-20,0.0,-2469.199762739263
2024-09-23,1582.4495631009268,363.61030863366614
2024-09-24,-790.8244991115425,795.0702979225316
2024-09-25,3946.13490854713,-2764.645892290304
2024-09-26,0.0,2565.52128585607
2024-09-27,-3155.3104094355876,-1414.7019939111415
2024-09-30,4728.185673992732,2870.0758140114776
2024-10-01,-5519.010173104274,-8727.776771027584
2024-10-02,3946.13490854713,-1195.1327234494893
2024-10-03,4709.101825622616,-2851.3457049306926
2024-10-04,10105.660326362588,32876.94192573622
2024-10-07,3851.62363432844,9077.320079854071
2024-10-08,767.9968343801156,-4479.903845602159
2024-10-09,1533.6727599880687,-1842.4041385628734
2024-10-10,2294.719918224815,-1248.1607288420928
2024-10-11,-764.135901404632,-1279.5415921962122
2024-10-14,0.0,-674.3336618923713
2024-10-15,-3832.2536111883674,-1136.1569863213444
2024-10-16,-768.7716331556003,-2678.028368993524
2024-10-17,5365.1611457486,-2285.28380324928
2024-10-18,-764.135901404632,-2225.699979842153
2024-10-21,8363.310406014323,-998.1769996384683
2024-10-22,755.7179406033683,-1754.3986978742541
2024-10-23,3015.2791265368287,-1796.7764427188522
2024-10-24,-2260.3213030939805,-1148.1161713137408
2024-10-25,3012.2471883805556,1200.0331359893098
2024-10-28,2251.2459073373757,-1664.6242172625934
2024-10-29,0.0,-1803.138441380499
2024-10-30,748.9075456748978,-667.0619107909515
2024-10-31,-748.9075456748978,1425.984982844173
2024-11-01,6713.149889126245,-4482.143412830337
2024-11-04,-4468.683811259776,-1725.9181557685151
2024-11-05,-3744.541957072739,-3722.475328843924
2024-11-06,11916.613370591498,6788.62170150967
2024-11-07,-8172.071413518759,6197.340051488529
2024-11-08,-747.403454469706,4203.869555457182
2024-11-11,0.0,732.4319048298348
2024-11-12,9657.924353947805,-3901.0953159514465
2024-11-13,737.7087499366025,318.57239871927595
2024-11-14,-737.7087499366025,-7746.307145430939
2024-11-15,0.0,11003.070308599941
2024-11-18,-738.4494859593397,-1991.72478283714
2024-11-19,-2219.8011923671,2215.8490746829775
2024-11-20,1480.610139060329,1546.4796783390411
2024-11-21,1477.6405392661109,-287.3294989764181
2024-11-22,-1477.6405392661109,-4225.190206188476
2024-11-25,-10427.007297445845,-1011.1332295392058
2024-11-26,2246.7234827641514,909.7180677060242
2024-11-27,-3748.308530734139,-2599.8080872800565
2024-11-29,-5279.40186533927,1879.533110745113
2024-12-02,756.4789129124983,280.1328855742904
2024-12-03,3018.3144747909537,-398.3564569141963
2024-12-04,-3018.3144747909537,4664.145554547809
2024-12-05,-1513.7196543348982,-1988.2371449101847
2024-12-06,-1516.7703984494583,120.07679970226309
2024-12-09,3786.207993387725,-3417.5446436878046
2024-12-10,1509.1563838227157,-3300.1436566736957
2024-12-11,3009.218656131794,5205.858733520414
2024-12-12,4491.1946319539275,-5046.5479540097585
2024-12-13,5946.294232330998,-1048.8169800673568
2024-12-16,-740.6766860605276,3965.561425555854
2024-12-17,740.6766860605276,-3572.786268136784
2024-12-18,7366.0262112594355,2100.0435094886416
2024-12-19,5112.439705425946,-8330.455312768776
2024-12-20,-3648.0802486098983,-7766.123915914817
2024-12-23,5102.202193514968,-231.23672835328034
2024-12-24,0.0,7267.515067280925
2024-12-26,-726.6967785905435,-488.5630476232691
2024-12-27,2902.4249347874284,-11820.55827171083
2024-12-30,-5086.888862604013,-11327.985486833752
