,SPY_log_return,DGS10_change,GLD_log_return,EURUSD_log_return,SPY_level_change,VIX_change
2006-01-04,0.004724423801784113,-0.009999999999999787,0.003382831797150453,0.006543246546145695,0.41306304931640625,0.22999954223632812
2006-01-05,0.0006281705171641698,0.0,-0.018175416840417152,-0.00041168873684475156,0.0550689697265625,-0.05999946594238281
2006-01-06,0.008287212200314325,0.019999999999999574,0.02602449436115473,0.0038817563086495453,0.7297515869140625,-0.3100004196166992
2006-01-09,0.0025662118789239476,0.0,0.016248460425883546,-0.006529687652801062,0.227203369140625,0.13000011444091797
2006-01-10,0.0010084804730912471,0.04999999999999982,-0.009939288552968072,-0.0009052183712828674,0.089447021484375,-0.2700004577636719
2006-01-11,0.0031762013521402185,0.03000000000000025,0.008656420300679483,0.0061959538988384764,0.2823028564453125,0.07999992370605469
2006-01-12,-0.003951481397873912,-0.040000000000000036,-0.0018355084992045636,-0.0077750583128544945,-0.35107421875,0.26000022888183594
2006-01-13,-0.0009324392050729701,-0.05999999999999961,0.018385852058020367,0.008102807605059732,-0.0826416015625,0.029999732971191406
2006-01-17,-0.002723871367694711,-0.020000000000000462,-0.0032520409896078756,-0.002849450958143612,-0.24097442626953125,0.6800003051757812
2006-01-18,-0.003981891649826837,0.0,-0.02176979137145157,-3.6427670304904696e-05,-0.3510894775390625,0.3400001525878906
2006-01-19,0.0038261779342300684,0.040000000000000036,0.02772383396043182,-0.0014034752621391658,0.33733367919921875,-0.2700004577636719
2006-01-20,-0.018405456956785478,-0.009999999999999787,-0.007040364605841864,0.003718816279432901,-1.6109466552734375,2.580000877380371
2006-01-23,0.0035660273123257636,-0.009999999999999787,0.010273131505108786,0.013747064094996127,0.30980682373046875,-0.6300001144409197
2006-01-24,0.001027917979391234,0.040000000000000036,-0.0007175052420346415,-0.003181662844508498,0.089508056640625,-0.6199998855590803
2006-01-25,0.0008686830099446689,0.08999999999999986,0.007329966694290513,-0.001629828263892348,0.075714111328125,-0.4400005340576172
2006-01-26,0.005511353319300625,0.040000000000000036,-0.004642006558574431,-0.0024581756473356186,0.481903076171875,-0.4499998092651385
2006-01-27,0.009222315831280803,-0.010000000000000675,-0.004483910215659325,-0.009954393660605,0.812347412109375,-0.44999980926513494
2006-01-30,-0.0007782285133744632,0.020000000000000462,0.018698776919120332,-0.0006529396417630722,-0.06884002685546875,0.4200000762939453
2006-01-31,-0.007345869515352126,-0.009999999999999787,0.00035280398276080644,0.005149898660757911,-0.6471633911132812,0.5599994659423828
2006-02-01,0.006956657500788851,0.040000000000000036,0.0,-0.006731854159330575,0.6127548217773438,-0.5900001525878906
2006-02-02,-0.011673217920352733,0.0,0.004926096846573146,0.0014128829175009342,-1.0257797241210938,0.869999885559082
2006-02-03,-0.004976728796355542,-0.03000000000000025,-0.008459682883606469,-0.004725752548756046,-0.4337005615234375,-0.26999950408935547
2006-02-06,0.002609817430788197,0.009999999999999787,0.0038862655930409257,-0.005337835436600159,0.22716522216796875,0.07999992370605469
2006-02-07,-0.008886030562887599,0.020000000000000462,-0.038093048941077325,0.002503415710290351,-0.7710418701171875,0.5500001907348633
2006-02-08,0.009043847359097362,-0.010000000000000675,0.004203668006722571,-0.002335921043996027,0.7847976684570312,-0.7600002288818342
2006-02-09,-0.0016594157189407592,-0.019999999999999574,0.02432330429712352,0.002419909750198401,-0.14453125,0.28999996185302557
2006-02-10,0.0018175576504721102,0.04999999999999982,-0.025053114848127972,-0.007277768780254572,0.15831756591796875,-0.25
2006-02-13,-0.0018175576504720484,-0.009999999999999787,-0.019722317881601545,0.00041679917459765814,-0.15831756591796875,0.4800004959106463
2006-02-14,0.01054422010425119,0.040000000000000036,0.014231835019739241,0.00033359442192101293,0.9224700927734375,-1.1000003814697283
2006-02-15,0.0035165142420588067,-0.009999999999999787,-0.013487564404801337,-0.002523028670692511,0.309814453125,0.06000041961669922
2006-02-16,0.007460100226406073,-0.020000000000000462,0.01403795023117115,0.0017726350741738186,0.6608734130859375,-0.8300008773803711
2006-02-17,-0.002713219504818311,-0.04999999999999982,0.008038016031443143,0.002933418411826851,-0.24092864990234375,0.5300006866455078
2006-02-21,-0.002487614257176936,0.03000000000000025,0.0029069760713780913,-0.0018493416249934084,-0.2203216552734375,0.39999961853027344
2006-02-22,0.006052656540033238,-0.040000000000000036,0.0039833697886547965,-0.0003336831903147659,0.5370254516601562,-0.5299997329711914
2006-02-23,-0.0014713336297641647,0.02999999999999936,-0.012729773023942181,0.0005005830321471893,-0.1308441162109375,-0.010000228881835938
2006-02-24,0.002553333426353016,0.020000000000000462,0.018136151993469803,-0.0036889851697372296,0.2271881103515625,-0.4099998474121094
2006-02-27,0.0003864873655439689,0.009999999999999787,-0.007577127477402215,-0.0023609698826720753,0.0344390869140625,0.13000011444091797
2006-02-28,-0.009546518684934136,-0.040000000000000036,0.015275676084631486,0.006729766532618566,-0.8467864990234375,0.75
2006-03-01,0.008851264951623855,0.040000000000000036,0.0005348806365655907,-0.0008467113220418398,0.7848434448242188,-0.8000001907348633
2006-03-02,-7.752775058319757e-05,0.04999999999999982,0.011343673633042218,0.009942830206237223,-0.00690460205078125,0.18000030517578125
2006-03-03,-0.004648841731141335,0.040000000000000036,-0.008140248406057734,0.0005780037708891324,-0.41304779052734375,0.23999977111816406
2006-03-06,-0.0045931654749658,0.0600000000000005,-0.018832934931586665,-0.002490399224668445,-0.406219482421875,0.7799997329711914
2006-03-07,-0.0015615618476978877,0.0,-0.005082580890901775,-0.01054239405875138,-0.1376800537109375,-0.07999992370605469
2006-03-08,0.0021081291949984374,-0.009999999999999787,-0.017995335485148433,0.0031081307595809938,0.18592071533203125,-0.34000015258788885
2006-03-09,-0.006729195147286684,0.009999999999999787,0.004990315328593799,-0.0019302709582450278,-0.5920944213867188,0.36000061035155895
2006-03-10,0.009454371064459328,0.019999999999999574,-0.007587707988952681,0.0005834559376983349,0.8330154418945312,-0.8299999237060511
2006-03-13,0.001865055412764874,0.009999999999999787,0.00887743074453615,0.004691992041875473,0.16526031494140625,-0.4800004959106463
2006-03-14,0.010423963483055548,-0.05999999999999961,0.010258334271688237,0.004329439239752162,0.929351806640625,-0.630000114440918
2006-03-15,0.004445792694287794,0.020000000000000462,0.004545875722809695,0.0043241081920564455,0.399322509765625,0.6100006103515643
2006-03-16,0.0020623482419102127,-0.08000000000000007,0.0039833697886547965,0.008570884998657696,0.18584442138671875,0.6299991607665998
2006-03-17,0.0008348541195911622,0.02999999999999936,-0.003983369788654952,0.0014011427278653272,0.07534027099607954,0.1400003433227539
2006-03-20,-0.0016090377499326676,-0.019999999999999574,0.0009066867676153741,-0.0023868364374000453,-0.14514923095701704,-0.3299999237060547
2006-03-21,-0.006307300084864095,0.04999999999999982,-0.006181771283939387,-0.004526544106376268,-0.5667266845703125,-0.1700000762939453
2006-03-22,0.00607814524829002,-0.009999999999999787,-0.0014601541144710205,-0.0023945324022297586,0.5460739135742188,-0.4099998474121094
2006-03-23,-0.002074092156872488,0.03000000000000025,-0.0009136453209700005,-0.008898769862727399,-0.18671417236328125,-0.03999996185302912
2006-03-24,0.0007685929061035476,-0.0600000000000005,0.01829592422327758,0.005245571578341346,0.06914520263671875,0.019999504089357245
2006-03-27,-0.0014599235660348892,0.03000000000000025,0.012132179396417623,-0.001995811828747522,-0.13129425048828125,0.2700004577636719
2006-03-28,-0.006171905792210309,0.08999999999999986,-0.005869256761886151,0.0,-0.5529403686523438,0.11999988555908381
2006-03-29,0.006248649593509416,0.019999999999999574,0.017856008967773458,0.0016588785769306596,0.5598373413085938,-0.6300001144409197
2006-03-30,-0.0017707662086453608,0.05000000000000071,0.026456091342854607,0.01132492195118332,-0.15900421142578125,0.6199998855590838
2006-03-31,0.00023162426362611545,0.0,-0.008569032949188241,-0.004358853634659159,0.020782470703125,-0.17999935150146662
2006-04-03,-0.0007709282207444688,0.019999999999999574,0.006348185470116209,0.001976724958151662,-0.06915283203125,0.17999935150146662
2006-04-04,0.006377879392274994,-0.009999999999999787,-0.00239725090815688,0.009918005849360768,0.5737075805664205,-0.4299993515014666
2006-04-05,0.0034406646061947814,-0.03000000000000025,0.005641488791230979,0.00228298028635211,0.3110198974609091,-0.010000228881835938
2006-04-06,-0.001069181571908453,0.0600000000000005,0.010513899447594038,-0.006039769791432209,-0.09676361083982954,0.31999969482421875
2006-04-07,-0.010215288264062252,0.0699999999999994,-0.011707924234642812,-0.009796333460045194,-0.9193115234375,0.8100004196166992
2006-04-10,0.0015430113779000148,0.0,0.01709151230827786,0.001404001669205044,0.1382598876953125,-0.07000064849853516
2006-04-11,-0.008514204863804135,-0.040000000000000036,-0.00994865584400034,0.002971785868108545,-0.76025390625,0.8100004196166992
2006-04-12,0.0018636333511714758,0.05000000000000071,0.0070922618883069175,-0.002802217820896405,0.16585540771484375,-0.23999977111816406
2006-04-13,-0.0013196754543906561,0.0699999999999994,0.0011771580379689472,0.00016963768815453134,-0.1174774169921875,-0.38000011444091797
2006-04-17,-0.0003889156182771638,-0.040000000000000036,0.026371876607847133,0.011319637541899328,-0.0345916748046875,0.1999998092651385
2006-04-18,0.01573133738343894,-0.019999999999999574,0.012363885008428081,0.009183531396874717,1.409996032714858,-1.1800003051757848
2006-04-19,0.001911166830613845,0.04999999999999982,0.030257109870676136,0.0008908493429412366,0.17281341552732954,-0.07999992370605113
2006-04-20,0.0013736371769754844,0.0,-0.044751287678637945,-0.005591671595787801,0.12441253662110796,0.3200006484985334
2006-04-21,0.00015209846885844272,-0.03000000000000025,0.03608641686474083,0.002588268509211019,0.01378631591795454,-0.05000019073486328
2006-04-24,-0.0018310948626021435,-0.019999999999999574,-0.024831058863613812,0.0038826827000252085,-0.16583251953125,0.15999984741210938
2006-04-25,-0.004133533853425648,0.08000000000000007,0.018163277608642465,0.0032262187740079032,-0.37323760986328125,0.0
2006-04-26,0.00022976507595758752,0.04999999999999982,0.013762817006708136,0.0016046660651645136,0.0207061767578125,0.010000228881835938
2006-04-27,0.004819651079785656,-0.03000000000000025,-0.010899759408640247,0.006644863604506852,0.4354400634765625,0.07999992370605469
2006-04-28,0.0033523639653264604,-0.019999999999999574,0.03327128175431663,0.00826760236172215,0.30411529541015625,-0.25
2006-05-01,-0.008172015045112073,0.0699999999999994,0.0010749686135923268,-0.004438013057854198,-0.7395553588867188,0.9499998092651367
2006-05-02,0.007487250368303091,-0.019999999999999574,0.02110775076209168,0.0029354471549831803,0.6773529052734375,-0.5500001907348633
2006-05-03,-0.0037364491706075543,0.03000000000000025,-0.0013533415469022937,0.0004794802208979682,-0.33866119384765625,0.0
2006-05-04,0.0035845329930908974,0.009999999999999787,0.015231058274022213,0.006153845875736307,0.32486724853515625,-0.13000011444091797
2006-05-05,0.008791868520573358,-0.040000000000000036,0.007529296693737569,0.002123257907461012,0.8017578125,-0.23999977111816406
2006-05-08,-0.0012080943531114136,0.0,-0.006344548315854382,-0.0019709375915264553,-0.11058807373046875,0.38000011444091797
2006-05-09,0.001962215169324142,0.009999999999999787,0.030897281121183933,0.005030312423480176,0.1796875,-0.010000228881835938
2006-05-10,-0.0005279997325315305,0.0,0.009995755944479651,0.0005875174281937835,-0.0483856201171875,-0.21000003814697266
2006-05-11,-0.012144195800804686,0.009999999999999787,0.009193212955575812,0.006047733081751017,-1.105865478515625,0.7100000381469727
2006-05-12,-0.01314466016213184,0.05000000000000071,0.0012663240006524636,0.006045859835349868,-1.1819305419921875,1.6999998092651367
2006-05-15,0.002009794014207715,-0.040000000000000036,-0.053575200633378034,-0.010879327218100593,0.17971038818359375,-0.6199998855590803
2006-05-16,-0.0014683605291812036,-0.05000000000000071,0.017644876407503035,0.004679295759930909,-0.1313323974609375,-0.2199993133544922
2006-05-17,-0.0192072011688474,0.0600000000000005,-0.0067271250662083795,-0.008445241483864874,-1.7002792358398438,2.9099998474121076
2006-05-18,-0.005058013280299118,-0.08000000000000007,-0.010176364470453626,0.008522330266385929,-0.44234466552734375,0.7299995422363281
2006-05-19,0.007027302045535974,-0.03000000000000025,-0.028264016724660453,-0.006558167669646246,0.61517333984375,0.1900005340576172
2006-05-22,-0.007661761101254762,-0.009999999999999787,-0.0042787163206261586,0.006712420157343083,-0.670501708984375,0.5399990081787109
2006-05-23,-0.0076402233902232875,0.03000000000000025,0.016403681898370586,-0.005460417870518412,-0.6635208129882812,0.5400009155273473
2006-05-24,0.007957503235368405,-0.040000000000000036,-0.035575658845409586,-0.0007028393823765343,0.6911849975585938,-0.899999618530277
2006-05-25,0.012288439183291805,0.040000000000000036,0.009941048269267854,0.002814168190519901,1.0782318115234375,-1.8600006103515625
2006-05-26,0.005075961816239843,-0.010000000000000675,0.0061633714364872465,-0.005556827315730726,0.4492645263671875,-1.239999771118164
2006-05-30,-0.01791887521624751,0.03000000000000025,0.00015363084740756304,0.009844645945359113,-1.575836181640625,4.399999618530273
2006-05-31,0.011119185364032402,0.03000000000000025,-0.013607713088968276,-0.0038136996019872637,0.9745254516601562,-2.219999313354492
2006-06-01,0.009522278565230961,-0.009999999999999787,-0.026344325345324347,-0.00039716174545518054,0.8432235717773438,-1.9200000762939453
2006-06-02,0.002095104998850383,-0.11000000000000032,0.014913787710007854,0.00832313840843239,0.18660736083984375,-0.20000076293945135
2006-06-05,-0.014680866435841813,0.019999999999999574,-0.003312552645839676,-0.0013167028155889355,-1.299407958984375,2.329999923706053
2006-06-06,-0.0024418756343130648,-0.009999999999999787,-0.011761128537159677,-0.0061478377425670605,-0.21428680419921875,0.6900005340576172
2006-06-07,-0.007519022929697381,0.009999999999999787,-0.00432589735009203,-0.0015629732493834005,-0.65655517578125,0.45999908447265625
2006-06-08,-0.0008744294194874491,-0.019999999999999574,-0.02224296502229832,-0.012025286727839984,-0.0760345458984375,0.5500011444091797
2006-06-09,-0.003185852303443288,-0.019999999999999574,-0.007580772661454671,-0.0006322032824184526,-0.276458740234375,-0.22999954223632812
2006-06-12,-0.010908950536893697,0.009999999999999787,-0.0069721727529346005,-0.00435168626168237,-0.94000244140625,2.839998245239258
2006-06-13,-0.011681896308645206,-0.020000000000000462,-0.07092235174749524,-0.003191786510807495,-0.99530029296875,2.8500003814697266
2006-06-14,0.007721683035532036,0.08000000000000007,-0.005379235579350925,0.005018502294383033,0.656585693359375,-2.3500003814697266
2006-06-15,0.020992894132976905,0.04999999999999982,0.030106768033878732,0.002449052811487121,1.8108978271484375,-5.559999465942385
2006-06-16,-0.0073136847468469705,0.03000000000000025,0.006260900631636242,0.0003918807193921517,-0.6352157592773438,1.3500003814697283
2006-06-19,-0.007893323540067691,0.009999999999999787,-0.023150800407539796,-0.0051457920115929555,-0.6803665161132812,0.5799999237060547
2006-06-20,0.0033900674152097447,0.010000000000000675,0.016540912545872956,0.0007172703794377151,0.2915496826171875,-1.1399993896484375
2006-06-21,0.007387101106402166,0.009999999999999787,0.017815961750979315,0.005693824497079458,0.63873291015625,-1.1700000762939453
2006-06-22,-0.004408932162317792,0.040000000000000036,-0.010339611013396036,-0.0060210413408220455,-0.3817901611328125,0.3599996566772461
2006-06-23,-0.00016089398454577076,0.03000000000000025,0.004493649688969512,-0.004858606239090171,-0.0139007568359375,0.010000228881835938
2006-06-26,0.004409552103402913,0.019999999999999574,0.004988349549092769,0.005185823082832815,0.38178253173828125,-0.2700004577636719
2006-06-27,-0.008677647225651907,-0.040000000000000036,-0.010348462113978675,-0.0015975103582966236,-0.7497177124023438,0.7799997329711914
2006-06-28,0.006756316610591712,0.040000000000000036,-0.002430124232988146,-0.0018334038348102601,0.583160400390625,-0.6099996566772461
2006-06-29,0.019998787950217898,-0.03000000000000025,0.033832024181210556,0.009365370117246618,1.7494354248046875,-2.760000228881836
2006-06-30,7.866140229353953e-05,-0.0699999999999994,0.0283248597979711,0.00935168197427941,0.00695037841796875,0.05000019073486506
2006-07-03,0.004077160265022041,0.0,0.015396151524819567,0.0014070854312624858,0.36100006103515625,-0.029999732971193183
2006-07-05,-0.00572870728464392,0.08000000000000007,0.005133147203806899,-0.005247467898968159,-0.5068130493164062,1.0999994277954084
2006-07-06,0.0029077364495107344,-0.040000000000000036,0.008285586850556694,0.003290765739701162,0.2568817138671875,-0.5
2006-07-07,-0.006534416499463262,-0.05000000000000071,-0.006207730001220553,0.003750451315832554,-0.57623291015625,0.32000064849853693
2006-07-10,0.0018942587458986074,-0.009999999999999787,-0.009787492538485095,-0.006174904189814338,0.166656494140625,0.05000019073486328
2006-07-11,0.004404710058605205,-0.03000000000000025,0.028453018348612674,0.0017603495376866014,0.3887481689453125,-0.880000114440918
2006-07-12,-0.010731311781551449,0.0,0.017245775039784833,-0.004356947792424389,-0.9441299438476562,1.3499994277954102
2006-07-13,-0.016397168218316178,-0.019999999999999574,0.009657542324286587,-0.001181540003307359,-1.4231796264648438,3.3000011444091797
2006-07-14,-0.003878460730736107,-0.009999999999999787,0.004566148251357566,-0.004181207807113774,-0.33322906494140625,0.2599983215332031
2006-07-17,-0.0014583208392325768,0.0,-0.02927786506214761,-0.010014298138597572,-0.12496185302734375,0.5900001525878942
2006-07-18,0.005094269462453523,0.05999999999999961,-0.016555351989900366,-0.001276043290273441,0.43731689453125,-0.899999618530277
2006-07-19,0.013779139531739027,-0.07000000000000028,0.01780551650096022,0.007731113288475531,1.194091796875,-2.189999580383301
2006-07-20,-0.006865396680555299,-0.02999999999999936,-0.023545337797397207,0.002687121818321156,-0.5970077514648438,0.659998893737793
2006-07-21,-0.007075006956435253,0.019999999999999574,-0.013360389171752314,0.0057646385914954384,-0.6109619140625,1.1900005340576172
2006-07-24,0.018069296749241705,0.0,-0.009279671017174801,-0.0064717669817498475,1.5689926147460938,-2.4200000762939453
2006-07-25,0.0035591119017264437,0.020000000000000462,0.0066835337551839295,-0.003176202001812247,0.31240081787109375,-0.1299991607665998
2006-07-26,0.0013411885209466377,-0.03000000000000025,0.007284544810071161,0.010194516236336774,0.118011474609375,-0.2300004959106463
2006-07-27,-0.0009463100684582331,0.03000000000000025,0.014411802920109096,-0.0013340178208113482,-0.083282470703125,0.31999969482421875
2006-07-28,0.009972593907554598,-0.07000000000000028,0.0033330573021811403,0.0043259585784296934,0.8816375732421875,-0.6099996566772443
2006-07-31,-0.0010160214539218987,-0.009999999999999787,0.0007919417041651264,0.0017995560049545065,-0.0902252197265625,0.6199998855590803
2006-08-01,-0.00494006079987463,0.0,0.018199433154515745,0.003595934944970853,-0.43738555908203125,0.10000038146972656
2006-08-02,0.006737370987264695,-0.03000000000000025,0.006663080453584655,-0.002189817909358722,0.5970535278320312,-0.7100000381469727
2006-08-03,0.002650644111887511,0.0,-0.009777330003267252,0.0005501395494782312,0.23600006103515625,0.11999988555908203
2006-08-04,-0.0017142798449687271,-0.04999999999999982,0.0024921513025285714,0.006226967058490283,-0.15270233154296875,-0.11999988555908203
2006-08-07,-0.002343244075705364,0.019999999999999574,0.003416701922818477,-0.004664191757599403,-0.20830535888671875,0.8899993896484375
2006-08-08,-0.0038380337230585555,0.0,-0.008250981257249518,-0.004068194790429433,-0.3401336669921875,0.0
2006-08-09,-0.0033804235394614478,-0.009999999999999787,0.010264414233311715,0.008423276792302849,-0.29850006103515625,-0.029999732971191406
2006-08-10,0.0030665795851361724,0.009999999999999787,-0.021583529170159283,-0.00639121068862434,0.27074432373046875,-0.7399997711181641
2006-08-11,-0.0028303347246347063,0.040000000000000036,-0.008574217652083825,-0.005320463811241321,-0.24991607666015625,-0.15999984741210938
2006-08-14,0.0007871664857842403,0.03000000000000025,-0.007362374610728818,-0.00016545365255599755,0.06943511962890625,-0.039999961853027344
2006-08-15,0.011886684200751646,-0.07000000000000028,-0.003862900050710145,0.005332432437814901,1.0551834106445312,-0.8400001525878924
2006-08-16,0.008284131609297475,-0.05999999999999961,0.007710935506649349,0.0040628955124496,0.7428359985351562,-1.0100002288818342
2006-08-17,0.0025416025921776927,0.0,-0.02364104424604251,-0.0008600679688531479,0.2291412353515625,-0.1700000762939453
2006-08-18,0.005062478131520492,-0.03000000000000025,0.00016387542029731639,-0.00030791733378379477,0.45815277099609375,-0.5999994277954102
2006-08-21,-0.004294347114747831,-0.019999999999999574,0.0226766716784495,0.0034953336949795155,-0.38878631591796875,0.5799999237060547
2006-08-22,-7.668520600043389e-05,0.0,-0.006265574298403793,-0.0047517713355793925,-0.006927490234389211,-0.030000686645507812
2006-08-23,-0.0027703503142567157,0.0,-0.003551786170239269,-0.0024184696289945118,-0.2499084472656108,0.21000003814697088
2006-08-24,-0.0008483869275029234,-0.010000000000000675,-0.0012947376767310466,-0.0014942839592491147,-0.07639312744140625,0.0
2006-08-25,0.0012337487547192164,-0.019999999999999574,0.0003238416104977378,-0.0003827740871964704,0.111114501953125,-0.08999919891357244
2006-08-28,0.004763965304817737,0.009999999999999787,-0.012543952945273145,0.0027720546003188883,0.4303436279297017,-0.13000011444091975
2006-08-29,0.001150044835510616,-0.009999999999999787,-0.0009841131508818335,0.002856852477721754,0.10419464111326704,0.09999942779541193
2006-08-30,0.0006122505403942836,-0.03000000000000025,0.007845734178219533,0.0009241393739663098,0.05551910400390625,-0.05999946594238281
2006-08-31,-0.0001532588323448316,-0.019999999999999574,0.014065428763227219,-0.0024881114668699102,-0.0139007568359375,0.09000015258789062
2006-09-01,0.005953235255381835,-0.009999999999999787,-0.002411019821175847,0.002102955956966126,0.5415344238281108,-0.35000038146972656
2006-09-05,0.0019003621268282478,0.04999999999999982,0.01944286299654392,-0.0009365800389194769,0.17354583740237217,0.6700000762939453
2006-09-06,-0.008849005432907717,0.019999999999999574,-0.007922716060125687,-0.0003846420842231741,-0.8053131103515625,1.109999656677246
2006-09-07,-0.004607992127130846,0.0,-0.025946191654282313,-0.006809366420828909,-0.41654205322268467,0.1400003433227539
2006-09-08,0.0028443443468590952,-0.019999999999999574,-0.010009118155884447,-0.004649095399598617,0.25688934326171875,-0.7200002670288086
2006-09-11,0.0009969957321004435,0.019999999999999574,-0.035927977031141096,0.0029191081377163194,0.09021759033204546,-0.1700000762939453
2006-09-12,0.009767300228416879,-0.019999999999999574,-0.0030816717701889667,-0.001181344691054494,0.8886108398437642,-1.0699996948242205
2006-09-13,0.004017116894543942,-0.010000000000000675,0.0051308345941207655,0.0001522980101292906,0.3679962158202983,-0.7399997711181641
2006-09-14,7.513482715552595e-05,0.020000000000000462,-0.024696883147300317,0.0020463542130882352,0.00689697265625,0.3699998855590838
2006-09-15,0.002344459863905859,0.009999999999999787,0.0036652959943343877,-0.005671079293281995,0.2154693603515625,0.21000003814697266
2006-09-18,0.001363204500178853,0.009999999999999787,0.014356348078949017,0.004412229525440513,0.125518798828125,0.01999950408935547
2006-09-19,-0.0025003804965940363,-0.0699999999999994,-0.022753936934990223,-0.002360614829481858,-0.23009490966796875,0.19999980926513672
2006-09-20,0.005296452935662666,-0.009999999999999787,0.005955529304156023,0.0008623130826507097,0.4880828857421875,-0.5899991989135742
2006-09-21,-0.004841493723098937,-0.08000000000000007,0.011978312594347288,0.007309586892705994,-0.446258544921875,0.8599996566772461
2006-09-22,-0.0030378385080357035,-0.05000000000000071,0.009446171286572042,0.001483672537638885,-0.27890777587890625,0.3400001525878906
2006-09-25,0.007652481633659157,-0.040000000000000036,0.0,-0.004304323870715119,0.7042083740234375,-0.4700002670288086
2006-09-26,0.008269125735126693,0.03000000000000025,0.004094200107174069,-0.004564947887193459,0.7670364379882812,-0.5900001525878906
2006-09-27,0.0011973869468471798,0.009999999999999787,0.018051939672373406,0.0014981340914556,0.11159515380860796,0.05000019073486506
2006-09-28,-0.0003737071725021007,0.03000000000000025,-0.00033445581216309524,-0.0001905691902114753,-0.03484344482423296,0.14000034332275213
2006-09-29,-0.000823679774344967,0.009999999999999787,-0.0053664339603248755,-0.0032721706623685854,-0.076751708984375,0.25999927520751953
2006-10-02,-0.0037500022403522447,-0.019999999999999574,-0.005395388023705695,0.006287458366739856,-0.3486328125,0.5900001525878924
2006-10-03,0.002102163414506142,0.0,-0.0350973728570958,-0.0005477370050458743,0.19527435302734375,-0.32999992370605646
2006-10-04,0.011629347877278989,-0.04999999999999982,-0.013042160218877828,-0.0017304342563392162,1.0877227783203125,-0.38000011444091797
2006-10-05,0.001925656410163203,0.040000000000000036,0.009709657907544174,-0.0013720460987372894,0.18133544921875,0.11999988555908203
2006-10-06,-0.0012587755321518451,0.08999999999999986,0.0012291022461254299,-0.007235661779162002,-0.1185760498046875,-0.4199991226196289
2006-10-09,0.0005928148536277917,0.0,0.0036780684249936844,-0.00023941228607752356,0.05582427978515625,0.11999988555908025
2006-10-10,0.0013312354873585076,0.04999999999999982,-0.003502643889304294,-0.0054915412727985615,0.12548065185546875,-0.1599998474121076
2006-10-11,-0.00118359281135964,0.03000000000000025,-0.0021074635611676128,-0.0006389633995271695,-0.111572265625,0.09999942779541016
2006-10-12,0.008622461061061657,0.009999999999999787,0.010667244557621159,0.002872173062261645,0.8158340454101562,-0.5299997329711914
2006-10-13,0.002564787389939849,0.019999999999999574,0.018611566060242047,-0.004386380378048497,0.2440338134765625,-0.3400001525878906
2006-10-16,0.0015362325944052637,-0.019999999999999574,0.010192010851696898,0.0028803213795028527,0.1464691162109375,0.3400001525878906
2006-10-17,-0.0031472567989554055,-0.009999999999999787,-0.0088270246267677,0.00031353761879019954,-0.29982757568359375,0.6399993896484375
2006-10-18,0.0013183619515186621,-0.010000000000000675,-0.0010235649551442205,-0.00047666547602821644,0.12548065185546875,-0.3899993896484375
2006-10-19,0.0016089833741130023,0.020000000000000462,0.013898523638232187,0.0069962433735178044,0.1533660888671875,-0.44000053405761896
2006-10-20,0.0002199114733238312,0.0,-0.010660919575812458,-0.0008709133867989162,0.0209808349609375,-0.2699995040893537
2006-10-23,0.004593076016369767,0.040000000000000036,-0.01750517469820813,-0.005171846216307196,0.43926239013671875,0.4499998092651385
2006-10-24,0.002978134470428827,0.0,0.007073260919781201,0.0006403400781511017,0.28589630126951704,-0.30000019073486506
2006-10-25,0.0034027786212506954,-0.04999999999999982,0.01009159629586728,0.004531506138156045,0.32770538330080967,-0.11999988555908203
2006-10-26,0.003103115497223966,-0.04999999999999982,0.008979350419899177,0.00616298121393981,0.2998199462890341,-0.09999942779541016
2006-10-27,-0.006288561883880539,-0.05000000000000071,0.0018535788960060886,0.0038537477440230426,-0.6066284179687358,0.23999977111816406
2006-10-30,-0.0007253391083745177,0.0,0.008382278538378779,-0.001973288818902049,-0.06972503662110796,0.39999961853027344
2006-10-31,-0.0001452262663904285,-0.0699999999999994,0.005660080759457596,0.0038482023621698694,-0.013954162597627828,-0.09999942779540838
2006-11-01,-0.006771982840751182,-0.040000000000000036,0.018421555651427647,-0.0009824869722384196,-0.6484451293945455,0.4099998474121076
2006-11-02,-0.0005847459061068466,0.02999999999999936,0.009085032704114484,0.0020043996672046258,-0.0557861328125,-0.0900001525878924
2006-11-03,-0.001756211953695904,0.1200000000000001,0.0061182138370136285,-0.005734613822926522,-0.16735076904295454,-0.26000022888183416
2006-11-06,0.011215590355115719,-0.009999999999999787,-0.0066028076577951044,0.0014624307037942792,1.0738143920898295,0.0
2006-11-07,0.003831085044922214,-0.04999999999999982,0.0024207471759942175,0.0041955059172415,0.36956787109375,-0.06999969482421875
2006-11-08,0.0021621403290057583,-0.020000000000000462,-0.015103824170810666,-0.001494046172681271,0.209197998046875,-0.3400001525878906
2006-11-09,-0.005269462526624745,-0.019999999999999574,0.029665243715548233,0.0056686790778752915,-0.5090560913085795,0.26000022888183594
2006-11-10,0.000434069721515084,-0.03000000000000025,-0.0073342018093687155,0.001669622710527332,0.04183197021484375,-0.2200002670288086
2006-11-13,0.002456781103873677,0.020000000000000462,-0.004812377767142642,-0.002182727284075983,0.2371063232421733,0.06999969482421875
2006-11-14,0.007476267627969516,-0.040000000000000036,-0.009045410728369502,-0.0009358251909987133,0.7251358032226562,-0.3599996566772461
2006-11-15,0.002861234743994294,0.040000000000000036,0.0034016244413848868,0.0008587717265917784,0.27895355224607954,-0.18999958038330078
2006-11-16,0.0025677639798397287,0.04999999999999982,-0.008607422572897042,-0.00242095716504331,0.2510223388672017,-0.15000057220458984
2006-11-17,0.00028468408772746863,-0.04999999999999982,0.007636683557831217,0.004372325691854353,0.02787017822264204,-0.1099996566772461
2006-11-20,0.000569670288647366,-0.010000000000000675,-0.0001618506129790338,-0.0024897930702208818,0.05579376220704546,-0.07999992370605469
2006-11-21,0.0009958510406026294,-0.019999999999999574,0.008061959117047567,0.0021813784995858092,0.0976104736328125,-0.07000064849853693
2006-11-22,0.001989120072376638,-0.009999999999999787,0.0036867805067237296,0.007206866877766688,0.19525909423828125,0.24000072479248225
2006-11-24,-0.004053145121422319,-0.020000000000000462,0.015873349156290163,0.011229162821278959,-0.3974609375,0.5899991989135742
2006-11-27,-0.013846752782713197,-0.009999999999999787,0.003144668656543143,0.0036574785883362816,-1.3457565307617188,1.5700006484985352
2006-11-28,0.0043252965875805235,-0.03000000000000025,-0.0020429184074974753,0.005385783518544372,0.41837310791015625,-0.6800003051757812
2006-11-29,0.01037630476172181,0.009999999999999787,-0.006470469176144637,-0.004242635380701603,1.0110778808593892,-0.7899999618530256
2006-11-30,0.0004266053856692264,-0.05999999999999961,0.019287145099564598,0.007800857030279221,0.04179382324217329,0.07999992370605291
2006-12-01,-0.002208742446469213,-0.03000000000000025,-0.004201961494731662,0.00676759607638885,-0.21619415283203125,0.75
2006-12-04,0.007602447600409142,0.0,0.0,-0.0003734872369364384,0.7461471557617188,-0.43000030517578125
2006-12-05,0.004308102720865194,0.020000000000000462,-0.004846431174560282,-0.0012794396254906634,0.42534637451171875,0.04000091552734375
2006-12-06,-0.0008458444953553442,0.03000000000000025,-0.017708016022004534,-0.002434413610155041,-0.08365631103514204,0.05999946594238459
2006-12-07,-0.0043827545961435226,0.009999999999999787,0.0006378714314723856,-3.9837220099502234e-05,-0.43233489990235796,1.340000152587887
2006-12-08,0.001840068837363135,0.0699999999999994,-0.010899295456230593,0.008097312982503884,0.18128204345703125,-0.600000381469723
2006-12-11,0.002895150057286824,-0.040000000000000036,0.008345425777865432,-0.010737731366210972,0.2859039306640625,-1.3599996566772479
2006-12-12,-0.0007760024181157985,-0.02999999999999936,-0.0007994122577706783,0.0025606494497704057,-0.07671356201171875,-0.060000419616700995
2006-12-13,0.001057853588217593,0.08999999999999986,-0.0006400146702843091,-0.005048775887443793,0.10459136962890625,-0.4699993133544922
2006-12-14,0.008772069595874015,0.019999999999999574,-0.005778517118766663,-0.004668205235648688,0.87158203125,-0.21000003814697088
2006-12-15,9.165997092788793e-05,0.0,-0.018194116912789278,-0.004384725329122204,0.00914764404296875,0.07999992370605469
2006-12-18,-0.002743878663867754,0.0,0.0006555378016999935,0.0005371596014467245,-0.27347564697265625,0.5500001907348651
2006-12-19,0.0019004275707141713,0.0,0.012373950143335283,0.007683363055979611,0.1893310546875,-0.30000019073486506
2006-12-20,-0.0005628748350598604,0.0,-0.0029168762837298865,-0.0015175474725008403,-0.05611419677734375,-0.039999961853027344
2006-12-21,-0.0036649312296669467,-0.04999999999999982,-0.0039024092413447,-0.000237415381201727,-0.364593505859375,0.26999950408935547
2006-12-22,-0.006161984679939077,0.08000000000000007,0.004389187767752673,-0.0035664686480837257,-0.6100006103515625,0.8299999237060547
2006-12-26,0.005879740325997395,-0.019999999999999574,0.005338490612910114,-0.0020603606823440834,0.5819778442382812,-0.09999942779541016
2006-12-27,0.00654714226275068,0.04999999999999982,0.0038647661146999175,0.0011543321995789557,0.6520767211914062,-0.619999885559082
2006-12-28,-0.0021074816952412153,0.040000000000000036,0.01086967687656617,0.0017471372992905203,-0.21036529541014204,0.34999942779541016
2006-12-29,-0.004157416213567794,0.009999999999999787,0.004916314035106273,0.0037938273873117743,-0.41368865966798296,0.5700006484985352
2007-01-03,-0.0017670866021402784,-0.040000000000000036,-0.014822174634752269,-0.0020435826595470094,-0.17531585693359375,0.4799995422363281
2007-01-04,0.002120221685970164,-0.04999999999999982,-0.010167073004530057,-0.005948768739402194,0.21038818359375,-0.5299997329711914
2007-01-05,-0.008008337645096964,0.03000000000000025,-0.02429939556012064,-0.008279714683493073,-0.792327880859375,0.630000114440918
2007-01-08,0.004614792857471809,0.009999999999999787,0.005138865501529681,0.004229060481475689,0.45580291748048296,-0.1400003433227539
2007-01-09,-0.0008505550283772202,0.0,0.006099070055031333,-0.0033066575143049803,-0.08416748046876421,-0.09000015258789062
2007-01-10,0.003325781335332989,0.03000000000000025,-0.004281928882199728,-0.004396289480035525,0.3295135498046875,-0.4399995803833008
2007-01-11,0.004371111796692688,0.04999999999999982,0.0006599722253165242,-0.003474810499555011,0.43475341796875,-0.6000003814697266
2007-01-12,0.007568295430535617,0.02999999999999936,0.02508270112828025,0.002556548257492989,0.7572555541992188,-0.7200002670288104
2007-01-16,-0.001956674215296186,-0.019999999999999574,-0.003222122156554715,-0.0006203939912853217,-0.19632720947265625,0.5900001525878924
2007-01-17,0.0004194412923973226,0.040000000000000036,0.010753625266441386,0.001538656233347586,0.04205322265623579,-0.14999961853027344
2007-01-18,-0.003361382796878506,-0.040000000000000036,-0.006084903884278258,0.0016187982179742618,-0.3365173339843608,0.2600002288818377
2007-01-19,0.0019621287129491763,0.03000000000000025,0.011815588337062208,0.0006222994126600615,0.19629669189453125,-0.4500007629394567
2007-01-22,-0.0030855127923180865,-0.020000000000000462,-0.004454330886639369,-0.0014644175882648875,-0.30850982666017046,0.3700008392334002
2007-01-23,0.002945853005008697,0.04999999999999982,0.023790048029069068,0.005623168426004685,0.2945251464843892,-0.43000030517578125
2007-01-24,0.008020653656193439,0.0,0.0015556703524108786,-0.004625531049788098,0.8063125610351562,-0.4499998092651367
2007-01-25,-0.011809644219399909,0.0600000000000005,-0.0042060078166053835,-0.0017743174185859563,-1.1849746704101562,1.3299999237060547
2007-01-26,-0.0009143550583380473,0.009999999999999787,0.0017156771582206524,-0.0008536254205263411,-0.09116363525390625,-0.09000015258789062
2007-01-29,-0.0005629249917300516,0.020000000000000462,-0.006252915722453849,0.0026279428391123454,-0.05608367919921875,0.31999969482421875
2007-01-30,0.0051960142904429124,-0.020000000000000462,0.007031840163978631,0.0002333713714125127,0.5188751220702983,-0.48999977111816406
2007-01-31,0.006700475371723771,-0.04999999999999982,0.009453779761331271,0.00439215967837555,0.6731033325195455,-0.5399999618530291
2007-02-01,0.005965004482183688,0.009999999999999787,0.005997701647027386,-0.00031246539892226094,0.60302734375,-0.10999965667724432
2007-02-02,0.0013817202206141807,-0.009999999999999787,-0.014517667198963751,-0.004235269142216337,0.1401977539062642,-0.23000049591064275
2007-02-05,0.0002764756643148532,-0.020000000000000462,0.0004665803047738857,-0.0024730445044245544,0.028076171875,0.4700002670288068
2007-02-06,0.000275798461572951,-0.040000000000000036,0.007436182408872659,0.004016963027088081,0.02801513671873579,0.09999942779540838
2007-02-07,0.0022063512111397277,-0.02999999999999936,-0.00247262781476593,0.003003816018474825,0.2243957519531392,-0.32999992370605113
2007-02-08,-0.0013095557701744143,-0.009999999999999787,0.01367673153177363,0.0013030985259663663,-0.13324737548829546,0.11999988555908025
2007-02-09,-0.0074748279364096094,0.05999999999999961,0.009115926182613185,-0.0025395237343378563,-0.757232666015625,0.6600008010864276
2007-02-12,-0.0034101740795246293,0.009999999999999787,-0.006829142171961048,-0.0033891058414167504,-0.34358978271484375,0.5099992752075178
2007-02-13,0.008399971742780794,0.020000000000000462,0.0025853284272528386,0.005315941108024146,0.8484497070312358,-1.2699995040893555
2007-02-14,0.00654562229724256,-0.08000000000000007,0.008017687793249467,0.00824414292428635,0.6661071777343892,-0.1100006103515625
2007-02-15,0.0013034315156835873,-0.040000000000000036,0.0006025141558484927,-0.0003678588334679295,0.1331634521484375,-0.009999275207519531
2007-02-16,-0.00047968387468848896,-0.009999999999999787,-0.0007532281767395391,0.00022332659529165493,-0.04902648925782671,-0.19999980926513672
2007-02-20,0.002124581323176398,-0.010000000000000675,-0.01594934798707457,0.0007622559952752999,0.21732330322267046,0.2199993133544922
2007-02-21,-0.0004106167207760461,0.010000000000000675,0.030757753667661307,-0.0006834093913023712,-0.0420379638671875,-0.039999961853027344
2007-02-22,-0.0007540809028344932,0.040000000000000036,-0.002973934507727785,-0.0010637279079879903,-0.07715606689453125,-0.019999504089357245
2007-02-23,-0.003915391194677279,-0.05000000000000071,0.008452629597989566,0.0033393417693650938,-0.39968109130857954,0.399999618530277
2007-02-26,-0.000894541893529784,-0.04999999999999982,0.005595615458346798,0.001898089268337443,-0.09109497070313921,0.5699996948242152
2007-02-27,-0.03984114993956012,-0.1299999999999999,-0.040301982788906086,0.002880487207310668,-3.9756546020507812,7.159999847412111
2007-02-28,0.010198781047604568,0.05999999999999961,0.016225993082467267,-0.00023813946426285714,1.0026779174804688,-2.8899993896484393
2007-03-01,-0.0029850009046243037,0.0,-0.009977462163909176,-0.004461413760450013,-0.294525146484375,0.399999618530277
2007-03-02,-0.01318113914113168,-0.040000000000000036,-0.03258221712050644,-0.0003819583009357749,-1.2901000976562642,2.7900009155273384
2007-03-05,-0.009565172330496573,-0.009999999999999787,-0.012318519369876343,-0.005945963267554178,-0.9255981445312358,1.0199985504150426
2007-03-06,0.016965296495934135,0.020000000000000462,0.019201112459463956,0.003894437852204436,1.6477890014648438,-3.669999122619629
2007-03-07,-0.0010024549450364081,-0.03000000000000025,0.002335563857059509,0.003079013688115637,-0.09814453125,-0.7200002670288086
2007-03-08,0.008419735943325568,0.009999999999999787,0.002795471555182954,-0.0027768172457007926,0.827392578125,-0.9499998092651367
2007-03-09,0.00028385132009082635,0.08000000000000007,-0.003573426484667515,-0.0019824983021725544,0.02801513671876421,-0.19999980926513672
2007-03-12,0.0014905968513596538,-0.03000000000000025,0.0018660049578603111,0.0054711412153719075,0.1472473144531108,-0.10000038146972656
2007-03-13,-0.019625812330709393,-0.05999999999999961,-0.010149224534042496,0.00015835570411889548,-1.9212493896484375,4.1399993896484375
2007-03-14,0.007423073548144068,0.03000000000000025,0.0034466179547404147,0.0034087743743156035,0.7222442626953267,-0.8599987030029297
2007-03-15,0.0013629418603280958,0.009999999999999787,0.0006254052126911442,0.0036197877463282706,0.1331939697265483,-0.8400001525878906
2007-03-16,-0.0028040207147998508,0.009999999999999787,0.00995347553336337,0.002633432217415417,-0.27382659912109375,0.3600006103515625
2007-03-19,0.011983167034368771,0.03000000000000025,0.0018552126010832166,-0.0003861289599613003,1.1756057739257812,-2.200000762939453
2007-03-20,0.005477555558003843,-0.020000000000000462,0.008153245714605661,0.00022634175857639703,0.542083740234375,-1.3199996948242188
2007-03-21,0.01632291318574904,-0.02999999999999936,0.008391277663042266,0.006224513827090509,1.6331100463867188,-1.080000877380371
2007-03-22,-0.0007677803818660732,0.0699999999999994,-0.0009119556454928486,-0.00486539240890155,-0.07741546630859375,0.7400007247924787
2007-03-23,0.001465739237887919,0.020000000000000462,-0.009319456241314986,-0.0027829361817312344,0.1478424072265625,0.019999504089357245
2007-03-26,-0.0013257893342752,-0.020000000000000462,0.0105351737556021,0.002622982853071202,-0.13373565673828125,0.21000003814697266
2007-03-27,-0.002377340154864879,0.020000000000000462,-0.002128621706794342,0.002482783509662501,-0.2393646240234375,0.31999969482421875
2007-03-28,-0.007306342329472026,0.0,0.005313198131411976,-0.0037485595184143534,-0.732093811035142,1.5
2007-03-29,0.0010571032203767314,0.019999999999999574,-0.006074453180646416,0.0014924211550835132,0.10559082031247158,0.16000080108642578
2007-03-30,0.00021075234734669302,0.010000000000000675,0.0013699117494945744,0.0018018553959377706,0.02106475830080967,-0.5
2007-04-02,0.0011262108585123327,0.0,0.0016718692763152765,0.0008285633882327921,0.11264038085936079,-0.1100006103515625
2007-04-03,0.010705835849956997,0.019999999999999574,-0.00030371572256647657,-0.0033768877244499513,1.077125549316392,-1.0699996948242188
2007-04-04,0.001112217948931911,-0.009999999999999787,0.014777044100175683,0.0036710770593378008,0.11256408691407671,-0.2200002670288086
2007-04-05,0.002707597617253666,0.019999999999999574,0.0007481567258945134,0.004329092139057655,0.2745513916015625,-0.010000228881835938
2007-04-09,0.0013855710702135827,0.07000000000000028,-0.004947934715117107,-0.005745739902175518,0.14078521728515625,-0.08999919891357422
2007-04-10,0.001176523878879188,-0.019999999999999574,0.009424931331835548,0.005745739902175573,0.11969757080078125,-0.46000003814697443
2007-04-11,-0.004088421210076047,0.009999999999999787,-0.0011919224858818033,0.0005912560467894349,-0.41534423828125,0.8099994659423846
2007-04-12,0.004434088608424023,0.0,-0.0013426416202099607,0.0037972904237567047,0.45053863525392046,-0.7799997329711914
2007-04-13,0.0045517510759363455,0.019999999999999574,0.012608614870701874,0.002214976977085171,0.46457672119139204,-0.5100002288818359
2007-04-16,0.009451776543434121,-0.019999999999999574,0.008220909434594505,0.000595119701227114,0.9714813232421875,-0.2200002670288086
2007-04-17,0.0026546966068604827,-0.04999999999999982,-0.0058651417605689645,0.0031707562070625063,0.27451324462889204,0.16000080108642578
2007-04-18,0.0012230471772496413,-0.03000000000000025,0.005572638868595165,0.003085694759200224,0.12671661376954546,0.27999973297118963
2007-04-19,-0.00027174081216649044,0.019999999999999574,-0.012508418534408147,0.0007626541274699375,-0.02816772460938921,0.11999988555908381
2007-04-20,0.009396822270128192,0.0,0.017177229296498005,-0.0025988920806359708,0.9785003662109517,-0.4700002670288068
2007-04-23,-0.0037751792410041307,-0.019999999999999574,-0.006425180032736332,-0.0003668451842609759,-0.39421844482421875,0.9700002670288068
2007-04-24,0.00040522596402585946,-0.03000000000000025,-0.0077947119837775795,0.0038244163163706326,0.04224395751953125,0.07999992370605469
2007-04-25,0.009139877060702845,0.03000000000000025,0.0023594765329765753,0.0002181818381190629,0.9573745727539062,0.09000015258789062
2007-04-26,0.0011363706756080496,0.03000000000000025,-0.015138262183911516,-0.003675752970228529,0.1196441650390625,-0.4200000762939453
2007-04-27,-0.0008018905570933029,0.019999999999999574,0.010265578663396079,0.0048494114800435644,-0.08444213867186079,-0.3400001525878906
2007-04-30,-0.008327704759070619,-0.08000000000000007,-0.006981108812969409,-0.00021844980700544766,-0.872947692871108,1.7700004577636719
2007-05-01,0.0025592058558198964,0.009999999999999787,-0.005979893737274426,-0.003747260473820311,0.26749420166015625,-0.7100000381469727
2007-05-02,0.005835251047959867,0.010000000000000675,-0.00044992543576865114,-0.0009516025951878427,0.612480163574233,-0.4300003051757795
2007-05-03,0.005402487505744617,0.02999999999999936,0.012374279286040058,-0.0023616065764961794,0.5702514648437358,0.010000228881834161
2007-05-04,0.0037838537716371316,-0.02999999999999936,0.010318555232789657,0.00242950797246619,0.40123748779298296,-0.18000030517578125
2007-05-07,0.00019861432466617316,-0.010000000000000675,0.0008794717295128392,0.0008156844765441158,0.0211029052734375,0.2399997711181623
2007-05-08,-0.0013258477408658955,-0.009999999999999787,-0.005436034161360725,-0.004356118412528027,-0.1407928466797017,0.060000419616700995
2007-05-09,0.002716048357817188,0.040000000000000036,-0.006354862494686028,-0.001028613929169563,0.2886199951171733,-0.3299999237060547
2007-05-10,-0.010507757453020168,-0.019999999999999574,-0.02173179538259684,-0.0032546969872818657,-1.1122665405273295,0.7200002670288104
2007-05-11,0.00852058970144667,0.019999999999999574,0.006794997207202193,0.002808412138111633,0.9010238647460938,-0.6500005722045916
2007-05-14,-0.0021894615375469663,0.020000000000000462,-0.002561565092633459,0.0016237566728037366,-0.23226165771484375,1.010000228881836
2007-05-15,0.00026628818722913356,0.019999999999999574,0.003915110208388489,0.003908054717428495,0.02822113037107954,0.05000019073486328
2007-05-16,0.006817224156130347,0.0,-0.014227611659689022,-0.005315475432871865,0.7250518798828267,-0.5100002288818359
2007-05-17,-0.0019811790595248404,0.04999999999999982,-0.008265789169946459,-0.0019994951675517837,-0.21121978759765625,0.010000228881835938
2007-05-18,0.00868606135529172,0.04999999999999982,0.007045504789815029,0.0011883908784634518,0.929161071777358,-0.75
2007-05-21,-0.0005235730330831464,-0.019999999999999574,0.00228678401065233,-0.0034802681974606445,-0.05623626708985796,0.5399999618530273
2007-05-22,-0.0007874737849053295,0.040000000000000036,-0.007182750193709896,-0.0010363797099100915,-0.08452606201171875,-0.23999977111816406
2007-05-23,0.00013103986335995132,0.03000000000000025,0.005201235113149631,0.00044405383243243854,0.01406097412109375,0.17999935150146484
2007-05-24,-0.009093398083094006,0.0,-0.012126956660007309,-0.0020838521647750805,-0.9713897705077983,0.8400001525878924
2007-05-25,0.004161147327847918,0.0,0.0029301036898510342,0.0014918842769631976,0.44341278076170454,-0.7399997711181658
2007-05-29,0.003619441393040351,0.019999999999999574,0.0019998045474331656,-0.0003092810808591029,0.3871917724609375,0.18999958038330078
2007-05-30,0.008112013651344067,0.0,-0.005393317205398538,-0.001034912072294042,0.872894287109375,-0.6999998092651349
2007-05-31,-0.0010426084537033086,0.020000000000000462,0.01259036562812169,0.0017881354745269262,-0.11258697509765625,0.22000026702880682
2007-06-01,0.004944724383817438,0.04999999999999982,0.013638664251469168,-0.0010490313377885293,0.535003662109375,-0.2700004577636719
2007-06-04,0.00012934682089149176,-0.020000000000000462,0.0015039628582593058,0.0037168598859442527,0.01403045654296875,0.5100002288818359
2007-06-05,-0.003965792984325658,0.05000000000000071,-0.002558095808665873,0.0020799338177413472,-0.429351806640625,0.3400001525878906
2007-06-06,-0.010808269755205649,-0.010000000000000675,0.0006025141558484927,-0.002012432460841141,-1.1615371704101562,1.239999771118164
2007-06-07,-0.018210288380275066,0.14000000000000057,-0.017468378797244048,-0.004818869443093122,-1.9288406372070312,2.189999580383301
2007-06-08,0.012927618487948857,0.009999999999999787,-0.016064616229808024,-0.005076310705902944,1.3656768798828125,-2.219999313354492
2007-06-11,0.0017200111910503954,0.019999999999999574,0.007446446669522527,-0.00030725973420890894,0.18303680419921875,-0.13000011444091797
2007-06-12,-0.010965721801329098,0.1200000000000001,-0.009316814217075012,-0.003745923237829175,-1.1615524291992188,1.9600000381469727
2007-06-13,0.014857591399625636,-0.05999999999999961,0.0066858729089560335,0.000306084047586499,1.576873779296875,-1.9400005340576172
2007-06-14,0.006366458655212937,0.03000000000000025,0.0010841741372225324,0.0004393001998877837,0.682891845703125,-1.0899991989135742
2007-06-15,0.005673000288416157,-0.07000000000000028,0.003862500064954589,0.0047249863218787646,0.6121826171875,0.2999992370605469
2007-06-18,-0.0011764947911100038,-0.009999999999999787,0.0015408088972500085,0.0027598583267902125,-0.1272430419921875,-0.5199995040893572
2007-06-19,0.002482011668759325,-0.0600000000000005,0.008127107639137423,0.0006038622315252051,0.2686157226562642,-0.5699996948242152
2007-06-20,-0.013994152522809928,0.04999999999999982,-0.011829068848465286,-0.0020918888029170667,-1.5058364868164205,1.8199996948242152
2007-06-21,0.005542071500634369,0.020000000000000462,-0.0023207487754052505,-0.00014737588191894604,0.5938339233398438,-0.4600000381469709
2007-06-22,-0.009453389767365487,-0.020000000000000462,0.00340190875374527,0.005722156959942775,-1.0109558105468608,1.5399999618530273
2007-06-25,-0.004793910890193684,-0.04999999999999982,-0.005417527012256908,-0.0002155056929058223,-0.509025573730483,0.8999996185302734
2007-06-26,-0.010331843876115828,0.009999999999999787,-0.012651498355086123,-0.0014131328376477863,-1.0887908935546875,2.2399997711181676
2007-06-27,0.014128758294914221,-0.009999999999999787,0.0007855957384052849,0.0004439781614408838,1.4917526245117188,-3.3599996566772496
2007-06-28,-0.00013303670139119776,0.03000000000000025,0.009223921660842944,-0.0005918373940478888,-0.0141448974609375,0.010000228881835938
2007-06-29,0.0003324150991834474,-0.08999999999999986,0.00015552022019765682,0.006597241793516568,0.03534698486328125,0.6899995803833008
2007-07-02,0.009000096280262772,-0.03000000000000025,0.011601956095053004,0.0072817671387979425,0.9614944458007812,-0.8299999237060565
2007-07-03,0.003617149939701026,0.04999999999999982,-0.004315647745486389,-0.0016893359222049837,0.3888702392577983,-0.4799995422363281
2007-07-05,-0.0010506551507331926,0.11000000000000032,-0.004955100021671941,-0.0009523289120256463,-0.11309814453123579,0.5599994659423846
2007-07-06,0.005242553829581084,0.03000000000000025,0.00834756628035994,0.002273607244147827,0.565521240234375,-0.7599992752075195
2007-07-09,0.0007839756298701983,-0.03000000000000025,0.006444677526836182,-0.00043609050675609226,0.0848236083984375,0.4399995803833008
2007-07-10,-0.01434088646670484,-0.1299999999999999,0.0035117733729580895,0.009940263148137809,-1.5411682128906108,2.4099998474121094
2007-07-11,0.007065162071642672,0.05999999999999961,-0.0025944030574640994,-0.00044028507718104655,0.756507873535142,-0.9300003051757812
2007-07-12,0.01566693417716355,0.040000000000000036,0.008823945975780085,0.002465126504058409,1.6967391967773295,-1.0999994277954102
2007-07-13,0.002974601336088025,-0.019999999999999574,0.00015149014155740927,-0.00022066750106031912,0.3251647949218892,-0.3900003433227557
2007-07-16,-0.00012879514460105158,-0.0600000000000005,-0.0031854268407077637,-0.0005787917497040263,-0.01409912109375,0.44000053405761896
2007-07-17,-0.0005172990995764812,0.03000000000000025,-0.001064067820799445,0.0009510966933654294,-0.056610107421875,0.039999961853027344
2007-07-18,-0.0018102818117853448,-0.0600000000000005,0.013145202935248576,0.001228072762420278,-0.1978759765625,0.36999988555908203
2007-07-19,0.003876343555220489,0.020000000000000462,0.005837019871235102,-0.0006487943293982995,0.4241485595703267,-0.7700004577636719
2007-07-20,-0.010175902009135793,-0.08000000000000007,0.008470214516410005,0.0025974811527189954,-1.1099472045898438,1.720001220703125
2007-07-23,0.003057076718410255,0.009999999999999787,-0.0016290356489017837,-0.0021005699083487366,0.33226776123045454,-0.1400012969970703
2007-07-24,-0.01749304242051635,-0.02999999999999936,0.0,0.001450538454918856,-1.88763427734375,1.739999771118164
2007-07-25,0.0020467853403135306,-0.020000000000000462,-0.008484082789328835,-0.007176983869525978,0.2191619873046875,-0.4499988555908203
2007-07-26,-0.023964169022126218,-0.1299999999999999,-0.018861365951098222,0.0017447446360917636,-2.5380859375,2.6399993896484375
2007-07-27,-0.019855741818806324,0.009999999999999787,-0.003662416031323392,-0.008325252356067583,-2.0573654174804688,3.4300003051757812
2007-07-30,0.01552270731824552,0.020000000000000462,0.005488548312644498,0.005551602663971917,1.6049041748046733,-3.299999237060547
2007-07-31,-0.01132722526365579,-0.040000000000000036,0.00030410874105093354,-0.002916328418624026,-1.173583984375,2.6499996185302734
2007-08-01,0.004860253274033231,-0.020000000000000462,0.0021257127401822437,0.00036919018966253387,0.5019302368164205,0.14999961853027344
2007-08-02,0.007958710634599245,0.009999999999999787,-0.0006069020914542221,0.002190715266523799,0.8272018432617188,-2.4500007629394567
2007-08-03,-0.02608246789629555,-0.05999999999999961,0.012068377589956174,0.005814949717205861,-2.6865386962890625,3.9400005340576207
2007-08-06,0.01662053281281432,0.009999999999999787,-0.002552449392796444,0.0007172283245640309,1.7038345336914062,-2.219999313354492
2007-08-07,0.010612874366579974,0.04999999999999982,-0.0006014028171162535,-0.004061829637418618,1.102874755859375,-1.3800010681152344
2007-08-08,0.013844416002820607,0.07000000000000028,0.004352626551117794,0.0045034236919898685,1.4563980102539062,-0.10999870300292969
2007-08-09,-0.030081600243404557,-0.04999999999999982,-0.019814572506723634,-0.009383369748191803,-3.1390151977539062,5.029998779296875
2007-08-10,-0.0046884404268785615,0.019999999999999574,0.016814765941351804,0.0010945427312621665,-0.4807891845703125,1.8199996948242188
2007-08-13,0.0035872364252612036,-0.02999999999999936,-0.004667591916457224,-0.0055695850626722,0.3676605224609375,-1.7299995422363281
2007-08-14,-0.015403908543259476,-0.04999999999999982,0.0004526409523711157,-0.0057552514679918,-1.5694808959960795,1.1100006103515625
2007-08-15,-0.013871050580412802,-0.040000000000000036,-0.002416609910743651,-0.007927119607856283,-1.3927612304687642,2.989999771118164
2007-08-16,0.007487213767916657,-0.09000000000000075,-0.0221704207263521,-0.0002282700527195141,0.7493743896484375,0.15999984741210582
2007-08-17,0.018200508930494505,0.08000000000000007,0.005089097649259215,0.005128152778545628,1.8452072143554688,-0.8400001525878871
2007-08-20,-0.0004836489963271121,-0.040000000000000036,0.0016906267951208541,-0.0014159826082836004,-0.049468994140625,-3.659999847412113
2007-08-21,0.0020033377265875306,-0.040000000000000036,-0.0007681550545950952,-0.0014810707618207813,0.2050628662109375,-1.0799999237060511
2007-08-22,0.011797548522325719,0.03000000000000025,0.0050586729777030584,0.007034744555211308,1.215972900390625,-2.360000610351559
2007-08-23,-0.0008865961830626239,-0.009999999999999787,-0.0013771552618831308,0.0005149764814417804,-0.09188079833984375,-0.2699985504150426
2007-08-24,0.012277506252573778,0.009999999999999787,0.012174904045098961,0.00808540311765737,1.2796325683593608,-1.9000015258789098
2007-08-27,-0.00934751285669365,-0.03000000000000025,-0.001968313899368514,-0.00212975292522103,-0.9756774902343608,2.0
2007-08-28,-0.02222510554158321,-0.0699999999999994,-0.005928527206188511,-0.0028598645250534544,-2.2835235595703125,3.5799999237060582
2007-08-29,0.019431506084603336,0.040000000000000036,0.007291591950524386,0.005509077347500566,1.9936981201172017,-2.489999771118164
2007-08-30,-0.0026648153065657143,-0.0600000000000005,-0.00409489671224921,-0.002349178582383144,-0.2757110595703267,1.25
2007-08-31,0.009804468339494036,0.03000000000000025,0.010882719149130153,0.0,1.018035888671875,-1.6800003051757812
2007-09-04,0.010045205887884568,0.019999999999999574,0.013735746035060996,-0.0016084592032168863,1.0534362792968892,-0.5999984741210938
2007-09-05,-0.00869066390688539,-0.07999999999999918,0.0017777059079792377,0.0024820048252687404,-0.9120025634765625,1.7999992370605433
2007-09-06,0.0022978195129849666,0.02999999999999936,0.019059410971297826,0.0030768737367854316,0.24036407470701704,-0.5900001525878871
2007-09-07,-0.014004638647061207,-0.1299999999999999,0.0076672893414621345,0.0057550817696605805,-1.4564208984375,2.239999771118164
2007-09-10,-0.0019185502288531723,-0.040000000000000036,0.0033091657188421245,0.0,-0.1979370117187642,1.1499996185302734
2007-09-11,0.011593087228001508,0.03000000000000025,0.012844388092752193,0.00470835640824636,1.2018661499023722,-2.1099987030029297
2007-09-12,0.002572987173581068,0.040000000000000036,-0.0008511500075774832,0.00489750997095469,0.26863861083982954,-0.3100013732910156
2007-09-13,0.007008849278187302,0.08000000000000007,-0.005407687163316696,-0.0029580294153666847,0.73529052734375,-0.19999885559081676
2007-09-14,-6.725418904459213e-05,-0.020000000000000462,-0.001285128576689731,0.0008045814224107345,-0.007080078125,0.15999984741210582
2007-09-17,-0.005386882126183679,0.010000000000000675,0.01390492555765156,-0.0009431691687932653,-0.5655517578125,1.5599994659423828
2007-09-18,0.02901412847849269,0.019999999999999574,0.010233435305542457,0.008255959021026103,3.0824050903320312,-6.129999160766602
2007-09-19,0.005886030234809839,0.03000000000000025,-0.0037727516034467587,-0.0007826730666743821,0.6363067626953267,-0.31999969482421875
2007-09-20,-0.007067305960708854,0.16000000000000014,0.01789851321631325,0.007839351228417807,-0.7635574340820455,0.4200000762939453
2007-09-21,0.0026948712831692196,-0.05000000000000071,-0.00523929075519364,0.0009296893624302651,0.29051971435548296,-1.4500007629394531
2007-09-24,-0.0018443452421017144,-0.009999999999999787,-0.0008297270648809739,-0.0012815633235391103,-0.1989135742187642,0.37000083923339844
2007-09-25,-0.001979349349287762,0.0,0.0006915573409805822,0.00553221182547798,-0.21306610107421875,-0.7700004577636719
2007-09-26,0.0052702892008500745,0.0,-0.004572887160420416,-0.001343515502836976,0.5682525634765625,-0.970001220703125
2007-09-27,0.005896817002086721,-0.04999999999999982,0.009675223546006088,0.0013435155028370047,0.6393661499023438,-0.6299991607666016
2007-09-28,-0.0033373038192871427,0.009999999999999787,0.011080137884340773,0.007942515909544388,-0.36231231689453125,1.0
2007-10-01,0.011209344920413053,-0.03000000000000025,0.0052913681556413985,-0.0020235582804168785,1.22174072265625,-0.15999984741210938
2007-10-02,-0.0013616247033429868,-0.019999999999999574,-0.02119741661479163,-0.005918957629127547,-0.1491394042968892,0.6499996185302734
2007-10-03,-0.002013791189404884,0.009999999999999787,-0.006239146038013328,-0.0036868239894071414,-0.22019958496090908,0.3099994659423828
2007-10-04,0.001559434236973942,-0.009999999999999787,0.013400783424484728,0.0024846652860422962,0.17047882080075283,-0.3599987030029297
2007-10-05,0.011811622186250804,0.11000000000000032,0.00724688703528734,-0.00014135679947215534,1.2999267578125284,-1.5300006866455078
2007-10-08,-0.005340248628818002,0.0,-0.011923703864010008,-0.005960532199119793,-0.589622497558608,0.5499992370605469
2007-10-09,0.009374490466288497,0.019999999999999574,0.007691255843188692,0.004110848232382134,1.037139892578125,-1.3399982452392578
2007-10-10,-0.0016626335459074318,-0.019999999999999574,0.003687327879970425,0.002415159913789221,-0.18465423583984375,0.5499992370605469
2007-10-11,-0.00481289347133468,0.009999999999999787,0.007469350076860184,0.004294031785872975,-0.5327987670898438,2.2099990844726562
2007-10-12,0.005516121614264838,0.040000000000000036,0.009158214525531264,-0.0008376405831204329,0.610862731933608,-1.1499996185302734
2007-10-15,-0.008479106219692178,-0.009999999999999787,0.007346631152413257,0.0009796550042017666,-0.9375991821289205,1.5200004577636719
2007-10-16,-0.00796678663802557,-0.03000000000000025,-0.0002661605603641906,-0.0019015764632828417,-0.8737335205077983,0.7700004577636719
2007-10-17,0.0030518949686453717,-0.08999999999999986,-0.008287746077086587,0.0028252689716715884,0.33388519287107954,-1.4799995422363281
2007-10-18,-0.0036370744763681577,-0.05000000000000071,0.01993421490081733,0.005460015257666824,-0.39778900146484375,-0.04000091552734375
2007-10-19,-0.02650523922288691,-0.10999999999999943,-0.003955220156770456,0.00014292513915757575,-2.8556137084960795,4.459999084472656
2007-10-22,0.005795912258852827,0.009999999999999787,-0.014637633373986493,-0.008215492747765838,0.6179885864257528,-1.3199996948242152
2007-10-23,0.008071812811394305,-0.009999999999999787,0.008409645438828075,0.0054884730270725116,0.8666458129882812,-1.2299995422363317
2007-10-24,-0.00184689946039871,-0.04999999999999982,0.0038473451919205023,0.0003565272379224033,-0.1989135742187358,0.3899993896484375
2007-10-25,0.002374090475338685,0.009999999999999787,0.0067305057984769715,0.0044027541379229535,0.25576019287109375,0.37000083923339844
2007-10-26,0.011654084358164615,0.040000000000000036,0.02159859720250343,0.004666836661072209,1.2643356323242045,-1.6100006103515625
2007-10-29,0.0033148190483262762,-0.020000000000000462,0.005519560779674641,0.0017286203443797165,0.3623199462890767,0.3100013732910156
2007-10-30,-0.006966838995357461,0.010000000000000675,-0.00990558387484408,0.0015294238140221845,-0.7601089477539205,1.1999988555908203
2007-10-31,0.010335505679740566,0.08000000000000007,0.016285597636482487,0.002211837484761853,1.1295471191406392,-2.539999008178711
2007-11-01,-0.023687026168527952,-0.1200000000000001,-0.008815163157122153,-0.003106636625978278,-2.571533203125,4.679998397827148
2007-11-02,0.001125759143559808,-0.05000000000000071,0.024088404823137864,0.00420710309124672,0.12084197998046875,-0.19999885559081676
2007-11-05,-0.007635520216151015,0.040000000000000036,-0.0010026549296778963,-0.0006807023299797544,-0.8169555664062642,1.2999992370605433
2007-11-06,0.013372382676284322,0.03000000000000025,0.020847017561792937,0.0059245733203781474,1.4348831176757955,-2.9200000762939418
2007-11-07,-0.027736360112564033,-0.040000000000000036,0.009898016504542712,0.0041008517282169,-2.9549407958984375,5.100000381469723
2007-11-08,-0.005084130203964728,-0.05999999999999961,-0.00012153592477733841,0.0038975245587246927,-0.5328140258789205,-0.3299999237060547
2007-11-09,-0.013821723964956612,-0.04999999999999982,-0.0006082726377443839,-0.0004108722256162473,-1.4348907470702983,2.3400001525878906
2007-11-12,-0.009970500060310316,0.0,-0.04836432519681577,-0.01035094150447523,-1.0228347778320312,2.5900001525878906
2007-11-13,0.030024902587913658,0.02999999999999936,0.010418080056634612,0.006659580270824283,3.1112823486328125,-6.989999771118164
2007-11-14,-0.002773180207922335,0.020000000000000462,0.014554786693980836,0.001990444458030221,-0.29129791259765625,1.8400001525878906
2007-11-15,-0.014528177908537785,-0.11000000000000032,-0.02945295236897934,-0.0019904444580301594,-1.5129241943359375,2.1199989318847656
2007-11-16,0.0017157251981014675,-0.019999999999999574,-0.0025690052942447775,0.0008923087357443026,0.17752838134765625,-2.5699996948242188
2007-11-19,-0.014022068589511587,-0.08000000000000007,-0.006581121156079224,0.002388173919256924,-1.4419937133789062,0.5200004577636754
2007-11-20,0.006102674540657851,-0.010000000000000675,0.02846217740937644,0.0111220140116236,0.6250991821289062,-1.130001068115238
2007-11-21,-0.02067698648294019,-0.05999999999999961,-0.0013851366451013488,0.0016776262589660075,-2.1026077270507812,1.960000991821289
2007-11-23,0.01714444245781334,0.009999999999999787,0.023536350542307537,-0.003840800639854416,1.7403030395507812,-1.2299995422363317
2007-11-26,-0.02230984377877017,-0.17999999999999972,0.0006152328809138596,0.0,-2.2588119506835795,3.2999992370605504
2007-11-27,0.011427456692444257,0.1200000000000001,-0.014870219066121595,0.0024895732020006676,1.1507034301757528,-2.6299991607666016
2007-11-28,0.031483337715950716,0.08000000000000007,-0.006638701470507684,0.00020774051180167774,3.239128112792983,-2.170000076293949
2007-11-29,0.00034048802517275007,-0.0900000000000003,-0.01634500662031746,-0.005476143340527102,0.03559112548828125,-0.1400012969970703
2007-11-30,0.010004696020360661,0.03000000000000025,-0.012339476540602861,-0.004344673585207022,1.0512161254882812,-1.0999984741210902
2007-12-03,-0.0066135224094580666,-0.08000000000000007,0.012339476540602936,-0.0017619557634471063,-0.696075439453125,0.7399997711181605
2007-12-04,-0.008978789097120049,0.0,0.014206260536894314,0.00652006317598136,-0.93768310546875,0.1800003051757848
2007-12-05,0.016601047531309334,0.029999999999999805,-0.009745116397743728,-0.011378693278526978,1.740333557128892,-1.260000228881836
2007-12-06,0.014212123528436255,0.09999999999999964,0.009367226634607144,0.0041107566498157526,1.513023376464858,-1.5700016021728516
2007-12-07,-0.00019854925321383454,0.10000000000000053,-0.009748817685628595,-0.00020519392829726832,-0.02128601074217329,-0.10999870300292969
2007-12-10,0.00772269101854736,0.03000000000000025,0.017654954651938483,0.003597188534872544,0.8310546875,-0.1100006103515625
2007-12-11,-0.02780211336000194,-0.17000000000000037,-0.01460619883925386,-0.0029962023253582567,-2.9620437622070455,2.8500003814697266
2007-12-12,0.009821685107115495,0.06999999999999984,0.020712490730692895,0.003481628824519075,1.0370101928710795,-1.120000839233402
2007-12-13,-0.002077060408789963,0.1299999999999999,-0.025034301776957927,-0.005869084003516574,-0.2201538085937358,0.09000015258789418
2007-12-14,-0.012760588929651661,0.0600000000000005,0.00025470186730374784,-0.013268676781390409,-1.3425445556640625,0.7100009918212891
2007-12-17,-0.014371975380568383,-0.040000000000000036,-0.004979255801014288,-0.00167338966241109,-1.4917068481445312,1.25
2007-12-18,0.005568249745111568,-0.0600000000000005,0.01423334190273785,0.0,0.5754013061523295,-1.8800010681152308
2007-12-19,0.0,-0.08000000000000007,-0.00012621788603144562,-0.0020157655751713633,0.0,-0.9599990844726598
2007-12-20,0.006286240316715189,-0.019999999999999574,-0.007219329805340328,-0.003546524750527479,0.6534576416015625,-1.1000003814697301
2007-12-21,0.014312647854641005,0.13999999999999968,0.01801396995862084,0.003834231201776903,1.5032196044922017,-2.1100006103515625
2007-12-24,0.007398225255859844,0.05000000000000071,0.0004992625672929884,0.0006189676888680295,0.785491943359375,0.13000106811523793
2007-12-26,0.002142485413686544,0.0699999999999994,0.017073250143272604,0.006296817100935201,0.2285614013671875,0.05999946594238281
2007-12-27,-0.012651373049907419,-0.08999999999999986,0.0004905680371817453,0.008657710207985734,-1.3425903320312358,1.6000003814697301
2007-12-28,-0.0025088177232916982,-0.09999999999999964,0.01750169202421168,0.007098151091698471,-0.26422882080080967,0.4799995422363246
2007-12-31,-0.007427129469199046,-0.07000000000000028,-0.006527291620528274,-0.007974705688657017,-0.7783508300781108,1.760000228881836
2008-01-02,-0.008792683294300302,-0.1299999999999999,0.028689530790562096,0.007901240012585782,-0.9140167236328125,0.6700000762939453
2008-01-03,-0.0004834059359732205,0.0,0.008331903896944106,0.0019001900849274437,-0.050018310546875,-0.6800003051757812
2008-01-04,-0.024811154978788455,-0.03000000000000025,-0.005155283230996526,0.0006785673760695462,-2.5350265502929545,1.4500007629394531
2008-01-07,-0.0008494103462716821,-0.020000000000000018,-0.004237800612756689,-0.004886721899964419,-0.08567810058596592,-0.14999961853027344
2008-01-08,-0.01628087499890852,0.0,0.023434499283740494,0.05871945893296162,-1.6282272338867045,1.6399993896484375
2008-01-09,0.010455607334585549,-0.040000000000000036,-0.0026538494212900304,-0.06001070511602003,1.0426025390625,-1.3099994659423828
2008-01-10,0.006532756427663595,0.0900000000000003,0.019451378931132805,0.009296151102222712,0.656982421875,-0.6700000762939453
2008-01-11,-0.0081015093008948,-0.0900000000000003,0.003732423352843317,-0.0007398044182470798,-0.8141098022460938,0.22999954223632812
2008-01-14,0.008030427523170219,-0.009999999999999787,0.010779343871355922,0.00532368410132199,0.8069381713867188,-0.7800006866455043
2008-01-15,-0.022258586100177797,-0.08999999999999986,-0.017462315658241516,-0.004509945441508732,-2.2208404541015625,0.44000053405761363
2008-01-16,-0.008649848310082506,0.020000000000000018,-0.014769298791920495,-0.009370085343788819,-0.8497848510742188,1.039999008178711
2008-01-17,-0.026257990903061242,-0.08000000000000007,-0.002309434649609837,-0.0016410373246401988,-2.5350875854492188,4.079999923706055
2008-01-18,-0.010320846783148636,0.0,0.010579654551845074,-0.001506803123841998,-0.9783477783203125,-1.279998779296875
2008-01-22,-0.010198380565909689,-0.14000000000000012,0.008542679841935765,0.002048635069559068,-0.9568710327148438,3.8299999237060582
2008-01-23,0.023736646172618135,-0.010000000000000231,-0.003180722699554567,-0.0010833873338453707,2.242279052734375,-1.9899997711181676
2008-01-24,0.008406188898707603,0.17000000000000037,0.024612159086303445,0.009659835743934735,0.8069381713867188,-1.239999771118164
2008-01-25,-0.014551024764821258,-0.07000000000000028,0.0024393095003429448,-0.006729052981029263,-1.3925247192382812,1.2999992370605433
2008-01-28,0.016401152788316702,0.0,0.015929992715973132,0.007674994959570421,1.5710372924804688,-1.2999992370605433
2008-01-29,0.004942344046667199,0.08000000000000007,-0.0065609690697016314,-0.0010936926165645777,0.47849273681642046,-0.46000099182128906
2008-01-30,-0.007385287384628493,0.08999999999999986,0.00993399400438819,0.003996334044014725,-0.714134216308608,0.3000011444091797
2008-01-31,0.018069909807061014,-0.10999999999999988,-0.007195016714744456,0.0022866311865930326,1.7566833496093608,-1.4200000762939453
2008-02-01,0.01595998568221039,-0.04999999999999982,-0.022684270626732738,-0.004390326777096091,1.5781860351562642,-2.1800003051757812
2008-02-04,-0.01268918698003274,0.06000000000000005,-0.0028019071765902166,0.0018961379014617878,-1.256805419921875,1.9699993133544922
2008-02-05,-0.027138910942888516,-0.07000000000000028,-0.01606549067103019,-0.012891063796714643,-2.6350479125976705,2.25
2008-02-06,-0.008084442570937937,0.0,0.014380553122886813,-0.0014335183768834543,-0.7712326049804545,0.7299995422363246
2008-02-07,0.006591992128441157,0.13000000000000034,0.010067216443898174,-0.009499692069245143,0.628387451171875,-1.3099994659423793
2008-02-08,-0.006441843810526735,-0.10000000000000009,0.012717910269796405,0.07271671061074682,-0.6141204833984375,0.3500003814697301
2008-02-11,0.005097026873752089,-0.020000000000000018,0.003619834235512913,-0.07112277799298591,0.48558807373045454,-0.4099998474121129
2008-02-12,0.009228285127387223,0.040000000000000036,-0.022141942540969774,0.005496916684268352,0.885490417480483,-1.2700004577636754
2008-02-13,0.01017105356581014,0.040000000000000036,0.0012306384919769915,-0.001777463168810088,0.9854660034179688,-1.4500007629394496
2008-02-14,-0.008838423589540071,0.1499999999999999,0.0030141986624117353,0.006029861134033083,-0.8569183349609233,0.6600017547607422
2008-02-15,-0.00022165230022618319,-0.0900000000000003,-0.006261873940772848,0.0021842987897274495,-0.02139282226563921,-0.5200004577636719
2008-02-19,0.0028078088523554347,0.13000000000000034,0.026892565797985494,0.003661006339671651,0.2713470458984375,0.5699996948242188
2008-02-20,0.0029471041009230003,0.040000000000000036,0.01796386403346683,-0.00047120450446771757,0.2856292724609375,-1.1900005340576136
2008-02-21,-0.008348429842659107,-0.16000000000000014,0.00010726726746366402,0.006232492481184052,-0.8069381713867188,0.7200012207031214
2008-02-22,0.00613871948124923,0.020000000000000018,0.0015002080621885686,0.0007410500929176951,0.5926971435546875,-1.0600013732910156
2008-02-25,0.012529919211432034,0.1200000000000001,-0.006984410657417083,0.000667303504610822,1.2211227416992188,-1.029998779296875
2008-02-26,0.007472466561220842,-0.03000000000000025,0.010405041437242388,0.010739323515435691,0.735557556152358,-1.1300010681152308
2008-02-27,-0.0010126023766800767,-0.029999999999999805,0.011353506294170987,0.008100639987673944,-0.09999847412110796,0.7900009155273402
2008-02-28,-0.009814944166790619,-0.14000000000000012,0.012685593460616476,0.00513818960509774,-0.9640350341797017,0.8400001525878906
2008-02-29,-0.0225359944509668,-0.18000000000000016,0.0019774419017554957,-0.0002582843624746663,-2.1780319213867188,3.010000228881836
2008-03-03,-0.002393907867693536,0.010000000000000231,0.010960688456801523,0.0005318737629685603,-0.22849273681639204,-0.26000022888183594
2008-03-04,-0.0038277201139525823,0.08999999999999986,-0.021412288580017112,0.0006538640224066449,-0.3642120361327983,-0.7600002288818359
2008-03-05,0.006296592316740295,0.07000000000000028,0.02633641998211893,0.004390105590546174,0.5998687744140341,-0.9200000762939453
2008-03-06,-0.0209152903256619,-0.08000000000000007,-0.012563250536444711,0.007052188261370356,-1.9780960083007528,2.9499988555908203
2008-03-07,-0.010354015342984454,-0.06000000000000005,-0.004257794167007869,-0.003194945445012618,-0.9640426635742472,-0.05999946594238281
2008-03-10,-0.013270826721344615,-0.10000000000000009,-0.002292078440002394,0.00032206790253123594,-1.2211151123046733,1.8899993896484375
2008-03-11,0.035306665277967865,0.14000000000000012,0.001250861382796276,6.138630958228054e-05,3.284881591796875,-3.0199985504150426
2008-03-12,-0.009395480724374124,-0.10999999999999988,0.0105700908731901,0.012831057854317375,-0.885498046875,0.8599987030029297
2008-03-13,0.002205170551239749,0.06999999999999984,0.013616736750610736,0.005266292446049868,0.20708465576171875,0.07000160217285512
2008-03-14,-0.0156169451018619,-0.1200000000000001,0.0037554244103494877,-0.00026551166577569495,-1.456779479980483,3.8699989318847656
2008-03-17,-0.010158640407270889,-0.10000000000000009,0.0046492815793607095,0.008296214580660608,-0.9354782104491903,1.0800018310546875
2008-03-18,0.04070340461751513,0.14000000000000012,-0.027292522389297066,-0.0057315856944794,3.806182861328111,-6.450000762939453
2008-03-19,-0.025081548647060543,-0.10000000000000009,-0.03651349029438361,-0.0012205477372256625,-2.3636703491210938,4.049999237060547
2008-03-20,0.018353094635171728,-0.040000000000000036,-0.03422030732304092,-0.012665235872254469,1.7237548828125,-3.219999313354492
2008-03-24,0.01979067043943535,0.2200000000000002,0.002110936951383417,-0.00046313817162754197,1.8945693969726562,-0.8900012969970703
2008-03-25,0.000964721868609135,-0.050000000000000266,0.0287719333343951,0.0114096023366153,0.09331512451171875,-0.01000022888183949
2008-03-26,-0.012310829820813248,0.0,0.011472807533615594,0.01348564241189417,-1.1840667724609375,0.3600006103515625
2008-03-27,-0.0031589806312204978,0.050000000000000266,-0.003631361070556743,-0.0006327823746180622,-0.30149078369140625,-0.20000076293944957
2008-03-28,-0.00961058047589758,-0.08999999999999986,-0.017050179548599685,-0.0033627094019841493,-0.9113922119140767,-0.1700000762939453
2008-03-31,0.0034920580614298735,-0.020000000000000018,-0.016128426672900355,-0.00018910765675342382,0.33014678955080967,-0.0999984741210973
2008-04-01,0.03455514599559974,0.11999999999999966,-0.04005728712133439,0.0,3.3298263549804545,-2.9300003051757777
2008-04-02,0.0006589304684821792,0.03000000000000025,0.027367813453476903,-0.005092554441072868,0.06462097167970171,0.75
2008-04-03,0.0024842353856199227,0.009999999999999787,0.0016789027418238158,-0.0006895841729453946,0.24401092529295454,-0.220001220703125
2008-04-04,-0.001095291764181193,-0.10999999999999988,0.009239246884171022,0.004443596055149054,-0.10765838623048296,-0.7599983215332031
2008-04-07,0.0005113527246351038,0.06999999999999984,0.010142278299860375,-0.002028030116645547,0.05024719238282671,-0.030000686645507812
2008-04-08,-0.0010229670646623044,0.010000000000000231,-0.00903487536314589,-0.008117764125219978,-0.100494384765625,-0.059999465942386365
2008-04-09,-0.007261990573306048,-0.08999999999999986,0.02124480304789454,0.015668936234090117,-0.7104568481445312,0.44999885559082387
2008-04-10,0.0013976773928878147,0.05999999999999961,-0.005650392946536727,-0.005192616882220931,0.1363372802734375,-0.8299999237060547
2008-04-11,-0.019599495526782154,-0.05999999999999961,-0.005134589224534969,0.005066047230019034,-1.8945541381835795,1.4799995422363281
2008-04-14,-0.0033796585064257215,0.03999999999999959,-0.0020832466016985616,0.00018984847135591283,-0.3229522705078267,0.3600006103515625
2008-04-15,0.0023294592656198892,0.07000000000000028,0.00601854460933773,-0.002465635310064624,0.22248077392578125,-1.039999008178711
2008-04-16,0.026733336581842074,0.1200000000000001,0.017412357713036033,0.010840409753311304,2.5906829833984375,-2.25
2008-04-17,0.0014606525415425777,0.029999999999999805,-0.007641420238254107,-0.003520512894285333,0.1435546875,-0.15999984741210938
2008-04-18,0.010379935799272797,0.020000000000000018,-0.021182086961172856,-0.010629473028641551,1.0262145996093608,-0.24000167846679688
2008-04-21,0.0005050992605155977,-0.020000000000000018,-0.004091372334785813,0.011249838853026951,0.05020904541017046,0.37000083923339844
2008-04-22,-0.004412281333544874,-0.009999999999999787,0.00022154490937352197,0.004769069764052747,-0.437744140625,0.37000083923339844
2008-04-23,-0.0015962591618034125,0.029999999999999805,-0.011699898740300238,-0.007153036524648969,-0.15789031982420454,-0.610000610351559
2008-04-24,0.004347223085033398,0.10000000000000009,-0.02267156697176417,-0.012039050187667943,0.4305877685546733,-0.20000076293945668
2008-04-25,0.009211538657052267,0.040000000000000036,0.0005730462988536478,-0.0030068546323999083,0.9186019897460795,-0.4699993133544922
2008-04-28,0.00021465677936981754,-0.050000000000000266,0.004801172923441089,0.0010169221709530505,0.02150726318360796,0.04999923706055043
2008-04-29,-0.003946714551926,-0.009999999999999787,-0.021672374264867317,-0.005494715901927384,-0.3946990966796875,0.600000381469723
2008-04-30,-0.0059132153457172555,-0.08000000000000007,0.009741512403569545,0.0035243189313304947,-0.5884552001953125,0.5500011444091797
2008-05-01,0.020474476804740148,0.009999999999999787,-0.031179315068104025,0.0,2.0524444580078125,-1.9100017547607422
2008-05-02,0.002759528526273482,0.11000000000000032,0.007000134989940103,-0.012111515885263322,0.27985382080078125,-0.6999988555908203
2008-05-05,-0.004816462472369043,-0.010000000000000231,0.01978402048340779,0.004144876062821357,-0.48795318603515625,0.7199993133544957
2008-05-06,0.008625562695002607,0.050000000000000266,0.004164270020763222,0.002436119177440471,0.875518798828125,-0.6900005340576207
2008-05-07,-0.017970983872047434,-0.06000000000000005,-0.00939406818992347,-0.009755338422466819,-1.8156204223632812,1.5200004577636719
2008-05-08,-0.0025838656306544747,-0.08000000000000007,0.0164108408392243,0.005121009568524395,-0.2583770751953267,-0.32999992370605113
2008-05-09,-0.0018702265291142633,-0.020000000000000018,0.0020611516430740643,0.0016714092612361274,-0.1865997314452983,0.010000228881832385
2008-05-12,0.01116856881218293,0.009999999999999787,-0.004930923527425635,0.003227147791657818,1.119529724121108,-1.6199989318847656
2008-05-13,0.00014258667386713575,0.1200000000000001,-0.018564154190549235,-0.004063273456001686,0.014373779296875,0.18999862670898438
2008-05-14,0.0020619779054991305,0.020000000000000018,-0.0022275927551882613,-0.0005105651146711448,0.20809173583984375,-0.31999969482421875
2008-05-15,0.012425099852696252,-0.08999999999999986,0.020906720638068043,-0.0011749736466106328,1.2630462646484375,-1.3600006103515625
2008-05-16,0.0009120325435935875,0.020000000000000018,0.023851198696715047,0.009345001887813053,0.09333038330075283,0.1700000762939453
2008-05-19,0.0027299283197382354,-0.020000000000000018,0.003249494920499919,-0.004372885043214056,0.27986907958985796,0.5400009155273438
2008-05-20,-0.008142411674623198,-0.050000000000000266,0.016751205697980824,0.008091672195996756,-0.8324966430664205,0.5699996948242188
2008-05-21,-0.017058668675008843,0.03000000000000025,0.01159367196948849,0.008520653279491155,-1.7222900390624716,1.010000228881836
2008-05-22,0.00014289224832333513,0.10999999999999988,-0.010713950899921191,-0.003561685120518135,0.01430511474607954,-0.5400009155273438
2008-05-23,-0.013494656486752197,-0.06999999999999984,0.002744088114413663,0.003372298202706694,-1.3419876098632812,1.5
2008-05-27,0.007383454696918255,0.08000000000000007,-0.02071066556256065,-0.005980475331223896,0.7320098876953267,0.09000015258789418
2008-05-28,0.004604586039921866,0.10000000000000009,-0.0024650009199021954,-0.0022255286980346818,0.45925140380857954,-0.5699996948242223
2008-05-29,0.005012997064192882,0.04999999999999982,-0.029948121785563844,-0.0088534132743667,0.5023956298828125,-0.9300003051757777
2008-05-30,0.002496954620654435,-0.020000000000000462,0.010807127681703298,0.0014753849480859044,0.25118255615234375,-0.30999946594238637
2008-06-02,-0.010385341941203517,-0.07999999999999963,0.005814988710672287,0.0003264091821131771,-1.0406112670898438,1.9999999999999964
2008-06-03,-0.005848684989371739,-0.06000000000000005,-0.01235433070599784,-0.006183725367504459,-0.581298828125,0.4099998474121129
2008-06-04,-0.0005070133748677973,0.06000000000000005,-0.00265079080081508,-0.0011426535886271242,-0.05023193359373579,0.5599994659423828
2008-06-05,0.019799970636434013,0.07999999999999963,-0.002310856942839816,0.010081728595128014,1.980712890625,-2.1700000762939453
2008-06-06,-0.03241362106750466,-0.11999999999999966,0.029744095652049107,0.012502273534429804,-3.2222366333008097,4.930000305175781
2008-06-09,0.002418633718296467,0.07999999999999963,-0.01208712510114185,-0.00900422025385678,0.236846923828125,-0.4399986267089844
2008-06-10,-0.004989363956838435,0.09000000000000075,-0.028122111368949234,-0.011540579984029261,-0.4879608154296733,0.05999946594238281
2008-06-11,-0.014822318017396632,-0.010000000000000675,0.01703690270554308,0.006049176181887985,-1.4353485107421875,0.9400005340576172
2008-06-12,0.003800676052148868,0.13000000000000078,-0.016452673393949773,-0.006250318670354929,0.36602020263671875,-0.7900009155273473
2008-06-13,0.012564607523935765,0.03999999999999915,0.0026833517416247226,-0.005965513092707209,1.219970703125,-2.1100006103515625
2008-06-16,0.0005878805219244798,-0.019999999999999574,0.013654462065851207,0.006800810569355219,0.05745697021484375,-0.2699985504150355
2008-06-17,-0.004856715444532161,-0.019999999999999574,0.0027544819530526043,0.0030996318714935412,-0.473663330078125,0.17999839782714844
2008-06-18,-0.009784455175607451,-0.07000000000000028,0.011736006478369521,0.001040413643268146,-0.9472961425781392,1.1100006103515625
2008-06-19,0.0012656756444032495,0.05999999999999961,0.0015846001285877345,-0.001816246780800255,0.12201690673828125,-0.6599998474121129
2008-06-20,-0.01636515110362201,-0.05999999999999961,0.0059762121136616485,0.007581956816354292,-1.5658264160156108,1.2900009155273473
2008-06-23,-0.0009883727860911014,0.03000000000000025,-0.02113235514821951,-0.006744070735507417,-0.09375,-0.23000144958495738
2008-06-24,-0.0019800842170920735,-0.09000000000000075,0.004353866732505198,0.0030315228118867055,-0.18753814697267046,-0.21999931335449574
2008-06-25,0.004714862865647381,0.020000000000000462,-0.0005718228977623296,0.006654897479041317,0.44716644287110796,-1.2800006866455043
2008-06-26,-0.02753551557337329,-0.04999999999999982,0.03584052048031919,0.005028297362824255,-2.58197021484375,2.79000091552734
2008-06-27,-0.0054743610899881815,-0.08000000000000007,0.009446474043668393,0.0,-0.5049057006835938,-0.48999977111816406
2008-06-30,0.0035229480955696834,0.0,-0.0007655678590445136,-0.00018897598044401482,0.32460784912109375,0.5100002288818359
2008-07-01,0.0031201718827437806,0.019999999999999574,0.013691424355889053,0.0,0.2884521484375,-0.30000114440917613
2008-07-02,-0.01728503702025907,-0.019999999999999574,0.0054888422989871725,0.008096668816535283,-1.5867004394531108,2.2700004577636683
2008-07-03,0.0010295478260464873,0.0,-0.011985249940131814,-0.011273126436746037,0.09374237060545454,-1.1399993896484375
2008-07-07,-0.010265389636875172,-0.040000000000000036,-0.00905668471560562,0.001272522083262529,-0.9303817749023438,1.0
2008-07-08,0.017601417148155957,-0.040000000000000036,-0.004063960105008701,-0.024871661813691187,1.6011428833007812,-2.630001068115231
2008-07-09,-0.01944284450454869,-0.06000000000000005,0.007019105232723836,0.025878212054127152,-1.76702880859375,2.079999923706051
2008-07-10,0.004078873236371881,-0.020000000000000018,0.021943255113523116,0.0031206040581007715,0.36785888671875,0.3600006103515625
2008-07-11,-0.011720727500658992,0.1299999999999999,0.017277496523462485,0.010329298292958498,-1.0530242919921875,1.8999996185302734
2008-07-14,-0.009084952613775444,-0.06000000000000005,0.007850566004166892,-0.003645709353015772,-0.807769775390625,0.9899997711181641
2008-07-15,-0.014197722463630102,-0.029999999999999805,0.0027071497619921858,0.0005085623795430962,-1.2477569580078125,0.060001373291015625
2008-07-16,0.024251282995579607,0.10000000000000009,-0.018152701615908245,-0.004853231522822666,2.1420822143554688,-3.440000534057617
2008-07-17,0.009953407175501243,0.10000000000000009,-0.0023322518409358973,0.0021382310389206276,0.894317626953125,-0.09000015258788707
2008-07-18,0.006210786531305559,0.040000000000000036,-0.0005308461499445975,-0.00012684162381650116,0.5625686645507812,-0.9600009918212926
2008-07-21,0.0005557129192474593,-0.020000000000000462,0.010037641179610729,0.0037803644697723383,0.050506591796875,-1.0
2008-07-22,0.01128052286948568,0.04999999999999982,-0.021894861075694584,-0.007688524706527425,1.0313339233398438,-1.8699989318847656
2008-07-23,0.005398098194333741,0.020000000000000462,-0.027121391164392532,-0.006328421880499874,0.49765777587892046,0.12999916076660156
2008-07-24,-0.0209720032200449,-0.1299999999999999,0.008356311735007591,-0.00023529475334783216,-1.918472290039091,2.1300010681152344
2008-07-25,-0.00023930610952080023,0.09999999999999964,0.0039340079361909145,-0.0010036442049052674,-0.02165985107419033,-0.5300006866455078
2008-07-28,-0.014772060988909822,-0.07000000000000028,0.00043616742881908473,0.004350905701333952,-1.327049255371108,1.3199996948242188
2008-07-29,0.021127618269943194,0.03000000000000025,-0.01250572486127245,-0.009603175501684673,1.9040603637695312,-2.1999988555908203
2008-07-30,0.017660747491670917,-0.019999999999999574,-0.01188176475168946,-0.001106388430525835,1.6227798461914205,-0.8200016021728516
2008-07-31,-0.013315084904273071,-0.08000000000000007,0.006236158213952592,0.001246684222451814,-1.226127624511733,1.730001449584961
2008-08-01,-0.005296634555779883,-0.020000000000000018,-0.0056777456383800455,0.0,-0.48322296142579546,-0.37000083923339844
2008-08-04,-0.00931695099099279,0.009999999999999787,-0.016093986590938986,0.0,-0.8438186645507528,0.9200000762939453
2008-08-05,0.026604955223059643,0.06000000000000005,-0.023649334804024327,0.0,2.4305419921874716,-2.350000381469723
2008-08-08,0.007837722869229367,-0.10000000000000009,-0.01935432538906961,-0.03552190306552724,0.7284469604492472,-0.4799995422363317
2008-08-11,0.010304796114370036,0.050000000000000266,-0.039870019743063895,0.0,0.966468811035142,-0.5399990081787109
2008-08-12,-0.010459267027473271,-0.08000000000000007,-0.007547213471977264,0.0,-0.9808807373046875,1.0499992370605469
2008-08-13,-0.006048236848677034,0.029999999999999805,0.012833356691477001,0.0,-0.5625457763671733,0.37999916076660156
2008-08-26,-0.009220303458231369,-0.1499999999999999,-0.004054237383246213,-0.027006015106835084,-0.8510589599609517,-1.0599994659423828
2008-08-27,0.009686537104183457,-0.020000000000000018,0.0015990808530273566,0.005301938141333536,0.8943023681640625,-0.7299995422363246
2008-08-28,0.012054930830295267,0.020000000000000018,0.010028207926600663,-0.0007949470425621587,1.1251296997070455,-0.32999992370605824
2008-08-29,-0.010811936177845965,0.040000000000000036,-0.005735584976745511,-0.0029384254476455826,-1.0097427368164205,1.2199993133544957
2008-09-02,-0.006230894721226463,-0.08999999999999986,-0.031200121903938532,-0.010623827951509669,-0.5769729614257812,1.340000152587887
2008-09-03,-0.0008596733349278956,-0.03000000000000025,-0.003921790917827457,-0.0020591425221934043,-0.07932281494140625,-0.5599994659423828
2008-09-04,-0.030568973113505427,-0.06999999999999984,-0.006358108955715176,-0.015381144871580115,-2.7767562866210938,2.6000003814697266
2008-09-05,0.0031392954359962923,0.020000000000000018,0.007498337947551977,0.0006992204603607609,0.2812652587890625,-0.970001220703125
2008-09-08,0.02044509065083193,0.0,-0.001520562172927079,0.05287759535229797,1.8535385131835938,-0.42000007629394176
2008-09-09,-0.03013665028733121,-0.040000000000000036,-0.03051415078362391,-0.061773920728298674,-2.7190170288085938,2.8299999237060476
2008-09-10,0.0040498556171092714,0.029999999999999805,-0.03012631332599945,-0.0116888800173726,0.3606414794921875,-0.9499988555908168
2008-09-11,0.01436442291200578,-0.009999999999999787,-0.015478915514254269,0.0008533801121197061,1.2910003662109233,-0.13000106811523082
2008-09-12,0.004610386310224857,0.10000000000000009,0.0332399725473417,0.01727956539955487,0.4183044433593892,1.2700004577636683
2008-09-15,-0.04875436277680434,-0.27,0.026257069784174,0.0020383837580587273,-4.327384948730469,6.040000915527344
2008-09-16,0.01659856274896729,0.009999999999999787,-0.009977363631870767,-0.009430018949630059,1.44964599609375,-1.4000015258789062
2008-09-17,-0.04600506320295298,-0.06999999999999984,0.10697398423801134,0.013648198564252673,-3.9595413208007812,5.920001983642578
2008-09-18,0.02923982745888007,0.1299999999999999,-0.03162032125475302,-0.0017037373595345552,2.4954605102539062,-3.1200027465820312
2008-09-19,0.03894570568430973,0.23999999999999977,0.03768665186313431,0.007870055715632276,3.4391708374023438,-1.029998779296875
2008-09-22,-0.022899808824315283,0.050000000000000266,0.036542052510024896,0.02588063811327514,-2.0384140014648438,1.779998779296875
2008-09-23,-0.023014320356149393,0.020000000000000018,-0.009690223547907538,-0.006988811716418743,-2.0021133422851562,1.8700027465820312
2008-09-24,0.00320021757874743,-0.050000000000000266,-0.018397372242872228,-0.004076347876194521,0.2756500244140625,-0.5300025939941406
2008-09-25,0.015518689524730905,0.08000000000000007,-0.0030030300021146434,0.0006002187028519885,1.3492813110351562,-2.3699989318847656
2008-09-26,0.0004965338056201094,-0.029999999999999805,0.0021954188195928825,-0.002938722433576498,0.04351806640625,1.9200019836425781
2008-09-29,-0.08160250238863358,-0.2400000000000002,0.033258843431934,-0.014191183822729101,-6.869621276855469,11.979999542236328
2008-09-30,0.040556344474996474,0.2400000000000002,-0.051545995679539464,-0.020838726747097962,3.3441390991210938,-7.3300018310546875
2008-10-01,0.0006032601885430732,-0.08000000000000007,0.010523968985084205,-0.005706855754467501,0.05077362060546875,0.4200019836425781
2008-10-02,-0.036948588481142165,-0.10999999999999988,-0.04326282883476272,-0.014968789940075682,-3.0539627075195312,5.4499969482421875
2008-10-03,-0.01359240146668703,-0.03000000000000025,0.003152979931026516,-0.0016694470894127007,-1.0953826904296875,-0.11999893188476562
2008-10-06,-0.0522767128837025,-0.1499999999999999,0.02025601097029596,-0.020520458544919223,-4.076812744140625,6.909999847412109
2008-10-07,-0.045819488417068906,0.020000000000000018,0.03486214825706517,0.006136527503310467,-3.4021224975585938,1.6300010681152344
2008-10-08,-0.025515414359424934,0.2200000000000002,0.02433762761966628,0.09599245337352873,-1.8280410766601562,3.849998474121101
2008-10-09,-0.0723976278168475,0.11999999999999966,0.005353608121824253,-0.0952585030440745,-4.940025329589844,6.38999938964843
2008-10-10,-0.02455466097852845,0.050000000000000266,-0.07721024022746184,-0.014820246346670198,-1.59588623046875,6.029998779296875
2008-10-13,0.13557719014182593,0.0,-0.014890455669864109,0.016575979413581615,9.32147216796875,-14.95999526977539
2008-10-14,-0.014910093744277828,0.18999999999999995,0.0025580023828085247,-0.0002860325044499448,-1.0880584716796875,0.1399993896484375
2008-10-15,-0.10363748364311748,-0.040000000000000036,0.01341329574561084,-0.012867675287039299,-7.130775451660156,14.119998931884766
2008-10-16,0.04081341887058793,-0.04999999999999982,-0.04945653185086193,0.003420673689635183,2.7202987670898438,-1.6399993896484375
2008-10-17,-0.005989946572137915,-0.010000000000000231,-0.0265830583677772,-0.004978869049058091,-0.40622711181640625,2.720001220703125
2008-10-20,0.05834311062975847,-0.06999999999999984,0.016569654325264915,-0.00820799603272654,4.062232971191406,-17.360000610351562
2008-10-21,-0.030310168810487755,-0.15000000000000036,-0.03197064160356307,-0.019120233843420667,-2.1399612426757812,0.1399993896484375
2008-10-22,-0.05599254548990564,-0.10999999999999988,-0.058497788057396756,-0.01888969224809695,-3.7865829467773438,16.540000915527344
2008-10-23,0.011517288406457023,-0.020000000000000018,-0.014892064399146903,0.009956725545702923,0.7616500854492188,-1.8499984741210938
2008-10-24,-0.05204540277371412,0.1299999999999999,0.021840397056156174,-0.024638939857002353,-3.3731346130371094,11.329994201660156
2008-10-27,-0.03614665193942717,0.03000000000000025,-0.00041552434178707896,-0.013174293530413102,-2.2415237426757812,0.9300003051757812
2008-10-28,0.1105174208634487,0.10000000000000009,0.022060230034850928,0.027254175474300528,7.116275787353516,-13.099998474121094
2008-10-29,-0.007279461107461911,0.040000000000000036,0.0028418597266937724,0.011659930314412394,-0.49330902099609375,3.0
2008-10-30,0.034009047532239815,0.06999999999999984,-0.01758617913369578,-0.0070637075725946945,2.3358154296875,-7.05999755859375
2008-10-31,0.00548846909189823,0.009999999999999787,-0.019021785472914204,-0.012989200305231121,0.38446044921875,-3.0100021362304688
2008-11-03,0.0028877577867019327,-0.04999999999999982,-0.0033698132493902304,-0.006633764291643426,0.20313262939453125,-6.209999084472656
2008-11-04,0.033417247244752785,-0.1499999999999999,0.05978044962665676,0.028593508882069955,2.393829345703125,-5.950000762939453
2008-11-05,-0.04293651522637106,-0.08000000000000007,-0.03615176785243687,-0.005089801198032505,-3.0612258911132812,6.8300018310546875
2008-11-06,-0.057005272623382376,0.020000000000000018,-0.007998964370514715,-0.01741593036892256,-3.8664016723632812,9.119998931884766
2008-11-07,0.03248436896044736,0.08000000000000007,0.003869529108754129,0.0014990597560185584,2.1762161254882812,-7.580001831054695
2008-11-10,-0.01319169023604737,-0.010000000000000231,0.014786712701221597,0.002660882597178923,-0.8922805786132812,3.8800010681152415
2008-11-11,-0.031362184285008914,0.0,-0.021012909760209354,-0.01836591218615012,-2.0746612548828125,1.4599990844726491
2008-11-12,-0.04499850860332794,-0.06999999999999984,-0.02886512275228242,-0.004557884112118673,-2.8653411865234375,5.020000457763679
2008-11-13,0.0604739365958195,0.08999999999999986,0.030252064319223424,0.026115889570376614,3.8809356689453125,-6.629997253417969
2008-11-14,-0.051195273312758895,-0.11999999999999966,0.015813344157826127,-0.0151039700456851,-3.300609588623047,6.4799957275390625
2008-11-17,-0.013364851193040497,-0.040000000000000036,-0.008907239506966189,0.0037230246233954153,-0.8341903686523438,2.8400039672851562
2008-11-18,0.01866134520551969,-0.15000000000000036,-0.0019288981747573384,-0.000556132234981122,1.167877197265625,-1.5100021362304688
2008-11-19,-0.06622402484482362,-0.1499999999999999,-0.003453757562079425,-0.010471644434272998,-4.047760009765625,6.620002746582031
2008-11-20,-0.07713312053736505,-0.2799999999999998,0.016334105788500954,-0.005313025748497885,-4.388729095458977,6.599998474121094
2008-11-21,0.05253846817458559,0.10000000000000009,0.07094243298627406,0.012139198333224207,2.952411651611321,-8.19000244140625
2008-11-24,0.0669956544545485,0.1499999999999999,0.025790177023884007,0.02562069748939223,3.9969978332519602,-7.970001220703125
2008-11-25,0.007381253252398165,-0.2400000000000002,-0.0004945100106059737,0.00896618244535278,0.45697021484375,-3.7999954223632812
2008-11-26,0.0379136794440372,-0.11999999999999966,-0.006077606219572271,-0.010399079114808474,2.401123046874993,-5.980003356933594
2008-11-28,0.012510028717415574,-0.06000000000000005,-0.0008712390504950196,-0.01572875473945856,0.8124618530273438,0.3600006103515696
2008-12-01,-0.09274931908275032,-0.20999999999999996,-0.059776655395983355,-0.007816670136345322,-5.788745880126953,13.230003356933587
2008-12-02,0.03776324381215899,-0.040000000000000036,0.01703836022130856,0.009023625248262727,2.292308807373047,-5.530002593994141
2008-12-03,0.023756692985021272,-0.010000000000000231,-0.01005685556947555,-0.00041941686852584996,1.4870758056640625,-2.259998321533203
2008-12-04,-0.023404489551836438,-0.1200000000000001,-0.008966308801461867,0.005185596045427306,-1.4652862548828125,2.9199981689453125
2008-12-05,0.030366401708466568,0.1200000000000001,-0.01306515556901043,-0.004473666898441223,1.9078102111816406,-3.7099990844726562
2008-12-08,0.03431800211105327,0.10000000000000009,0.022293921957316113,0.159631874406008,2.226970672607422,-1.4399986267089844
2008-12-09,-0.016620898023583665,-0.10000000000000009,0.0017046471557575096,-0.1433236378744117,-1.0881118774414062,0.4199981689453125
2008-12-10,0.006792620456219052,0.020000000000000018,0.043830671865911774,0.006783340415443277,0.4425048828125,-3.1800003051757812
2008-12-11,-0.024376698582641312,-0.04999999999999982,0.0112220818260269,0.023983908263089614,-1.5741539001464844,0.04999923706055398
2008-12-12,0.01186923105121549,-0.040000000000000036,0.001981866542690083,0.0018011885169566776,0.7616767883300781,-1.5
2008-12-15,-0.014031616553556512,-0.07000000000000028,0.021908972020150932,0.025289060823933424,-0.8994712829589844,2.479999542236321
2008-12-16,0.04599147301384736,-0.1599999999999997,0.022268376612201064,0.02636695123180153,2.995929718017578,-4.3899993896484375
2008-12-17,-0.009734492320977832,-0.16999999999999993,0.011419292069736266,0.02433972096073151,-0.645660400390625,-2.529998779296875
2008-12-18,-0.018859770067596482,-0.1200000000000001,-0.01842931699135299,-0.008036335195657648,-1.2331695556640625,-2.5
2008-12-19,-0.004310940192869924,0.04999999999999982,-0.014895236270839864,-0.026015022679856767,-0.27862548828125,-2.4099998474121094
2008-12-22,-0.012895537276766806,0.03000000000000025,0.009994686720185789,0.002370156525694562,-0.8263320922851562,-0.3699989318847656
2008-12-23,-0.01039141828271473,0.020000000000000018,-0.009994686720185745,-0.001520320636100451,-0.658161163330071,0.45999908447265625
2008-12-24,0.005785814351841321,0.020000000000000018,0.009994686720185789,0.005086286986281764,0.36561203002928977,-0.8100013732910156
2008-12-26,0.005753189510434313,-0.040000000000000036,0.025317801128255938,0.0012896362373208043,0.36565399169921875,-0.8299980163574219
2008-12-29,-0.0028722172815679745,-0.03000000000000025,0.008723521599817628,0.000856032321046737,-0.18281173706054688,0.5200004577636719
2008-12-30,0.023425957767499454,-0.020000000000000018,-0.005224940168183113,0.007171514794892139,1.5064582824707031,-2.270000457763672
2008-12-31,0.014173488534356661,0.14000000000000012,0.007191715531704658,-0.011388330538015646,0.928741455078125,-1.6300010681152344
2009-01-02,0.029696332435303497,0.20999999999999996,-0.003357378391118624,-0.0040878220114246725,1.9891128540039062,-0.8100013732910227
2009-01-05,-0.0011838072470880332,0.03000000000000025,-0.020503324199848343,-0.020096308939095725,-0.0804290771484375,-0.10999679565428977
2009-01-06,0.006655521282117305,0.019999999999999574,0.00766460793819893,-0.01000690086785891,0.45342254638671875,-0.5200004577636719
2009-01-07,-0.030414238945392864,0.010000000000000231,-0.028355453375407055,0.00744470286978558,-2.0476455688476562,4.829998016357422
2009-01-08,0.004071810866235066,-0.04999999999999982,0.020454024408850847,0.006445180304046515,0.270538330078125,-0.8299980163574219
2009-01-09,-0.02165128032884055,-0.040000000000000036,-0.006414096397031772,-0.017974966191582543,-1.4259872436523438,0.2599983215332031
2009-01-12,-0.024313715657803787,-0.0900000000000003,-0.03838212237276427,-0.007079140061624425,-1.5649642944335938,3.020000457763672
2009-01-13,0.001838280875025422,-0.009999999999999787,0.001484720857258964,-0.011899495401654971,0.11699676513671875,-2.5699996948242188
2009-01-14,-0.03195929394298587,-0.08999999999999986,-0.013568345959084955,0.001136003906681811,-2.0037193298339915,5.869998931884766
2009-01-15,0.0003549480800527924,-0.010000000000000231,0.007491587953086663,-0.004470509656238141,0.021903991699225855,1.8600006103515625
2009-01-16,0.007789845931819969,0.1299999999999999,0.028450719887202026,0.01013017565649961,0.4826774597167969,-4.8899993896484375
2009-01-20,-0.05423078649270543,0.040000000000000036,0.021647650395541167,-0.03110633677550417,-3.2835350036621094,10.540000915527344
2009-01-21,0.04228550304771677,0.16000000000000014,-0.0043872142605711085,0.009281438754452476,2.544910430908196,-10.230003356933594
2009-01-22,-0.015588018059961994,0.06000000000000005,0.005096914923472842,0.00013006218851575993,-0.9506950378417898,0.8700027465820312
2009-01-23,0.004341411294012681,0.029999999999999805,0.04564361014124338,-0.003220412475070374,0.2632904052734446,-0.020000457763671875
2009-01-26,0.00683517005086682,0.050000000000000266,0.004732915968779248,0.017354114945374602,0.41685104370116477,-1.5800018310546946
2009-01-27,0.010106428752068084,-0.11000000000000032,-0.006428711177525445,0.0018221839147202772,0.6215972900390625,-3.4399986267089773
2009-01-28,0.03327400213743265,0.1200000000000001,-0.01092160013595116,-0.004759664983317552,2.0914840698242188,-2.5900001525878906
2009-01-29,-0.0330375571532899,0.16000000000000014,0.023514556791130875,-0.016501872780047812,-2.0768661499023366,2.970001220703125
2009-01-30,-0.020552423118817907,0.0,0.020021658609882767,-0.007835455932161062,-1.2578086853027415,2.2099990844726562
2009-02-02,-0.0030230953691454555,-0.11000000000000032,-0.02742332608586875,-0.0017187178056127512,-0.18284225463867188,0.6800003051757812
2009-02-03,0.013948576914408978,0.13000000000000034,-0.004173432511596273,0.015328147161452766,0.8482627868652344,-2.4599990844726562
2009-02-04,-0.004908010520259585,0.06000000000000005,0.007993277328123664,-0.012157904159987775,-0.29982376098633523,0.789997100830071
2009-02-05,0.014771094461368567,0.0,0.010485343419634507,-0.005026766324964116,0.9068145751953196,-0.11999893188475852
2009-02-06,0.02809894074218585,0.09999999999999964,-0.005898480307817884,0.010570033916624895,1.7624435424804759,-0.3600006103515625
2009-02-09,0.0013786418212854252,0.020000000000000018,-0.014277086659724235,0.0024722230720384004,0.0877532958984304,0.2700004577636719
2009-02-10,-0.04689176871810356,-0.16999999999999993,0.021173696446258473,-0.003480014092613479,-2.917865753173821,3.029998779296875
2009-02-11,0.005878215110010162,-0.1200000000000001,0.022795527677897713,-0.003570815098175574,0.35831832885741477,-2.1399993896484304
2009-02-12,0.0007176149892973224,-0.029999999999999805,0.00948995861189852,0.0017773839914638817,0.043888092041015625,-3.279998779296882
2009-02-13,-0.010816468819339183,0.14000000000000012,-0.006676689815839725,-0.001931734017419516,-0.6581878662109446,1.6800003051757812
2009-02-17,-0.043715738309811666,-0.25,0.030853446205779407,-0.022328797332516973,-2.5887680053710866,5.729999542236328
2009-02-18,-0.002401336355629859,0.10000000000000009,0.015180232335786996,-0.001031182309841962,-0.13895034790039062,-0.20000076293945312
2009-02-19,-0.010813727048245117,0.10999999999999988,-0.011833302053734346,0.007139451179711698,-0.6216049194335866,-1.3799972534179688
2009-02-20,-0.009769142714156223,-0.07000000000000028,0.02097515976334845,0.021406074113407895,-0.5558090209961009,2.2199974060058594
2009-02-23,-0.036433496481953195,0.0,-0.0007159995450352209,-0.01989852339597043,-2.0256271362304688,3.3199996948242188
2009-02-24,0.03720844007533104,0.020000000000000018,-0.031177833375502513,0.01533069794205785,2.06951904296875,-7.129997253417969
2009-02-25,-0.007904025362013603,0.15000000000000036,-0.01681966189582418,-0.011698156424098882,-0.44608306884765625,-0.8200035095214844
2009-02-26,-0.016394884871332574,0.029999999999999805,-0.0009666932467288258,-0.0002926260094189969,-0.9141197204589844,-0.009998321533203125
2009-02-27,-0.02260187927943913,0.040000000000000036,-0.004631386566919188,-0.0032764489450785653,-1.2358779907226562,1.6899986267089773
2009-03-02,-0.04608839804331398,-0.10999999999999988,-0.018523050520845557,-0.00910006907937546,-2.4352073669433594,6.30000305175782
2009-03-03,-0.007535209867660451,0.020000000000000018,-0.009835956887444822,-0.002572305185430479,-0.3875770568847656,-1.720001220703125
2009-03-04,0.023414098713165448,0.07999999999999963,-0.011730046343054587,0.008444393100459061,1.2139396667480469,-3.3699989318847656
2009-03-05,-0.041705457441118005,-0.17999999999999972,0.033155872403161146,-0.007253181117832078,-2.1427040100097656,2.609996795654297
2009-03-06,0.0017425470732583916,0.0,0.003255950930954717,0.007253181117831999,0.08774948120117188,-0.839996337890625
2009-03-09,-0.01182252709291364,0.06000000000000005,-0.01881277418024431,-0.0012125351002551263,-0.5923576354980469,0.34999847412109375
2009-03-10,0.05790073195068144,0.10000000000000009,-0.02719657652831088,0.0074117858563315445,2.9690780639648438,-5.310001373291016
2009-03-11,0.006491123527091722,-0.040000000000000036,0.01217879089301902,0.007057106346311402,0.3437004089355469,-0.7599983215332031
2009-03-12,0.03861679896058288,-0.06000000000000005,0.02085254413435487,0.007171893000244536,2.0914993286132812,-2.4300003051757812
2009-03-13,0.00778434277507719,0.0,0.0021930335101093346,0.0024020189162898406,0.4314727783203125,1.1800003051757812
2009-03-16,-0.0030273751717474523,0.08000000000000007,-0.005491501809613432,0.003562020395544233,-0.16820144653320312,1.3800010681152344
2009-03-17,0.03012431325046013,0.04999999999999982,-0.008405293010376033,0.004395518798526304,1.696605682373054,-2.94000244140625
2009-03-18,0.022137429354859066,-0.5100000000000002,0.03331270158240966,0.03400181136959132,1.2797698974609375,-0.7399978637695312
2009-03-19,-0.012463461017531645,0.10000000000000009,0.013444527853073575,0.013111129583699902,-0.7239990234375071,3.6199989318847656
2009-03-20,-0.021523393348916786,0.040000000000000036,-0.008087754602137932,-0.005871060606620556,-1.2292366027832031,2.2099990844726562
2009-03-23,0.06936635901135392,0.03000000000000025,-0.016265716740780214,0.0028291294286644487,4.0582733154296875,-2.6599998474121094
2009-03-24,-0.019900079638926618,0.0,-0.012347912889209127,-0.010271407936797084,-1.1931877136230469,-0.2999992370605469
2009-03-25,0.010490850502610316,0.1299999999999999,0.011261327198225332,0.007075682847711305,0.6260604858398509,-0.6800003051757812
2009-03-26,0.020175896784981426,-0.050000000000000266,-0.0005437774128025601,-0.0034155451351217435,1.2226524353027273,-1.8899993896484375
2009-03-27,-0.01821363884604569,0.020000000000000018,-0.013580296815494518,-0.017795948917794246,-1.1048202514648366,0.6800003051757812
2009-03-30,-0.03516591751559923,-0.04999999999999982,-0.007859663659244367,-0.007996337506278465,-2.077026367187507,4.5
2009-03-31,0.009222924060832072,-0.020000000000000018,0.00332847770745487,0.004599325750559984,0.5376930236816406,-1.4000015258789062
2009-04-01,0.019181150868794346,-0.029999999999999805,0.008273170679264967,-0.0004503208555883319,1.1342620849609446,-1.8600006103515554
2009-04-02,0.028818304605216002,0.08999999999999986,-0.02480242474253235,0.016918637299002292,1.745574951171868,-0.23999786376953836
2009-04-03,0.009899551107618606,0.14000000000000012,-0.013719889999443402,0.0016444120816444389,0.6113357543945312,-2.3400001525878906
2009-04-06,-0.007864117399089095,0.040000000000000036,-0.02684414097964916,-0.00619921205208972,-0.4861335754394531,1.2299995422363281
2009-04-07,-0.023601884712548152,-0.020000000000000018,0.017092460393572564,-0.009619158295263375,-1.4362449645996094,-0.5400009155273438
2009-04-08,0.010719999908951242,-0.07000000000000028,-0.0014998243891666274,-0.0019630702429045336,0.648143768310554,-1.5400009155273509
2009-04-09,0.03897414921163407,0.10000000000000009,-0.003469851444995191,-0.006919777514935391,2.4158477783203054,-2.3199996948242045
2009-04-13,0.00023277192876857547,-0.08000000000000007,0.01802677831754674,0.015383290387000063,0.014713287353515625,1.2800025939941335
2009-04-14,-0.017393608068498788,-0.08000000000000007,-0.00582021051641387,-0.00675267676357618,-1.0900535583496094,-0.14000320434570312
2009-04-15,0.010613167404965665,0.020000000000000018,0.0014867876173518325,-0.0036304466600069053,0.6628684997558594,-1.5
2009-04-16,0.014555865647868552,0.040000000000000036,-0.019503271995841835,-0.003446125430687802,0.920635223388679,-0.37999725341796875
2009-04-17,0.006683441212329042,0.1200000000000001,-0.006899358971822021,-0.010332530175624343,0.42722702026366477,-1.8500022888183594
2009-04-20,-0.04281933624199975,-0.10000000000000009,0.020097043306539473,-0.008934880080757457,-2.6883392333984375,5.240001678466797
2009-04-21,0.019348780209116987,0.06000000000000005,-0.0006902618757463332,0.00046551987379874366,1.2005348205566406,-2.0400009155273438
2009-04-22,-0.006132215746091376,0.040000000000000036,0.0056234482639747705,0.005460424074720514,-0.38300323486328125,0.9599990844726491
2009-04-23,0.009769842734459992,-0.020000000000000018,0.016120292274093014,0.010340918132273074,0.6113128662109375,-0.9499969482421804
2009-04-24,0.014998189317870274,0.06999999999999984,0.010307038892938492,0.008869933829737676,0.9501571655273438,-0.3300018310546875
2009-04-27,-0.009507911662204391,-0.07999999999999963,-0.007944976286971623,-0.018195787420551904,-0.6039924621582031,1.5
2009-04-28,-0.0031501159578364857,0.09999999999999964,-0.014256884624757573,0.008563912837585817,-0.19884872436523438,-0.3699989318847656
2009-04-29,0.021046635212286356,0.07000000000000028,0.0065879591407686485,0.010228640818117725,1.3405189514160156,-1.8699989318847656
2009-04-30,0.0003433298202516487,0.040000000000000036,-0.012073098777590854,-0.0023188577343014544,0.02210235595703125,0.4199981689453125
2009-05-01,0.005360751252066629,0.04999999999999982,-0.0036735170067088633,0.002478079023925897,0.34609222412109375,-1.2000007629394531
2009-05-04,0.03345427746264217,-0.020000000000000018,0.019250010410794313,0.011288197134526641,2.2022476196289062,-0.7700004577636719
2009-05-05,-0.0034162453090316024,0.010000000000000231,-0.004409520299832408,-0.007686083740179227,-0.22827911376953125,-1.1699981689453125
2009-05-06,0.01718528613430944,-0.020000000000000018,0.01451176722419934,-0.00022634175857630032,1.1562957763671875,-0.9099998474121094
2009-05-07,-0.01398904777975288,0.10999999999999988,-0.0011174263342352655,0.005928475363935283,-0.9427413940429688,0.9899978637695312
2009-05-08,0.023064606349740436,0.0,0.006019424017208001,0.018271989020801675,1.5614471435546875,-1.3899993896484375
2009-05-11,-0.018891139312643662,-0.1200000000000001,-0.0032281533701712588,-0.00360785618454506,-1.2815704345703125,0.8199996948242188
2009-05-12,-0.002963685732554631,0.0,0.011198016123960245,0.004044426562454919,-0.1988677978515625,-1.0699996948242188
2009-05-13,-0.025495390588658788,-0.06000000000000005,0.004290665079151794,-0.004139518444179716,-1.6866531372070312,1.8500022888183594
2009-05-14,0.008533598695456956,-0.009999999999999787,-0.0006588794462207963,0.003484766228150962,0.5597610473632812,-2.280000686645508
2009-05-15,-0.008194795000925962,0.040000000000000036,0.005696195347549881,-0.009878022251002481,-0.537628173828125,1.7499980926513672
2009-05-18,0.028010936322350643,0.08000000000000007,-0.013083606100380054,0.004140075400984862,1.8560409545898438,-2.8799991607666016
2009-05-19,-0.0012067857306973624,0.029999999999999805,0.006618141022648309,0.005465240039142713,-0.0810394287109375,-1.4400005340576172
2009-05-20,-0.006716696056534213,-0.06000000000000005,0.014082443543520349,0.010263154962271254,-0.4492645263671875,0.23000144958496094
2009-05-21,-0.014467313948834323,0.16000000000000014,0.017195463853182144,0.009618287200858314,-0.9574966430664062,2.3199996948242188
2009-05-22,-0.00213180860012129,0.10000000000000009,0.0031915245362349074,0.006949321564701465,-0.139923095703125,1.2800006866455078
2009-05-26,0.02528940938918231,0.04999999999999982,-0.00415092269732309,-0.0006439673926437642,1.6792678833007812,-2.010000228881836
2009-05-27,-0.01801444171059031,0.20999999999999996,-0.00331184736774341,-0.011506566481380924,-1.2005386352539062,1.739999771118164
2009-05-28,0.013843723423969608,-0.040000000000000036,0.008418195990308802,0.006996729754814124,0.9206619262695312,-0.6900005340576172
2009-05-29,0.01755292375314045,-0.19999999999999973,0.02058462871331051,0.016093850929070994,1.1858139038085938,-2.75
2009-06-01,0.023920076654484868,0.23999999999999977,-0.004897561923661784,0.00048136642316980833,1.6498336791992188,1.1200008392333984
2009-06-02,0.0008441119435657499,-0.06000000000000005,0.006559420055802069,0.010164514831264352,0.0589447021484375,-0.4100017547607422
2009-06-03,-0.012733128459562643,-0.08999999999999986,-0.02044414554689964,-0.011169603005919059,-0.8838958740234375,1.3900012969970703
2009-06-04,0.009353273734160568,0.16000000000000014,0.01909415571894292,0.00199705961400183,0.6481781005859375,-0.8400001525878906
2009-06-05,0.00021201414668467301,0.11999999999999966,-0.02653629688685098,-0.014637432775472926,0.01476287841796875,-0.5599994659423828
2009-06-08,-0.004133659704786883,0.07000000000000028,-0.0016019817445122528,-0.00494775352537382,-0.28726959228515625,0.14999961853027344
2009-06-09,0.005084485923669617,-0.050000000000000266,0.0028817381951289885,0.01146593711216765,0.353515625,-1.5
2009-06-10,-0.002538792004592341,0.1200000000000001,0.00031966305250284715,-0.005665513098056201,-0.1767425537109375,0.18999862670898438
2009-06-11,0.004439156700879934,-0.10000000000000009,-0.001706160194135916,0.009046368771814797,0.30933380126953125,-0.3499984741210973
2009-06-12,0.002738066506019796,-0.06999999999999984,-0.016463478535408964,-0.007815041343329204,0.1914825439453125,0.03999900817871804
2009-06-15,-0.023194456118286865,-0.050000000000000266,-0.011676890623095083,-0.015559548217554954,-1.6055984497070312,2.659999847412106
2009-06-16,-0.013656067622895646,-0.08999999999999986,0.009069633678898644,0.0032585377806486054,-0.9280471801757812,1.8700008392333984
2009-06-17,-0.0009829865644448057,0.010000000000000231,0.0045582689271499,0.007788917882399293,-0.066314697265625,-1.1399993896484375
2009-06-18,0.007292231825546398,0.17999999999999972,-0.008045247432850396,-0.0016572780740828012,0.49350738525390625,-1.510000228881836
2009-06-19,0.003679262845351591,-0.06999999999999984,0.003160603275712481,0.002298617101785081,0.2503662109375,-2.0400009155273438
2009-06-22,-0.030446299620276333,-0.06999999999999984,-0.01490929384566157,-0.005882256947526395,-2.044342041015625,3.1800003051757812
2009-06-23,0.0007842196955037546,-0.07000000000000028,0.0041882267254902674,0.014806136518114214,0.0518798828125,-0.5900001525878942
2009-06-24,0.008580697109631254,0.07000000000000028,0.0058123626209368685,-0.009356210270206338,0.5703201293945312,-1.5300006866455043
2009-06-25,0.021515618810819176,-0.17000000000000037,0.00936011008805884,0.0031976598080342726,1.451751708984375,-2.689998626708988
2009-06-26,-0.0026095947661160077,-0.029999999999999805,-0.00021664835655391514,0.004808573969686594,-0.1777496337890625,-0.4300003051757777
2009-06-29,0.009319862831751754,-0.010000000000000231,-0.002712528083375162,0.002349606646556784,0.6369476318359375,-0.5799999237060547
2009-06-30,-0.00812320521466779,0.020000000000000018,-0.009387696981969475,-0.0033609299714689933,-0.5554962158203125,1.0
2009-07-01,0.004123959205667671,0.020000000000000018,0.013183162944147444,0.007242178140674165,0.2814483642578125,-0.13000106811523793
2009-07-02,-0.027672545590192627,-0.040000000000000036,-0.012415748613801528,-0.013051340351973934,-1.8665237426757812,1.7300014495849645
2009-07-06,-0.00011137095767768372,0.010000000000000231,-0.005384309013823919,0.0013967372564821293,-0.00740814208984375,1.0499992370605469
2009-07-07,-0.01956659751485981,-0.04999999999999982,-0.0005510889148284111,-0.0043792104788934446,-1.2888031005859375,1.8500003814697266
2009-07-08,-0.0006816996559229255,-0.14000000000000012,-0.01600214694695305,-0.002654385918258181,-0.0444488525390625,0.4499988555908203
2009-07-09,0.0019298093738396064,0.10999999999999988,0.0026849271616822263,0.010674195225456188,0.12590789794921875,-1.519998550415039
2009-07-10,-0.0023839486078063203,-0.1200000000000001,0.000781726470917072,-0.006724811944232116,-0.1555023193359375,-0.7600002288818359
2009-07-13,0.024037609797518764,0.06000000000000005,0.0067864820276108025,0.004021105435285719,1.585052490234375,-2.710000991821289
2009-07-14,0.0056444476478757066,0.1200000000000001,0.0068508015697580716,-0.0013282770157532601,0.37775421142578125,-1.289999008178711
2009-07-15,0.028826922691970958,0.1299999999999999,0.015624467984359134,0.009292293702401234,1.9628448486328125,0.8699989318847692
2009-07-16,-0.0016097487264629816,-0.040000000000000036,-0.0028226541932030746,0.0027677722959460506,-0.11110687255859375,-0.46999931335449574
2009-07-17,0.010894833633153111,0.08000000000000007,-0.0005437774128025601,-0.002556206849905267,0.7554779052734375,-1.0799999237060547
2009-07-20,0.010567812277109775,-0.06000000000000005,0.014578288320425086,0.007546352851452053,0.7407073974609375,0.059999465942386365
2009-07-21,0.004614707580883998,-0.10999999999999988,-0.0016093724740911361,-0.0009375514432937283,0.3259124755859375,-0.5299987792968786
2009-07-22,-0.00020954309334687217,0.08000000000000007,0.003323208166328789,0.0005254459045502823,-0.01483154296875,-0.4000015258789098
2009-07-23,0.021842515153671086,0.14000000000000012,-0.0019282309216238941,-0.0030070792465378294,1.5628662109375,-0.039999008178707385
2009-07-24,0.004087212845117371,-0.020000000000000018,0.0016071308030829298,0.0034334443554243396,0.29625701904296875,-0.3400001525878906
2009-07-27,0.002953501394350158,0.04999999999999982,0.003206452276499924,0.002461591104315358,0.21483612060546875,1.1900005340576172
2009-07-28,-0.004688402453824242,-0.029999999999999805,-0.0172213757394612,-0.007112420506473814,-0.34073638916015625,0.7299995422363317
2009-07-29,-0.0024545192184064445,-0.03000000000000025,-0.009928658008448938,-0.009335073511541043,-0.1777496337890625,0.6000003814697195
2009-07-30,0.010390822182305417,-0.020000000000000018,0.004594754818541675,0.0050016229606511175,0.7554702758789062,-0.21000099182128196
2009-07-31,0.0014185191176302406,-0.1499999999999999,0.018706235205377415,0.012358159921764153,0.1037445068359375,0.5200004577636683
2009-08-03,0.016361652869662107,0.14000000000000012,0.0055550219663754,0.010594071507457191,1.2073211669921875,-0.3600006103515625
2009-08-04,0.0025845702774059515,0.040000000000000036,0.008591912260693899,0.0005333743179454742,0.19252777099609375,-0.6700000762939418
2009-08-05,-0.0028835556014027803,0.09999999999999964,0.001055615791092795,-0.0005478496789579947,-0.2147674560546875,0.010000228881835938
2009-08-06,-0.005192472960615431,-0.009999999999999787,-0.0019009437320754224,-0.0026912572385692324,-0.3851776123046875,0.7700004577636683
2009-08-07,0.013029303066069786,0.10000000000000009,-0.009025795077514111,-0.012739248013745312,0.9703140258789062,-0.9099998474121058
2009-08-10,-0.002077091946925538,-0.0900000000000003,-0.008785139997340487,-0.00423414480597996,-0.1555328369140625,0.22999954223632457
2009-08-11,-0.012555112122228606,-0.08999999999999986,-0.0015076396214322287,0.0013433682317959433,-0.9332809448242188,1.0
2009-08-12,0.010672060136347392,0.010000000000000231,0.0017227961034532154,0.004723138854991133,0.7925567626953125,-0.5399990081787109
2009-08-13,0.007609704041649469,-0.13000000000000034,0.008249945329395434,0.004131435442031511,0.5703201293945312,-0.7400016784667969
2009-08-14,-0.007709034044511843,-0.040000000000000036,-0.007712133511340266,-0.0048420602177822345,-0.5777359008789062,-0.4399986267089844
2009-08-17,-0.02491382846898796,-0.06999999999999984,-0.015059050463639348,-0.007134837089584154,-1.836944580078125,3.619998931884769
2009-08-18,0.007903365338733705,0.029999999999999805,0.00490006917974958,0.004184190326702685,0.5777816772460938,-1.7099990844726598
2009-08-19,0.008741379449304284,-0.05999999999999961,0.0050923911990607956,0.006252046140693286,0.6443862915039062,0.07999992370605824
2009-08-20,0.010251465669693363,-0.03000000000000025,-0.002813877859599588,0.0004277722230019529,0.7629165649414062,-1.1700000762939489
2009-08-21,0.01941608716411143,0.14000000000000012,0.014845419974691357,0.004258531347762606,1.4665603637695312,-0.07999992370605113
2009-08-24,-9.693650151555994e-05,-0.08000000000000007,-0.014087067763647543,-0.0019457463697590803,-0.00739288330078125,0.12999916076660156
2009-08-25,0.0019403417646014236,-0.029999999999999805,0.004538157997111119,-0.0006286435826815868,0.1481170654296875,-0.21999931335449574
2009-08-26,9.734763642394527e-05,-0.010000000000000231,0.00032334981476521955,-0.003351194498703161,0.00743865966796875,0.030000686645507812
2009-08-27,0.0022267213053919644,0.03000000000000025,0.004301560763973106,0.009555392011256684,0.17034912109375,-0.2700004577636719
2009-08-28,-0.00019367382061728495,-0.010000000000000231,0.007270429612602455,-0.0009051174851781665,-0.01483154296875,0.07999992370605824
2009-08-31,-0.008939132354925874,-0.06000000000000005,-0.005019514036493062,-0.0012055225233143238,-0.6814422607421875,1.25
2009-09-01,-0.02230435537584401,-0.020000000000000018,0.005339040892428647,-0.00915157886809881,-1.6739654541015625,3.1399993896484375
2009-09-02,-0.0037993318269995495,-0.08999999999999986,0.024095025081346855,0.004358331612528916,-0.28144073486328125,-0.25
2009-09-03,0.0082804280877433,0.040000000000000036,0.0131166004758767,-0.001241126465564239,0.6147613525390625,-1.7999992370605504
2009-09-04,0.013911708268423006,0.1200000000000001,0.000717982446260517,0.0026408507217955185,1.04437255859375,-1.840000152587887
2009-09-08,0.008585844994304249,0.020000000000000018,-0.0010258358982360054,0.014585852156993602,0.6518402099609375,0.36000061035155895
2009-09-09,0.007645052395784034,0.009999999999999787,-0.0035987748498096305,0.0030213395076040127,0.58514404296875,-1.3000011444091797
2009-09-10,0.010166893213212838,-0.1200000000000001,0.006366128093033357,0.0022866815609291144,0.785125732421875,-0.7700004577636719
2009-09-11,-0.00019100624121567658,-0.020000000000000018,0.010993614941951805,-8.748159621725039e-05,-0.01482391357421875,0.6000003814697301
2009-09-14,0.004856021238923299,0.08000000000000007,-0.008335920016645862,0.0043250049163589465,0.37775421142578125,-0.28999900817871804
2009-09-15,0.004170439143262085,0.050000000000000266,0.009550031319132289,0.0018908128244945895,0.32588958740234375,-0.44000053405761363
2009-09-16,0.015020928631140788,0.009999999999999787,0.010160563341840068,0.0027913687387891195,1.1851043701171875,0.2700004577636719
2009-09-17,-0.0014919417230582447,-0.06000000000000005,-0.0057215445842040275,0.0014280871750399762,-0.11850738525390625,-0.0400009155273402
2009-09-18,0.0006374667897640711,0.07000000000000028,-0.006767342503089441,-0.001148576406181736,0.0506134033203125,0.2700004577636683
2009-09-21,-0.002533048014363948,0.0,-0.0031467067584414806,-0.002175601723122646,-0.200927734375,0.1399993896484375
2009-09-22,0.005807274630028896,-0.03000000000000025,0.013230487054919103,0.008671736339453676,0.46140289306640625,-0.9799995422363317
2009-09-23,-0.008347141469315282,-0.020000000000000018,-0.008463489692784406,-0.005818908361053961,-0.6623611450195312,0.4099998474121129
2009-09-24,-0.011079882620299535,-0.040000000000000036,-0.013036122562252067,-0.005111607306385965,-0.8707122802734375,1.460000991821289
2009-09-25,-0.005347105379637079,-0.06000000000000005,-0.005654119849773808,0.0023175538913464285,-0.4167633056640625,0.6599998474121058
2009-09-28,0.01774487907319709,-0.029999999999999805,0.0005153625568476521,-0.004322719906256064,1.3916854858398438,-0.7300014495849574
2009-09-29,-0.0030145331482405347,0.0,0.003907833509276226,-0.0020448955228323158,-0.23816680908203125,0.3100013732910156
2009-09-30,-0.0038754288732792074,0.0,0.014469359610812447,0.004328539614152708,-0.3051300048828125,0.42000007629394176
2009-10-01,-0.025126074554115346,-0.10000000000000009,-0.00975914114205605,-0.009538804484458692,-1.949859619140625,2.659999847412113
2009-10-02,-0.004672432388047387,0.03000000000000025,0.00489151440733466,0.005093513742767313,-0.3572235107421875,0.4099998474121094
2009-10-05,0.014818082114374775,0.0,0.014632653538604433,0.004782403331256961,1.1386642456054688,-1.8400001525878906
2009-10-06,0.014222752313608233,0.029999999999999805,0.02434557750386831,0.004201471885613791,1.1089019775390625,-1.1399993896484375
2009-10-07,0.0027444535708665368,-0.06000000000000005,0.0007818787663110404,-0.000691606206369541,0.21579742431640625,-1.0200004577636719
2009-10-08,0.007627331413183471,0.06000000000000005,0.012427332550376955,0.0047335679864074385,0.6028594970703125,-0.5
2009-10-09,0.006078470285864914,0.1299999999999999,-0.007749003016846714,-0.00320235757093146,0.48374176025390625,-1.0599994659423828
2009-10-12,0.003907745439110122,0.0,0.006976784520625118,0.003986036042489614,0.3125457763671875,-0.11000061035155895
2009-10-13,-0.002045354932346434,-0.06000000000000005,0.006736668520876528,0.003586384382157092,-0.1637420654296875,-0.020000457763675428
2009-10-14,0.017069055351302806,0.11000000000000032,-0.0007676245830556807,0.005776870106051113,1.3767929077148438,-0.12999916076660512
2009-10-15,0.003652780255681139,0.040000000000000036,-0.01275132896577922,0.0015990026972394623,0.297698974609375,-1.1400012969970703
2009-10-16,-0.00750186097541382,-0.06000000000000005,0.0031061924936279916,-0.003210401726072161,-0.6102218627929688,-0.2899990081787074
2009-10-19,0.008230818615128139,-0.020000000000000018,0.010124989184004255,0.003808821517313419,0.6697616577148438,0.05999946594238281
2009-10-20,-0.005297021586736354,-0.06000000000000005,-0.007801678695170401,-0.0020331366620663554,-0.43166351318359375,-0.5900001525878871
2009-10-21,-0.00901401533655871,0.06999999999999984,0.003185809847766886,0.0048354416855880475,-0.7293319702148438,1.3199996948242116
2009-10-22,0.010112349046828176,0.020000000000000018,0.0016371956316875906,0.0023288212437660755,0.8186492919921875,-1.5299987792968714
2009-10-23,-0.011499159388285135,0.06999999999999984,-0.004146385704316212,-0.0021186548612736797,-0.9302749633789062,1.5799999237060547
2009-10-26,-0.010883944121597,0.08000000000000007,-0.015875641589657274,-0.009932137573453494,-0.8707046508789062,2.039999008178711
2009-10-27,-0.004594247510938813,-0.09999999999999964,-9.819975733603636e-05,-0.0030124157205675193,-0.3647003173828125,0.5200004577636683
2009-10-28,-0.019068182012500746,-0.050000000000000266,-0.011057424410540882,-0.006704480322511892,-1.4958877563476562,3.0799999237060582
2009-10-29,0.02122742179162519,0.08999999999999986,0.019271061704086094,0.008261427013941842,1.667083740234375,-3.14999961853027
2009-10-30,-0.029401399300469575,-0.11999999999999966,-0.001559338208545283,-0.007245287126007325,-2.2996444702148438,5.930000305175778
2009-11-02,0.007311929744419829,0.040000000000000036,0.01375455816989644,0.002788426845134525,0.5656051635742188,-0.9099998474121094
2009-11-03,0.003158129636169317,0.04999999999999982,0.023859334198798238,-0.0029209716208634527,0.245574951171875,-0.970001220703125
2009-11-04,0.0025767572062660397,0.06999999999999984,0.005993644061587079,0.009323759374994479,0.2009429931640625,-1.0900001525878942
2009-11-05,0.018227807846652504,0.0,-0.001121030724287651,0.0006098505109553054,1.43634033203125,-2.2899990081787074
2009-11-06,0.002617457020403323,-0.029999999999999805,0.004197543036965226,-0.0019619200476894564,0.20841217041015625,-1.239999771118164
2009-11-09,0.02252020342441441,-0.020000000000000018,0.007049487746250498,0.010658646776519598,1.8158645629882812,-1.0400009155273402
2009-11-10,0.00018252213552554287,-0.020000000000000018,0.001846864931193741,-0.0012148304254551994,0.01488494873046875,-0.30999946594238637
2009-11-11,0.0050970478313084105,0.0,0.011101532395072736,-0.00038967818635332743,0.41677093505859375,0.20000076293945312
2009-11-12,-0.010220020665421874,-0.04999999999999982,-0.012763585468758788,-0.008519445834414162,-0.833526611328125,1.1999988555908203
2009-11-13,0.005396927385653994,-0.020000000000000018,0.014040137041637264,0.0034974141883518895,0.4391021728515625,-0.8799991607666051
2009-11-16,0.014400325719897368,-0.10000000000000009,0.01707589425776357,0.0050070746502096555,1.1832962036132812,-0.4700012207031179
2009-11-17,0.001168091890159104,0.0,0.0030411827518564915,-0.007151619088631517,0.09673309326171875,-0.4799995422363317
2009-11-18,-0.0006292494924816043,0.029999999999999805,0.0024975374482029953,0.005160741075628836,-0.0521240234375,-0.7800006866455078
2009-11-19,-0.013116555761753135,-0.009999999999999787,0.0004453622970806544,-0.0025240136591121727,-1.0790786743164062,1.0
2009-11-20,-0.0035573966009200745,0.009999999999999787,0.005682836942088943,-0.0035141361630797808,-0.29022979736328125,-0.4399986267089844
2009-11-23,0.012622347762481192,0.010000000000000231,0.011882360058537005,0.006576577177872717,1.0344772338867188,-1.0300006866455078
2009-11-24,0.001532763978743871,-0.050000000000000266,0.0038424851504036766,0.00031426739570351,0.1265106201171875,-0.6900005340576207
2009-11-25,0.003507483556676931,-0.040000000000000036,0.016339238275087858,0.010713511782507611,0.29022979736328125,0.01000022888183949
2009-11-27,-0.016384287739869777,-0.06999999999999984,-0.013467099128963782,-0.009095781807019974,-1.3470458984375,4.260000228881836
2009-11-30,0.003371138662450661,0.0,0.005028201653515501,0.003198143005990216,0.275360107421875,-0.22999954223632457
2009-12-01,0.012294417196622005,0.06999999999999984,0.014934599861011129,0.0033895727500187047,1.0121307373046875,-2.590000152587894
2009-12-02,-0.0004492164813430135,0.040000000000000036,0.015218446148337,-0.00134214190959636,-0.037200927734375,-0.7999992370605469
2009-12-03,-0.00785094338304672,0.07000000000000028,-0.004035681973678197,-0.00028632161771508267,-0.6474685668945312,1.3399982452392578
2009-12-04,0.005691502952090236,0.08999999999999986,-0.04259621807472397,-0.013928523991728394,0.4688720703125,-1.2099990844726562
2009-12-07,-0.0015328577077110034,-0.040000000000000036,-0.005642255891681633,-0.0010690926460089581,-0.1265411376953125,0.8500003814697266
2009-12-08,-0.011158656166281079,-0.040000000000000036,-0.01928118006647899,-0.009762268503943279,-0.9153518676757812,1.5900001525878906
2009-12-09,0.0037333731686564234,0.050000000000000266,-0.000991934917722932,0.0027816483692903464,0.30511474609375,-1.0300006866455078
2009-12-10,0.005619550766718603,0.040000000000000036,-0.00018042626976952085,-0.0005746166380247928,0.46141815185546875,-0.3400001525878906
2009-12-11,0.004238854360347214,0.05999999999999961,-0.013627902417121703,-0.007527862370553391,0.34976959228515625,-0.7299995422363281
2009-12-14,0.006816769295787443,0.010000000000000231,0.008380429619065384,0.0025909605860300294,0.5656051635742188,-0.44000053405761363
2009-12-15,-0.004659085830650848,0.040000000000000036,-0.00027215949101666397,-0.007869014766812227,-0.386993408203125,0.3400001525878871
2009-12-16,0.0015251067324554201,0.009999999999999787,0.012443778983734818,-0.0011045733053306746,0.1264801025390625,-0.9499988555908203
2009-12-17,-0.012088193839350931,-0.10999999999999988,-0.03883007474829872,-0.012400677330579707,-0.997222900390625,1.9699993133544957
2009-12-18,0.0056415763798268155,0.04999999999999982,0.014887700748231857,0.0001434031718653089,0.46390533447265625,-0.8299999237060582
2009-12-21,0.010111315002885372,0.14000000000000012,-0.018527626386022195,-0.004352535098154882,0.8380279541015625,-1.1900005340576172
2009-12-22,0.003586431699703174,0.06999999999999984,-0.007319841214939189,-0.0022689841604015518,0.299285888671875,-0.9499988555908203
2009-12-23,0.001966758846252453,0.010000000000000231,0.003572821407141551,0.005718051743872658,0.164581298828125,0.1699981689453125
2009-12-24,0.004723282462291865,0.04999999999999982,0.016844635663340383,0.0034034017111928072,0.396575927734375,-0.23999977111816762
2009-12-28,0.0021315180854612225,0.03000000000000025,0.0017519015886225233,-0.0006902197727766006,0.1795806884765625,0.4600009918212926
2009-12-29,-0.0014203259414526553,-0.03000000000000025,-0.00999917422653521,-0.0022256901578875045,-0.1197052001953125,0.07999992370605824
2009-12-30,-0.00035544222691682325,-0.020000000000000018,-0.005037332589067185,-7.172884769849826e-05,-0.02993011474609375,-0.05000114440918324
2009-12-31,-0.009644369341913341,0.050000000000000266,0.003547401565526754,-0.0010463464530747226,-0.8080596923828125,1.720001220703125
2010-01-04,0.016817497300218184,0.0,0.02293873768114764,0.006742010961470187,1.4141387939453125,-1.6399993896484375
2010-01-05,0.0026434214933853824,-0.08000000000000007,-0.0009112174071556114,-0.0040305221069684306,0.22444915771484375,-0.6900005340576172
2010-01-06,0.0007038175438653766,0.08000000000000007,0.016364952672508887,0.002646804798315725,0.0598602294921875,-0.1900005340576172
2010-01-07,0.004212355748594756,0.0,-0.00620703144916329,-0.005988525735909824,0.3591461181640625,-0.10000038146972656
2010-01-08,0.0033221614939000364,-0.020000000000000018,0.00495075538137829,0.006478351153559585,0.2843170166015625,-0.9300003051757812
2010-01-11,0.001395425508301217,0.020000000000000018,0.013201473675457865,0.006926876198316234,0.1197052001953125,-0.5799999237060547
2010-01-12,-0.009370151937988212,-0.10999999999999988,-0.021134489951311626,-0.0023914361899113113,-0.8006134033203125,0.7000007629394531
2010-01-13,0.008411083951156086,0.05999999999999961,0.009458279378539308,0.0032624165675256152,0.71832275390625,-0.39999961853027344
2010-01-14,0.002700571694511664,-0.040000000000000036,0.004383402504944763,-0.0016543361948232623,0.2319183349609375,-0.220001220703125
2010-01-15,-0.01128696809974288,-0.05999999999999961,-0.010498532177150062,-0.007540404328297255,-0.96514892578125,0.2800006866455078
2010-01-19,0.01241769352570107,0.029999999999999805,0.005935767413319545,-0.007669729690757076,1.06243896484375,-0.3299999237060547
2010-01-20,-0.010220435999283316,-0.04999999999999982,-0.023406622544498403,-0.012023455501879625,-0.8754043579101562,1.1000003814697266
2010-01-21,-0.01941642164060747,-0.06000000000000005,-0.014516455339507784,-0.0009448887352589319,-1.6386184692382812,3.5900001525878906
2010-01-22,-0.022544466106696363,0.0,-0.0018644973871885428,0.0031202553669439537,-1.8631134033203125,5.039999008178711
2010-01-25,0.0051150087284296975,0.040000000000000036,0.002888473340999794,0.0006365998603516985,0.419036865234375,-1.8999996185302734
2010-01-26,-0.004199400171413429,-0.010000000000000231,0.0007439937221865503,-0.00479955913635074,-0.34418487548828125,-0.8600006103515625
2010-01-27,0.004745543414091602,0.010000000000000231,-0.009622184538243905,-0.003654736000310232,0.3890533447265625,-1.4099998474121058
2010-01-28,-0.011538409263052711,0.020000000000000018,-0.0004694185510533905,-0.004493678129876433,-0.9427490234375,0.5900001525878871
2010-01-29,-0.010927846505478452,-0.050000000000000266,-0.004895549849721357,-0.007264974338785467,-0.8828887939453125,0.8900012969970703
2010-02-01,0.015430537886106661,0.050000000000000266,0.022305058135940522,0.004321987427387519,1.2494888305664062,-2.030000686645508
2010-02-02,0.012031491204480303,-0.010000000000000231,0.007173093057516182,0.0035297275541919383,0.9877166748046875,-1.1100006103515625
2010-02-03,-0.004995773322055809,0.06000000000000005,-0.003948040904899996,-0.005394201396022321,-0.41156768798828125,0.12000083923339844
2010-02-04,-0.03135170192033985,-0.10999999999999988,-0.0406494619043355,-0.011293223003581414,-2.53643798828125,4.479999542236325
2010-02-05,0.0020646909469221254,-0.03000000000000025,0.0029657764294868027,-0.004730733220285858,0.16460418701171875,0.030000686645507812
2010-02-08,-0.007245964591179615,0.03000000000000025,-0.006132631197052165,-0.0018587840154328738,-0.5761795043945312,0.39999961853028054
2010-02-09,0.012482178201579928,0.04999999999999982,0.01308209362845793,0.009287239831575736,0.9951553344726562,-0.5100002288818395
2010-02-10,-0.0019605114002665233,0.050000000000000266,-0.002754962144308203,-0.002092706982513662,-0.15712738037109375,-0.600000381469723
2010-02-11,0.010411830117416575,0.009999999999999787,0.018940443772260437,-0.005212626465916843,0.8380050659179688,-1.4400005340576207
2010-02-12,-0.0008324493442778652,-0.040000000000000036,-0.0008404197035729754,-0.003428251752621481,-0.06732177734375,-1.2299995422363281
2010-02-16,0.015612090192596122,-0.029999999999999805,0.02381725974040192,0.009645394206259669,1.2719573974609375,-0.4799995422363281
2010-02-17,0.004727364115659551,0.08000000000000007,-0.0033810306977535213,-0.01170218360079305,0.3890838623046875,-0.5300006866455114
2010-02-18,0.005878272374293163,0.04999999999999982,0.006659727627096444,-0.010745953065451137,0.48638153076171875,-1.090000152587887
2010-02-19,0.002071292085020045,-0.010000000000000231,-0.004648011335301192,0.011344846050983796,0.17206573486328125,-0.6099987030029297
2010-02-22,0.0001800812608939859,0.020000000000000018,-0.003660675124824127,-0.0006941288237528771,0.01497650146484375,-0.07999992370605469
2010-02-23,-0.012218969979599158,-0.10999999999999988,-0.010877691236587123,-0.005792763300923249,-1.010101318359375,1.4300003051757812
2010-02-24,0.009155745718566408,0.010000000000000231,-0.0049245049976189585,0.0011911152884733632,0.7557144165039062,-1.1000003814697266
2010-02-25,-0.0013546740967980476,-0.06000000000000005,0.008809784398268496,-0.0005280938935947858,-0.11225128173828125,-0.1700000762939453
2010-02-26,0.0006320351770052728,-0.03000000000000025,0.010287614912394953,0.006995482680619629,0.0523529052734375,-0.6000003814697266
2010-03-01,0.010331311239178858,0.0,0.0,-0.005071458325896351,0.8604736328125,-0.2399997711181605
2010-03-02,0.0027670084707205546,0.010000000000000231,0.01442525680569016,0.004308478211709109,0.23197174072265625,-0.20000076293945668
2010-03-03,0.0008908559505089159,0.009999999999999787,0.0054794713974865225,0.005928833785702982,0.07482147216796875,-0.22999954223633168
2010-03-04,0.0030230962651938593,-0.020000000000000018,-0.007192294113451878,-0.008622155066121798,0.25440216064453125,-0.1100006103515625
2010-03-05,0.01419178383263568,0.08000000000000007,-0.00018051139298243165,0.0033063934556413514,1.2046127319335938,-1.2999992370605433
2010-03-08,0.000175804343248314,0.03000000000000025,-0.008428164684993479,-0.0008855623903915136,0.0150299072265625,0.37000083923339844
2010-03-09,0.0016605839628219543,-0.010000000000000231,-0.0014571590358531733,-0.0007350346069989022,0.14209747314453125,0.12999916076660156
2010-03-10,0.004445949807543423,0.020000000000000018,-0.011458028889065516,0.0026706168401981092,0.3816070556640625,0.6499996185302734
2010-03-11,0.00416602273376648,0.0,0.0011977451434267712,0.003074386641760194,0.35912322998046875,-0.5100002288818359
2010-03-12,8.699238239242686e-05,-0.020000000000000018,-0.006003264758673336,0.006163676066468489,0.00751495361328125,-0.4799995422363281
2010-03-15,0.0002593425244484503,0.0,0.0037908941588109873,-0.006738314588262822,0.02240753173828125,0.4200000762939453
2010-03-16,0.00793522837966289,-0.04999999999999982,0.018651124814839434,0.006655721326007922,0.6884307861328125,-0.3099994659423828
2010-03-17,0.005909455674860578,-0.010000000000000231,-0.007364051605517102,-0.0022143784452942263,0.5162429809570312,-0.7800006866455078
2010-03-18,-0.000512402114907968,0.03000000000000025,0.006820378596121279,-0.009094421161701699,-0.04488372802734375,-0.28999900817871094
2010-03-19,-0.005074852423348322,0.020000000000000018,-0.018846021182444456,-0.005674542232874572,-0.44329071044921875,0.34999847412109375
2010-03-22,0.005332262133087753,-0.03000000000000025,-0.004906724488664302,0.002222510096576412,0.4658355712890625,-0.09999847412109375
2010-03-23,0.00700851374640076,0.020000000000000018,0.005276077362753657,-0.007326482010404814,0.6160659790039062,-0.5200004577636719
2010-03-24,-0.004867048648644143,0.1499999999999999,-0.018824492289792858,-0.010223632308132048,-0.42828369140625,1.1999988555908203
2010-03-25,-0.0016270184800558861,0.07000000000000028,0.004505317583276694,-0.0017980234110052788,-0.14270782470703125,0.8500003814697301
2010-03-26,-0.00060041670460556,-0.050000000000000266,0.016808656864527635,0.007707804989096178,-0.05260467529296875,-0.6299991607666051
2010-03-29,0.006327539111597679,0.020000000000000018,0.0014723814641710547,0.005284100879331864,0.55596923828125,-0.18000030517578125
2010-03-30,0.0006815750764984202,0.0,-0.007198247903797274,-0.004237636731491626,0.06009674072265625,-0.46000099182128906
2010-03-31,-0.0034129643161124965,-0.040000000000000036,0.009035611315005328,0.0062348001309614105,-0.3005218505859375,0.46000099182128906
2010-04-01,0.006814492323792863,0.050000000000000266,0.011952199156018703,0.005608017460515234,0.6010589599609375,-0.12000083923339844
2010-04-05,0.008116357773085845,0.11999999999999966,0.005697480924986897,-0.007011834472478819,0.72125244140625,-0.4499988555908203
2010-04-06,0.0023550004615235307,-0.029999999999999805,0.0012617106108131124,-0.006480696650848827,0.2103729248046875,-0.7900009155273438
2010-04-07,-0.0057287283597010335,-0.08999999999999986,0.013063885742510774,-0.003999225824925799,-0.5108871459960938,0.3900012969970703
2010-04-08,0.0034576924477441044,0.020000000000000018,0.0014213706092301968,0.0009481548735943754,0.30800628662109375,-0.1400012969970703
2010-04-09,0.0065461262145890525,-0.010000000000000231,0.008749871191504223,0.01040894266375973,0.5860443115234375,-0.3400001525878906
2010-04-12,0.0015879214390458374,-0.029999999999999805,-0.005559222339984327,0.0070179832710689045,0.14273834228515625,-0.559999465942381
2010-04-13,0.0007517892224621868,-0.03000000000000025,-0.002835621646023893,0.0009249428923986608,0.067657470703125,0.6200008392333967
2010-04-14,0.01128528965348592,0.040000000000000036,0.003012551773767293,0.0034762566030123536,1.0217590332031392,-0.6100006103515625
2010-04-15,0.0008248499396657394,-0.020000000000000018,0.005470304321850955,-0.006017827303584209,0.07513427734373579,0.3000001907348633
2010-04-16,-0.016040041966982412,-0.06999999999999984,-0.021433553562709342,-0.005171809284392402,-1.4500045776367188,2.470000267028805
2010-04-19,0.0037626044126367027,0.040000000000000036,-0.0008093560236551188,-0.0012416783781394466,0.33805084228515625,-1.0200004577636683
2010-04-20,0.008891287630697022,-0.010000000000000231,0.0027851197891251185,-0.003876713889154276,0.8039093017578267,-1.6100006103515625
2010-04-21,-0.0018220187737624809,-0.04999999999999982,0.007597109309406448,-0.0033665699312842,-0.16532135009767046,0.5900001525878906
2010-04-22,0.0029792252072262902,0.029999999999999805,-0.004193637495525399,-0.008997571964234662,0.2704772949218608,0.14999961853027344
2010-04-23,0.006506762898790325,0.040000000000000036,0.011998598472109824,0.008555801171260513,0.5935440063476847,0.15000152587890625
2010-04-26,-0.003783553820901258,-0.009999999999999787,-0.003894865830639106,0.0012856772942977386,-0.34560394287110796,0.8499984741210938
2010-04-27,-0.02393442335243412,-0.1200000000000001,0.01653654778371808,-0.017350595323902363,-2.156219482421875,5.340000152587891
2010-04-28,0.007566853484279218,0.08999999999999986,-0.002795491486585015,0.003192375500305,0.676116943359375,-1.7299995422363317
2010-04-29,0.01232130967391548,-0.040000000000000036,-0.0002624679990349378,0.0037860425403388816,1.1119461059570312,-2.639999389648434
2010-04-30,-0.017107510376822344,-0.06999999999999984,0.00940611214659533,0.002642793494121407,-1.5401992797851562,3.6099987030029297
2010-05-03,0.01287893893587623,0.03000000000000025,0.003202242039102839,-0.007406060624911719,1.15704345703125,-1.8599987030029297
2010-05-04,-0.023795379525243063,-0.0900000000000003,-0.007458842798920222,-0.018039068609863564,-2.1261749267578125,3.6499996185302734
2010-05-05,-0.005974531447612612,-0.04999999999999982,0.001913321093208226,-0.011561530236906613,-0.52593994140625,1.0699996948242188
2010-05-06,-0.03377759215659454,-0.16999999999999993,0.029114151638993547,-0.014301298926443492,-2.915069580078125,7.8899993896484375
2010-05-07,-0.014986954890424366,0.040000000000000036,-0.0018584329204845893,0.009698510652536201,-1.2621994018554688,8.150001525878906
2010-05-10,0.04309886680427783,0.11999999999999966,-0.005936219595425441,0.0018130244848811644,3.6814117431640625,-12.110000610351562
2010-05-11,-0.00284470406550683,-0.009999999999999787,0.025942805079309364,-0.011751436422303828,-0.2479095458984375,-0.5200004577636719
2010-05-12,0.013888858824112957,0.0,0.006114187831152085,0.0007200971762973788,1.2170944213867188,-2.799999237060547
2010-05-13,-0.012508480993327263,-0.010000000000000231,-0.0069433571267264235,-0.007780520819727087,-1.0968856811523438,1.1599998474121094
2010-05-14,-0.01827108347643749,-0.10999999999999988,-0.0015771788582184835,-0.014541713473336576,-1.5777587890625,4.559999465942383
2010-05-17,0.0005269068705950089,0.03000000000000025,-0.008426213640485975,0.0026609142594338016,0.04509735107421875,-0.39999961853027344
2010-05-18,-0.013696119238446776,-0.0900000000000003,0.0010885264147745962,-0.017420541411739418,-1.16455078125,2.7099990844726562
2010-05-19,-0.00571039026772626,-0.020000000000000018,-0.024226160830335432,0.017457670512705855,-0.4808502197265625,1.7700004577636719
2010-05-20,-0.038490423928320805,-0.10999999999999988,-0.006796610129532695,0.006877180708703355,-3.1704788208007812,10.470001220703125
2010-05-21,0.01449328854981987,-0.04999999999999982,-0.005366542125113491,0.007037874568230381,1.1795196533203125,-5.690002441406257
2010-05-24,-0.012913615966998162,0.029999999999999805,0.013962091277818433,-0.017428508509895628,-1.051788330078125,-1.779998779296868
2010-05-25,0.001020336520619586,-0.04999999999999982,0.004440692858806834,-0.00032109748809052677,0.082611083984375,-3.7099990844726562
2010-05-26,-0.006046630911841788,0.029999999999999805,0.009413635235164157,-0.01411019910489194,-0.48833465576171875,0.4099998474121094
2010-05-27,0.03294895791646989,0.1299999999999999,0.0018552983674487234,0.01427076073688679,2.6971588134765625,-5.340000152587891
2010-05-28,-0.012628832081352868,-0.029999999999999805,0.0015994852276123958,-0.006007743200723137,-1.0442962646484375,2.3899993896484375
2010-06-01,-0.016966614802070654,-0.020000000000000018,0.00862693406619541,-0.003345273748944905,-1.3823928833007812,3.470001220703125
2010-06-02,0.025706115141731725,0.06000000000000005,-0.0010847752867185415,0.0004894631085020045,2.103668212890625,-5.370000839233398
2010-06-03,0.0034381482715625388,0.040000000000000036,-0.01531114045936818,-0.005699372486833643,0.28548431396484375,-0.7100009918212891
2010-06-04,-0.03576921122798162,-0.18999999999999995,0.01037330279219319,-0.016438877880181633,-2.9225997924804688,6.020000457763672
2010-06-07,-0.012529007918997855,-0.03000000000000025,0.019113058305128095,-0.004026206980611523,-0.999237060546875,1.0900001525878906
2010-06-08,0.0106550440142164,0.010000000000000231,-0.00404139168631843,0.004109951497747085,0.8489837646484375,-2.8699989318847656
2010-06-09,-0.005360058248212221,0.020000000000000018,-0.0036430115290506894,0.0016655661095444536,-0.42821502685546875,0.029998779296875
2010-06-10,0.028812182884480324,0.1299999999999999,-0.01327616331865968,0.009712600726572622,2.3290328979492188,-3.1599998474121094
2010-06-11,0.004843962929037992,-0.08999999999999986,0.008703719694756393,0.0004117173657361627,0.398193359375,-1.779998779296875
2010-06-14,-0.0015513705839810587,0.03999999999999959,-0.0034222616854406953,0.008552695671447725,-0.12773895263671875,-0.21000099182129262
2010-06-15,0.02248351559776367,0.040000000000000036,0.011555051138783242,0.008232084215862382,1.8707962036132812,-2.7099990844726527
2010-06-16,-0.0003575684134795839,-0.04999999999999982,-0.005469896230116363,-0.0005788409597696201,-0.03008270263671875,0.049999237060546875
2010-06-17,0.0016063766943506842,-0.06000000000000005,0.012963065337676728,0.005679618852154692,0.13523101806640625,-0.8700008392333984
2010-06-18,0.0010834466207569789,0.03000000000000025,0.0076002514535395095,0.0008794776975884809,0.09133148193359375,-1.0999984741210938
2010-06-21,-0.0028677936698162923,0.019999999999999574,-0.020064832581080886,-0.006226657623137047,-0.2415313720703125,0.9299983978271484
2010-06-22,-0.016653608206144074,-0.07999999999999963,0.008766162443343665,-0.0033320921830013402,-1.3889923095703125,2.1700000762939453
2010-06-23,-0.003107596882115992,-0.050000000000000266,-0.004125418496021565,0.0035784942161648527,-0.2566375732421875,-0.1399993896484375
2010-06-24,-0.016709246563068002,0.010000000000000231,0.0028896292842949317,0.001491632255975468,-1.3663253784179688,2.8299999237060547
2010-06-25,0.00417987852441,-0.020000000000000018,0.011964406044451523,0.0028788196091727477,0.33965301513671875,-1.2099990844726562
2010-06-28,-0.0031568375399246233,-0.07000000000000028,-0.013697206629814883,-0.007789398795184143,-0.25665283203125,0.4699993133544922
2010-06-29,-0.03136194944216751,-0.07999999999999963,0.0014853964638133306,-0.007412309622866366,-2.5062179565429688,5.130001068115234
2010-06-30,-0.009545235030505993,0.0,0.0033752134718408188,0.003577106199264277,-0.747314453125,0.4099998474121094
2010-07-01,-0.0044662505474651676,-0.010000000000000231,-0.03887888592484208,0.022434959929625495,-0.34722900390625,-1.6800003051757812
2010-07-02,-0.005464937195147079,0.040000000000000036,0.012312786265651068,0.0050658469285492815,-0.42276763916015625,-2.739999771118164
2010-07-06,0.006534641575327586,-0.04999999999999982,-0.016851426232847473,0.00420759483740142,0.5057907104492188,-0.47000122070312145
2010-07-07,0.03101053898571576,0.04999999999999982,0.010416771036920194,0.0007197730453446378,2.4458389282226562,-2.8099994659423864
2010-07-08,0.009846281804684498,0.040000000000000036,-0.004426705679849722,0.004812213760014204,0.7925872802734375,-1.1300010681152344
2010-07-09,0.007438023796317245,0.029999999999999805,0.009763642764658647,-0.003952752093030131,0.6039276123046875,-0.7299995422363281
2010-07-12,0.0006477978842654751,0.010000000000000231,-0.008655160400420137,-0.004277160303314195,0.0528106689453125,-0.5499992370605469
2010-07-13,0.014975767444628618,0.06999999999999984,0.008655160400420107,0.01033933500313667,1.2304611206054688,0.12999916076660156
2010-07-14,-9.106261040032016e-05,-0.08000000000000007,-0.0005070359076373576,0.0015403690623002038,-0.007537841796875,0.32999992370605824
2010-07-15,0.0002736236959522695,-0.06999999999999984,-0.0005918885128413167,0.014656530180525616,0.02265167236328125,0.25
2010-07-16,-0.02792081171428377,-0.040000000000000036,-0.013282487126809024,0.0002586043942033506,-2.2797393798828125,1.110000610351559
2010-07-19,0.005889189027965177,0.03000000000000025,-0.008089500274875499,0.0005821452256836634,0.4755706787109375,-0.28000068664551137
2010-07-20,0.01103008808831352,-0.010000000000000231,0.007918090681685528,-0.003590791079218506,0.898284912109375,-2.0399990081787074
2010-07-21,-0.013082745565278131,-0.08000000000000007,-0.0068817738410447155,-0.009750962757509874,-1.064361572265625,1.7099990844726598
2010-07-22,0.022076304130374695,0.06000000000000005,0.00868040464199568,0.010524922553194389,1.8041610717773438,-1.0100002288818395
2010-07-23,0.00864174596626175,0.06000000000000005,-0.0066109215447102,0.0007744690481291679,0.7171554565429688,-1.159999847412113
2010-07-26,0.010362002825246715,0.009999999999999787,-0.0049220747193229565,0.006633442012646263,0.8681259155273438,-0.7399997711181605
2010-07-27,-8.99646108094996e-05,0.050000000000000266,-0.017552688498183856,-0.0006237988062238497,-0.00757598876953125,0.46000099182128906
2010-07-28,-0.006475013736177438,-0.050000000000000266,0.0023757910068710766,0.0001039629092840535,-0.5434799194335938,1.0599994659423828
2010-07-29,-0.004884541984897264,0.0,0.004472337326195603,0.006582753168812028,-0.40766143798828125,-0.12000083923339844
2010-07-30,-0.00018136795754472468,-0.08999999999999986,0.01044484170982206,-0.0029904301752239084,-0.01509857177734375,-0.6299991607666016
2010-08-02,0.022329493745957694,0.050000000000000266,0.0004328706471263803,0.010446432862118028,1.8796310424804688,-1.4899997711181605
2010-08-03,-0.004800109556370651,-0.050000000000000266,0.0038871637993980568,0.003722536109771636,-0.4076080322265625,0.6199989318847621
2010-08-04,0.006660991708535617,0.040000000000000036,0.006273952596501905,0.0,0.5661544799804688,-0.4200000762939453
2010-08-05,-0.0010628604008820338,-0.040000000000000036,0.0022250940386060744,-0.0050786815117946455,-0.0905914306640625,-0.10999870300292969
2010-08-06,-0.004084525828272357,-0.08000000000000007,0.007324732365886041,0.0017646474237551716,-0.3472442626953125,-0.3600006103515625
2010-08-09,0.005324330403729296,0.0,-0.003740820686149912,0.007887125187317354,0.4529266357421875,0.399999618530277
2010-08-10,-0.005413450755787502,-0.06999999999999984,0.002806975212677366,-0.004202688781353308,-0.46048736572265625,0.23000144958495738
2010-08-11,-0.027789427732223374,-0.06999999999999984,-0.003318223315611171,-0.003407553186880817,-2.3250198364257812,3.0199985504150426
2010-08-12,-0.006148845488743112,0.020000000000000018,0.012113149233667235,-0.02619518817946638,-0.5057754516601562,0.3400001525878871
2010-08-13,-0.002950406142472086,-0.06000000000000005,-0.00025261067028948305,-0.001103967401704031,-0.24158477783203125,0.5100002288818359
2010-08-16,-0.00046126026041533205,-0.10000000000000009,0.008303024914578124,-0.004608142791233524,-0.0377044677734375,-0.1399993896484375
2010-08-17,0.01221045893080985,0.06000000000000005,0.0001670005247416709,0.0032105568602751244,1.003997802734375,-1.7700004577636754
2010-08-18,0.0018228827631995848,0.0,0.003917171473901901,0.005292525997281421,0.15093994140625,0.2600002288818395
2010-08-19,-0.017549993471681954,-0.06000000000000005,0.0014130601122222405,-0.001827205331509851,-1.4418258666992188,1.8500003814697266
2010-08-20,-0.0032494027457605156,0.040000000000000036,-0.0034947461752424026,-0.0037726963300603726,-0.264190673828125,-0.9500007629394531
2010-08-23,-0.0038201823542784925,-0.020000000000000018,-0.00158500505680003,-0.007680836874902004,-0.30950164794921875,0.1700000762939453
2010-08-24,-0.01495427692486153,-0.10000000000000009,0.004830540187787872,-0.0059180871120244295,-1.2002487182617188,1.7999992370605469
2010-08-25,0.003877532860122615,0.040000000000000036,0.00827408323664724,-0.0001642736980887827,0.3094940185546875,-0.7599983215332031
2010-08-26,-0.006724554037452684,-0.040000000000000036,-0.0033014352071624076,0.002453840014940038,-0.5359725952148438,0.6700000762939453
2010-08-27,0.015371199060504057,0.16000000000000014,0.00041329960092031443,0.003348889293448562,1.2304611206054688,-2.9200000762939453
2010-08-30,-0.014611200521646231,-0.1200000000000001,-0.0008267069892495315,0.0037299821012289247,-1.1700668334960938,2.759998321533203
2010-08-31,0.0,-0.06999999999999984,0.00963008506090641,-0.006926953201297012,0.0,-1.1599998474121094
2010-09-01,0.029473072788873348,0.10999999999999988,-0.003199735123742887,0.0016860217365177637,2.3778762817382812,-2.159999847412106
2010-09-02,0.009268801807502738,0.04999999999999982,0.004918433276591718,0.009074472093895964,0.7624053955078125,-0.6999988555908239
2010-09-03,0.012888534576168894,0.0900000000000003,-0.0035224308588275117,0.0017940314883815697,1.07196044921875,-1.8800010681152344
2010-09-07,-0.01133665803694838,-0.11000000000000032,0.006869477016186175,0.003301673441151887,-0.9436187744140625,2.489999771118164
2010-09-08,0.006998741076574433,0.050000000000000266,8.151368239010862e-05,-0.014905775134682301,0.5812835693359375,-0.5499992370605469
2010-09-09,0.004608481322920499,0.10999999999999988,-0.00941589256292226,0.004256166238409801,0.38498687744140625,-0.4400005340576172
2010-09-10,0.005036297687700233,0.040000000000000036,0.0013975570337529687,-0.003063653161283119,0.422760009765625,-0.8199996948242188
2010-09-13,0.011061546166743872,-0.06999999999999984,-0.0009040527231120308,0.0018803207976895843,0.9360427856445312,-0.7800006866455078
2010-09-14,-0.0006216433891108425,-0.06000000000000005,0.019541363578779693,0.012116094124892242,-0.05287933349609375,0.35000038146972656
2010-09-15,0.0038099718904229013,0.06000000000000005,-0.0006452186217995678,0.009259067637498604,0.32460784912109375,0.5400009155273438
2010-09-16,-0.0002652167214709534,0.029999999999999805,0.0055517285681441755,0.001794455693757999,-0.02263641357421875,-0.3800010681152379
2010-09-17,0.0003732676749738107,-0.020000000000000018,-0.0007223690048193687,0.004670317385591432,0.0318603515625,0.29000091552735086
2010-09-20,0.015174674735364456,-0.029999999999999805,0.0026462613270080075,-0.0024552993407984166,1.30535888671875,-0.5100002288818395
2010-09-21,-0.0020160498652467686,-0.11000000000000032,0.009088067711881243,0.0017624675229667383,-0.17456817626953125,0.8500003814697266
2010-09-22,-0.004925239612139239,-0.04999999999999982,0.0015066400907301708,0.014438189232468136,-0.42499542236328125,0.15999984741211293
2010-09-23,-0.00814420062795205,0.0,0.0007921275940181802,0.010059428719971675,-0.69818115234375,1.360000610351559
2010-09-24,0.02041224381353716,0.06000000000000005,0.003083123365456964,-0.005382034059724173,1.76068115234375,-2.160001754760742
2010-09-27,-0.004801579569402097,-0.08000000000000007,0.00023676081451804774,0.011938324449518322,-0.4174041748046875,0.8300018310546875
2010-09-28,0.0034942470289527697,-0.06000000000000005,0.00887775210309078,-0.0029744172808687758,0.303558349609375,0.05999946594238281
2010-09-29,-0.001745597294965384,0.040000000000000036,0.0007818489523424245,0.009763951553616946,-0.1517791748046875,0.6499996185302734
2010-09-30,-0.0029744560068526004,0.009999999999999787,-0.00031261851296128827,0.004202116302138856,-0.25801849365234375,0.4500007629394531
2010-10-01,0.004196448385402341,0.010000000000000231,0.0077875946216159906,-0.000435887455197779,0.3642425537109375,-1.2000007629394531
2010-10-04,-0.00753181189609534,-0.040000000000000036,-0.0034968907693697037,0.011301804002874788,-0.6526565551757812,1.0300006866455078
2010-10-05,0.019932055465730424,0.0,0.019503402251400258,-0.007494084714141646,1.737945556640625,-1.7700004577636683
2010-10-06,-8.62038755110901e-05,-0.08999999999999986,0.0062404468569036255,0.011621940993247981,-0.00759124755859375,-0.2700004577636754
2010-10-07,-0.001207114701522365,0.0,-0.010984948981022643,0.0062030022828410275,-0.106231689453125,0.06999969482421875
2010-10-08,0.005593029958565441,0.0,0.009846345633438466,0.0005707906624242484,0.49329376220703125,-0.8500003814697266
2010-10-11,0.0009431710237706681,0.0,0.004773561868528394,0.003557968270295541,0.08345794677734375,-1.75
2010-10-12,0.003081622253987864,0.029999999999999805,-0.002497534484728762,-0.006992247269975627,0.27323150634765625,-0.029998779296875
2010-10-13,0.007746867991730745,0.020000000000000018,0.015863209004852077,0.0026407171180504964,0.6906051635742188,0.1399993896484375
2010-10-14,-0.0039085959835250565,0.06000000000000005,0.005059103545827353,0.0036109743582841878,-0.3491058349609375,0.8099994659423828
2010-10-15,0.0020411956721613517,0.06999999999999984,-0.007972380291158545,0.00747240431001589,0.1821441650390625,-0.8499984741210938
2010-10-18,0.0049156288270272375,-0.06999999999999984,0.004478333523156747,-0.0076818729058569,0.4401702880859375,0.05999946594238281
2010-10-19,-0.013190872583978405,-0.020000000000000018,-0.03154691181467764,-0.002036708965121064,-1.1763076782226562,1.539999008178711
2010-10-20,0.009718680574668698,0.009999999999999787,0.009256897200788577,-0.014224451459383529,0.8651657104492188,-0.8399982452392578
2010-10-21,0.0022032116186909492,0.06000000000000005,-0.014187944908196784,0.016177411923508914,0.19730377197265625,-0.5200004577636719
2010-10-22,0.001860779164705533,0.020000000000000018,0.0020061311504169905,-0.0033177572614473817,0.1669769287109375,-0.48999977111816406
2010-10-25,0.002952820244564357,0.0,0.008596340971850403,0.0019503246474671958,0.2656097412109375,1.0699996948242188
2010-10-26,0.00016852274610013073,0.08000000000000007,0.0002292345407023127,0.0003486567540382671,0.0151824951171875,0.3699989318847621
2010-10-27,-0.002868161800801691,0.08000000000000007,-0.01044556780572793,-0.0068118389124068365,-0.25804901123046875,0.4899997711181676
2010-10-28,0.00016897827285320687,-0.06000000000000005,0.01319240759250659,-0.005512598943926412,0.0151824951171875,0.1700000762939453
2010-10-29,0.0007600490752410295,-0.06000000000000005,0.010460109173882851,0.0,0.06832122802734375,0.32000160217285156
2010-11-01,0.0003376990646543833,0.03000000000000025,-0.005292194751345636,0.014195311128468011,0.03037261962890625,0.629999160766598
2010-11-02,0.007899193801867491,-0.03000000000000025,0.00431154796969714,-0.004601149220226048,0.7133865356445312,-0.2600002288818324
2010-11-03,0.004009672341834697,0.040000000000000036,-0.006968127295408858,0.008956863160489622,0.36428070068359375,-2.010000228881836
2010-11-04,0.019074626188214042,-0.14000000000000012,0.03333635562596672,0.006477529785477337,1.753082275390625,-1.039999008178711
2010-11-05,0.003755675910574752,0.050000000000000266,0.00256970222394171,0.007102992808711045,0.34912872314451704,-0.2600002288818324
2010-11-08,-0.001875951711467088,0.020000000000000018,0.010213058409749015,-0.010755222451550838,-0.17455291748045454,0.03000068664550426
2010-11-09,-0.007210218656277245,0.1200000000000001,-0.01602260183973123,-0.014754701630107765,-0.667854309082017,0.7899990081787074
2010-11-10,0.0040211776633703525,-0.07000000000000028,0.012095658550698336,-0.007062371717888688,0.3718719482421733,-0.6100006103515625
2010-11-11,-0.0037743694518516933,0.0,0.0030556455565671583,0.00026172033842768085,-0.349090576171875,0.17000007629395242
2010-11-12,-0.011909272799488998,0.10999999999999988,-0.029263198316056956,-0.011287233725628645,-1.0928878784179688,1.970001220703118
2010-11-15,-0.0014149347670941491,0.16000000000000014,-0.009545029587657348,0.0052853524569610255,-0.1289825439453125,-0.4099998474121058
2010-11-16,-0.015702377367077403,-0.06999999999999984,-0.011010377007280064,-0.008684748826313858,-1.4192123413085938,2.379999160766598
2010-11-17,0.0005076225139555489,0.040000000000000036,-0.004514997714772795,-0.006224990968142396,0.0455322265625,-0.8199996948242116
2010-11-18,0.014611074079681149,0.009999999999999787,0.013030179764404218,0.004692205558127927,1.320526123046875,-3.0100002288818395
2010-11-19,0.0027470364050110343,-0.020000000000000018,0.0008324236217627286,0.0075919229732363085,0.25043487548828125,-0.7099990844726562
2010-11-22,-0.0008315575636726033,-0.08000000000000007,0.009635717541740217,0.006357057443670333,-0.0758819580078125,0.3299999237060547
2010-11-23,-0.0145829936667643,-0.029999999999999805,0.006943235453942185,-0.010418692601628437,-1.3205337524414062,2.259998321533203
2010-11-24,0.014666130365960577,0.16000000000000014,-0.001712729779152155,-0.015976469224680656,1.3281173706054688,-1.0699996948242188
2010-11-26,-0.011715460011246119,-0.06000000000000005,-0.008006268905469849,-0.0034876878952655884,-1.0624771118164205,2.659999847412106
2010-11-29,0.0030258518100847805,-0.03000000000000025,0.003000481613543358,-0.007654296583068306,0.2732238769531392,-0.6899986267089808
2010-11-30,-0.005638624150269443,-0.029999999999999805,0.014204706278409088,-0.010181003400475444,-0.50848388671875,2.010000228881836
2010-12-01,0.02104468810691208,0.16000000000000014,-0.00029537138827830117,-0.008572467909573613,1.9124908447265767,-2.180000305175785
2010-12-02,0.012727527682344881,0.03999999999999959,-0.0013305341112288544,0.010172388768411924,1.1763305664062358,-1.970001220703118
2010-12-03,0.002688838115590506,0.020000000000000018,0.021005714938510268,0.006914477075129106,0.25043487548828125,-1.3799991607666051
2010-12-06,-0.0010582895004084126,-0.07999999999999963,0.007504135483824827,0.01501982086632797,-0.0986480712890625,0.010000228881835938
2010-12-07,0.0005697984860478976,0.19999999999999973,-0.01894037683401103,-0.009666231231329044,0.0531005859375,-0.030000686645507812
2010-12-08,0.003656819294654826,0.10999999999999988,-0.012606652684668887,-0.003183907449486137,0.3415069580077983,-0.25
2010-12-09,0.003886238119457866,-0.029999999999999805,0.004293772187225958,0.00046369032544568266,0.3643035888672017,-0.48999977111816406
2010-12-10,0.005801104482869139,0.08999999999999986,0.00029550591176138747,-0.0006622619605450978,0.54644775390625,0.3600006103515625
2010-12-13,0.000642073257401503,-0.029999999999999805,0.004715247621070945,-0.003397481941385476,0.06067657470703125,-0.060001373291015625
2010-12-14,0.0008827929808384913,0.20000000000000018,0.0009549986110493081,0.014917942056763405,0.08348846435546875,0.060001373291015625
2010-12-15,-0.00458240221084096,0.03999999999999959,-0.010927425511095372,-0.002581966069253917,-0.4325714111328125,0.3299999237060547
2010-12-16,0.005785014836577061,-0.05999999999999961,-0.0066291956887806385,-0.010301564827892904,0.5464248657226705,-0.5500011444091797
2010-12-17,0.0010703596393955325,-0.14000000000000012,0.002910336725632516,0.001204167071185813,0.10144805908201704,-1.279998779296875
2010-12-20,0.00241060951548739,0.029999999999999805,0.006758064192099476,-0.0056771074032288945,0.22887420654298296,0.2999992370605469
2010-12-21,0.006320328742299342,-0.009999999999999787,0.001553132048372285,-0.00357442036638203,0.6027069091796733,0.07999992370605469
2010-12-22,0.0031053357382427042,0.009999999999999787,-0.001997295201813413,-0.0021359203069993963,0.29752349853515625,-1.0399999618530273
2010-12-23,-0.0014319847215362653,0.050000000000000266,-0.0028919925235061706,0.0019391577993921958,-0.1373138427734375,1.0199995040893555
2010-12-27,0.00039818266204215766,-0.050000000000000266,0.002669836944532674,-0.0027242963645625704,0.03816223144532671,1.2000007629394531
2010-12-28,0.001431653476341316,0.14000000000000012,0.0161625389018061,0.0083667580069463,0.13733673095701704,-0.14999961853027344
2010-12-29,0.0007149397318949487,-0.1499999999999999,0.003564587333997068,-0.007869529179463017,0.06865692138671875,-0.23999977111816406
2010-12-30,-0.0015897855238768198,0.029999999999999805,-0.004950202442879679,0.010510944369789865,-0.1526031494140625,0.23999977111816406
2010-12-31,0.0002387642047012372,-0.08000000000000007,0.012257650782176114,0.005782565559017043,0.02290344238279829,0.22999954223632812
2011-01-03,0.010284616922945685,0.06000000000000005,-0.005203836674790001,0.004252149381005968,0.9917602539062642,-0.1399993896484375
2011-01-04,-0.0005507410361629339,0.0,-0.023832475368098148,-8.014293648722583e-05,-0.05336761474609375,-0.23000144958496094
2011-01-05,0.005183755176852164,0.14000000000000012,-0.0028240572403502554,-0.0026811686131298852,0.50347900390625,-0.3599987030029297
2011-01-06,-0.0019600718137268687,-0.06000000000000005,-0.004026801058528414,-0.012404565265891997,-0.19068145751953125,0.37999916076660156
2011-01-07,-0.001964550490338755,-0.10000000000000009,-0.0018697884851869347,-0.013538462981196372,-0.19074249267578125,-0.26000022888183594
2011-01-10,-0.001259132872786546,-0.020000000000000018,0.004034322186689475,-0.006559274229663774,-0.1220550537109375,0.40000152587890625
2011-01-11,0.0035374056055086545,0.050000000000000266,0.005873031403827585,0.005404806830928461,0.3432922363281108,-0.6500015258789062
2011-01-12,0.008984076603800465,0.029999999999999805,0.004068526754664966,0.0014660361185259315,0.8773498535156392,-0.6499996185302734
2011-01-13,-0.0016347708948946842,-0.06000000000000005,-0.010463555902437563,0.011058331339293227,-0.1602325439453125,0.14999961853027344
2011-01-14,0.007218734758723866,0.010000000000000231,-0.01019728850011685,0.016987137040285576,0.7095260620117188,-0.9299993515014648
2011-01-18,0.001700312896058953,0.040000000000000036,0.005561341914815331,-0.005207464959832206,0.16786956787109375,0.4099998474121094
2011-01-19,-0.009854080700998377,-0.020000000000000018,0.0021711298182139015,0.007065304177615816,-0.9689254760742188,1.4399995803833008
2011-01-20,-0.0013263042256291913,0.10000000000000009,-0.01902521743105847,0.0055135520643753615,-0.1296844482422017,0.6800003051757812
2011-01-21,0.0022613372718448235,-0.03000000000000025,-0.0012965579493562846,0.0011844727598855896,0.22121429443360796,0.4799995422363246
2011-01-24,0.005670616771688116,-0.009999999999999787,-0.005126436648875738,0.011187004268384345,0.5569305419922017,-0.8199996948242152
2011-01-25,0.0005421642817743357,-0.08000000000000007,-0.001996426218916223,0.0017993609499582805,0.05341339111328125,-0.05999946594238281
2011-01-26,0.0038632178843541892,0.10000000000000009,0.008114547464887574,0.003074654798690274,0.3814392089843608,-0.9500007629394531
2011-01-27,0.0024651546900209182,-0.03000000000000025,-0.02493473818294468,0.0017533191205943912,0.2441711425781108,-0.48999977111816406
2011-01-28,-0.017617287035409913,-0.06000000000000005,0.018202729323755898,0.0009464381911931488,-1.7318267822265625,3.8900012969970703
2011-01-31,0.007488276597153133,0.06000000000000005,-0.0031520585138855306,-0.011013589801631637,0.7323913574218892,-0.5100002288818359
2011-02-01,0.015882221453855636,0.06000000000000005,0.00713554983027548,0.010341441443834263,1.5716323852539205,-1.9000015258789062
2011-02-02,-0.0019140871899196686,0.040000000000000036,-0.002679474165923171,0.008428214648800938,-0.1907348632812642,-0.3299999237060547
2011-02-03,0.002219772031689236,0.06000000000000005,0.013325916144528013,-0.0008708792191564442,0.22122955322265625,-0.6099987030029297
2011-02-04,0.002825127245012626,0.10000000000000009,-0.004093034478557125,-0.014091146651487621,0.2822723388671875,-0.7600002288818377
2011-02-07,0.006232976997271959,0.0,0.0001518114527852543,-0.0036448069825923807,0.6255950927734375,0.35000038146972834
2011-02-08,0.004536110782642703,0.06999999999999984,0.011026520280860727,0.001249711868901054,0.45774078369142046,-0.4700002670288086
2011-02-09,-0.0022655211586466574,-0.10000000000000009,-0.0005258409922787546,0.002572171414704725,-0.22887420654298296,0.05999946594238281
2011-02-10,0.0003778804880581541,0.050000000000000266,-0.0016546424472632221,0.006877982506284142,0.03813934326171875,0.2200002670288086
2011-02-11,0.0059527495002423885,-0.06000000000000005,-0.003997431521033765,-0.008715887067009048,0.6027145385742188,-0.40000057220458984
2011-02-14,0.0024009231626090665,-0.020000000000000018,0.004749808107153751,-0.006778061147924772,0.2441101074218892,0.26000022888183594
2011-02-15,-0.00315256451515084,-0.010000000000000231,0.007642808665807496,-0.002145678192252829,-0.32041168212892046,0.4200010299682617
2011-02-16,0.006295520445103531,0.010000000000000231,0.0009699324016305088,0.0012949713556189896,0.6408538818359375,0.34999847412109375
2011-02-17,0.00298421346775681,-0.040000000000000036,0.006985145327737571,0.005671923890932834,0.3051910400390625,-0.12999916076660156
2011-02-18,0.002083113173561944,0.009999999999999787,0.002736258909305569,0.0037265989873324114,0.2135772705078125,-0.15999984741210938
2011-02-22,-0.020273719861054623,-0.1299999999999999,0.006477679138460114,0.004123561652281194,-2.0598373413085938,4.369998931884766
2011-02-23,-0.006163439159151145,0.03000000000000025,0.008911682609680623,-0.0006291640435710969,-0.61798095703125,1.3299999237060547
2011-02-24,-0.000687406549459088,-0.03000000000000025,-0.007518549348772146,0.006584959722761727,-0.06868743896485796,-0.8099994659423828
2011-02-25,0.0106365622712287,-0.040000000000000036,0.006572791889415744,0.004054861981699148,1.068138122558608,-2.10000038146973
2011-02-28,0.0061771157328018725,0.0,0.002036059244667372,-0.0062134108425232456,0.62554931640625,-0.8699989318847621
2011-03-01,-0.016813678004030448,-0.009999999999999787,0.017069773077460833,0.006323988320142943,-1.693687438964858,2.659999847412113
2011-03-02,0.002136641763635523,0.04999999999999982,-0.0007858590263391696,-0.003600907318075315,0.2136535644531392,-0.30999946594238637
2011-03-03,0.01707761396369357,0.1200000000000001,-0.013165197646376121,0.006854273404183277,1.72418212890625,-2.1000003814697266
2011-03-04,-0.007520256004121537,-0.08999999999999986,0.009083177750322635,0.006636313575586683,-0.7628860473632812,0.45999908447265625
2011-03-07,-0.007882308293476432,0.019999999999999574,0.002651630947559652,0.002277849059524925,-0.7934799194335795,1.6000003814697266
2011-03-08,0.008712443711469025,0.050000000000000266,-0.00257991119154468,-0.0019148780882221393,0.8774108886718608,-0.8400001525878906
2011-03-09,-0.001434475075262978,-0.08000000000000007,0.000358740549755809,-0.004736478296190604,-0.1449890136718608,0.3999996185302699
2011-03-10,-0.018679482788862653,-0.10999999999999988,-0.011833598965568962,0.0003058256639182276,-1.869155883789091,1.659999847412113
2011-03-11,0.006902401911703154,0.029999999999999805,0.0032609684267887263,-0.007285940264144612,0.6866226196289205,-1.7999992370605504
2011-03-14,-0.00605603290477984,-0.040000000000000036,0.004619608225729074,0.009610277810928372,-0.6026840209960938,1.0499992370605504
2011-03-15,-0.011523584814764589,-0.029999999999999805,-0.018827992605934686,0.004119090114892922,-1.1367721557617188,3.190000534057617
2011-03-16,-0.018685955541636327,-0.10999999999999988,-0.0002201664404463368,-0.0004196014614677923,-1.815704345703125,5.079999923706058
2011-03-17,0.013148293744323783,0.029999999999999805,0.005343855984731355,-0.007274305353067595,1.274070739746108,-3.0299987792968786
2011-03-18,0.00363052105278948,0.029999999999999805,0.010169288734282928,0.010608528143582223,0.35475921630857954,-1.9300003051757812
2011-03-21,0.015378911812364797,0.06000000000000005,0.005549394715688909,0.009758236005273894,1.5171279907226562,-3.8299999237060582
2011-03-22,-0.003474738859571588,0.0,-0.0006470134817238508,0.0032788511749044322,-0.34482574462890625,-0.4000015258789027
2011-03-23,0.002857890986283954,0.020000000000000018,0.009234421102419529,-0.003448881865391004,0.2835235595703125,-1.039999008178711
2011-03-24,0.009517846446834044,0.06000000000000005,-0.008012599220911064,-0.004396579999943803,0.9501037597656392,-1.1700000762939453
2011-03-25,0.0030514574406483555,0.040000000000000036,0.0002872255603370287,0.004665873036686528,0.30652618408201704,-0.09000015258789062
2011-03-28,-0.002440298954668309,0.010000000000000231,-0.005183605936138139,-0.010348458425385098,-0.2452087402343892,1.5300006866455078
2011-03-29,0.006695789879629266,0.029999999999999805,-0.0023847279396549065,0.0038223155090464124,0.674247741699233,-1.2800006866455078
2011-03-30,0.006878064815327938,-0.029999999999999805,0.003322680368145147,0.0022271443473864377,0.6973190307617188,-0.4500007629394531
2011-03-31,-0.0013567539981359598,0.0,0.008544930078369888,0.0007198385926761102,-0.13793182373046875,0.030000686645507812
2011-04-01,0.004214400013375465,-0.010000000000000231,-0.0047302006629672795,0.00264427337899569,0.4290618896484375,-0.3400001525878906
2011-04-04,0.0008259137181520731,-0.009999999999999787,0.004587159742600465,0.004555258551591935,0.08429718017578125,0.10000038146972656
2011-04-05,-0.00014982327420122465,0.04999999999999982,0.01568024406451237,-0.00022757676402840172,-0.01529693603515625,-0.25
2011-04-06,0.0031469482142936537,0.06000000000000005,0.0023204441860725563,-7.100784488771909e-05,0.32178497314454546,-0.35000038146972656
2011-04-07,-0.0025469682105700073,0.020000000000000018,0.0009125601693485474,0.008137852341283986,-0.2605133056640909,0.21000099182128906
2011-04-08,-0.00345659121445753,0.009999999999999787,0.008037287998853247,-0.002319553553933248,-0.3524932861327983,0.7600002288818359
2011-04-11,-0.003014974202527383,0.0,-0.007125452862238653,0.01113145467756859,-0.30646514892578125,-1.2800006866455078
2011-04-12,-0.007501971671223137,-0.06999999999999984,-0.0072471647308646366,-0.0016761853499484781,-0.7585601806640483,0.5
2011-04-13,-7.611812703864485e-05,-0.029999999999999805,0.00204573660814561,0.0026601441342125054,-0.007667541503920461,-0.1700000762939453
2011-04-14,0.000760315189604954,0.019999999999999574,0.013370425768477334,-0.0023713673931142335,0.0766143798828125,-0.6499996185302734
2011-04-15,0.003641894812337705,-0.07999999999999963,0.008585564685085078,-0.0006930226081929647,0.36779022216796875,-0.9500007629394513
2011-04-18,-0.011271948861649938,-0.03000000000000025,0.006048472882944081,-0.0013268596090236307,-1.1340103149414062,1.6399993896484357
2011-04-19,0.005728029419125163,-0.009999999999999787,0.0,-0.013201218389951367,0.5746688842773438,-1.1299991607665998
2011-04-20,0.013539972903135647,0.040000000000000036,0.003898423967414405,0.007983030985188096,1.3715667724609375,-0.7600002288818359
2011-04-21,0.005095778374580437,-0.010000000000000231,0.001636922263399478,0.012204045850334869,0.5210189819335938,-0.38000011444091975
2011-04-25,-0.0010469422987072737,-0.029999999999999805,0.0008854577994363184,0.002965154558413125,-0.10726165771485796,1.080000877380371
2011-04-26,0.008568123259070425,-0.050000000000000266,-0.0033417949897760106,0.001500587530156706,0.8811340332031392,-0.15000057220458984
2011-04-27,0.0065078752628498675,0.050000000000000266,0.019081653785337462,0.0074483253643903595,0.6743240356445455,-0.2699995040893537
2011-04-28,0.003237941178866835,-0.050000000000000266,0.004146955091005261,0.006247150367585486,0.3371429443359233,-0.7300004959106463
2011-04-29,0.0023481393156965027,-0.020000000000000018,0.01687711902897774,0.004325157197473037,0.24517822265625,0.13000011444091797
2011-05-02,-0.001540399182445279,-0.009999999999999787,-0.012946818420868185,-0.0033787059479023535,-0.1609039306640483,1.239999771118164
2011-05-03,-0.0036038128043194683,-0.03000000000000025,-0.003529916511002363,0.002013989446320694,-0.3754730224609517,0.7100009918212891
2011-05-04,-0.006652899867626649,-0.029999999999999805,-0.014448752090855678,0.000637587034117974,-0.6896057128906108,0.37999916076660156
2011-05-05,-0.0090896302773442,-0.06999999999999984,-0.029260291794056918,-0.0002372689773262205,-0.9347991943359659,1.1200008392333984
2011-05-06,0.004406242782210251,0.009999999999999787,0.01267462896066856,-0.01942983162322825,0.4520874023437642,0.19999885559082387
2011-05-09,0.00386761220963917,-0.020000000000000018,0.014213726890232377,-0.013249060409645273,0.3984680175781108,-1.2399997711181676
2011-05-10,0.008499504851069142,0.06000000000000005,0.0035220099792790545,0.0016089019789561146,0.8811111450195455,-1.25
2011-05-11,-0.010580149377511805,-0.040000000000000036,-0.009237945533017843,0.0024324576723161345,-1.0956649780273438,1.0400009155273438
2011-05-12,0.004748760649531598,0.03000000000000025,0.0003411664040718726,-0.013981429050206752,0.4903411865234517,-0.9200000762939453
2011-05-13,-0.007728841382009663,-0.040000000000000036,-0.006570357296572971,0.0018918337014444718,-0.796867370605483,1.039999008178711
2011-05-16,-0.00636140708747906,-0.03000000000000025,-0.0017870091740066025,-0.0112977703556589,-0.651275634765625,1.1700000762939453
2011-05-17,-0.00015042539687550602,-0.029999999999999805,-0.0043431154594507256,0.005675407039250048,-0.015350341796875,-0.6900005340576172
2011-05-18,0.008896414437905996,0.06000000000000005,0.005924110292412172,0.0078031559590804175,0.9118270874023295,-1.3199996948242188
2011-05-19,0.0023789092468110024,-0.010000000000000231,0.0003432638177482088,-0.0009698341247313935,0.24520111083984375,-0.7099990844726562
2011-05-20,-0.007976620933291127,-0.020000000000000018,0.012553972615642393,0.0042713937529626446,-0.8198776245117188,1.9099998474121094
2011-05-23,-0.011668815383937789,-0.020000000000000018,0.0023025631834914487,-0.014807295825034742,-1.187660217285142,0.8400001525878906
2011-05-24,-0.0008331200100329348,-0.009999999999999787,0.005127833323306366,-0.00491080546945864,-0.08426666259765625,-0.4500007629394531
2011-05-25,0.0033293013178766874,0.009999999999999787,-6.726457516765322e-05,0.0044313439043920265,0.33716583251951704,-0.75
2011-05-26,0.00459709618163245,-0.06000000000000005,-0.0024258812883911256,-0.001000576421538962,0.4674072265625284,-0.9799995422363281
2011-05-27,0.0038270418965491294,0.0,0.009935606280794308,0.0035557552337789756,0.39075469970701704,-0.1100006103515625
2011-05-31,0.01035722509564748,-0.020000000000000018,-0.00040086563861292825,0.013161153734643776,1.065040588378892,-0.5299997329711914
2011-06-01,-0.0227169512935877,-0.08999999999999986,0.0018027330517969423,0.007345661044578403,-2.3216476440429545,2.84999942779541
2011-06-02,-0.001062416316045797,0.08000000000000007,-0.0027387456222016378,-0.0057688880701898095,-0.10729217529295454,-0.20999908447265625
2011-06-03,-0.009994619050508712,-0.04999999999999982,0.004804501553227066,0.009787892775456952,-1.0037841796875284,-0.1399993896484375
2011-06-06,-0.010637519610406742,0.019999999999999574,0.0017292622165884623,0.011597947006651978,-1.057388305664034,0.5399990081787109
2011-06-07,-0.0006198864249521616,0.0,-0.0003987873752467306,-0.004926573458887725,-0.06127166748048296,-0.4200000762939453
2011-06-08,-0.004196310894955212,-0.029999999999999805,-0.004063560992703724,0.007039112620537417,-0.41378021240234375,0.720001220703125
2011-06-09,0.007602518264748852,0.029999999999999805,0.004993851388959323,-0.005740449916637188,0.7509307861328267,-1.0200004577636719
2011-06-10,-0.014008256955823323,-0.019999999999999574,-0.008805874461023683,-0.0059254296558551925,-1.379234313964858,1.090000152587887
2011-06-13,0.0007833063336385434,0.009999999999999787,-0.00989874533208827,-0.012692808665095298,0.0766143798828125,0.75
2011-06-14,0.01260625055912879,0.10999999999999988,0.006072032480570563,0.0058647989181821346,1.2412948608398438,-1.3500003814697195
2011-06-15,-0.017945218074118117,-0.1299999999999999,0.003022245884073787,0.0022949095577444933,-1.7623062133789062,3.0599994659423793
2011-06-16,0.002202132242669478,-0.04999999999999982,-0.0010063666073081164,-0.0187242904703874,0.21456146240234375,1.4099998474121094
2011-06-17,0.0029791624910481943,0.009999999999999787,0.006490278771680714,0.0012062446435934565,0.29102325439451704,-0.8799991607666016
2011-06-20,0.005102915073765724,0.03000000000000025,0.0006000356050579211,0.0060386183828864196,0.5005035400390909,-1.8600006103515625
2011-06-21,0.013611437575363329,0.020000000000000018,0.004853865999923359,0.00281814011555654,1.3475952148437358,-1.1299991607666051
2011-06-22,-0.006043906466567653,0.019999999999999574,0.0015245138749051255,0.003918490776311298,-0.6006393432617188,-0.3400001525878871
2011-06-23,-0.0028798161892418044,-0.07999999999999963,-0.01770673421621351,-0.0046917760211844595,-0.28491973876954546,0.7700004577636719
2011-06-24,-0.011681207226037668,-0.050000000000000266,-0.014121089335867159,-0.0031013901197990096,-1.1473236083984233,1.8099994659423828
2011-06-27,0.008871758152660282,0.07000000000000028,-0.003630257057320092,-0.006939573877147329,0.8701553344726705,-0.5400009155273438
2011-06-28,0.012968358897581323,0.09999999999999964,0.0034935800405475424,0.010212755077597753,1.2859268188476278,-1.3899993896484375
2011-06-29,0.008527378384026419,0.0900000000000003,0.006407132466265777,0.0028675385374914127,0.8546981811523722,-1.8999996185302734
2011-06-30,0.009517059189855836,0.040000000000000036,-0.008049656026433037,0.008391341255214162,0.9625396728515483,-0.75
2011-07-01,0.014668104343194363,0.040000000000000036,-0.0073558050101630275,0.0012459111671488774,1.5015640258789062,-0.6500005722045898
2011-07-05,-0.0008214138860687878,-0.06000000000000005,0.018458359922485637,0.003863695011021865,-0.08467102050782671,0.18999958038330078
2011-07-06,0.00119459451925524,-0.040000000000000036,0.008632944574224394,-0.008621839124782656,0.12316131591798296,0.2800006866455078
2011-07-07,0.010322428032276005,0.04999999999999982,0.0016103488438778855,-0.006715271964029441,1.0703811645507812,-0.3900003433227539
2011-07-08,-0.007117925773728259,-0.14000000000000012,0.007348103376555757,0.0022956118798976646,-0.7392730712890625,0.0
2011-07-11,-0.018245787234928673,-0.08999999999999986,0.008878910398621733,-0.011383380227067048,-1.8711624145507812,2.4399995803833043
2011-07-12,-0.0043281806784823485,-0.020000000000000018,0.007754066530314864,-0.011423944125107234,-0.43888092041015625,1.4800014495849574
2011-07-13,0.0033428300083438887,0.0,0.008927726045871467,-0.005111737197767232,0.33879852294921875,0.03999900817871094
2011-07-14,-0.006926591188774324,0.06000000000000005,0.002591642671108347,0.018810520333179828,-0.7007598876953125,0.8899993896484375
2011-07-15,0.005788150958859163,-0.040000000000000036,0.004261669024496625,-0.005422794293077598,0.5852508544921733,-1.269998550415039
2011-07-18,-0.008234874707387907,0.0,0.008788653016896502,-0.002417961070239476,-0.8316268920898438,1.4200000762939453
2011-07-19,0.016101257817846517,-0.029999999999999805,-0.012274058243285656,-0.0007905338338717138,1.6324615478515625,-1.7400016784667969
2011-07-20,-0.0006027362255789646,0.04999999999999982,0.008755048684885084,0.004313475947415048,-0.06158447265623579,-0.11999893188476562
2011-07-21,0.013775674081519123,0.06999999999999984,-0.007656478889253896,0.006826186504122887,1.416839599609375,-1.5300006866455078
2011-07-22,0.0006690737121402387,-0.03999999999999959,0.008297158381419902,0.01045733930256299,0.06931304931640625,-0.03999900817871094
2011-07-25,-0.0055886497546457,0.03999999999999959,0.007784134589571454,-0.0021894102326816866,-0.577537536621108,1.8299999237060547
2011-07-26,-0.003743416878843105,-0.03999999999999959,0.0027292577237113358,-0.0011791597831046106,-0.38504791259762783,0.8799991607666016
2011-07-27,-0.020687747560793345,0.019999999999999574,-0.003683023077966326,0.009457845483739503,-2.102142333984389,2.75
2011-07-28,-0.002913965900626886,-0.029999999999999805,0.0008267138480823339,-0.009357234372762336,-0.2926177978515625,0.7600002288818359
2011-07-29,-0.006858070895989983,-0.16000000000000014,0.006146757162875088,-0.0028562109862000085,-0.6853256225585938,1.510000228881836
2011-08-01,-0.0042618398866905854,-0.04999999999999982,-0.0036074345335545903,0.0022095686914159834,-0.4235229492187358,-1.5900001525878906
2011-08-02,-0.025879362117909567,-0.10999999999999988,0.023807683707060965,-0.0070990908034767085,-2.533378601074247,1.1300010681152344
2011-08-03,0.005403999518259508,-0.020000000000000018,-0.00018574519969141986,-0.00624157307721745,0.5236053466797017,-1.4100017547607422
2011-08-04,-0.047973908932529744,-0.16999999999999993,-0.0052774225526159586,0.012594024584066252,-4.550834655761719,8.280000686645508
2011-08-05,-0.0014981088459799252,0.10999999999999988,0.006886100677144776,-0.02012000780048922,-0.1386260986328267,0.3400001525878906
2011-08-08,-0.067340226744671,-0.18000000000000016,0.032660154649896335,0.016009126384070146,-6.021575927734361,16.0
2011-08-09,0.045450494337179057,-0.19999999999999973,0.00887627137888437,-0.00866735690859503,4.019538879394531,-12.939998626708984
2011-08-10,-0.045183546324844046,-0.03000000000000025,0.03479474038575463,0.014876011691912184,-3.9964599609375,7.930000305175781
2011-08-11,0.04390603057710355,0.16999999999999993,-0.022182601344645846,-0.01812998575949092,3.8809661865234375,-3.990001678466797
2011-08-12,0.006710087417117638,-0.09999999999999964,-0.004578540379765363,0.0071727551751329995,0.6082763671875,-2.6399993896484375
2011-08-15,0.02094386748898676,0.04999999999999982,0.010709069242453939,0.003348851544809517,1.925048828125,-4.489999771118164
2011-08-16,-0.008575654862081549,-0.06000000000000005,0.0122643855311679,0.01144158353839791,-0.7931060791015625,0.9799976348876953
2011-08-17,0.0006687855753830468,-0.06000000000000005,0.002870760456120654,-0.0027971431025229287,0.06160736083984375,-1.2699985504150426
2011-08-18,-0.044075613377884765,-0.08999999999999986,0.01874311163551858,0.002162104171317879,-3.9733200073242188,11.089998245239261
2011-08-19,-0.016464903565591767,-0.010000000000000231,0.012469732629723616,-0.0072889300409729,-1.4399185180664062,0.3800010681152344
2011-08-22,0.0007983696801629295,0.03000000000000025,0.02545811201523618,0.003127549809473143,0.06927490234375,-0.6100006103515696
2011-08-23,0.03238051249654602,0.04999999999999982,-0.03820924283947087,-0.0005745892309911405,2.8567962646484375,-6.169998168945305
2011-08-24,0.013986373156245345,0.14000000000000012,-0.03447040239609572,0.005284477204432829,1.2628555297851562,-0.3699989318847656
2011-08-25,-0.015361448043454393,-0.06000000000000005,0.004127831942992827,-0.0017165651054168517,-1.3860626220703125,3.859996795654297
2011-08-26,0.014429121481326823,-0.040000000000000036,0.029216271136055655,-0.0027345999796553155,1.30133056640625,-4.1699981689453125
2011-08-29,0.02833106263040384,0.08999999999999986,-0.02037867554084576,0.008458165568049786,2.6103973388671875,-3.3100013732910156
2011-08-30,0.002633373779269021,-0.08999999999999986,0.029521431261488856,0.0020169063278352513,0.2464141845703125,0.6100006103515625
2011-08-31,0.00442775830873833,0.040000000000000036,-0.007735058209084623,-0.006298246965419108,0.4157867431640625,-1.269998550415039
2011-09-01,-0.010528228195294679,-0.08000000000000007,0.0008436339994106385,-0.004061876891663101,-0.9856414794921875,0.1999988555908203
2011-09-02,-0.025881736664348266,-0.1299999999999999,0.0297438800607099,-0.00786068113706364,-2.379364013671875,2.0999984741210938
2011-09-06,-0.0073239265319730035,-0.040000000000000036,-0.0018572769704758563,-0.014048859533817864,-0.662200927734375,3.0800018310546875
2011-09-07,0.027816995525990516,0.06999999999999984,-0.032337903821831465,-0.004266017699107671,2.5410842895507812,-3.6199989318847656
2011-09-08,-0.010445827019758493,-0.04999999999999982,0.026360554098634244,0.005870477632930883,-0.9625244140625,0.9399986267089844
2011-09-09,-0.026559250325665144,-0.07000000000000006,-0.006123991593192362,-0.012972900658712348,-2.4024810791015625,4.200000762939453
2011-09-12,0.00644907935089215,0.010000000000000009,-0.022554605449326134,-0.0220572234221509,0.5775146484375,0.06999969482421875
2011-09-13,0.009129623199354325,0.06000000000000005,0.010529052886616642,0.004361773914953828,0.823951721191392,-1.6800003051757812
2011-09-14,0.013748761361851566,0.029999999999999805,-0.007477120273184911,0.0018869418026663388,1.2551116943359517,-2.3100013732910156
2011-09-15,0.017110086873943435,0.06000000000000005,-0.015984031396099732,0.004375422555973543,1.5862579345703125,-2.629999160766605
2011-09-16,0.005900977714493006,-0.009999999999999787,0.00930295164559379,0.008905725369257938,0.5533981323242188,-0.9899997711181605
2011-09-19,-0.010007212013556619,-0.1100000000000001,-0.015572543748898304,-0.012158241542317379,-0.9365615844726562,1.75
2011-09-20,-0.0011639158264527686,-0.020000000000000018,0.014151321817653911,-0.00701793477064049,-0.1083221435546875,0.13000106811523438
2011-09-21,-0.02990122245896249,-0.07000000000000006,-0.012537030407863034,0.006470001854692044,-2.7400283813476562,4.459999084472656
2011-09-22,-0.03285828502447654,-0.15999999999999992,-0.026501628577849823,-0.00791112328165159,-2.9180068969726562,4.029998779296868
2011-09-23,0.006007281831311791,0.1200000000000001,-0.0562714947767603,-0.007768149485341671,0.5263442993164062,-0.09999847412108664
2011-09-26,0.023501654252843257,0.06999999999999984,-0.013989774992148278,0.004891980751379578,2.089813232421875,-2.229999542236328
2011-09-27,0.011121479889560231,0.09000000000000008,0.019170336530176878,-0.0021381407579063793,1.006195068359375,-1.3100013732910156
2011-09-28,-0.020629617827678224,0.029999999999999805,-0.0278383359714093,0.004742617170867145,-1.8575973510742188,3.3700027465820312
2011-09-29,0.007872141483762031,-0.039999999999999813,0.009429196621174493,-0.003295049128505972,0.7043304443359375,-2.240001678466797
2011-09-30,-0.025306838071549154,-0.07000000000000006,0.0022802177134303657,0.0035531410374235097,-2.2446365356445312,4.119998931884766
2011-10-03,-0.028870175343939947,-0.11999999999999988,0.01818123629201861,-0.016692734873780066,-2.492279052734375,2.490001678466797
2011-10-04,0.02168599766999915,0.010000000000000009,-0.02084198016777855,-0.012494336403770704,1.8653488159179688,-4.630001068115234
2011-10-05,0.018346051730741036,0.10999999999999988,0.011479200723122179,0.010185547222206373,1.609954833984375,-3.009998321533203
2011-10-06,0.0179293929966807,0.08999999999999986,0.006438520382399495,0.0007334911524802194,1.6021881103515625,-1.5400009155273438
2011-10-07,-0.0067180438076248974,0.0900000000000003,-0.008196078194995479,0.006651891750708847,-0.60369873046875,-0.06999969482421875
2011-10-10,0.032898309187724004,0.0,0.025369706940620972,-0.003204324606318766,2.9953994750976562,-3.1800003051757812
2011-10-11,0.0010029982857903824,0.08000000000000007,-0.007191831911733941,0.01846812889909215,0.0928802490234375,-0.15999984741210938
2011-10-12,0.00873362698008645,0.06000000000000005,0.00713052198207639,0.0007502681894222245,0.8127059936523438,-1.600000381469723
2011-10-13,-0.0019896159090016614,-0.050000000000000266,-0.00589749505275014,0.010659367654543648,-0.18576812744140625,-0.5599994659423864
2011-10-14,0.01694937891733701,0.06999999999999984,0.006754651748949264,-0.004101649642825564,1.5944442749023438,-2.460000991821289
2011-10-17,-0.019275680079786486,-0.07999999999999963,-0.004784984318897891,0.010396739799124631,-1.811180114746108,5.149999618530273
2011-10-18,0.01935722172187784,0.009999999999999787,-0.004807990522259361,-0.00977847161224981,1.8189163208008097,-1.8299999237060547
2011-10-19,-0.011898956329493518,-0.009999999999999787,-0.012247215797121397,-0.0002886106177473735,-1.1222610473632812,2.8799991607666016
2011-10-20,0.004365588256652653,0.020000000000000018,-0.013222651084731378,0.0018153769005150302,0.41019439697264204,0.3400001525878906
2011-10-21,0.01880941096516568,0.029999999999999805,0.01103102964708361,0.0010191461677501643,1.7879714965820312,-3.4599990844726562
2011-10-24,0.012186342775181633,0.020000000000000018,0.009359274408804371,0.004972779627426743,1.1764831542968892,-2.0599994659423793
2011-10-25,-0.019635166342316636,-0.10999999999999988,0.02798622413330745,0.005373474888955781,-1.888572692871108,2.9600009918212855
2011-10-26,0.010107311580639447,0.08999999999999986,0.010871290055837372,-0.0012800483196722503,0.9675216674804688,-2.360000610351566
2011-10-27,0.03424166354745944,0.18999999999999995,0.012761764976101417,-0.0019862878480350443,3.3514251708984375,-4.400001525878903
2011-10-28,-0.00023283028149577556,-0.08000000000000007,0.00041272557597136334,0.02117679458620206,-0.0231781005859375,-0.9299983978271484
2011-10-31,-0.024401334173518877,-0.16999999999999993,-0.013532963163571735,-0.00239252200635293,-2.3994598388671875,5.429998397827148
2011-11-01,-0.028284409650962673,-0.16000000000000014,0.00023905679353779965,-0.020004690410207387,-2.7090072631835938,4.810001373291016
2011-11-02,0.016179578152708696,0.020000000000000018,0.009986961282971352,-0.014830645922874523,1.540252685546875,-2.029998779296875
2011-11-03,0.01806350750549222,0.06000000000000005,0.015611583405325672,0.002488550171164383,1.749298095703125,-2.240001678466797
2011-11-04,-0.00611812812068982,-0.029999999999999805,-0.005079236179332056,0.010168339083803348,-0.5960311889648438,-0.3400001525878906
2011-11-07,0.006197058795123072,-0.020000000000000018,0.023885642975553973,-0.002941386783075982,0.6037445068359375,-0.3099994659423828
2011-11-08,0.012749069920787719,0.06000000000000005,-0.008321169193389317,-0.0021213249233894968,1.2538986206054688,-2.3700008392333984
2011-11-09,-0.037607990696145566,-0.10000000000000009,-0.008449074737466438,0.004813917186178885,-3.6533279418945312,8.680000305175781
2011-11-10,0.009374701356154069,0.040000000000000036,-0.0054194819068881525,-0.021921876021723154,0.8978652954101705,-3.3499984741210938
2011-11-11,0.01864739943570738,0.0,0.016343494900231577,0.006146491362933261,1.8111801147460795,-2.770000457763672
2011-11-14,-0.009519637787481912,0.0,-0.004378447815266984,0.01291731230363892,-0.9288406372070312,1.0899982452392578
2011-11-15,0.004929669850025592,0.020000000000000018,0.0009233822403350991,-0.011882458131531732,0.479888916015625,0.09000015258788707
2011-11-16,-0.01599001656024184,-0.050000000000000266,-0.01072881883307553,-0.008627619080228318,-1.5480117797851562,2.2899990081787145
2011-11-17,-0.016004271092440868,-0.04999999999999982,-0.026049069788272285,-0.004904600520091122,-1.5248031616210795,1.0
2011-11-18,-0.0010648868355702648,0.04999999999999982,0.0031070114130365514,0.0012642820600115257,-0.10059356689454546,-2.509998321533203
2011-11-21,-0.01920274452247156,-0.039999999999999813,-0.024886493203201684,0.005330151020494553,-1.7957077026367188,0.9099998474121094
2011-11-22,-0.003935527939889913,-0.030000000000000027,0.011009493958958352,-0.003376779108307488,-0.3637847900390625,-0.9400005340576207
2011-11-23,-0.022313085471817363,-0.050000000000000044,-0.002907833444255293,0.002781611528772255,-2.0356826782226562,2.0100002288818395
2011-11-25,-0.0018890341238947403,0.08000000000000007,-0.00871350577932607,-0.014218196821638081,-0.17026519775390625,0.4900016784667969
2011-11-28,0.02855520044446852,0.0,0.019574669781168473,-0.0013188670609156415,2.6084136962890625,-2.3400001525878906
2011-11-29,0.0028362233116895597,0.030000000000000027,0.0014992056580314238,0.0002662579405180645,0.2631683349609375,-1.4900016784667933
2011-11-30,0.04032538225492619,0.08000000000000007,0.019287858882640098,0.0005328401093880924,3.8236083984375,-2.840000152587894
2011-12-01,-0.00016002389429846901,0.029999999999999805,-0.0029432561018175956,0.008953751721584781,-0.01548004150389204,-0.3899993896484375
2011-12-02,-0.0008805499764579352,-0.06000000000000005,0.0011194724078150643,0.001708834052709402,-0.08513641357424717,0.1100006103515625
2011-12-05,0.010833112745922573,-0.009999999999999787,-0.014830905352806206,-0.0035622765220722865,1.052635192871108,0.31999969482421875
2011-12-06,0.0003170095810288956,0.040000000000000036,0.005126600507155191,-0.0024125830984946276,0.030975341796875,0.28999900817871094
2011-12-07,0.003715487599028113,-0.06000000000000005,0.007227955332883408,0.0018893801748214758,0.36377716064454546,0.5400009155273438
2011-12-08,-0.022180342493380144,-0.030000000000000027,-0.020395472758271072,-0.0006168565991606585,-2.151725769042983,1.9200000762939453
2011-12-09,0.016800448904581686,0.07999999999999985,0.002527218277842403,-0.004360036407616262,1.6254272460937358,-4.210000991821289
2011-12-12,-0.01470512790892372,-0.040000000000000036,-0.026859852864766727,0.0019636871984335218,-1.4241943359374716,-0.7099990844726562
2011-12-13,-0.009382883456062018,-0.06999999999999984,-0.022095571965698058,-0.015115494136826025,-0.897850036621108,-0.26000022888183594
2011-12-14,-0.010703159285357786,-0.040000000000000036,-0.03572036229643507,-0.011602076165823342,-1.0139541625976562,0.6300010681152344
2011-12-15,0.0036077053752733793,0.0,-0.0036694724115009882,-0.0023926060770595933,0.3405609130859375,-0.9300003051757848
2011-12-16,0.0014812391876360327,-0.05999999999999983,0.018858628346003374,0.00320015492202198,0.1401824951171875,-0.8199996948242152
2011-12-19,-0.0107491680526147,-0.040000000000000036,-0.0023218367153054562,0.0005604067527000442,-1.0125885009765625,0.6299991607666016
2011-12-20,0.029811559082381846,0.11999999999999988,0.013532357682449965,-0.00223975638032038,2.8352813720703125,-1.7000007629394567
2011-12-21,0.0019348083829820728,0.040000000000000036,0.0011460365099759205,0.006145455045773066,0.18695068359375,-1.7899990081787074
2011-12-22,0.008819581426879561,-0.010000000000000009,-0.007152076380172022,-0.0036710010387116356,0.856788635253892,-0.2700004577636719
2011-12-23,0.008901124899742261,0.05999999999999983,0.0017288576765001683,0.0012265345745920365,0.8724060058593892,-0.43000030517578125
2011-12-27,0.0007909315199174722,-0.009999999999999787,-0.008996872529867412,-0.0004177207540006087,0.07789611816404829,1.1800003051757812
2011-12-28,-0.013210528917063757,-0.09000000000000008,-0.025365842262780703,0.0016457621879670619,-1.2930145263671733,1.6100006103515625
2011-12-29,0.010280952275508756,-0.020000000000000018,-0.0045791131052559195,-0.011140426244686018,1.0047988891601562,-0.8700008392333949
2011-12-30,-0.004928108234573303,-0.020000000000000018,0.010915393959510784,0.0022259091925654617,-0.48293304443359375,0.75
2012-01-03,0.0158107605894922,0.08000000000000007,0.025528278105768725,-0.0011653476425972844,1.5578536987304545,-0.43000030517578836
2012-01-04,0.0015671758537785727,0.030000000000000027,0.005053962921992179,0.008851823260751207,0.15576171875,-0.75
2012-01-05,0.0026591719494621024,0.020000000000000018,0.006804643552456634,-0.009589221588583361,0.26485443115235796,-0.7399997711181605
2012-01-06,-0.002580938947612707,-0.040000000000000036,-0.003682789348313295,-0.010522396330770371,-0.25707244873048296,-0.8500003814697266
2012-01-09,0.0024246406479737173,0.0,-0.004462850601680474,-0.009082195049580685,0.241485595703125,0.4400005340576172
2012-01-10,0.008633382594668166,0.020000000000000018,0.01358147038393252,0.007509521425102243,0.8646240234375284,-0.37999916076660156
2012-01-11,0.0005415166762068124,-0.07000000000000006,0.006471693519725533,-0.0018890205884631987,0.05448150634762783,0.3599987030029297
2012-01-12,0.0023966362717504006,0.010000000000000009,0.004436855940286991,-0.002190950600397528,0.24147796630860796,-0.5799999237060582
2012-01-13,-0.00518652202848917,-0.050000000000000044,-0.00700797748665459,0.007561179282910563,-0.5218505859375,0.44000053405762074
2012-01-17,0.0038731003942173953,-0.019999999999999796,0.007755890232572322,-0.012042605693040748,0.38944244384765625,1.2900009155273438
2012-01-18,0.010995598284527057,0.04999999999999982,0.006830241286203655,0.006213452606059644,1.1138687133789062,-1.310001373291012
2012-01-19,0.0052625517641789535,0.08999999999999986,-0.0023542844291586738,0.009373893106579193,0.537452697753892,-1.0199985504150426
2012-01-20,0.003720491143112114,0.040000000000000036,0.005258486434611419,0.0076588581926248876,0.38167572021485796,-1.5900001525878906
2012-01-23,-0.0025801977520320514,0.040000000000000036,0.006702951032527608,-0.006203948598389735,-0.2648468017578125,0.3899993896484375
2012-01-24,-0.0011402933910800008,-0.009999999999999787,-0.007073309078255219,0.010973357237505723,-0.11682891845704546,0.23999977111816406
2012-01-25,0.008332531052536276,-0.07000000000000028,0.026856674653672707,0.0010817927973258263,0.8567886352539205,-0.6000003814697266
2012-01-26,-0.005142787413046969,-0.04999999999999982,0.00509459639654765,0.005072846961054672,-0.5296478271484375,0.26000022888183594
2012-01-27,-0.000454789835434097,-0.030000000000000027,0.01011189273071679,-0.0011135545992719772,-0.04670715332032671,-0.03999900817871094
2012-01-30,-0.0034197694020397557,-0.05999999999999983,-0.005578663971878356,0.008758027146282257,-0.35053253173826704,0.8699989318847692
2012-01-31,-0.00038099563814827676,-0.040000000000000036,0.007588812095342065,-0.005190425851082879,-0.03897857666017046,0.0400009155273402
2012-02-01,0.008719211160106734,0.040000000000000036,0.00147549236555642,-0.004771364838780931,0.8957672119140909,-0.8900012969970703
2012-02-02,0.0015840946969107935,-0.010000000000000009,0.008749097178977205,0.007086626342989132,0.16358184814451704,-0.5699996948242188
2012-02-03,0.013921354507938945,0.10999999999999988,-0.020137109848909707,-0.0024991788451783035,1.44879150390625,-0.8799991607666016
2012-02-06,-0.0006693515991196057,-0.040000000000000036,-0.002747786955391367,-0.0007617070612134089,-0.07012176513671875,0.6599998474121094
2012-02-07,0.0025256198687722687,0.07000000000000006,0.014961121796296195,-0.0004199085772778022,0.26483154296875,-0.1100006103515625
2012-02-08,0.002963344377374629,0.009999999999999787,-0.0070964044645123875,0.009624903949070934,0.31158447265625,0.5100002288818359
2012-02-09,0.001256405282649786,0.03000000000000025,-0.002852704427427749,0.0,0.13238525390625,0.4699993133544922
2012-02-10,-0.007415096559547114,-0.08000000000000007,-0.005251264443437007,0.0022548533864811308,-0.7789154052734233,2.160001754760742
2012-02-13,0.007415096559547256,0.030000000000000027,0.0022112372609914763,-0.003142081581407857,0.7789154052734233,-1.75
2012-02-14,-0.0012564052826498815,-0.07000000000000006,-0.002330930151636942,-0.005978392592412813,-0.13238525390625,0.5
2012-02-15,-0.0046711793982747805,0.010000000000000009,0.0059064426447289235,-0.0018404004398632808,-0.4907379150390483,1.5999984741210973
2012-02-16,0.011012428563108492,0.06000000000000005,-0.0006545512723762022,-0.005775290821672951,1.1606063842773295,-1.9200000762939524
2012-02-17,0.002642877005243494,0.019999999999999796,-0.0038765152743636634,0.005250071880237071,0.2804412841796875,-1.4399986267089808
2012-02-21,0.00043934665839481145,0.040000000000000036,0.02169306958114338,0.005924533173557946,0.04669189453125,0.4099998474121094
2012-02-22,-0.0032294631803699994,-0.040000000000000036,0.011164193939316386,0.002909280005583503,-0.34273529052735796,0.0
2012-02-23,0.0044011151081560585,-0.019999999999999796,0.0004624917963242474,0.0009407535629053901,0.46735382080080967,-1.3900012969970703
2012-02-24,0.002193136292168114,-0.010000000000000009,-0.0045764514047417675,0.008854252024843193,0.2336578369140483,0.5100002288818359
2012-02-27,0.001678514996219053,-0.06000000000000005,-0.003082017911286478,0.0069650518107681305,0.17917633056640625,0.8800010681152344
2012-02-28,0.00291235736328705,0.020000000000000018,0.01037124237129815,-0.004501296873633843,0.3115997314452983,-0.23000144958496094
2012-02-29,-0.003933425090353157,0.040000000000000036,-0.054486874448655936,0.005309678317946272,-0.42063140869139204,0.470001220703125
2012-03-01,0.005168410489938974,0.04999999999999982,0.014022637552039158,-0.01172431625357161,0.55303955078125,-1.1700000762939453
2012-03-02,-0.003054125379506588,-0.039999999999999813,-0.0016218911795983044,0.00013324235170368798,-0.3271484375,0.030000686645507812
2012-03-05,-0.00408670740964389,0.010000000000000009,-0.00415677252468325,-0.010298493213170072,-0.43619537353515625,0.7599983215332031
2012-03-06,-0.014733230317003769,-0.040000000000000036,-0.017969096432021343,0.002997753502724959,-1.5578384399414062,2.8200016021728516
2012-03-07,0.0069513853318727906,0.020000000000000018,0.00569981581334447,-0.0077729242684906295,0.7321548461914062,-1.8000011444091797
2012-03-08,0.009900371529981527,0.04999999999999982,0.010033186704286951,0.0012606650839612945,1.0515823364257812,-1.1199989318847656
2012-03-09,0.0038598752581530185,0.010000000000000231,0.0066333602174327025,0.01022232014269834,0.412811279296875,-0.8400001525878906
2012-03-12,7.290511879044866e-05,0.0,-0.007904687473264298,-0.011351733684889787,0.0078125,-1.4700002670288086
2012-03-13,0.017865236368702332,0.10000000000000009,-0.01692317740609355,0.0032866561325980946,1.9317092895507812,-0.8400001525878906
2012-03-14,-0.0010718110888298846,0.1499999999999999,-0.01696375000167828,-0.0066934155038114425,-0.11686706542970171,0.5100002288818359
2012-03-15,0.005772425930736122,0.0,0.009418404028557977,-0.004437467232810932,0.6308898925781392,0.10999965667724432
2012-03-16,0.0013842555942788785,0.020000000000000018,0.0013648567003107786,0.004306770378691392,0.15183258056640625,-0.9499998092651349
2012-03-19,0.003912641370952085,0.08000000000000007,0.0017962362702596962,0.007495963026750442,0.4302978515625,0.5699996948242188
2012-03-20,-0.0029155459399189906,-0.010000000000000231,-0.009076224493998303,0.003947674646958991,-0.32080078125,0.5399999618530291
2012-03-21,-0.0016387995365239468,-0.06999999999999984,0.0004994807381019333,0.0006351659930329813,-0.17990875244140625,-0.4499998092651385
2012-03-22,-0.007229806597077384,-0.020000000000000018,-0.004002753243231974,-0.0014286315996364265,-0.7901840209960938,0.43999958038330256
2012-03-23,0.0032277639967115018,-0.040000000000000036,0.012208133046479623,-0.0010569483511521601,0.35207366943359375,-0.75
2012-03-26,0.013937358030103113,0.009999999999999787,0.017611569127534244,0.0059068709937708545,1.533355712890625,-0.5599994659423846
2012-03-27,-0.003111724647139634,-0.05999999999999961,-0.0070809013076213,0.005781443740594299,-0.34420013427734375,1.3299999237060547
2012-03-28,-0.004970939854617143,0.009999999999999787,-0.010654517949322703,-0.0023485638912794206,-0.5476379394531392,-0.11999988555908203
2012-03-29,-0.0017102848727593022,-0.029999999999999805,-0.0014250489249673808,-0.00018658498722988308,-0.1877899169921733,0.009999275207519531
2012-03-30,0.004127511170994332,0.04999999999999982,0.005194794327439433,-0.000932462583469887,0.4537506103515625,0.020000457763671875
2012-04-02,0.007288599537394811,-0.009999999999999787,0.0050452782243641,0.0033340279933281388,0.80584716796875,0.1400003433227539
2012-04-03,-0.00409768237919285,0.07999999999999963,-0.01889597488595619,-0.0018683789688872718,-0.45377349853515625,0.01999950408935547
2012-04-04,-0.009960332924580149,-0.04999999999999982,-0.016903541070223595,-0.008140106869707436,-1.0952758789062642,0.7800006866455078
2012-04-05,-0.0005002815888257103,-0.06000000000000005,0.006972586754221729,-0.006157205126725358,-0.05472564697264204,0.26000022888183594
2012-04-09,-0.01129511107245433,-0.1299999999999999,0.006673391569320288,-0.004956196194984916,-1.2283096313476562,2.1099987030029297
2012-04-10,-0.016927210119723857,-0.050000000000000266,0.01079681583610527,0.002461893528647215,-1.8150024414062642,1.5799999237060582
2012-04-11,0.008061526049899423,0.040000000000000036,-0.0001862294945727839,-0.002880336799999552,0.8605575561523722,-0.3699989318847692
2012-04-12,0.012981564683168962,0.03000000000000025,0.010068896893171232,0.0035361162191303876,1.4004287719726278,-2.8199996948242188
2012-04-13,-0.01196025028774297,-0.06000000000000005,-0.011435703837606927,0.005261813324024981,-1.2909088134765483,2.3499984741210938
2012-04-16,-0.0006562819382512679,-0.020000000000000018,-0.0024275594635374416,-0.010104434712292337,-0.07038879394532671,0.0
2012-04-17,0.014703407569824481,0.029999999999999805,-0.0013096363661056385,0.005367571161522159,1.588127136230483,-1.0900001525878906
2012-04-18,-0.0033848127199454566,-0.029999999999999805,-0.005883121540853622,0.0006565486513047517,-0.36766815185548296,0.1800003051757848
2012-04-19,-0.006441856010488729,-0.020000000000000018,0.0007529342193186616,-0.0011814984245596726,-0.6963043212890341,-0.2799987792968821
2012-04-20,0.0016685462875274451,0.010000000000000009,0.0006897239210806605,0.001969930835327263,0.17992401123045454,-0.9200000762939418
2012-04-23,-0.008444211979043569,-0.030000000000000027,-0.0029502294460589935,0.004479552111485653,-0.9074859619140625,1.5299987792968714
2012-04-24,0.003794254614391231,0.040000000000000036,0.0014448331190362385,-0.00400612013976583,0.4068145751953267,-0.8699989318847621
2012-04-25,0.01359912659584496,0.009999999999999787,0.002006723784330158,0.003478129990540043,1.4708251953124716,-1.2800006866455078
2012-04-26,0.006944811517133489,-0.029999999999999805,0.00879471559167779,0.0026430230552151124,0.7588729858398438,-0.5799999237060547
2012-04-27,0.0016394525585339513,-0.020000000000000018,0.0021711872276646304,-0.0031707498898219497,0.17991638183596592,0.07999992370605469
2012-04-30,-0.0037111361447877645,-0.010000000000000009,0.0030934874938505622,0.0038325762457608417,-0.4068450927734375,0.8299999237060547
2012-05-01,0.006200833595079188,0.030000000000000027,-0.0034653347638567127,-0.0001323482424511239,0.680633544921875,-0.5499992370605469
2012-05-02,-0.0029882982378712213,-0.020000000000000018,-0.00453550513766278,0.0,-0.3285369873047017,0.279998779296875
2012-05-03,-0.007655147155225523,0.0,-0.010138997417698532,-0.006992582137937368,-0.8371505737304545,0.6800003051757812
2012-05-04,-0.01629000294814695,-0.050000000000000044,0.0031403115630244814,0.0006575988363031403,-1.76025390625,1.6000003814697266
2012-05-07,0.0007297183202058417,0.010000000000000009,-0.0024485925648660245,-0.01422541464811494,0.07823944091795454,-0.2199993133544922
2012-05-08,-0.0040194493306932345,-0.040000000000000036,-0.01955122460022864,0.00701557572102152,-0.4302520751953267,0.10999870300292969
2012-05-09,-0.005949774191289109,-0.009999999999999787,-0.009856096620851877,-0.005081105594241374,-0.6337127685546733,1.0300006866455043
2012-05-10,0.0020605179253095863,0.019999999999999796,0.001940260901209398,-0.004538151038832012,0.2190399169922017,-1.25
2012-05-11,-0.003018585871330335,-0.04999999999999982,-0.007848817296009933,-0.00012929310372926858,-0.32073211669924717,1.05999946594239
2012-05-14,-0.011122622680246825,-0.06000000000000005,-0.01462845943520308,-0.0027126475267236125,-1.1734848022460795,1.9800014495849574
2012-05-15,-0.005758226140401999,-0.020000000000000018,-0.010562401311462568,-0.005275033838975709,-0.6024093627929688,0.0999984741210902
2012-05-16,-0.0038321138158711487,0.0,-0.001871650064246415,-0.007542386821841305,-0.39898681640625,0.30000114440918324
2012-05-17,-0.014941945824972476,-0.06000000000000005,0.022101053281684286,-0.0003819737284095427,-1.5411834716797017,2.219999313354492
2012-05-18,-0.008595603230550851,0.010000000000000009,0.011387791619555667,-0.0025429984175698956,-0.8762130737304545,0.6100006103515625
2012-05-21,0.017042136464854873,0.040000000000000036,0.0006467713402268693,0.005858493118947677,1.744598388671875,-3.090000152587887
2012-05-22,0.0017410343936388835,0.040000000000000036,-0.016757749444190322,0.002942062817123102,0.17990875244140625,0.46999931335448863
2012-05-23,0.0005293654891484406,-0.06000000000000005,-0.0030293517963689474,-0.011463643314812278,0.0547637939453125,-0.149999618530277
2012-05-24,0.0019639751340892455,0.040000000000000036,-0.0013859452168922916,-0.008198335999706171,0.20343017578125,-0.7899990081787074
2012-05-25,-0.003249968560720642,-0.020000000000000018,0.008352766698997548,-0.0020076839053987964,-0.33641815185546875,0.21999931335449574
2012-05-29,0.012039485823480953,-0.010000000000000009,-0.010931873240010203,-0.0008771443028952131,1.2517547607421875,-0.7299995422363317
2012-05-30,-0.014616518687306559,-0.1100000000000001,0.005875957660694494,-0.003750514069733303,-1.5177383422851562,3.1099987030029332
2012-05-31,-0.0022032369103667346,-0.039999999999999813,-0.001910905902789609,-0.008325603736316979,-0.22686004638670454,-0.07999992370605824
2012-06-01,-0.025499368965449028,-0.1200000000000001,0.03804809984180762,-0.000989540607500082,-2.589538574218764,2.6000003814697266
2012-06-04,-0.00046831127000636287,0.06000000000000005,-0.0011434641458968186,0.003219473991748515,-0.04694366455078125,-0.5399990081787109
2012-06-05,0.007543482182529589,0.040000000000000036,-0.0011448702562414747,0.0085944941124048,0.7588424682617188,-1.4400005340576172
2012-06-06,0.022220061370961962,0.08999999999999986,0.0004454100462342761,-0.0037458462319731444,2.268798828125,-2.520000457763672
2012-06-07,0.0006059884743276723,0.0,-0.017388437571983575,0.008887825815465206,0.06258392333984375,-0.44000053405762074
2012-06-08,0.007920010781061847,-0.010000000000000009,0.0014875385514176553,-0.0002514601675505825,0.821441650390625,-0.4899997711181605
2012-06-11,-0.012778603110009893,-0.04999999999999982,0.004063373582424457,0.005925750663966616,-1.3221511840820455,2.3299999237060547
2012-06-12,0.011425508105215778,0.06999999999999984,0.007055420696368892,-0.013315093840244313,1.1813507080078267,-1.4699993133544922
2012-06-13,-0.0064154575586372565,-0.05999999999999983,0.004209384361180728,0.0021234780766652577,-0.6649932861328267,2.1800003051757812
2012-06-14,0.010544596127390322,0.029999999999999805,0.004001687892130676,0.005517325267162982,1.0952606201172017,-2.5900001525878906
2012-06-15,0.010175238620145015,-0.039999999999999813,0.0005703370916346761,0.004284340363286039,1.067901611328125,-0.5699996948242223
2012-06-18,0.0019365387872297274,-0.010000000000000009,0.0005700119926437334,0.00607974464967934,0.20447540283203125,-2.79000091552734
2012-06-19,0.009625908042857748,0.04999999999999982,-0.004887432513551658,-0.00847626681486473,1.02227783203125,0.05999946594238281
2012-06-20,-0.001622602618066559,0.010000000000000009,-0.007600729101789924,0.006572341197575767,-0.17301177978517046,-1.1399993896484375
2012-06-21,-0.022694052120610462,-0.020000000000000018,-0.025651569647767526,0.0,-2.3905868530273295,2.840000152587887
2012-06-22,0.007671824864232632,0.06000000000000005,0.004070084458850245,-0.010218955642809375,0.802085876464858,-1.9699993133544922
2012-06-25,-0.016164368219045745,-0.06000000000000005,0.00731070579506714,-0.0011290236798987073,-1.6828308105468892,2.2699985504150426
2012-06-26,0.005012763092205823,0.030000000000000027,-0.007441769628189937,-0.0026295053401312342,0.5189590454101705,-0.6599998474121129
2012-06-27,0.00897661361994848,-0.010000000000000009,0.001375064652515789,-0.001374578399849958,0.9358520507812358,-0.2699985504150355
2012-06-28,-0.0028578787510340144,-0.04999999999999982,-0.011715276484427288,-0.0011231776588813778,-0.298858642578125,0.2599983215332031
2012-06-29,0.02462130733774876,0.06999999999999984,0.027039260378949704,-0.002616018276440206,2.6029739379882812,-2.6299991607666016
2012-07-02,0.0030078888326258973,-0.05999999999999983,-0.000644618456697509,0.017077075094517457,0.32241058349607954,-0.2800006866455078
2012-07-03,0.006571432000657243,0.039999999999999813,0.01516593043631744,-0.005817033089813545,0.707763671875,-0.1399993896484375
2012-07-05,-0.004522720734239266,-0.029999999999999805,-0.011368929003809548,-0.005220358573349846,-0.4876098632812358,0.8400001525878906
2012-07-06,-0.009548910232977407,-0.050000000000000044,-0.012734817475435407,-0.010012806791382391,-1.0222854614257812,-0.39999961853027344
2012-07-09,-0.0012553173502532866,-0.040000000000000036,0.0021445114458555955,-0.009741754197162366,-0.1336669921875,0.8799991607666016
2012-07-10,-0.008758426551279442,0.0,-0.012345429133629288,0.00381134718047147,-0.927947998046875,0.7399997711181605
2012-07-11,0.00014890860470809055,0.010000000000000009,0.0055057594568082525,-0.005037857568511677,0.01570892333982954,-0.7699985504150355
2012-07-12,-0.004856838424886285,-0.040000000000000036,-0.002618033780691079,-0.0007472579485057693,-0.5111618041991903,0.379999160766598
2012-07-13,0.01663879282374244,0.020000000000000018,0.010106714486149358,-0.004460309563896552,1.7615280151367188,-1.590000152587887
2012-07-16,-0.0023600977174910295,-0.020000000000000018,0.0004540770166103946,0.0045950129266621766,-0.2516479492187642,0.37000083923339844
2012-07-17,0.006843680770811322,0.030000000000000027,-0.004810237265713993,0.0015936500109216209,0.731353759765625,-0.6300010681152344
2012-07-18,0.007379428768808425,-0.010000000000000009,-0.002740430809986751,0.002210738434247454,0.7942352294921733,-0.31999969482421875
2012-07-19,0.002617347029847177,0.020000000000000018,0.002153848840418498,-0.0014743828693704612,0.2831115722656392,-0.7100000381469727
2012-07-20,-0.009190487918894194,-0.050000000000000044,0.001888899980288932,-4.913176596844995e-05,-0.9908523559570312,0.8200006484985352
2012-07-23,-0.01016358292685388,-0.020000000000000018,-0.0041734615256850535,-0.012274862527051808,-1.0852127075195312,2.3500003814697266
2012-07-24,-0.008623661454366275,-0.030000000000000027,0.00319690690338272,-0.0002425354611856021,-0.9121780395507955,1.8499984741210902
2012-07-25,0.00022381335016217747,-0.010000000000000009,0.013907490755906015,-0.005151551233425392,0.02357482910157671,-1.129999160766598
2012-07-26,0.016362723756116207,0.020000000000000018,0.007041420048145291,0.0064860945199821576,1.7378997802734233,-1.8099994659423828
2012-07-27,0.018264818936585797,0.13000000000000012,0.00489956132478139,0.011477609095058215,1.9738082885742472,-0.8299999237060547
2012-07-30,0.0,-0.050000000000000044,-0.0006984831553893457,0.001966784285227875,0.0,1.3299999237060547
2012-07-31,-0.007018883641988187,-0.020000000000000018,-0.005988723225470398,-0.0036845910317584796,-0.7627716064453267,0.8999996185302734
2012-08-01,-0.000871579707659285,0.050000000000000044,-0.00866421414888581,0.002823623134604158,-0.0943450927734375,0.029998779296875
2012-08-02,-0.006928334418392269,-0.050000000000000044,-0.006531497290067034,-0.00429369295542993,-0.7470474243164062,-1.3899993896484375
2012-08-03,0.019638566513770262,0.09000000000000008,0.009170809124329653,-0.005006360772785269,2.1310577392577983,-1.9299993515014648
2012-08-06,0.0019359169937263542,-0.010000000000000009,0.004810013989643127,0.020177824330586288,0.21234893798828125,0.3099994659423828
2012-08-07,0.005001201406703032,0.06999999999999984,-0.00012799457656319368,-0.003102311736323295,0.5504837036132812,0.039999961853027344
2012-08-08,0.0012108899750858215,0.020000000000000018,0.0012789166070782496,-0.00024778126439503194,0.1336975097656392,-0.6700000762939435
2012-08-09,0.000853527052831229,0.010000000000000009,0.0032539650598126992,-0.0011018543184398008,0.09433746337890625,-0.03999996185302912
2012-08-10,0.0016342664949965684,-0.040000000000000036,0.0012094547976165897,-0.006425823283212942,0.18085479736328125,-0.5399999618530273
2012-08-13,-0.0004972705859711072,0.0,-0.007599660994752833,-0.0013760045967251909,-0.05506134033201704,-1.0399999618530273
2012-08-14,0.00014224036454023884,0.08000000000000007,-0.005528431293767677,0.004084343226895655,0.01574707031247158,1.1500005722045916
2012-08-15,0.0011356120093070036,0.07000000000000006,0.003217920039555506,-0.0001232066733541915,0.12580108642580967,-0.22000026702881037
2012-08-16,0.007351541695251775,0.030000000000000027,0.005957880902347246,-0.002953957235042525,0.8178558349609091,-0.3400001525878906
2012-08-17,0.0013374385062039334,-0.020000000000000018,0.0010214739315963608,0.00554573565452952,0.14943695068360796,-0.8400001525878906
2012-08-20,7.007623130027719e-05,0.010000000000000009,0.0034396702075541645,-0.0020492605907647047,0.00783538818359375,0.5700006484985352
2012-08-21,-0.0030284658952252795,-0.020000000000000018,0.009934007742546973,0.00167857661380693,-0.3381195068359375,1.0
2012-08-22,0.0004229287664142243,-0.09000000000000008,0.010708631507447481,0.009931792186990423,0.04715728759765625,0.08999919891357422
2012-08-23,-0.008212814014311773,-0.030000000000000027,0.008373997600348033,0.004626998126816065,-0.9121856689453125,0.8500003814697266
2012-08-24,0.006024394433515925,0.0,0.00049405195165326,0.002133119763072035,0.6683883666992188,-0.7799997329711932
2012-08-27,0.00021216886184496515,-0.030000000000000027,-0.0037732430064034606,-0.004536841412041868,0.02361297607421875,1.170000076293947
2012-08-28,-0.0009895918792847526,-0.010000000000000009,0.0017337390057776023,-0.00022501368530915386,-0.1100921630859375,0.1399993896484375
2012-08-29,0.0007774230174398294,0.020000000000000018,-0.006517126164973718,0.005641499164331914,0.08647918701171875,0.5699996948242188
2012-08-30,-0.007233475058853084,-0.030000000000000027,-0.0004359382542126009,-0.003263397370650911,-0.8020477294921875,0.7700004577636719
2012-08-31,0.004757474410336466,-0.05999999999999983,0.02278842769888954,-0.0016277448098994838,0.52685546875,-0.3600006103515625
2012-09-04,-0.0009213979495473074,0.020000000000000018,0.0015819565772519967,0.006023399257886093,-0.10223388671875,0.5100002288818359
2012-09-05,-0.0008511906308159313,0.010000000000000009,-0.00103408368603259,-0.00414502090738888,-0.0943603515625,-0.23999977111816406
2012-09-06,0.020093782744843015,0.07999999999999985,0.0035237086061065126,0.005404462387742879,2.249107360839858,-2.1399993896484357
2012-09-07,0.0038869360911041036,-0.010000000000000009,0.021301036576637185,0.0023973159741336302,0.4403076171874716,-1.2200002670288104
2012-09-10,-0.0056974192091148864,0.010000000000000009,-0.0068508245778626286,0.012841104350352387,-0.6448135375976278,1.9000005722045898
2012-09-11,0.002783229962601288,0.020000000000000018,0.0036397345213229062,-0.002683590425237534,0.31453704833982954,0.12999916076660156
2012-09-12,0.003329521630284186,0.07000000000000006,0.0001191368766436192,0.0070436513619412215,0.3774261474609375,-0.6099996566772461
2012-09-13,0.015121798572957488,-0.020000000000000018,0.019987101882923578,0.003992063028549831,1.7300720214843892,-1.75
2012-09-14,0.00442469057674281,0.1299999999999999,0.002856260822614609,0.006992120632000732,0.5111923217773153,0.46000003814697266
2012-09-17,-0.0034016859838247654,-0.029999999999999805,-0.008182448737126974,0.009399574000485786,-0.3932037353515625,0.07999992370605469
2012-09-18,-0.000818187594204673,-0.030000000000000027,0.007716671888582333,-0.0004852626786234526,-0.0943756103515625,-0.40999984741211115
2012-09-19,0.0005454886813398705,-0.030000000000000027,0.00011648676464511073,-0.004878140489867131,0.06291198730470171,-0.3000001907348615
2012-09-20,6.771879455729076e-05,0.010000000000000009,-0.0015734059198807039,0.0009135958493321619,0.0078125,0.18999958038330256
2012-09-21,-0.00041736357397574516,-0.030000000000000027,0.00285359936146375,-0.006507866478759256,-0.04814147949217329,-0.0900001525878924
2012-09-24,-0.0015095183941687448,-0.030000000000000027,-0.0053060014063377545,-0.0003891232295926891,-0.17395019531252842,0.17000007629394354
2012-09-25,-0.01069882140170945,-0.040000000000000036,-0.0016382823469836482,-0.002072788097304648,-1.2253875732421733,1.2800006866455078
2012-09-26,-0.005637154854009614,-0.06000000000000005,-0.0056374963370224036,-0.0032173351848969363,-0.6403961181640625,1.3799991607666033
2012-09-27,0.009377302884624003,0.020000000000000018,0.014789097981363655,-0.0014308808636272067,1.0672836303710795,-1.9699993133544922
2012-09-28,-0.004643239194146425,-0.010000000000000009,-0.0026145147730523375,0.002450565575717097,-0.5297241210937358,0.8899993896484375
2012-10-01,0.0026361017743839234,-0.010000000000000009,0.0023243307866659033,-0.00810251126769299,0.30043792724609375,0.5900001525878906
2012-10-02,0.0010386337368675936,0.0,-0.0011033258934751609,0.006167365293188808,0.11859130859375,-0.6099996566772461
2012-10-03,0.004074743059020326,0.0,0.0017996437460312752,0.002193411869076394,0.4664459228515767,-0.2799997329711932
2012-10-04,0.007142371506360406,0.06000000000000005,0.006936025341043228,0.0005167929922704262,0.8222045898437358,-0.8800001144409162
2012-10-05,6.834835992848837e-05,0.050000000000000044,-0.00571878926447531,0.0072633363443466385,0.00789642333984375,-0.22000026702880682
2012-10-08,-0.0034270629427934707,0.0,-0.0033074685239183545,-0.00013013878206721803,-0.39527130126954546,0.7799997329711896
2012-10-09,-0.009936546568392548,-0.010000000000000009,-0.006180042594964688,-0.0029892407744781476,-1.138435363769517,1.2600011825561523
2012-10-10,-0.006400495141863451,-0.020000000000000018,-0.0008776828487819255,-0.009171333805507767,-0.7273406982422017,-0.07999992370605469
2012-10-11,0.0005581324651977454,-0.020000000000000018,0.002805770961490514,0.0,0.06324005126954546,-0.7000007629394531
2012-10-12,-0.0032836416374398144,-0.010000000000000009,-0.0073818938973548055,0.005803126070959652,-0.3715515136718608,0.5499992370605469
2012-10-15,0.008293467957041297,0.010000000000000009,-0.010106119739498041,0.0007762529468751664,0.9407806396484233,-0.8699989318847656
2012-10-16,0.010082510674940412,0.050000000000000044,0.006335646333619325,0.0019433776831409243,1.1542816162109375,-0.05000019073486328
2012-10-17,0.004524815419036908,0.08000000000000007,0.0007080193841468657,0.01069111837891574,0.5218124389648438,-0.15000057220458807
2012-10-18,-0.0026026997057079777,0.030000000000000027,-0.00443354865538353,0.0006556786485947042,-0.30043792724607954,-0.03999996185302912
2012-10-19,-0.016805595063182743,-0.07000000000000006,-0.010841136052605957,-0.0036137535535060218,-1.9212112426758097,2.0299997329711914
2012-10-22,0.00014044788361844456,0.040000000000000036,0.003646697239812837,-0.0035744974300148534,0.01592254638671875,-0.4399986267089844
2012-10-23,-0.013974375938887427,-0.040000000000000036,-0.012912759766492157,0.0036529385531968773,-1.5733642578124716,2.2099990844726527
2012-10-24,-0.0028319576867874992,0.010000000000000009,-0.003451467757776219,-0.007422361367593739,-0.3161773681640909,-0.5
2012-10-25,0.002902718796933972,0.06000000000000005,0.007011656174181994,-0.0006484696183931449,0.32408905029298296,-0.2099990844726527
2012-10-26,-0.0005653415871935904,-0.08000000000000007,-0.0005423202272228979,-0.0020722206519754,-0.06319427490232954,-0.3100013732910156
2012-10-31,0.0,-0.06000000000000005,0.005409372308871991,0.0018778276481138643,0.0,0.7900009155273438
2012-11-01,0.010415639843796586,0.030000000000000027,-0.004565910521291634,0.0001943930038616015,1.170021057128892,-1.9099998474121094
2012-11-02,-0.008931336382794997,0.0,-0.02111619567115675,-0.0012956243078190888,-1.0040283203125,0.8999996185302734
2012-11-05,0.002046519431076199,-0.030000000000000027,0.003866988340753932,-0.009343773012860858,0.22927093505860796,0.8299999237060547
2012-11-06,0.007794640303322119,0.06000000000000005,0.018633181558340834,-0.0019862971328994785,0.877540588378892,-0.8400001525878906
2012-11-07,-0.02292431650427671,-0.10000000000000009,0.0011418760009174647,0.0004353080305895034,-2.5614776611328125,1.4999999999999964
2012-11-08,-0.012096893548839038,-0.05999999999999983,0.008969205970755553,-0.0037584886622258284,-1.328178405761733,-0.5900001525878871
2012-11-09,0.0008689485421035347,-0.010000000000000009,-0.0010124664362506366,-0.0011477221809470441,0.09487152099610796,0.12000083923339488
2012-11-12,0.0007961002263873847,0.0,-0.002207239069899678,-0.0016810527694880474,0.0869903564453125,-1.9300003051757777
2012-11-13,-0.0034778395369439658,-0.020000000000000018,-0.0020923088878503668,-0.0011190848708216385,-0.3795166015625,-0.030000686645507812
2012-11-14,-0.013590696023043981,0.0,0.0002393087940783899,0.0,-1.4704818725585938,1.2700004577636719
2012-11-15,-0.0016935235845426358,-0.010000000000000009,-0.0063019928595901085,0.0017810593602762183,-0.1818389892577983,0.06999969482421875
2012-11-16,0.004925233502488079,0.0,-0.0012651232479694255,0.004082684996178389,0.5296936035155966,-1.5799999237060547
2012-11-19,0.02003733390286647,0.030000000000000027,0.011925176433462218,-0.0019540958120791625,2.1820526123047017,-1.1700000762939453
2012-11-20,0.0004310606738869285,0.04999999999999982,-0.002863425779210265,0.0007786051258752523,0.04742431640626421,-0.1599998474121076
2012-11-21,0.0018660621996663398,0.030000000000000027,0.0010150660402493473,0.0035177764975567074,0.2055358886718608,0.23000049591064275
2012-11-23,0.01353306695484802,0.010000000000000009,0.012160205973813025,0.004726787032769262,1.5021209716797017,-0.1700000762939453
2012-11-26,-0.0021250543181708763,-0.040000000000000036,-0.0010618685408751542,0.007028737624003663,-0.23722076416017046,0.3599996566772461
2012-11-27,-0.0051173107387423415,-0.020000000000000018,-0.004258514528236021,0.001622071249715867,-0.569183349609375,0.42000007629394354
2012-11-28,0.008020028156164268,-0.010000000000000009,-0.012885721450133563,-0.0037591118197992574,0.893341064453125,-0.4099998474121076
2012-11-29,0.004654407717151005,-0.009999999999999787,0.0037754494975707773,0.0011650365884301502,0.5217437744140483,-0.4499998092651367
2012-11-30,0.00021122293165172856,0.0,-0.006782066259329654,0.0015556536819384401,0.02373504638671875,0.8099994659423828
2012-12-03,-0.0049363085116184095,0.009999999999999787,0.0004816775885995999,0.001791926548470343,-0.5533828735351562,0.7699995040893555
2012-12-04,-0.001414538975495772,-0.009999999999999787,-0.010346525202362707,0.0,-0.15807342529295454,0.48000144958496094
2012-12-05,0.0017681511472587758,-0.020000000000000018,-0.0018262807650325558,0.00785486979982089,0.19762420654295454,-0.6600017547607422
2012-12-06,0.003386399506774478,-0.010000000000000009,0.002312732382919267,-0.0022244349806974668,0.3794708251953267,0.12000083923339844
2012-12-07,0.0030238771110095994,0.04999999999999982,0.004004152985563731,-0.008200391470385609,0.339935302734375,-0.680000305175783
2012-12-10,0.00042106697229823763,-0.010000000000000009,0.0038675379164635304,-0.004436687582816761,0.04741668701171875,0.1499996185302752
2012-12-11,0.0067851946274663615,0.030000000000000027,-0.0009051692074031703,0.0024940274152400973,0.766845703125,-0.47999954223632635
2012-12-12,0.0004880486692685381,0.06000000000000005,0.0007242193101501478,0.005774099182791437,0.05535888671873579,0.3800001144409162
2012-12-13,-0.006150880648777437,0.020000000000000018,-0.008481356697994205,0.004107610164108555,-0.6957168579101562,0.6099996566772461
2012-12-14,-0.0037226654344704162,-0.020000000000000018,-0.0014611280186981382,0.000915174116556749,-0.4189910888671733,0.4400005340576172
2012-12-17,0.011684292459921272,0.06000000000000005,0.0018869503829595713,0.0066397813111627535,1.3203353881835938,-0.6599998474121094
2012-12-18,0.011067111074365962,0.06000000000000005,-0.014455725078867119,-7.895767899669292e-05,1.2649002075195455,-0.7700004577636701
2012-12-19,-0.0074570302954299365,-0.020000000000000018,-0.002409114946575244,0.0050150872193668785,-0.8538284301758097,1.790000915527342
2012-12-20,0.005735857816472198,-0.010000000000000009,-0.012196073797178996,-0.0011900064672989874,0.6561889648437642,0.3099994659423828
2012-12-21,-0.009118684827343165,-0.040000000000000036,0.00374933956743618,0.0016928992825085577,-1.0414276123046733,0.1700000762939453
2012-12-24,-0.0030859569068027023,0.020000000000000018,0.0018070937392538678,-0.004213894903889022,-0.3502960205078267,0.0
2012-12-26,-0.0042240025416727485,-0.020000000000000018,0.0009956669468964311,-0.00011865561036998284,-0.47772979736328125,1.6399993896484375
2012-12-27,-0.001341618924803043,-0.030000000000000027,0.002360719739151777,0.0034328757995704495,-0.15131378173828125,-0.01000022888183949
2012-12-28,-0.010866948317684717,-0.010000000000000009,-0.003854592163680614,0.0018533322975444059,-1.2181701660156108,3.25
2012-12-31,0.01685347226207596,0.050000000000000044,0.009176719889400711,-0.0017078663728159408,1.8949279785156108,-4.699998855590817
2013-01-02,0.025307664393178355,0.08000000000000007,0.0070727801089134085,-0.002259361310054207,2.9061431884765625,-3.3400001525878924
2013-01-03,-0.002261751941420041,0.05999999999999983,-0.012146779740190669,-0.0011871216201709736,-0.2627258300781392,-0.11999988555908025
2013-01-04,0.004381845678837512,0.010000000000000009,-0.0047257550222331544,-0.011403246248573008,0.5095367431640767,-0.7300004959106428
2013-01-07,-0.002736517542809398,-0.010000000000000009,-0.006315147639550098,0.002662234107940564,-0.31847381591796875,-0.03999996185302912
2013-01-08,-0.0028814159335871473,-0.030000000000000027,0.007062780803268713,0.004400356419408042,-0.3343963623046875,-0.1700000762939453
2013-01-09,0.0025386845568453275,-0.010000000000000009,-0.0004360197219949153,-0.0032628667624201887,0.2945709228515625,0.1900005340576172
2013-01-10,0.007918016861293871,0.030000000000000027,0.009241174883853428,-0.0021039497190686184,0.9235687255859375,-0.32000064849853516
2013-01-11,-6.775901586796716e-05,-0.020000000000000018,-0.005695893235337639,0.016585816427728228,-0.0079345703125,-0.13000011444091797
2013-01-14,-0.0006803203751309676,0.0,0.002975797243476377,0.006672030251265356,-0.07963562011717329,0.16000080108642578
2013-01-15,0.0006803203751309592,-0.029999999999999805,0.006294400919113552,0.0011899556887180166,0.07963562011717329,0.029999732971191406
2013-01-16,-0.00013611828276235345,-0.020000000000000018,0.0005534660222785934,-0.0052038452318998365,-0.01593780517578125,-0.13000011444091975
2013-01-17,0.006439707478724918,0.04999999999999982,0.004294560017826217,-0.0013298913070807386,0.7563934326171875,0.149999618530277
2013-01-18,0.0022272944861660648,-0.019999999999999796,-0.0015930021974330576,0.0061324875816171605,0.26274871826171875,-1.1099996566772479
2013-01-22,0.005378840645973488,-0.010000000000000009,0.003550021116017711,-0.004576268738756941,0.6369476318359375,-0.029999732971193183
2013-01-23,0.0016078469820926602,0.0,-0.002814438031338391,0.0001863436607828472,0.19106292724609375,0.029999732971193183
2013-01-24,0.00026811883751894257,0.019999999999999796,-0.01102810374616787,-0.00041267119656229377,0.031890869140625,0.22999954223632812
2013-01-25,0.005606172413347689,0.10000000000000009,-0.004781604983568098,0.004561876596430402,0.6687774658203267,0.20000076293945312
2013-01-28,-0.0011987526368976615,0.020000000000000018,-0.002243414817202356,0.00720526666208905,-0.14331817626954546,0.6799993515014666
2013-01-29,0.003924270329286967,0.029999999999999805,0.004357652623316265,-0.00146671173299158,0.46981048583984375,-0.2599992752075213
2013-01-30,-0.003924270329286949,0.0,0.007426217176999296,0.0033672400333745137,-0.46981048583984375,1.0099992752075213
2013-01-31,-0.002468329546574465,-0.009999999999999787,-0.006122691411324907,0.005669026242172078,-0.29456329345701704,-0.03999996185302912
2013-02-01,0.010234499281890153,0.020000000000000018,0.0015496671610711066,0.0031391697187494287,1.226112365722642,-1.3800001144409197
2013-02-04,-0.011304109167147677,-0.040000000000000036,0.0034008569302853,0.002766859073976453,-1.3535308837890625,1.7700004577636719
2013-02-05,0.010046980675373851,0.040000000000000036,-0.0002469026145644602,-0.010089889790595784,1.202247619628892,-0.9499998092651349
2013-02-06,0.0007281973538039183,-0.040000000000000036,0.0026514131006226955,0.0051476427709565885,0.08760833740235796,-0.3100004196166992
2013-02-07,-0.0013239974599067769,-0.010000000000000009,-0.003392675486914591,-0.004241963829092759,-0.15924072265625,0.09000015258789062
2013-02-08,0.00554870683531387,0.0,-0.0016696396112383367,-0.009998165808551313,0.6687698364257812,-0.4799995422363281
2013-02-11,-0.00019753738683388737,0.0,-0.011641494508639208,-0.0015786369380713376,-0.02387237548828125,-0.0800008773803711
2013-02-12,0.0016461514479487911,0.030000000000000027,0.001189038868357003,0.0026369420998443764,0.1990814208984375,-0.2999992370605469
2013-02-13,0.000854432751608455,0.029999999999999805,-0.005267437597442791,0.0036121084503193085,0.10346221923828125,0.3399991989135742
2013-02-14,0.0009198363224194261,-0.04999999999999982,-0.0044108258534539865,-0.0005647434735789681,0.11148071289063921,-0.31999969482421875
2013-02-15,-0.0011826221917459463,0.009999999999999787,-0.016491485732013745,-0.006833340927921165,-0.143310546875,-0.19999980926513672
2013-02-19,0.007466407061527598,0.020000000000000018,-0.00276442800912232,-0.0004271868409981689,0.907630920410142,-0.14999961853027344
2013-02-20,-0.012541263942152542,-0.009999999999999787,-0.02536237476562978,0.003637031257409674,-1.5206832885742188,2.3699998855590803
2013-02-21,-0.0060974046336466315,-0.030000000000000027,0.007761616845874272,-0.009200664271603936,-0.7324752807617188,0.5399999618530291
2013-02-22,0.009725135763290744,-0.020000000000000018,0.0022906918469714913,-0.0059551867332724336,1.1703948974609375,-1.050000190734865
2013-02-25,-0.019210469161813674,-0.09000000000000008,0.008916105586720739,0.00011880151420411266,-2.3010177612304688,4.8199996948242205
2013-02-26,0.00682221139234969,0.0,0.012107340694240326,-0.009965896210080764,0.8121032714843608,-2.1199989318847656
2013-02-27,0.012519281903041529,0.030000000000000027,-0.010618162447447536,6.532770422518989e-05,1.5047607421875284,-2.1400012969970703
2013-02-28,-0.0019767106231155305,-0.020000000000000018,-0.010209194156268543,0.006488650933249562,-0.2388458251953267,0.7800006866455078
2013-03-01,0.003292812240518815,-0.029999999999999805,-0.003666829371253608,-0.006945851952969497,0.3981323242187642,-0.15000057220458984
2013-03-04,0.005310883199933843,0.019999999999999796,-0.0009188120822602375,-0.003298765151000186,0.644905090332017,-1.3499994277954102
2013-03-05,0.008918790442511218,0.020000000000000018,0.0005251531495988175,0.0014720743721258502,1.0907516479492188,-0.5300006866455078
2013-03-06,0.0013602558511589674,0.050000000000000044,0.005562599618897849,0.0009520424019637552,0.16721343994140625,0.05000019073486328
2013-03-07,0.0018110692812129854,0.050000000000000044,-0.0035302945226979147,-0.0053745988191833995,0.22298431396482954,-0.4699993133544922
2013-03-08,0.004254769829945574,0.06000000000000005,0.0001310037451856418,0.010174907119175859,0.5254516601562642,-0.4700002670288086
2013-03-11,0.0037884018948536728,0.009999999999999787,0.0018318537547607815,-0.009447805340505221,0.4697418212890625,-1.0299997329711914
2013-03-12,-0.0022457126433849495,-0.040000000000000036,0.00781302833234655,0.0034347096884790665,-0.2786712646484375,0.7100000381469727
2013-03-13,0.0014121056525817845,0.010000000000000231,-0.0034432307449765156,-0.0002605384763194091,0.1751556396484375,-0.4400005340576154
2013-03-14,0.005309653299146767,0.0,0.00013007752936968284,-0.005457516704327578,0.6608200073242188,-0.5299997329711932
2013-03-15,-0.0013204412937012882,-0.03000000000000025,0.0020801316122226374,0.004155454167862972,-0.16466522216798296,0.0
2013-03-18,-0.005534524334414841,-0.04999999999999982,0.008921158533619225,-0.009235076987730063,-0.6878204345702983,2.059999465942383
2013-03-19,-0.0023257254859670837,-0.040000000000000036,0.00449494709912103,0.004043603955159299,-0.2879028320312642,1.0300006866455078
2013-03-20,0.006961012090633238,0.040000000000000036,-0.004559370369457158,-0.006284440059350325,0.8637084960937642,-1.7200002670288104
2013-03-21,-0.008579253181739067,-0.010000000000000009,0.005647950939598429,0.006025543886735387,-1.0636367797851562,1.3199996948242205
2013-03-22,0.008001261246870148,-0.020000000000000018,-0.004490045653721258,-0.0028431453016186975,0.991691589355483,-0.42000007629394354
2013-03-25,-0.004186455608384606,0.0,-0.001994901077106218,0.009191736350872682,-0.5198669433593892,0.17000007629394354
2013-03-26,0.007971222626429892,-0.010000000000000009,-0.00335530229094277,-0.01279855965292542,0.991729736328125,-0.9699993133544922
2013-03-27,0.0,-0.04999999999999982,0.004127968876901494,0.0001285792032281428,0.0,0.3799991607665998
2013-03-28,0.0030682335782663598,0.0,-0.005874608865923951,-0.0064094619706589395,0.38384246826171875,-0.44999980926513494
2013-04-01,-0.003965030942747508,-0.010000000000000009,0.001423403605869597,0.002174630362698696,-0.49581146240234375,0.8800001144409197
2013-04-02,0.004921793448516097,0.019999999999999796,-0.014588376987558337,0.0034635721258691036,0.615745544433608,-0.8000001907348651
2013-04-03,-0.010190588140555932,-0.04999999999999982,-0.011215297746718735,-0.002310380161702017,-1.2715530395508097,1.4300003051757812
2013-04-04,0.004050083724122762,-0.050000000000000044,-0.0029234122040560696,0.0023103801617020657,0.503807067871108,-0.31999969482421875
2013-04-05,-0.004500909125190066,-0.06000000000000005,0.016628587367166922,0.006057776525567641,-0.5597610473632812,0.02999973297118963
2013-04-08,0.0067440644143738826,0.040000000000000036,-0.004262680775851177,0.004924874541507244,0.8396759033202983,-0.7300004959106428
2013-04-09,0.003451156453633993,0.020000000000000018,0.007725031383893976,0.0028624295571095548,0.431884765625,-0.34999942779541016
2013-04-10,0.012174253766374616,0.06000000000000005,-0.017034818641169572,0.0039033371703686114,1.5354690551757955,-0.48000049591064453
2013-04-11,0.003271779990658517,-0.020000000000000018,0.0019880924290127428,-0.0019079428869484103,0.4158477783203125,-0.11999988555908203
2013-04-12,-0.002452800857276465,-0.07000000000000006,-0.048144932178246586,0.004540512323350586,-0.31188201904296875,-0.17999935150146484
2013-04-15,-0.023446537351935838,-0.030000000000000027,-0.09190507457983844,-0.0011796306732325752,-2.9430160522460938,5.210000038146973
2013-04-16,0.014655058163441507,0.030000000000000027,0.011283338744214735,-0.003413021443032482,1.8314132690429545,-3.310000419616699
2013-04-17,-0.01471926657066884,-0.020000000000000018,0.000526909831982771,0.009456885713221962,-1.8393783569335795,2.5500001907348633
2013-04-18,-0.006273763207259836,-0.010000000000000009,0.010704956398210237,-0.010970123494505981,-0.7758026123047017,1.0499992370605469
2013-04-19,0.008656243348995889,0.010000000000000009,0.008674096350888906,0.0013957078225384414,1.0716934204101562,-2.589999198913574
2013-04-22,0.0044278940996666325,-0.010000000000000009,0.01777851793528908,0.00019578428287324982,0.5517959594726705,-0.5799999237060547
2013-04-23,0.01025678316126784,0.020000000000000018,-0.007424075282657943,0.0004570764704050366,1.2876052856445312,-0.9100008010864258
2013-04-24,0.0006333962115810469,-0.010000000000000009,0.01082655613705574,-0.005159080449683407,0.07994842529296875,0.13000011444091797
2013-04-25,0.004045430663502022,0.010000000000000009,0.023286836308933283,0.00176880818137652,0.5118179321289205,0.010000228881835938
2013-04-26,-0.001767760795707537,-0.040000000000000036,-0.0050966430061307215,-0.0007808119108681736,-0.2239074707031392,-0.010000228881835938
2013-04-29,0.00667581439188232,0.0,0.009816111845741552,0.0027092938375022375,0.8476486206054688,0.10000038146972656
2013-04-30,0.0023830403485437484,0.0,0.003297447184859199,0.004077536101588047,0.303955078125,-0.18999958038330078
2013-05-01,-0.008806461882099532,-0.040000000000000036,-0.011695241331580094,0.005515454091312641,-1.1196594238281392,0.9699993133544922
2013-05-02,0.009244707971785268,0.0,0.00572377326421984,0.0010539995886262228,1.1756362915039205,-0.8999996185302734
2013-05-03,0.010089502848556375,0.1200000000000001,0.0011971282175668827,-0.008923937204134204,1.2955322265625,-0.7399997711181623
2013-05-06,0.0025378034360409034,0.020000000000000018,0.0004221612830436374,0.004452029941140167,0.3279266357421875,-0.19000053405761896
2013-05-07,0.00505554547825298,0.020000000000000018,-0.012529729074763163,-0.0040600365090577364,0.6557464599609375,0.1700000762939471
2013-05-08,0.004540915012466841,-0.010000000000000009,0.01470823959319662,0.0005230267281386599,0.591827392578125,-0.1700000762939471
2013-05-09,-0.002820045467984126,0.0,-0.011649859087374476,0.006428270664547212,-0.36785888671875,0.4700002670288086
2013-05-10,0.0032486489524465546,0.08999999999999986,-0.008630212541188757,-0.009692264624364979,0.423858642578125,-0.5399999618530273
2013-05-13,0.0007944741806166163,0.020000000000000018,-0.008416504259274501,-0.005316899434552162,0.1038665771484375,-0.039999961853027344
2013-05-14,0.010281410843146202,0.040000000000000036,-0.0044888226191427795,0.0017518545012306938,1.35162353515625,0.2200002670288086
2013-05-15,0.00537185723284968,-0.020000000000000018,-0.023345595911785897,-0.003927706249768482,0.7117462158203125,0.039999961853027344
2013-05-16,-0.00470625240022221,-0.06999999999999984,-0.004019122278807547,-0.004234363049165293,-0.6237640380859375,0.2599992752075213
2013-05-17,0.009630501150989157,0.07999999999999985,-0.022779601469059194,6.449566130089441e-05,1.279571533203125,-0.6199998855590838
2013-05-20,-6.023355878547232e-05,0.020000000000000018,0.030431648851024378,-0.0037035254520619673,-0.0080413818359375,0.5700006484985352
2013-05-21,0.0014365014841876069,-0.030000000000000027,-0.01671673431161512,0.004309137552953992,0.1919097900390625,0.34999942779541016
2013-05-22,-0.007444446589319679,0.08999999999999986,-0.007099209752431566,0.002168110497585436,-0.9915618896484375,0.4499998092651385
2013-05-23,-0.0028972757105805752,-0.009999999999999787,0.020034420891585903,-0.005976506282108543,-0.3839111328125,0.25
2013-05-24,-0.0008468147352473816,-0.010000000000000231,-0.0063346049211476085,0.0064417355681352755,-0.11199951171875,-0.07999992370605646
2013-05-28,0.005971328730178658,0.14000000000000012,-0.0020204984510566455,0.0006852261929362344,0.7917938232421875,0.48999977111816406
2013-05-29,-0.006515560630266356,-0.020000000000000018,0.009988129408433648,-0.006793025706258287,-0.8637237548828125,0.35000038146972834
2013-05-30,0.003685031557627273,0.0,0.013773982178960965,0.007867125813207816,0.4878082275390625,-0.30000019073486506
2013-05-31,-0.01445617133553418,0.03000000000000025,-0.02054612833699834,0.007394543733594915,-1.90338134765625,1.7699995040893555
2013-06-03,0.00549115103006086,-0.03000000000000025,0.019155238706458418,-0.003645628601557527,0.719757080078125,-0.019998550415039062
2013-06-04,-0.004817949966373357,0.010000000000000231,-0.00942083088363743,0.005865508342304645,-0.6317291259765625,-0.010000228881835938
2013-06-05,-0.014100053056784101,-0.040000000000000036,0.002142261538931351,3.930123857307964e-05,-1.8314056396484375,1.2299995422363281
2013-06-06,0.009012234598680308,-0.020000000000000018,0.007425099325577856,0.0015176148155457577,1.1675872802734375,-0.8700008392333984
2013-06-07,0.01264030945158894,0.08999999999999986,-0.024092192496149724,0.011562487392139139,1.65545654296875,-1.4899988174438477
2013-06-10,0.0,0.050000000000000266,0.004939787449919778,-0.0016278842001214964,0.0,0.2999992370605469
2013-06-11,-0.010369556329179032,-0.020000000000000018,-0.0051648936635613095,0.0,-1.3596038818359375,1.630000114440918
2013-06-12,-0.008310728293756033,0.04999999999999982,0.007476670343020137,0.0,-1.07952880859375,1.5200004577636719
2013-06-13,0.015093607003809396,-0.06000000000000005,-0.0038060756896859606,0.008699546948616884,1.9672698974609375,-2.1800003051757812
2013-06-14,-0.006291789099371477,-0.04999999999999982,0.005145905283357988,0.002123207300073294,-0.82366943359375,0.7399997711181641
2013-06-17,0.007692198234635011,0.04999999999999982,-0.00492162373629442,-0.0014427438243390341,1.0077056884765625,-0.35000038146972656
2013-06-18,0.007874107847796512,0.010000000000000231,-0.012335615865617823,0.0010818738294116166,1.0395965576171875,-0.18999862670898438
2013-06-19,-0.013913531421106913,0.1299999999999999,-0.011723707191219441,0.002006501235948722,-1.8314361572265625,0.029998779296875
2013-06-20,-0.02509023314702593,0.08000000000000007,-0.05501208351122277,-0.007350838923890695,-3.2388992309570312,3.8500003814697266
2013-06-21,0.0032052784169081757,0.10999999999999988,0.011663149049636777,-0.004244322372817905,0.4092559814453125,-1.590000152587887
2013-06-24,-0.012716626935887154,0.04999999999999982,-0.00899678918866049,-0.009890867430486311,-1.6159896850585938,1.210000991821282
2013-06-25,0.009568203466104833,0.03000000000000025,-0.0037186710729782786,0.002059727722364065,1.213981628417983,-1.6400012969970703
2013-06-26,0.009852461898511878,-0.050000000000000266,-0.04294353680246575,-0.0040105040554757375,1.262245178222642,-1.2600002288818324
2013-06-27,0.005852550946163746,-0.05999999999999961,-0.01998184769474001,-0.0050881599651671485,0.755706787109375,-0.34999847412109375
2013-06-28,-0.0041058218881510145,0.029999999999999805,0.026974604047993712,0.0017323101231722052,-0.5306243896484375,0.0
2013-07-01,0.005843072557094201,-0.020000000000000018,0.016816885336969126,-0.0016801881281960803,0.75579833984375,-0.48999977111816406
2013-07-02,-0.0009303493164007509,-0.020000000000000018,-0.008955978266061641,0.004107799317410856,-0.120635986328125,0.06999969482421875
2013-07-03,0.0004338627719875798,0.040000000000000036,0.005731107587480113,-0.006811097394825702,0.056243896484375,-0.23999977111816406
2013-07-05,0.010730889202246815,0.20999999999999996,-0.022192441073447783,-0.005500930253494877,1.398895263671875,-1.3100004196166992
2013-07-08,0.005688796455338671,-0.08000000000000007,0.01195305315168224,-0.006112411572627294,0.747711181640625,-0.1100006103515625
2013-07-09,0.007171015601644527,0.0,0.009245063039676966,0.003263916264117598,0.9486083984375,-0.42999935150146307
2013-07-10,0.0003637075107772778,0.050000000000000266,0.0027320810310944702,-0.006951877016797796,0.0482940673828125,-0.14000034332275568
2013-07-11,0.013528484940279417,-0.10000000000000009,0.026837949821575,0.031262324758573094,1.8088836669921875,-0.19999980926513672
2013-07-12,0.0004181766606853215,0.009999999999999787,-0.0008857802448473976,-0.006847415305516424,0.056304931640625,-0.1700000762939453
2013-07-15,0.0038134207872765097,-0.040000000000000036,0.0004027469930761068,-0.0028903531058660607,0.5145416259765625,-0.05000019073486328
2013-07-16,-0.0037535984256827004,-0.020000000000000018,0.005701216593606186,-9.146529322965793e-05,-0.5064849853515625,0.6300001144409162
2013-07-17,0.002563557650269117,-0.029999999999999805,-0.01265074444459673,0.0070504609375198765,0.345703125,-0.6400003433227521
2013-07-18,0.005462701762958129,0.040000000000000036,0.005579624197673036,-0.0026005548501486573,0.7396240234375,-0.009999275207519531
2013-07-19,0.0017752100223899843,-0.06000000000000005,0.008831130466871196,-0.00048524362217734567,0.2412261962890625,-1.2300004959106445
2013-07-22,0.0019488853208368395,0.0,0.029377940831470724,0.0037567130208616788,0.26531982421875,-0.25
2013-07-23,-0.0021260513768898465,0.029999999999999805,0.006729945073879884,0.0023056207727170873,-0.2894134521484375,0.36999988555908203
2013-07-24,-0.003672456206494996,0.08000000000000007,-0.017341725231021614,0.0024961438919357277,-0.49847412109375,0.5200004577636701
2013-07-25,0.0024295042121469427,0.0,0.009291457084115504,-0.002456469552285838,0.329559326171875,-0.21000003814697088
2013-07-26,0.0010651933884948256,-0.029999999999999805,0.000854539664784338,0.006298609757837202,0.144744873046875,-0.25
2013-07-29,-0.0030799886113507097,0.029999999999999805,-0.002410089085684926,0.0009960712248309111,-0.4181060791015625,0.6700000762939453
2013-07-30,0.0,0.020000000000000018,-0.0027281369156585316,-0.0017922410988431615,0.0,0.0
2013-07-31,0.0007123619171655741,-0.029999999999999805,-0.0012495787031893267,9.283827323340583e-05,0.096588134765625,0.05999946594238281
2013-08-01,0.011491583701882007,0.14000000000000012,-0.010606207573640596,0.0027496016501841825,1.5676727294921875,-0.5100002288818359
2013-08-02,0.0016977658278264436,-0.11000000000000032,-0.001976519588739746,-0.006747556043127298,0.2331390380859375,-0.9600000381469727
2013-08-05,-0.0014634696346682372,0.040000000000000036,-0.005236889446047239,0.005059723804918386,-0.20098876953125,-0.1399993896484375
2013-08-06,-0.005698697125301743,0.0,-0.013858480621278743,-0.0016186586244296085,-0.77984619140625,0.880000114440918
2013-08-07,-0.0032457326158445445,-0.06000000000000005,0.0014509135479650783,0.003812097411978175,-0.4421844482421875,0.25999927520751953
2013-08-08,0.0036581565198945533,-0.029999999999999805,0.02159359677218957,0.0024650535425876047,0.49847412109375,-0.25
2013-08-09,-0.0028903214903247946,-0.010000000000000231,0.0,0.0029259569074284375,-0.3939971923828125,0.6800003051757812
2013-08-12,-0.0011816584892786824,0.040000000000000036,0.017735565654740437,-0.003046058189412581,-0.1607513427734375,-0.5999994277954102
2013-08-13,0.002952259600318262,0.10000000000000009,-0.010822755261539812,-0.00348877822192013,0.4019775390625,-0.5
2013-08-14,-0.005142831135284685,0.0,0.009815472951498977,-0.0020582714775905335,-0.6994781494140625,0.7299995422363281
2013-08-15,-0.014084390483804164,0.06000000000000005,0.020638289899497057,-0.00010613446905663176,-1.897308349609375,1.6899995803833008
2013-08-16,-0.0033113067057751666,0.06999999999999984,0.006735556363018295,0.006747681335261496,-0.44219970703125,-0.3599996566772461
2013-08-19,-0.00641261522853776,0.040000000000000036,-0.004308614943246926,-0.0018679052360929733,-0.852203369140625,0.7300004959106463
2013-08-20,0.004903582941821469,-0.06000000000000005,0.003327556996308892,0.0003600028474276832,0.6511688232421875,-0.19000053405761896
2013-08-21,-0.006178483861907317,0.050000000000000266,-0.002873052164441264,0.0065147466223813,-0.8199462890625,1.0299997329711914
2013-08-22,0.009073474639158642,0.029999999999999805,0.005587376516652108,-0.005834439467682652,1.2058868408203125,-1.1799993515014648
2013-08-23,0.003366759714138886,-0.08000000000000007,0.015614200939507474,0.0009076660355220502,0.4502410888671875,-0.7800006866455078
2013-08-26,-0.0037278754318722344,-0.029999999999999805,0.004068828031624427,0.002353287035953543,-0.498443603515625,1.010000228881836
2013-08-27,-0.016214910165771822,-0.06999999999999984,0.00955189530149838,-0.0005487091265873901,-2.1465606689453125,1.7800006866455078
2013-08-28,0.0035447564910709773,0.05999999999999961,-0.00029249824790502016,0.0009637821041912405,0.4662933349609375,-0.2800006866455078
2013-08-29,0.00158485936281639,-0.029999999999999805,-0.006163432755339088,-0.004276320369498135,0.209014892578125,0.31999969482421875
2013-08-30,-0.0031724664440020037,0.029999999999999805,-0.009242551987358015,-0.007426567270852635,-0.418060302734375,0.20000076293945312
2013-09-03,0.004511586617816565,0.08000000000000007,0.013282390492898161,-0.003501453101682296,0.5949249267578125,-0.39999961853027344
2013-09-04,0.008239032264886682,0.040000000000000036,-0.012985238492024438,-0.0012127109859999992,1.0933990478515625,-0.7300004959106445
2013-09-05,0.0012662112325414086,0.08000000000000007,-0.01843720597917757,0.002017569232703299,0.1688385009765625,-0.1099996566772461
2013-09-06,0.0004814603284122076,-0.040000000000000036,0.014642627040753583,-0.006250685890698041,0.0642547607421875,0.07999992370605646
2013-09-09,0.009530349826675848,-0.040000000000000036,-0.0017905715189216484,0.004246146872347274,1.278289794921875,-0.22000026702881037
2013-09-10,0.007370261076813995,0.06000000000000005,-0.016337634945460925,0.006343786989198022,0.9969482421875,-1.1000003814697266
2013-09-11,0.0031340472463737856,-0.029999999999999805,-0.0003037393323617421,0.0006232749244094438,0.4261627197265625,-0.7100000381469709
2013-09-12,-0.0026602073936898125,-0.010000000000000231,-0.03107779008702503,0.0037082370751209356,-0.36181640625,0.4700002670288068
2013-09-13,0.002246697469667088,-0.020000000000000018,0.0011742263444235006,-0.0012509255469101393,0.305511474609375,-0.13000011444091797
2013-09-16,0.005770627581765118,-0.020000000000000018,-0.010776072852725326,0.004531864098348546,0.7878570556640625,0.2200002670288086
2013-09-17,0.004452708457384173,-0.020000000000000018,0.00039535918570776093,-0.0016018532300555457,0.6110382080078125,0.14999961853027344
2013-09-18,0.011507801831077023,-0.16999999999999993,0.042635327513365635,0.0014950357158973195,1.59185791015625,-0.9399995803833008
2013-09-19,-0.0016773651403107644,0.06999999999999984,-0.001971448259468817,0.012284229802837462,-0.2331695556640625,-0.43000030517578125
2013-09-20,-0.007016053959499854,-0.009999999999999787,-0.029188479494947676,0.0008252112037365481,-0.9710693359375,-0.039999961853027344
2013-09-23,-0.004638434979403512,-0.029999999999999805,-0.0032092394127313157,2.7128324994165675e-05,-0.6382598876953125,1.1900005340576172
2013-09-24,-0.0023565554291057824,-0.050000000000000266,0.0008620400005460428,-0.0026357631830961448,-0.3231353759765625,-0.23000049591064275
2013-09-25,-0.0028942769713940905,-0.040000000000000036,0.008812610259893472,-0.00200939757460392,-0.3958282470703125,-0.06999969482422053
2013-09-26,0.00383769921622129,0.03000000000000025,-0.007794819989308921,0.003346668110638331,0.5251007080078125,0.05000019073486328
2013-09-27,-0.004607166128995478,-0.020000000000000018,0.009191529856392782,-0.0022817528947719212,-0.6301422119140625,1.3999996185302734
2013-09-30,-0.0053424278842485965,0.0,-0.006144359705342492,0.0006880848622560554,-0.727081298828125,1.140000343322754
2013-10-01,0.00788486791099377,0.020000000000000018,-0.028407152018487033,0.002202185586375878,1.074462890625,-1.0600004196166992
2013-10-02,-0.0009453730876866312,-0.03000000000000025,0.01963107970630708,-0.00013530186549907483,-0.1292724609375,1.0600004196166992
2013-10-03,-0.009263515323377228,-0.009999999999999787,0.0009440116150259955,0.004989017263364264,-1.2602691650390625,1.0699996948242188
2013-10-04,0.0075478012279063915,0.040000000000000036,-0.005123983685186541,0.0024357703213313607,1.025970458984375,-0.9300003051757812
2013-10-07,-0.008682340397030756,-0.010000000000000231,0.008734372074589061,-0.003983941347518267,-1.1795196533203125,2.6700000762939453
2013-10-08,-0.011714835015171402,0.010000000000000231,-0.0018820415130879548,0.0,-1.575347900390625,0.9300003051757812
2013-10-09,0.0007249630505369491,0.020000000000000018,-0.01017720830751646,0.002064747861684517,0.096954345703125,-0.7399997711181641
2013-10-10,0.021328978424944925,0.029999999999999805,-0.014697956002940963,-0.005735428865251535,2.8841552734375,-3.1200008392333984
2013-10-11,0.006422496708980015,-0.009999999999999787,-0.013529579748560205,0.00047327681604477967,0.880584716796875,-0.7599992752075195
2013-10-14,0.0039860600644238565,0.0,0.0018742894021130988,0.0022208516091871884,0.54937744140625,0.34999942779541016
2013-10-15,-0.007280519553513584,0.04999999999999982,0.007300498898775199,0.0001355843264486392,-1.0017852783203125,2.5900001525878906
2013-10-16,0.013869345333982805,-0.06000000000000005,-0.001536801678475267,-0.0027215330765080663,1.914703369140625,-3.9499998092651367
2013-10-17,0.006660955814782708,-0.08000000000000007,0.030923704639582567,5.4041371107250154e-05,0.929046630859375,-1.2300004959106445
2013-10-18,0.006731907788974363,-0.009999999999999787,-0.004483428301823487,0.010630852170054517,0.94525146484375,-0.4399995803833008
2013-10-21,5.7183584990947154e-05,0.029999999999999805,0.0010243461627259776,0.001093978463955791,0.008056640625,0.11999988555908203
2013-10-22,0.0057741611315247675,-0.08999999999999986,0.018414947525612457,-0.000437744149242651,0.8159027099609375,0.1700000762939471
2013-10-23,-0.004800051699113464,-0.03000000000000025,-0.0050381372278342695,0.007467540975660065,-0.6785888671875,0.09000015258788707
2013-10-24,0.003317013079015431,0.020000000000000018,0.009358446213496314,0.00017916381931931766,0.4685821533203125,-0.22000026702880682
2013-10-25,0.004556863029034212,0.0,0.00430184114069166,0.0016688072258379605,0.646270751953125,-0.1099996566772461
2013-10-28,0.0015901268560307089,0.010000000000000231,0.0007661546853194367,9.671716893585458e-05,0.2262115478515625,0.2200002670288086
2013-10-29,0.0053203298789296334,-0.010000000000000231,-0.006069186843828599,-0.0011589761458217073,0.759490966796875,0.09999942779541016
2013-10-30,-0.004979894166153957,0.020000000000000018,-0.001310854659270559,-0.0033588796437010794,-0.7110137939453125,0.2399997711181623
2013-10-31,-0.0028401895341453065,0.020000000000000018,-0.01445589960302803,-0.0013870897864594889,-0.4039306640625,0.10000038146972834
2013-11-01,0.002386035117269438,0.08000000000000007,-0.006203647298539133,-0.010566432738998956,0.339263916015625,-0.4700002670288086
2013-11-04,0.0035124444643761413,-0.020000000000000018,-0.0011034001173000462,-0.0063351559736912234,0.5009002685546875,-0.34999942779541193
2013-11-05,-0.0031714342907807136,0.06000000000000005,-0.0019733992654948685,0.0017016166459005954,-0.4523468017578125,0.3400001525878924
2013-11-06,0.0050930384094344,-0.020000000000000018,0.00504414218537563,-0.0032522560106001365,0.7271270751953125,-0.6000003814697283
2013-11-07,-0.012724176232726,-0.040000000000000036,-0.008209655231932556,0.0033333013812805283,-1.8097076416015625,1.2399997711181658
2013-11-08,0.01340089466238239,0.14000000000000012,-0.015013896979636615,-0.008091529839222568,1.9066009521484375,-1.0100002288818377
2013-11-11,0.00016926785090531926,0.0,-0.0033044239634362335,-0.004575455846821724,0.0242462158203125,-0.36999988555908025
2013-11-12,-0.00203246727943878,0.029999999999999805,-0.011529892263514105,0.004588879886957575,-0.290863037109375,0.2899999618530291
2013-11-13,0.007992653436799746,-0.04999999999999982,0.003261328070825869,0.0022822211669795006,1.1472320556640625,-0.29999923706054865
2013-11-14,0.004977108051541808,-0.06000000000000005,0.011492504258155503,0.003689395211376175,0.7190399169921875,-0.15000057220458984
2013-11-15,0.004341284547901737,0.020000000000000018,0.00040229335990021333,-0.0030172041273950605,0.6301116943359375,-0.18000030517578125
2013-11-18,-0.0035050988495364537,-0.040000000000000036,-0.01148785517697459,0.002599033341362619,-0.5089569091796875,0.9100008010864276
2013-11-19,-0.0021763828568882376,0.040000000000000036,0.00040671485346977925,0.0015114296273467482,-0.31512451171875,0.28999996185302557
2013-11-20,-0.003132612490115836,0.08999999999999986,-0.023286477860624745,0.004656302346840454,-0.4523773193359375,0.009999275207517755
2013-11-21,0.008036162727666402,-0.009999999999999787,-0.0014996278848545786,-0.009895853774490438,1.1633453369140625,-0.7399997711181623
2013-11-22,0.004990147263503171,-0.040000000000000036,-0.00016679957021921665,0.002825068525748274,0.72711181640625,-0.39999961853027344
2013-11-25,-0.0009961020534813305,-0.009999999999999787,0.004492901489940914,0.0059588583834959555,-0.1454315185546875,0.5299997329711914
2013-11-26,0.00027653322032827155,-0.03000000000000025,-0.005327125906487885,-0.0018278517193040253,0.0403594970703125,0.020000457763671875
2013-11-27,0.0024322861907538715,0.03000000000000025,-0.0030090344685490583,0.002966928314919584,0.35546875,0.1699991226196289
2013-11-29,-0.0006626125011990188,0.009999999999999787,0.01032652317938159,0.0026628000880163727,-0.096923828125,0.7200002670288086
2013-12-02,-0.002599816733490428,0.06000000000000005,-0.026189134272709476,-0.001386628254186883,-0.379669189453125,0.5299997329711914
2013-12-03,-0.004330136511950943,-0.020000000000000018,0.003226607638788197,-0.00317385780405955,-0.6301727294921875,0.32000064849853516
2013-12-04,-0.0001112814543984198,0.04999999999999982,0.016812770063131668,0.0035814610221002333,-0.0161590576171875,0.14999961853027344
2013-12-05,-0.004405288364329993,0.040000000000000036,-0.013934549467759825,-0.00031248678852772294,-0.63824462890625,0.38000011444091975
2013-12-06,0.011114947710320454,0.0,0.00211104147267288,0.006132633494046251,1.6157684326171875,-1.2899999618530291
2013-12-09,0.0025391684015302046,-0.020000000000000018,0.009820854927032762,0.0026691858140462446,0.37164306640625,-0.3000001907348633
2013-12-10,-0.0035895171930783922,-0.04999999999999982,0.01738884972238615,0.002456481749918085,-0.5251007080078125,0.4200000762939453
2013-12-11,-0.01129481857960285,0.04999999999999982,-0.00791168691971828,0.001760358115441614,-1.640045166015625,1.5100002288818342
2013-12-12,-0.0033066300864948678,0.03000000000000025,-0.021493611686152832,0.001570332213457252,-0.4766387939453125,0.11999988555908381
2013-12-13,-0.00011197543338557566,-0.010000000000000231,0.009172415436119621,-0.0025609975726136056,-0.01611328125,0.2200002670288086
2013-12-16,0.006212402353492419,0.010000000000000231,0.0025934275495750453,-0.0008384085058059188,0.896697998046875,0.2700004577636719
2013-12-17,-0.0031854230147839832,-0.040000000000000036,-0.00872709154091616,0.0017189040283475162,-0.460479736328125,0.17999839782714844
2013-12-18,0.016928022619398565,0.040000000000000036,-0.008803924689540665,0.0006057839562805383,2.4639892578125,-2.409998893737793
2013-12-19,-0.0011559476890105754,0.04999999999999982,-0.024008388970939976,-0.0062874649198490975,-0.169586181640625,0.3499994277954084
2013-12-20,0.00579953230861166,-0.04999999999999982,0.009707154887455789,-0.0021326298229233658,0.852813720703125,-0.3599996566772443
2013-12-23,0.005328688317088516,0.04999999999999982,-0.0031964326223481313,0.0016537596963132426,0.7879486083984375,-0.75
2013-12-24,0.0021892132847478804,0.050000000000000266,0.004575471214311559,0.0015742855027451362,0.3249359130859375,-0.5600004196166992
2013-12-26,0.005070973719540585,0.009999999999999787,0.005497345915552918,-0.0022989515185388304,0.755401611328125,-0.14999961853027166
2013-12-27,-5.415274406053013e-05,0.020000000000000018,0.0032498521874088976,0.0020249925521883703,-0.008087158203125,0.1300001144409162
2013-12-30,-0.00016308899586001954,-0.029999999999999805,-0.014881383746899417,0.003938549209401466,-0.02435302734375,1.1000003814697266
2013-12-31,0.004721358259286073,0.04999999999999982,0.0063064728922821575,0.0043407179968599,0.7066192626953125,0.15999984741210938
2014-01-02,-0.009629620992287605,-0.040000000000000036,0.016060461656273138,-0.003143727407639932,-1.43768310546875,0.5099992752075195
2014-01-03,-0.00016443181680746562,0.009999999999999787,0.01087288650299346,-0.007297207137206514,-0.0244293212890625,-0.4699993133544922
2014-01-06,-0.002902183981208849,-0.029999999999999805,0.001758860402907068,-0.005179913046636604,-0.430511474609375,-0.21000003814697266
2014-01-07,0.0061232419042218,-0.020000000000000018,-0.005706631012357315,0.0026411895770189855,0.9097900390625,-0.6300001144409197
2014-01-08,0.0002179514060939253,0.04999999999999982,-0.005908660231013954,-0.001144479138039092,0.0324859619140625,-0.050000190734861505
2014-01-09,0.0006536716408803295,-0.03999999999999959,0.0028742629920469314,-0.003262645920922542,0.09747314453125,0.020000457763671875
2014-01-10,0.0027187698583856796,-0.0900000000000003,0.015080740254614516,0.0025820750366173165,0.406097412109375,-0.75
2014-01-13,-0.013394347105785282,-0.040000000000000036,0.0062997100806513355,0.004746537900696894,-1.99005126953125,1.1399993896484375
2014-01-14,0.01083862158211357,0.040000000000000036,-0.009381142826874576,-0.00013672835915707617,1.6082763671875,-1.0
2014-01-15,0.005376082010126847,0.020000000000000018,-0.0019202320624570302,-0.00010936126318119301,0.8042144775390625,0.0
2014-01-16,-0.001300745989796434,-0.040000000000000036,0.001085798819833523,-0.0050718162732845155,-0.194976806640625,0.25
2014-01-17,-0.004238380355044228,-0.020000000000000018,0.009471650934748868,0.0013744992602880853,-0.6335601806640625,-0.09000015258789062
2014-01-21,0.0029359402212276457,0.010000000000000231,-0.010223281251883428,-0.005080268874477358,0.4385833740234375,0.43000030517578125
2014-01-22,0.0006517378955654217,0.020000000000000018,-0.004269708090943136,0.0007454711611054409,0.0975341796875,-0.029999732971191406
2014-01-23,-0.008226947658317432,-0.08000000000000007,0.02157937863834985,-0.0012466634062765418,-1.226531982421875,0.9300003051757812
2014-01-24,-0.021567152098249606,-0.040000000000000036,0.004097023071523926,0.010783407536758027,-3.1678924560546875,4.369998931884769
2014-01-27,-0.004930949623922937,0.029999999999999805,-0.010935375825426051,-8.212318839923763e-05,-0.7147369384765625,-0.7199993133544957
2014-01-28,0.005936447725613571,-0.009999999999999787,-8.269303790822393e-05,-0.0009713591007095224,0.8609161376953125,-1.619999885559082
2014-01-29,-0.00965134405038169,-0.08000000000000007,0.012488900176089597,-0.001434802143902986,-1.397064208984375,1.5500001907348633
2014-01-30,0.010544737996787432,0.03000000000000025,-0.022292903069312663,0.000259510826606219,1.527069091796875,-0.05999946594238281
2014-01-31,-0.005875462563008077,-0.050000000000000266,0.0026682222466366365,-0.007335049649193158,-0.8528594970703125,1.1199989318847656
2014-02-03,-0.02276289063863883,-0.06000000000000005,0.010190249127034517,-0.00521998441625946,-3.25726318359375,3.030000686645508
2014-02-04,0.006980651817928712,0.03000000000000025,-0.0027238004077892192,0.0027282950262569393,0.99102783203125,-2.3299999237060582
2014-02-05,-0.0012552171066344804,0.06000000000000005,0.0024764999719102173,-0.0006760842601348421,-0.1787109375,0.8400001525878942
2014-02-06,0.013100791071614711,0.029999999999999805,-0.00041234529928668945,0.0014202358194438222,1.876312255859375,-2.720001220703125
2014-02-07,0.012319743040006933,-0.020000000000000018,0.007641467858454856,0.004204705929538309,1.787017822265625,-1.9399995803833008
2014-02-10,0.0018347211694411268,-0.009999999999999787,0.006120219937763649,0.0020000328221204703,0.2680206298828125,-0.029999732971191406
2014-02-11,0.010884413609152904,0.04999999999999982,0.011646867732522378,0.0019631073408210953,1.6001739501953125,-0.75
2014-02-12,0.0004949578592217148,0.04999999999999982,0.0005627211416357906,-0.0005184279490141817,0.07318115234375,-0.21000003814697266
2014-02-13,0.005149268411405089,-0.06999999999999984,0.008482745858973437,-0.0035942598370326366,0.76348876953125,-0.15999984741210938
2014-02-14,0.005503324402953,0.020000000000000018,0.01314144676964577,0.0065036045972052875,0.820343017578125,-0.5700006484985334
2014-02-18,0.0011954986284242308,-0.040000000000000036,0.001964251246385302,0.0018757807828106076,0.178802490234375,0.3000001907348615
2014-02-19,-0.006643805877507343,0.020000000000000018,-0.00890931024990728,0.004188629412028152,-0.990966796875,1.630000114440918
2014-02-20,0.00588319012869107,0.029999999999999805,0.01047791408716357,-0.0022956100866481544,0.8771820068359375,-0.7100000381469727
2014-02-21,-0.0011411411576647983,-0.029999999999999805,-0.000156725786373845,-0.0006725703844719994,-0.1705474853515625,-0.10999965667724787
2014-02-24,0.005531209837012643,0.020000000000000018,0.010991291396995246,0.0012219115686215951,0.8284759521484375,-0.45000076293945135
2014-02-25,-0.0003787053048913774,-0.04999999999999982,0.0017041151320099485,-0.00013737209631605645,-0.0568695068359375,-0.5599994659423846
2014-02-26,5.437086080919979e-05,-0.03000000000000025,-0.008549765062402548,0.0007282994530443482,0.0081634521484375,0.6800003051757848
2014-02-27,0.005233890141965669,-0.020000000000000018,0.0007022460492867505,-0.004676494630946948,0.7879180908203125,-0.310000419616701
2014-02-28,0.0025260902868681446,0.010000000000000231,-0.004534400720141258,0.0018624739877314625,0.3817596435546875,-0.039999961853027344
2014-03-03,-0.007056880936082717,-0.06000000000000005,0.02070556372289368,0.0050570921596805795,-1.0640716552734375,2.0
2014-03-04,0.013957561137895843,0.10000000000000009,-0.012434038231916314,-0.002902725952262302,2.11187744140625,-1.8999996185302717
2014-03-05,0.0009059107739936901,0.0,0.0016306772285005259,0.0003022944204060538,0.138092041015625,-0.21000003814697443
2014-03-06,0.002287547570606826,0.040000000000000036,0.009881951730484863,-0.000508330407654611,0.3492584228515625,0.31999969482421875
2014-03-07,0.00042507152076537674,0.05999999999999961,-0.008331467261762834,0.009341556042900706,0.0649871826171875,-0.10000038146972656
2014-03-10,-0.0005310930865695307,-0.009999999999999787,0.00030987952174799755,0.0011236074046602443,-0.0811920166015625,0.09000015258789062
2014-03-11,-0.004954999581487417,-0.020000000000000018,0.0056372651087014634,1.3828816686088018e-05,-0.75543212890625,0.6000003814697266
2014-03-12,0.000266850694908707,-0.040000000000000036,0.01452509239828917,-0.0014978010486166955,0.04058837890625,-0.3299999237060547
2014-03-13,-0.011276597884181904,-0.06999999999999984,0.00340957412514151,0.0033453626005333277,-1.705780029296875,1.7499990463256836
2014-03-14,-0.002811612890480944,-0.010000000000000231,0.006709152953836264,-0.002818620131832985,-0.4223175048828125,1.6000003814697266
2014-03-17,0.009002806027401486,0.050000000000000266,-0.01102985181906253,0.0034306602332643083,1.3564605712890625,-2.179999351501465
2014-03-18,0.00711224739400526,-0.020000000000000018,-0.0077786123459218795,0.0009743256101407129,1.0802764892578125,-1.119999885559082
2014-03-19,-0.0053428478068583245,0.09999999999999964,-0.01955919383977943,0.00030648030633230396,-0.8122406005859375,0.5999994277954102
2014-03-20,0.005822628041890727,0.010000000000000231,-0.0017971931407437896,-0.008047481612097382,0.8853912353515625,-0.5999994277954102
2014-03-21,-0.0038858842266015136,-0.040000000000000036,0.004759503433198317,-0.002691068308819494,-0.591461181640625,0.4799995422363281
2014-03-24,-0.00414419195961988,-0.009999999999999787,-0.017985962184133498,0.00097891349810862,-0.6282501220703125,0.09000015258789062
2014-03-25,0.004734633452274448,0.009999999999999787,0.0018211601163198826,0.00313664278446382,0.7179718017578125,-1.0699996948242188
2014-03-26,-0.00721851741485959,-0.040000000000000036,-0.0079422224405048,-0.001438290216428007,-1.0932769775390625,0.9099998474121076
2014-03-27,-0.002110732034656695,-0.020000000000000018,-0.006560082119566911,-0.0026772660661445744,-0.3181915283203125,-0.31000041961669744
2014-03-28,0.004918128947287658,0.040000000000000036,-0.00024080899198648432,-0.002958725815120559,0.7424468994140625,-0.21000003814697266
2014-03-31,0.008161311264492956,0.0,-0.007656055088048284,0.0007834988526700136,1.2401275634765625,-0.5299997329711914
2014-04-01,0.006608467002197573,0.040000000000000036,-0.0017813868735330133,0.0016653768207834318,1.0116119384765625,-0.7799997329711896
2014-04-02,0.0033415489685143717,0.04999999999999982,0.0075088182006584885,0.0014336317462118945,0.514068603515625,-0.010000228881837714
2014-04-03,-0.0013247699196397927,-0.020000000000000018,-0.003222702832066955,-0.0019293691033437019,-0.204010009765625,0.2799997329711914
2014-04-04,-0.011892698705438036,-0.05999999999999961,0.013227188238038262,-0.0032303382860289142,-1.8193817138671875,0.5900001525878906
2014-04-07,-0.011113055037925168,-0.03000000000000025,-0.0052698622747470985,-0.0014399224816908297,-1.6806640625,1.6099996566772479
2014-04-08,0.004114893186480865,-0.020000000000000018,0.009402401345718429,0.0028408233964540954,0.6201324462890625,-0.6799993515014666
2014-04-09,0.010693464988644466,0.020000000000000018,0.0018224588899723945,0.003648447142524785,1.62353515625,-1.0700006484985334
2014-04-10,-0.021230351624846024,-0.06000000000000005,0.0054474728041238926,0.004465217246398965,-3.2064056396484375,2.0700006484985334
2014-04-11,-0.009049249768149827,-0.020000000000000018,-0.0006300845312461718,0.002260909576430914,-1.3461456298828125,1.140000343322754
2014-04-14,0.007847894763482311,0.020000000000000018,0.007221933997910394,-0.0028980703209830214,1.1667327880859375,-0.9200000762939453
2014-04-15,0.006863440729299179,-0.009999999999999787,-0.018631632703177,-0.002102331890052032,1.0279083251953125,-0.5000009536743164
2014-04-16,0.0104233453895236,0.009999999999999787,0.00039838308299643756,-0.00037304300096163267,1.574615478515625,-1.4299993515014666
2014-04-17,0.00139613625163668,0.08000000000000007,-0.006312705550471783,0.0010917269907322023,0.212158203125,-0.8200006484985334
2014-04-21,0.003480936688614368,0.0,-0.004096572985582287,-0.0008569085396545721,0.5302581787109375,-0.1099996566772461
2014-04-22,0.004534323542231533,0.0,-0.003709375196707251,-0.0014633142640694187,0.6934967041015625,-0.06000041961669922
2014-04-23,-0.002344957405336136,-0.029999999999999805,-0.00016156292345426097,0.0010903923275149465,-0.359039306640625,0.0800008773803711
2014-04-24,0.002025577461652809,0.0,0.006443284399615783,0.0006630679110028417,0.310089111328125,0.04999923706054865
2014-04-25,-0.00823245521767841,-0.020000000000000018,0.0069603285441200615,0.0009263849724542293,-1.256378173828125,0.7400007247924787
2014-04-28,0.0031618985409069037,0.020000000000000018,-0.004394582256213961,0.0006226545920465611,0.4813232421875,-0.09000015258789062
2014-04-29,0.004644491607263025,0.009999999999999787,-0.0001601396915205392,0.0008861423143385382,0.70977783203125,-0.26000022888183594
2014-04-30,0.0029780544334707267,-0.040000000000000036,-0.00513891756378345,-0.0028357831743951265,0.45684814453125,-0.3000001907348633
2014-05-01,0.00010636547734234918,-0.040000000000000036,-0.003386812056897391,0.004014023231827639,0.0163421630859375,-0.15999984741210938
2014-05-02,-0.0014345522993136658,-0.029999999999999805,0.01012621771606769,0.0001247949200802355,-0.2202606201171875,-0.3400001525878906
2014-05-05,0.0019124117918053096,0.029999999999999805,0.00923282321005491,0.0001248652790770361,0.293701171875,0.38000011444091797
2014-05-06,-0.008742038862234599,-0.020000000000000018,-0.0019032349869848157,0.00023585228985511126,-1.3379974365234375,0.5100002288818359
2014-05-07,0.005872247022524213,0.010000000000000231,-0.014471611157944844,0.003934598852896429,0.8974761962890625,-0.4000005722045916
2014-05-08,-0.0010653189040780208,-0.010000000000000231,0.0,-0.0013641967029599535,-0.1632080078125,0.030000686645507812
2014-05-09,0.0014907905806768509,0.010000000000000231,-0.0005638997673953104,-0.004857376994374057,0.2284393310546875,-0.5100002288818359
2014-05-12,0.00968901400365302,0.040000000000000036,0.006745961691050962,-0.006059261029613223,1.493011474609375,-0.6900005340576154
2014-05-13,0.0008954708599393653,-0.050000000000000266,-0.0027250474989194643,-0.00028886809655386523,0.1387176513671875,-0.09999942779541016
2014-05-14,-0.004749193890804861,-0.06999999999999984,0.009664218850403477,-0.0034332899153651244,-0.734283447265625,0.03999996185302557
2014-05-15,-0.008818898305865776,-0.040000000000000036,-0.008300797439581379,0.0007680273626977313,-1.3542938232421875,1.0
2014-05-16,0.0034624072168601555,0.020000000000000018,-0.002166299613193375,-0.00026060771973013144,0.5302886962890625,-0.7300004959106428
2014-05-19,0.0036625421120023136,0.020000000000000018,0.0006423786190590421,-0.0009596808304641249,0.5629425048828125,-0.019999504089357245
2014-05-20,-0.006324959621517164,-0.020000000000000018,0.0008825820644809731,0.0007676792472738191,-0.9708709716796875,0.5399999618530291
2014-05-21,0.008388920141741262,0.020000000000000018,-0.0024088902731866564,-0.0007128751744301726,1.2890167236328125,-1.0500001907348633
2014-05-22,0.0024294150287885448,0.020000000000000018,0.002248445354556146,-0.001629485181911676,0.3753204345703125,0.11999988555908203
2014-05-23,0.004000387523826221,-0.020000000000000018,-0.0012841805482511725,-0.001995525732119659,0.6200103759765625,-0.6700000762939453
2014-05-27,0.006128117602717275,-0.020000000000000018,-0.02159528357280634,-0.0002320812626627088,0.9546051025390625,0.15000057220458984
2014-05-28,-0.0007317994527970108,-0.08000000000000007,-0.005348719092920353,-0.0010506273560637216,-0.1143035888671875,0.17000007629394354
2014-05-29,0.00516029005526655,0.010000000000000231,-0.002147473423706254,-0.003199562287751592,0.80780029296875,-0.11000061035155895
2014-05-30,0.0016102753323259333,0.029999999999999805,-0.004225901225548044,0.0008158566795989035,0.2529296875,-0.17000007629394887
2014-06-02,0.0011407577724671474,0.06000000000000005,-0.006080086737565114,0.0017292688861116966,0.1794281005859375,0.1800003051757848
2014-06-03,-0.0005182679376919464,0.06000000000000005,0.002586503374912596,-0.002137245513965194,-0.08154296875,0.28999996185302557
2014-06-04,0.0020207346272543064,0.009999999999999787,-0.002085332494818545,0.0016195314257280659,0.31817626953125,0.21000003814697443
2014-06-05,0.006500759687903301,-0.020000000000000018,0.007486945414296175,-0.0012387188529966071,1.0279541015625,-0.399999618530277
2014-06-06,0.004771312947611017,0.010000000000000231,-0.00041449870757462217,0.004239865486853921,0.7587432861328125,-0.9500007629394513
2014-06-09,0.001022781908366001,0.020000000000000018,0.0003316000625026315,-0.001392534727759818,0.163116455078125,0.42000007629394354
2014-06-10,0.00010279438659905945,0.020000000000000018,0.006114693163497651,-0.0036903965755663752,0.0164031982421875,-0.1599998474121076
2014-06-11,-0.003482815725932028,0.009999999999999787,0.00016477983735385757,-0.003812256526535743,-0.5548248291015625,0.6100006103515643
2014-06-12,-0.007105242268284282,-0.06999999999999984,0.010079951867740265,-0.00028430884373080244,-1.12591552734375,0.9600000381469709
2014-06-13,0.0030441171208697073,0.020000000000000018,0.0026058621978226784,0.001286800991146501,0.4813995361328125,-0.38000011444091975
2014-06-16,0.0008238649127312545,0.009999999999999787,-0.00440135131883663,-0.001219084304879375,0.1305389404296875,0.4699993133544922
2014-06-17,0.0027754356161756497,0.050000000000000266,-0.0011442534259887985,0.002887733001251535,0.4405517578125,-0.5899991989135724
2014-06-18,0.007313025233610582,-0.050000000000000266,0.003184321078208193,-0.0021565264484265365,1.16668701171875,-1.4500007629394531
2014-06-19,0.0011203417952044884,0.03000000000000025,0.03421674499309133,0.003148100607227282,0.1794891357421875,0.010000228881835938
2014-06-20,0.002028334223043943,-0.010000000000000231,-0.0034722449435064377,0.0015233119144290616,0.325469970703125,0.2300004959106463
2014-06-23,-0.0003065061609310855,0.0,0.0027629658487138523,-0.001346583424928799,-0.049224853515625,0.1299991607665998
2014-06-24,-0.0060419948238733,-0.040000000000000036,0.0010243461627259776,0.0006527037398267139,-0.9672698974609375,1.1500005722045898
2014-06-25,0.004509195302206294,-0.020000000000000018,7.870619989003499e-05,0.0002856703980684675,0.7213287353515625,-0.5399999618530273
2014-06-26,-0.0007159461986653629,-0.040000000000000036,-0.0020494607960695427,0.0017021645773801298,-0.11474609375,0.039999961853027344
2014-06-27,0.0019427159138722576,0.010000000000000231,-0.0005525055816399519,-0.0011714374209973015,0.311553955078125,-0.36999988555908203
2014-06-30,-0.0005112406253369597,-0.010000000000000231,0.010836302664764272,0.0023032375150731353,-0.0820465087890625,0.3099994659423846
2014-07-01,0.006671080642028854,0.050000000000000266,-0.0026589235253347675,0.003594946985580636,1.07391357421875,-0.42000007629394887
2014-07-02,0.0010143887219018501,0.06000000000000005,0.0,-0.0009307023737836352,0.1639251708984375,-0.32999992370605113
2014-07-03,0.0049061279527191125,0.009999999999999787,-0.004237574298798965,-0.002036349698973586,0.7951812744140625,-0.5
2014-07-07,-0.003487540583092824,-0.020000000000000018,-0.0011016368953835223,-0.004740036199687161,-0.5656585693359375,1.010000228881836
2014-07-08,-0.006450484864057968,-0.04999999999999982,0.00039358536836548694,0.0013053373433097946,-1.041046142578125,0.6499996185302717
2014-07-09,0.004473889132672719,-0.010000000000000231,0.006041340057119357,0.000803098373753132,0.7213287353515625,-0.32999992370605646
2014-07-10,-0.003964761402354273,-0.020000000000000018,0.005460634339476959,0.0018945763704627317,-0.639404296875,0.940000534057619
2014-07-11,0.0013742698454135235,-0.020000000000000018,0.001865424919652749,-0.0027792467623429483,0.221343994140625,-0.5100002288818342
2014-07-14,0.0050227356826383785,0.020000000000000018,-0.024048290991992773,-9.533641933780852e-05,0.8115692138671875,-0.26000022888183594
2014-07-15,-0.00187423576393858,0.010000000000000231,-0.0095105807084893,0.001320493936916862,-0.303314208984375,0.14000034332275213
2014-07-16,0.0036948500475426096,-0.010000000000000231,0.003527077335086919,-0.0036575867273885487,0.5984954833984375,-0.9600000381469727
2014-07-17,-0.011431296167985532,-0.07999999999999963,0.01682174981323043,-0.003103087294461216,-1.844512939453125,3.5399999618530273
2014-07-18,0.010167429206208542,0.029999999999999805,-0.00758236875559345,-0.0008250272105525464,1.6395416259765625,-2.479999542236328
2014-07-21,-0.0018733802464323873,-0.009999999999999787,0.0016635571611118736,0.0009873963019309177,-0.3033447265625,0.75
2014-07-22,0.00434852511338587,-0.010000000000000231,-0.00476039051876284,-0.0003788728560365084,0.7050018310546875,-0.5700006484985352
2014-07-23,0.0022176535741762803,0.0,-0.0009547670752031266,-0.004373228328383199,0.3607177734375,-0.7199993133544922
2014-07-24,5.050595205281638e-05,0.040000000000000036,-0.01016134091187034,-0.00037704752232523123,0.0082244873046875,0.31999969482421875
2014-07-25,-0.004692937441687273,-0.040000000000000036,0.01151369915042729,0.0001346698260477592,-0.7624359130859375,0.8499994277954102
2014-07-28,0.000404632277942257,0.020000000000000018,-0.0016708368622555144,-0.0026624936656148607,0.0655975341796875,-0.12999916076660156
2014-07-29,-0.004306490424588051,-0.029999999999999805,-0.0030305859758103,0.00075240104793088,-0.6967926025390625,0.7199993133544922
2014-07-30,0.00015214873257796612,0.09999999999999964,-0.002959607959589689,-0.002080933172027975,0.024566650390625,0.05000019073486506
2014-07-31,-0.019945759862346025,0.010000000000000231,-0.011602760367427242,-0.0011258718991288403,-3.188873291015625,3.6200008392333967
2014-08-01,-0.003060424805013253,-0.06000000000000005,0.007991307629640355,-0.0004553690365800581,-0.4836883544921875,0.07999992370605469
2014-08-04,0.007194990963662944,-0.010000000000000231,-0.0031404736308630744,0.0029097730598057867,1.139495849609375,-1.9100008010864258
2014-08-05,-0.009743713705772677,-0.019999999999999574,-0.0009682492234864183,-0.000510116001848461,-1.5411834716796875,1.7500009536743164
2014-08-06,0.0003126829804874466,0.0,0.014426758317503117,-0.003711024465589124,0.049224853515625,-0.5
2014-08-07,-0.005429407287106562,-0.06000000000000005,0.004050052304525599,0.000789342755893455,-0.8525543212890625,0.28999900817871094
2014-08-08,0.011502544726579847,0.009999999999999787,7.926565064659302e-05,-0.0018452091330461266,1.8116912841796875,-0.8899993896484375
2014-08-11,0.0028934281932188545,0.0,-0.001824338047458477,0.0035059792325814122,0.459014892578125,-1.5400009155273438
2014-08-12,-0.0013938254319769974,0.020000000000000018,0.00023813280255596478,-0.001513628101006805,-0.221282958984375,-0.09999942779541016
2014-08-13,0.006746124923859267,-0.029999999999999805,0.001665404158214096,-0.0014044318999147539,1.073883056640625,-1.2300004959106463
2014-08-14,0.004710795949326363,-0.03000000000000025,0.0008712575320018362,0.0001336833121030521,0.7541961669921875,-0.4799995422363281
2014-08-15,-0.00020454663204364388,-0.06000000000000005,-0.006592773381983102,-0.00029405551867663066,-0.0328216552734375,0.7299995422363281
2014-08-18,0.008344464011053246,0.050000000000000266,-0.004152731310402707,0.0019798380651353236,1.34442138671875,-0.8299999237060511
2014-08-19,0.005205342758926597,0.009999999999999787,-0.002243221418003945,-0.0021936779491223105,0.8443603515625,-0.10999965667724787
2014-08-20,0.002667781635419445,0.03000000000000025,-0.0036962603887065737,-0.002935034580590213,0.4344482421875,-0.43000030517578125
2014-08-21,0.002911602726684899,-0.020000000000000018,-0.010845949910482119,-0.004625331915573926,0.4754791259765625,-0.01999950408935547
2014-08-22,-0.0015547713504956394,-0.010000000000000231,0.0025196517444803458,0.0014198311120055315,-0.2540740966796875,-0.28999996185302734
2014-08-25,0.005057605468591771,-0.009999999999999787,-0.003659619235666915,-0.0060899581848375345,0.82794189453125,0.22999954223632812
2014-08-26,0.0006488497041087764,0.0,0.0049575510486128994,-0.0007388106821834473,0.1065216064453125,-0.06999969482421875
2014-08-27,-0.00039952115612102145,-0.020000000000000018,-0.00024323006176227963,-0.0014233214340228079,-0.0655975341796875,0.14999961853027344
2014-08-28,-0.0005493117098933635,-0.03000000000000025,0.005498965061752994,0.001568470294556384,-0.09014892578125,0.2700004577636719
2014-08-29,0.0028440802273215237,0.010000000000000231,-0.0011296651673684001,-0.0004484387901749892,0.46728515625,0.039999961853027344
2014-09-02,-0.0004983181402423021,0.06999999999999984,-0.01800381866494826,-0.004026505417741269,-0.08197021484375,0.15999984741210938
2014-09-03,-0.0005484183502966431,-0.009999999999999787,0.004101728422874365,0.0,-0.0901641845703125,0.1099996566772461
2014-09-04,-0.0014477130213616243,0.040000000000000036,-0.005500142384415236,0.0014455908556928003,-0.2377777099609375,0.2800006866455078
2014-09-05,0.004485427678395719,0.009999999999999787,0.004763039303479569,-0.01673199803401888,0.737823486328125,-0.5500001907348633
2014-09-08,-0.002588767033475439,0.020000000000000018,-0.010956031965065697,0.0015919977790942528,-0.426239013671875,0.5699996948242188
2014-09-09,-0.006351588325532064,0.020000000000000018,0.0011589354452107377,-0.004819958652208914,-1.0411224365234375,0.8400001525878906
2014-09-10,0.003755730036726991,0.040000000000000036,-0.005059527219948347,0.003939584429881677,0.6148223876953125,-0.619999885559082
2014-09-11,0.001148795539268265,0.0,-0.006590779328069375,-0.0019265061825449316,0.1885223388671875,-0.07999992370605469
2014-09-12,-0.0058585422980974074,0.08000000000000007,-0.009165537985610298,0.0005038592020833038,-0.9591522216796875,0.5100002288818359
2014-09-15,-0.0007532237137285004,-0.020000000000000018,0.002193926623932413,0.0028212894807351867,-0.1229095458984375,0.8099994659423828
2014-09-16,0.007509891614803131,0.0,0.001600223025853226,-0.0015668506609400033,1.2295989990234375,-1.390000343322754
2014-09-17,0.001345909584113305,0.020000000000000018,-0.010915206737386957,0.0014892149301410894,0.221343994140625,-0.07999992370605646
2014-09-18,0.005315978476994067,0.009999999999999787,0.0020397581785849142,-0.008452434002087304,0.877166748046875,-0.6199998855590803
2014-09-19,-0.0009014830975298684,-0.040000000000000036,-0.005875628567548555,0.005437460413246785,-0.149078369140625,0.07999992370605469
2014-09-22,-0.007752994752655501,-0.020000000000000018,-0.0020517906581858703,-0.006105440917241192,-1.276580810546875,1.5799999237060547
2014-09-23,-0.005740806542450629,-0.029999999999999805,0.006397974562940498,0.000783657828951279,-0.93890380859375,1.2400007247924787
2014-09-24,0.007797643301359107,0.029999999999999805,-0.004687802480188249,0.00019273489671494176,1.276611328125,-1.6599998474121076
2014-09-25,-0.01626737579570157,-0.04999999999999982,0.002900499681904508,-0.005920938697456,-2.6520233154296875,2.369999885559082
2014-09-26,0.007914075506927418,0.020000000000000018,-0.0028151166840318367,-0.0016470264398722578,1.284820556640625,-0.7899999618530256
2014-09-29,-0.0018205646884648244,-0.040000000000000036,-0.0002563012510608187,-0.006599094216688757,-0.2964630126953125,1.1299991607665998
2014-09-30,-0.002636029575229322,0.020000000000000018,-0.007031410399421769,0.0013950373588495434,-0.4282989501953125,0.3299999237060547
2014-10-01,-0.013644433150380251,-0.10000000000000009,0.004807267982801864,-0.004937186992221701,-2.198974609375,0.39999961853027344
2014-10-02,0.00015413388393233286,0.020000000000000018,-0.00025693786276921897,-0.00032827661446683257,0.0246734619140625,-0.5499992370605469
2014-10-03,0.010949408371529539,0.010000000000000231,-0.01841415564252709,0.003667696755596474,1.7625274658203125,-1.609999656677246
2014-10-06,-0.001171022840187919,-0.020000000000000018,0.012313702004798997,-0.012465922856609534,-0.189422607421875,0.9099998474121094
2014-10-07,-0.015556943845307866,-0.07000000000000028,0.002840071033501484,0.010529220519758681,-2.4955291748046875,1.7400007247924805
2014-10-08,0.01733830925873017,-0.009999999999999787,0.009494153355036908,0.0017339317370273523,2.7837677001953125,-2.090001106262207
2014-10-09,-0.02003250816959959,-0.010000000000000231,0.0014461162700842916,0.005908154794018427,-3.2120208740234375,3.6500005722045934
2014-10-10,-0.011480146982146876,-0.029999999999999805,-0.00042514180520484993,-0.00424721203399634,-1.8119354248046875,2.4799995422363246
2014-10-13,-0.016563101209987077,0.0,0.007877727689301057,-0.0038879125951957355,-2.5778045654296875,3.399999618530277
2014-10-14,0.0015459375108334132,-0.10000000000000009,0.0005904407146892826,0.006632452542418983,0.238800048828125,-1.8499984741210973
2014-10-15,-0.006789166799933753,-0.06000000000000005,0.0033673029177564103,-0.006695738180943411,-1.0459747314453125,2.479999542236328
2014-10-16,-0.0008581994108323931,0.020000000000000018,0.001931098016823982,0.014346642267713119,-0.1317138671875,-0.06999969482421875
2014-10-17,0.011741377838273795,0.050000000000000266,-0.001931098016823874,-0.0013454146966292945,1.8118743896484375,-3.210000991821289
2014-10-20,0.009662978058876429,-0.020000000000000018,0.006784273141083318,-0.00429301553282247,1.5071868896484375,-3.4200000762939453
2014-10-21,0.019617114387551524,0.029999999999999805,0.0018346564364615716,0.003576260554283605,3.104949951171875,-2.489999771118164
2014-10-22,-0.007135978756035193,0.020000000000000018,-0.0056818361839991085,-0.006313681308307219,-1.1365203857421875,1.7900009155273438
2014-10-23,0.011557710248066469,0.040000000000000036,-0.006894837025991361,-0.005781229284117251,1.8448333740234375,-1.3400001525878906
2014-10-24,0.007665639192391329,0.0,-0.0014353713145334821,0.0009991804084093232,1.2353973388671875,-0.4200000762939453
2014-10-27,-0.0013757367400311254,-0.020000000000000018,-0.0024533739338827992,0.0017858754404349979,-0.222412109375,-0.06999969482421875
2014-10-28,0.011405217545907589,0.029999999999999805,0.000338761149914085,0.0019540850857833057,1.8531341552734375,-1.6500005722045898
2014-10-29,-0.0015134877177362465,0.040000000000000036,-0.01441323656422149,0.0029001232904505023,-0.24713134765625,0.7599992752075178
2014-10-30,0.0063903586169123915,-0.020000000000000018,-0.010535513585850132,-0.008321572566705956,1.0460052490234375,-0.6299991607665998
2014-10-31,0.011370435454366752,0.03000000000000025,-0.022208494160596958,-0.0015400877667940134,1.877777099609375,-0.49000072479248047
2014-11-03,0.0005452076057047428,0.009999999999999787,-0.004537191400506066,-0.008778067643115726,0.090576171875,0.6999998092651367
2014-11-04,-0.003474905018223454,-0.009999999999999787,0.0006239666286797927,-0.0005749917841320126,-0.576446533203125,0.16000080108642578
2014-11-05,0.0062958449890509124,0.009999999999999787,-0.021891782615057327,0.004521284310398339,1.0458831787109375,-0.7200002670288104
2014-11-06,0.003995184415899711,0.03000000000000025,0.0008193776453400158,-0.0057950918847522225,0.6671142578125,-0.5
2014-11-07,0.0009353539518747407,-0.07000000000000028,0.027733471313511962,-0.00804208271928087,0.1565704345703125,-0.5500001907348615
2014-11-10,0.003142122087588467,0.06000000000000005,-0.022468851359662735,0.006545693217500635,0.52703857421875,-0.4499998092651385
2014-11-11,0.0009801867714967659,0.0,0.014202502378614763,-0.0025264936177730552,0.1647491455078125,0.25
2014-11-12,-0.0010780130525370336,-0.009999999999999787,-0.004831367663167211,0.003686118333005689,-0.181182861328125,0.10000038146972834
2014-11-13,0.0011269200558800183,-0.020000000000000018,0.0015234861605121853,-0.0036861183330056473,0.1894073486328125,0.7699995040893555
2014-11-14,0.0002449527053936993,-0.03000000000000025,0.024764713533656058,0.0036984444905884704,0.04119873046875,-0.4799995422363281
2014-11-17,0.0006359617866477202,0.020000000000000018,-0.003675815105875707,0.0033992720813102516,0.1070098876953125,0.6799993515014648
2014-11-18,0.0057573573226170904,-0.020000000000000018,0.008729867518400021,-0.005567667430865188,0.97186279296875,-0.13000011444091797
2014-11-19,-0.0016066668887016915,0.040000000000000036,-0.011979356533504825,0.0067576745958032635,-0.2717742919921875,0.10000038146972656
2014-11-20,0.0017530338122735557,-0.020000000000000018,0.010326514276663132,0.00058924481146331,0.2965545654296875,-0.3800001144409162
2014-11-21,0.005335851618652375,-0.029999999999999805,0.004603689167085155,0.0003386324802194491,0.905853271484375,-0.6800003051757848
2014-11-24,0.0028024673987435615,-0.010000000000000231,-0.0024294916878058385,-0.013643255446288693,0.4777069091796875,-0.27999973297118963
2014-11-25,-0.0007240558494774796,-0.029999999999999805,0.0023428067947760148,0.004688673935398437,-0.1235504150390625,-0.36999988555908203
2014-11-26,0.0025560412933638725,-0.029999999999999805,-0.001908507479919573,0.003811819327120834,0.436553955078125,-0.18000030517577947
2014-11-28,-0.002121294510415181,-0.06000000000000005,-0.026841959934437463,-0.001496506011051342,-0.3623809814453125,1.260000228881836
2014-12-01,-0.006974319437332962,0.040000000000000036,0.03909721071410293,-0.001904839262628329,-1.1860198974609375,0.8299999237060529
2014-12-02,0.006443224857549692,0.05999999999999961,-0.012428974377113596,0.002553001113484618,1.0954132080078125,-1.309999465942381
2014-12-03,0.0038559579947583236,0.010000000000000231,0.010282221622138828,-0.006562569049886793,0.658935546875,-0.35000038146972834
2014-12-04,-0.00110729787235458,-0.040000000000000036,-0.0038758463696522295,-0.005817956368221108,-0.189483642578125,-0.11999988555908203
2014-12-05,0.0016358146236340344,0.06000000000000005,-0.012591864202654249,0.005669276550895679,0.279998779296875,-0.48999977111816406
2014-12-08,-0.00670526042445792,-0.050000000000000266,0.011728543111015293,-0.007502847978101538,-1.1448211669921875,2.3199996948242188
2014-12-09,-0.000677519046884382,-0.03999999999999959,0.020601691573211994,0.0017103537220306037,-0.1152496337890625,1.1400003433227557
2014-12-10,-0.016161573024981436,-0.040000000000000036,-0.0019479434950335464,0.006461619859937172,-2.7261505126953125,3.1800003051757795
2014-12-11,0.00505732364097136,0.009999999999999787,-0.0022915065517862218,0.0063539098402195645,0.8483428955078125,1.5499992370605433
2014-12-12,-0.016293161966492498,-0.08999999999999986,-0.0023819558010529113,-0.0063539098402196174,-2.7178192138671875,1.0
2014-12-15,-0.006893809446993695,0.020000000000000018,-0.026058456631024355,0.005518596409306962,-1.1366729736328125,-0.6599998474121058
2014-12-16,-0.008051397471386784,-0.050000000000000266,0.004883567458748403,-0.0016065229248346349,-1.317657470703125,3.1499996185302734
2014-12-17,0.019414929998203993,0.07000000000000028,-0.005933184879209442,0.005490248721144899,3.1955108642578125,-4.129999160766602
2014-12-18,0.02442787476395864,0.08000000000000007,0.007671599736508545,-0.013928575040830707,4.1097412109375,-2.6300010681152344
2014-12-19,0.004246153827089827,-0.050000000000000266,-0.0033055430745708814,-0.003940731288586554,0.72467041015625,-0.31999969482421875
2014-12-22,0.004589188053883379,0.0,-0.019532501975925286,-0.005258723454903546,0.78668212890625,-1.239999771118164
2014-12-23,0.001348642647050065,0.08999999999999986,0.0016866692377105724,-0.00018342344553128737,0.23187255859375,-0.4499998092651367
2014-12-24,9.64900931231016e-05,0.010000000000000231,0.00026605277109295546,-0.0040013557994161555,0.0166015625,-0.43000030517578125
2014-12-26,0.003219535979213891,-0.020000000000000018,0.018102473257655193,0.002877457575482564,0.5548553466796875,0.13000011444091797
2014-12-29,0.0013420174250300353,-0.029999999999999805,-0.010153292143778454,-0.0033278642933047666,0.2318115234375,0.5600004196166992
2014-12-30,-0.005380063523843251,-0.020000000000000018,0.013370224180731385,-0.001313399404478628,-0.9274444580078125,0.8599996566772443
2014-12-31,-0.009972623465236133,-0.03000000000000025,-0.014162271200273793,0.0007051900888287724,-1.70599365234375,3.2800006866455096
2015-01-02,-0.0005352260022893811,-0.04999999999999982,0.0043925221460414865,-0.005990108160569244,-0.0910797119140625,-1.4099998474121094
2015-01-05,-0.018224833813339985,-0.08000000000000007,0.014964618775983719,-0.011897438565102713,-3.072418212890625,2.1299991607666016
2015-01-06,-0.009463654499191865,-0.07000000000000006,0.011334482171420189,-0.0006210645277236351,-1.5734710693359375,1.2000007629394531
2015-01-07,0.012384131548901924,-0.010000000000000009,-0.005908836993974954,-0.00534627617400705,2.0620574951171875,-1.8100013732910156
2015-01-08,0.017589418401256007,0.06999999999999984,-0.0042173997009502945,-0.0033195730466938967,2.9730224609375,-2.299999237060547
2015-01-09,-0.008045742766405184,-0.04999999999999982,0.011320872784881022,-0.0033794393820058676,-1.3664093017578125,0.5399990081787109
2015-01-12,-0.007864573037695607,-0.06000000000000005,0.011025431201653892,0.006307137852062381,-1.3250579833984375,2.0500011444091797
2015-01-13,-0.0028165454820046143,-0.010000000000000009,-0.0033794717396937453,-0.003306367396404937,-0.472015380859375,0.9599990844726562
2015-01-14,-0.006055407774065048,-0.04999999999999982,-0.0016093040146014643,-0.004509498516605509,-1.01031494140625,0.9200000762939453
2015-01-15,-0.009202786636852074,-0.09000000000000008,0.02486420983066415,0.0006480468848152523,-1.523773193359375,0.9099998474121129
2015-01-16,0.013028858818912095,0.06000000000000005,0.01297967953352017,-0.012683432307938607,2.1614227294921875,-1.439998626708988
2015-01-20,0.0021304020273632132,-0.010000000000000009,0.013618890362551296,-0.003392299539115276,0.356109619140625,-1.060001373291012
2015-01-21,0.005035441939060703,0.050000000000000044,0.00024156831944978564,-0.004409093556812075,0.8447265625,-1.0399990081787145
2015-01-22,0.01476135112683839,0.029999999999999805,0.008017360134577187,0.005906263803163429,2.5009613037109375,-2.450000762939453
2015-01-23,-0.005497811609219924,-0.08999999999999986,-0.008017360134577146,-0.023396147978203153,-0.935791015625,0.26000022888183594
2015-01-26,0.002338793377238904,0.020000000000000018,-0.010031679362329654,-0.019695673188945495,0.3974609375,-1.1399993896484375
2015-01-27,-0.013277876646626805,0.0,0.011399158685807192,0.01092915671812222,-2.2441864013671875,1.6999988555908203
2015-01-28,-0.01290743550435174,-0.10000000000000009,-0.00790903451402992,0.01058356411852316,-2.1531982421875,3.220001220703125
2015-01-29,0.009200873474225076,0.040000000000000036,-0.02178803552843412,-0.007587187178921266,1.5320281982421875,-1.6800003051757777
2015-01-30,-0.012654286790106687,-0.09000000000000008,0.022031068542067805,0.004783451539234167,-2.103424072265625,2.209999084472649
2015-02-02,0.012307776482063522,0.0,-0.008378450604819716,-0.002343696043751205,2.04547119140625,-1.5399990081787074
2015-02-03,0.014357490099835949,0.1100000000000001,-0.011254031870982307,0.002887982175268975,2.41815185546875,-2.1000003814697266
2015-02-04,-0.0038148498990391694,0.020000000000000018,0.004368788786280421,0.010145404662095805,-0.645904541015625,0.9999999999999964
2015-02-05,0.01004405319256415,0.020000000000000018,0.0017257602352123193,-0.012173604340968083,1.705902099609375,-1.4799995422363246
2015-02-06,-0.002769243280760523,0.11999999999999988,-0.026204564931172653,0.013446211575507286,-0.4720458984375,0.4400005340576172
2015-02-09,-0.004485645757166239,0.010000000000000009,0.004457337052542182,-0.013830915005197415,-0.7618560791015625,1.2599983215332031
2015-02-10,0.010597095098173887,0.04999999999999982,-0.0058912554670822355,0.001109465116006892,1.80535888671875,-1.3199996948242188
2015-02-11,0.0005800953191654004,-0.009999999999999787,-0.01188773038576783,-0.00044170100234545756,0.0993804931640625,-0.2700004577636719
2015-02-12,0.009570799357507013,-0.010000000000000009,0.0023036284035265445,-0.000882723133711319,1.6479949951171875,-1.6199989318847656
2015-02-13,0.004107799067101575,0.030000000000000027,0.005439474740014081,0.008098083044709882,0.7121734619140625,-0.6500005722045898
2015-02-17,0.0015722700323454405,0.1200000000000001,-0.016838734326833322,-0.006150598587159688,0.2733612060546875,1.1100006103515625
2015-02-18,9.496789009486942e-05,-0.07000000000000028,0.0028404943034607286,0.006219065644784293,0.0165252685546875,-0.35000038146972656
2015-02-19,-0.0007141024478602467,0.040000000000000036,-0.0034440700358847392,-0.00041045440261669463,-0.1242218017578125,-0.15999984741210938
2015-02-20,0.005982461572218388,0.020000000000000018,-0.005708895866845093,-0.002925625006888478,1.043426513671875,-0.9899997711181641
2015-02-23,-0.00014183748832200443,-0.06999999999999984,0.0013003471683988895,0.0012966795108523125,-0.024810791015625,0.26000022888183594
2015-02-24,0.0028364140110592787,-0.07000000000000006,-0.0014738237281033374,-0.0042703336043747155,0.496826171875,-0.8700008392333984
2015-02-25,-0.0008498185802951595,-0.030000000000000027,0.003810143280624359,0.0005328450956550956,-0.1490020751953125,0.15000057220458984
2015-02-26,-0.0011821566996291584,0.06999999999999984,0.003192846928133444,0.0021680953305266886,-0.207061767578125,0.06999969482421875
2015-02-27,-0.0034119504337135707,-0.029999999999999805,0.000775127851616969,-0.014026140340517966,-0.59625244140625,-0.5699996948242188
2015-03-02,0.0062937180447800375,0.08000000000000007,-0.004140821554351363,-0.0038807132980833957,1.1014404296875,-0.3000001907348633
2015-03-03,-0.004112363200025696,0.040000000000000036,-0.0018169945131893267,0.0015303346959355403,-0.7204742431640625,0.8199996948242188
2015-03-04,-0.004224784125827722,0.0,-0.0031225683060647487,0.0002794546526248074,-0.737091064453125,0.36999988555908203
2015-03-05,0.001093634530359455,-0.010000000000000231,-0.0009560698660537595,-0.008994636203198564,0.1905059814453125,-0.18999958038330078
2015-03-06,-0.01416434032173617,0.13000000000000034,-0.027684033513420175,-0.004522220970351142,-2.4513092041015625,1.1599998474121094
2015-03-09,0.004136029179106916,-0.040000000000000036,0.0009828943243309087,-0.017009420131539596,0.7122039794921875,-0.1399993896484375
2015-03-10,-0.016355038559771305,-0.06000000000000005,-0.004924161015297537,-0.001159793377558223,-2.79913330078125,1.630000114440918
2015-03-11,-0.002344342432117106,-0.03000000000000025,-0.006031419233618187,-0.011578674390493175,-0.397491455078125,0.18000030517578125
2015-03-12,0.012633799966544196,-0.009999999999999787,-0.0002709060307489861,-0.015049712776884282,2.153167724609375,-1.450000762939455
2015-03-13,-0.006151024631216673,0.029999999999999805,0.0014440077763351806,0.007326527593731081,-1.0517120361328125,0.5799999237060565
2015-03-16,0.013271907265806768,-0.029999999999999805,-0.0006315097549611378,-0.013709205487791597,2.2773590087890625,-0.3900003433227539
2015-03-17,-0.0029765271955626694,-0.040000000000000036,-0.005429372519536307,0.008674338979073777,-0.5133819580078125,0.05000019073486328
2015-03-18,0.011949536728946194,-0.13000000000000012,0.019409393965783985,0.0023712366367233243,2.0702972412109375,-1.6899995803833008
2015-03-19,-0.004572036632655583,0.050000000000000044,-0.000712203624430316,0.0234941858924157,-0.7950439453125,0.09999942779541193
2015-03-20,0.008788289568124169,-0.050000000000000044,0.011334565478751316,-0.016827025546640437,1.5314483642578125,-1.0499992370605487
2015-03-23,-0.001950540572942884,-0.010000000000000009,0.006319701703631724,0.014670142016394026,-0.341064453125,0.3899993896484375
2015-03-24,-0.005634975968226431,-0.040000000000000036,0.002446901321801825,0.010874785980817097,-0.9815826416015625,0.21000003814697266
2015-03-25,-0.014762032361375344,0.050000000000000044,0.001395583828601838,-0.0039325375004806,-2.5453948974609375,1.8199996948242188
2015-03-26,-0.0023844783836958106,0.07999999999999985,0.006515812793653495,0.005345387331017505,-0.4076385498046875,0.3600006103515625
2015-03-27,0.0022870328691903933,-0.05999999999999983,-0.003643673647529427,-0.006783444864340464,0.390960693359375,-0.7300004959106428
2015-03-30,0.012126097738879214,0.010000000000000009,-0.011450652385538468,-0.00013053642274932147,2.087921142578125,-0.5599994659423846
2015-03-31,-0.008778011107613908,-0.020000000000000018,-0.000791489742224147,-0.00503799259971149,-1.5139617919921875,0.7799997329711914
2015-04-01,-0.0035425602723850045,-0.06999999999999984,0.016924374949796855,-0.008540873017487993,-0.60723876953125,-0.18000030517578125
2015-04-02,0.0035909880770452606,0.04999999999999982,-0.002772001936393702,0.002957276753665615,0.6155548095703125,-0.43999958038330256
2015-04-06,0.00671113087208063,0.0,0.012156925637931672,0.02125811541736786,1.156341552734375,0.06999969482422053
2015-04-07,-0.0026502176175446064,-0.030000000000000027,-0.004982843844589032,-0.0060653229178221696,-0.4575653076171875,0.039999961853027344
2015-04-08,0.0033715864708705485,0.030000000000000027,-0.005527256360212914,-0.010172146205242448,0.5823211669921875,-0.8000001907348633
2015-04-09,0.004413475710246482,0.050000000000000044,-0.006952344453191511,-0.0035980022818393863,0.7652435302734375,-0.8899993896484375
2015-04-10,0.0054425432099604616,-0.010000000000000009,0.011273125412459931,-0.010834236933770044,0.948333740234375,-0.5100002288818342
2015-04-13,-0.004533159206417429,-0.020000000000000018,-0.007182773547924921,-0.005564370388899263,-0.7902374267578125,1.3599996566772443
2015-04-14,0.0019111255155702664,-0.040000000000000036,-0.006098084431298335,-0.0034846413494173992,0.3327178955078125,-0.26999950408935725
2015-04-15,0.0044771034999978535,0.010000000000000009,0.008613598755224123,0.006992003460704671,0.7819366455078125,-0.8299999237060529
2015-04-16,-0.00028552695457249996,-0.010000000000000009,-0.0034713349747602833,0.002782790278670431,-0.0499725341796875,-0.2399997711181623
2015-04-17,-0.011569688068477508,-0.029999999999999805,0.004942989742755055,0.007351252890400624,-2.0129547119140625,1.2899999618530256
2015-04-20,0.009095313186958262,0.029999999999999805,-0.007641555546604684,0.0050679161456982395,1.5804901123046875,-0.5900001525878906
2015-04-21,-0.0011924021622517283,0.020000000000000018,0.005736617532052148,-0.005820546172887794,-0.2080230712890625,-0.05000019073486328
2015-04-22,0.004902369025182568,0.07000000000000006,-0.013524881601083907,-0.0005372106117897189,0.856842041015625,-0.5399999618530273
2015-04-23,0.002513176706046866,-0.030000000000000027,0.007265135996097461,-0.0014813196868964213,0.440887451171875,-0.23000049591064453
2015-04-24,0.0023174362052793343,-0.030000000000000027,-0.014141033700353366,0.008282392182623116,0.40753173828125,-0.18999958038330078
2015-04-27,-0.004166347731752171,0.010000000000000009,0.01996737439576267,0.004976411397304959,-0.73199462890625,0.8299999237060547
2015-04-28,0.003173929869555162,0.06000000000000005,0.008633395454348151,0.0008264150689747922,0.5573577880859375,-0.7100000381469727
2015-04-29,-0.004123276597839457,0.06000000000000005,-0.007073870774361329,0.008345486175602922,-0.723724365234375,0.9800004959106445
2015-04-30,-0.010070848191978014,-0.010000000000000231,-0.017818629233654435,0.013150357104829433,-1.755157470703125,1.1599998474121094
2015-05-01,0.010782746852207101,0.07000000000000028,-0.0034429465428856974,0.008987238741826697,1.8798980712890625,-1.8500003814697266
2015-05-04,0.0028435790930556736,0.040000000000000036,0.00897969447690872,-0.0025648492814611475,0.4991455078125,0.15000057220459162
2015-05-05,-0.011518074250524635,0.029999999999999805,0.0028006293425995657,-0.0032944063047326937,-2.0130767822265625,1.4600000381469709
2015-05-06,-0.004125109079445343,0.06000000000000005,-0.0005245000462394876,0.003327975519527869,-0.7153472900390625,0.8399991989135724
2015-05-07,0.003981617527549576,-0.06999999999999984,-0.008253646349355593,0.013775355917792378,0.6904144287109375,-0.019999504089353692
2015-05-08,0.013080328857715796,-0.020000000000000018,0.0048375401365222245,-0.008368926256090859,2.2875823974609375,-2.270000457763672
2015-05-11,-0.0047844387034892116,0.11999999999999966,-0.003868158154194018,-0.004712598588704311,-0.8402099609375,0.9900007247924822
2015-05-12,-0.002995563154057054,0.0,0.008507714570103646,-0.00444541589227636,-0.524017333984375,0.009999275207517755
2015-05-13,0.00019068470760747077,-0.009999999999999787,0.017745568671579635,0.00688868473858588,0.0333099365234375,-0.09999942779541016
2015-05-14,0.010373104986714567,-0.040000000000000036,0.005390825055101934,0.011432461064799965,1.8216400146484375,-1.0200004577636719
2015-05-15,0.0010833729930615201,-0.08999999999999986,0.0029823930374759115,0.0047899727089588595,0.19134521484375,-0.3599996566772461
2015-05-18,0.003101934668545377,0.08999999999999986,-8.510645761585739e-05,0.0035075168488019185,0.54901123046875,0.34999942779541016
2015-05-19,-0.0003284459769690719,0.040000000000000036,-0.013967043221181913,-0.010440419164911752,-0.0582122802734375,0.12000083923340021
2015-05-20,-0.0007042624447270106,-0.010000000000000231,0.0016381642703537944,-0.01597756493461942,-0.124755859375,0.02999973297118963
2015-05-21,0.002908077340355571,-0.06999999999999984,-0.0033654032062089196,-0.004126789020246941,0.515716552734375,-0.7700004577636719
2015-05-22,-0.00239189125139417,0.020000000000000018,-0.000778278105166292,0.0009995019423018967,-0.424285888671875,0.020000457763671875
2015-05-26,-0.01080945762005386,-0.06999999999999984,-0.014727247977664972,-0.012741622536189016,-1.9048309326171875,1.9300003051757812
2015-05-27,0.009447173657484808,0.0,-0.00017563013383993815,-0.007530607610023686,1.66363525390625,-0.7899999618530273
2015-05-28,-0.001129101347180372,-0.010000000000000231,0.0011407772346871212,0.0010240822139052667,-0.1996612548828125,0.039999961853027344
2015-05-29,-0.006232036932074809,-0.009999999999999787,0.0007014013330434771,0.005519651348569679,-1.0979766845703125,0.5299997329711914
2015-06-01,0.002034528306824081,0.06999999999999984,-0.0008767951003625541,-0.00021918382883109443,0.357696533203125,0.13000011444091797
2015-06-02,-0.0009933137560525882,0.08000000000000007,0.0040269605877943865,-0.003194544167416284,-0.1747283935546875,0.26999950408935547
2015-06-03,0.0026462144266215554,0.10999999999999988,-0.0071898573672245485,0.02057051999535396,0.4658660888671875,-0.5799999237060547
2015-06-04,-0.008482683590049283,-0.06999999999999984,-0.0070646979352704175,0.00962402252899655,-1.4890289306640625,1.0500001907348633
2015-06-05,-0.0017145623753977313,0.10000000000000009,-0.005331436918291616,-0.004448153437737399,-0.2994384765625,-0.5
2015-06-08,-0.006168600811682689,-0.020000000000000018,0.0029358308942225293,-0.008937435466511242,-1.0730743408203125,1.0799999237060547
2015-06-09,-0.00014386862944715573,0.029999999999999805,0.002218377951124773,0.015436691791917836,-0.0249481201171875,-0.8199996948242188
2015-06-10,0.01192147489045029,0.08000000000000007,0.008473122987024092,0.001603148481557447,2.0795135498046875,-1.25
2015-06-11,0.003218727378255715,-0.10999999999999988,-0.004580669046919169,0.0011418484431849935,0.5657196044921875,-0.36999988555908025
2015-06-12,-0.007684248209280159,0.0,-0.0002649015739744977,-0.006326003998797131,-1.347564697265625,0.9299993515014631
2015-06-15,-0.004294738438324966,-0.03000000000000025,0.004406069740065375,-0.0018416999282599,-0.7486572265625,1.6100006103515625
2015-06-16,0.005437004238855202,-0.040000000000000036,-0.0036115754437751487,0.005072973666452048,0.9483184814453125,-0.5799999237060547
2015-06-17,0.0016157981553058993,0.0,0.004666106837939518,-0.0031076245602327905,0.2828216552734375,-0.3100004196166992
2015-06-18,0.010345519418300463,0.03000000000000025,0.012829091016651683,0.011317102775775476,1.8217010498046875,-1.3100004196166992
2015-06-19,-0.004449109340806309,-0.0900000000000003,-0.0017357836863242562,6.814742282183998e-05,-0.785736083984375,0.7700004577636719
2015-06-22,0.005110024800393594,0.11000000000000032,-0.012939534822473215,0.00019340854312802777,0.9027557373046875,-1.2200002670288086
2015-06-23,0.0007076577655324118,0.04999999999999982,-0.006621663748214055,-0.0021018234919251122,0.1253814697265625,-0.630000114440918
2015-06-24,-0.007289461067963632,-0.040000000000000036,-0.002661018577875129,-0.015707869466468967,-1.28729248046875,1.1500005722045898
2015-06-25,-0.0030448805638828218,0.020000000000000018,-0.0013331015376762336,0.0031106374749242938,-0.534942626953125,0.75
2015-06-26,-0.0001906023479263345,0.0900000000000003,0.0010666233650126517,-0.0003585326880844614,-0.0334320068359375,0.010000228881835938
2015-06-29,-0.021193523063944734,-0.16000000000000014,0.004520702131842444,-0.020557530003985847,-3.67791748046875,4.829999923706055
2015-06-30,0.0020912082850826387,0.020000000000000018,-0.006210070886037271,0.02234041188051138,0.3594512939453125,-0.6200008392333984
2015-07-01,0.007983609618112364,0.08000000000000007,-0.0034767084633964165,-0.007869959238827004,1.37921142578125,-2.1399993896484375
2015-07-02,-0.0009159683969028344,-0.03000000000000025,-0.001966579835569142,-0.009144421124812476,-0.1587982177734375,0.7000007629394531
2015-07-06,-0.0028499938561601604,-0.10000000000000009,0.002680686287387427,-0.0035025744453048083,-0.4931640625,0.2199993133544922
2015-07-07,0.006268689108720652,-0.029999999999999805,-0.011668702760757443,0.004893832375966082,1.0865936279296875,-0.9200000762939453
2015-07-08,-0.0169193104886687,-0.04999999999999982,0.002974933038600357,-0.003540463724615513,-2.9171905517578125,3.5699996948242188
2015-07-09,0.001807321748123118,0.09999999999999964,0.002427551438613741,0.0055312378423183215,0.30926513671875,0.30999946594237926
2015-07-10,0.012513101300685297,0.10000000000000009,0.001166679551747385,-0.000719325532484412,2.1566162109375,-3.139999389648434
2015-07-13,0.010976365910384377,0.020000000000000018,-0.004494793701909413,0.005947458116812767,1.9141082763671875,-2.930000305175783
2015-07-14,0.0043286821713391386,-0.029999999999999805,-0.00225499581251802,-0.012530463436316726,0.760650634765625,-0.5299997329711896
2015-07-15,-0.00033217111303307994,-0.050000000000000266,-0.005251204440368342,0.0015949153380938235,-0.0584869384765625,-0.1400003433227539
2015-07-16,0.007992371704106363,0.0,-0.003637704223631776,-0.005871975078522234,1.41265869140625,-1.119999885559082
2015-07-17,0.0008476275360894905,-0.020000000000000018,-0.010164462693893218,-0.005271865310069692,0.150482177734375,-0.15999984741210938
2015-07-20,0.0005175743486620642,0.040000000000000036,-0.027526856742112225,-0.0051358965142160404,0.091949462890625,0.3000001907348633
2015-07-21,-0.003959386475199567,-0.029999999999999805,-0.003126872326802464,0.00047671267245076127,-0.7021942138671875,-0.029999732971191406
2015-07-22,-0.0017960446728244597,-0.020000000000000018,-0.005424190670740563,0.009602785990565396,-0.3176116943359375,-0.10000038146972656
2015-07-23,-0.005645778417774708,-0.050000000000000266,-0.00449483097628429,-0.0011808076001654936,-0.99468994140625,0.5200004577636719
2015-07-24,-0.010426185998933735,-0.009999999999999787,0.009729155735814213,0.005654226962210038,-1.8222198486328125,1.0999994277954102
2015-07-27,-0.005834171134393121,-0.040000000000000036,-0.004661992801277996,-0.0015153177743709267,-1.0113983154296875,1.8600006103515643
2015-07-28,0.012207953781133676,0.029999999999999805,0.0015246432799856059,0.010667031779729707,2.12310791015625,-2.1600008010864276
2015-07-29,0.006855372978460793,0.03000000000000025,0.0014272948765042632,-0.002171333388186789,1.203643798828125,-0.9399995803833008
2015-07-30,0.00023754157143298204,-0.010000000000000231,-0.008594414514633502,-0.0074307844230215424,0.0418548583984375,-0.36999988555908203
2015-07-31,-0.0015194035326887769,-0.07999999999999963,0.006309807471318708,-0.0040886157368478495,-0.267547607421875,-0.010000228881835938
2015-08-03,-0.0033784367641042173,-0.040000000000000036,-0.007941503115089978,0.0027165152698595996,-0.59344482421875,0.4400005340576172
2015-08-04,-0.001956421952977787,0.06999999999999984,0.002015250319480653,-0.0011838816679125206,-0.342742919921875,0.4399995803833008
2015-08-05,0.003290153510685502,0.04999999999999982,-0.0036496127458960333,-0.006138438595033697,0.5767822265625,-0.48999977111816406
2015-08-06,-0.00822158817456284,-0.04999999999999982,0.004416281036678492,0.0012966808782204785,-1.437744140625,1.260000228881836
2015-08-07,-0.0019213238590342443,-0.04999999999999982,0.0024875838994236877,0.0021939166953536663,-0.33428955078125,-0.38000011444091797
2015-08-10,0.012520482088711135,0.06000000000000005,0.010172637809864738,0.0034698670125750844,2.1900177001953125,-1.1600008010864258
2015-08-11,-0.009064437662070367,-0.0900000000000003,0.005094839843947603,0.004726078634827191,-1.5882415771484375,1.4800004959106445
2015-08-12,0.00119742379376537,-0.009999999999999787,0.013924787857253592,0.0022721040757417775,0.208984375,-0.10000038146972656
2015-08-13,-0.0012450146384855808,0.04999999999999982,-0.008294156742538458,0.010712777255804502,-0.21728515625,-0.11999988555908203
2015-08-14,0.0036354821525174026,0.010000000000000231,-9.36047567321894e-05,0.0,0.6352386474609375,-0.6599998474121076
2015-08-17,0.00557138258240748,-0.040000000000000036,0.002617057152037559,-0.006108663255521878,0.977996826171875,0.1900005340576154
2015-08-18,-0.0029006447343842405,0.040000000000000036,-0.00018667516172380682,-0.001352483812664581,-0.509857177734375,0.7699995040893555
2015-08-19,-0.007936786503079973,-0.08000000000000007,0.013354574963244315,-0.004266964851350222,-1.387542724609375,1.4600000381469727
2015-08-20,-0.02110295381558196,-0.03000000000000025,0.017261484729986225,0.007873855973152174,-3.6361846923828125,3.889999389648441
2015-08-21,-0.030564743713495924,-0.040000000000000036,0.006228253314387141,0.01064079168330274,-5.1323089599609375,8.890001296997067
2015-08-24,-0.043019299529172585,-0.040000000000000036,-0.005413696203742748,0.012380699998706527,-6.96295166015625,12.710000991821289
2015-08-25,-0.01183726271123278,0.11000000000000032,-0.012472236890549283,0.017953830837384836,-1.8639678955078125,-4.720001220703125
2015-08-26,0.037674900161139675,0.06000000000000005,-0.013743752566773794,-0.0027761238762400746,6.009979248046875,-5.700000762939453
2015-08-27,0.024434284622855188,0.0,0.0005571512452685862,-0.018426171253778,4.0206146240234375,-4.219999313354492
2015-08-28,5.019978691791844e-05,0.009999999999999787,0.00896363798539394,-0.008154170208421452,0.00836181640625,-0.05000114440917969
2015-08-31,-0.008111936106176871,0.020000000000000018,0.0011033722012556138,-0.003021153701261294,-1.3457794189453125,2.3800010681152344
2015-09-01,-0.030302536398984545,-0.040000000000000036,0.0034858971109339417,0.0010547203374021603,-4.9317626953125,2.9699993133544957
2015-09-02,0.01880346796900554,0.03000000000000025,-0.005325457471451406,0.006001322367030283,3.04266357421875,-5.309999465942386
2015-09-03,0.0007165342611351506,-0.020000000000000018,-0.0072069646875859315,-0.006876618169878343,0.1170806884765625,-0.4799995422363317
2015-09-04,-0.015253160898943184,-0.050000000000000266,-0.003250813094055246,-0.00806532276265567,-2.4743194580078125,2.189998626708988
2015-09-08,0.024820934273658325,0.07000000000000028,0.0002790454421465056,0.0034103989152158543,4.045745849609375,-2.89999961853027
2015-09-09,-0.01346180243715262,0.009999999999999787,-0.013012113659039995,0.0038812977792101904,-2.206695556640625,1.3299999237060511
2015-09-10,0.00542641471486799,0.020000000000000018,0.002352831601258748,0.0011886876448424237,0.8859405517578125,-1.8599987030029297
2015-09-11,0.004534313767380179,-0.029999999999999805,-0.0020701389754934985,0.006235746284049558,0.743988037109375,-1.1700000762939453
2015-09-14,-0.0037176839154748954,-0.020000000000000018,0.0005650019663848919,0.004696768975418549,-0.6102447509765625,1.0499992370605469
2015-09-15,0.012422244053704713,0.09999999999999964,-0.003017159470430642,-0.00321657637933327,2.0479736328125,-1.7099990844726562
2015-09-16,0.008629535343739664,0.020000000000000018,0.013226552172031262,-0.0031724888166512403,1.437744140625,-1.1900005340576172
2015-09-17,-0.0022508524372357327,-0.08999999999999986,0.01019855026531129,0.001793859106660745,-0.3762054443359375,-0.2100009918212855
2015-09-18,-0.016476185079123573,-0.08000000000000007,0.007352256373074212,0.009599021060692499,-2.728179931640625,1.1400012969970668
2015-09-21,0.005153891502898222,0.07000000000000028,-0.006246004616141289,-0.009599021060692518,0.84857177734375,-2.1400012969970668
2015-09-22,-0.01306429860530203,-0.06000000000000005,-0.006841722923155944,-0.008993020661598322,-2.14251708984375,2.300001144409176
2015-09-23,-0.0016001240623189335,0.020000000000000018,0.00398130520726097,-0.006291828337582641,-0.260498046875,-0.3100013732910156
2015-09-24,-0.0036223774242044914,-0.03000000000000025,0.02075879629651267,0.006202238453062305,-0.5881805419921875,1.340000152587887
2015-09-25,-0.0002589279062199111,0.040000000000000036,-0.006173422414314158,-0.00098420599399791,-0.041961669921875,0.1500015258789098
2015-09-28,-0.02541772258947667,-0.06999999999999984,-0.012739020432957309,0.0020366200096589206,-4.066741943359375,4.009998321533203
2015-09-29,0.0005845005364193398,-0.050000000000000266,-0.004066501065043694,0.0026134625229994684,0.0923614501953125,-0.7999992370605504
2015-09-30,0.018486934564481396,0.010000000000000231,-0.010426483637297347,0.0022149734776488374,2.9492950439453125,-2.329999923706051
2015-10-01,0.0026055466382462152,-0.010000000000000231,-0.0012172598628681067,-0.0074796900146919185,0.420074462890625,-1.9500007629394531
2015-10-02,0.014827113473162224,-0.05999999999999983,0.02095380292252649,0.001912209736439254,2.4114227294921875,-1.6099987030029297
2015-10-05,0.017638810653330447,0.07999999999999985,-0.0020205850578976945,0.002993149005734862,2.9156646728515625,-1.3999996185302734
2015-10-06,-0.003432332422658245,-0.020000000000000018,0.009971303227116472,-0.002836394471725679,-0.5713958740234375,-0.14000129699706676
2015-10-07,0.00815735005327424,0.03000000000000025,-0.0014574940081346366,0.0064805645506604915,1.3612060546875,-1.0
2015-10-08,0.008985904824521183,0.040000000000000036,-0.00511788329634804,-0.002487149252157135,1.5123748779296875,-0.9799995422363317
2015-10-09,0.0005963193227030683,0.0,0.015726912391542704,0.004167448837163841,0.1008453369140625,-0.3400001525878906
2015-10-12,0.0009431527396082339,0.0,0.0039607110144831365,0.007329512343022761,0.1596221923828125,-0.9099998474121094
2015-10-13,-0.006322055357291405,-0.06000000000000005,0.004929015278091019,-0.0012726934624083094,-1.0670928955078125,1.5
2015-10-14,-0.004805201861163915,-0.07000000000000006,0.017282274992371418,0.0025924593986939803,-0.8065643310546875,0.3600006103515625
2015-10-15,0.015237660072781831,0.050000000000000044,-0.004579458875531807,0.007921078428440172,2.571075439453125,-1.980001449584961
2015-10-16,0.004536267862510848,0.0,-0.0070866011523386205,-0.009400012897170327,0.77301025390625,-0.9999990463256836
2015-10-19,0.000491966961319155,0.0,-0.00418691299991518,-0.0006250706607294275,0.08404541015625,-0.07000064849853516
2015-10-20,-0.0012793675211853176,0.040000000000000036,0.006318212020552837,-0.0028248710244674503,-0.218475341796875,0.7700004577636719
2015-10-21,-0.006222653675568472,-0.040000000000000036,-0.008910332230671142,0.002200249354999458,-1.05865478515625,0.9500007629394531
2015-10-22,0.01675256257853956,0.0,-0.0003580781927906322,-0.0005221643768557302,2.86517333984375,-2.2500009536743164
2015-10-23,0.010901896014311714,0.04999999999999982,-0.0017026075113334975,-0.02381738826847203,1.8904876708984375,0.010000228881835938
2015-10-26,-0.002461150820332096,-0.020000000000000018,-0.0006279971024889811,-0.00548104755284386,-0.4285888671875,0.8299999237060547
2015-10-27,-0.0019337879045480137,-0.020000000000000018,0.002241047948969033,0.004130108641989425,-0.3360137939453125,0.14000034332275213
2015-10-28,0.011310308697428405,0.050000000000000266,-0.008091400160860905,-0.002619226557564859,1.974517822265625,-1.100000381469723
2015-10-29,-0.0005744795284933424,0.08999999999999986,-0.009614564390769178,-0.009840625188651057,-0.100830078125,0.27999973297118963
2015-10-30,-0.004319235746317562,-0.029999999999999805,-0.0038352540915995007,0.0059191542389233,-0.7562408447265625,0.46000003814697443
2015-11-02,0.011761850108159364,0.040000000000000036,-0.006517134598801483,0.0029176773819306646,2.0670318603515625,-0.9200000762939489
2015-11-03,0.002894939045255152,0.029999999999999805,-0.014937356022442439,-0.0009037246235673501,0.5124969482421875,0.3900003433227557
2015-11-04,-0.0030378904287344656,0.020000000000000018,-0.009485885776108033,-0.004736716343411822,-0.5377655029296875,0.9700002670288086
2015-11-05,-0.000998553385580796,0.009999999999999787,-0.0031189650547963797,-0.008787217746186366,-0.1764068603515625,-0.46000003814697266
2015-11-06,-0.0005236434918347217,0.08000000000000007,-0.014685120688170974,0.001468193010533941,-0.092437744140625,-0.7200002670288068
2015-11-09,-0.009375546983456775,0.020000000000000018,0.0028777291011320622,-0.013931956563694949,-1.646881103515625,2.1900005340576154
2015-11-10,0.0023044681598656702,-0.040000000000000036,-0.002109514817878502,0.002428788339518725,0.4033660888671875,-1.2300004959106445
2015-11-11,-0.003939425115346127,0.0,-0.0033652112958740313,-0.0020422502320264152,-0.6889801025390625,0.7699995040893555
2015-11-12,-0.014058347367685593,0.0,0.00019257167853267603,0.0023650527187026133,-2.43670654296875,2.3100013732910156
2015-11-13,-0.011291687077843142,-0.040000000000000036,-0.0027964043204795914,0.004822630486338675,-1.9325103759765625,1.7099990844726527
2015-11-16,0.015092489765257901,-0.009999999999999787,0.001447402465342363,-0.010692750373652467,2.587921142578125,-1.9200000762939418
2015-11-17,-0.0007296971638922944,-0.020000000000000018,-0.013297966180688193,-0.0011228693571087788,-0.1260223388671875,0.6800003051757812
2015-11-18,0.015741265507979003,0.020000000000000018,0.0008790738346113607,-0.004138275014857476,2.739105224609375,-1.989999771118164
2015-11-19,-0.0008627519168702573,-0.029999999999999805,0.010971489880734538,0.002450988884636416,-0.1512451171875,0.1399993896484375
2015-11-20,0.0036377066949876504,0.019999999999999574,-0.004548773723664427,0.005252744456065196,0.6385955810546875,-1.5199995040893555
2015-11-23,-0.0011473982463343518,-0.009999999999999787,-0.00808374704283305,-0.007969876742935606,-0.2016754150390625,0.14999961853027344
2015-11-24,0.001338604560958739,-0.009999999999999787,0.006627707399357417,9.577945862803017e-05,0.2353057861328125,0.31000041961669744
2015-11-25,-0.00014357482513413985,-0.010000000000000231,-0.004673848365801831,0.00017036394360613608,-0.0252532958984375,-0.7400007247924787
2015-11-27,0.0011457686981294801,-0.009999999999999787,-0.011879763588946619,-0.003707962220075963,0.201629638671875,-0.06999969482421875
2015-11-30,-0.00415995528492621,-0.010000000000000231,0.006595467871597537,-0.002023368387284862,-0.73095703125,1.0099992752075195
2015-12-01,0.009490505580433288,-0.06000000000000005,0.0035259646298245358,-0.0009520531335434942,1.67205810546875,-1.459999084472658
2015-12-02,-0.01025736126220466,0.03000000000000025,-0.015667624313787723,0.004992348211680542,-1.8064727783203125,1.2399997711181658
2015-12-03,-0.014101777588382729,0.1499999999999999,0.010570606410359756,-0.0012105663794157561,-2.4534759521484375,2.2000007629394496
2015-12-04,0.019314955675610975,-0.050000000000000266,0.02196603548828159,0.02814535106681541,3.3692779541015625,-3.3000001907348597
2015-12-07,-0.0060769319921665736,-0.04999999999999982,-0.013063212596420312,-0.002932119161395868,-1.06707763671875,1.0299997329711914
2015-12-08,-0.006742018164553735,0.010000000000000231,0.0016544033114078468,-0.0046041501705232305,-1.176300048828125,1.760000228881836
2015-12-09,-0.00780997876004827,-0.020000000000000018,-0.0019466324270582696,0.00551883079155255,-1.352752685546875,2.0100002288818324
2015-12-10,0.002577618432036113,0.020000000000000018,-0.0008772000837341195,0.011317326529582651,0.4452972412109375,-0.2700004577636683
2015-12-11,-0.019571308503639917,-0.11000000000000032,0.0054458711721541595,-0.006359136923268454,-3.3524932861328125,5.04999923706055
2015-12-14,0.00503973237050884,0.10000000000000009,-0.012884508990749449,0.003267869655122451,0.857025146484375,-1.659999847412113
2015-12-15,0.010442881166261218,0.04999999999999982,-0.0026560861191144095,0.0008241666465543148,1.7896575927734375,-1.779998779296875
2015-12-16,0.014526005877869341,0.020000000000000018,0.012043063036934096,-0.0051753829505153375,2.52069091796875,-3.0900001525878906
2015-12-17,-0.015355576859519096,-0.05999999999999961,-0.022141125877213518,-0.0056597664993413435,-2.663543701171875,1.0799999237060547
2015-12-18,-0.017975402935047947,-0.050000000000000266,0.015207174746719882,-0.0028018158381321384,-3.0664520263671875,1.760000228881836
2015-12-21,0.008215385734154153,0.010000000000000231,0.010819352064225785,0.0023778158541476377,1.3946380615234375,-2.0
2015-12-22,0.009033023185241957,0.040000000000000036,-0.0052488544876924,0.0039535271591315735,1.546722412109375,-2.1000003814697266
2015-12-23,0.012307392993230375,0.029999999999999805,-0.0029280037943663147,0.0033887678226377175,2.1300048828125,-1.030000686645506
2015-12-24,-0.0016517219756223783,-0.020000000000000018,0.007206940922790797,-0.0037379478049748846,-0.287384033203125,0.17000007629394354
2015-12-28,-0.0022875677213713887,-0.009999999999999787,-0.007597994957113322,0.005195372307920312,-0.3972320556640625,1.1700000762939453
2015-12-29,0.010615740160969594,0.07999999999999963,-0.0006846940847351141,0.0008447402008170112,1.851104736328125,-0.8299999237060547
2015-12-30,-0.007113451964062625,-0.009999999999999787,-0.007661355596264362,-0.004314956798066429,-1.2425689697265625,1.210000991821289
2015-12-31,-0.010053719368675702,-0.040000000000000036,0.0003943308023186173,0.0005465898145392706,-1.7411651611328125,0.9199981689453125
2016-01-04,-0.01407785744631298,-0.029999999999999805,0.013995827340626326,-0.00734256414588859,-2.4088592529296875,2.490001678466797
2016-01-05,0.0016899789746474823,0.009999999999999787,0.00281458831856644,-0.002439109413395329,0.287384033203125,-1.3600006103515625
2016-01-06,-0.012694707580237786,-0.06999999999999984,0.01433748759898985,-0.007002590122124636,-2.1469268798828125,1.25
2016-01-07,-0.024283606672839457,-0.020000000000000018,0.014040676150810918,0.0025084301533166513,-4.03167724609375,4.399999618530273
2016-01-08,-0.011037696647779422,-0.03000000000000025,-0.0044375394222030354,0.013543452932964715,-1.8004150390625,2.0200004577636754
2016-01-11,0.0009895371715331778,0.040000000000000036,-0.00893459464601846,0.0013776088495606677,0.1605987548828125,-2.7100009918212926
2016-01-12,0.008035905733146944,-0.04999999999999982,-0.0050729832368575836,-0.0076186124028738075,1.3101043701171875,-1.8299999237060582
2016-01-13,-0.025256983134874525,-0.040000000000000036,0.004882048039545079,-0.0012912976103602398,-4.0824737548828125,2.75
2016-01-14,0.016283556444027004,0.020000000000000018,-0.016367021706295802,0.0038679156615935217,2.620208740234375,-1.2699985504150355
2016-01-15,-0.021699704174137874,-0.07000000000000028,0.01023674024483405,-0.002489778430947763,-3.4823150634765625,3.0699996948242188
2016-01-19,0.0013300312816772152,0.03000000000000025,-0.0009612465570263375,0.0033174171209360056,0.211273193359375,-0.970001220703125
2016-01-20,-0.012897772312232065,-0.050000000000000266,0.013279386437522923,0.0016465618643457622,-2.0369873046875,1.5400009155273438
2016-01-21,0.0055863339457643945,0.010000000000000231,0.0011381497656593284,-0.0033012096273051864,0.8790435791015625,-0.8999996185302734
2016-01-22,0.02030757625481037,0.04999999999999982,-0.004655791285644161,-0.001380345726692188,3.237213134765625,-4.350000381469727
2016-01-25,-0.015231863634021275,-0.040000000000000036,0.010233193541102218,-0.005816008700090541,-2.4342498779296875,1.8099994659423864
2016-01-26,0.013550814816249614,-0.020000000000000018,0.011341913483232153,0.004990796058909852,2.1637725830078125,-1.649999618530277
2016-01-27,-0.010942985579278041,0.010000000000000231,0.0037212948296180895,0.0010966944054519147,-1.7496337890625,0.610000610351559
2016-01-28,0.005195917176845905,-0.020000000000000018,-0.010736241929349487,0.003951831818423023,0.828369140625,-0.6900005340576136
2016-01-29,0.02408479822741402,-0.06000000000000005,0.0038408969118531094,0.0026542082203700143,3.896484375,-2.219999313354492
2016-02-01,-0.00036145728635828336,0.030000000000000027,0.010232704202855976,-0.010206691073721262,-0.059173583984375,-0.220001220703125
2016-02-02,-0.018186531276775962,-0.09999999999999987,0.00037006835108891606,0.006571266280479868,-2.9498443603515625,2.0
2016-02-03,0.0059772407430769055,0.009999999999999787,0.010674654427775114,0.00226920020820641,0.963592529296875,-0.32999992370605113
2016-02-04,0.0015669041287516415,-0.009999999999999787,0.012009967818587527,0.015353470236526761,0.2535552978515625,0.19000053405761363
2016-02-05,-0.019233851937578973,-0.010000000000000009,0.015703135766193033,0.009774485442781082,-3.0850830078125,1.539999008178711
2016-02-08,-0.013552710829928526,-0.1100000000000001,0.013354185862515874,-0.004915944830655657,-2.1384735107421875,2.6200008392333984
2016-02-09,5.42290558537935e-05,-0.010000000000000009,-0.002198672852432284,0.004009114545849865,0.0084991455078125,0.5400009155273438
2016-02-10,-0.0008635357071840467,-0.030000000000000027,0.007717958411726319,0.00891315103106425,-0.135284423828125,-0.25
2016-02-11,-0.013093476425963124,-0.08000000000000007,0.039402138237274204,-0.0008012091767712855,-2.037017822265625,1.8499984741210973
2016-02-12,0.020407645048862985,0.1100000000000001,-0.005896714530816731,0.0032768308529634027,3.18658447265625,-2.739999771118164
2016-02-16,0.016737081342978147,0.040000000000000036,-0.030800736245396157,-0.012797715096199683,2.66241455078125,-1.289999008178718
2016-02-17,0.01620289032407654,0.030000000000000027,0.006167287420776475,-0.002421775900273588,2.6202392578125,-1.8000011444091761
2016-02-18,-0.004104083845269906,-0.06000000000000005,0.024041860433202913,-0.0021602204463326666,-0.6677093505859375,-0.6700000762939418
2016-02-19,-0.00046841730379475156,0.010000000000000009,-0.006020275750380557,-0.001078322142747798,-0.0760345458984375,-1.1099987030029332
2016-02-22,0.01437510506420364,0.010000000000000009,-0.01793504091705753,0.0011673797064114223,2.349700927734375,-1.1500015258789062
2016-02-23,-0.01271008529197478,-0.030000000000000027,0.014868593832169272,-0.008661347569662766,-2.0792694091796875,1.6000003814697266
2016-02-24,0.004565378720640602,0.010000000000000009,0.003321549590506587,-8.82107138321326e-05,0.7438201904296875,-0.2600002288818395
2016-02-25,0.012038889170520027,-0.040000000000000036,0.002632341860518264,-0.001190199788027206,1.977813720703125,-1.6099987030029297
2016-02-26,-0.0023040779914615143,0.050000000000000044,-0.00689274364726045,0.0010027261813616976,-0.38037109375,0.6999988555908239
2016-02-29,-0.007873329311290284,-0.020000000000000018,0.012980023419282503,-0.009207485427379999,-1.293182373046875,0.7399997711181641
2016-03-01,0.02323478543844378,0.09000000000000008,-0.007360151335800538,-0.0032064723483805242,3.8457794189453125,-2.8499984741210938
2016-03-02,0.004482595540013567,0.010000000000000009,0.007697256644730053,-0.001197081359238297,0.752288818359375,-0.6100006103515625
2016-03-03,0.003911706501994823,-0.010000000000000009,0.017125877155555313,-0.0006415231696554621,0.65924072265625,-0.3899993896484375
2016-03-04,0.0032480772801058906,0.04999999999999982,-0.0015750194994792542,0.007330846721414482,0.5493621826171875,0.15999984741210938
2016-03-07,0.0007985163093513443,0.030000000000000027,0.004965240864288737,0.00410332553486821,0.1353302001953125,0.48999977111816406
2016-03-08,-0.010978129873334356,-0.07999999999999985,-0.00463344826775062,0.0020028926766375924,-1.851104736328125,1.3199996948242188
2016-03-09,0.004927525693817865,0.06999999999999984,-0.00832782948151173,-0.0010899903497589847,0.8283538818359375,-0.3299999237060547
2016-03-10,0.0008017243384838323,0.030000000000000027,0.015928644015462578,-0.0013636455184835835,0.135162353515625,-0.29000091552734375
2016-03-11,0.016008884473701763,0.050000000000000044,-0.01735128256694606,0.017090344189194393,2.72174072265625,-1.5499992370605469
2016-03-14,-0.00128319989511439,-0.010000000000000009,-0.0129806346733887,-0.0009385721430361505,-0.2197723388671875,0.4200000762939453
2016-03-15,-0.0016310756788619687,0.0,0.000763230645469892,-0.0059237805074355485,-0.2789459228515625,-0.07999992370605469
2016-03-16,0.005770987898834106,-0.030000000000000027,0.02205075556149502,0.000632999291797192,0.9889984130859375,-1.8500003814697266
2016-03-17,0.006323750458033157,-0.030000000000000027,-0.003821864877364753,0.009846507020469684,1.090301513671875,-0.5500001907348633
2016-03-18,0.003921785143679632,-0.030000000000000027,-0.002750755714748547,0.008789321158289546,0.6796417236328125,-0.4199991226196289
2016-03-21,0.0014179353027807464,0.040000000000000036,-0.00703641669931435,-0.0034461334408439088,0.2463836669921875,-0.23000049591064453
2016-03-22,-0.000537625101301233,0.020000000000000018,0.002937832969190689,-0.0038275154051225038,-0.0934600830078125,0.3800001144409162
2016-03-23,-0.006621293780326668,-0.06000000000000005,-0.022890088658627544,-0.0011565874563953665,-1.1469268798828125,0.7699995040893572
2016-03-24,-0.00044324756738431913,0.030000000000000027,-0.0024040431975177324,-0.0037415464806334225,-0.076507568359375,-0.19999980926513672
2016-03-28,0.0005907469124549202,-0.020000000000000018,0.0023182652611009025,-0.0018877326338917505,0.1019744873046875,0.5
2016-03-29,0.009207543290240237,-0.07999999999999985,0.01835540705340158,0.0038239447721831305,1.5972137451171875,-1.4200000762939435
2016-03-30,0.004378092904403882,0.020000000000000018,-0.01407641031024469,0.00794059446678328,0.7646331787109375,-0.2599992752075213
2016-03-31,-0.0024300430099633654,-0.050000000000000044,0.004600850924385841,0.003767316237481857,-0.4248199462890625,0.3899993896484375
2016-04-01,0.0067890517388305895,0.010000000000000009,-0.006053640735366039,0.0039636544882739695,1.189453125,-0.8499994277954084
2016-04-04,-0.0032430695300195225,-0.010000000000000009,-0.006692995408569699,0.0009107559348322408,-0.5691986083984375,1.0199995040893537
2016-04-05,-0.01003816851883117,-0.050000000000000044,0.012916668207256437,-9.10592102153291e-05,-1.7501678466796875,1.3000001907348615
2016-04-06,0.010862125393103448,0.030000000000000027,-0.0061381369358648324,-0.0006148142788692096,1.8946075439453125,-1.329999923706053
2016-04-07,-0.012038378525296416,-0.06000000000000005,0.014179801562103168,0.002016625650093088,-2.098541259765625,2.0699996948242188
2016-04-08,0.0026932607806920894,0.020000000000000018,-0.0015187338768047718,-0.002722054468835322,0.4673004150390625,-0.8000001907348633
2016-04-11,-0.0023499669785370957,0.010000000000000009,0.013419630057020864,0.0025510387479342374,-0.407806396484375,0.9000005722045898
2016-04-12,0.00926984410953176,0.06000000000000005,0.00016664672071527165,0.0008669027018344033,1.6142425537109375,-1.4099998474121076
2016-04-13,0.010050361147083315,-0.020000000000000018,-0.010719526565990614,-0.0024507096616071316,1.76715087890625,-1.0100002288818377
2016-04-14,4.792146682752101e-05,0.030000000000000027,-0.014075152256168354,-0.009348813403846658,0.0084686279296875,-0.11999988555908203
2016-04-15,-0.0011063191330514324,-0.040000000000000036,0.006892743647260424,-0.0008005065896722636,-0.195404052734375,-0.10000038146972656
2016-04-18,0.0070019277736612625,0.020000000000000018,-0.001527627456597003,0.002652082375212579,1.2403717041015625,-0.2699995040893537
2016-04-19,0.0031493994429777146,0.010000000000000009,0.015506833308651099,0.000802603680426066,0.5607452392578125,-0.11000061035156428
2016-04-20,0.0009523178582365189,0.06000000000000005,-0.0051142480161098115,0.0044656517299041295,0.1699066162109375,0.039999961853027344
2016-04-21,-0.00539282770738517,0.029999999999999805,0.003775305036917616,-0.004816204111791496,-0.96002197265625,0.6700000762939453
2016-04-22,0.0,0.010000000000000009,-0.012894694659209335,-0.0011524698211553375,0.0,-0.7299995422363281
2016-04-25,-0.0017242785862653552,0.020000000000000018,0.0028799271415296556,-0.00514716774006994,-0.3058624267578125,0.8599996566772479
2016-04-26,0.0014848895883601476,0.030000000000000027,0.00396736763751519,0.0031053790136885565,0.26336669921875,-0.11999988555908381
2016-04-27,0.0020561028915609776,-0.06999999999999984,0.00286030286991974,0.002663082532895828,0.365325927734375,-0.18999958038330078
2016-04-28,-0.009117187826686812,-0.030000000000000027,0.018724801093336303,0.002647486180481382,-1.614227294921875,1.4499998092651367
2016-04-29,-0.005413332443154252,-0.010000000000000009,0.019270626438691787,0.002370534440149008,-0.951507568359375,0.4799995422363281
2016-05-02,0.007917003977621854,0.04999999999999982,-0.003321349913169904,0.009389838457966277,1.3933258056640625,-1.0199995040893572
2016-05-03,-0.008741233425308543,-0.06999999999999984,-0.0022745646099544734,0.005390668042070114,-1.537750244140625,0.9200000762939489
2016-05-04,-0.0055938511711508005,-0.020000000000000018,-0.006118222826125519,-0.0018193263221850378,-0.9770355224609375,0.44999885559081854
2016-05-05,-0.00019485563659674541,-0.030000000000000027,-0.0011462207767798868,-0.0009543129523783916,-0.033935546875,-0.1399993896484375
2016-05-06,0.003651954323882618,0.030000000000000027,0.009052054554673597,-0.007602457630280269,0.637115478515625,-1.1899995803833008
2016-05-09,0.0008260790089902434,-0.020000000000000018,-0.02075289801818274,-0.0015841240747151719,0.144439697265625,-0.15000057220458807
2016-05-10,0.012357119723341643,0.0,0.002731465708414251,0.0,2.1749420166015625,-0.9399995803833026
2016-05-11,-0.009398840096421082,-0.040000000000000036,0.009378919930915332,-0.0011951133129709285,-1.656707763671875,1.0599994659423828
2016-05-12,0.0002904519844592414,0.020000000000000018,-0.007892173973086957,0.004617313404738642,0.05096435546875,-0.2799997329711914
2016-05-13,-0.00875195926556917,-0.040000000000000036,0.004529141979827091,-0.004389807118385353,-1.5291900634765625,0.630000114440918
2016-05-16,0.009816778781610778,0.040000000000000036,0.0007392219670166908,-0.005287602378223741,1.716156005859375,-0.35999965667724787
2016-05-17,-0.009377343708612186,0.010000000000000009,0.003442329123242993,-7.921648996507311e-05,-1.6396942138671875,0.889999389648441
2016-05-18,0.0002927910396703111,0.1100000000000001,-0.017497993073654197,0.0,0.05096435546875,0.3800001144409162
2016-05-19,-0.0034710512127503583,-0.020000000000000018,-0.0019168712488534102,-0.00826043417725727,-0.6032257080078125,0.38000011444091797
2016-05-20,0.006297507210017448,0.0,-0.0013357015166127583,-0.0015140235000181696,1.095977783203125,-1.130000114440918
2016-05-23,-0.0013634352348412609,-0.010000000000000009,-0.0028442074994739935,0.0014018498908452475,-0.2378692626953125,0.6199998855590838
2016-05-24,0.012879008615844215,0.020000000000000018,-0.017493154439807618,-0.0005049370131429516,2.2599029541015625,-1.399999618530277
2016-05-25,0.0067600147882424305,0.010000000000000009,-0.0027317729645951225,-0.006985559794362882,1.1978912353515625,-0.5200004577636719
2016-05-26,0.00028668004159756403,-0.040000000000000036,-0.0034252603876992805,0.0018840869032437442,0.0509796142578125,-0.4699993133544922
2016-05-27,0.004289940353594006,0.020000000000000018,-0.008268772914245494,0.0029614821769575715,0.764617919921875,-0.31000041961669744
2016-05-31,-0.0019044445518419276,-0.010000000000000009,0.003798302317157037,-0.003909497657323953,-0.33984375,1.0699996948242188
2016-06-01,0.002047097624168999,0.010000000000000009,-0.00103444075765323,-0.0011142917155116097,0.365325927734375,0.010000228881835938
2016-06-02,0.00303922257422132,-0.040000000000000036,-0.0023315434917615587,0.004755235777335846,0.54376220703125,-0.5699996948242188
2016-06-03,-0.002991562190829714,-0.10000000000000009,0.02737326438830703,-0.0033176414112727104,-0.535247802734375,-0.15999984741210938
2016-06-06,0.00507544877060083,0.020000000000000018,0.00033642486690222653,0.017686432682216875,0.9090423583984375,0.17999935150146307
2016-06-07,0.001560345803697605,-0.010000000000000009,-0.0008412423733234738,0.0011471163366170239,0.2803955078125,0.4000005722045916
2016-06-08,0.0032542259520290965,-0.010000000000000009,0.014703707887444253,-0.0005453170730971647,0.5861968994140625,0.029999732971193183
2016-06-09,-0.0013663202666617815,-0.030000000000000027,0.005541081570940353,0.0043253899249274174,-0.2463531494140625,0.5600004196166974
2016-06-10,-0.009522908231493293,-0.040000000000000036,0.004033075700703472,-0.008100387014143784,-1.70770263671875,2.390000343322754
2016-06-13,-0.0077416487807332145,-0.019999999999999796,0.007365624068488681,-0.0066537493643782,-1.3763427734375,3.939998626708981
2016-06-14,-0.0019688127138505,0.0,0.0010594292626908233,0.004528805094961433,-0.34832763671875,-0.46999931335448863
2016-06-15,-0.0013948642308064358,-0.020000000000000018,0.0073849284570991006,-0.006931253741881397,-0.246368408203125,-0.36000061035155895
2016-06-16,0.002980016034144096,-0.030000000000000027,-0.010566651715243233,0.004416478024524096,0.526763916015625,-0.7699985504150426
2016-06-17,-0.003731038282110995,0.050000000000000044,0.012747298268990306,-0.0009456404670404876,-0.659271240234375,0.03999900817871094
2016-06-20,0.006419252206220003,0.04999999999999982,-0.0059880246543699035,0.008588304743647803,1.13580322265625,-1.039999008178711
2016-06-21,0.0028343699166812797,0.040000000000000036,-0.01942288299292089,-0.0023012116407544942,0.5038299560546875,0.10999870300292969
2016-06-22,-0.00163239346553241,-0.020000000000000018,0.000496444028716167,-0.006410844372746685,-0.29034423828125,2.690000534057617
2016-06-23,0.01293860974065057,0.050000000000000044,-0.0065557755937431204,0.006875235761559178,2.3143768310546875,-3.9200000762939453
2016-06-24,-0.03656964909737085,-0.16999999999999993,0.047873912303474195,-0.0003737486607474257,-6.4648284912109375,8.51000022888184
2016-06-27,-0.01807214296176011,-0.1100000000000001,0.0053823171279899626,-0.025767007174789764,-3.10858154296875,-1.909999847412113
2016-06-28,0.017875024426150497,0.0,-0.01079376043064916,-0.0018964523546687237,3.074371337890625,-5.100000381469727
2016-06-29,0.0168843789934384,0.040000000000000036,0.004140765999889028,0.005334508808740789,2.95489501953125,-2.1100006103515625
2016-06-30,0.013553299597933671,-0.010000000000000009,0.0049939058952932335,0.004873297031417912,2.408294677734375,-1.0099992752075195
2016-07-01,0.002098489315583199,-0.030000000000000027,0.015223162818061162,-0.0019788422459707227,0.3758087158203125,-0.8599996566772461
2016-07-05,-0.00721920624457167,-0.08999999999999986,0.008220905136956962,0.003593733200581464,-1.28955078125,0.8099994659423846
2016-07-06,0.005979423887831336,0.009999999999999787,0.005852881673551483,-0.007296200089325156,1.0674285888671875,-0.6199998855590838
2016-07-07,-0.0006199990506059502,0.020000000000000018,-0.0037695950478742334,0.003069620985244283,-0.1109771728515625,-0.19999980926513672
2016-07-08,0.014780448002581525,-0.029999999999999805,0.005994014334570738,-0.003003258186911798,2.664459228515625,-1.5600004196166992
2016-07-11,0.003521037368945298,0.05999999999999983,-0.00946861312154938,-0.001967759709113067,0.6405639648437784,0.3400001525878906
2016-07-12,0.007237121466570277,0.10000000000000009,-0.016690387468968386,0.001270838382200458,1.323715209960909,0.010000228881835938
2016-07-13,-0.00013965625962049263,-0.050000000000000044,0.009159697327218079,0.00044243484305962847,-0.025634765625,-0.5100002288818359
2016-07-14,0.005568282208059701,0.050000000000000044,-0.0077450452302362865,0.0028915333292139182,1.0248718261718466,-0.22000026702880682
2016-07-15,-0.0013431788794487328,0.07000000000000006,-0.0038557351674657764,0.0009990572450503967,-0.24774169921869316,-0.149999618530277
2016-07-18,0.0026837304280062178,-0.010000000000000009,0.0015755839071671933,-0.004775224691423465,0.4953308105468466,-0.23000049591064275
2016-07-19,-0.0010171874481809421,-0.030000000000000027,0.0013372522657107563,0.0016924751736729915,-0.187896728515625,-0.4699993133544922
2016-07-20,0.004154493736485179,0.030000000000000027,-0.01441038163632243,-0.0052783645066787396,0.7686309814453125,-0.19999980926513672
2016-07-21,-0.0037843074145093862,-0.020000000000000018,0.015117654201499475,0.0005398559400754168,-0.7002716064453125,0.9699993133544922
2016-07-22,0.004475335955963665,0.0,-0.007490707778721288,0.0012128279705787804,0.82843017578125,-0.7199993133544922
2016-07-25,-0.0027200569890663434,0.010000000000000009,-0.006989125856947095,-0.005676765339448428,-0.5039520263671591,0.8499994277954102
2016-07-26,0.0004616468556161778,-0.010000000000000009,0.004215211050825792,0.0018886435767625533,0.08543395996090908,0.18000030517578125
2016-07-27,-0.0010615536702664105,-0.050000000000000044,0.01598269497210111,-0.000307637037586267,-0.1963958740234375,-0.22000026702880682
2016-07-28,0.001153709107704338,0.0,-0.00289409340924044,0.007765382015009816,0.2134552001953125,-0.10999965667724787
2016-07-29,0.001613404236039094,-0.06000000000000005,0.010286811942904156,0.0009860471480390611,0.298919677734375,-0.8500003814697266
2016-08-01,-0.0008295197526934271,0.050000000000000044,0.0018590671194806466,0.007521339022459522,-0.15374755859377842,0.5699996948242188
2016-08-02,-0.006427679871947125,0.040000000000000036,0.008092864929715934,0.0,-1.187026977539034,0.9300003051757812
2016-08-03,0.0029183275294562493,0.0,-0.004770787598632875,0.004555674861185054,0.5379943847656534,-0.5100002288818359
2016-08-04,0.0010633877253988142,-0.040000000000000036,0.0016954476164976306,-0.006039944627668386,0.19642639160153408,-0.43999958038330256
2016-08-05,0.008145834160587014,0.08000000000000007,-0.018025444010511645,-0.0015043550709452347,1.511627197265625,-1.0299997329711896
2016-08-08,-0.0005961901513596824,0.0,-0.0008627837547004024,-0.004067036357604987,-0.111053466796875,0.1099996566772461
2016-08-09,0.000596190151359732,-0.040000000000000036,0.004072023167431717,-0.0005321441129647425,0.111053466796875,0.15999984741210938
2016-08-10,-0.0024781823043992924,-0.050000000000000044,0.004677994512329687,0.0028970739216052574,-0.46118164062505684,0.3900003433227539
2016-08-11,0.004629798297863504,0.07000000000000006,-0.006946906948684661,0.006333835466558864,0.8625183105469318,-0.3699998855590838
2016-08-12,-0.0008691038718177267,-0.06000000000000005,-0.002117040375034645,-0.0042418899444097,-0.16221618652340908,-0.1300001144409162
2016-08-15,0.002879672828735047,0.040000000000000036,0.003447698256792746,0.0024982306112892433,0.5380249023437216,0.26000022888183594
2016-08-16,-0.005171198025054288,0.020000000000000018,0.004915970173444719,0.001531037673697168,-0.965057373046875,0.8299999237060547
2016-08-17,0.0018792318126548027,-0.010000000000000009,0.00023348078990268189,0.008186617742292809,0.350128173828125,-0.4500007629394531
2016-08-18,0.0022414300261964196,-0.030000000000000027,0.004735854578729188,0.0020317675714881405,0.4184722900390341,-0.7599992752075213
2016-08-19,-0.0014630415568368065,0.050000000000000044,-0.008868887925520175,0.004461649861066459,-0.27325439453119316,-0.09000015258788885
2016-08-22,-4.5866978494034724e-05,-0.030000000000000027,-0.0014858453674488508,-0.004529491868557557,-0.008560180664090922,0.9300003051757812
2016-08-23,0.0020114269121685483,0.0,-0.00015650499362582264,0.0018660338545216854,0.375762939453125,0.1099996566772461
2016-08-24,-0.005127863759282447,0.010000000000000009,-0.011176864142998311,-0.0016287651923312064,-0.9564666748046875,1.0699996948242188
2016-08-25,-0.0006888468618661383,0.020000000000000018,-0.0008709901258544955,-0.003283078973066947,-0.12811279296875,0.18000030517578125
2016-08-26,-0.001885020580244329,0.040000000000000036,-0.0014269885139347306,0.0023681928133100437,-0.350128173828125,0.019999504089353692
2016-08-29,0.0049122074022242635,-0.050000000000000044,0.001981375674593548,-0.008096322643500537,0.913787841796875,-0.7100000381469709
2016-08-30,-0.0016502951215102736,0.0,-0.01010635477558824,-0.0005933771387031251,-0.3074951171875,0.18000030517578125
2016-08-31,-0.0028479811536821346,0.010000000000000009,-0.0020015218438290436,-0.003541916776530722,-0.5294647216796591,0.3000001907348615
2016-09-01,4.6191813733678515e-05,-0.010000000000000009,0.004078880664929754,0.000669398242409528,0.008575439453096578,0.05999946594238459
2016-09-02,0.004497659857593058,0.030000000000000027,0.010164454828507231,0.0035779727913655378,0.836883544921875,-1.5
2016-09-06,0.003017994848156463,-0.050000000000000044,0.016766351430797802,-0.004247371033775042,0.5636749267578409,0.04000091552734375
2016-09-07,-9.15308286994882e-05,-0.010000000000000009,-0.0034244132039321193,0.008962688331043682,-0.01712036132815342,-0.0800008773803711
2016-09-08,-0.0022853557226697333,0.07000000000000006,-0.005315481388614766,-0.0011246487850704737,-0.4269561767578125,0.5700006484985352
2016-09-09,-0.024226010431745312,0.05999999999999983,-0.006605326760192751,0.0027014349127084296,-4.4664764404296875,4.989999771118164
2016-09-12,0.014245483588445938,0.010000000000000009,-0.0012631537514554386,-0.0026902998742258147,2.61328125,-2.3400001525878906
2016-09-13,-0.014479910122983802,0.050000000000000044,-0.006657679739988439,0.00021366267368390018,-2.655975341796875,2.690000534057617
2016-09-14,-0.00037529739070757715,-0.030000000000000027,0.0034136523813896856,-0.002212531531855482,-0.068328857421875,0.2899990081787145
2016-09-15,0.00994324970040356,0.010000000000000009,-0.006440074325495563,0.0025498453552103796,1.8190155029296875,-1.8400001525878942
2016-09-16,-0.0038728401643558833,-0.010000000000000009,-0.002475784418470438,-0.00012369679165697225,-0.7106475830078125,-0.9299993515014648
2016-09-19,0.00018728036475112734,0.0,0.002076861031546589,-0.007807775057992466,0.03430175781252842,0.15999984741210938
2016-09-20,4.656471715563694e-05,-0.010000000000000009,0.0009571124160197729,0.001988107023017429,0.008529663085909078,0.39000034332275213
2016-09-21,0.011182814120432505,-0.030000000000000027,0.014483211562644741,-0.002389772824843842,2.0599975585937784,-2.6199998855590803
2016-09-22,0.006281751450367479,-0.030000000000000027,0.0023544435304930274,0.003508451907178094,1.1673126220703125,-1.2799997329711914
2016-09-23,-0.005494175657983387,-0.009999999999999787,0.0006269244831308528,0.0015122434449735868,-1.0213623046875284,0.26999950408935547
2016-09-26,-0.008135046705674472,-0.030000000000000027,-0.0007836871273147406,0.002592942292141068,-1.502029418945284,2.2100000381469727
2016-09-27,0.006188405208135399,-0.030000000000000027,-0.007317971706278326,0.0009444893031245314,1.1414947509764772,-1.3999996185302717
2016-09-28,0.004951510445955105,0.010000000000000009,-0.003164070980187106,-0.002696311903076753,0.9184417724609659,-0.7100000381469744
2016-09-29,-0.009088451451511673,-0.010000000000000009,-0.001189120004834333,0.00048258291459646655,-1.6823120117187216,1.630000114440918
2016-09-30,0.007517657267446974,0.040000000000000036,-0.0034166360099868506,-0.00048258291459651463,1.390457153320341,-0.7300004959106445
2016-10-03,-0.0024069218365556275,0.029999999999999805,-0.002550206163687112,0.0013472078218555506,-0.4463195800781534,0.2799997329711932
2016-10-04,-0.005110735430891388,0.06000000000000005,-0.03532787258610445,-0.0021658898894434467,-0.9441375732421875,0.06000041961669744
2016-10-05,0.004415641648899832,0.030000000000000027,-0.0015718922897908132,3.360232562436578e-05,0.8154449462890341,-0.6400003433227539
2016-10-06,0.0006950937819914809,0.030000000000000027,-0.009316280206747919,-0.00022417864622131028,0.12869262695315342,-0.14999961853027344
2016-10-07,-0.003435336771986823,-0.020000000000000018,0.0006682890904549356,-0.005699907005050658,-0.635162353515625,0.6399993896484375
2016-10-10,0.005194810880276449,0.0,0.003501510836135797,0.004691651837804532,0.9613189697265625,-0.09999942779541016
2016-10-11,-0.012709704752283741,0.040000000000000036,-0.005089499061391544,-0.005025978007065702,-2.343170166015625,1.9799995422363281
2016-10-12,0.0013109399169385996,0.020000000000000018,0.0015879882252557648,-0.007104769738430128,0.2403106689453125,0.5500001907348633
2016-10-13,-0.003280869846388532,-0.040000000000000036,0.0024189937106391113,-0.004536195589891394,-0.6008300781250568,0.7800006866455078
2016-10-14,0.000516223827988679,0.050000000000000044,-0.005597559798283797,0.0034305603068918436,0.09440612792974434,-0.5699996948242188
2016-10-17,-0.0034782884999204856,-0.030000000000000027,0.0026773752071126027,-0.007441761541419575,-0.635162353515625,0.08999824523925781
2016-10-18,0.006242934518320384,-0.020000000000000018,0.006164100054633751,0.004352579694611333,1.1415863037109375,-0.9299993515014648
2016-10-19,0.0026636939623592374,0.010000000000000009,0.005713611741873303,-0.0035187297515541743,0.4892578125,-0.869999885559082
2016-10-20,-0.0018687611347260394,0.0,-0.0030597728971404627,-0.0001646506380020189,-0.3433837890624716,-0.6599998474121094
2016-10-21,0.00046768394592474927,-0.020000000000000018,0.0007451585177257722,-0.004085401957879828,0.08587646484375,-0.4099998474121094
2016-10-24,0.0042437678493827315,0.030000000000000027,-0.0022370801255002003,-0.004384409358858094,0.7810821533202841,-0.31999969482421875
2016-10-25,-0.0033562021309383907,0.0,0.0075197946939096144,-0.0006527512292521241,-0.6179962158202841,0.4399995803833008
2016-10-26,-0.002009776021695062,0.020000000000000018,-0.0056138205649168835,0.0010881930929809549,-0.36907958984375,0.7799997329711914
2016-10-27,-0.0026705161044249894,0.06000000000000005,0.0018196962666163264,0.002267123672550751,-0.4892730712890625,1.119999885559082
2016-10-28,-0.00295967112721572,0.010000000000000009,0.00469929291776931,-0.0010687761345710978,-0.5407257080078693,0.8300008773803711
2016-10-31,4.700623402245355e-05,-0.020000000000000018,0.0029566431199742503,0.007703391184510834,0.008575439453153422,0.8699989318847656
2016-11-01,-0.0072714357577264915,-0.010000000000000009,0.006457707460557924,-0.001032047021780874,-1.321762084960909,1.5
2016-11-02,-0.006037048626257421,-0.020000000000000018,0.0073872643657927,0.007600509088301996,-1.090103149414091,0.7600002288818359
2016-11-03,-0.004587608458902897,0.010000000000000009,0.005323910740822454,0.0036554982779582594,-0.8239898681640625,2.7600002288818324
2016-11-04,-0.0011021837463454085,-0.030000000000000027,0.0007237632468996816,0.0004439735815214477,-0.1974029541015625,0.43000030517578836
2016-11-07,0.021817116848769958,0.040000000000000036,-0.01817197611952108,-0.00011102860930874295,3.9482421875,-3.8000011444091832
2016-11-08,0.004493931055009497,0.04999999999999982,-0.004183952404118774,-0.004430681626231969,0.8240203857421875,0.030000686645507812
2016-11-09,0.010546244262435682,0.18999999999999995,-0.0006579098268443167,-0.0030016218881543464,1.9483947753905966,-4.359999656677246
2016-11-10,0.0024923758090698287,0.08000000000000007,-0.015001711673607077,-0.008973283929278824,0.4634704589844034,0.3599996566772461
2016-11-11,-0.002307864687438154,0.0,-0.022377978717915834,-0.00283529727672874,-0.42919921875,-0.5699996948242205
2016-11-14,0.0007854753005415888,0.08000000000000007,-0.008490234677527317,-0.005971422941238589,0.145965576171875,0.3099994659423846
2016-11-15,0.007772303013076828,0.0,0.00866105076842777,-0.006904091630366802,1.450531005859375,-1.109999656677246
2016-11-16,-0.0018800964457903913,-0.009999999999999787,-0.002992914324639686,-0.0021477752071920996,-0.3519134521484375,0.35000038146972656
2016-11-17,0.005127425024595053,0.06999999999999984,-0.005151539575840869,-0.0019290221275351884,0.9613037109374716,-0.36999988555908025
2016-11-18,-0.0022398107768503454,0.04999999999999982,-0.008818980245606385,-0.00783857389608081,-0.4205322265624716,-0.5
2016-11-21,0.007523271630094229,-0.009999999999999787,0.0037273072140238833,-0.0036582460348251198,1.416259765625,-0.4300003051757848
2016-11-22,0.0019512346130340886,-0.020000000000000018,-0.000346148454927052,0.005146602943733133,0.3690643310546591,-0.010000228881834161
2016-11-23,0.0005440241077547949,0.04999999999999982,-0.020019033913875547,-0.000478683384408412,0.10302734375,0.0200004577636701
2016-11-25,0.0037083406901860794,0.0,-0.005667237234161627,-0.006782509427817683,0.7037811279297443,-0.09000015258788885
2016-11-28,-0.004705890658864558,-0.040000000000000036,0.01051202138010083,0.004764163866232262,-0.8926544189453409,0.809999465942381
2016-11-29,0.0019483172621066857,-0.020000000000000018,-0.004668228933024721,0.0008493102559907696,0.3690643310546875,-0.25
2016-11-30,-0.002401564897997681,0.07000000000000028,-0.013510086082379656,0.0025523434536833026,-0.4548187255859091,0.4300003051757848
2016-12-01,-0.003682702177076426,0.08000000000000007,-0.0018809543242076046,-0.005310066148516394,-0.6953277587890909,0.7399997711181641
2016-12-02,0.0005008047016965052,-0.050000000000000266,0.005364806083291903,0.006684755681079142,0.0944061279296875,0.050000190734861505
2016-12-05,0.005990577070289268,-0.009999999999999787,-0.005364806083291772,-0.00763756940783257,1.1329498291015625,-1.9799995422363281
2016-12-06,0.003162682515717113,0.0,-0.0009866853717861235,0.016430543065026223,0.6008758544921875,-0.35000038146972656
2016-12-07,0.012996099872934123,-0.050000000000000266,0.003583283615967486,-0.0034364582995452253,2.4891662597656534,0.43000030517578125
2016-12-08,0.0024455647030575097,0.06000000000000005,-0.0023276835438489365,0.0038667787464509358,0.4720306396484091,0.4200000762939453
2016-12-09,0.0060223801262763825,0.07000000000000028,-0.010542046205441346,-0.01315032709034517,1.167343139648409,-0.8900003433227539
2016-12-12,-0.0011485702561877995,0.020000000000000018,0.003797113021044969,-0.006985527551627237,-0.22317504882809658,0.8900003433227539
2016-12-13,0.006651863646433115,-0.010000000000000231,-0.0033443584495007656,0.008899219392906341,1.2960662841796875,0.07999992370605469
2016-12-14,-0.00828857265073185,0.06000000000000005,-0.014775853703028299,-0.0011699590234880463,-1.6136474609375,0.4699993133544922
2016-12-15,0.0041085898661245126,0.06000000000000005,-0.013785715901107687,-0.010888585673538545,0.7982025146484375,-0.39999961853027344
2016-12-16,-0.001957350513765766,0.0,0.006592778565065466,-0.009105718970210059,-0.38067626953125,-0.5900001525878906
2016-12-19,0.0021746759609659154,-0.06000000000000005,0.004985177307786946,0.0029842312480278035,0.4229888916015341,-0.48999977111816406
2016-12-20,0.003850488120854677,0.029999999999999805,-0.007394390217464912,-0.004233759574618508,0.7512054443359659,-0.26000022888183594
2016-12-21,-0.0027868000873830026,-0.020000000000000018,0.0005564603998491446,-0.001476509481291881,-0.5439758300780966,-0.17999935150146484
2016-12-22,-0.0017288230198344826,0.0,-0.0024136861188265224,0.0036641609249652264,-0.3367004394531534,0.1599998474121076
2016-12-23,0.0014630266396690307,0.0,0.003155199096609045,0.0008659788395229713,0.2848968505859659,0.009999275207521308
2016-12-27,0.002478127239399399,0.020000000000000018,0.005820121372820581,0.001849190134373707,0.4835205078124716,0.5500001907348633
2016-12-28,-0.008298778731659,-0.06000000000000005,0.0027596655752010505,0.0005125259245785663,-1.6145172119140625,0.9600000381469727
2016-12-29,-0.00022275253380547622,-0.019999999999999574,0.01305061000633585,-0.004342951339742504,-0.04315185546872158,0.4200000762939453
2016-12-30,-0.003661725379815168,-0.040000000000000036,-0.006184651823121631,0.01508250693397183,-0.7079772949219034,0.6700000762939453
2017-01-03,0.007620936865964638,0.0,0.00781538513824579,-0.010959258802062046,1.4763946533203125,-1.189999580383299
2017-01-04,0.005931459513472131,0.009999999999999787,0.0035241475629946054,-0.0038418862814960275,1.1569061279296875,-1.0
2017-01-05,-0.0007946705060081781,-0.08999999999999986,0.015395946803090798,0.007740590997296724,-0.1553955078125,-0.1800003051757848
2017-01-06,0.0035714436386226323,0.04999999999999982,-0.007399862806677905,0.009951694252328959,0.6993560791015625,-0.350000381469723
2017-01-09,-0.0033066914079318177,-0.040000000000000036,0.008198942430912352,-0.007007159987028705,-0.6475982666015625,0.2400007247924787
2017-01-10,0.0,0.0,0.004251209640407789,0.0053751462447140155,0.0,-0.07000064849853516
2017-01-11,0.002822135339096146,0.0,0.003088451356458922,-0.003424761684181173,0.5525665283203125,-0.22999954223632812
2017-01-12,-0.0025129042020425895,-0.020000000000000018,0.0036058581395100996,0.004282834624410967,-0.4920959472655966,0.2799997329711914
2017-01-13,0.0022925667252372646,0.040000000000000036,0.002630155985373185,0.001803209323731725,0.4488983154296875,-0.3100004196166992
2017-01-17,-0.0035295186325851606,-0.06999999999999984,0.014257386660884261,-0.001305020953469315,-0.6906738281250568,0.6400003433227539
2017-01-18,0.002207330637033584,0.08999999999999986,-0.00849515963956113,0.008807419508532732,0.4316558837890341,0.6099996566772461
2017-01-19,-0.003711219157143601,0.050000000000000266,-0.0008709816243126054,-0.006471944983548921,-0.7252044677733807,0.3000001907348633
2017-01-20,0.0036674148923630597,0.009999999999999787,0.0024367465635147297,0.0030014703955947883,0.7166290283203125,-1.239999771118164
2017-01-23,-0.002605749706458961,-0.06999999999999984,0.006411370524106662,0.005054843962894572,-0.5094451904296875,0.23000049591064453
2017-01-24,0.006391468088361578,0.06000000000000005,-0.00450104004040464,0.004380785936046075,1.251953125,-0.7000007629394513
2017-01-25,0.008618248553141038,0.05999999999999961,-0.00827564253844338,-0.0029870187452542053,1.7008514404296875,-0.2599992752075213
2017-01-26,-0.0010459176796764804,-0.020000000000000018,-0.009315451405169057,0.002169451772020358,-0.2071990966796875,-0.18000030517578125
2017-01-27,-0.0015712006803531308,-0.019999999999999574,0.0020286289430193087,-0.0064410634062073814,-0.3108520507812216,-0.050000190734861505
2017-01-30,-0.0062210612092801374,0.0,0.00422055808840963,0.002899318852993123,-1.2260131835937784,1.3000001907348615
2017-01-31,-8.784613743027548e-05,-0.040000000000000036,0.013768096552717091,-0.0005034903875596175,-0.01725769042965908,0.1099996566772461
2017-02-01,0.00039559625934247736,0.029999999999999805,-0.0030336413602642647,0.008852261972059784,0.07772827148434658,-0.17999935150146484
2017-02-02,0.0006587467494441289,0.0,0.005540175253055062,-0.0033759205059840968,0.1295013427734375,0.11999988555908025
2017-02-03,0.006869305762382587,0.010000000000000231,0.0025003325828475273,-0.0005274662699758506,1.355514526367159,-0.9600000381469709
2017-02-06,-0.0017892744746958599,-0.07000000000000028,0.013428758731217077,0.0019713419350956586,-0.353973388671875,0.39999961853027344
2017-02-07,4.3308034423133356e-05,-0.020000000000000018,-0.0020411460379591725,-0.0036916646517806554,0.008560180664090922,-0.07999992370605469
2017-02-08,0.0013097027130137115,-0.06000000000000005,0.006195677380773737,-0.006083672000636754,0.2590484619140625,0.15999984741210938
2017-02-09,0.005915102050357349,0.06000000000000005,-0.007644011341685387,0.001324952574866799,1.1741943359374716,-0.5699996948242188
2017-02-10,0.003938378786054603,0.010000000000000231,0.0026395141502793757,-0.0031492420707108556,0.7856597900390909,-0.02999973297118963
2017-02-13,0.005427776057026469,0.020000000000000018,-0.006825925967175972,-0.003670492466827683,1.087860107421875,0.2199993133544922
2017-02-14,0.003987571871711083,0.040000000000000036,0.0011123712399388251,-0.001983821861077884,0.802978515625,-0.32999992370605646
2017-02-15,0.0052068143603943755,0.03999999999999959,0.004437217359329355,-0.0019059474091679728,1.0533294677734375,1.2300004959106445
2017-02-16,-0.000851829003833205,-0.05999999999999961,0.005349691237603728,0.0027435541785106898,-0.17269897460940342,-0.21000003814697266
2017-02-17,0.0015750654978469892,-0.03000000000000025,-0.003393297472611437,0.006096606333929302,0.3194427490234659,-0.2700004577636719
2017-02-21,0.005937690540892417,0.010000000000000231,0.0005946540100771037,-0.005905685222143505,1.2087707519531534,0.07999992370605646
2017-02-22,-0.0008882819559128374,-0.010000000000000231,0.0013579197505681978,-0.006366536572582725,-0.1812896728515625,0.17000007629394354
2017-02-23,0.0006768435720925746,-0.040000000000000036,0.00869753215772013,0.001139192733998484,0.13812255859366473,-0.029999732971191406
2017-02-24,0.0012680348823114515,-0.06999999999999984,0.006369402264058893,0.0028748666409450312,0.25901794433602277,-0.23999977111816406
2017-02-27,0.0015616363614310532,0.04999999999999982,-0.004857175635850916,-0.0030014925084968615,0.3194427490234091,0.619999885559082
2017-02-28,-0.0027029074820434625,0.0,0.0009230175401251751,0.0029803184926625644,-0.5525817871094318,0.8299999237060529
2017-03-01,0.013900699583408652,0.10000000000000009,-0.0014268817535847192,-0.001427914978222764,2.8578338623047443,-0.3800001144409162
2017-03-02,-0.006317677644833875,0.03000000000000025,-0.012508578672614061,-0.003155193618451753,-1.30377197265625,-0.7299995422363281
2017-03-03,0.0006296085190227424,0.0,-0.0005955140219627113,-0.002483361285800688,0.1295623779296875,-0.8500003814697266
2017-03-06,-0.0029825603039071247,0.0,-0.006745539852068463,0.010480388215962188,-0.613037109375,0.2799997329711914
2017-03-07,-0.0029914080168336053,0.029999999999999805,-0.008086086565359004,-0.003890114210058578,-0.6130218505859375,0.21000003814697266
2017-03-08,-0.0018581683990544226,0.04999999999999982,-0.00623811789096147,-0.000856528977351755,-0.3798675537109091,0.4099998474121094
2017-03-09,0.0012674668475349963,0.03000000000000025,-0.005140919622256687,-0.002153918443973989,0.25903320312494316,0.4400005340576172
2017-03-10,0.003497869529994523,-0.020000000000000018,0.0021815968976861885,0.0029364122241478294,0.7165679931640909,-0.6400003433227539
2017-03-13,0.0005048135989552282,0.040000000000000036,0.00017429306368691534,0.010495752325234368,0.1036224365234375,-0.30999946594238104
2017-03-14,-0.0038337690743167575,-0.020000000000000018,-0.005418130142924943,-0.0036172570315181995,-0.78564453125,0.9499998092651349
2017-03-15,0.008616202214025415,-0.0900000000000003,0.018492494054675904,-0.0036681311722004924,1.769927978515625,-0.6700000762939453
2017-03-16,-0.00196896590839851,0.020000000000000018,0.004120559955210867,0.01175313951260352,-0.4058074951171875,-0.4200000762939453
2017-03-17,-0.0017578325462581368,-0.029999999999999805,0.0022248383768926597,0.0034204682168346265,-0.3616180419921875,0.06999969482421875
2017-03-20,-0.0010974759862052738,-0.029999999999999805,0.004435011725418118,-0.0029478685547739913,-0.2254486083984375,0.06000041961669922
2017-03-21,-0.012922516848421238,-0.040000000000000036,0.008727009558066982,-0.000494026216523266,-2.636077880859375,1.130000114440918
2017-03-22,0.002350170275783047,-0.03000000000000025,0.0024434516279076965,0.0069390189319521985,0.4768829345702841,0.3400001525878906
2017-03-23,-0.0010674310136834706,0.010000000000000231,-0.0013473994637167544,-0.002062955051731874,-0.21673583984372158,0.3099994659423828
2017-03-24,-0.0007268265144914045,-0.010000000000000231,0.0015998188263154015,-0.0005825075184240264,-0.14744567871096592,-0.15999984741210938
2017-03-27,-0.0010268664216713244,-0.020000000000000018,0.005621040603803889,0.006068102164538236,-0.20812988281247158,-0.46000003814697266
2017-03-28,0.007250671689755436,0.040000000000000036,-0.0041077969016607725,0.0010529288766618662,1.47418212890625,-0.9700002670288086
2017-03-29,0.0009345121337583275,-0.029999999999999805,0.002433200950322697,-0.003988814539129683,0.1907806396484375,-0.10999965667724787
2017-03-30,0.003179001652103961,0.029999999999999805,-0.00723300545545795,-0.005383655395307185,0.65032958984375,0.11999988555908381
2017-03-31,-0.0023303041240260018,-0.020000000000000018,0.002108015430704589,-0.006766263018980494,-0.4769134521484375,0.8299999237060547
2017-04-03,-0.0017408114531428963,-0.04999999999999982,0.005292550298656713,-0.001708436576849294,-0.3555450439453125,0.010000228881835938
2017-04-04,0.0006374015105522395,0.009999999999999787,0.002259734577374107,0.00011731597159801833,0.13011169433590908,-0.5900001525878906
2017-04-05,-0.0029771480896353107,-0.020000000000000018,0.0,0.0009608024846293539,-0.6070098876953125,1.1000003814697266
2017-04-06,0.002807278849306631,0.0,-0.0036851166978419136,-0.0007367113708814336,0.5723266601562784,-0.5
2017-04-07,-0.0010201959357277637,0.040000000000000036,0.002346621760815808,-0.002611329354407584,-0.2081756591796875,0.4799995422363281
2017-04-10,0.0005952843915211261,-0.009999999999999787,0.0,-0.005900993777431867,0.1214447021484375,1.1800003051757812
2017-04-11,-0.0011904741934706568,-0.050000000000000266,0.014378002485395934,0.0014719638399648264,-0.2427978515625,1.0199995040893572
2017-04-12,-0.004391523494832024,-0.040000000000000036,0.006825356086693186,0.001293776491387639,-0.893157958984375,0.7000007629394513
2017-04-13,-0.006516260507074771,-0.03999999999999959,0.0047420728437496,0.0055757821106804445,-1.318084716796875,0.18999958038330078
2017-04-17,0.00882096283775999,0.019999999999999574,-0.002940703113613842,-0.005650042691316677,1.7863311767578125,-1.3000001907348633
2017-04-18,-0.002988715457852512,-0.07999999999999963,0.004733558474010278,0.003198762931699693,-0.6070098876953125,-0.23999977111816584
2017-04-19,-0.0018404468235903417,0.029999999999999805,-0.008914361418128501,0.00787603933151079,-0.37289428710943184,0.5100002288818359
2017-04-20,0.008106457639060483,0.03000000000000025,0.001887609614885789,-0.0012759417804318331,1.6476135253906818,-0.7800006866455078
2017-04-21,-0.0031919295862393605,0.0,0.002865670925194773,-1.068048484067434e-05,-0.6503448486327841,0.4800004959106463
2017-04-24,0.010937726887624264,0.03999999999999959,-0.00680911772728566,0.01473387077510292,2.2371826171874716,-3.7899999618530273
2017-04-25,0.005801780787751808,0.07000000000000028,-0.010176758825308857,-0.0008370344334140607,1.1966552734374716,-0.07999992370605469
2017-04-26,-0.0006292698486118914,-0.03000000000000025,0.004894417227160271,0.005818837615714092,-0.13012695312494316,0.0900001525878924
2017-04-27,0.000838963083225726,-0.020000000000000018,-0.003730858335881937,-0.0017688276041054596,0.17350769042963066,-0.49000072479248225
2017-04-28,-0.002181764573818103,-0.009999999999999787,0.003151414614046289,-0.004104213277379672,-0.4509124755859091,0.46000003814697443
2017-05-01,0.002517049610346276,0.040000000000000036,-0.009149943206636653,0.003973291140565258,0.520294189453125,-0.7100000381469744
2017-05-02,0.0003768863110272287,-0.040000000000000036,-0.0001671121773228451,0.00013092213681450298,0.07801818847653408,0.48000049591064453
2017-05-03,-0.0012154204574069602,0.040000000000000036,-0.014055680078894413,0.0024465527570567713,-0.2514953613280966,0.09000015258788885
2017-05-04,0.0011736331039563777,0.029999999999999805,-0.010137688898777003,-0.004277630513799503,0.24284362792965908,-0.22000026702880682
2017-05-05,0.003929207907573921,0.0,0.001881961358121959,0.008463877857979456,0.8150939941406818,0.10999965667724787
2017-05-08,-0.00016680497372993026,0.03000000000000025,-0.002224522938679479,-0.0014924328465038186,-0.03466796875,-0.7999992370605487
2017-05-09,-0.0009185864611319459,0.029999999999999805,-0.006013737531639031,-0.0034152831494478875,-0.19081115722659092,0.18999958038330078
2017-05-10,0.0017944424839520003,-0.009999999999999787,-8.619187440794861e-05,-0.003752144975261105,0.3729095458984375,0.25
2017-05-11,-0.0020447851261304975,-0.020000000000000018,0.003956305862795571,-0.0014795427623111868,-0.42488098144536934,0.3900003433227557
2017-05-12,-0.0016725670955955374,-0.06000000000000005,0.0028286293961139724,-0.0005325441349082685,-0.34689331054681816,-0.20000076293945668
2017-05-15,0.005507994622703484,0.009999999999999787,0.00264989304932151,0.0057204864600827665,1.1445617675780966,0.020000457763671875
2017-05-16,-0.0009156261260366615,-0.009999999999999787,0.004344332691827055,0.0049733891475483355,-0.19070434570309658,0.22999954223632812
2017-05-17,-0.01790338776953712,-0.10999999999999988,0.018026089242991115,0.010165609234827322,-3.6940002441406534,4.940000534057619
2017-05-18,0.004020237118095796,0.009999999999999787,-0.008214659464641018,0.005607107178077628,0.8237457275390909,-0.9300003051757812
2017-05-19,0.006483056866077935,0.0,0.0049536558166890015,-0.003841584496626299,1.335372924804659,-2.619999885559082
2017-05-22,0.005064817535258746,0.020000000000000018,0.004178861021674379,0.008179592912204795,1.0492858886719034,-1.1099996566772479
2017-05-23,0.0022102998479421043,0.040000000000000036,-0.006358807682167539,0.0030299874646010755,0.4595794677734375,-0.21000003814697088
2017-05-24,0.0023301994258346013,-0.03000000000000025,0.003937188086656905,-0.005313076821422747,0.4856109619140625,-0.6999998092651367
2017-05-25,0.004767989067586534,-0.009999999999999787,-0.0010874337201151904,0.004605241095272315,0.9971771240234375,-0.030000686645507812
2017-05-26,-0.00020680651184479173,0.0,0.008832634206008617,-0.0017953372916787,-0.04335021972659092,-0.17999935150146484
2017-05-30,-0.0008692587096578999,-0.040000000000000036,-0.0033239313084347183,-0.007316153360679607,-0.18211364746090908,0.5699996948242188
2017-05-31,-0.0002482798326855331,0.0,0.003987406451696997,0.0038245199942626854,-0.0519866943359375,0.029999732971191406
2017-06-01,0.00792090134259967,0.0,0.0008286937780719529,0.0064107218921609175,1.6649169921875,-0.5199995040893555
2017-06-02,0.0033228587584812983,-0.06000000000000005,0.007345383440385594,-0.0024705630841269518,0.7023773193359375,-0.1400003433227539
2017-06-05,-0.0007373793162111971,0.03000000000000025,0.0009862969865506888,0.005781635295709812,-0.15606689453127842,0.3199996948242205
2017-06-06,-0.0032019460637222794,-0.040000000000000036,0.011191515796581182,-0.002129806388517568,-0.6763610839843466,0.3800001144409162
2017-06-07,0.0018481887226497577,0.040000000000000036,-0.005294262319270385,0.001295371377476745,0.39013671875,-0.05999946594238281
2017-06-08,0.0004922643551720783,0.009999999999999787,-0.006554676702975165,-0.0014417352935042875,0.104034423828125,-0.23000049591064453
2017-06-09,-0.0015186542976247754,0.020000000000000018,-0.009166426122606205,-0.006272006430605266,-0.3207855224609659,0.5399999618530273
2017-06-12,-0.00020533215874496356,0.0,-0.0014943988172197275,0.001533596439746188,-0.04333496093747158,0.7600002288818359
2017-06-13,0.004877877068961471,0.0,0.0009965350816834196,-0.0005151964433409355,1.0318756103515625,-1.0399999618530291
2017-06-14,-0.001268662630560079,-0.06000000000000005,-0.005493177805750778,0.0011314867284345825,-0.26885986328125,0.22000026702881037
2017-06-15,-0.0019260121688313367,0.010000000000000231,-0.00418165701990386,0.0006166547146009237,-0.4075164794921591,0.25999927520751775
2017-06-16,0.00021826625942883044,0.0,0.00016757431865917162,-0.006160839863208682,0.04614257812494316,-0.5199995040893537
2017-06-19,0.008290864070048951,0.029999999999999805,-0.00765446009733337,0.005488135775370295,1.760208129882841,-0.010000228881835938
2017-06-20,-0.006767071009575654,-0.029999999999999805,-0.0021131828104241023,-0.005699907005050658,-1.4377899169921875,0.48999977111816406
2017-06-21,-0.0002470529863385454,0.0,0.002872805881766109,-0.0006795750515412816,-0.05230712890627842,-0.1099996566772461
2017-06-22,-0.00045246409860866157,-0.010000000000000231,0.0033692883509406405,0.0027099826986903166,-0.09576416015622158,-0.2700004577636719
2017-06-23,0.0011933680028001251,0.0,0.004279445503072874,-0.001573337331533338,0.2526702880859375,-0.45999908447265625
2017-06-26,0.0006579447822954213,-0.009999999999999787,-0.00899959554685728,0.004402570472360325,0.139434814453125,-0.12000083923340021
2017-06-27,-0.008088972671672478,0.06999999999999984,0.003794725232620678,-0.0013652747414871296,-1.7079010009765625,1.1600008010864276
2017-06-28,0.00891047173125326,0.010000000000000231,0.000757258608664271,0.013817200221092344,1.8821258544921875,-1.0300006866455078
2017-06-29,-0.008827754628196995,0.04999999999999982,-0.004890000706728738,0.003828564481944142,-1.8647308349609375,1.4099998474121094
2017-06-30,0.001862804430388866,0.040000000000000036,-0.002538742638049931,0.005169753787889567,0.3921203613280966,-0.2599992752075213
2017-07-03,0.0016943698974494516,0.040000000000000036,-0.01648835238074312,-0.001623434279564029,0.3572998046875284,0.03999996185302912
2017-07-05,0.0023090678304177126,-0.020000000000000018,0.0036971824767883434,-0.005524929701014614,0.4878997802734375,-0.15000057220458807
2017-07-06,-0.009186389729391996,0.040000000000000036,-0.0004291636859008885,-0.0011693597201411616,-1.9344024658203125,1.4700002670288068
2017-07-07,0.006464341464840701,0.020000000000000018,-0.010269798493159019,0.0068427801095858175,1.359359741210909,-1.3500003814697266
2017-07-10,0.0010730622314849866,-0.010000000000000231,0.0016468254331296226,-0.001837701715489709,0.22650146484377842,-0.07999992370605469
2017-07-11,-0.0007427220844371198,-0.009999999999999787,0.0012982088742116993,0.0,-0.15679931640625,-0.2199993133544922
2017-07-12,0.007486697148531397,-0.040000000000000036,0.0035397924292919544,0.006131251207802693,1.5858917236328125,-0.5900001525878906
2017-07-13,0.0016785350804319713,0.020000000000000018,-0.0018115086761426493,-0.004807464986444529,0.3571929931640625,-0.4000005722045916
2017-07-14,0.0046537159667450175,-0.020000000000000018,0.008168900176639902,-0.0013123920117594798,0.9934539794921875,-0.3899993896484357
2017-07-17,-0.0001221647553348014,-0.020000000000000018,0.004443348999716993,0.006246082259973272,-0.0261383056640625,0.3099994659423846
2017-07-18,0.0005289877224440103,-0.040000000000000036,0.006966890452323186,-9.183638917386693e-05,0.11320495605463066,0.07000064849853338
2017-07-19,0.0053993335633959255,0.0,-0.0002540224323478422,0.00655029783305211,1.1589050292969318,-0.10000038146972656
2017-07-20,0.0004454304537973428,0.0,0.00135406277392805,-0.0018462368588922442,0.09588623046872158,-0.21000003814697088
2017-07-21,-0.0008907047510742332,-0.029999999999999805,0.008589562474350484,0.008660672812457637,-0.19169616699213066,-0.22000026702881037
2017-07-24,-0.0002430378810548031,0.019999999999999574,0.0004191258176561492,0.0045455288539196816,-0.05227661132815342,0.07000064849853338
2017-07-25,0.0024277956371487205,0.07000000000000028,-0.0032741446924645485,-0.0036730128113636957,0.5227813720702841,0.0
2017-07-26,4.0482958874073204e-05,-0.040000000000000036,0.008040236804835914,0.0004889523241933991,0.008728027343778422,0.17000007629394887
2017-07-27,-0.0009298936461280356,0.029999999999999805,-0.0007510021513584453,0.007140275713109553,-0.2003936767578125,0.5099992752075178
2017-07-28,-0.001173779352990023,-0.020000000000000018,0.00748507747253413,-0.003360330911062203,-0.252685546875,0.18000030517578125
2017-07-31,-0.0005671822951394329,0.0,0.0004969976741389874,0.005003595982651434,-0.1219940185546875,-0.029999732971191406
2017-08-01,0.002226160628000905,-0.040000000000000036,-0.0008284878144892227,0.006517456509259816,0.479217529296875,-0.1700000762939453
2017-08-02,0.0004851759863268024,0.010000000000000231,-0.002074259170059369,-0.0010872165978424119,0.104583740234375,0.18999958038330078
2017-08-03,-0.0019416924746652907,-0.029999999999999805,0.0015767861990997622,0.0033718824872047953,-0.41824340820318184,0.15999984741210938
2017-08-04,0.001820455933993293,0.029999999999999805,-0.007825504639997654,0.0028482358366718977,0.39210510253911934,-0.4099998474121094
2017-08-07,0.001857417691749081,-0.010000000000000231,-0.0011707593535362649,-0.009003661780450659,0.4008026123046875,-0.09999942779541193
2017-08-08,-0.0024638917892706156,0.03000000000000025,0.0029243323685437307,0.001909827198615512,-0.5315093994140625,1.0299997329711932
2017-08-09,-4.036914109744314e-05,-0.04999999999999982,0.012024832535234552,-0.003933743568074327,-0.008697509765625,0.14999961853027344
2017-08-10,-0.014215888301616575,-0.040000000000000036,0.00739163630100404,0.0005879322590374358,-3.0410766601562216,4.930001258850098
2017-08-11,0.001475551362364838,-0.010000000000000231,0.004734717669981235,0.0007412406839569163,0.31364440917963066,-0.5300006866455078
2017-08-14,0.009864485281985262,0.03000000000000025,-0.007110509708619871,0.004683757024378315,2.1087341308594034,-3.1800003051757795
2017-08-15,-0.00012167915112384174,0.04999999999999982,-0.007739806493235919,-0.004212813668356419,-0.02613830566409092,-0.2899999618530291
2017-08-16,0.001742867380638114,-0.040000000000000036,0.007329654945785988,-0.002939654885911989,0.3746948242187784,-0.3000001907348633
2017-08-17,-0.015713622386720586,-0.040000000000000036,0.005074451187161032,0.002810170102040692,-3.354751586914091,3.810000419616699
2017-08-18,-0.001564559584131495,0.0,-0.0015523089133794997,-0.005003297987145882,-0.3311462402343466,-1.2899999618530273
2017-08-21,0.0007825136800076439,-0.009999999999999787,0.003754179507042763,0.003473724677504832,0.16555786132809658,-1.0700006484985352
2017-08-22,0.01040284459705973,0.040000000000000036,-0.0044903781947355755,0.004725443074964282,2.2133026123047443,-1.8399991989135724
2017-08-23,-0.003591761174300258,-0.050000000000000266,0.0037569391595083405,-0.0042197846676600495,-0.7667846679687784,0.8999996185302717
2017-08-24,-0.0023334143470351005,0.020000000000000018,-0.0031025274301848694,0.0046095726316787945,-0.4966735839844034,-0.020000457763671875
2017-08-25,0.0023334143470350776,-0.020000000000000018,0.0036729988686282277,-0.0012162816868652579,0.4966735839844034,-0.9499998092651367
2017-08-28,4.074156377220236e-05,-0.009999999999999787,0.015762397031869272,0.012601173730479498,0.0086822509765625,0.03999996185302912
2017-08-29,0.001144453047185565,-0.03000000000000025,-0.0021677522181517517,0.0010044878799235918,0.2440338134765625,0.3800001144409162
2017-08-30,0.004726069513253743,0.020000000000000018,-0.00048233427165646377,0.0005504650901480018,1.010711669921875,-0.4799995422363281
2017-08-31,0.0059981629506767765,-0.029999999999999805,0.011671721617894353,-0.006455156902391667,1.289657592773409,-0.630000114440918
2017-09-01,0.001413267897010121,0.040000000000000036,0.0019056530015576626,0.0014281759693642322,0.3049926757812784,-0.46000003814697266
2017-09-05,-0.00720808602031663,-0.0900000000000003,0.011044617985341777,-0.0014281759693642749,-1.551055908203125,2.09999942779541
2017-09-06,0.0034082093658490777,0.03000000000000025,-0.0051126987089539664,0.0025723291798226953,0.7319946289061932,-0.5999994277954102
2017-09-07,-0.00012150168867142692,-0.050000000000000266,0.010355527635418995,0.00031007026908479087,-0.026138305663977235,-0.07999992370605469
2017-09-08,-0.0011754910990798037,0.010000000000000231,-0.0012495406412696415,0.008456670882772186,-0.25271606445318184,0.5699996948242188
2017-09-11,0.01060926957033939,0.08000000000000007,-0.01400714397659853,-0.0009498391490405942,2.291656494140682,-1.390000343322754
2017-09-12,0.003364992172462004,0.029999999999999805,0.002927757716954255,-0.0048553725898403035,0.7319488525390625,-0.14999961853027166
2017-09-13,0.0004799501532104679,0.03000000000000025,-0.007534611170577382,0.0012684952800507596,0.1045989990234375,-0.07999992370605646
2017-09-14,-0.0003200111929715818,0.0,0.004369098124020519,-0.007040230737258596,-0.06974792480474434,-0.06000041961669922
2017-09-15,0.0013453732500640545,0.0,-0.005006207576558888,0.0026074388715421597,0.29338073730474434,-0.26999950408935725
2017-09-18,0.002124682681136239,0.029999999999999805,-0.009364174007229185,0.0013003754213913215,0.46412658691397723,-0.020000457763671875
2017-09-19,0.001000459932316753,0.010000000000000231,0.002088539057238403,0.0018519597279447737,0.21888732910161934,0.030000686645507812
2017-09-20,0.00036011580269170086,0.03999999999999959,-0.008056762706663206,0.0027783834456705627,0.07884216308590908,-0.40000057220458807
2017-09-21,-0.0026831085893454266,-0.009999999999999787,-0.007633024715443067,-0.010094523826527133,-0.5867462158202841,-0.10999965667724787
2017-09-22,0.000200646526816083,-0.010000000000000231,0.0045543146609353605,0.006168672724767713,0.0438232421875,-0.07999992370605291
2017-09-25,-0.002046848000939221,-0.03999999999999959,0.01041298453601296,-0.0015397038475801963,-0.4466400146484091,0.619999885559082
2017-09-26,0.0006023709580709784,0.020000000000000018,-0.011224726404076811,-0.00601701171679182,0.13134765625,-0.03999996185302912
2017-09-27,0.0038868706992155875,0.06999999999999984,-0.009464790137827282,-0.005886836853223914,0.8494415283202841,-0.3000001907348615
2017-09-28,0.0011991270890115034,0.0,0.0018837445698112896,-0.0030949455631941935,0.262725830078125,-0.31999969482421875
2017-09-29,0.0035086722845734945,0.020000000000000018,-0.0051683715774129575,0.0027296467229846197,0.7705535888671875,-0.039999961853027344
2017-10-02,0.004329529703676199,0.009999999999999787,-0.006684614889873692,0.0021702076480590985,0.954559326171875,-0.06000041961669922
2017-10-03,0.0021378406412499696,-0.009999999999999787,0.0004967317019956395,-0.006250154855581916,0.472869873046875,0.06000041961669922
2017-10-04,0.0011856714770890077,0.0,0.002809888938788158,0.0011741541657486819,0.2626953125,0.11999988555908203
2017-10-05,0.005907498212081229,0.020000000000000018,-0.005378816723625682,0.000822629559822298,1.313507080078125,-0.4400005340576172
2017-10-06,-0.0011394311779595312,0.020000000000000018,0.0047183541150492775,-0.0038255380743325205,-0.2539520263671875,0.4600000381469709
2017-10-09,-0.0016524708770162305,0.0,0.008142542011553811,0.0025682950913297697,-0.3677825927734375,0.6800003051757848
2017-10-10,0.002634787982856451,-0.020000000000000018,0.002617800009600174,-7.0457239084023e-05,0.5867004394530966,-0.25
2017-10-11,0.0015698943528694477,0.0,0.0031812040839063376,0.006218846333423547,0.3503112792969034,-0.22999954223632812
2017-10-12,-0.0014911973722676402,-0.020000000000000018,0.0008140547013934963,0.0042743566814671605,-0.332763671875,0.059999465942381036
2017-10-13,0.0012164147510280545,-0.050000000000000266,0.007539254296557061,-0.0028436443420639165,0.2714080810547159,-0.3000001907348633
2017-10-16,0.0013329571481677613,0.020000000000000018,-0.006888462515220647,-0.001501544931142891,0.2977905273437216,0.3000001907348633
2017-10-17,0.000704691707788953,0.0,-0.00685440441719968,-0.0016526703470598411,0.1575927734375,0.40000057220458984
2017-10-18,0.00097829395259525,0.040000000000000036,-0.0037735819439875884,-0.0019205864297465773,0.21896362304690342,-0.2400007247924787
2017-10-19,0.0002738871325529286,-0.009999999999999787,0.005900215657301747,0.0019796105030956174,0.06134033203122158,-0.019999504089357245
2017-10-20,0.005146754558106471,0.06000000000000005,-0.006393454395473306,0.004468522795391605,1.1558074951171875,-0.07999992370605469
2017-10-23,-0.003896887873232143,-0.010000000000000231,0.0015611723194451613,-0.008000833040873344,-0.8756713867187784,1.099999427795412
2017-10-24,0.0017555741049464278,0.040000000000000036,-0.0038662591759729935,0.0004702904875673446,0.3940734863281534,0.09000015258788885
2017-10-25,-0.004962313582757962,0.020000000000000018,0.0001647984431065092,-1.1759635881293249e-05,-1.1121063232421875,0.06999969482421875
2017-10-26,0.0012914420832785458,0.020000000000000018,-0.008440935931399107,0.005234651900610724,0.2888946533203125,0.07000064849853516
2017-10-27,0.00814326597280692,-0.040000000000000036,0.004725786574733635,-0.01564581794464382,1.83026123046875,-1.5
2017-10-30,-0.003732029695983401,-0.04999999999999982,0.0019005561122996506,-0.0028122811584414065,-0.8406524658203125,0.6999998092651367
2017-10-31,0.0015565416107439643,0.009999999999999787,-0.0038047944426043163,0.004139812097083693,0.3502349853515625,-0.3199996948242205
2017-11-01,0.0013214253948043645,-0.009999999999999787,0.003639696661163179,-8.164019452064136e-05,0.2977600097655966,0.019999504089357245
2017-11-02,0.000388294590902775,-0.020000000000000018,0.0006603535530684753,-0.0019787939054160286,0.08757019042971592,-0.26999950408935725
2017-11-03,0.003333164660205666,-0.010000000000000231,-0.004714451332297365,0.00284140815238091,0.7531127929687784,-0.7899999618530256
2017-11-06,0.0015464456951757514,-0.020000000000000018,0.008502950979343818,-0.004026851354010363,0.35026550292963066,0.25999927520751775
2017-11-07,-0.0006956214715343204,0.0,-0.0036235108435323914,-0.00019738548972792174,-0.15762329101565342,0.49000072479248225
2017-11-08,0.0016995470654010963,0.0,0.003459056119704665,-0.0009981989804078012,0.38529968261724434,-0.1100006103515625
2017-11-09,-0.0036345442058561632,0.010000000000000231,0.004102401645100611,-0.0003596121387038146,-0.8231811523437216,0.7200002670288086
2017-11-10,-0.0003097771644211345,0.06999999999999984,-0.008221702339946372,0.0043000786630653445,-0.07002258300786934,0.7899999618530273
2017-11-13,0.0009295833723659818,0.0,0.001484906303430995,0.001223701080318296,0.21018981933596592,0.21000003814697266
2017-11-14,-0.002325276435973071,-0.020000000000000018,0.002058715307154061,0.00032656489137086097,-0.5254058837890341,0.09000015258789062
2017-11-15,-0.005017868342703938,-0.04999999999999982,-0.0012346702455872252,0.010907609447217186,-1.129653930664091,1.5399999618530273
2017-11-16,0.008464916810553311,0.040000000000000036,-8.238652462762423e-05,0.0,1.908966064453125,-1.369999885559082
2017-11-17,-0.0029429473465770995,-0.020000000000000018,0.011954609509226865,-0.0013080981138198554,-0.6655120849609375,-0.32999992370605646
2017-11-20,0.0017049487466942043,0.020000000000000018,-0.012696268046166,-0.00387900941326029,0.38531494140625,-0.7800006866455078
2017-11-21,0.006521350763140427,-0.010000000000000231,0.001647348843739489,0.0007980439055142195,1.4798889160156534,-0.9200000762939435
2017-11-22,-0.0008848050935233746,-0.040000000000000036,0.009175087875407823,-0.0003403883384462701,-0.20135498046877842,0.15000057220458984
2017-11-24,0.0023069248028893662,0.020000000000000018,-0.002531110250715074,0.00989632893110895,0.5253601074218466,-0.21000003814697443
2017-11-27,-0.000499460401035067,-0.020000000000000018,0.004160741332319787,0.00609963059633493,-0.11384582519528408,0.1999998092651385
2017-11-28,0.010093858609481601,0.020000000000000018,-0.00016287471547656875,-0.0018111957909795597,2.3118438720703125,0.15999984741210938
2017-11-29,-0.0006089657663523806,0.03000000000000025,-0.006289558392421399,-0.004786254653440127,-0.14013671875,0.6700000762939453
2017-11-30,0.008716986077502408,0.04999999999999982,-0.007732229391441411,0.00033187390605268443,2.0141296386719034,0.5799999237060547
2017-12-01,-0.0020778751957241863,-0.04999999999999982,0.0040380612309282235,0.0038949725055720153,-0.4817047119140909,0.15000057220458807
2017-12-04,-0.0012104459788591661,0.0,-0.003377653154607993,-0.003231052357120294,-0.2801513671875284,0.25
2017-12-05,-0.0036031438197487694,-0.010000000000000231,-0.007122188370048705,0.0006643836844994911,-0.8319244384765341,-0.350000381469723
2017-12-06,0.00019006071242460743,-0.029999999999999805,-0.002079954164184071,-0.0029389064537555013,0.04380798339840908,-0.3099994659423846
2017-12-07,0.003148053137164672,0.040000000000000036,-0.013246352701112138,-0.002422797988340597,0.7268218994140909,-0.8600006103515625
2017-12-08,0.0054381238838447,0.009999999999999787,-8.435250698713456e-05,-0.0027231131814485885,1.260955810546875,-0.5799999237060529
2017-12-11,0.0030083192416312144,0.010000000000000231,-0.003974813553107255,-0.0001882666154521876,0.70050048828125,-0.23999977111816584
2017-12-12,0.0017637022658694163,0.009999999999999787,0.0011856318079055527,0.0006474925079881131,0.4116668701171875,0.5799999237060529
2017-12-13,-0.00011241435643114824,-0.040000000000000036,0.008596013189973923,-0.002975242802169791,-0.02626037597659092,0.26000022888183594
2017-12-14,-0.004094775518236621,-0.009999999999999787,-0.00201594243248492,0.007910432083082026,-0.9545440673828125,0.3099994659423846
2017-12-15,0.008293135418754533,0.0,0.00209987057429634,-0.005158903947455346,1.937301635742216,-1.0699996948242205
2017-12-18,0.006320912346862156,0.040000000000000036,0.004604277886820867,-0.002669402938509293,1.4874114990234375,0.10999965667724787
2017-12-19,-0.0038476152775997067,0.06999999999999984,0.0007513783425439744,0.0034585584970408443,-0.906524658203125,0.5
2017-12-20,-0.0005240471827289853,0.03000000000000025,0.0026671102328525206,0.00483143721251939,-0.123199462890625,-0.3099994659423828
2017-12-21,0.0020572251601045917,-0.010000000000000231,0.0014140004111242409,0.0031072487323386346,0.4840087890625,-0.10000038146972656
2017-12-22,-0.0002615878422771271,0.0,0.005222850279184027,-0.0017564352044179,-0.0615997314453125,0.27999973297118963
2017-12-26,-0.001196906239840977,-0.009999999999999787,0.006839416919106776,0.0012815196646547412,-0.2816467285155966,0.35000038146972834
2017-12-27,0.0004865091752988763,-0.050000000000000266,0.003770551302149118,-0.001234067632668466,0.11444091796872158,0.2200002670288086
2017-12-28,0.0020551902356364888,0.010000000000000231,0.0050595432932777126,0.003611301394254342,0.4840545654296875,-0.2899999618530291
2017-12-29,-0.0037775883875938903,-0.03000000000000025,0.006490919761210391,0.0034333082699906565,-0.8889617919921591,0.8599996566772479
2018-01-02,0.007131906239312024,0.06000000000000005,0.012058023762451863,0.005832652752335245,1.6811370849609375,-1.2699995040893555
2018-01-03,0.006305298645560133,-0.020000000000000018,-0.0026403330092135157,0.004309459786959923,1.4963073730468466,-0.6200008392334002
2018-01-04,0.004205765391624347,0.020000000000000018,0.005114278310262769,-0.0044055338609388685,1.0033264160156534,0.07000064849853693
2018-01-05,0.006642153188750614,0.010000000000000231,-0.0010367021379345971,0.004851896369631849,1.5931701660155966,0.0
2018-01-08,0.0018269377346730705,0.020000000000000018,-0.0001596255390368383,-0.0026034254630769985,0.4400634765625,0.3000001907348633
2018-01-09,0.0022611181836096005,0.05999999999999961,-0.004639219643041699,-0.005581836821075154,0.5457611083984659,0.5599994659423846
2018-01-10,-0.0015312133795142052,0.0,0.002402270692406848,-0.003441541320087566,-0.3697204589844034,-0.26000022888183594
2018-01-11,0.007269267190372021,-0.009999999999999787,0.003273877321212141,0.0022451934756692197,1.76025390625,0.06000041961669744
2018-01-12,0.006498213203426259,0.009999999999999787,0.012044492942167013,0.007163443657419676,1.58441162109375,0.2799997329711914
2018-01-16,-0.00342432898012924,-0.009999999999999787,0.001652690627169873,0.018620807284885337,-0.836212158203125,1.5
2018-01-17,0.009486459346287024,0.029999999999999805,-0.008132363237354166,0.00023307764364815267,2.3236083984375284,0.25
2018-01-18,-0.0016819672943870956,0.050000000000000266,-0.002222213448585594,-0.007140809171959861,-0.4135894775390909,0.3100004196166992
2018-01-19,0.004539070082664333,0.020000000000000018,0.0044394996120163946,0.004310183172470693,1.1177368164062784,-0.9499998092651367
2018-01-22,0.008098183971417048,0.020000000000000018,0.0018177059354296304,0.0015430167694837121,2.0068054199218466,-0.24000072479248047
2018-01-23,0.002120245956133603,-0.03000000000000025,0.004961985943158681,6.12782288566978e-05,0.528106689453125,0.07000064849853693
2018-01-24,-0.00038867127187681516,0.020000000000000018,0.012104345577545294,0.00439735155950313,-0.096893310546875,0.36999988555908025
2018-01-25,0.0004237360687792473,-0.020000000000000018,-0.006697849027902464,0.006545840132911253,0.10563659667965908,0.10999965667724787
2018-01-26,0.011511521301618392,0.03000000000000025,0.0007811756386790387,9.918292422570005e-05,2.8869934082031534,-0.5
2018-01-29,-0.006651570490907744,0.040000000000000036,-0.005637857183470335,0.0028791319849888757,-1.672210693359375,2.760000228881834
2018-01-30,-0.010310152805485072,0.029999999999999805,-0.00432812337307631,-0.00378339768589846,-2.570098876953125,0.9499998092651367
2018-01-31,0.0004961654925009523,-0.009999999999999787,0.00668108957049156,0.002293139592610932,0.12307739257806816,-1.25
2018-02-01,-0.0011354659729652051,0.05999999999999961,0.0032848909860550284,0.0007324958037122442,-0.28157043457025566,-0.06999969482421875
2018-02-02,-0.022010849978660554,0.06000000000000005,-0.013204686797240324,0.007328950679841816,-5.3955078125,3.839999198913574
2018-02-05,-0.04272189542492145,-0.06999999999999984,0.0025286437555192493,-0.005053840607735393,-10.139434814453125,20.010000228881836
2018-02-06,0.01951060155380757,0.020000000000000018,-0.010551899645680993,-0.006377383172319716,4.5768585205078125,-7.340000152587891
2018-02-07,-0.00543955733690519,0.04999999999999982,-0.004716772083453232,0.0010890581283255556,-1.285018920898409,-2.25
2018-02-08,-0.038230577206985764,0.010000000000000231,0.001521419504394612,-0.009181762489920852,-8.836898803710966,5.729999542236328
2018-02-09,0.01490993931074705,-0.020000000000000018,-0.0016817358427458674,-0.000600981855033339,3.4062652587890625,-4.399999618530273
2018-02-12,0.014577739338581586,0.029999999999999805,0.0047973715177869495,-0.0006496959447372854,3.3798370361328125,-3.449998855590824
2018-02-13,0.0024843199581827922,-0.029999999999999805,0.005647253596785232,0.004150100441697588,0.5809173583984375,-0.6400012969970703
2018-02-14,0.013405889870342894,0.08000000000000007,0.016908852519764518,0.004056140127369198,3.1597747802734375,-5.709999084472649
2018-02-15,0.012679522195095636,-0.010000000000000231,0.0011691607653979673,0.009146425433200864,3.027801513671875,-0.13000106811523793
2018-02-16,0.0002928633328458694,-0.029999999999999805,-0.0032769459911664296,0.0029091421930713865,0.07038879394534092,0.3299999237060547
2018-02-20,-0.006280759118023298,0.009999999999999787,-0.01353286775093791,-0.008429352465482794,-1.5050506591796875,1.1400012969970703
2018-02-21,-0.0049867197316132905,0.06000000000000005,-0.004604964057785635,-0.0051198390023570895,-1.188247680664091,-0.5799999237060547
2018-02-22,0.0012950957643273204,-0.020000000000000018,0.005080177401414198,-0.004345012256307387,0.3080291748046875,-1.3000011444091832
2018-02-23,0.01581372947644241,-0.040000000000000036,-0.0012676571223932977,0.0036420916071722422,3.7935333251953125,-2.2299995422363246
2018-02-26,0.01154538270159404,-0.020000000000000018,0.0024545525850457493,-0.003212105009122603,2.8077392578125,-0.6899995803833008
2018-02-27,-0.012565088814071847,0.040000000000000036,-0.01049377405473232,0.0023126013299230768,-3.0541687011719034,2.7899999618530273
2018-02-28,-0.010181714597592215,-0.029999999999999805,-0.0010394376248336417,-0.006946405230548163,-2.4468536376953125,1.260000228881836
2018-03-01,-0.014647646079122842,-0.06000000000000005,-0.0022425027652310265,-0.003199213284151492,-3.4766845703124716,2.619998931884762
2018-03-02,0.00514165920480239,0.04999999999999982,0.005357640797750738,0.00650694664057467,1.2145996093749432,-2.879999160766598
2018-03-05,0.0114918288126382,0.020000000000000018,-0.0016761714003699012,0.0036263787619993924,2.7373657226563353,-0.8600006103515625
2018-03-06,0.00253172518777763,0.0,0.010726720619181963,0.001713382605229048,0.6072998046874716,-0.3699989318847692
2018-03-07,-0.0003665759650904222,0.010000000000000231,-0.006422202914569186,0.006472901653150981,-0.0880279541015625,-0.600000381469723
2018-03-08,0.004827206519230388,-0.03000000000000025,-0.002389131123572725,-0.00016140177040260427,1.1617736816405966,-1.2199993133544922
2018-03-09,0.017252676918321417,0.040000000000000036,0.000956349666608725,-0.008738819743630995,4.198379516601591,-1.9000005722045898
2018-03-12,-0.001255549176510031,-0.029999999999999805,0.0,0.00017221271392751176,-0.3079833984375,1.1399993896484375
2018-03-13,-0.006483856359380345,-0.03000000000000025,0.001909899228192024,0.002501775781071896,-1.5843353271484375,0.5700006484985352
2018-03-14,-0.005144613341485464,-0.029999999999999805,-0.0006362480921954514,0.004266335039781299,-1.249801635742159,0.8799991607666016
2018-03-15,-0.0010901401747666767,0.009999999999999787,-0.006384661969759812,-0.0013499625381387281,-0.2640075683594034,-0.6399993896484375
2018-03-16,0.0010835910374076374,0.03000000000000025,-0.002404835241203122,-0.005381152570823163,0.262420654296875,-0.7899999618530273
2018-03-19,-0.013622551305654226,0.0,0.0021646240154515875,-0.0023114690130010985,-3.278472900390625,3.2200002670288086
2018-03-20,0.0016989661010373674,0.040000000000000036,-0.0044947919586221805,0.004554221061101681,0.4064483642577841,-0.8199996948242188
2018-03-21,-0.001921013747705119,0.0,0.017305793278473782,-0.006909380265738895,-0.4595184326171591,-0.3400001525878906
2018-03-22,-0.02531498219102473,-0.06000000000000005,-0.0039610286020946425,0.007785708051778046,-5.973754882812528,5.479999542236328
2018-03-23,-0.021544806626142964,-0.010000000000000231,0.01285555168848731,-0.0018381487711449,-4.96630859375,1.5300006866455078
2018-03-26,0.026991219580689434,0.03000000000000025,0.005236622780197456,0.002381543956155749,6.238800048828153,-3.8400001525878906
2018-03-27,-0.017158225334249537,-0.07000000000000028,-0.006177451915059426,0.00831188172368744,-3.985458374023409,1.4699993133544922
2018-03-28,-0.002958865137804622,-0.009999999999999787,-0.013901136089334711,-0.003990881759450981,-0.6803894042969034,0.37000083923339844
2018-03-29,0.012696637260766865,-0.029999999999999805,0.0004770798243684067,-0.007897382931562176,2.9338531494140625,-2.90000152587891
2018-04-02,-0.021820998054482343,-0.010000000000000231,0.011618397461991309,0.00032009282771578953,-5.019363403320341,3.65000152587891
2018-04-03,0.01273553247221083,0.06000000000000005,-0.007572201071777906,-0.0017470394477167334,2.916168212890682,-2.520000457763672
2018-04-04,0.010642197376866334,0.0,0.0011868954626523271,-0.001154869778581974,2.4654846191405966,-1.0400009155273438
2018-04-05,0.007861143742430953,0.040000000000000036,-0.005153580456721192,0.0006755016584394306,1.8381195068358807,-1.1199989318847656
2018-04-06,-0.022537923409111885,-0.06000000000000005,0.004678991304776214,-0.002870925082302187,-5.231460571289034,2.549999237060547
2018-04-09,0.004916321192600387,0.009999999999999787,0.0033963960355940744,0.001618556583301758,1.1311340332031534,0.2800006866455078
2018-04-10,0.015775209318775886,0.020000000000000018,0.002362787969159305,0.004144001211158943,3.66729736328125,-1.3000011444091832
2018-04-11,-0.005256310259294921,-0.009999999999999787,0.007757730797944395,0.0032954948055088436,-1.2283782958984375,-0.22999954223632457
2018-04-12,0.008193749919686707,0.040000000000000036,-0.011698777825105302,0.0006925638918780253,1.9176635742187216,-1.75
2018-04-13,-0.0029374396603916567,-0.010000000000000231,0.00653361006986455,-0.0033963667390498223,-0.6892852783202841,-1.0799999237060547
2018-04-16,0.0081883028972604,0.010000000000000231,0.0014113245973423145,0.00023433623354313018,1.926483154296875,-0.8500003814697266
2018-04-17,0.01064163936853183,-0.010000000000000231,0.000939797609092718,0.0042513295822551745,2.527374267578125,-1.3099994659423828
2018-04-18,0.0007395170950755749,0.050000000000000266,0.0007824607184664891,-0.0009655845061456074,0.17663574218752842,0.35000038146972834
2018-04-19,-0.0055627086744485695,0.04999999999999982,-0.001957330849889553,0.00048266805112577506,-1.3254699707031534,0.3599996566772443
2018-04-20,-0.00851571995392285,0.040000000000000036,-0.007630932179695003,-0.0027196968051803935,-2.0148773193359375,0.9199991226196289
2018-04-23,-0.00014987845558943447,0.020000000000000018,-0.008007927882251395,-0.005859248577880163,-0.035308837890625,-0.5399990081787109
2018-04-24,-0.01355897422284472,0.020000000000000018,0.004844167468111396,-0.0052637028397498915,-3.1724700927734375,1.6800003051757812
2018-04-25,0.0024688298096876907,0.029999999999999805,-0.006517267321502421,0.0026528923546068075,0.5744476318359375,-0.18000030517578125
2018-04-26,0.01011434910587578,-0.029999999999999805,-0.0035146807713917604,-0.005712650234150854,2.3682708740234375,-1.6000003814697266
2018-04-27,0.0009384841271114275,-0.040000000000000036,0.0042320403061771,-0.00511110874201837,0.2209625244140625,-0.8299999237060547
2018-04-30,-0.007720376943217021,-0.009999999999999787,-0.00727744165435215,0.0010903377604621455,-1.81158447265625,0.5200004577636701
2018-05-01,0.0017752036985236826,0.020000000000000018,-0.007088207443339079,-0.003436890367874952,0.415313720703125,-0.4400005340576154
2018-05-02,-0.0067402073533084726,0.0,-0.00048510316641562344,-0.007450468811979633,-1.5729827880859375,0.48000049591064453
2018-05-03,-0.0022060876186877883,-0.03000000000000025,0.005082068394914099,-0.0033877940587112173,-0.512542724609375,-0.07000064849853693
2018-05-04,0.012863365169953653,0.010000000000000231,0.0020898820929316714,0.003195912401978984,3.004547119140625,-1.1299991607665998
2018-05-07,0.0033772864556761177,0.0,0.00024084765259023235,-0.0028613126228246057,0.7952728271484375,-0.020000457763671875
2018-05-08,0.0,0.020000000000000018,0.0001605124693187213,-0.0017797005116395965,0.0,-0.039999961853027344
2018-05-09,0.009619596389102952,0.029999999999999805,-0.0020889812252642393,-0.005533851088539423,2.2799682617187216,-1.2899999618530291
2018-05-10,0.009307063895685483,-0.029999999999999805,0.006813368242228986,-0.0017430672818787454,2.2268676757812784,-0.1900005340576154
2018-05-11,0.0030469010382793457,0.0,-0.0014389666321499815,0.00591735512042152,0.7335357666015625,-0.5799999237060565
2018-05-14,0.00047616391212860083,0.029999999999999805,-0.004088363068462751,0.0029002183504962887,0.114837646484375,0.2800006866455078
2018-05-15,-0.006910616539840141,0.08000000000000007,-0.01627759547639607,-0.0017554472898831247,-1.6613006591796875,1.6999998092651385
2018-05-16,0.004195989873359751,0.009999999999999787,-0.0015524980696371136,-0.00928694064996898,1.0073394775390625,-1.2100000381469744
2018-05-17,-0.0008451288762924272,0.020000000000000018,0.0005722435830601718,-0.0003309314358126005,-0.2032318115234375,0.010000228881835938
2018-05-18,-0.0025030239413364754,-0.04999999999999982,0.00040857173330558584,-0.0018417401567752197,-0.6009063720703125,-0.010000228881835938
2018-05-21,0.007490607140534536,0.0,0.0005716827532715196,-0.002426900758167098,1.802780151367159,-0.3400001525878871
2018-05-22,-0.002784156500224526,0.0,-0.0005716827532715781,0.002191086827304078,-0.6716461181640057,0.14000034332275213
2018-05-23,0.0027473944486631338,-0.050000000000000266,0.0010614187645907496,-0.0003302127283434639,0.6627655029296591,-0.6400003433227521
2018-05-24,-0.002050327625463516,-0.029999999999999805,0.00853209120176816,-0.006673574838505587,-0.4947814941405966,-0.05000019073486506
2018-05-25,-0.0023860594336891925,-0.04999999999999982,-0.0030793967645780895,0.0010661932567612865,-0.5745239257813068,0.6900005340576172
2018-05-29,-0.011567310251896053,-0.16000000000000014,-0.00016231041385140818,-0.00819555569524164,-2.765869140624943,3.8000001907348633
2018-05-30,0.013256302862385553,0.06999999999999984,0.001460093554238186,-0.007563750116088786,3.1724090576171875,-2.080000877380371
2018-05-31,-0.006144702823690143,-0.009999999999999787,-0.0021909715513726826,0.011022910220800021,-1.4757385253906818,0.4900007247924787
2018-06-01,0.00976965908970871,0.06000000000000005,-0.004967644235411668,0.0022192132434978853,2.3505859375,-1.9700002670288068
2018-06-04,0.004740232495319638,0.04999999999999982,-0.0009801121170805289,-0.002102537023960953,1.1488037109375284,-0.7200002670288086
2018-06-05,0.0007274790742072092,-0.020000000000000018,0.003914822104047846,0.002734209840494974,0.176788330078125,-0.3400001525878924
2018-06-06,0.00832551459982232,0.050000000000000266,0.0005696358194504353,0.0021903341397488986,2.03240966796875,-0.7599992752075178
2018-06-07,-0.00010806535449572443,-0.040000000000000036,-0.00048822166232812176,0.0050432443457019025,-0.0264892578125,0.48999977111816406
2018-06-08,0.002952157179316605,0.0,0.0012201695433653895,0.0008253392859986731,0.7246704101562216,0.050000190734861505
2018-06-11,0.0013293891129397095,0.029999999999999805,0.0017868849442264543,-0.0009549196576974336,0.3270263671875284,0.17000007629394887
2018-06-12,0.0012912854164677094,0.0,-0.003332688774722517,-0.0008363539989248185,0.3180694580078409,-0.010000228881837714
2018-06-13,-0.003195789489862848,0.020000000000000018,0.003008032375587246,-0.002199270438669329,-0.7864379882812784,0.5999994277954102
2018-06-14,0.0025143323789386914,-0.040000000000000036,0.0015411027282310494,0.005052684987134998,0.6185302734375284,-0.8199996948242188
2018-06-15,-0.001276286857771286,-0.009999999999999787,-0.016672509186741884,-0.020638107698380467,-0.3141632080078409,-0.1400003433227539
2018-06-18,-0.0020589782637448614,-0.010000000000000231,-0.0018972637609840908,0.002536267703775233,-0.5059814453125,0.3300008773803711
2018-06-19,-0.003840350772628488,-0.029999999999999805,-0.0025629178089954913,0.0029962096356120605,-0.9409637451171875,1.0399999618530291
2018-06-20,0.001704497923959372,0.040000000000000036,-0.004480227388754277,-0.0036336856020982174,0.4171905517577841,-0.560000419616701
2018-06-21,-0.006288129499375133,-0.03000000000000025,-0.001747735286870753,-0.0008224597834486959,-1.5355529785155966,1.8500003814697266
2018-06-22,0.0018210709819642507,0.0,0.0024126912728642744,0.0023068753656377444,0.4437103271484091,-0.869999885559082
2018-06-25,-0.013706417268050969,-0.029999999999999805,-0.003746388732216758,0.004781358516060751,-3.319854736328125,3.559999465942383
2018-06-26,0.0022117539356161678,0.009999999999999787,-0.0052686490212924385,0.003539625505008509,0.5326385498047159,-1.4099998474121112
2018-06-27,-0.008318704438201258,-0.04999999999999982,-0.005718147886605,-0.0044953797831452195,-1.997222900390625,1.9899997711181658
2018-06-28,0.005701414447777965,0.009999999999999787,-0.0030405479988212347,-0.007463204842131897,1.3670501708983807,-1.0599994659423828
2018-06-29,0.0014381741779023983,0.010000000000000231,0.0036306900201949913,-5.783505454369426e-05,0.3460693359375284,-0.7600002288818359
2018-07-02,0.002136002228236235,0.020000000000000018,-0.010080153442110952,0.00994714712822947,0.5149078369140909,-0.4899997711181623
2018-07-03,-0.0035376257383425624,-0.040000000000000036,0.010080153442110855,-0.003124912448468689,-0.8521881103516193,0.5399990081787092
2018-07-05,0.008125039919164585,0.009999999999999787,0.0033656028250155126,0.0017361321504704976,1.9617614746094318,-1.169999122619629
2018-07-06,0.008422493175540285,-0.020000000000000018,-0.0015972634935637394,0.002873078600661516,2.05047607421875,-1.6000003814697266
2018-07-09,0.00896403298485453,0.040000000000000036,0.002436881277559937,0.004806882998706923,2.201370239257841,-0.6800003051757812
2018-07-10,0.0035921662098584734,0.010000000000000231,-0.0018481290459546572,0.0003996761874951096,0.8877105712890341,-0.049999237060546875
2018-07-11,-0.007341442541617299,-0.020000000000000018,-0.010905978807671088,-0.0025479448635795567,-1.81085205078125,0.9899997711181641
2018-07-12,0.009025055606659706,0.0,0.004156581212429495,-0.004294710183780235,2.2280120849609375,-1.0500001907348615
2018-07-13,0.0007873485598104742,-0.020000000000000018,-0.004411618657356081,-0.0009336480898713101,0.1953277587890625,-0.399999618530277
2018-07-16,-0.000894602880984012,0.020000000000000018,-0.0005102701051306204,0.0011321950635473854,-0.221923828125,0.649999618530277
2018-07-17,0.004036770622280963,0.009999999999999787,-0.01086273575472535,0.002596160411045844,1.002975463867216,-0.7699995040893572
2018-07-18,0.0021014370915583957,0.020000000000000018,0.00025795416772476286,-0.004812627760435433,0.5237274169921591,0.03999996185302912
2018-07-19,-0.003778196243176157,-0.040000000000000036,-0.004308123245285948,-0.0006524588597063798,-0.9408264160155966,0.7699995040893537
2018-07-20,-0.0011440292375646827,0.050000000000000266,0.006455244826308788,0.0008155070803001822,-0.2841796875,-0.010000228881835938
2018-07-23,0.001858138059403011,0.06999999999999984,-0.004815949835095169,0.007416802719637017,0.4617309570312216,-0.23999977111816406
2018-07-24,0.005019084031485919,-0.009999999999999787,0.00034477603659500224,-0.004077814856735979,1.251495361328125,-0.21000003814697266
2018-07-25,0.008486393783658813,-0.010000000000000231,0.00550018047205447,-0.0007364777587126888,2.130401611328068,-0.11999988555908203
2018-07-26,-0.002361839089743706,0.040000000000000036,-0.00782971239395345,0.004438682606524418,-0.5947265625,-0.14999961853027344
2018-07-27,-0.006799597308141325,-0.020000000000000018,0.0005181795313148685,-0.008089604616353593,-1.7043609619139772,0.8899993896484375
2018-07-30,-0.00523687995999024,0.020000000000000018,-0.00155521288098982,0.0015031493557779215,-1.3047790527344034,1.2300004959106445
2018-07-31,0.004917121395140404,-0.020000000000000018,0.0029355602050311473,0.004019211446705516,1.2249145507812216,-1.4300003051757795
2018-08-01,-0.0016721187320137302,0.040000000000000036,-0.007355188129704966,-0.0015207742859472315,-0.4172210693359091,0.3199996948242152
2018-08-02,0.005433157890646494,-0.020000000000000018,-0.0053993230298752665,-0.002031950545646603,1.35821533203125,-0.9600000381469709
2018-08-03,0.004275694673987915,-0.029999999999999805,0.0034867672609534624,-0.00687094620857647,1.0740661621093466,-0.5499992370605469
2018-08-06,0.003660394404376031,-0.010000000000000231,-0.0051471986083892985,-0.0020485936709178547,0.9231567382812784,-0.36999988555908203
2018-08-07,0.0032972040922617856,0.040000000000000036,0.0022714889105877236,-0.0003698943193174424,0.8344573974609375,-0.3400001525878924
2018-08-08,-0.00042065691552005413,-0.020000000000000018,0.002788736658924094,0.00387939481100834,-0.10661315917974434,-0.07999992370605113
2018-08-09,-0.00136692619612403,-0.029999999999999805,-0.001480564583197746,0.0006732375104906637,-0.34613037109366473,0.42000007629394354
2018-08-10,-0.006722798388759758,-0.06000000000000005,-0.00043582289228197795,-0.007507102373803506,-1.6954650878906818,1.8899993896484375
2018-08-13,-0.0037506710362626423,0.009999999999999787,-0.015199092023381669,-0.011275742016472816,-0.9409637451171591,1.619999885559082
2018-08-14,0.006360838536426776,0.010000000000000231,0.000973327608104041,0.0006839682303000879,1.5978851318359375,-1.4699993133544922
2018-08-15,-0.0074957369326005725,-0.03000000000000025,-0.01676662157593087,-0.004993251859406075,-1.8819122314453125,1.3299999237060547
2018-08-16,0.008059230603334338,0.010000000000000231,-0.0008097887609235239,-0.00012483080083799814,2.023956298828125,-1.1900005340576172
2018-08-17,0.0035136797831816263,0.0,0.009228205066865695,0.0023851641885435427,0.8875274658202841,-0.8099994659423828
2018-08-20,0.0021375596686823884,-0.050000000000000266,0.0049818196508907165,0.0058162558222769525,0.5414581298828409,-0.15000057220458984
2018-08-21,0.002343018583084273,0.03000000000000025,0.0029240568705197916,0.004677486716083236,0.5948333740234375,0.36999988555908203
2018-08-22,-0.0005942054307818711,-0.03000000000000025,0.0022095550764809732,0.007404847816651862,-0.1509857177734375,-0.6099996566772461
2018-08-23,-0.0013286457613978708,0.0,-0.009491353686729712,0.0006948261978871789,-0.3372802734375284,0.15999984741210938
2018-08-24,0.006000568514273493,0.0,0.017318039357995908,-0.0035848160899412435,1.5268249511719034,-0.4200000762939453
2018-08-27,0.007864066938460338,0.03000000000000025,0.0037595032326643405,0.009102781442062224,2.0149078369140625,0.1700000762939453
2018-08-28,0.0004831089011085152,0.029999999999999805,-0.007973022006627225,0.002974957959103103,0.124298095703125,0.3400001525878906
2018-08-29,0.005366437904973075,0.010000000000000231,0.00456378402562542,0.0006544181771762134,1.384765625,-0.25
2018-08-30,-0.004056351433807491,-0.03000000000000025,-0.004915718883921236,0.0015796090309269939,-1.047393798828125,1.2799997329711914
2018-08-31,3.4343717613597776e-05,0.0,-0.0011445940280616581,-0.0038568234970335043,0.00885009765625,-0.6700000762939453
2018-09-04,-0.0017242079415230678,0.040000000000000036,-0.005122797149080111,-0.004225252884625588,-0.44393920898443184,0.3000001907348633
2018-09-05,-0.002694487200327056,0.0,0.003447511831347845,-0.00249423774492734,-0.6922302246093182,0.75
2018-09-06,-0.0030148423670353793,-0.020000000000000018,0.0019395335367870974,0.004191522661239633,-0.7723236083984091,0.7399997711181623
2018-09-07,-0.0019450028432654825,0.06000000000000005,-0.0027340278330774677,-0.0013023413584009917,-0.4970245361328409,0.2300004959106463
2018-09-10,0.001736967406688409,0.0,-0.000706792407982718,-0.005088212679201461,0.443817138671875,-0.7200002670288086
2018-09-11,0.0032916279731360293,0.040000000000000036,0.0006184538252070439,0.0030103695028976135,0.843170166015625,-0.9399995803833008
2018-09-12,0.00024272879612284267,-0.009999999999999787,0.008355710260063364,1.1616617293630954e-05,0.06228637695306816,-0.07999992370605469
2018-09-13,0.005896312845120842,0.0,-0.0035975648169408914,0.0028567736307313144,1.5177001953125568,-0.7700004577636719
2018-09-14,0.00017245774251822897,0.020000000000000018,-0.006526220333751069,0.005363777321440373,0.044525146484375,-0.3000001907348615
2018-09-17,-0.005308498678938014,0.0,0.005206771454576303,-0.005387046922890108,-1.367034912109375,1.610000610351559
2018-09-18,0.005411320876521037,0.05999999999999961,-0.001497451648772046,0.0034481379521063144,1.393585205078125,-0.8900003433227521
2018-09-19,0.0010650649061004355,0.03000000000000025,0.0038711539862427546,0.000922261926881197,0.275177001953125,-1.0399999618530273
2018-09-20,0.008071195049666847,-0.010000000000000231,0.003418801489789763,-0.00045540858189432155,2.094879150390625,0.05000019073486328
2018-09-21,-0.0009140751326165644,0.0,-0.006849331291438649,0.008641386999915996,-0.23809814453125,-0.11999988555908381
2018-09-24,-0.0033276885083907966,0.010000000000000231,-0.00017621292913996446,-0.0021173676071735976,-0.864959716796875,0.5199995040893572
2018-09-25,-0.0009279679563374109,0.020000000000000018,0.0015850681638403528,0.00016453172755568672,-0.240692138671875,0.22000026702880682
2018-09-26,-0.0029965018854045864,-0.040000000000000036,-0.005293338005935254,0.0008700869206251829,-0.77569580078125,0.47000026702881037
2018-09-27,0.002790012806459865,0.0,-0.008884998236125718,-0.001246155739867916,0.72216796875,-0.48000049591064453
2018-09-28,0.00010348531850989123,-0.010000000000000231,0.006316457708228832,-0.009506265183163436,0.026824951171818157,-0.28999996185302734
2018-10-01,0.003468151042290096,0.040000000000000036,-0.0016864375351173554,-0.0027542106030115305,0.9006042480469318,-0.11999988555908203
2018-10-02,-0.000583001099078407,-0.040000000000000036,0.011482223287118152,-0.0023995177924754293,-0.151611328125,0.05000019073486328
2018-10-03,0.0005485092866570193,0.10000000000000009,-0.003959744500981412,-0.002231905179333874,0.14263916015625,-0.4400005340576172
2018-10-04,-0.007846164073035936,0.040000000000000036,0.0005289130805077395,-0.0065514443949888455,-2.032958984375,2.6100006103515625
2018-10-05,-0.0056129807164971585,0.040000000000000036,0.0028159089867124108,0.003633144332951674,-1.444580078125,0.5999994277954119
2018-10-08,0.0,0.0,-0.01113382636882134,0.0003916613335415117,0.0,0.8699998855590803
2018-10-09,-0.001460339471858708,-0.020000000000000018,0.0005329800140063239,-0.0024743353677267104,-0.37451171875,0.26000022888183594
2018-10-10,-0.03217522355531812,0.010000000000000231,0.0024835810584159217,0.001115539847432275,-8.114242553710966,7.0099992752075195
2018-10-11,-0.02227282340061457,-0.08000000000000007,0.02536654489487655,0.0022925758813270494,-5.465988159179659,2.020000457763672
2018-10-12,0.013792898377712057,0.009999999999999787,-0.0047616679491750925,0.004936896711930574,3.370559692382841,-3.6700000762939453
2018-10-15,-0.005632900138193557,0.010000000000000231,0.006660030947980057,-0.0033787127696782524,-1.382125854492216,-0.010000228881835938
2018-10-16,0.021629968577019203,0.0,-0.0017255996137758734,0.002776130660952263,5.3499908447265625,-3.6799983978271484
2018-10-17,0.00017873724351694575,0.029999999999999805,-8.637796161603928e-05,-0.0007063381347120403,0.0446929931640625,-0.220001220703125
2018-10-18,-0.014546566817149248,-0.020000000000000018,0.001122068685606197,-0.006449661883067655,-3.6113433837890625,2.6599998474121094
2018-10-19,-0.0005429912248476957,0.03000000000000025,0.0007761304849288288,-0.0035590143590289915,-0.1337890625,-0.17000007629394176
2018-10-22,-0.004498492512996126,0.0,-0.0025893597255195024,0.004306794612387999,-1.1056060791015625,-0.25
2018-10-23,-0.0051039915186808305,-0.03000000000000025,0.005859562733875961,-0.003618821551799291,-1.2484130859374716,1.0699996948242152
2018-10-24,-0.030766747078705154,-0.06999999999999984,0.0023171370069294235,0.00045873224217338594,-7.3919219970703125,4.520000457763672
2018-10-25,0.01778137797682692,0.040000000000000036,-0.002231204310531111,-0.006461454314165764,4.244338989257784,-1.0100002288818395
2018-10-26,-0.017743712194979302,-0.06000000000000005,0.0031736109331066205,-0.0018790143987380253,-4.2354278564453125,-0.05999946594237926
2018-10-29,-0.005555847047328991,0.0,-0.003947139978932246,0.0018334180682723267,-1.3108062744140625,0.5400009155273438
2018-10-30,0.014709902778489397,0.040000000000000036,-0.004394427867848238,-0.001981368545787147,3.4864959716796875,-1.3500003814697266
2018-10-31,0.010624188368782718,0.029999999999999805,-0.005628951974666692,-0.002624516859612044,2.550201416015625,-2.1200008392333984
2018-11-01,0.010585455291977101,-0.009999999999999787,0.01277086763550299,-0.0026175181948033402,2.5679931640625,-1.8899993896484375
2018-11-02,-0.00594043054196793,0.08000000000000007,0.0001715043948444399,0.007622510096303147,-1.4444732666015625,0.17000007629394887
2018-11-05,0.005501620695848979,-0.020000000000000018,-0.0024032178261357497,-0.0005016012498707026,1.337478637695341,0.44999885559081676
2018-11-06,0.006307960231123941,0.020000000000000018,-0.0028398265791741537,0.0013457141043092423,1.542587280273409,-0.049999237060546875
2018-11-07,0.021182848046152513,0.0,-8.61993040877103e-05,0.0022395351045813323,5.2519683837890625,-3.549999237060547
2018-11-08,-0.001816540226918029,0.020000000000000018,-0.002156939731312277,-0.0003889112093649832,-0.4547576904296875,0.3599987030029297
2018-11-09,-0.009816400819662077,-0.050000000000000266,-0.011291663536045476,-0.005757617992678804,-2.4432220458984375,0.6400012969970703
2018-11-12,-0.018861858739768974,0.0,-0.007188596482678694,-0.0038237886881901163,-4.627777099609403,3.0900001525878906
2018-11-13,-0.001872715444424283,-0.04999999999999982,0.00035180582721631255,-0.008120992837308301,-0.4547271728515341,-0.43000030517578125
2018-11-14,-0.006860283836737331,-0.020000000000000018,0.008233404279792808,0.006898682860815559,-1.6585388183594318,1.2299995422363281
2018-11-15,0.01038255051705214,-0.010000000000000231,0.0011333182475063862,5.659312249609174e-05,2.5145111083984943,-1.2700004577636719
2018-11-16,0.0025972142339480662,-0.029999999999999805,0.0073788789662288,0.0011543485143173634,0.6331024169921875,-1.840000152587887
2018-11-19,-0.017058900207196675,-0.020000000000000018,0.0004323180677422659,0.007833541738013036,-4.1284027099609375,1.9600009918212855
2018-11-20,-0.018679634374342842,0.0,0.0,0.0035904124545615974,-4.440582275390625,2.3799991607666016
2018-11-21,0.0034017322160391386,0.0,0.001641277459165005,-0.007236214894346958,0.8025054931640625,-1.6800003051757812
2018-11-23,-0.0067009861896135635,-0.010000000000000231,-0.0007771357154266267,0.002698904113889874,-1.5782318115234375,0.720001220703125
2018-11-26,0.016015278873114824,0.020000000000000018,-0.0011235233509469095,-0.005787459882789548,3.7895965576171875,-2.620000839233395
2018-11-27,0.0033587579148366777,-0.009999999999999787,-0.005984687209490756,-0.0003514642433933732,0.802490234375,0.12000083923339488
2018-11-28,0.022764413704018084,0.0,0.0037337803634568288,-0.0030552182237152223,5.5106048583984375,-0.5300006866455078
2018-11-29,-0.0021875351090995553,-0.03000000000000025,0.003115272664463216,0.006154085648589298,-0.5350036621094034,0.3000011444091797
2018-11-30,0.006076788094543425,-0.020000000000000018,-0.0017294794115241437,0.0021282563230342836,1.4890899658203125,-0.720001220703125
2018-12-03,0.013154348386889178,-0.029999999999999805,0.007501675441848404,-0.004444753317076851,3.2545776367187216,-1.6299991607666016
2018-12-04,-0.03293886079358465,-0.06999999999999984,0.006080599945141917,0.0011120969434071908,-8.069641113281193,4.299999237060547
2018-12-06,-0.0015183192920238012,-0.040000000000000036,0.00017072178718187972,-0.0005107786587092369,-0.3656005859375284,0.4500007629394531
2018-12-07,-0.023510284184702242,-0.020000000000000018,0.008077219150826301,0.00226102987934065,-5.590835571289034,2.039999008178711
2018-12-10,0.0018953955347392813,0.0,-0.003477935715567025,0.002300368502689518,0.4458770751952841,-0.5900001525878871
2018-12-11,0.0002270429697644354,0.040000000000000036,-0.0011903699128753065,-0.003902916391754538,0.05346679687505684,-0.8799991607666016
2018-12-12,0.005022496128253233,0.020000000000000018,0.00212467676965701,-0.0029483233608125887,1.1858673095702557,-0.30000114440918324
2018-12-13,-0.0003386837510499751,0.0,-0.0022097759847801487,0.004437154988177638,-0.0801544189453125,-0.8099994659423793
2018-12-14,-0.01863744370046981,-0.020000000000000018,-0.004007006751401737,-0.0008640370211150429,-4.369232177734347,0.9799995422363246
2018-12-17,-0.01981325078028247,-0.03000000000000025,0.0068957425332182515,-0.005089346754260064,-4.556442260742216,2.8900012969970703
2018-12-18,-0.0010972704615161075,-0.040000000000000036,0.002372671007408459,0.003874133037778065,-0.24971008300778408,1.0599994659423793
2018-12-19,-0.01508894887319866,-0.04999999999999982,-0.0061126025718981495,0.0022498726790908695,-3.4062042236328125,0.0
2018-12-20,-0.016411819341598934,0.020000000000000018,0.015295836918707156,0.0012406398541560727,-3.646942138671875,2.7999992370605504
2018-12-21,-0.020702493521230776,0.0,-0.0043704611932126065,0.005894325669239869,-4.515838623046875,1.7300014495849574
2018-12-24,-0.026778190058310718,-0.04999999999999982,0.01089057789030817,-0.007362502855146589,-5.70416259765625,5.95999908447266
2018-12-26,0.04928984946188164,0.06999999999999984,-0.003003949025405859,0.0037487535559716898,10.619094848632812,-5.659999847412109
2018-12-27,0.007648206884940654,-0.040000000000000036,0.0075760760319352385,-0.004760354329909309,1.6951599121093466,-0.4500007629394531
2018-12-28,-0.0012909950304231786,-0.04999999999999982,0.00405577569851946,0.006119700433588459,-0.2870483398437216,-1.6199989318847656
2018-12-31,0.00872071251299343,-0.03000000000000025,0.0015682595209626012,0.0007775629855240129,1.9462432861328125,-2.9200000762939453
2019-01-02,0.001039769327774105,-0.029999999999999805,0.000659591337713554,0.001900860706626092,0.233184814453125,-2.2000007629394567
2019-01-03,-0.024152083551873975,-0.10000000000000009,0.00902531942317321,-0.012608298115566716,-5.3543853759765625,2.2300014495849645
2019-01-04,0.0329469452536166,0.10999999999999988,-0.008119106827353381,0.006426636088957116,7.3365020751953125,-4.070001602172852
2019-01-07,0.007853725705150442,0.03000000000000025,0.0034525160778516237,0.0016987238668561887,1.7848052978515057,0.020000457763675428
2019-01-08,0.009351601385909089,0.029999999999999805,-0.0027117139907279018,0.006054385516065887,2.1435699462891193,-0.9300003051757884
2019-01-09,0.004662565667810728,0.010000000000000231,0.006397649700215412,-0.0020641436330750672,1.0762634277344034,-0.4899997711181605
2019-01-10,0.0035211915964085162,0.0,-0.005904086348646563,0.008594450913368567,0.8161315917968466,-0.4799995422363281
2019-01-11,0.0003862165296905625,-0.03000000000000025,0.0017256811414605045,-0.0038864264493645136,0.089691162109375,-1.3099994659423828
2019-01-14,-0.006119505614737969,0.0,0.002378067354322114,-0.00435283427225836,-1.4170684814453125,0.8799991607666016
2019-01-15,0.011395732912137116,0.010000000000000231,-0.001721516103226458,0.0011121961372727578,2.645843505859375,-0.4699993133544922
2019-01-16,0.0024169433860273377,0.009999999999999787,0.0031947551186356582,-0.004898327287011697,0.5650482177734375,0.4400005340576172
2019-01-17,0.00755809611016992,0.020000000000000018,-0.0013094038577051105,-0.0016427589079669254,1.7758178710937216,-0.9800014495849609
2019-01-18,0.013222351330089034,0.040000000000000036,-0.008966489387798326,-0.0004784957874557275,3.139129638671875,-0.26000022888183594
2019-01-22,-0.013602721146279952,-0.04999999999999982,0.0035468368649853345,-0.002048590140391555,-3.2288208007812216,3.0
2019-01-23,0.002090181238179841,0.019999999999999574,-0.001400718491595256,-0.00046606963613473793,0.4932861328125,-1.279998779296875
2019-01-24,0.0005312237069676354,-0.03999999999999959,-0.0015678713054947328,0.002127322710837133,0.12553405761715908,-0.6300010681152308
2019-01-25,0.008425448997382536,0.03999999999999959,0.014511460180241248,-0.006583448410776002,1.9999694824219034,-1.4699993133544957
2019-01-28,-0.007629109933754372,-0.009999999999999787,0.0034938106026215594,0.008760988515929479,-1.8116607666015625,1.4500007629394531
2019-01-29,-0.0013275627705958302,-0.029999999999999805,0.005580978043920208,0.0014848026534814308,-0.3138427734375,0.2599983215332031
2019-01-30,0.015706694872460434,-0.020000000000000018,0.00571038723811713,0.0004686962359195961,3.7399749755858807,-1.4699993133544922
2019-01-31,0.00874421783656637,-0.07000000000000028,0.0004810580433256342,0.004561711164055767,2.1077117919922443,-1.0900001525878906
2019-02-01,0.0004814797836065973,0.07000000000000028,-0.002006018726865743,-0.0033259073301630383,0.1165924072265625,-0.43000030517578125
2019-02-04,0.0070107389485386225,0.029999999999999805,-0.0043467903708823,0.0005039053289244775,1.7040557861328125,-0.4099998474121094
2019-02-05,0.0041832085167908565,-0.020000000000000018,0.0025781491687657575,-0.0016595470915365055,1.022491455078125,-0.1599998474121076
2019-02-06,-0.0013191827843317015,-0.009999999999999787,-0.006781846869660204,-0.0023074618573273305,-0.322906494140625,-0.18999958038330256
2019-02-07,-0.009578594302887268,-0.050000000000000266,0.0024273450059934865,-0.003860612972666276,-2.3318939208984375,0.9900007247924805
2019-02-08,0.0012209179900853357,-0.020000000000000018,0.0037911013463212333,-0.002395346293797252,0.295989990234375,-0.6500005722045898
2019-02-11,0.0005542645845279241,0.020000000000000018,-0.004923141507008373,-0.001280408356981286,0.134490966796875,0.25
2019-02-12,0.012777493363452184,0.03000000000000025,0.0021013677593768472,-0.004000844109966494,3.1211853027344034,-0.5399999618530291
2019-02-13,0.003241382641934137,0.029999999999999805,-0.003963908091330056,0.004918473500405294,0.7981414794921591,0.2199993133544922
2019-02-14,-0.002220558961745465,-0.04999999999999982,0.005577307519395154,-0.0061695798826221495,-0.54705810546875,0.5699996948242205
2019-02-15,0.010838480231864896,0.0,0.005947180522780987,0.002695914497866886,2.6817169189453125,-1.3099994659423828
2019-02-19,0.0017290726904247245,-0.010000000000000231,0.015109582852092532,0.0014694913969730797,0.430511474609375,-0.029999732971191406
2019-02-20,0.0020135208162295826,0.0,-0.0017378437981699678,0.0027411608677647453,0.5022735595703125,-0.8599996566772461
2019-02-21,-0.00356203302533321,0.040000000000000036,-0.011370537714508503,0.00029495792912739876,-0.8878631591796875,0.4399995803833008
2019-02-22,0.006180566547725178,-0.040000000000000036,0.0035920768439101198,-0.0002949579291274804,1.542572021484375,-0.9499998092651367
2019-02-25,0.0013606586175461451,0.020000000000000018,-0.0010363715360958284,-6.799872349992361e-05,0.3408813476562216,1.3400001525878924
2019-02-26,-0.0007160335555745824,-0.029999999999999805,0.0016736332310031306,0.0022255802146592192,-0.17944335937497158,0.3199996948242152
2019-02-27,-0.00042986636058522454,0.04999999999999982,-0.00711234367844341,0.00225328383968603,-0.10766601562502842,-0.4700002670288068
2019-02-28,-0.00186403780096552,0.040000000000000036,-0.005629776625606553,-0.001138629745206279,-0.466339111328125,0.07999992370605469
2019-03-01,0.00622418168643801,0.029999999999999805,-0.017163968380321165,-0.0005916024068000906,1.560546875,-1.2100000381469709
2019-03-04,-0.0036441070331045614,-0.03999999999999959,-0.0026289836177431354,0.000216102237530327,-0.9148406982421591,1.0600004196166974
2019-03-05,-0.0013610611149523287,0.0,0.0013153870929188036,-0.0033956403273075345,-0.3408355712890341,0.1099996566772461
2019-03-06,-0.006075443753040914,-0.03000000000000025,-0.0009041270457165541,-0.0026719963826242242,-1.515762329101591,1.0
2019-03-07,-0.008400275420676348,-0.04999999999999982,-0.0008226265106167708,0.0006107727107340299,-2.080673217773466,0.8500003814697266
2019-03-08,-0.0020021144962396108,-0.020000000000000018,0.010886084259377201,-0.010276757477315702,-0.4933319091796591,-0.5400009155273438
2019-03-11,0.014396926861854852,0.020000000000000018,-0.004896357818091657,0.00303939147306997,3.569564819335909,-1.7199993133544904
2019-03-12,0.0037643368890268414,-0.03000000000000025,0.006035459879402026,0.0023841175775367028,0.94183349609375,-0.5599994659423846
2019-03-13,0.0065971033922786115,0.0,0.006968612448215201,0.0025026548306310145,1.659164428710966,-0.3600006103515625
2019-03-14,-0.0006395112542244225,0.020000000000000018,-0.011614284265949192,0.00385648502303467,-0.16131591796872158,0.09000015258789062
2019-03-15,0.00492814654693656,-0.040000000000000036,0.00456433710702197,-0.0020036509660536087,1.2457885742187216,-0.619999885559082
2019-03-18,0.003619343526414268,0.010000000000000231,0.0005690800870331783,0.001006960990779451,0.9188537597656534,0.22000026702881037
2019-03-19,0.0002481100964080671,0.009999999999999787,0.002759488322105534,0.0014500240764859019,0.06311035156247158,0.4600000381469709
2019-03-20,-0.0030150215443529487,-0.06999999999999984,0.006463126873943105,0.0016450012745673303,-0.7658538818359375,0.34999942779541016
2019-03-21,0.011231550044810884,0.0,-0.004034541087699915,0.0064134108071521164,2.864715576171875,-0.2799997329711914
2019-03-22,-0.01943371893425606,-0.10000000000000009,0.0023420233902432335,-0.004640417885864895,-4.936523437499972,2.84999942779541
2019-03-25,-0.0007524916666098809,-0.009999999999999787,0.007633907060241627,-0.006982574004310345,-0.18922424316409092,-0.14999961853027344
2019-03-26,0.007426531775957932,-0.020000000000000018,-0.0049754946888430985,0.0017637043133131368,1.873748779296875,-1.6499996185302752
2019-03-27,-0.005242829489727749,-0.020000000000000018,-0.005243016760484459,-0.0036257832363158385,-1.3242340087891193,0.4699993133544922
2019-03-28,0.003783205535163139,0.0,-0.014253957303041619,-0.0020498839618826913,0.9548645019531818,-0.7199993133544922
2019-03-29,0.006285722212125745,0.020000000000000018,0.0009019770912032663,-0.0019334983338959073,1.5944976806640625,-0.7200002670288068
2019-04-01,0.011789515739384446,0.08000000000000007,-0.0039418902576438125,-0.0005500201511865513,3.0178070068359375,-0.310000419616701
2019-04-02,0.0004899662187226772,-0.010000000000000231,0.003695988550420936,-0.0016149625564932128,0.126190185546875,-0.03999996185302557
2019-04-03,0.0015723127577751924,0.040000000000000036,-0.001476744057391478,-0.00016809826851559137,0.405364990234375,0.38000011444091797
2019-04-04,0.002649446861345557,-0.010000000000000231,0.0025419025120264,0.0038390967308610242,0.68450927734375,-0.1599998474121076
2019-04-05,0.004828753596658137,-0.009999999999999787,-0.001065158454634802,-0.0018764497341418646,1.252227783203125,-0.7600002288818359
2019-04-08,0.0007619624685853521,0.020000000000000018,0.0043355523546012775,-0.0005611678088361302,0.198150634765625,0.36000061035155895
2019-04-09,-0.005137717649713748,-0.010000000000000231,0.005210460213684454,0.0032814920734817597,-1.333160400390625,1.099999427795412
2019-04-10,0.0034050054424413683,-0.029999999999999805,0.0030808947099307334,0.0009346878341712132,0.882781982421875,-0.9799995422363281
2019-04-11,-0.0002777149518928611,0.029999999999999805,-0.01287293202962213,0.0008454413460726391,-0.072113037109375,-0.2799997329711914
2019-04-12,0.006743325904182791,0.050000000000000266,-0.000984454241361077,-0.0013973625671130883,1.756683349609375,-1.010000228881836
2019-04-15,-0.0006550809032575365,-0.010000000000000231,-0.0018896884121834196,0.003926453887287985,-0.171173095703125,0.3099994659423846
2019-04-16,0.0006550809032575529,0.050000000000000266,-0.009004202217837156,-1.1282974956001002e-05,0.171173095703125,-0.13999938964844105
2019-04-17,-0.0024501375613081027,-0.010000000000000231,-0.0019104067944001747,-0.0017620218189264153,-0.6396484375,0.42000007629394887
2019-04-18,0.0019673650222256987,-0.020000000000000018,0.0007480072379889946,0.0010726753274142547,0.51348876953125,-0.5100002288818377
2019-04-22,0.0008617970009697569,0.020000000000000018,0.0,-0.004666169386400276,0.225250244140625,0.3299999237060529
2019-04-23,0.008951392800890239,-0.020000000000000018,-0.0020790892290242957,0.0012827031012071087,2.351165771484375,-0.14000034332275213
2019-04-24,-0.002221913829671462,-0.040000000000000036,0.0029095034311526903,-0.0030802152729997824,-0.5855712890625,0.8600006103515625
2019-04-25,-0.0006164514809266969,0.010000000000000231,0.0008297251865102907,-0.00633289171461129,-0.1622314453125,0.1099996566772461
2019-04-26,0.004646594520940714,-0.03000000000000025,0.006613259149985799,-0.0014934894594870038,1.225311279296875,-0.5200004577636719
2019-04-29,0.0015662514388342572,0.03000000000000025,-0.004459139554905714,0.0012035870718230023,0.414306640625,0.38000011444091797
2019-04-30,0.0005103244577945112,-0.03000000000000025,0.00305743426250323,0.003126975986935249,0.1351318359375,0.010000228881835938
2019-05-01,-0.00754488465290436,0.010000000000000231,-0.0066225029075605455,0.0027552885720882737,-1.9908447265625,1.6800003051757812
2019-05-02,-0.0021615413311510145,0.029999999999999805,-0.0038279074525403786,-0.0013562607830761623,-0.567596435546875,-0.38000011444091975
2019-05-03,0.009740415313367775,-0.009999999999999787,0.005902166622599836,-0.0024387022843649175,2.567443847656193,-1.5500001907348615
2019-05-06,-0.004123664336805694,-0.03000000000000025,0.0013252386046359393,0.0010956263111556311,-1.0899963378905682,2.5699996948242188
2019-05-07,-0.016840600984213715,-0.05999999999999961,0.003305527606359191,0.001432791484107263,-4.405059814453125,3.880000114440918
2019-05-08,-0.0013901422951655056,0.040000000000000036,-0.002478073455137969,-0.0009629197866595418,-0.360321044921875,0.07999992370605824
2019-05-09,-0.0030305765692465784,-0.040000000000000036,0.0023955509816441485,0.0006492528629151659,-0.7837829589844318,-0.2999992370605504
2019-05-10,0.005010712421708732,0.020000000000000018,0.0018959191232163482,0.0021187176311267208,1.2971801757813068,-3.059999465942383
2019-05-13,-0.0254514567623873,-0.07000000000000028,0.010159840539079742,0.0012801764504052242,-6.522079467773409,4.509998321533203
2019-05-14,0.00900322721477968,0.020000000000000018,-0.001713369544315355,-0.0003482529293695144,2.288177490234375,-2.489999771118164
2019-05-15,0.005840201816531511,-0.04999999999999982,-0.0005717761663673002,-0.002501708789448315,1.495346069335909,-1.6199989318847656
2019-05-16,0.0092190591921117,0.029999999999999805,-0.007216080906090106,0.000246485180568758,2.378326416015625,-1.1500005722045898
2019-05-17,-0.006486111787904279,-0.009999999999999787,-0.0071027767830243865,-0.0030101684148013666,-1.675567626953125,0.6700000762939453
2019-05-20,-0.006634275222928258,0.020000000000000018,-8.290551782707826e-05,-0.0007372774880440244,-1.7026367187499716,0.34999942779541016
2019-05-21,0.00897509438723615,0.020000000000000018,-0.0023236423674714048,0.00029036522491189705,2.3060913085937216,-1.359999656677246
2019-05-22,-0.003076133714530223,-0.040000000000000036,-0.0009975291545634036,0.0,-0.792724609375,-0.19999980926513672
2019-05-23,-0.012293594125257658,-0.08000000000000007,0.007704775453647809,-0.0011720120537771794,-3.143844604492216,2.1700000762939453
2019-05-24,0.0022658228182430022,0.009999999999999787,0.0010723379767870567,0.002602643865678214,0.5765380859375284,-1.069999694824217
2019-05-28,-0.009344178473202314,-0.06000000000000005,-0.0038822269155751525,0.000828026637915944,-2.3692321777343466,1.6499996185302717
2019-05-29,-0.0067333826210316285,-0.009999999999999787,0.0003309964016133878,-0.0020687923774010642,-1.6935882568360228,0.39999961853027344
2019-05-30,0.0027273035406314068,-0.029999999999999805,0.006761236816409464,-0.0029892075171091474,0.6846008300781818,-0.6000003814697266
2019-05-31,-0.01356677503967156,-0.08000000000000007,0.013386857013473643,-0.0005567402489159767,-3.3871154785155966,1.4099998474121094
2019-06-03,-0.002546012863752407,-0.07000000000000028,0.014329650783140814,0.0038475888526603077,-0.6305389404297443,0.1500015258789027
2019-06-04,0.02147411620421452,0.050000000000000266,0.00031967486235552026,0.006445830078431998,5.368896484375057,-1.8900012969970668
2019-06-05,0.008624983653252333,0.0,0.002553665830468566,0.0006863168436886033,2.1890563964843466,-0.8799991607666016
2019-06-06,0.00648203403314058,0.0,0.0032623544765034472,-0.0022258578473965626,1.6576385498046875,-0.15999984741211115
2019-06-07,0.009956704672784599,-0.03000000000000025,0.005624438342681366,0.00421982834453577,2.567230224609375,0.3699989318847674
2019-06-10,0.004578942329225028,0.06000000000000005,-0.010003215486538998,0.003864012256703093,1.189239501953125,-0.3599996566772461
2019-06-11,-0.00024258567605416618,0.0,-0.0011975692988470156,-0.0001811446154029547,-0.063140869140625,0.05000019073486328
2019-06-12,-0.0017665872979403443,-0.020000000000000018,0.005179100221238763,0.0010077795044543913,-0.4593505859375,-0.07999992370605469
2019-06-13,0.004117504824661357,-0.029999999999999805,0.0061006935016299476,-0.0029977898381629686,1.0718994140625,-0.09000015258788885
2019-06-14,-0.0011053156878546174,-0.010000000000000231,-0.0003160129284806553,-0.0013432139022485834,-0.288177490234375,-0.5399999618530291
2019-06-17,0.00038008642681376767,0.0,-0.0006322652864022912,-0.005635586181714624,0.09906005859375,0.07000064849853693
2019-06-18,0.010416438153246593,-0.029999999999999805,0.005047324392238259,0.0006731322746558854,2.7294921875,-0.20000076293945668
2019-06-19,0.0022548409223618502,-0.03000000000000025,0.006038970838080437,-0.0023543285384641957,0.5946044921875,-0.8199996948242152
2019-06-20,0.009509120539548013,-0.020000000000000018,0.024866155493817887,0.0035898806005276213,2.522369384765625,0.42000007629394354
2019-06-21,-0.001455022558716508,0.06000000000000005,0.00661369341666817,0.005070115747244044,-0.38751220703125,0.6499996185302717
2019-06-24,-0.0012251981550361255,-0.04999999999999982,0.014741593126273352,0.007858698550878718,-0.32586669921875,-0.13999938964843572
2019-06-25,-0.009856699046490336,-0.020000000000000018,0.0019392450876947497,0.001366994847334753,-2.60711669921875,1.0200004577636719
2019-06-26,-0.000997534089098131,0.04999999999999982,-0.009207653748305768,-0.0026640390021479346,-0.262420654296875,-0.07000160217285156
2019-06-27,0.0035394748228779927,-0.040000000000000036,-0.0009781791081800058,0.00042076235336564207,0.93231201171875,-0.3899993896484357
2019-06-28,0.005132812626663585,-0.009999999999999787,0.0027063662544696662,-0.0001592063874156251,1.357879638671875,-0.7399997711181641
2019-07-01,0.009037621302359376,0.029999999999999805,-0.019559428102497136,-0.0007048372340149661,2.40789794921875,-1.0199995040893572
2019-07-02,0.0026009756928697596,-0.04999999999999982,0.02113481354805423,-0.006841027998014664,0.697021484375,-1.1300001144409197
2019-07-03,0.007963322567758243,-0.020000000000000018,0.0016477026920105947,0.0004967823546674645,2.145355224609375,-0.36000061035155895
2019-07-05,-0.0011386317397903947,0.08000000000000007,-0.011212861349998495,-0.0006434885706637436,-0.30780029296880684,0.7100000381469709
2019-07-08,-0.0055098118283793684,0.009999999999999787,-0.006453396174434407,-0.005189307743699327,-1.4844970703124432,0.6800003051757812
2019-07-09,0.001246112020955327,0.020000000000000018,0.0034976216131429347,-0.0010099377256192056,0.33502197265625,0.13000011444091797
2019-07-10,0.00476600457016328,0.0,0.015664164068756106,-0.0006951303941730276,1.2852172851561932,-1.0600004196166992
2019-07-11,0.0023415094595000178,0.06000000000000005,-0.008479433149487648,0.0045046519407322076,0.6336669921875568,-0.09999942779541193
2019-07-12,0.004467280858459276,-0.009999999999999787,0.006235244213343071,-0.0005740370210267257,1.21307373046875,-0.5399999618530256
2019-07-15,0.00033230927670670695,-0.03000000000000025,0.0,0.001745659265439037,0.0904541015625,0.28999996185302557
2019-07-16,-0.0032301158287605116,0.040000000000000036,-0.008498565150237166,-0.000912672079438287,-0.877960205078125,0.17999935150146662
2019-07-17,-0.006828617107969205,-0.06999999999999984,0.01633123396202252,-0.0044048128062413846,-1.84674072265625,1.1100006103515625
2019-07-18,0.0036543722450219176,-0.020000000000000018,0.01401922107283276,0.001548420031514653,0.9867248535155682,-0.4400005340576172
2019-07-19,-0.005570355544125344,0.009999999999999787,-0.01483691752503857,0.0028339516693954517,-1.5026245117186932,0.9200000762939453
2019-07-22,0.002453340534425611,0.0,-0.0001487748968767623,-0.003844110215074048,0.6607666015625,-0.9200000762939453
2019-07-23,0.0071247972357542195,0.03000000000000025,-0.005668654760058427,-0.0010875570533576903,1.92816162109375,-0.9200000762939453
2019-07-24,0.004688229981508545,-0.03000000000000025,0.005073447292028362,-0.004907467549869097,1.276275634765625,-0.5399999618530256
2019-07-25,-0.004788240263547793,0.03000000000000025,-0.007095118991376651,-0.0007913887906001747,-1.303436279296875,0.6700000762939435
2019-07-26,0.006677555626852732,0.0,0.00164757936404381,0.00033427774684148016,1.8194580078125,-0.5799999237060547
2019-07-29,-0.0018228846560998041,-0.020000000000000018,0.006637600502192369,-0.0012586424965774683,-0.497894287109375,0.6700000762939471
2019-07-30,-0.002457628882275634,0.0,0.0033393742390960437,0.0009801032980864398,-0.669830322265625,1.1099996566772443
2019-07-31,-0.011000989574934965,-0.040000000000000036,-0.013199706898717264,0.0013379691883316093,-2.978240966796875,2.1800012588500977
2019-08-01,-0.00874585001472223,-0.1200000000000001,0.0237382025873749,-0.007758017936413691,-2.344451904296932,1.75
2019-08-02,-0.007558121163042626,-0.039999999999999813,-0.003819352910475418,0.0006423671708644623,-2.009613037109318,-0.26000022888183594
2019-08-05,-0.03053452145795438,-0.1100000000000001,0.013885007839557597,0.0026290992844662667,-7.96588134765625,6.979999542236328
2019-08-06,0.013925528762094184,-0.020000000000000018,0.008095529492025941,0.012147950516988368,3.602752685546875,-4.420000076293945
2019-08-07,0.0005909161397775806,-0.020000000000000018,0.01507548681526026,-0.0032778523360136405,0.15399169921869316,-0.6800003051757812
2019-08-08,0.019429637571926898,0.010000000000000009,0.005022054446004403,-0.00023531912498826624,5.114349365234432,-2.5799999237060547
2019-08-09,-0.006834569421881375,0.020000000000000018,-0.003321683939870917,-0.0015338026478229872,-1.81036376953125,1.0599994659423828
2019-08-12,-0.01224812912262036,-0.09000000000000008,0.009651773675578623,0.0019035649861258426,-3.213531494140625,3.1200008392333984
2019-08-13,0.015432046240333277,0.030000000000000027,-0.005977346952418699,0.000874715743938375,4.05535888671875,-3.5699996948242188
2019-08-14,-0.030013360058195167,-0.08999999999999986,0.00681829671908825,-0.003684014354080683,-7.830078125,4.579999923706055
2019-08-15,0.0026378654373773436,-0.07000000000000006,0.006632923311853109,-0.003024408733292059,0.678802490234375,-0.9200000762939453
2019-08-16,0.014647643959931766,0.030000000000000027,-0.00642279632319684,-0.0026708564106834526,3.802032470703125,-2.7100009918212926
2019-08-19,0.011975290676498449,0.050000000000000044,-0.011765243129746363,-0.001776590511615778,3.1500244140625,-1.590000152587887
2019-08-20,-0.007691831335013175,-0.050000000000000044,0.007765153200510364,-0.0009646611520012486,-2.027618408203125,0.6200008392333984
2019-08-21,0.008102535523200548,0.040000000000000036,-0.0031694374885161206,0.0013197377273767932,2.136322021484375,-1.6999998092651367
2019-08-22,-0.0003079546698003799,0.030000000000000027,-0.002542737809443374,-0.0006323495735885972,-0.081512451171875,0.880000114440918
2019-08-23,-0.02602324549888977,-0.10000000000000009,0.0194004358255685,-0.0006098411473298048,-6.798187255859375,3.190000534057617
2019-08-26,0.010997907514447795,0.020000000000000018,0.00013874512727632068,0.005312309309738264,2.851470947265625,-0.5500011444091797
2019-08-27,-0.0039314220750939315,-0.050000000000000044,0.009525229640210546,-0.003537256893122397,-1.022918701171875,0.9899997711181641
2019-08-28,0.007016900409889691,-0.020000000000000018,-0.002820513317677276,-0.0012317467317716595,1.82855224609375,-0.9599990844726562
2019-08-29,0.012692111888564289,0.030000000000000027,-0.007190355573252848,-0.00037704624230177567,3.340240478515625,-1.470001220703125
2019-08-30,-0.0004442975691177849,0.0,-0.0025705723222454796,-0.002159328985370535,-0.117645263671875,1.1000003814697266
2019-09-03,-0.0058646346072528275,-0.030000000000000027,0.013817145553141903,-0.00848164138322776,-1.548004150390625,0.6800003051757812
2019-09-04,0.011286644974572428,0.0,0.006224182405113975,0.0005485905007386359,2.987274169921875,-2.3299999237060547
2019-09-05,0.012773482503814427,0.10000000000000009,-0.02429383958928248,0.005491346018407023,3.421722412109375,-1.0599994659423828
2019-09-06,0.0007722870972012904,-0.020000000000000018,-0.008559662387184017,0.00012141682649037292,0.208282470703125,-1.2700004577636719
2019-09-09,0.000502769255903981,0.07999999999999985,-0.0037414803722944866,-0.001422711981305087,0.13568115234369316,0.2700004577636719
2019-09-10,-0.00023472989435906978,0.09000000000000008,-0.008594766463448816,0.0025158795130875685,-0.06335449218744316,-0.07000064849853516
2019-09-11,0.007085972838408344,0.030000000000000027,0.0060453662250154515,0.00017672051437775128,1.919097900390625,-0.5900001525878906
2019-09-12,0.003457502302710291,0.040000000000000036,0.0020542492696135994,-0.0033426925327245337,0.94134521484375,-0.3899993896484375
2019-09-13,-0.0006638731853201249,0.10999999999999988,-0.008313640257218174,0.004061228432765623,-0.180999755859375,-0.48000049591064453
2019-09-16,-0.0030935824196840983,-0.05999999999999983,0.008313640257218249,0.0022695435289529064,-0.84185791015625,0.9300003051757795
2019-09-17,0.0025288706613495115,-0.030000000000000027,0.001979350045407386,-0.007013239349717472,0.68798828125,-0.23000049591064275
2019-09-18,0.0005978543055528431,-0.010000000000000009,-0.006305141849164153,0.006226583852135981,0.16290283203125,-0.48999977111816406
2019-09-19,-6.639816653926496e-05,-0.010000000000000009,0.004042645700960864,-0.003912760857539547,-0.018096923828125,0.10000038146972656
2019-09-20,-0.004735924721203988,-0.050000000000000044,0.011751169204553406,0.001545621897768486,-1.2876892089844318,1.2699995040893572
2019-09-23,-0.0002347133913862774,-0.020000000000000018,0.005580782257567522,-0.0026701114277863374,-0.06365966796869316,-0.40999984741211115
2019-09-24,-0.007877890963992556,-0.08000000000000007,0.00527299162043293,-0.0023003809903156002,-2.128021240234375,2.1399993896484375
2019-09-25,0.005897174807728678,0.09000000000000008,-0.018719501081169466,0.002101950365998579,1.591400146484375,-1.0899991989135742
2019-09-26,-0.0020850903108315944,-0.030000000000000027,-0.0002821278180384957,-0.0058218563359692605,-0.563751220703125,0.1099996566772461
2019-09-27,-0.005401817282737855,-0.010000000000000009,-0.005161727926224835,-0.0027564192221066833,-1.455047607421875,1.1499996185302734
2019-09-30,0.004627083291741022,-0.010000000000000009,-0.015647105922203676,0.0018257472434580673,1.245880126953125,-0.9799995422363281
2019-10-01,-0.01196605906862761,-0.030000000000000027,0.005457893373498284,-0.003942544389598497,-3.210174560546875,2.3199996948242188
2019-10-02,-0.017822784259193532,-0.04999999999999982,0.011606023170116823,0.00323157095816303,-4.710723876953125,2.0
2019-10-03,0.008159720069674248,-0.06000000000000005,0.004520416059329575,0.0026277761845698395,2.146270751953125,-1.4399986267089844
2019-10-04,0.013441440382148036,-0.020000000000000018,0.0,0.0010641256168011464,3.573944091796875,-2.0799999237060547
2019-10-07,-0.004324169624742313,0.040000000000000036,-0.00856363541098911,0.001021221175843762,-1.154998779296875,0.8199996948242188
2019-10-08,-0.015646666771170964,-0.020000000000000018,0.00870459991703739,-0.0013175672354694208,-4.137786865234375,2.4200000762939453
2019-10-09,0.009452119172923419,0.050000000000000044,0.0009156241246349503,-0.0010965267988037083,2.49188232421875,-1.6400012969970668
2019-10-10,0.006740341030361196,0.07999999999999985,-0.008767683192965708,0.0025240028453327565,1.791412353515625,-1.0699996948242223
2019-10-11,0.010313647902706906,0.09000000000000008,-0.005554769940672898,0.0021118508038712965,2.76458740234375,-1.9899997711181623
2019-10-14,-0.0011142385686551963,0.0,0.003991150393420187,0.0017214227218684101,-0.300048828125,-1.010000228881836
2019-10-15,0.009851251467285244,0.010000000000000009,-0.0069950016712766044,-9.046477989097708e-05,2.6644287109375,-1.0299997329711932
2019-10-16,-0.0016072226544424956,-0.020000000000000018,0.005713914835703777,0.0005185753331736073,-0.436492919921875,0.14000034332275213
2019-10-17,0.002944697871536876,0.010000000000000009,0.0014233647353723328,0.003636940737031958,0.800262451171875,0.10999965667724787
2019-10-18,-0.004386799235998925,0.0,-0.001067306413452129,0.004706823401557925,-1.191314697265625,0.46000003814697266
2019-10-21,0.006756644813436469,0.040000000000000036,-0.004781550075213642,0.002562558558288225,1.837066650390625,-0.25
2019-10-22,-0.003272220643913982,-0.020000000000000018,0.0029287043785159624,-0.00035686656150583955,-0.8912353515625,0.46000003814697266
2019-10-23,0.002905463596652241,-0.010000000000000009,0.002351027592914482,-0.002016512323627505,0.7911987304686932,-0.4499998092651367
2019-10-24,0.0016323668158244038,0.0,0.007090719694468963,0.0002782411876379464,0.44552612304693184,-0.3000001907348633
2019-10-25,0.004086821906737866,0.030000000000000027,0.0023289599557340403,-0.0025570968400006238,1.118621826171875,-1.060000419616701
2019-10-28,0.005620613770025396,0.050000000000000044,-0.008637230479381003,-0.0017751204828273918,1.545928955078125,0.46000003814697443
2019-10-29,-0.00029678883990825854,-0.010000000000000009,-0.002776885194246242,0.0013421613323956986,-0.08184814453125,0.09000015258789062
2019-10-30,0.0030623579958025085,-0.06000000000000005,0.005475210184932403,0.0014106152649588333,0.845703125,-0.8699998855590803
2019-10-31,-0.002666548481347431,-0.09000000000000008,0.009948844935468628,0.003563011187457375,-0.736541748046875,0.8900003433227521
2019-11-01,0.009221466069313832,0.040000000000000036,0.0009123470738276627,0.00023423408127475206,2.555480957031193,-0.9200000762939453
2019-11-04,0.0040094016893988,0.06000000000000005,-0.0028801514371747305,0.0008483186461446384,1.1184692382813068,0.5299997329711932
2019-11-05,-0.001106913372390202,0.07000000000000006,-0.016312331868591004,-0.0034110980809337267,-0.309234619140625,0.2700004577636719
2019-11-06,0.00022797161535194208,-0.050000000000000044,0.004281068530555171,-0.004895684739124028,0.06365966796875,-0.4800004959106463
2019-11-07,0.0035102701523694766,0.10999999999999988,-0.015643205521891117,-0.0003432343040610424,0.9820556640625,0.1099996566772461
2019-11-08,0.002463347415933702,0.020000000000000018,-0.0063847338065501705,-0.004590274687228495,0.69122314453125,-0.6599998474121076
2019-11-11,-0.0019114217583906792,0.0,-0.0024048241483873045,0.0002491037604669932,-0.5364990234375,0.6199998855590803
2019-11-12,0.002105729814602429,-0.020000000000000018,0.002695874927586959,0.0011799926648196426,0.591094970703125,-0.009999275207521308
2019-11-13,0.00032369050454047685,-0.040000000000000036,0.003994072881030811,-0.002094506567395076,0.090972900390625,0.3199996948242205
2019-11-14,0.001454715820264936,-0.05999999999999983,0.004194711040663475,7.707129932540324e-05,0.409210205078125,0.05000019073486328
2019-11-15,0.007210146373872311,0.020000000000000018,-0.0025291110010524226,0.0006610320661621835,2.037017822265625,-1.0
2019-11-18,0.0007375337368661554,-0.030000000000000027,0.002962025072169786,0.003134730585158303,0.20919799804681816,0.4099998474121094
2019-11-19,-0.0002886008649120426,-0.020000000000000018,0.0005049030061831341,0.0015599736293654563,-0.08187866210931816,0.39999961853027344
2019-11-20,-0.0037257189785175693,-0.06000000000000005,0.0005045382424530197,0.0006901025558301477,-1.054901123046875,-0.07999992370605469
2019-11-21,-0.0016100346504530421,0.040000000000000036,-0.005492097356825017,-0.0001030761451725312,-0.45465087890625,0.35000038146972656
2019-11-22,0.0022213587160896924,0.0,-0.0018857951599790925,-0.001173751261188495,0.627471923828125,-0.7899999618530273
2019-11-25,0.007720330202945363,-0.010000000000000009,-0.004803179633254922,-0.0039206455924227866,2.191650390625,-0.4700002670288086
2019-11-26,0.00226276965989464,-0.020000000000000018,0.004803179633255016,-0.0007381815159191847,0.64556884765625,-0.3299999237060547
2019-11-27,0.00444801129938777,0.030000000000000027,-0.005314014225370608,0.0007381815159192047,1.273284912109375,0.21000003814697266
2019-11-29,-0.0037155325985576563,0.010000000000000009,0.006184806112979683,-0.0009804298413364902,-1.063995361328125,0.869999885559082
2019-12-02,-0.00853101673585313,0.050000000000000044,-0.0005079436043828876,0.0006609029720220995,-2.428070068359375,2.2899999618530273
2019-12-03,-0.006729246160762764,-0.1100000000000001,0.009534253178573626,0.005436089218695758,-1.90069580078125,1.0500001907348633
2019-12-04,0.006151149356266809,0.050000000000000044,-0.0013667767637935283,0.0005540853176035471,1.736907958984375,-1.1599998474121094
2019-12-05,0.0017965307544715976,0.030000000000000027,0.0005757184354598549,-0.00019950418705007048,0.5093078613280682,-0.2799997329711914
2019-12-06,0.0090924112284399,0.040000000000000036,-0.009977704836757457,0.002019123089264813,2.591735839843807,-0.9000005722045898
2019-12-09,-0.00314898893810758,-0.010000000000000009,-0.0002906488870483782,-0.004200130717519964,-0.9002685546875,2.239999771118164
2019-12-10,-0.0011158384357146112,0.020000000000000018,0.002830699660654389,0.0005519736322186549,-0.318328857421875,-0.17999935150146662
2019-12-11,0.0028347076230028838,-0.06000000000000005,0.006861935627691577,0.002504942866564743,0.80938720703125,-0.6900005340576154
2019-12-12,0.008582368971279371,0.10999999999999988,-0.0035334849047766476,0.003878867315365377,2.46453857421875,-1.0500001907348633
2019-12-13,0.0005988560347047997,-0.07999999999999985,0.004468872836715887,0.004497849743318054,0.17276000976556816,-1.3099994659423828
2019-12-16,0.006846328737451378,0.06999999999999984,-7.198939739749056e-05,-0.005521771250448632,1.982421875,-0.48999977111816406
2019-12-17,0.0002192849345547093,0.0,-0.00021577975709612248,0.001124222275714461,0.06372070312505684,0.14999961853027344
2019-12-18,6.216399156997361e-05,0.030000000000000027,7.200493236905694e-05,0.0012927328987956917,0.01806640625,0.2899999618530291
2019-12-19,0.004090747276480713,0.0,0.0025862126377012157,-0.0031842980116769575,1.19134521484375,-0.07999992370605646
2019-12-20,0.004374611896149644,0.0,0.0010039397404910592,0.0009008548009907165,1.2794189453125,0.010000228881835938
2019-12-23,0.0015269784275785798,0.010000000000000009,0.003077203372165587,-0.004152561824686467,0.447906494140625,0.09999942779541016
2019-12-24,3.1083399414077964e-05,-0.030000000000000027,0.009387789011397068,0.001263934968798012,0.009124755859375,0.06000041961669744
2019-12-26,0.005308651639337302,0.0,0.00782659080315549,0.00014430199736112327,1.56256103515625,-0.020000457763671875
2019-12-27,-0.00024737735659489675,-0.020000000000000018,-0.0003512560225688557,0.0005104234111590525,-0.072998046875,0.7800006866455078
2019-12-30,-0.005528770805828975,0.020000000000000018,0.0021055808220621446,0.007286623560670526,-1.62677001953125,1.389999389648441
2019-12-31,0.0024266067601315423,0.020000000000000018,0.001891143454574884,0.0017862810709916835,0.712890625,-1.0399999618530291
2020-01-02,0.009308402620075833,-0.040000000000000036,0.007320953634035891,0.0016526425861239922,2.750732421875,-1.3099994659423828
2020-01-03,-0.00760115626863682,-0.07999999999999985,0.013181265882528811,-0.004411210053900604,-2.248138427734375,1.5500001907348633
2020-01-06,0.003807851905084458,0.010000000000000009,0.010434868967011986,-0.0008486965705175967,1.12408447265625,-0.17000007629394354
2020-01-07,-0.002815570344933755,0.020000000000000018,0.003927428056507489,0.0032231383954302996,-0.8315734863281818,-0.060000419616700995
2020-01-08,0.005315229767534042,0.040000000000000036,-0.007529802584635164,-0.00387033975832015,1.5718078613281818,-0.3400001525878906
2020-01-09,0.006757681752732155,-0.020000000000000018,-0.0056676844863565315,-0.0037298266820401005,2.010467529296875,-0.9099998474121094
2020-01-10,-0.002881756682730178,-0.020000000000000018,0.006008107616788398,-0.0001889169480695333,-0.8590087890625,0.020000457763671875
2020-01-13,0.0068539285789840625,0.020000000000000018,-0.007447144703816297,0.0005000532657696564,2.047119140625,-0.2400007247924787
2020-01-14,-0.0015257034828958485,-0.030000000000000027,-0.0008919411826434922,0.0017134288682368716,-0.45690917968755684,0.07000064849853338
2020-01-15,0.0022568529178522896,-0.030000000000000027,0.005817289492435278,-0.0004341866069445138,0.6761169433594318,0.02999973297118963
2020-01-16,0.008284297631221696,0.020000000000000018,-0.0015707412123407796,0.0020736147906197213,2.494964599609375,-0.10000038146972301
2020-01-17,0.003107601569525712,0.030000000000000027,0.0018437252860089575,-0.001294140833420409,0.941253662109375,-0.2199993133544922
2020-01-21,-0.0019599803469286248,-0.06000000000000005,0.0010909837309721073,-0.0038357795030165604,-0.593994140625,0.75
2020-01-22,0.00012084765726225394,-0.010000000000000009,0.0003405975107135845,-0.0010204176837492315,0.036590576171875,0.059999465942381036
2020-01-23,0.0011460665882329997,-0.030000000000000027,0.002245598875511729,0.0009760499881296328,0.34722900390625,0.06999969482421875
2020-01-24,-0.008932865164723138,-0.040000000000000036,0.0058285535187767275,-0.0037215309488002925,-2.6959228515625,1.580000877380371
2020-01-27,-0.01615926357674248,-0.08999999999999986,0.006802125843070944,-0.0027048154401574376,-4.816070556640625,3.669999122619629
2020-01-28,0.01042464564296186,0.039999999999999813,-0.00896686803661793,-0.0005070083082547705,3.0980224609375,-1.9499988555908203
2020-01-29,-0.00082627482880239,-0.04999999999999982,0.005403248480831511,0.00025342813606535716,-0.246734619140625,0.10999870300292969
2020-01-30,0.0032396628539181163,-0.030000000000000027,6.731894098032181e-05,-0.000517957493631393,0.96856689453125,-0.8999996185302734
2020-01-31,-0.018324801337329607,-0.06000000000000005,0.005775708477189364,0.0011133636077491934,-5.4375,3.3500003814697266
2020-02-03,0.007401236171856201,0.030000000000000027,-0.006516877595597702,0.005485525052044301,2.184173583984375,-0.8700008392333984
2020-02-04,0.015126458701670963,0.07000000000000006,-0.013094308186782415,-0.002425760277789674,4.514556884765625,-1.9200000762939453
2020-02-05,0.011481842474162646,0.04999999999999982,0.0012285555646719122,-0.0014150782738122072,3.472686767578125,-0.8999996185302752
2020-02-06,0.003359321019635177,-0.010000000000000009,0.005373934234125879,-0.00407914716479985,1.023590087890625,-0.189999580383299
2020-02-07,-0.005344295481905774,-0.05999999999999983,0.002642363450658169,-0.0017588635635339997,-1.626800537109375,0.5100002288818359
2020-02-10,0.007437942806951125,-0.030000000000000027,0.0025679490647931946,-0.003070422989157765,2.2664794921875,-0.43000030517578125
2020-02-11,0.0017313535811283797,0.030000000000000027,-0.0034478924308700464,-0.003279425511196765,0.5299987792968182,0.14000034332275213
2020-02-12,0.0064223401488820425,0.030000000000000027,-0.000813078481224605,0.000545789907371758,1.9740295410156818,-1.4400005340576154
2020-02-13,-0.0010674472124728228,-0.010000000000000009,0.005677303718111386,-0.003988568387690097,-0.3289794921875,0.4099998474121076
2020-02-14,0.0016004470847419173,-0.020000000000000018,0.0041697222765956264,-0.002758693593560904,0.493377685546875,-0.4699993133544922
2020-02-18,-0.0025799753995834986,-0.040000000000000036,0.012737350951843347,-0.0005421179066028831,-0.794952392578125,1.149999618530277
2020-02-19,0.004769840345144456,0.010000000000000009,0.005814285510176441,-0.004132423073716513,1.4713134765625,-0.4499998092651385
2020-02-20,-0.004116913084373901,-0.040000000000000036,0.0040763395182913265,0.001360184848757387,-1.27032470703125,1.1800003051757812
2020-02-21,-0.010351629379187618,-0.06000000000000005,0.014913455926308593,-0.0020464967645173063,-3.171112060546875,1.5199995040893555
2020-02-24,-0.03372779704731472,-0.08000000000000007,0.008945002656717951,0.004721186336458318,-10.10736083984375,7.950000762939453
2020-02-25,-0.03077072327741752,-0.04999999999999982,-0.01803593472393269,0.0009358327590463808,-8.928497314453125,2.8199996948242188
2020-02-26,-0.0036851809884793445,0.0,0.004360980385151266,0.0030184151366617726,-1.050994873046875,-0.29000091552734375
2020-02-27,-0.04595137625457812,-0.030000000000000027,0.00019481624361363943,0.00035815540493814473,-12.78497314453125,11.600000381469727
2020-02-28,-0.004210501278373257,-0.17000000000000015,-0.03717601874476565,0.010175447527352655,-1.142364501953125,0.9500007629394531
2020-03-02,0.042395351821509414,-0.029999999999999805,0.005511083646655957,0.004905810422639446,11.725006103515625,-6.69000244140625
2020-03-03,-0.02905059249743633,-0.08000000000000007,0.030950390194086085,0.008356433460812803,-8.087799072265625,3.4000015258789062
2020-03-04,0.041173689466982716,0.0,0.001752990351755443,0.0032817291958698153,11.53302001953125,-4.829999923706055
2020-03-05,-0.033806725489313814,-0.09999999999999998,0.021370951204574475,-0.0037273637898381047,-9.50421142578125,7.629999160766602
2020-03-06,-0.01666937846897805,-0.18000000000000005,0.0003808885074389379,0.007580987646460575,-4.569366455078125,2.3199996948242116
2020-03-09,-0.08131239862114535,-0.19999999999999996,0.0016488747161249012,0.014345408615899148,-21.229095458984347,12.520000457763679
2020-03-10,0.05045042698128634,0.21999999999999997,-0.02132715182628954,0.0010481051458759174,12.967742919921847,-7.159999847412109
2020-03-11,-0.04997653707320302,0.05999999999999994,-0.0035667044227174947,-0.007172069563950822,-12.848953247070284,6.600002288818359
2020-03-12,-0.1005689906924207,0.06000000000000005,-0.04070560424243849,-0.004871123222760194,-23.989044189453153,21.56999969482422
2020-03-13,0.08202794459465905,0.05999999999999994,-0.03099155256530076,-0.006823700781210399,19.383102416992188,-17.639999389648438
2020-03-16,-0.11588637406471226,-0.20999999999999996,-0.011512126298224866,-0.0026473308768339967,-26.931640625,24.860000610351562
2020-03-17,0.05258483824729363,0.29000000000000004,0.01346442633870517,0.0007030167891367934,11.834564208984347,-6.779998779296875
2020-03-18,-0.051959620924943266,0.15999999999999992,-0.02012310684271081,-0.013317896271767483,-11.697479248046847,0.5399932861328125
2020-03-19,0.0021228475022599096,-0.05999999999999983,-0.019086492837834465,-0.004911892531991977,0.4660949707030966,-4.4499969482421875
2020-03-20,-0.04405040445845544,-0.20000000000000007,0.014884383146683595,-0.0281440807711631,-9.471878051757784,-5.959999084472656
2020-03-23,-0.025900879665086005,-0.16000000000000003,0.043231496146295734,0.0034696894543758275,-5.377593994140625,-4.450000762939453
2020-03-24,0.08673122642581207,0.07999999999999996,0.047389520259250466,0.006544952365581136,18.5687255859375,0.07999801635742188
2020-03-25,0.01485909849472655,0.040000000000000036,-0.013784208180364264,0.0035262190611547056,3.3460083007812784,2.2800025939941406
2020-03-26,0.056748718305703764,-0.050000000000000044,0.012740714714697083,0.0080152144181938,13.246292114257756,-2.950000762939453
2020-03-27,-0.030238286679293395,-0.10999999999999999,-0.006481449089244015,0.014467411219748632,-7.151718139648409,4.540000915527344
2020-03-30,0.031959334279244064,-0.020000000000000018,0.004390990264267052,0.008187089303251458,7.5653076171875,-8.459999084472656
2020-03-31,-0.015017336158946418,0.0,-0.032364821693651916,-0.00979877568790389,-3.584976196289091,-3.5400009155273438
2020-04-01,-0.04604917825102265,-0.07999999999999996,0.009411793149400162,-0.0003529198097441969,-10.663238525390597,3.520000457763672
2020-04-02,0.022813115079218262,0.010000000000000009,0.01626050111056189,-0.006638045995333951,5.221282958984375,-6.150001525878906
2020-04-03,-0.01455954210284342,-0.010000000000000009,0.004925309776577716,-0.009744816047908876,-3.34600830078125,-4.1100006103515625
2020-04-06,0.06500676192042794,0.050000000000000044,0.02733353381543522,-0.0037354318739070817,15.323745727539062,-1.55999755859375
2020-04-07,0.0010190925847327272,0.07999999999999996,-0.005368871400719198,-0.0002916967182406305,0.2482452392578125,1.4599990844726562
2020-04-08,0.03301704876607662,0.020000000000000018,-0.008947881947437637,0.008419050808379198,8.181182861328125,-3.3500022888183665
2020-04-09,0.015102869360028368,-0.040000000000000036,0.025788169295063085,-0.0028938347371023966,3.8332824707031534,-1.6800003051757741
2020-04-13,-0.009172161180128235,0.030000000000000027,0.01699510551392902,0.006331757196441689,-2.33489990234375,-0.5
2020-04-14,0.029066252442884476,0.0,0.007837301543346824,-0.0008851384596626316,7.47341918945304,-3.4099998474121094
2020-04-15,-0.021476933153604168,-0.13,-0.005115017933585634,0.005696039300324107,-5.542984008789006,3.0800018310546875
2020-04-16,0.0048126391081332875,-0.020000000000000018,-0.0008653689753940822,-0.007335406043470732,1.2317657470703125,-0.7299995422363281
2020-04-17,0.026656740270350865,0.040000000000000036,-0.019608466717140425,-0.004285139918145141,6.9310302734375,-1.9599990844726562
2020-04-20,-0.017774656125695756,-0.020000000000000018,0.007100853720992193,0.0007820191746308519,-4.64208984375,5.680000305175781
2020-04-21,-0.030834098189539662,-0.050000000000000044,-0.006848673348053854,-0.0001956120482852273,-7.859588623046903,1.5799980163574219
2020-04-22,0.021952014044884508,0.050000000000000044,0.019479888950845802,-0.0007709720633413682,5.570648193359403,-3.4300003051757812
2020-04-23,-7.172878813009423e-05,-0.020000000000000018,0.009905643795524405,-0.00432246331143561,-0.018402099609375,-0.5999984741210938
2020-04-24,0.013842473177585567,-0.010000000000000009,-0.004294729942651925,-0.0030221678851646873,3.57586669921875,-5.450000762939453
2020-04-27,0.014315582734030144,0.07000000000000006,-0.00666258998355511,0.004320208971249524,3.750518798828125,-2.6399993896484375
2020-04-28,-0.004609147925960673,-0.050000000000000044,-0.004466516323334757,0.00010825926220592308,-1.213409423828125,0.279998779296875
2020-04-29,0.02584172617214082,0.010000000000000009,0.005518192454017435,0.0010830485703049676,6.87591552734375,-2.3400001525878906
2020-04-30,-0.009354319764071148,0.010000000000000009,-0.018282683683788697,0.0037456223174487475,-2.509521484375,2.920001983642578
2020-05-01,-0.026830399167985235,0.0,0.0061522933833428935,0.0062521016248604224,-7.06903076171875,3.039997100830071
2020-05-04,0.0027546765383068684,0.0,0.003498676361159418,0.0012924943262924613,0.717071533203125,-1.2199974060058523
2020-05-05,0.009197050938562447,0.020000000000000018,0.004232069630406605,-0.00506151744593804,2.408447265625,-2.3600006103515625
2020-05-06,-0.006802130096638057,0.05999999999999994,-0.012938939248234135,-0.00604445719420874,-1.783416748046875,0.5099983215332031
2020-05-07,0.01199480003061978,-0.08999999999999997,0.015234124108560072,-0.0036999484209204125,3.153045654296875,-2.6799983978271484
2020-05-08,0.01641073046862867,0.05999999999999994,-0.006028427741239837,0.003569826442106355,4.375579833984375,-3.460000991821289
2020-05-11,0.00020545544436116706,0.040000000000000036,-0.006253147010599243,0.00021678724144043578,0.05523681640625,-0.4099998474121094
2020-05-12,-0.02013310203513643,-0.040000000000000036,0.0038815245238018456,-0.0027818730242306733,-5.359222412109432,5.470001220703125
2020-05-13,-0.017844450859545058,-0.04999999999999993,0.009576645345897673,0.003454153486910613,-4.66064453125,2.2399978637695312
2020-05-14,0.011896622758093358,-0.010000000000000009,0.008811127536123346,-0.0021344971862724505,3.097930908203182,-2.6699981689453125
2020-05-15,0.004586158704820133,0.010000000000000009,0.005627947839551041,-0.0015466442661771166,1.204132080078125,-0.7200012207031214
2020-05-18,0.030004979207041198,0.08999999999999997,-0.007592898231851983,0.0013302007365226065,8.015777587890625,-2.590000152587894
2020-05-19,-0.010324100560901444,-0.030000000000000027,0.009603940342589153,0.008629270343230282,-2.785247802734375,1.230001449584961
2020-05-20,0.016845066873123204,-0.019999999999999907,0.0023714668825757603,0.00115766159200992,4.559356689453125,-2.5400009155273438
2020-05-21,-0.00692764816930878,0.0,-0.014683616168536867,0.005039383759406821,-1.884368896484375,1.5400009155273438
2020-05-22,0.0018973716771305776,-0.020000000000000018,0.005899400714775776,-0.0027418957158269978,0.514801025390625,-1.3700008392333984
2020-05-26,0.012245213247264198,0.029999999999999916,-0.014316858429627,-0.004566809241982792,3.34600830078125,-0.14999961853026988
2020-05-27,0.0147692929045034,-0.009999999999999898,0.001800809585778032,0.007198964933553617,4.090606689453125,-0.38999938964844105
2020-05-28,-0.0018465353816482124,0.019999999999999907,0.0033447448656947374,0.0031897006443984094,-0.514739990234375,0.9699993133544922
2020-05-29,0.0044460648058459555,-0.04999999999999993,0.007331471236597383,0.005634519843012668,1.2409973144530682,-1.0799999237060511
2020-06-01,0.004033467262458241,0.010000000000000009,0.004593203918142176,0.0035516384955549527,1.1306152343750568,0.7199993133544886
2020-06-02,0.00824606832982309,0.020000000000000018,-0.006497892824854574,0.0006673092775855425,2.32568359375,-1.3899993896484375
2020-06-03,0.013220669963382992,0.08999999999999997,-0.01862251139241922,0.005690338279647767,3.768951416015625,-1.1800003051757812
2020-06-04,-0.0026303799921021933,0.04999999999999993,0.010471254055873179,0.004148682561719183,-0.75384521484375,0.14999961853027344
2020-06-05,0.02530654835626827,0.09000000000000008,-0.02048368991541374,0.00902938836116282,7.335540771484375,-1.289999008178711
2020-06-08,0.012015395656983924,-0.030000000000000027,0.010764002439043798,-0.0016199817594836688,3.54840087890625,1.289999008178711
2020-06-09,-0.007485002915861117,-0.040000000000000036,0.009595645355064148,-0.0012330280426620514,-2.215484619140625,1.760000228881836
2020-06-10,-0.005595512422295134,-0.08999999999999997,0.014223142854853236,0.00235429926666161,-1.645416259765625,0.0
2020-06-11,-0.05937767275165746,-0.08999999999999997,-0.007240232329265166,0.0029280210908834464,-16.904937744140625,13.220001220703125
2020-06-12,0.011904606481094334,0.04999999999999993,0.0014153150353447643,-0.00683004994336145,3.309295654296875,-4.700000762939453
2020-06-15,0.009292388962217667,0.0,-0.0017848491512042477,-0.003200658370140185,2.61065673828125,-1.6899986267089844
2020-06-16,0.019064971997859344,0.040000000000000036,-0.0004929560183834836,0.007590147436824098,5.432769775390625,-0.7300033569335938
2020-06-17,-0.004162620199074429,-0.010000000000000009,0.0019087937874243815,-0.006374216046632514,-1.195037841796875,-0.1999969482421875
2020-06-18,0.0003847900313908399,-0.030000000000000027,-0.0019703951105462295,-0.002025784015529507,0.110260009765625,-0.5300025939941406
2020-06-19,-0.005731336849944313,-0.010000000000000009,0.010972576221366465,-0.0028415210931360207,-1.637908935546875,2.1800003051757812
2020-06-22,0.006394813043401445,0.010000000000000009,0.006441427074830093,-0.0029877213296054883,1.828125,-3.3499984741210938
2020-06-23,0.0045931755687564635,0.010000000000000009,0.008384398864595731,0.009095057230979923,1.3203125,-0.39999961853027344
2020-06-24,-0.025839627370125625,-0.030000000000000027,-0.0034899960158010397,0.0028917950091841924,-7.349334716796875,2.469999313354492
2020-06-25,0.010663358739985402,-0.009999999999999898,-0.0006028992986150158,-0.0054489396656502145,3.0098876953125,-1.6199989318847656
2020-06-26,-0.02403791970129954,-0.040000000000000036,0.0044532193863769335,-0.0025620007730021385,-6.739959716796932,2.509998321533203
2020-06-29,0.014590449655637872,0.0,0.0005403343600226875,0.0003367903676439813,4.071655273437557,-2.9499988555908203
2020-06-30,0.012728152890674948,0.020000000000000018,0.004431086497931087,0.0018989199031385483,3.600799560546875,-1.3500003814697266
2020-07-01,0.006980466880618617,0.029999999999999916,-0.004491160110102202,-0.0010005176272754655,1.99432373046875,-1.8099994659423828
2020-07-02,0.0054919138983701155,-0.009999999999999898,0.0021582779375089872,0.0013717322924298595,1.578857421875,-0.9400005340576172
2020-07-06,0.015319339810680375,0.009999999999999898,0.005970880083946397,-0.0003712146651542892,4.450225830078125,0.26000022888183594
2020-07-07,-0.01036765867179211,-0.039999999999999925,0.0062904343270385864,0.005820437088329796,-3.01922607421875,1.489999771118164
2020-07-08,0.00761986142476065,0.020000000000000018,0.006192353605402356,-0.0033317075936469443,2.215972900390625,-1.3500003814697301
2020-07-09,-0.005709261828408298,-0.050000000000000044,-0.002708063902871328,0.005653583667688177,-1.66192626953125,1.1800003051757884
2020-07-10,0.01015878059727103,0.030000000000000027,-0.0025972650920347735,-0.004525481756836305,2.9637451171875,-1.9699993133544957
2020-07-13,-0.008696753172514305,-0.010000000000000009,0.0012403879870823364,0.0019547842241859023,-2.5390625,4.899997711181641
2020-07-14,0.012875781514072062,-0.010000000000000009,0.004652728164010819,0.003129836355739189,3.76702880859375,-2.6699981689453125
2020-07-15,0.009145211544743388,0.010000000000000009,0.0008809438623464781,0.005731084189124986,2.7052001953125,-1.7600002288818324
2020-07-16,-0.003298739775102174,-0.020000000000000018,-0.009496639325154646,0.0005684764957306626,-0.9786376953125,0.2399997711181605
2020-07-17,0.002894851471638522,0.020000000000000018,0.008204262794308569,-0.0021988281362380624,0.858642578125,-2.3199996948242188
2020-07-20,0.008049176095500456,-0.020000000000000018,0.004808590336846309,0.004452839784056593,2.40057373046875,-1.220001220703125
2020-07-21,0.0021254272254446933,-0.010000000000000009,0.011978962477666387,0.001374087699634121,0.637115478515625,0.3800010681152344
2020-07-22,0.005675853375261427,-0.010000000000000009,0.015087942737564556,0.006552908037431887,1.708038330078125,-0.5200004577636719
2020-07-23,-0.012003712831645183,-0.010000000000000009,0.008786586410813348,0.003003306800597305,-3.60089111328125,1.7600002288818324
2020-07-24,-0.00646096226158576,0.0,0.008542281441677423,0.002362799250454524,-1.92034912109375,-0.2399997711181605
2020-07-27,0.007266089914223567,0.030000000000000027,0.019561196964697856,0.004859005509410978,2.1605224609375,-1.1000003814697266
2020-07-28,-0.006363014934748076,-0.030000000000000027,0.008306536040414038,0.009965846353997186,-1.892852783203125,0.7000007629394531
2020-07-29,0.012224042096138067,-0.010000000000000009,0.007482169283186,-0.0042983898977795604,3.647064208984375,-1.3400001525878906
2020-07-30,-0.003574299531822676,-0.029999999999999916,-0.007427778888433159,0.0054524132545194165,-1.071014404296875,0.6599998474121129
2020-07-31,0.007871059585321865,0.0,0.009046884353027699,0.007557730482728887,2.36358642578125,-0.30000114440918324
2020-08-03,0.006927929552619768,0.010000000000000009,0.0011318982444248418,-0.007604877620557198,2.0958251953125,-0.17999839782714844
2020-08-04,0.0038553169869341634,-0.040000000000000036,0.021054515412853855,-0.0016128392275391056,1.172607421875,-0.5200004577636683
2020-08-05,0.006192059263920883,0.030000000000000027,0.009240417270834134,0.004420992329538805,1.892822265625,-0.7700004577636754
2020-08-06,0.006662144617225486,0.0,0.013186741026147282,0.004844217313191569,2.049652099609375,-0.3400001525878871
2020-08-07,0.0007176926460830372,0.019999999999999907,-0.016012829047696377,0.0003086983850073394,0.22161865234375,-0.44000053405762074
2020-08-10,0.0029843287544804213,0.020000000000000018,-0.0034649534714478046,-0.007925657651976599,0.923248291015625,-0.07999992370605469
2020-08-11,-0.008289137680030196,0.050000000000000044,-0.05518972671897942,-0.0038221210488238013,-2.557586669921875,1.9000015258789062
2020-08-12,0.013846328249252882,0.04999999999999993,-0.004679132411383586,-0.00010562834554598832,4.284149169921875,-1.75
2020-08-13,-0.001809649320218415,0.020000000000000018,0.023343474417206588,0.004867204375342793,-0.56329345703125,-0.15000152587890625
2020-08-14,2.9929271246631294e-05,0.0,-0.004318527254207777,0.0019277181561497953,0.009307861328125,-0.07999992370605469
2020-08-17,0.003171639779642912,-0.020000000000000018,0.02146194877539166,0.0030415396512393574,0.987945556640625,-0.6999988555908203
2020-08-18,0.0021580462498961162,-0.019999999999999907,0.008967673573403242,0.0020169448636142393,0.67401123046875,0.15999984741211293
2020-08-19,-0.004172747903571577,0.010000000000000009,-0.03207438281593007,0.005991819503850231,-1.30194091796875,1.0300006866455043
2020-08-20,0.003108865758779133,-0.030000000000000027,0.006890137653281407,-0.008772937668035469,0.969482421875,0.17999839782714488
2020-08-21,0.0035410696531934173,-0.010000000000000009,-0.008043165542872153,0.002543704941241629,1.107940673828125,-0.17999839782714488
2020-08-24,0.010082086790303589,0.010000000000000009,-0.005674470685927035,-0.006391340754740066,3.17608642578125,-0.1700000762939453
2020-08-25,0.0034934319057776104,0.039999999999999925,0.0012147382641175607,-0.00029498449271552575,1.108001708984375,-0.3400001525878906
2020-08-26,0.009975535935754058,0.0,0.011739667325137905,0.00342631292556195,3.185302734375,1.239999771118164
2020-08-27,0.0021842004315980232,0.050000000000000044,-0.011629286747359606,0.0006511822732343915,0.701690673828125,1.1999988555908168
2020-08-28,0.006438612317404104,0.0,0.017230926299239783,-0.0019521980310365427,2.077392578125,-1.5100002288818324
2020-08-31,-0.0036290600826292254,-0.020000000000000018,0.00238341719432408,0.008308183307316435,-1.17254638671875,3.450000762939453
2020-09-01,0.009374535796846932,-0.039999999999999925,0.001189581722410416,0.0017415756438499876,3.037628173828125,-0.28999900817871094
2020-09-02,0.01436030931689286,-0.020000000000000018,-0.013218610873058246,-0.0013243685869996468,4.708740234375,0.4499988555908203
2020-09-03,-0.035020536935257356,-0.030000000000000027,-0.008137254873336977,-0.006382304050645197,-11.365692138671875,7.029998779296875
2020-09-04,-0.00819819716477044,0.08999999999999997,0.0027564932922231992,-0.0006395501907557035,-2.603668212890625,-2.8499984741210938
2020-09-08,-0.027703012885865522,-0.030000000000000027,-0.0019287808618004912,-0.0015262451942419193,-8.641937255859375,0.7099990844726562
2020-09-09,0.019554856757775966,0.020000000000000018,0.009661434230238847,-0.004364450442230898,6.075225830078068,-2.6499996185302734
2020-09-10,-0.017515972788704502,-0.029999999999999916,-0.0032283485242562797,0.0030650000384232798,-5.447326660156193,0.8999996185302734
2020-09-11,0.0005087010754616467,-0.010000000000000009,-5.4861557792618405e-05,0.0015241955964892995,0.1568603515625,-2.839998245239258
2020-09-14,0.013085131798729199,0.010000000000000009,0.00786160327773618,0.0015501619098305707,4.062408447265625,-1.0200004577636719
2020-09-15,0.005039695653280708,0.0,-0.0023956152677241513,0.0023001587836135036,1.578857421875,-0.26000022888183594
2020-09-16,-0.003976281161268709,0.009999999999999898,0.0028305733071044767,-0.0021580365093011983,-1.246368408203125,0.4500007629394531
2020-09-17,-0.008834265620639303,0.0,-0.005505121062685115,-0.0034643925057169208,-2.751434326171875,0.4199981689453125
2020-09-18,-0.011579502823872373,0.010000000000000009,0.001310849171618332,0.003784194404350613,-3.56982421875,-0.6299991607666051
2020-09-21,-0.011192058292726148,-0.019999999999999907,-0.020291789448272826,-0.00022509848153577297,-3.41131591796875,1.9500007629394567
2020-09-22,0.01013301406798378,0.0,-0.004858095828927072,-0.006566912063439029,3.086883544921875,-0.9200000762939489
2020-09-23,-0.023464052108241266,0.0,-0.021843335368817322,-0.005080188782394758,-7.10064697265625,1.7199993133544922
2020-09-24,0.0026618804840807964,-0.010000000000000009,0.0037119030895910897,-0.004264457091039797,0.7971801757811932,-0.06999969482421164
2020-09-25,0.016037816509660206,-0.010000000000000009,-0.0028540460781505306,0.0012599555256344206,4.848175048828182,-2.130001068115238
2020-09-28,0.016472700726202903,0.010000000000000009,0.010010290107421884,-0.0032515291017523847,5.061248779296875,-0.18999862670898438
2020-09-29,-0.005460871699798469,-0.010000000000000009,0.008397048385655496,0.003730263732286211,-1.687103271484375,0.07999992370605469
2020-09-30,0.007553617087425084,0.029999999999999916,-0.006022969047958764,0.005398432735944618,2.336090087890625,0.10000038146972656
2020-10-01,0.006399200283826429,-0.009999999999999898,0.008880963695329078,-0.0013611364287141254,1.992919921875,0.3299999237060547
2020-10-02,-0.009539864389253722,0.019999999999999907,-0.0008957769408936138,0.0016077063645410661,-2.966369628906307,0.9299983978271484
2020-10-05,0.01757754042624845,0.08000000000000007,0.004861081696310086,-0.002088376631710885,5.487701416015682,0.3299999237060547
2020-10-06,-0.014317737587557331,-0.020000000000000018,-0.011830479550692698,0.006125130992924238,-4.477264404296875,1.5200004577636719
2020-10-07,0.017257020797466497,0.050000000000000044,-0.00045132478533539146,-0.0046590314432261234,5.40435791015625,-1.4200000762939453
2020-10-08,0.008823634044940855,-0.030000000000000027,0.0035486272055745486,0.002538556036391257,2.799530029296875,-1.6999988555908239
2020-10-09,0.008890170301704137,0.010000000000000009,0.017998399966815504,-4.001590303448758e-05,2.845733642578068,-1.360000610351559
2020-10-12,0.015959656448020904,0.0,-0.0028758136916344685,0.0042262424063774584,5.172576904296932,0.06999969482421875
2020-10-13,-0.00654766355462819,-0.050000000000000044,-0.015853834051583145,-5.911793222122852e-05,-2.132110595703125,1.0
2020-10-14,-0.0063032241313037436,-0.010000000000000009,0.0030899939936110464,-0.006278180816362914,-2.03936767578125,0.32999992370605824
2020-10-15,-0.001236322665144669,0.010000000000000009,0.003639489400711449,0.00015267773840009084,-0.39849853515625,0.5699996948242116
2020-10-16,-0.0006047052047474621,0.020000000000000018,-0.0034712263457632483,-0.0031425047396492416,-0.194732666015625,0.44000053405762074
2020-10-19,-0.015320198602728803,0.020000000000000018,0.0005046193567768562,0.00071446274989687,-4.89447021484375,1.7700004577636719
2020-10-20,0.003998089380940908,0.030000000000000027,0.004809318137998378,0.004544144882611173,1.27008056640625,0.1700000762939453
2020-10-21,-0.0018949334209896382,0.019999999999999907,0.00750319529892209,0.005168120008133394,-0.60260009765625,-0.7000007629394496
2020-10-22,0.005470312018927624,0.040000000000000036,-0.009849030639627046,0.002036803587023197,1.742706298828125,-0.539999008178718
2020-10-23,0.003389470375745353,-0.020000000000000018,-0.0010630400237792174,-0.0032899579374845926,1.0845947265625,-0.5600013732910121
2020-10-26,-0.01865308006599553,-0.039999999999999925,-0.0005039129828936211,0.00282765456409247,-5.923492431640625,4.909999847412109
2020-10-27,-0.0034530087533693322,-0.020000000000000018,0.002628864176270774,-0.003300162903845182,-1.08447265625,0.8899993896484375
2020-10-28,-0.03477697331488791,0.0,-0.01627516884164325,-0.0021470612785488377,-10.71600341796875,6.930000305175788
2020-10-29,0.010112252330495484,0.05999999999999994,-0.004153341326592121,-0.003012149800032766,3.077606201171818,-2.6899986267089915
2020-10-30,-0.010479669905706243,0.030000000000000027,0.004550651041840146,-0.005973974709475419,-3.188842773437443,0.43000030517578125
2020-11-02,0.011146495840082746,-0.010000000000000009,0.00965812884851217,-0.0031366510442316082,3.39288330078125,-0.8899993896484375
2020-11-03,0.017501672949389133,0.030000000000000027,0.0056609432999779495,5.826095554634443e-05,5.40423583984375,-1.5800018310546875
2020-11-04,0.022103112153078888,-0.12,-0.0005590140649358909,0.010204356761020732,6.961639404296875,-5.979999542236328
2020-11-05,0.019314897497215884,0.010000000000000009,0.022723771699055755,-0.002513986342437094,6.210723876953125,-1.9899997711181676
2020-11-06,-0.00022843818604359516,0.039999999999999925,0.0014203529597109255,0.007206380695062468,-0.07415771484375,-2.719999313354492
2020-11-09,0.012487522781115666,0.13,-0.045280856143465276,0.006366183456068054,4.078765869140625,0.889999389648441
2020-11-10,-0.0014675724377716153,0.020000000000000018,0.0033073065556014952,-0.0055386456714018525,-0.48199462890625,-0.9500007629394531
2020-11-11,0.007401155829539973,0.0,-0.00433598220930235,-0.000721221293889815,2.43798828125,-1.3499984741210938
2020-11-12,-0.009748410735239414,-0.09999999999999998,0.006042387508780373,-0.0032625230156320003,-3.207427978515625,1.8999996185302734
2020-11-13,0.013749631655934642,0.010000000000000009,0.006796565090032186,0.0019586090254565085,4.532989501953125,-2.25
2020-11-16,0.01240501955195557,0.020000000000000018,-5.650286865533134e-05,0.00354019285936168,4.143524169921875,-0.6499996185302734
2020-11-17,-0.005392699978643099,-0.040000000000000036,-0.0036759204841880807,0.0011970869835477517,-1.807586669921875,0.2599983215332031
2020-11-18,-0.012107827265952614,0.010000000000000009,-0.005738783845972931,0.0003558725515353005,-4.023101806640625,1.1300010681152344
2020-11-19,0.004201329832400341,-0.020000000000000018,-0.0018822296869570197,-0.0013516014389545322,1.390472412109375,-0.7299995422363317
2020-11-20,-0.006871185563602904,-0.030000000000000027,0.003021229432643738,0.0015888129539181797,-2.27105712890625,0.5900001525878942
2020-11-23,0.005976299531880638,0.030000000000000027,-0.019890324232127853,0.0,1.974395751953125,-1.0400009155273438
2020-11-24,0.01598541840361727,0.020000000000000018,-0.015447030279527764,-0.0020033468877050592,5.3394775390625,-1.0200004577636683
2020-11-25,-0.0015432088529866827,0.0,-0.0004718480371509017,0.004867342357784169,-0.519195556640625,-0.38999938964844105
2020-11-27,0.002781368359438418,-0.040000000000000036,-0.010198732236165305,0.0013003827499899327,0.93634033203125,-0.4099998474121094
2020-11-30,-0.004437161156153667,0.0,-0.006697358920117144,0.004643726768977662,-1.492523193359375,-0.2700004577636719
2020-12-01,0.010878085261290351,0.08000000000000007,0.02084085881536413,-0.0027854849009629613,3.670867919921875,0.20000076293945312
2020-12-02,0.002101587844617078,0.029999999999999916,0.007493385024315116,0.01134569984525999,0.71380615234375,0.39999961853027344
2020-12-03,-0.00027271438050650897,-0.029999999999999916,0.007842668530553789,0.0033258801250090177,-0.09271240234375,0.1100006103515625
2020-12-04,0.008580879168873746,0.04999999999999993,-0.00283945502654119,0.002559485522245511,2.9293212890625,-0.48999977111816406
2020-12-07,-0.0020569765039795272,-0.030000000000000027,0.014803945459514797,-0.0020020007037437897,-0.704498291015625,0.5099983215332031
2020-12-08,0.002921629769451352,-0.019999999999999907,0.003481841534737405,-0.0006786241721560766,1.001068115234375,-0.6199989318847656
2020-12-09,-0.009009027687730023,0.029999999999999916,-0.017241806434506103,-0.00018158890339934348,-3.077484130859375,1.5900001525878906
2020-12-10,-0.0003271587129936224,-0.029999999999999916,-0.0019148863181888906,-0.002660881592207315,-0.111236572265625,0.25
2020-12-11,-0.001173535471186771,-0.020000000000000018,0.001856945469586849,0.005411394685255718,-0.39871215820318184,0.7899990081787109
2020-12-14,-0.004487113741517105,0.0,-0.005522859199322822,-0.0008971006575494956,-1.5202026367186932,1.4099998474121058
2020-12-15,0.013428733218966411,0.020000000000000018,0.013893989774039692,0.0012760274826384625,4.569976806640625,-1.8299999237060476
2020-12-16,0.001568102394461249,0.0,0.005503920929853093,0.0004447932579340932,0.53765869140625,-0.38999938964844105
2020-12-17,0.005576448387898854,0.019999999999999907,0.01046541004295572,0.003718838418115041,1.918853759765625,-0.5699996948242188
2020-12-18,-0.00400067830337731,0.010000000000000009,-0.0016988680965652808,0.0051614926845374685,-1.377716064453125,-0.3600006103515625
2020-12-21,-0.003581952753573203,0.0,-0.0031789169989821435,-0.0038064083361426973,-1.228851318359375,3.5900001525878906
2020-12-22,-0.001686934686404415,-0.019999999999999907,-0.007934507183398202,0.0016994360559733645,-0.57720947265625,-0.9300003051757812
2020-12-23,0.0008980489387516674,0.029999999999999916,0.006625879072275585,-0.004115299835438132,0.307159423828125,-0.9200000762939453
2020-12-24,0.0038831412127476868,-0.020000000000000018,0.003977347328631379,0.0003900283455694203,1.331329345703125,-1.779998779296875
2020-12-28,0.00855406335378865,0.0,-0.003635744312567208,0.0011222917975350745,2.9510498046875,0.1700000762939453
2020-12-29,-0.0019096018259461905,0.0,0.003635744312567162,0.001502332029679512,-0.660980224609375,1.379999160766598
2020-12-30,0.001425823606485734,-0.009999999999999898,0.007626026694655132,0.0024109354771881916,0.493408203125,-0.30999946594237926
2020-12-31,0.005067992162449575,0.0,0.0037072651943418997,0.003824067102786903,1.759490966796875,-0.020000457763671875
2021-01-04,-0.013707721208611849,0.0,0.02201425891234798,-0.004007962623405838,-4.738525390625,4.219999313354489
2021-01-05,0.006863929380556924,0.029999999999999916,0.0029572490918935946,7.356226640494462e-05,2.3646240234375,-1.629999160766598
2021-01-06,0.005960818531548905,0.08000000000000007,-0.016374384156319522,0.003965123188171507,2.066711425781193,-0.2700004577636719
2021-01-07,0.014747647321928707,0.040000000000000036,-0.0023373497260989994,0.003314261048349765,5.16650390625,-2.6999988555908203
2021-01-08,0.005681926798839893,0.04999999999999982,-0.03480879472366203,-0.005660827653219397,2.010955810546932,-0.8100013732910156
2021-01-11,-0.006763762806872537,0.020000000000000018,-0.001963368081678198,-0.006970396164782812,-2.392547607421875,2.5200004577636683
2021-01-12,0.00021128531095629746,0.0,0.006453094143516468,-0.0020950213174325376,0.074493408203125,-0.75
2021-01-13,0.002689485585014418,-0.04999999999999982,-0.004316677807613859,0.003955158044529991,0.949615478515625,-1.1200008392333949
2021-01-14,-0.0035083891589548877,0.04999999999999982,-0.0005192346256867747,-0.003808028393292716,-1.238250732421875,1.0400009155273438
2021-01-15,-0.007319229088877886,-0.039999999999999813,-0.012485246085867416,-0.0009239134183000088,-2.569305419921932,1.0900001525878906
2021-01-19,0.007821404391341533,-0.010000000000000009,0.008437377567923208,-0.006105591465606711,2.746276855468807,-1.1000003814697266
2021-01-20,0.013743809414534397,0.0,0.016151154600027997,0.0050853733131119285,4.87811279296875,-1.659999847412113
2021-01-21,0.0009113300145762382,0.020000000000000018,-0.0006273739671711188,-0.0019161371485267263,0.325836181640625,-0.2600002288818324
2021-01-22,-0.0035458535760334374,-0.020000000000000018,-0.007904302060517928,0.004172884115166977,-1.26611328125,0.5900001525878906
2021-01-25,0.003936181667270158,-0.050000000000000044,0.0008622455288576803,0.00025913209312755636,1.40576171875,1.2800006866455078
2021-01-26,-0.0015623127501354997,0.0,-0.002473656951145883,-0.0019087660606736155,-0.5586242675781818,-0.1700000762939453
2021-01-27,-0.024744211391007784,-0.010000000000000009,-0.006355778295441206,0.0013782815622589177,-8.732208251953068,14.189998626708984
2021-01-28,0.00856346277041709,0.030000000000000027,0.000926931727635592,-0.004773378169334243,2.99761962890625,-7.0
2021-01-29,-0.02022265055526004,0.040000000000000036,-0.0004054103376829626,0.0012354407583351585,-7.037841796875,2.8800010681152344
2021-02-01,0.01650849649328317,-0.020000000000000018,0.00934152297824149,0.0003151851458534282,5.73455810546875,-2.8500003814697266
2021-02-02,0.014041437376444444,0.030000000000000027,-0.012242430084677477,-0.00456032922487926,4.95263671875,-4.680000305175781
2021-02-03,0.0007858327224910305,0.029999999999999805,-0.0015117720158050482,-0.0024589779925830125,0.27923583984375,-2.6499996185302734
2021-02-04,0.01130161274892552,0.0,-0.021765636924135134,0.000276917273947226,4.040252685546875,-1.1399993896484375
2021-02-05,0.003928130362982281,0.040000000000000036,0.009823748692690917,-0.006302406474781382,1.415008544921875,-0.8999996185302734
2021-02-08,0.007195892425689263,0.0,0.01001975221091292,0.006832463888964413,2.606597900390625,0.3699989318847656
2021-02-09,-0.000666163996282809,-0.010000000000000009,0.0032595928083516256,0.0004001279473606964,-0.242095947265625,0.3899993896484375
2021-02-10,-0.00043581206225588545,-0.030000000000000027,0.003654430629279855,0.005493380213142898,-0.158294677734375,0.3600006103515625
2021-02-11,0.0016140822789803531,0.010000000000000009,-0.008723013798522866,0.0001006147186412552,0.58660888671875,-0.7399997711181641
2021-02-12,0.004927702387395426,0.040000000000000036,-0.003041852351548402,0.0008488716587744375,1.7967529296875,-1.2800006866455114
2021-02-16,-0.0008665047851200199,0.10000000000000009,-0.014457496034195686,5.689336019155883e-05,-0.31658935546869316,1.4899997711181676
2021-02-17,0.00022935353527436185,-0.010000000000000009,-0.011417786234196115,-0.0032787569674480477,0.08377075195306816,0.04000091552734375
2021-02-18,-0.00426496109943975,0.0,-6.0090224343136566e-05,-0.0036849485827756168,-1.55462646484375,0.9899997711181641
2021-02-19,-0.0017677550001841446,0.050000000000000044,0.004139970385631239,0.003636543984999715,-0.6424255371093182,-0.4400005340576172
2021-02-22,-0.007721406278197779,0.030000000000000027,0.014858231751961605,0.0028456766837020647,-2.792785644531307,1.4000015258789062
2021-02-23,0.0012137853596579581,0.0,-0.0023033964742125187,0.003329382255763756,0.437591552734375,-0.3400001525878942
2021-02-24,0.010959026928899974,0.009999999999999787,-0.0007097783269727351,-0.001204987918721342,3.975067138671875,-1.7700004577636683
2021-02-25,-0.024390847765850727,0.16000000000000014,-0.018995808065307287,0.001580961359324078,-8.78802490234375,7.54999923706055
2021-02-26,-0.005165977217727388,-0.10000000000000009,-0.024480114534154506,-0.0009002015062184444,-1.833953857421875,-0.9399986267089879
2021-03-01,0.02395109453137888,0.010000000000000009,-0.0017319159550744983,-0.005844176882910137,8.583221435546875,-4.600000381469727
2021-03-02,-0.007833904193719968,-0.030000000000000027,0.005433148366520264,-0.0031866658408165566,-2.830047607421875,0.75
2021-03-03,-0.013334330000162592,0.050000000000000044,-0.011082728374520621,0.002848097048624638,-4.76641845703125,2.5699996948242188
2021-03-04,-0.012451769069750096,0.07000000000000006,-0.00988559566723337,-0.0028842034545033873,-4.3939208984375,1.8999996185302734
2021-03-05,0.018229382686542724,0.020000000000000018,0.0006286134207733884,-0.00690519775863099,6.45135498046875,-3.9099998474121094
2021-03-08,-0.004991169352284777,0.030000000000000027,-0.010422315048141234,-0.0035242896042219775,-1.778076171875,0.8099994659423793
2021-03-09,0.014176399054266148,-0.040000000000000036,0.02104806019448947,-0.006217744884170941,5.07354736328125,-1.4399986267089808
2021-03-10,0.006205390875108727,-0.020000000000000018,0.005085327698430273,0.003890155314310437,2.243560791015625,-1.470001220703125
2021-03-11,0.010088307794463151,0.010000000000000009,-0.0008663865026826478,0.0023633748120306186,3.677276611328125,-0.6499996185302734
2021-03-12,0.001345747554892839,0.09999999999999987,-0.00018574519969141986,0.005021504926535071,0.49334716796875,-1.2199993133544922
2021-03-15,0.005945732725509262,-0.019999999999999796,0.004386867610048303,-0.0030159811771838406,2.187652587890625,-0.6599998474121094
2021-03-16,-0.001262081668598237,0.0,0.0009244132771239594,-0.002029413754968581,-0.4654541015625,-0.23999977111816406
2021-03-17,0.0034040211787026457,0.009999999999999787,0.0071195808075622735,-0.0020252271693676203,1.256744384765625,-0.5600013732910156
2021-03-18,-0.014656300151732343,0.08000000000000007,-0.0058269675795917875,0.006794990677772875,-5.380706787109318,2.350000381469723
2021-03-19,-0.0018522359918514229,0.030000000000000027,0.004174394816826358,-0.005401606379240041,-0.6744079589844318,-0.629999160766598
2021-03-22,0.007953395708179845,-0.050000000000000044,-0.0014713433816878438,-0.0029514157086693777,2.90472412109375,-2.0700016021728516
2021-03-23,-0.007901886704075697,-0.06000000000000005,-0.007327408483150656,0.004191626170597192,-2.885986328125,1.4200000762939453
2021-03-24,-0.005096453882609798,-0.009999999999999787,0.003454859203276189,-0.0078093163477120295,-1.84930419921875,0.9000015258789062
2021-03-25,0.005609637293618072,0.009999999999999787,-0.0036402714825327686,-0.002294449520728023,2.036041259765625,-1.3900012969970703
2021-03-26,0.015986422865641333,0.040000000000000036,0.002839374216722469,-0.0030901862514860034,5.865386962890625,-0.9499988555908239
2021-03-29,-0.0005051251740702458,0.06000000000000005,-0.011967328788777756,0.0009661342348527806,-0.186767578125,1.8799991607666051
2021-03-30,-0.002656515251579494,0.0,-0.01723957501602924,-0.0014430194363622135,-0.9806823730468182,-1.1299991607666051
2021-03-31,0.004045243316161771,0.010000000000000009,0.015053975494509144,-0.004035176121666364,1.4943847656249432,-0.21000099182128196
2021-04-01,0.010741159740658483,-0.050000000000000044,0.012549018493591777,0.00044567955889988594,3.997436523437557,-2.0699996948242223
2021-04-05,0.014251134755231279,0.040000000000000036,-0.00037046965366193687,0.003348233607765801,5.370422363281193,0.5799999237060547
2021-04-06,-0.0005907724414697516,-0.06000000000000005,0.007996616729269289,0.00430470340840242,-0.224151611328125,0.21000099182128906
2021-04-07,0.001156444673820353,0.010000000000000009,-0.0028223021365765604,0.004667518332491089,0.43890380859375,-0.9600009918212891
2021-04-08,0.004735632714582154,-0.040000000000000036,0.010694635856861524,-4.7487154005886665e-05,1.8026123046875,-0.20999908447265625
2021-04-09,0.007243916339020557,0.030000000000000027,-0.007566026934120144,0.0035326838721787264,2.773956298828125,-0.26000022888183594
2021-04-12,0.0003644852622896163,0.020000000000000018,-0.006082067490100263,-0.00127417156305379,0.140106201171875,0.2199993133544922
2021-04-13,0.0029593081553815443,-0.050000000000000044,0.007061488473290135,0.0011907313782124399,1.1394348144531818,-0.26000022888183594
2021-04-14,-0.003420911338239057,0.0,-0.0043537794872208335,0.00330576270865255,-1.3168640136719318,0.3400001525878906
2021-04-15,0.010685046420227245,-0.07999999999999985,0.0160335365383925,0.00266938663461784,4.128143310546875,-0.4200000762939453
2021-04-16,0.0033370048598022456,0.030000000000000027,0.0060295628147861114,-0.001197872792266197,1.298309326171875,-0.31999969482421875
2021-04-19,-0.004925289241848318,0.020000000000000018,-0.0027691247303623773,-0.0001915020593817065,-1.91473388671875,1.0400009155273438
2021-04-20,-0.0073482575943080745,-0.030000000000000027,0.003550241996940974,0.006315822590865152,-2.839202880859375,1.3899993896484375
2021-04-21,0.009417506856298993,-0.010000000000000009,0.009862362310853667,-0.0010714026456539285,3.642486572265625,-1.1800003051757812
2021-04-22,-0.009175272695215236,0.0,-0.00650425423162094,0.0004452368864991329,-3.549224853515625,1.2099990844726562
2021-04-23,0.010784112044361305,0.010000000000000009,-0.0038387727937765547,-0.0019122059613187559,4.1749267578125,-1.3799991607666016
2021-04-26,0.002085680779670525,0.0,0.002640755671589698,0.006231051392350071,0.812652587890625,0.3099994659423828
2021-04-27,-0.00021573657122542466,0.04999999999999982,-0.0025205449092440876,-0.0006768412074528475,-0.084136962890625,-0.07999992370605469
2021-04-28,-0.000287408054100125,0.0,0.002940064461277065,0.0007143095577937462,-0.112060546875,-0.279998779296875
2021-04-29,0.0063527468680248935,0.020000000000000018,-0.004142547462168167,0.00376599054132821,2.484466552734375,0.3299999237060547
2021-04-30,-0.006592394995886395,0.0,-0.003374702192485256,-0.0007279412418516312,-2.577880859375,0.9999999999999964
2021-05-03,0.0021545340351285954,-0.020000000000000018,0.01289485518814097,-0.008224575158544535,0.84063720703125,-0.30000114440917613
2021-05-04,-0.006188620297969595,-0.019999999999999796,-0.007356686965198023,0.002782257454785237,-2.409759521484318,1.1700000762939453
2021-05-05,0.00031300265301654047,-0.020000000000000018,0.00413361336698124,-0.003840141391094418,0.12152099609369316,-0.32999992370605113
2021-05-06,0.007953790313417624,-0.010000000000000009,0.016542002735280385,-0.000588627419968323,3.100799560546875,-0.7600002288818359
2021-05-07,0.007251546891818309,0.020000000000000018,0.00895658735382193,0.00503198317631046,2.848602294921875,-1.6999988555908239
2021-05-10,-0.009951684686824534,0.029999999999999805,0.0030259218728549953,0.008459516107695119,-3.904022216796875,2.969999313354492
2021-05-11,-0.00896481098391669,0.010000000000000009,0.0001742848474817966,-0.002479800741129696,-3.4837646484375,2.1800003051757812
2021-05-12,-0.02147420443352989,0.050000000000000044,-0.009983483413452903,0.00029383327808927054,-8.21905517578125,5.75
2021-05-13,0.011941020571525716,-0.030000000000000027,0.004098917859921596,-0.005448904780959188,4.54852294921875,-4.460000991821289
2021-05-14,0.015238591387624931,-0.030000000000000027,0.009074563611959028,-0.00010027954906675598,5.884063720703125,-4.319999694824219
2021-05-17,-0.0025478477130398765,0.010000000000000009,0.011572105937362132,0.0060326971844055525,-0.9900512695311932,0.9099998474121058
2021-05-18,-0.00865288101219042,0.0,0.0019442812059788442,0.0005347615740198004,-3.343597412109432,1.620000839233402
2021-05-19,-0.0026253320519423135,0.040000000000000036,0.0006853819629941132,0.00550632825897061,-1.008758544921875,0.8400001525878906
2021-05-20,0.010700467696739196,-0.050000000000000044,0.004556871795741219,-0.004192610282990834,4.128204345703125,-1.510000228881836
2021-05-21,-0.0008188541073927076,0.0,0.00045446916842239933,0.00430631296814461,-0.317474365234375,-0.5200004577636683
2021-05-24,0.010142390620651266,-0.019999999999999796,0.001759487487714246,-0.0034538002924195703,3.950653076171875,-1.75
2021-05-25,-0.0022210243935054785,-0.050000000000000044,0.009031903514378268,0.002573974062547223,-0.868560791015625,0.44000053405761363
2021-05-26,0.001982622213982329,0.020000000000000018,-0.0017435678186662285,0.002817025025208322,0.775238037109375,-1.4799995422363281
2021-05-27,0.0005246747493609757,0.030000000000000027,0.0003940189892895408,-0.004623097322663016,0.20541381835943184,-0.6200008392333984
2021-05-28,0.0017872519885163082,-0.030000000000000027,0.0037630876338542248,4.868920925875243e-05,0.7005310058593182,0.020000457763671875
2021-06-01,-0.0008812754377715133,0.040000000000000036,-0.0026945732480542135,0.0032487001889590257,-0.3455810546875,1.1399993896484375
2021-06-02,0.0015712627373572056,-0.030000000000000027,0.004878526963101577,-0.0012347715654755192,0.616363525390625,-0.4200000762939453
2021-06-03,-0.003718085981779782,0.039999999999999813,-0.019772420864664846,-0.0006473941004048983,-1.456939697265625,0.5600013732910156
2021-06-04,0.009104323120702517,-0.06999999999999984,0.010725633264657355,-0.0063144302989845795,3.577178955078125,-1.6200008392333984
2021-06-07,-0.0009708141560687487,0.010000000000000009,0.003999619209610979,0.0029137387666367726,-0.38299560546875,0.0
2021-06-08,0.00021319573325577474,-0.040000000000000036,-0.003096867753862795,0.0020707212423165646,0.084075927734375,0.6499996185302734
2021-06-09,-0.0014929380543909263,-0.030000000000000027,-0.0019193434836643904,-0.001705667883123736,-0.58837890625,0.8199996948242188
2021-06-10,0.0046374556500150274,-0.050000000000000044,0.004285131517665339,0.0007514316319798007,1.830535888671875,-1.789999008178711
2021-06-11,0.0016512285401927172,0.020000000000000018,-0.011316177890912231,-0.0007757186750589432,0.653839111328125,-0.4500007629394549
2021-06-14,0.0022363867774953324,0.040000000000000036,-0.005878166410042197,-0.005135737081496744,0.88726806640625,0.7399997711181658
2021-06-15,-0.001835724802185789,0.0,-0.0037848631237422004,0.0009934254397854871,-0.72845458984375,0.6300010681152344
2021-06-16,-0.005599080520896535,0.06000000000000005,-0.01703600368035545,0.00040016097426804237,-2.213592529296875,1.1299991607666051
2021-06-17,-0.0003315157290132909,-0.050000000000000044,-0.03122282591641038,-0.010903186645947914,-0.13067626953119316,-0.399999618530277
2021-06-18,-0.013582305566752427,-0.07000000000000006,-0.005562705142465907,-0.0068737695746302375,-5.3167724609375,2.950000762939453
2021-06-21,0.014214351149259967,0.050000000000000044,0.012173251058176099,-0.003342081870940971,5.565948486328068,-2.8100013732910156
2021-06-22,0.005332111524362004,-0.020000000000000018,-0.00420166857422807,0.0032705342094358175,2.1083984375,-1.2299995422363281
2021-06-23,-0.0012060495557048507,0.020000000000000018,-0.0006618767987564016,0.002027168217937988,-0.477874755859375,-0.3400001525878906
2021-06-24,0.005898160858657853,-0.010000000000000009,-0.0006021199876096117,-0.000298348979723717,2.342529296875,-0.34999942779541016
2021-06-25,0.0035459362212831424,0.050000000000000044,0.003306999189259349,-0.00023858341510828802,1.41497802734375,-0.35000038146972656
2021-06-28,0.0020137721931597283,-0.050000000000000044,-5.999643961855651e-05,0.0009907275906234155,0.805816650390625,0.1400003433227539
2021-06-29,0.0005378192917472981,0.0,-0.010561034647227364,-0.0011100406473405179,0.215484619140625,0.26000022888183594
2021-06-30,0.0008413760182660855,-0.040000000000000036,0.004841763592293601,-0.0022639479292535175,0.33734130859380684,-0.1900005340576154
2021-07-01,0.005521369607546699,0.030000000000000027,0.0034354496150826534,-0.0038013635275334565,2.220794677734318,-0.35000038146972834
2021-07-02,0.007614526814550297,-0.040000000000000036,0.0065369291506959725,-0.0008888767430043352,3.0828857421875,-0.4099998474121076
2021-07-06,-0.0018231985468208764,-0.06999999999999984,0.004949187883217545,0.0014818934362127911,-0.74029541015625,1.3700008392333967
2021-07-07,0.0035280186221382783,-0.040000000000000036,0.0037995736126820853,-0.0033164595271548305,1.433746337890625,-0.23999977111816406
2021-07-08,-0.008181400673562446,-0.030000000000000027,-0.0006520293887520076,-0.002635657052069856,-3.317108154296875,2.799999237060547
2021-07-09,0.01061807669143721,0.07000000000000006,0.0033150614410246745,0.004619447070696502,4.310302734375,-2.8199996948242188
2021-07-12,0.003575703206812196,0.009999999999999787,-0.0012418718351821449,0.0021040698794469346,1.46185302734375,-0.010000228881835938
2021-07-13,-0.0034150142523887072,0.040000000000000036,0.0013009357869861221,-0.0006528392208572587,-1.3962707519530682,0.9500007629394531
2021-07-14,0.0014912532112355062,-0.04999999999999982,0.010697757313475486,-0.007600298375475396,0.609130859375,-0.7900009155273438
2021-07-15,-0.003421451685539403,-0.06000000000000005,0.00017546425482688882,0.004910529098378265,-1.3962097167969318,0.6800003051757812
2021-07-16,-0.007874613387546565,0.0,-0.009751038308664077,-0.0018206213531582575,-3.195343017578068,1.4400005340576172
2021-07-19,-0.014877981892797298,-0.1200000000000001,0.001179853512608669,0.00018548069676449624,-5.968902587890682,4.049999237060547
2021-07-20,0.01422858330383334,0.040000000000000036,-0.0012979424872485647,-0.0017080651561058448,5.706512451171875,-2.770000457763672
2021-07-21,0.00806371994782655,0.07000000000000006,-0.003726190289074976,-0.0008252343591270102,3.270263671875,-1.8199996948242188
2021-07-22,0.0020919728145704195,-0.030000000000000027,0.0019535411866020086,0.0007308234638374334,0.8527221679688068,-0.2199993133544922
2021-07-23,0.01023556939252022,0.030000000000000027,-0.003139340880551927,-0.0016966692097778924,4.197998046875,-0.48999977111816406
2021-07-26,0.0024518517484407422,-0.010000000000000009,-0.0023758261058627853,5.893086054979372e-05,1.0119934082030682,0.37999916076660156
2021-07-27,-0.004567973754238333,-0.040000000000000036,0.0016636888817755746,0.0029122406895437866,-1.8834228515625,1.7800006866455043
2021-07-28,-0.00041032914017947715,0.010000000000000009,0.0050335632022407,0.0012997004508067118,-0.16876220703125,-1.0500011444091761
2021-07-29,0.0041389722307020324,0.020000000000000018,0.011044023020098688,0.0019290801555133712,1.7054748535156818,-0.6099987030029297
2021-07-30,-0.004868259833408928,-0.040000000000000036,-0.007918108309762988,0.003963210978191592,-2.005249023437557,0.5399990081787109
2021-08-02,-0.0021002554620196357,-0.040000000000000036,-0.0012374082182159806,-0.0021847985485022245,-0.862091064453125,1.2199993133544922
2021-08-03,0.008102600707534916,-0.010000000000000009,-0.0007077270423842932,0.0006409929936695579,3.33587646484375,-1.4199981689453125
2021-08-04,-0.004931129731503787,0.0,0.00023593466942563418,-0.0004392010828315455,-2.03338623046875,-0.07000160217285156
2021-08-05,0.006312778387427801,0.040000000000000036,-0.003959922253451811,-0.0027026069039768293,2.60491943359375,-0.6899986267089844
2021-08-06,0.0016510758429412753,0.08000000000000007,-0.025308704477345147,-0.00014200501231056276,0.68402099609375,-1.1300010681152344
2021-08-09,-0.0008139268374688887,0.020000000000000018,-0.017894816057729707,-0.00731143358773178,-0.33734130859375,0.5699996948242188
2021-08-10,0.0012433018804217549,0.030000000000000027,0.00030914743149373187,-0.000939444477304895,0.515411376953125,0.07000160217285156
2021-08-11,0.0024816823977058273,-0.010000000000000009,0.01369082807188368,-0.001290369832655863,1.03070068359375,-0.6200008392333984
2021-08-12,0.0029926824777074244,0.010000000000000009,0.00024383177142714218,0.0015827021925636149,1.2463378906250568,-0.5799999237060547
2021-08-13,0.0018179053280520632,-0.07000000000000006,0.014224167163591615,-0.00048022563504941196,0.7589111328124432,-0.1400003433227539
2021-08-16,0.0023519787212862636,-0.030000000000000027,0.004975891262677384,0.0049650586518873285,0.983917236328125,0.6700010299682617
2021-08-17,-0.006576515120285442,0.0,-0.001496155150116038,-0.0012495051770467507,-2.745391845703068,1.789999008178711
2021-08-18,-0.011005463457265061,0.010000000000000009,0.0007783092556947036,-0.00597801915977613,-4.5540771484375,3.6599998474121094
2021-08-19,0.0015469708948362205,-0.030000000000000027,-0.0029367165231408677,-0.0005501958639484956,0.6371154785155682,0.10000038146972656
2021-08-20,0.007925508203596617,0.020000000000000018,0.0005400158455303154,-0.0022842612773609403,3.27960205078125,-3.1100006103515625
2021-08-23,0.008758072034062817,-0.010000000000000009,0.012104007439095057,0.0017928718657227044,3.65447998046875,-1.4099998474121094
2021-08-24,0.001586369389443297,0.040000000000000036,-0.0004742535717267673,0.004008621033643521,0.6653747558594318,0.06999969482421875
2021-08-25,0.002096041040764968,0.06000000000000005,-0.006961609676564189,0.0007284170260269493,0.8807678222655682,-0.42999839782714844
2021-08-26,-0.005920539705417956,-0.010000000000000009,0.001133835388463418,0.0018114856517439193,-2.48309326171875,2.049999237060547
2021-08-27,0.008901135023625557,-0.030000000000000027,0.014917723322635659,-0.0015294540875914354,3.738739013671875,-2.450000762939453
2021-08-30,0.004387940296165535,-0.020000000000000018,-0.004947859047149437,0.0036169593109244688,1.8553466796875,-0.1999988555908203
2021-08-31,-0.0014826261192963115,0.010000000000000009,0.00200564206756742,-0.00017813762365744638,-0.6278076171875,0.28999900817871094
2021-09-01,0.000531193114233727,0.010000000000000009,5.88968847449306e-05,0.001133153638000808,0.224822998046875,-0.3699989318847656
2021-09-02,0.003072091130205981,-0.020000000000000018,-0.002655242464544409,0.002589813077556953,1.3025817871094318,0.2999992370605469
2021-09-03,-0.0002430021799142263,0.040000000000000036,0.010637446088029513,0.0030001647486994007,-0.10317993164068184,0.0
2021-09-07,-0.00358194231076905,0.04999999999999982,-0.019778020504279115,-0.00011874975891357146,-1.51800537109375,1.7299995422363317
2021-09-08,-0.0012188186361097933,-0.029999999999999805,-0.002507544166051433,-0.0026565305038642366,-0.5152893066405682,-0.1800003051757848
2021-09-09,-0.00428938920376104,-0.050000000000000044,0.004413734414974538,-0.002068043422056589,-1.8084716796875,0.8400001525878906
2021-09-10,-0.007915764929658665,0.050000000000000044,-0.005071495164425335,0.0005769633095645054,-3.317108154296932,2.1500015258789062
2021-09-13,0.00255581073142001,-0.020000000000000018,0.0033441618437189445,-0.0011819121036025907,1.068145751953125,-1.5799999237060547
2021-09-14,-0.0054109816526278715,-0.050000000000000044,0.006417907636002404,0.0,-2.2581787109375,0.08999824523925781
2021-09-15,0.008317813423935543,0.030000000000000027,-0.005881528710091136,-0.0005904704860359962,3.476348876953125,-1.279998779296875
2021-09-16,-0.0015866157667165023,0.030000000000000027,-0.022902242747818987,0.0012710625809982954,-0.66534423828125,0.5100002288818359
2021-09-17,-0.009788471294715453,0.030000000000000027,-0.0015862999324902439,-0.004453323350837845,-4.081512451171875,2.1199989318847656
2021-09-20,-0.0168148770410659,-0.06000000000000005,0.007118755657039398,-0.0031955703633193186,-6.918731689453125,4.899999618530273
2021-09-21,-0.0009451097749132758,0.020000000000000018,0.00664689654260444,2.3374235536795343e-05,-0.38543701171875,-1.3499984741210973
2021-09-22,0.0097075334487877,-0.010000000000000009,-0.0037409995549623856,-0.0006215340073657035,3.976348876953182,-3.4899997711181605
2021-09-23,0.012076763168670705,0.08999999999999986,-0.011613566243419594,-0.003008212978931102,5.001007080078068,-2.240001678466797
2021-09-24,0.001645730908376241,0.06000000000000005,-0.0012850982867509395,0.004486492911866468,0.686187744140625,-0.8799991607666016
2021-09-27,-0.0028648851256622256,0.010000000000000009,0.0020798706668898187,-0.0014664840661050697,-1.19378662109375,1.0100002288818395
2021-09-28,-0.02035756075885151,0.06000000000000005,-0.009763940911599527,-0.002242493734973323,-8.385131835937443,4.4899997711181605
2021-09-29,0.0016815960701384318,0.010000000000000009,-0.0045149330127863515,-0.0008944087511727837,0.6861877441405682,-0.6900005340576172
2021-09-30,-0.01229771432777094,-0.030000000000000027,0.01781698430701417,-0.007277304997338633,-4.99163818359375,0.5799999237060582
2021-10-01,0.011814278678490707,-0.040000000000000036,0.0022505110921036547,-0.0023408694678413076,4.79425048828125,-2.0399990081787145
2021-10-04,-0.012979955976193456,0.010000000000000009,0.004667408258473528,0.0028282082737945743,-5.26422119140625,1.8599987030029297
2021-10-05,0.010351130425160768,0.050000000000000044,-0.004667408258473519,0.0009638080038769708,4.192535400390682,-1.6599998474121094
2021-10-06,0.004147557716031417,-0.010000000000000009,0.002669757352534067,-0.0019267982057976168,1.6921081542968182,-0.2999992370605469
2021-10-07,0.008608415912527713,0.050000000000000044,-0.005285683868044846,-0.0035190085597075326,3.534515380859375,-1.4599990844726562
2021-10-08,-0.0018253566909178817,0.030000000000000027,0.00042627404378714777,0.0003814266910217661,-0.7520141601561932,-0.7700004577636719
2021-10-11,-0.007265994509828759,0.0,-0.0018893655741350408,0.0005434209268923678,-2.979888916015682,1.2299995422363281
2021-10-12,-0.002464448171979726,-0.020000000000000018,0.004504271350483098,-0.0010635092731745039,-1.00579833984375,-0.14999961853027344
2021-10-13,0.0035907853965110475,-0.030000000000000027,0.01763773443447277,-0.0017084358360839192,1.46630859375,-1.2100009918212855
2021-10-14,0.016680818732087873,-0.040000000000000036,0.0024434808580754102,0.005667679663200196,6.881134033203125,-1.7799987792968786
2021-10-15,0.007586897089088033,0.07000000000000006,-0.0160204917648545,-0.0006956887472967136,3.16790771484375,-0.5600013732910156
2021-10-18,0.002956473107921681,0.0,-0.002482990902389477,0.0004753248849683281,1.240997314453125,0.010000228881835938
2021-10-19,0.007685074059352272,0.05999999999999983,0.003208519186409284,0.0014506924609902151,3.243072509765625,-0.6099996566772461
2021-10-20,0.003919928150950961,0.0,0.008725778175468667,0.0015574351739559725,1.663818359375,-0.21000003814697266
2021-10-21,0.0026049418012381335,0.030000000000000027,-0.0008991093021597419,0.0019794696195469387,1.109283447265625,-0.4799995422363281
2021-10-22,-0.001036677543404334,-0.020000000000000018,0.006098334452755203,-0.0025492392462915913,-0.441802978515625,0.42000007629394354
2021-10-25,0.0053484253801236335,-0.020000000000000018,0.006890365329616705,0.0012679558513760646,2.284271240234375,-0.1900005340576154
2021-10-26,0.0008995826334097504,-0.010000000000000009,-0.007427027125168416,-0.0024414242352122696,0.385406494140625,0.7399997711181641
2021-10-27,-0.004440015837019645,-0.08999999999999986,0.0026206236403640355,-0.0011605601944855107,-1.8988647460936932,1.0
2021-10-28,0.009602583629189445,0.030000000000000027,-0.00023791366260843256,0.00016238277643643726,4.117370605468693,-0.4499988555908203
2021-10-29,0.0020270219358877696,-0.020000000000000018,-0.008544299301700552,0.00717141021851891,0.8742065429688068,-0.2700004577636719
2021-11-01,0.0017188900969077677,0.030000000000000027,0.005207004497418708,-0.01092280404050203,0.7427062988280682,0.14999961853027344
2021-11-02,0.004034901802501859,-0.020000000000000018,-0.0021513131388870075,0.003705045477995642,1.748443603515625,-0.37999916076660156
2021-11-03,0.006086645222384712,0.040000000000000036,-0.0083501482773226,-0.0017384315163677048,2.650909423828125,-0.9300003051757795
2021-11-04,0.004701368665379283,-0.07000000000000006,0.011277125295739413,0.0031313349393210293,2.05865478515625,0.33999919891357244
2021-11-05,0.0034636656883264257,-0.08000000000000007,0.012978359326946427,-0.005213485594809396,1.52288818359375,1.0399999618530273
2021-11-08,0.0008534183584991763,0.06000000000000005,0.003585184846901929,0.0011677502279925879,0.37603759765625,0.7399997711181641
2021-11-09,-0.0033108004580741507,-0.050000000000000044,0.004916006634195484,0.0019571431965666247,-1.45703125,0.5600013732910156
2021-11-10,-0.008077364700582488,0.10000000000000009,0.010800248284572371,0.00034775066237484683,-3.5345458984375,0.9499988555908203
2021-11-11,0.0003233843718153033,0.0,0.005586453042738802,-0.009497879778277242,0.14096069335943184,-1.0699996948242188
2021-11-12,0.007518414508618571,0.020000000000000018,0.0018934614978916627,-0.003062046147157758,3.290100097656193,-1.3699989318847656
2021-11-15,0.0003423892390552437,0.04999999999999982,-0.00154894492430588,-0.0008012042758382873,0.150421142578125,0.1999988555908203
2021-11-16,0.003950069233563649,0.0,-0.007260156004477963,-0.006591516828806556,1.739105224609375,-0.11999893188476562
2021-11-17,-0.0024322987471804133,-0.029999999999999805,0.009095692432078762,-0.003993008800771305,-1.071685791015625,0.7399997711181641
2021-11-18,0.0033908614040212334,-0.010000000000000009,-0.0032143154449525086,0.0,1.4947509765625,0.4799995422363281
2021-11-19,-0.0017899500727969195,-0.050000000000000044,-0.007675708262916443,0.0041634209432113425,-0.7896728515625,0.31999969482421875
2021-11-22,-0.0028191786898732144,0.08999999999999986,-0.02267561664312034,-0.008185652960956939,-1.2408752441405682,1.260000228881836
2021-11-23,0.0013251254018623608,0.040000000000000036,-0.008690053468478977,-0.0029835852011364673,0.5828247070311932,0.20999908447265625
2021-11-24,0.0026665019611067766,-0.030000000000000027,-0.0009569597921073518,0.00024735570464733033,1.175140380859375,-0.7999992370605504
2021-11-26,-0.022555713212217533,-0.15999999999999992,-0.0016168462526691021,-0.0031437284521549885,-9.842254638671875,10.040000915527347
2021-11-29,0.012191880927735377,0.040000000000000036,-0.0013795005365548109,0.007425897335294688,5.292388916015625,-5.660001754760742
2021-11-30,-0.019649291905884044,-0.09000000000000008,-0.006744546424564762,2.2589292359688217e-05,-8.4979248046875,4.230001449584961
2021-12-01,-0.011169466070600409,0.0,0.003980006790395922,0.00325785330087555,-4.75665283203125,3.9300003051757812
2021-12-02,0.015200246574059228,0.010000000000000009,-0.005552205835401061,-0.0009513667903634799,6.486297607421875,-3.1700000762939453
2021-12-03,-0.00873929512791795,-0.08999999999999986,0.008376819081740972,-0.0011765121921124223,-3.741302490234375,2.719999313354492
2021-12-06,0.011773495306919462,0.07999999999999985,-0.0024635953850727986,-0.0001244234477379464,5.04791259765625,-3.489999771118164
2021-12-07,0.020473901793300782,0.050000000000000044,0.0035432060613326127,-0.0016039171174726395,8.9210205078125,-5.29000091552734
2021-12-08,0.0026443484445411625,0.040000000000000036,0.0005393685677794685,-0.0009025026753297686,1.16558837890625,-1.989999771118164
2021-12-09,-0.006774381787820335,-0.030000000000000027,-0.006130129283900702,0.0061079038765980585,-2.979888916015568,1.6800003051757741
2021-12-10,0.009369551020117762,-0.010000000000000009,0.004211020685246302,-0.0046183295368528,4.126800537109318,-2.889999389648434
2021-12-13,-0.008897824107423657,-0.06000000000000005,0.002518126917516811,0.0016389133221552789,-3.919952392578125,1.6199989318847656
2021-12-14,-0.006903742731689074,0.020000000000000018,-0.009385206339641532,-0.0023388985305647886,-3.01751708984375,1.5799999237060582
2021-12-15,0.015504149887947941,0.030000000000000027,0.004282351988516796,-0.0021418552396564616,6.805877685546875,-2.5999984741210973
2021-12-16,-0.008857748429853748,-0.030000000000000027,0.012024970840539904,0.0026159220068292816,-3.901214599609375,1.279998779296875
2021-12-17,-0.01069979729848039,-0.030000000000000027,-0.002143116686188639,0.0038349515063402,-4.666656494140625,1.0
2021-12-20,-0.010690373162807638,0.020000000000000018,-0.004240244730917084,-0.008026219874793954,-4.612945556640625,1.3000011444091797
2021-12-21,0.01760312681340457,0.050000000000000044,-0.00041897618344674124,0.0030177831235180014,7.6221923828125,-1.860000610351559
2021-12-22,0.009949110682486759,-0.020000000000000018,0.00935611880010715,0.0008913322339791711,4.367706298828125,-2.380001068115238
2021-12-23,0.006202767225986031,0.040000000000000036,0.002251481491211197,0.0036525342506323407,2.7451171875,-0.6700000762939453
2021-12-27,0.014052778205335289,-0.020000000000000018,0.002364450476828884,-0.0004077287921215618,6.2825927734375,-0.279998779296875
2021-12-28,-0.0008174667768138015,0.010000000000000009,-0.004319380340024978,0.0005096876276717915,-0.367889404296875,-0.1399993896484375
2021-12-29,0.001278493133451881,0.06000000000000005,-0.0002965516280151311,-0.0013473476208362394,0.57550048828125,-0.5900001525878906
2021-12-30,-0.0027681967334091387,-0.030000000000000027,0.007151581744182501,0.004002085556977272,-1.245147705078125,0.37999916076660156
2021-12-31,-0.002523562404516496,0.0,0.006808358432551388,-0.003096529393978052,-1.132110595703125,-0.1100006103515625
2022-01-03,0.005773295538908142,0.10999999999999988,-0.015503300973700684,0.004267353279425674,2.594207763671875,-0.6199989318847656
2022-01-04,-0.0003349985306565355,0.030000000000000027,0.007339514803169255,-0.0062811432323980785,-0.15093994140625,0.3099994659423828
2022-01-05,-0.01938885471016193,0.050000000000000044,-0.003012197052209778,-0.001648756778474241,-8.650421142578068,2.8199996948242188
2022-01-06,-0.0009399847460038525,0.020000000000000018,-0.012319703780209438,0.0026438305657729066,-0.41513061523443184,-0.11999893188476918
2022-01-07,-0.0039613194336906915,0.030000000000000027,0.004540812572282988,-0.0014697139139755349,-1.74517822265625,-0.8500003814697195
2022-01-10,-0.001245055092191941,0.020000000000000018,0.0030355936239956378,0.005039876404767126,-0.547088623046875,0.6399993896484375
2022-01-11,0.0090672228036399,-0.030000000000000027,0.01199245713664559,-0.00207567089876734,3.999847412109375,-0.9899997711181676
2022-01-12,0.002699672320268068,-0.010000000000000009,0.0026391371424113854,0.003177601119399733,1.19793701171875,-0.7899990081787109
2022-01-13,-0.013874524369884051,-0.040000000000000036,-0.003402771341298051,0.006591516828806482,-6.122344970703068,2.6899986267089844
2022-01-14,0.0004090587740107846,0.08000000000000007,-0.002883829150556528,0.001350938248421149,0.17929077148431816,-1.1199989318847656
2022-01-18,-0.017868253161492043,0.09000000000000008,-0.0016516182679313014,-0.004070420959063679,-7.763702392578125,3.6000003814697266
2022-01-19,-0.010437982101048206,-0.040000000000000036,0.015755750605134237,-0.0071176043295396296,-4.47149658203125,1.0599994659423828
2022-01-20,-0.011129679737191756,0.0,-0.0025020112544038944,0.0012130690311104274,-4.7166748046875,1.739999771118164
2022-01-21,-0.019825864859266244,-0.08000000000000007,-0.003267771913809988,-0.0026169374328443096,-8.273101806640625,3.260000228881836
2022-01-24,0.004237679249376688,0.0,0.005479160681096094,0.002446780096805452,1.75457763671875,1.0499992370605504
2022-01-25,-0.012284084538973644,0.030000000000000027,0.003192034576976311,-0.001529983310857574,-5.06573486328125,1.2600002288818324
2022-01-26,-0.002511993560232752,0.07000000000000006,-0.01629856790431354,-0.0017310860305209989,-1.02825927734375,0.7999992370605469
2022-01-27,-0.0049502714022264345,-0.040000000000000036,-0.01298211532059733,-0.005411465673910041,-2.018798828125,-1.4699993133544922
2022-01-28,0.02453206451708718,-0.030000000000000027,-0.002987752337666492,-0.008620280849587833,10.103240966796932,-2.8299999237060547
2022-01-31,0.017850790402949443,0.010000000000000009,0.005907056331230696,0.00047941591723723085,7.509002685546818,-2.8299999237060582
2022-02-01,0.00673433475839053,0.020000000000000018,0.0008325368758188378,0.006904807091364752,2.867828369140682,-2.870000839233395
2022-02-02,0.009667114379950787,-0.030000000000000027,0.00361943388995412,0.003938049490606719,4.150665283203068,0.13000106811523438
2022-02-03,-0.023785458982071468,0.040000000000000036,-0.0014224174555621005,0.0023026608419609075,-10.140869140625,2.260000228881836
2022-02-04,0.00469109503633191,0.10999999999999988,0.0015408910869810946,0.011947232126998369,1.980987548828125,-1.130001068115238
2022-02-07,-0.0032146117307208827,-0.010000000000000009,0.007375317353577323,0.0016939655604672347,-1.358489990234375,-0.3599987030029297
2022-02-08,0.0081943422165949,0.040000000000000036,0.0030522079460774463,-0.001064746932719005,3.4715576171875,-1.4200000762939418
2022-02-09,0.01453004202588638,-0.020000000000000018,0.003393414275398407,-0.0018977167042882913,6.22607421875,-1.480001449584961
2022-02-10,-0.018129036681082632,0.08999999999999986,-0.0038037857675304026,2.2753465781710023e-05,-7.754302978515625,3.950000762939453
2022-02-11,-0.019915576592703436,-0.10999999999999988,0.018875607865561438,-0.0005251315768386432,-8.35797119140625,3.4500007629394496
2022-02-14,-0.003274921914751245,0.06000000000000005,0.005336451777182292,-0.004430837226841851,-1.3585205078125,0.9699993133544922
2022-02-15,0.015998378673282226,0.06999999999999984,-0.009545260370239185,-0.005180328358145332,6.678955078125057,-2.629999160766598
2022-02-16,0.0011202889671627044,-0.020000000000000018,0.01023173130733765,0.0044531689986751725,0.47171020507806816,-1.4099998474121094
2022-02-17,-0.02159304386267801,-0.05999999999999983,0.013575508168976262,0.0016253575664351733,-8.99957275390625,3.819999694824215
2022-02-18,-0.006496030024531403,-0.050000000000000044,-0.000733724019731723,-0.000773175879513556,-2.66961669921875,-0.36000061035155895
2022-02-22,-0.010789605882912905,0.020000000000000018,0.002086858856896338,-0.005011438761125141,-4.395965576171875,1.0599994659423828
2022-02-23,-0.01789800754133973,0.050000000000000044,0.004497100140272996,0.0017205181805229717,-7.188323974609375,2.210000991821289
2022-02-24,0.014937075525911047,-0.030000000000000027,-0.006471023453826176,-0.002071050753779992,5.990234375,-0.7000007629394531
2022-02-25,0.021824134124333445,0.010000000000000009,-0.0033362372759372606,-0.010224378977160433,8.91461181640625,-2.729999542236328
2022-02-28,-0.0025619763811835163,-0.1399999999999999,0.010311993951243732,-0.0008614158561598332,-1.056610107421875,2.5599994659423864
2022-03-01,-0.015347366197918539,-0.1100000000000001,0.01800043176575384,0.003113275910922149,-6.273193359375,3.1700000762939418
2022-03-02,0.01822921171995873,0.14000000000000012,-0.010460864384517259,-0.0074420147912893815,7.4619140625,-2.5799999237060547
2022-03-03,-0.0049910008557374095,0.0,0.005935763844875876,-0.0018353165879163118,-2.056549072265625,-0.26000022888183594
2022-03-04,-0.008157735993113653,-0.1200000000000001,0.015803608419049087,-0.004103040528148159,-3.339385986328125,1.5
2022-03-07,-0.029922449936120244,0.040000000000000036,0.014753495270292835,-0.017530288361510188,-12.018218994140625,4.470001220703125
2022-03-08,-0.007610568995829908,0.08000000000000007,0.02699142936842652,-0.0008479603892523628,-2.99981689453125,-1.3199996948242188
2022-03-09,0.026457623305853762,0.07999999999999985,-0.03016149526620599,0.0030252121150615412,10.527679443359375,-2.6800003051757812
2022-03-10,-0.00452571053500035,0.040000000000000036,0.003116366878477797,0.015983954438480188,-1.82061767578125,-2.220001220703125
2022-03-11,-0.012796729542591917,0.020000000000000018,-0.007052696024243029,-0.005422450974016716,-5.103546142578125,0.5200004577636719
2022-03-14,-0.007335049411309998,0.14000000000000012,-0.015188475058141502,-0.007461665202687137,-2.896026611328125,1.0200004577636719
2022-03-15,0.021752245715656232,0.009999999999999787,-0.018882610033681094,0.0010172042215486929,8.650512695312557,-1.9400005340576207
2022-03-16,0.02193187128460349,0.040000000000000036,0.006241285995487705,0.002388587321219784,8.91455078125,-3.159999847412106
2022-03-17,0.012433325666569559,0.010000000000000231,0.004876733952655098,0.004782947654196474,5.1412353515625,-1.0
2022-03-18,0.010893121077960853,-0.06000000000000005,-0.008828710707897394,0.007012538465957428,4.557189941406193,-1.7999992370605469
2022-03-21,-0.00029242233801284214,0.17999999999999972,0.00761175501954624,-0.00509277099290486,-0.12298583984375,-0.3400001525878906
2022-03-22,0.011633501853592867,0.06000000000000005,-0.007277189924242526,-0.002349456247391793,4.920623779296875,-0.5900001525878906
2022-03-23,-0.012962233827724568,-0.06000000000000005,0.013567209576051467,0.001135375310259787,-5.47900390625,0.6299991607666016
2022-03-24,0.014961931583513765,0.020000000000000018,0.00723413751310883,-0.002126461945392862,6.330596923828182,-1.8999996185302734
2022-03-25,0.004871793062816097,0.14000000000000012,-0.004103860537691329,0.0002972667240242951,2.081848144531193,-0.8600006103515625
2022-03-28,0.007087917818516394,-0.020000000000000018,-0.018371517706821095,-0.0025180276167579654,3.047027587890625,-1.1800003051757812
2022-03-29,0.012294808393662307,-0.04999999999999982,0.00044668806848975184,0.0010877383591925164,5.3369140625,-0.7299995422363246
2022-03-30,-0.006193822991228128,-0.06000000000000005,0.008006283379257595,0.008845097393777262,-2.696807861328125,0.43000030517577414
2022-03-31,-0.015511003135917512,-0.03000000000000025,0.0003875207880489933,0.006319893943473256,-6.680694580078125,1.2299995422363317
2022-04-01,0.0028301356761412243,0.07000000000000028,-0.0063862158789015815,-0.008048664804752047,1.21124267578125,-0.9300003051757812
2022-04-04,0.008530000574634137,0.029999999999999805,0.004835061682683925,-0.0022672778283933112,3.671478271484375,-1.0599994659423828
2022-04-05,-0.012711712843689561,0.1200000000000001,-0.006284549046099261,-0.006485770491401886,-5.4599609375,2.460000991821289
2022-04-06,-0.010049604928193068,0.06999999999999984,0.0023404756196963713,-0.006345887741704586,-4.267669677734375,1.0699996948242188
2022-04-07,0.00502618012733472,0.050000000000000266,0.0037777415804509116,-0.0007521699867265114,2.129058837890625,-0.5500011444091797
2022-04-08,-0.00267734116455023,0.06000000000000005,0.006246419748615932,-0.003068660384801401,-1.13543701171875,-0.3899993896484375
2022-04-11,-0.017240248765471936,0.06999999999999984,0.004947206140849894,0.0018488313653010355,-7.239074707031193,3.210000991821289
2022-04-12,-0.0037120842840350264,-0.06999999999999984,0.007647435301758722,-0.0006420885703539645,-1.5424194335938068,-0.11000061035155895
2022-04-13,0.011388243288334638,-0.020000000000000018,0.004777109287769837,-0.004774839201849918,4.750183105468807,-2.4400005340576207
2022-04-14,-0.012529783863157421,0.1299999999999999,-0.003309019437270788,0.006484154387127226,-5.223358154296932,0.8800010681152344
2022-04-18,0.0004111931047022715,0.020000000000000018,0.0030924062818564585,-0.007490427428260258,0.170379638671875,-0.5300006866455078
2022-04-19,0.016013677515987937,0.08000000000000007,-0.015228268112134,-0.0030992061418720638,6.69012451171875,-0.7999992370605469
2022-04-20,-0.0007418196029547855,-0.08000000000000007,0.0048830061930919995,0.0011758350863038487,-0.312286376953125,-1.0500011444091797
2022-04-21,-0.01506650879986115,0.04999999999999982,-0.0035639435023603356,0.0051189236431801914,-6.292724609375,2.3600006103515625
2022-04-22,-0.02782256675753243,0.0,-0.009769661352400705,-0.0013553055318443394,-11.374176025390625,5.529998779296875
2022-04-25,0.005780872729832631,-0.08999999999999986,-0.018134432520229594,-0.00222952123962869,2.337310791015625,-1.1899986267089844
2022-04-26,-0.029388532544418703,-0.040000000000000036,0.0015238553873300224,-0.008997500540048975,-11.7432861328125,6.5
2022-04-27,0.0028078960685299368,0.04999999999999982,-0.007585723242633687,-0.0066102261513955,1.107147216796875,-1.9200000762939453
2022-04-28,0.024945752016208807,0.03000000000000025,0.0053838047894630165,-0.008352179109846734,9.973754882812557,-1.6100006103515625
2022-04-29,-0.03765601392056662,0.040000000000000036,-0.00011298334784093811,-0.004833072313007454,-14.960662841796932,3.410001754760742
2022-05-02,0.006001561303655792,0.10000000000000009,-0.01871452290294498,0.003019304923759393,2.346832275390625,-1.0600013732910156
2022-05-03,0.004573563190646246,-0.020000000000000018,0.0026457593569150124,-0.0025570647412530415,1.7979125976563068,-3.0900001525878906
2022-05-04,0.02999838370495236,-0.040000000000000036,0.009774616775434711,0.0018513560381257603,11.998718261718693,-3.8299999237060547
2022-05-05,-0.03618973624600717,0.11999999999999966,-0.0038184194446891804,0.008883347273825875,-14.430633544921875,5.780000686645508
2022-05-06,-0.005986767269574065,0.07000000000000028,0.0016545049194706565,-0.007819372198253615,-2.3372802734375,-1.010000228881836
2022-05-09,-0.03254117270498984,-0.07000000000000028,-0.014585347642546313,-0.0007164347743801674,-12.46246337890625,4.559999465942383
2022-05-10,0.002307833107076207,-0.05999999999999961,-0.00848106565352078,0.003185736537216687,0.87054443359375,-1.7599983215332031
2022-05-11,-0.01601347167478413,-0.08000000000000007,0.008133958004822058,-0.0031120553998316533,-5.999298095703125,-0.43000030517578125
2022-05-12,-0.0010446245368980255,-0.07000000000000028,-0.015452706170676834,-0.0019467323960849386,-0.388031005859375,-0.7900009155273438
2022-05-13,0.023626653161612055,0.0900000000000003,-0.008142627698810948,-0.012722865261767163,8.8760986328125,-2.8999996185302734
2022-05-16,-0.004065949771507319,-0.050000000000000266,0.009493279652076629,0.0020260788046566882,-1.54248046875,-1.4000015258789098
2022-05-17,0.020361683358750944,0.10000000000000009,-0.006299094085683991,0.003678174850093924,7.787841796875,-1.369998931884762
2022-05-18,-0.041146597483734525,-0.08999999999999986,0.000531343704844183,0.010377817305916337,-15.57568359375,4.85999870300293
2022-05-19,-0.006143387050517464,-0.050000000000000266,0.014590277160260899,-0.007146940759466621,-2.271026611328125,-1.6099987030029297
2022-05-20,0.00043646662749850606,-0.06000000000000005,0.000697767757192036,0.010094047194697555,0.160888671875,0.07999992370605469
2022-05-23,0.018537123686204048,0.08000000000000007,0.004639589893868967,-0.0008670358678779666,6.8983154296875,-0.9500007629394531
2022-05-24,-0.007663007747731517,-0.10000000000000009,0.007493711725538028,0.010561954262868534,-2.8671875,0.970001220703125
2022-05-25,0.00879598376915074,-0.009999999999999787,-0.006048248796558386,0.005086835283498354,3.29296875,-1.0799999237060547
2022-05-26,0.01978440925614518,0.0,-0.001850609639927292,-0.00465950711675043,7.513427734375,-0.8700008392333984
2022-05-27,0.02425257861046192,-0.009999999999999787,0.0005208853826908474,0.004326801286931803,9.4154052734375,-1.7800006866455114
2022-05-31,-0.005626706987170089,0.10999999999999988,-0.009942270255165302,0.003774305994741163,-2.204803466796875,0.47000122070312855
2022-06-01,-0.008121267550619655,0.08999999999999986,0.0063488366174163004,-0.0036670195931451026,-3.160491943359318,-0.5
2022-06-02,0.018864261147021093,-0.020000000000000018,0.012234040087981134,-0.007475100550259082,7.380889892578068,-0.9700012207031286
2022-06-03,-0.016547642611602843,0.040000000000000036,-0.010203900438868029,0.009054299007338812,-6.481964111328068,0.07000160217285512
2022-06-06,0.0030402718928935917,0.08000000000000007,-0.004413447852864014,-0.002330222818458084,1.1828918457030682,0.279998779296875
2022-06-07,0.009546350143946055,-0.06000000000000005,0.006497267812168451,-0.0032340634484176282,3.737701416015625,-1.0499992370605469
2022-06-08,-0.010931566515787814,0.04999999999999982,-0.0009256257836888652,0.0006737905923230617,-4.277099609375,-0.060001373291015625
2022-06-09,-0.02407040131408108,0.010000000000000231,-0.0031883338247287547,0.0017775409484932394,-9.254608154296875,2.1300010681152344
2022-06-10,-0.029424109571339133,0.10999999999999988,0.013323135228160962,-0.00922813318281883,-11.014556884765625,1.6599998474121094
2022-06-13,-0.03870793147180916,0.28000000000000025,-0.02676735882447253,-0.01224298052450652,-14.004913330078125,6.270000457763672
2022-06-14,-0.003018100761461317,0.06000000000000005,-0.008035407203286724,-0.007159954992260149,-1.069366455078125,-1.3300018310546875
2022-06-15,0.014155974172973785,-0.16000000000000014,0.012966509676610984,0.0024401181740229456,5.04376220703125,-3.069997787475586
2022-06-16,-0.033656220764680986,-0.050000000000000266,0.011180446816136464,0.0014941669127022307,-11.87579345703125,3.3299999237060547
2022-06-17,0.002153561196546389,-0.029999999999999805,-0.008256810144045654,0.008632159944394863,0.74798583984375,-1.8200016021728516
2022-06-21,0.024862041530825354,0.06000000000000005,-0.0037437854344901486,-0.002475442071129555,8.752868652343693,-0.9399986267089844
2022-06-22,-0.00181471044584453,-0.1499999999999999,0.003977268335422712,0.001126331054716773,-0.6462707519530682,-1.239999771118164
2022-06-23,0.009754955007569904,-0.07000000000000028,-0.006148118298448717,0.002985212626758971,3.48785400390625,0.09999847412109375
2022-06-24,0.031298589131432665,0.040000000000000036,-0.0009989609969459391,-0.004174658466384516,11.4232177734375,-1.8199996948242188
2022-06-27,-0.00382681680153871,0.07000000000000028,-0.0011176944418580068,0.004364781705743179,-1.41595458984375,-0.279998779296875
2022-06-28,-0.020644565551979376,0.0,-0.0016493806069405818,0.0013957625433815856,-7.5458984375,1.4099998474121058
2022-06-29,-0.0008146567771235962,-0.10000000000000009,-0.0007666517068580592,-0.005434475183267472,-0.294586181640625,-0.20000076293944957
2022-06-30,-0.00815765740312254,-0.1200000000000001,-0.006095587698335223,-0.007339457036861056,-2.936676025390625,0.5499992370605469
2022-07-01,0.010521140874974475,-0.10000000000000009,-0.0008313996785857856,0.0029713085188302992,3.7919921875,-2.009998321533203
2022-07-05,0.0018867225966198826,-0.06000000000000005,-0.021437799680384485,-0.0042553343033649915,0.684234619140625,0.8400001525878906
2022-07-06,0.003371672235782716,0.11000000000000032,-0.01596901758740465,-0.016965678829353473,1.225982666015625,-0.8100013732910156
2022-07-07,0.014865964439508685,0.07999999999999963,0.0005548992912700342,-0.006971445470808471,5.45501708984375,-0.649999618530277
2022-07-08,-0.0008229603838464324,0.08000000000000007,0.00043143823725389326,-0.0016284792512087165,-0.304107666015625,-1.44000053405761
2022-07-11,-0.011489324870198906,-0.09999999999999964,-0.0053749265251639535,-0.0003660231172386901,-4.2196044921875,1.5300006866455043
2022-07-12,-0.008888007212561184,-0.03000000000000025,-0.0037236489059839332,-0.011733736567112072,-3.23114013671875,1.1200008392333984
2022-07-13,-0.005265619996580132,-0.04999999999999982,0.004776265963686179,-0.0014358094078833954,-1.9007568359375,-0.470001220703125
2022-07-14,-0.002431472946125103,0.04999999999999982,-0.014146649261641277,-4.0160580542073956e-05,-0.87432861328125,-0.42000007629394176
2022-07-15,0.018924767158191382,-0.029999999999999805,-0.0020104758163567997,-0.0007020012314786962,6.861572265625,-2.170000076293949
2022-07-18,-0.008291080607364333,0.029999999999999805,0.000942949789432323,0.00702249344752808,-3.022094726562443,1.0699996948242188
2022-07-19,0.026660366345992247,0.04999999999999982,0.002384623832616704,0.004827628644534584,9.8076171875,-0.7999992370605469
2022-07-20,0.006353216574307886,0.03000000000000025,-0.009446509339211243,0.008456116811406341,2.376007080078068,-0.6200008392333984
2022-07-21,0.010131597706270775,-0.1299999999999999,0.01401179660226555,-0.004756441789894104,3.8204345703125,-0.7699985504150426
2022-07-22,-0.009321267456029812,-0.14000000000000012,0.0024926409954947677,0.0037542692053991913,-3.51629638671875,-0.07999992370605113
2022-07-25,0.0012141031573337584,0.040000000000000036,-0.0027423043036363935,-0.0020420728121366286,0.456146240234375,0.32999992370605113
2022-07-26,-0.011901494497597344,0.0,-0.001186514317386386,0.002420351548135624,-4.447662353515625,1.3299999237060582
2022-07-27,0.025634849922625016,-0.03000000000000025,0.010133467249785824,-0.009373056494817926,9.6461181640625,-1.4500007629394531
2022-07-28,0.012464508784805442,-0.09999999999999964,0.01211168004371747,0.007840516682384753,4.780364990234432,-0.9099998474121129
2022-07-29,0.014473413760626327,-0.010000000000000231,0.0028071459585694595,-0.0016628379501900366,5.6260986328125,-1.0
2022-08-01,-0.0029656646757990233,-0.06999999999999984,0.005651232868696488,0.0015606629240480755,-1.1594543457031818,1.5100002288818395
2022-08-02,-0.006619201098014897,0.1499999999999999,-0.005955990148902209,0.005189064513554008,-2.575469970703125,1.0900001525878906
2022-08-03,0.015538210481630265,-0.020000000000000018,0.002435276067987767,-0.010351198843136136,6.072845458984375,-1.9799995422363281
2022-08-04,-0.000675775647594314,-0.04999999999999982,0.016404693683584038,0.00019283970848837684,-0.266082763671875,-0.5100002288818359
2022-08-05,-0.0016916339254324272,0.1499999999999999,-0.011309781450742627,0.00883555172373451,-0.665283203125,-0.2900009155273402
2022-08-08,-0.0011615114816626595,-0.06000000000000005,0.008434348290836127,-0.007534415937540125,-0.456146240234375,0.14000129699706676
2022-08-09,-0.003979026514101678,0.029999999999999805,0.003054867797077557,0.0026274810000368686,-1.558624267578125,0.4799995422363281
2022-08-10,0.020786387163182186,-0.020000000000000018,-0.0025151110588634198,0.001030518147346478,8.211090087890625,-2.030000686645508
2022-08-11,0.0,0.0900000000000003,-0.002641706914863643,0.009034052397915944,0.0,0.46000099182128906
2022-08-12,0.016787153684795317,-0.03000000000000025,0.009155976822720392,0.0015463236906874298,6.75701904296875,-0.6700000762939453
2022-08-15,0.004112427906623859,-0.04999999999999982,-0.012950528089989187,-0.005863386210464329,1.67266845703125,0.4200000762939453
2022-08-16,0.0019568545389420126,0.029999999999999805,-0.0017516299628300418,-0.00924938057915025,0.79833984375,-0.26000022888183594
2022-08-17,-0.007123256170774565,0.07000000000000028,-0.006489345947105167,0.0008539974026696639,-2.898590087890625,0.2099990844726598
2022-08-18,0.0029021941931764903,-0.010000000000000231,-0.0026198444873023344,0.0009361784420449659,1.178466796875,-0.3400001525878942
2022-08-19,-0.01352911806588768,0.10000000000000009,-0.007347552958114958,-0.008908664203253895,-5.464569091796875,1.0400009155273438
2022-08-22,-0.021042298405658456,0.04999999999999982,-0.00665930336783302,-0.005433672462005448,-8.353668212890625,3.1999988555908203
2022-08-23,-0.0024222316944432928,0.020000000000000018,0.006966551217581505,-0.009587811226055044,-0.9503784179686932,0.3100013732910121
2022-08-24,0.0031959189139068875,0.06000000000000005,0.002944580504679446,0.0027571059008813115,1.2544250488280682,-1.2900009155273402
2022-08-25,0.014018885338083872,-0.08000000000000007,0.0030581063588208724,0.00021927184316001224,5.550140380859432,-1.039999008178711
2022-08-26,-0.034435120264196185,0.010000000000000231,-0.012227153201929956,0.00021940310248669677,-13.4951171875,3.779998779296875
2022-08-29,-0.006634175109380185,0.08000000000000007,0.0006180465249853886,-0.0032752411283479355,-2.546966552734432,0.6499996185302734
2022-08-30,-0.011038668847995875,-0.010000000000000231,-0.008375556136480044,0.0075519840269269055,-4.200653076171875,0.0
2022-08-31,-0.00763810176159241,0.040000000000000036,-0.0077553096129762645,0.0011022011823750134,-2.879577636718693,-0.3399982452392578
2022-09-01,0.003133109806551885,0.10999999999999988,-0.00882902347465035,0.0013944510247493138,1.1785278320311932,-0.3100013732910156
2022-09-02,-0.0106006654169115,-0.05999999999999961,0.00876617372318804,-0.008676090547837427,-3.972625732421875,-0.09000015258789418
2022-09-06,-0.0037800632516726885,0.1299999999999999,-0.005856578259356107,-9.94181403610842e-06,-1.40643310546875,1.4400005340576207
2022-09-07,0.01780545172213344,-0.06000000000000005,0.010117286090114818,-0.005468817444529394,6.6715087890625,-2.2700004577636683
2022-09-08,0.006514867112430686,0.020000000000000018,-0.006020378897494643,0.009827376612399016,2.47088623046875,-1.029998779296882
2022-09-09,0.015415825174332829,0.040000000000000036,0.005269846503477033,0.0016306906812627682,5.9112548828125,-0.8199996948242152
2022-09-12,0.010690389245392439,0.040000000000000036,0.005055386193321507,0.005914473623920646,4.153106689453182,1.0799999237060547
2022-09-13,-0.044456141748063664,0.04999999999999982,-0.013096728906648173,0.005757313715473667,-16.982940673828182,3.3999996185302734
2022-09-14,0.0038087106045893286,-0.009999999999999787,-0.003855034555311845,-0.014670914986609497,1.42559814453125,-1.1100006103515625
2022-09-15,-0.0114185648488591,0.040000000000000036,-0.018855801737618274,0.00019959706297365223,-4.25775146484375,0.1100006103515625
2022-09-16,-0.007657923273989646,0.0,0.005533767627080334,0.00042938969546703256,-2.828369140625,0.029998779296875
2022-09-19,0.0077249229967972415,0.040000000000000036,0.0007697907679810017,0.003401793701857639,2.85321044921875,-0.5399990081787074
2022-09-20,-0.011544765109101959,0.07999999999999963,-0.005722932055293624,0.0007219640016474552,-4.255950927734375,1.3999996185302699
2022-09-21,-0.01759795331446177,-0.06000000000000005,0.004632228320962459,-0.005880143867171973,-6.393646240234375,0.8299999237060547
2022-09-22,-0.008435200398122872,0.1900000000000004,-0.0005778441890031698,-0.014147680973100527,-3.024993896484375,-0.6399993896484375
2022-09-23,-0.016896807138164372,-0.010000000000000231,-0.017427816406674814,0.0011016046308961233,-5.983245849609375,2.5699996948242188
2022-09-26,-0.009942038377223366,0.18999999999999995,-0.01170141432179742,-0.015526806604905349,-3.47357177734375,2.339998245239258
2022-09-27,-0.002555990338207468,0.0900000000000003,0.0020477436877313054,-0.006856387846966306,-0.887451171875,0.3400001525878906
2022-09-28,0.019485644604625624,-0.25,0.020573557832177892,-0.002863768255198798,6.8231201171875,-2.4199981689453125
2022-09-29,-0.02111043921491645,0.03999999999999959,-0.0001939471718055397,0.011601697507510717,-7.386077880859375,1.6599998474121094
2022-09-30,-0.015584552869298317,0.07000000000000028,6.462035224685361e-05,0.012425726247878358,-5.353515625,-0.2199993133544922
2022-10-03,0.026059012381975416,-0.16000000000000014,0.024019005945363412,-0.0037577051702841185,8.998809814453125,-1.5200004577636719
2022-10-04,0.03051604372315882,-0.04999999999999982,0.014226444596111972,0.004013323097089272,10.84039306640625,-1.0300006866455078
2022-10-05,-0.0023310231321884557,0.13999999999999968,-0.005553659432976476,0.015366962792935222,-0.83978271484375,-0.5200004577636719
2022-10-06,-0.010369175913064946,0.07000000000000028,-0.0011269264553861384,-0.0073711760409446,-3.712005615234375,1.970001220703125
2022-10-07,-0.028290304190582382,0.06000000000000005,-0.011023386142689101,-0.012381194971008931,-9.93389892578125,0.8400001525878871
2022-10-10,-0.007664733404398809,0.0,-0.015318203217156916,-0.005535011240227534,-2.64337158203125,1.0900001525878942
2022-10-11,-0.0063531067372524334,0.040000000000000036,-0.002060212330939929,-0.0025667468761050396,-2.175720214843807,1.1800003051757812
2022-10-12,-0.0033039505055399462,-0.020000000000000018,0.005335071671709423,-0.0010190096651594642,-1.1260375976561932,-0.060001373291015625
2022-10-13,0.026048772676083243,0.06000000000000005,-0.006947611087114204,0.0008054917847734313,8.9796142578125,-1.6299991607666016
2022-10-14,-0.02305220958293661,0.029999999999999805,-0.012537160793022467,0.004456053379512562,-7.95849609375,0.07999992370605469
2022-10-17,0.025372202230355932,0.019999999999999574,0.0028720806307473926,-0.0012278291632679555,8.7696533203125,-0.6499996185302734
2022-10-18,0.01168114467046805,-0.009999999999999787,0.002148660090392182,0.010928647456163097,4.112884521484375,-0.8700008392333984
2022-10-19,-0.0071116568663077365,0.1299999999999999,-0.013488925988338462,0.001773901881606993,-2.50970458984375,0.2600002288818395
2022-10-20,-0.008420758743512375,0.10000000000000053,-0.0015834633753089122,-0.009923054996403871,-2.948699951171875,-0.7800006866455114
2022-10-21,0.024010977315256553,-0.03000000000000025,0.01767059741452654,0.001270565200929725,8.473907470703125,-0.28999900817871094
2022-10-24,0.012162265947195723,0.040000000000000036,-0.0032488658845126403,0.00826791765473566,4.37054443359375,0.15999984741210938
2022-10-25,0.01584224348475494,-0.15000000000000036,0.002275353560635257,0.002675640869900312,5.77325439453125,-1.3900012969970703
2022-10-26,-0.007562460864702481,-0.05999999999999961,0.006343446354353355,0.007781101042108333,-2.767333984375,-1.1799983978271484
2022-10-27,-0.005354385112737458,-0.08000000000000007,-0.0015497241473593686,0.012785248640600487,-1.94671630859375,0.10999870300293324
2022-10-28,0.02351221434121878,0.05999999999999961,-0.01026317410117862,-0.012376571094321305,8.6265869140625,-1.639999389648441
2022-10-31,-0.007249499809007005,0.08000000000000007,-0.008194886192774814,-0.0012850891507327354,-2.681488037109375,0.12999916076660156
2022-11-01,-0.004385523885540507,-0.02999999999999936,0.010151726172797497,-0.0069244643938310545,-1.61273193359375,-0.06999969482421875
2022-11-02,-0.025416472731973422,0.02999999999999936,-0.006996970202892216,-0.0008498484807726496,-9.208648681640625,0.050001144409176135
2022-11-03,-0.010350562889603968,0.040000000000000036,-0.003813297433937162,-0.0064492786516353135,-3.683563232421875,-0.5600013732910121
2022-11-04,0.014290853995751971,0.03000000000000025,0.0302345832528433,-0.006622268577274553,5.09588623046875,-0.75
2022-11-07,0.009520043149993095,0.04999999999999982,-0.003970260739379374,0.01821134690851107,3.435333251953125,-0.1999988555908203
2022-11-08,0.005380926998416122,-0.08000000000000007,0.022836328940686813,0.00900614640617105,1.95623779296875,1.1900005340576172
2022-11-09,-0.02081711613537891,-0.019999999999999574,-0.005029894759161607,0.006190521830417323,-7.510009765625,0.5499992370605469
2022-11-10,0.05349713573991628,-0.30000000000000027,0.029990153003992607,-0.006100333328057607,19.61962890625,-2.559999465942383
2022-11-11,0.009632028202071397,0.0,0.00658459794711783,0.017088145716665497,3.64532470703125,-1.010000228881836
2022-11-14,-0.008543144554003701,0.06000000000000005,0.0021852662272774694,0.01328688092947409,-3.2349853515625,1.2099990844726562
2022-11-15,0.00849290717838081,-0.08000000000000007,0.0035106980811025834,-0.0008982339897683712,3.21588134765625,0.8100013732910156
2022-11-16,-0.00765813842264852,-0.1299999999999999,-0.0022987420952167376,0.003732208964276908,-2.9010009765625,-0.4300003051757848
2022-11-17,-0.00306433971246879,0.10000000000000009,-0.007293959961673216,0.003579922982457949,-1.15460205078125,-0.1800003051757777
2022-11-18,0.004529930162137924,0.04999999999999982,-0.006917507382313755,-0.0032068688117481065,1.70806884765625,-0.8099994659423828
2022-11-21,-0.0036426435147766394,0.010000000000000231,-0.0056056352070885974,-0.0029797984214465644,-1.3741149902343182,-0.7600002288818395
2022-11-22,0.013367239253027496,-0.07000000000000028,0.0011730356909015207,-0.008282004908750605,5.067138671875,-1.0699996948242152
2022-11-23,0.0062818993990073815,-0.04999999999999982,0.006212503317279542,0.006362364906543442,2.40478515625,-0.9400005340576172
2022-11-25,-0.0002237321302302365,-0.029999999999999805,0.000858102340972588,0.009364923281657552,-0.08590698242193184,0.14999961853027344
2022-11-28,-0.01608579015523233,0.009999999999999787,-0.007934893665371402,-0.00390593444818525,-6.12640380859375,1.7099990844726562
2022-11-29,-0.001719025343357232,0.06000000000000005,0.004928261563008794,-0.002123004481568896,-0.648895263671875,-0.3199996948242152
2022-11-30,0.031014870527068965,-0.06999999999999984,0.012700921015012894,-0.0020359552381959117,11.88067626953125,-1.30999946594239
2022-12-01,-0.0007362355407282276,-0.15000000000000036,0.01821784239630758,0.009721073718734909,-0.28631591796869316,-0.7399997711181605
2022-12-02,-0.001154568510433663,-0.020000000000000018,-0.0034616677176241193,0.009837653378816175,-0.44857788085943184,-0.7800006866455078
2022-12-05,-0.018152952492752214,0.0900000000000003,-0.01730780530272015,0.0014961831121075887,-6.985198974609375,1.6900005340576172
2022-12-06,-0.014519716315319418,-0.0900000000000003,0.0027336344458788004,-0.004492329102575546,-5.49658203125,1.4200000762939453
2022-12-07,-0.0017026520861067916,-0.08999999999999986,0.008998493556537802,-0.002662687988950827,-0.6393432617186932,0.5100002288818359
2022-12-08,0.0078036256919576845,0.06000000000000005,0.0008413425277820795,0.004217558881531055,2.939208984374943,-0.3899993896484375
2022-12-09,-0.007498316671559848,0.08999999999999986,0.0035378943750204003,0.004404086803714652,-2.82464599609375,0.5399990081787074
2022-12-12,0.014314245210952353,0.040000000000000036,-0.008294841833501867,-0.0035522143897896534,5.410675048828125,2.170000076293949
2022-12-13,0.007541404502263704,-0.10000000000000009,0.016936889733695327,0.001853566131702255,2.88189697265625,-2.450000762939453
2022-12-14,-0.006414096414896906,-0.019999999999999574,-0.0024359858905979824,0.00802275589918932,-2.452484130859375,-1.4099998474121058
2022-12-15,-0.024765711680456555,-0.050000000000000266,-0.016494600382901816,0.004665415530993445,-9.3231201171875,1.69000053405761
2022-12-16,-0.011876392735061194,0.040000000000000036,0.008671019495160068,-0.003357472785711803,-4.3896484375,-0.2099990844726527
2022-12-19,-0.008515977057465278,0.08999999999999986,-0.0028218082489996433,-0.005232043416178128,-3.11566162109375,-0.20000076293945312
2022-12-20,0.0013676031748370604,0.1200000000000001,0.016458298941440037,0.002787749794717641,0.498565673828125,-0.9400005340576172
2022-12-21,0.014841607694989633,-0.009999999999999787,-0.0016573862871153066,0.0011683215286929897,5.45465087890625,-1.4099998474121094
2022-12-22,-0.014368902520478373,-0.010000000000000231,-0.012158980168932585,-0.0015928200295245159,-5.28216552734375,1.8999996185302699
2022-12-23,0.005735830651716381,0.08000000000000007,0.002993835039254722,-0.0006363550446384674,2.099456787109375,-1.0999984741210902
2022-12-27,-0.003951318206589722,0.08999999999999986,0.008394677302769623,0.003473217282712828,-1.44757080078125,0.7799987792968786
2022-12-28,-0.012505651599524761,0.040000000000000036,-0.004515989032750605,-0.0002871907082003092,-4.5439453125,0.48999977111816406
2022-12-29,0.0178401612171221,-0.04999999999999982,0.005582639597805041,-0.0007444128462590291,6.499603271484375,-0.6999988555908239
2022-12-30,-0.0026375179324144545,0.04999999999999982,0.004667758029330661,0.0029593483845724387,-0.968231201171875,0.22999954223632812
2023-01-03,-0.004218819478294156,-0.08999999999999986,0.008335816871946341,0.0015897206499429202,-1.543426513671875,1.2299995422363317
2023-01-04,0.007690444754511494,-0.10000000000000009,0.009367889939565922,-0.012331112219669753,2.818389892578182,-0.8899993896484375
2023-01-05,-0.011479039011317048,0.020000000000000018,-0.01252963086748756,0.0056266257915620664,-4.198883056640682,0.44999885559081676
2023-01-06,0.022673026004720865,-0.16000000000000014,0.01853466381119925,-0.007965313943903736,8.340179443359375,-1.3299999237060547
2023-01-09,-0.0005668204104043039,-0.020000000000000018,0.0022426010679794787,0.01266446764454612,-0.2108154296875,0.8400001525878871
2023-01-10,0.006988345136224831,0.08000000000000007,0.003669304474491391,0.007186750031592487,2.607513427734375,-1.3899993896484375
2023-01-11,0.012568542140985777,-0.06999999999999984,-0.0006870298860052756,0.0005367494741383354,4.7357177734375,0.5100002288818395
2023-01-12,0.003634273240513792,-0.10999999999999988,0.011501603213231942,0.0025161245552818563,1.3804931640625,-2.2600002288818395
2023-01-13,0.0038718223371899648,0.06000000000000005,0.011930333702592914,0.00871525666027755,1.47625732421875,-0.4799995422363246
2023-01-17,-0.0018335130790837375,0.03999999999999959,-0.006566591290624395,-0.0027763383995962564,-0.6997985839843182,1.0100002288818324
2023-01-18,-0.01591411146773485,-0.1599999999999997,-0.0028758838411488395,-0.003405693577534443,-6.020355224609432,0.9799995422363317
2023-01-19,-0.007306351295180818,0.020000000000000018,0.015743931377470842,0.00042104731419264534,-2.732086181640568,0.18000030517578125
2023-01-20,0.018457767982090974,0.08999999999999986,-0.0033409804213138158,0.0033312026121230954,6.940643310546818,-0.6700000762939453
2023-01-23,0.011927130100293417,0.040000000000000036,0.0018946378029897782,0.002875225962125885,4.553558349609375,-0.04000091552734375
2023-01-24,-0.001073999658419383,-0.06000000000000005,0.0036119840879409123,0.0008477594599432104,-0.412261962890625,-0.6099987030029297
2023-01-25,0.0003749059597810117,0.0,0.0045933937952083075,0.0012731397801450267,0.14385986328125,-0.12000083923340199
2023-01-26,0.010930427479203196,0.03000000000000025,-0.00909651500360829,0.0031079443693967086,4.218048095703182,-0.350000381469723
2023-01-27,0.0022949965963229234,0.029999999999999805,-0.0013939615756237058,-0.0025307945071393893,0.8915100097655682,-0.21999931335448863
2023-01-30,-0.012626136930256313,0.029999999999999805,-0.002570014931290955,-0.002111230865447573,-4.879486083984375,1.4300003051757777
2023-01-31,0.01459632094464805,-0.029999999999999805,0.0036296165072691286,-0.0019115507750811752,5.646453857421875,-0.5400009155273402
2023-02-01,0.010571597583207687,-0.1299999999999999,0.012518134528387544,0.0009444879359144774,4.14129638671875,-1.5299987792968786
2023-02-02,0.014451991637059253,0.009999999999999787,-0.0209702840085377,0.013889426300071808,5.732696533203125,0.8599987030029297
2023-02-03,-0.010686049542686248,0.1299999999999999,-0.025274496401227434,-0.009830096693875398,-4.246826171874943,-0.399999618530277
2023-02-06,-0.006130014433157092,0.10000000000000009,0.002073259184240806,-0.010533224660065373,-2.415771484375,1.1000003814697301
2023-02-07,0.01299385159618208,0.040000000000000036,0.0009200023760844002,-0.005584813467052059,5.138366699218693,-0.7700004577636719
2023-02-08,-0.010994991550788858,-0.040000000000000036,0.002468544755507998,-9.654286024440955e-05,-4.352264404296875,0.9699993133544922
2023-02-09,-0.00870697025801973,0.040000000000000036,-0.007943887464013586,-0.0012975112698280708,-3.41278076171875,1.0799999237060547
2023-02-10,0.0023308157636504957,0.07000000000000028,0.0019053779351280687,0.0024677288529569175,0.910675048828125,-0.17999839782714844
2023-02-13,0.011670829109193127,-0.020000000000000018,-0.005089097798950408,-0.006029713504830647,4.591979980468807,-0.1900005340576172
2023-02-14,-0.0004603082202638544,0.04999999999999982,0.000753454984742333,0.004923821832562189,-0.18212890625005684,-1.4300003051757812
2023-02-15,0.0032421705219054927,0.040000000000000036,-0.010014646847400324,0.000493805176462593,1.28460693359375,-0.6800003051757812
2023-02-16,-0.013864695105312965,0.04999999999999982,-0.0008195726363130796,-0.0041033356099456205,-5.464385986328125,1.9400005340576172
2023-02-17,-0.002501238787731549,-0.040000000000000036,0.002982339072148569,-0.0024348106615187685,-0.977752685546875,-0.14999961853027344
2023-02-21,-0.020264939185391073,0.13000000000000034,-0.0037440046605545256,0.0015798250312521853,-7.832183837890625,2.8500003814697266
2023-02-22,-0.0013789960116971829,-0.020000000000000018,-0.0056423768979153,-0.0028695678084155025,-0.5272216796875,-0.5799999237060547
2023-02-23,0.005305360324906785,-0.050000000000000266,-0.0005305918526508475,-0.004347163411922486,2.0323486328125,-1.1500015258789027
2023-02-24,-0.010739964563634538,0.07000000000000028,-0.0072206822499255125,-0.0007315422531570732,-4.103057861328068,0.5300006866455043
2023-02-27,0.003400077197174859,-0.03000000000000025,0.003912670406128105,-0.004093047633147317,1.294189453125,-0.7199993133544922
2023-02-28,-0.003702737963517351,0.0,0.004545621851780495,0.005333744882631879,-1.4091796875,-0.25
2023-03-01,-0.003843265871487969,0.08999999999999986,0.005755555600934512,-0.003199469102332789,-1.4571533203125568,-0.12000083923340199
2023-03-02,0.0077472822295935,0.07000000000000028,-0.000585735153896139,0.008625932198623705,2.943084716796875,-0.9899997711181605
2023-03-03,0.015910428156813615,-0.10999999999999988,0.010666001055863707,-0.006508235473883866,6.116119384765625,-1.1000003814697266
2023-03-06,0.0006925330166873695,0.009999999999999787,-0.0050565936951402655,0.00249404754925224,0.2684326171875,0.12000083923339488
2023-03-07,-0.015447455032390114,-0.009999999999999787,-0.017635068390636166,0.005829571489454962,-5.943634033203125,0.9799995422363317
2023-03-08,0.0016308543946762654,0.009999999999999787,-0.0004745630282821619,-0.01295549318169404,0.6231689453125,-0.4799995422363317
2023-03-09,-0.018622349197087964,-0.04999999999999982,0.00980112770009771,-0.00011604393253258556,-7.05572509765625,3.5
2023-03-10,-0.01453448207367356,-0.22999999999999998,0.021333667247723984,0.0033286223856131797,-5.41632080078125,2.189998626708988
2023-03-13,-0.0014262916513383505,-0.15000000000000036,0.022688861946558777,0.00930472022571737,-0.52728271484375,1.720001220703125
2023-03-14,0.01639490517693179,0.0900000000000003,-0.005807897981361377,0.0038642763226350934,6.106597900390625,-2.7900009155273438
2023-03-15,-0.006273887876917274,-0.13000000000000034,0.007773838437142398,0.00024672420948644856,-2.348663330078125,2.409999847412113
2023-03-16,0.017393032807608486,0.050000000000000266,0.0020180543660701534,-0.013542768888188825,6.54754638671875,-3.149999618530277
2023-03-17,-0.011761589829891618,-0.16999999999999993,0.028704276731304438,0.0029041044625179304,-4.4400634765625,2.5200004577636754
2023-03-20,0.009569682577064613,0.08000000000000007,0.00038079522406509364,0.006079118908904215,3.608642578125,-1.3600006103515625
2023-03-21,0.013045130707259081,0.11999999999999966,-0.019055524569337897,0.003766032493777598,4.97515869140625,-2.7700004577636754
2023-03-22,-0.01719346803393808,-0.10999999999999988,0.016877382247649345,0.0051261462943097014,-6.543701171875,0.8800010681152379
2023-03-23,0.002699610033168612,-0.10000000000000009,0.012460224063676011,0.008884978951823826,1.02001953125,0.35000038146971946
2023-03-24,0.006540552019111762,0.0,-0.011316136891165252,-0.003255851136334388,2.48272705078125,-0.8700008392333949
2023-03-27,0.0018680972558249844,0.1499999999999999,-0.009299831745516749,-0.0052627456329634136,0.71209716796875,-1.1399993896484375
2023-03-28,-0.0022472022136080243,0.020000000000000018,0.008155744573006158,0.002676531691747025,-0.8564453125,-0.6300010681152379
2023-03-29,0.014430199824791077,0.020000000000000018,-0.0049731154716589265,0.0029980508706151767,5.533233642578125,-0.8499984741210902
2023-03-30,0.005838307337764738,-0.020000000000000018,0.008998964139577773,0.00037945700938650024,2.261474609375,-0.10000038146972656
2023-03-31,0.013996229419483175,-0.06999999999999984,-0.0052258772770236855,0.00561102204353324,5.47552490234375,-0.31999969482421875
2023-04-03,0.0038032876889847527,-0.04999999999999982,0.00717858251921089,-0.00933429102172971,1.501190185546875,-0.15000152587890625
2023-04-04,-0.005563422503479324,-0.08000000000000007,0.018469345695108275,0.010032490718915488,-2.194000244140625,0.4500007629394531
2023-04-05,-0.002621749594094601,-0.050000000000000266,-0.0007982432900846041,0.0043744645083256635,-1.029693603515625,0.07999992370605113
2023-04-06,0.003893277365143319,0.0,-0.007159660374899593,-0.005192595096162725,1.530059814453125,-0.6800003051757741
2023-04-10,0.0010259850074406142,0.11000000000000032,-0.007427401530065852,0.0009381818659348406,0.404205322265625,0.5699996948242116
2023-04-11,0.0002684646277982353,0.020000000000000018,0.00630066529229023,-0.004062541073859795,0.1058349609375,0.13000106811523793
2023-04-12,-0.004084528456752341,-0.020000000000000018,0.0048732452945133,0.004422717649457876,-1.607147216796875,-0.010000228881835938
2023-04-13,0.013195399864893608,0.040000000000000036,0.013425150587981827,0.007517639083118104,5.21575927734375,-1.2900009155273438
2023-04-14,-0.002445562221540656,0.06999999999999984,-0.017869017219899003,0.004962212603613521,-0.9718627929686932,-0.7299995422363281
2023-04-17,0.003581757424065764,0.08000000000000007,-0.004463702764476622,-0.0061715209978287396,1.4241943359374432,-0.11999893188476562
2023-04-18,0.0006519127727765889,-0.020000000000000018,0.0038732698004284223,-0.005587493587279635,0.259765625,-0.12000083923339844
2023-04-19,-0.000168911223618204,0.020000000000000018,-0.004789973842757965,0.004566272411435851,-0.06732177734375,-0.37000083923339844
2023-04-20,-0.005472018617389205,-0.06000000000000005,0.003930524556986942,-0.002115996750198505,-2.1748046875,0.7100009918212891
2023-04-21,0.0007765074757364518,0.029999999999999805,-0.009936876904451981,0.0017100195037914891,0.307891845703125,-0.39999961853027344
2023-04-24,0.0010427066962894183,-0.04999999999999982,0.0030347260178608367,0.0019436539865792446,0.413818359375,0.11999893188476562
2023-04-25,-0.016001191717914233,-0.1200000000000001,0.005073426510561733,0.006097313856667734,-6.303131103515625,1.870000839233402
2023-04-26,-0.004244576107932185,0.03000000000000025,-0.005452222698836941,-0.007360557750447326,-1.6551513671875,0.07999992370605113
2023-04-27,0.019712477674043414,0.09999999999999964,5.4098929279614626e-05,0.006255217206481515,7.74658203125,-1.8099994659423828
2023-04-28,0.008498777777505025,-0.08999999999999986,0.0002706158931134578,-0.0013799111710280244,3.387237548828125,-1.2500009536743164
2023-05-01,-0.0010101587331376317,0.1499999999999999,-0.004501468248394752,-0.0019178010282847264,-0.40411376953125,0.3000001907348633
2023-05-02,-0.011302808526937129,-0.1499999999999999,0.01911282169964554,-0.0037915711025151917,-4.49395751953125,1.7000007629394531
2023-05-03,-0.006887681351490425,-0.06000000000000005,0.00844333039400111,0.0037915711025152355,-2.713714599609375,0.5599994659423828
2023-05-04,-0.007108274721143804,-0.009999999999999787,0.0070083375794598906,0.0052549776984911626,-2.781097412109375,1.75
2023-05-05,0.01834343570700683,0.06999999999999984,-0.015771672012865213,-0.004164264686122795,7.21734619140625,-2.8999996185302734
2023-05-08,0.0002665000468008727,0.08000000000000007,0.0012261535425393925,-0.0003857253962110418,0.1058349609375,-0.21000099182128906
2023-05-09,-0.0043950140540042135,0.009999999999999787,0.007061173494320532,-0.002047395993579254,-1.741790771484375,0.7299995422363281
2023-05-10,0.004661366282698765,-0.09999999999999964,-0.0014294640409970906,-0.002865913186300644,1.84759521484375,-0.7699985504150391
2023-05-11,-0.0017453708714672337,-0.040000000000000036,-0.008619799546280105,0.0017668981432014084,-0.69281005859375,-0.010000228881835938
2023-05-12,-0.0013111457878258964,0.06999999999999984,-0.0017115440993108683,-0.006568885442957101,-0.5196533203124432,0.10000038146972656
2023-05-15,0.0034439720342928585,0.040000000000000036,0.0021389727993926496,-0.005462812705340129,1.3664245605468182,0.09000015258789062
2023-05-16,-0.0067049497667597295,0.040000000000000036,-0.01257816833072297,0.0019335633003228461,-2.655914306640625,0.8699989318847656
2023-05-17,0.012065888132803713,0.029999999999999805,-0.0034678951337034376,-0.0007390751916854932,4.792297363281307,-1.1199989318847656
2023-05-18,0.009587159551169577,0.08000000000000007,-0.0130577944134065,-0.0025176532621469594,3.8492431640625,-0.8200016021728516
2023-05-19,-0.0014562570460633615,0.050000000000000266,0.009850156652287684,-0.005824982238710198,-0.5870666503906818,0.7600002288818359
2023-05-22,0.0004061968439679503,0.020000000000000018,-0.002344243508491738,0.004384526476817772,0.163665771484375,0.39999961853027344
2023-05-23,-0.011286307730675167,-0.020000000000000018,0.0012000108481294142,-0.0010816775529980448,-4.522857666015625,1.3200016021728516
2023-05-24,-0.0072712091884721925,0.029999999999999805,-0.008101176111367243,-0.003830587378759216,-2.886932373046875,1.5
2023-05-25,0.008622475628351715,0.10000000000000009,-0.00966457904681634,-0.0011517220146606885,3.425750732421875,-0.8900012969970668
2023-05-26,0.01286766389587426,-0.03000000000000025,0.003987606250000357,-0.0030611228585489007,5.167633056640625,-1.189998626708988
2023-05-30,0.0003809179625324261,-0.10999999999999988,0.006171471778321201,-0.0015646423679794366,0.15399169921875,-0.4900016784667969
2023-05-31,-0.005560710548017567,-0.04999999999999982,0.001537018842589403,0.0023693153366323217,-2.2421875,0.48000144958496094
2023-06-01,0.009456137556354185,-0.03000000000000025,0.007867103377943474,-0.0035357396735581593,3.820343017578125,-2.2900009155273455
2023-06-02,0.014357629101475549,0.08000000000000007,-0.014857275420164814,0.0061149472576090295,5.870086669921875,-1.0499992370605433
2023-06-05,-0.001918089504768112,0.0,0.0060023657211361265,-0.005793991984985513,-0.789093017578125,0.1299991607665998
2023-06-06,0.0021751425614822298,0.010000000000000231,0.0010974372841259582,0.0012310444535194906,0.89495849609375,-0.7699995040893555
2023-06-07,-0.0034638710406634235,0.08999999999999986,-0.012083252758880945,-0.0012845298458358555,-1.424285888671875,-0.020000457763671875
2023-06-08,0.006030478336428234,-0.06000000000000005,0.013124733073092816,0.0008775787233301165,2.482818603515625,-0.2899999618530291
2023-06-09,0.0017926250691762597,0.020000000000000018,-0.002688130119841765,0.007005755705541979,0.740936279296875,0.1800003051757848
2023-06-12,0.009031042383890842,-0.020000000000000018,-0.0008792504640156504,-0.002950108908663662,3.753021240234375,1.1800003051757795
2023-06-13,0.00657119436911661,0.10999999999999988,-0.00739483312084137,0.001118733030584114,2.752166748046932,-0.40000057220458984
2023-06-14,0.0011900712485828622,-0.009999999999999787,0.0005537743402144653,0.0024462092295930112,0.5003662109375,-0.7299995422363281
2023-06-15,0.012321491063014963,-0.10999999999999988,0.007005982383036087,0.004964585042939019,5.215728759765568,0.619999885559082
2023-06-16,-0.0034119130114424454,0.04999999999999982,-0.001540401760914932,0.0094453390353827,-1.450714111328125,-0.9600000381469727
2023-06-20,-0.0052018395345646805,-0.029999999999999805,-0.010404681043488588,-0.001979277111376471,-2.2022705078125,0.3400001525878906
2023-06-21,-0.005136923899711921,-0.020000000000000018,-0.0014474699268161662,-0.0003603890756642699,-2.16357421875,-0.6800003051757812
2023-06-22,0.0036033059539297228,0.07999999999999963,-0.009966480697039254,0.0065958385047388485,1.5164794921875568,-0.28999996185302734
2023-06-23,-0.007588691979251074,-0.05999999999999961,0.0027534519339434175,-0.0030732684689762355,-3.187408447265682,0.5299997329711914
2023-06-26,-0.0040941879146918015,-0.020000000000000018,0.0017380933759117798,-0.004777632503592381,-1.709625244140625,0.8100004196166992
2023-06-27,0.010903742770571573,0.04999999999999982,-0.00460411859047838,0.00034915070130469645,4.56866455078125,-0.5100002288818359
2023-06-28,0.0005041913090574656,-0.06000000000000005,-0.002310076023493695,0.004275092385421326,0.21246337890625,-0.3099994659423846
2023-06-29,0.003933684727781839,0.14000000000000012,-0.0010723394318449203,-0.0037840835446616475,1.6613159179688068,0.10999965667724787
2023-06-30,0.011731649472155846,-0.040000000000000036,0.006641221688667137,-0.004389391468142812,4.993621826171818,0.05000019073486328
2023-07-03,0.0011497471217665886,0.04999999999999982,0.001121247777740352,0.0036256293054996442,0.4925537109375,-0.0200004577636701
2023-07-05,-0.0014880842741848734,0.0900000000000003,-0.003536277643963551,-0.0020702565094932895,-0.63739013671875,0.610000610351559
2023-07-06,-0.007861592930248077,0.09999999999999964,-0.002984649764026069,-0.002609042610231512,-3.351654052734375,1.2599992752075213
2023-07-07,-0.0025280526494298717,0.009999999999999787,0.007473004815488796,0.0031316333957207934,-1.07220458984375,-0.6099996566772443
2023-07-10,0.0025280526494297945,-0.04999999999999982,0.0007833887164984092,0.007235687276283276,1.07220458984375,0.23999977111816406
2023-07-11,0.006348297543414488,-0.019999999999999574,0.003740607755698653,0.0032964262291078506,2.704437255859375,-0.2299995422363299
2023-07-12,0.008013736021713177,-0.13000000000000034,0.013450555215707776,0.0007375598559580265,3.43853759765625,-1.3000001907348633
2023-07-13,0.007905539279839552,-0.10000000000000009,0.0007144446386035077,0.011777095963888725,3.419219970703182,0.06999969482421875
2023-07-14,-0.0006230257782818829,0.07000000000000028,-0.003191736429074845,0.007056971456513566,-0.27044677734380684,-0.26999950408935547
2023-07-17,0.003466070733279509,-0.020000000000000018,0.0007163001287564502,0.00038176749039734993,1.5067138671875,0.1399993896484375
2023-07-18,0.007403145341541738,-0.010000000000000231,0.011391151915954767,0.0008760804247069806,3.2357177734375,-0.17999935150146484
2023-07-19,0.002221376315053231,-0.04999999999999982,0.00016334311378929522,-0.0007750081239521136,0.9755859375,0.46000003814697266
2023-07-20,-0.006656557726850724,0.10000000000000009,-0.005076251540707413,-0.0021089211406578354,-2.916961669921875,0.22999954223632812
2023-07-21,0.0,-0.010000000000000231,-0.0030692385170081175,-0.006099333142796828,0.0,-0.3899993896484357
2023-07-24,0.00445730275236018,0.020000000000000018,-0.004290665079151833,-0.0010575594390251743,1.9510803222656818,0.30999946594238104
2023-07-25,0.0027263572441161713,0.050000000000000266,0.0055524167407638,-0.0056025324565005105,1.1976928710936932,-0.05000019073486328
2023-07-26,0.00015372052251970915,-0.050000000000000266,0.004867250719561796,-0.0011498495492447674,0.067626953125,-0.6700000762939453
2023-07-27,-0.0066520122314099395,0.1499999999999999,-0.015836715414990758,0.002522653382695378,-2.916961669921875,1.2200002670288086
2023-07-28,0.00974256147920305,-0.04999999999999982,0.007949707574281263,-0.0090322881585568,4.27880859375,-1.079999923706053
2023-07-31,0.0019021409961637833,0.010000000000000231,0.002690787072191872,0.004136542263487061,0.84027099609375,0.3000001907348615
2023-08-01,-0.002865436831716565,0.07999999999999963,-0.010418766955581723,-0.002422420040456656,-1.26519775390625,0.3000001907348615
2023-08-02,-0.01400843317692995,0.03000000000000025,-0.004776993918500052,0.000935235248612383,-6.133331298828125,2.159999847412111
2023-08-03,-0.0028701312392492265,0.1200000000000001,-0.00033420291832367705,-0.005806247203498307,-1.246063232421875,-0.1700000762939471
2023-08-04,-0.004532926560469058,-0.15000000000000036,0.003613876354074006,0.000678808663551108,-1.960693359375,1.180000305175783
2023-08-07,0.008690675871888959,0.040000000000000036,-0.002277988932518744,0.004654296286017525,3.766937255859375,-1.3299999237060547
2023-08-08,-0.0043582512851142,-0.07000000000000028,-0.006361270240024672,4.3987404008198875e-05,-1.893157958984375,0.2199993133544922
2023-08-09,-0.006707688982516971,-0.019999999999999574,-0.00476956334967285,-0.004030051842362894,-2.89764404296875,-0.029999732971191406
2023-08-10,0.00035888150966870575,0.08999999999999986,-0.0010691758408616784,0.0017110349162026246,0.154541015625,-0.10999965667724432
2023-08-11,-0.0005832478750080906,0.07000000000000028,0.0,0.0003623075742100826,-0.25112915039056816,-1.0100002288818377
2023-08-14,0.005504993295871648,0.03000000000000025,-0.003045220530389694,-0.0033984892951348677,2.376129150390568,-0.0200004577636701
2023-08-15,-0.01171738584163096,0.019999999999999574,-0.0026580037072091345,-0.003157967124503774,-5.04193115234375,1.6399993896484357
2023-08-16,-0.007365264011677466,0.07000000000000028,-0.005792775189194925,-0.0005235270892915599,-3.139129638671875,0.32000160217285156
2023-08-17,-0.007649020755429081,0.019999999999999574,-0.0015390561619561794,-0.0026897159765402793,-3.235687255859375,1.1099987030029297
2023-08-18,0.00048117963061039564,-0.040000000000000036,0.0001711135895520659,-2.170477883410121e-05,0.20281982421875,-0.5900001525878906
2023-08-21,0.0064853030373349715,0.08000000000000007,0.00273392964256731,8.703551240746353e-05,2.743133544921875,-0.1700000762939453
2023-08-22,-0.002712249377026508,0.0,0.0016481975934526548,0.0020903019933335067,-1.149383544921875,-0.15999984741210938
2023-08-23,0.011076036046786699,-0.14999999999999947,0.010113328144583607,-0.004751376251991785,4.71343994140625,-0.9899997711181641
2023-08-24,-0.013955908569740398,0.040000000000000036,-0.0002248455933195227,0.001758781883683745,-5.930450439453068,1.220001220703125
2023-08-25,0.007024957296706432,0.019999999999999574,-0.0012941233726573686,-0.006152814519424532,2.974853515624943,-1.5200004577636737
2023-08-28,0.006321361084588684,-0.04999999999999982,0.002867238875764686,-0.00016206242353233513,2.69482421875,-0.600000381469723
2023-08-29,0.014351321388560644,-0.08000000000000007,0.00972069237763269,0.0026055993913910217,6.181640625,-0.6300001144409197
2023-08-30,0.004110308936438406,0.0,0.002498750315822613,0.004024426701277785,1.7868652343750568,-0.5699996948242188
2023-08-31,-0.0014643149436964302,-0.03000000000000025,-0.001665111347163996,0.005810180468786455,-0.6374206542969318,-0.31000041961669744
2023-09-01,0.0018633399048602675,0.08999999999999986,0.0004997991755412262,-0.008122741160144649,0.811279296875,-0.4799995422363299
2023-09-05,-0.00433123935678437,0.08999999999999986,-0.008195174622491511,-0.004587333324464226,-1.883453369140625,0.9200000762939453
2023-09-06,-0.006745167863560886,0.03000000000000025,-0.004544556063018457,-0.006348504572645787,-2.916961669921875,0.4399995803833008
2023-09-07,-0.0030748533313187856,-0.03000000000000025,0.0010678794784509471,-0.00018239543948600666,-1.323211669921875,-0.05000019073486506
2023-09-08,0.0015048164159544022,-0.009999999999999787,0.0003369702787594387,-0.0024634271506725662,0.647064208984375,-0.559999465942381
2023-09-11,0.006555164988900833,0.03000000000000025,0.0018513951035425602,0.0018952427901441611,2.830078125,-0.039999961853027344
2023-09-12,-0.005500666789081585,-0.020000000000000462,-0.005169992663578624,0.003005598219411332,-2.376068115234375,0.42999935150146484
2023-09-13,0.0011652671870899937,-0.019999999999999574,-0.002312682045193072,0.00026886842534049965,0.50225830078125,-0.75
2023-09-14,0.008585508487314748,0.040000000000000036,0.0005080950731221542,-0.0017727594378958128,3.718658447265625,-0.6599998474121076
2023-09-15,-0.012121606935065737,0.040000000000000036,0.00658210689497754,-0.009082696335297987,-5.240997314453125,0.9700002670288068
2023-09-18,0.0005863153987437494,-0.009999999999999787,0.00587038313631886,0.002918822702197699,0.252044677734375,0.21000003814697266
2023-09-19,-0.0020760470418576464,0.04999999999999982,-0.0009480950413542692,0.0022856390003425054,-0.89178466796875,0.1099996566772461
2023-09-20,-0.009235914378011034,-0.020000000000000462,0.0007251297423292754,-0.0009939536517845262,-3.94500732421875,1.0300006866455078
2023-09-21,-0.016666355216837434,0.14000000000000057,-0.0072748111459232075,-0.0027202094957808733,-7.02728271484375,2.40000057220459
2023-09-22,-0.0022511674144099344,-0.04999999999999982,0.0031961900557462815,0.0007992186092448136,-0.94024658203125,-0.3400001525878906
2023-09-25,0.004196340103064502,0.10999999999999943,-0.005163898932470834,-0.00122531937458651,1.75439453125,-0.3000011444091797
2023-09-26,-0.014800220667252418,0.009999999999999787,-0.008023084937964609,-0.005352496698744066,-6.15496826171875,2.0400009155273438
2023-09-27,0.00039913270472544994,0.05000000000000071,-0.012443751217319037,-0.0020949525340855537,0.164794921875,-0.7200012207031286
2023-09-28,0.005780687686457261,-0.020000000000000462,-0.005009715204337903,-0.006090472631852323,2.394134521484432,-0.879999160766598
2023-09-29,-0.0024298284486813314,0.0,-0.010328505518099336,0.005424924814573403,-1.0080261230469318,0.18000030517578125
2023-10-02,-0.0003977235590850416,0.10000000000000053,-0.0105542058560987,0.00026406078697280267,-0.164764404296875,0.09000015258789062
2023-10-03,-0.013476658408995517,0.11999999999999922,-0.002892421000056923,-0.008028972380780758,-5.544403076171875,2.1700000762939453
2023-10-04,0.007255634619953406,-0.07999999999999918,-0.00011826350756014561,-0.0008067501641140518,2.975738525390625,-1.2000007629394567
2023-10-05,-0.0003767793758127571,-0.010000000000000675,-0.0018344684108627424,0.003314779770723716,-0.155059814453125,-0.09000015258788707
2023-10-06,0.011802897125147479,0.0600000000000005,0.005139851922273756,0.003758088703719646,4.885223388671875,-1.039999008178711
2023-10-09,0.006381904262498886,0.0,0.018218478536943455,0.0019741653150437614,2.665588378906307,0.25
2023-10-10,0.005191149609772216,-0.1200000000000001,-0.0016795054754092334,0.0010784244414369746,2.180816650390568,-0.6700000762939453
2023-10-11,0.004087942613016101,-0.08000000000000007,0.007276507826110017,0.0024468013261512104,1.725341796875,-0.9400005340576172
2023-10-12,-0.006115110098297545,0.1200000000000001,-0.0030543103873241243,0.0018362293444184133,-2.57830810546875,0.6000003814697266
2023-10-13,-0.0049932273463283595,-0.07000000000000028,0.03164231938177581,-0.008273875947999566,-2.0936279296875,2.6299991607666016
2023-10-16,0.01046641877806628,0.08000000000000007,-0.004876800474351656,-0.001442402272883807,4.400543212890682,-2.1100006103515625
2023-10-17,-4.5851631421846516e-05,0.1200000000000001,0.0018525567250013085,0.003108649372107452,-0.019378662109431843,0.6700000762939453
2023-10-18,-0.013414653887019946,0.08000000000000007,0.014367113783494704,0.0017746511949465053,-5.631561279296875,1.340000152587887
2023-10-19,-0.008825242004986628,0.07000000000000028,0.012199301049654077,-0.0032722255890128117,-3.663909912109375,2.1800003051757884
2023-10-20,-0.01236412452638378,-0.05000000000000071,0.0027271753020748097,0.004541865427760706,-5.07904052734375,0.30999946594237926
2023-10-23,-0.0017348395401526036,-0.0699999999999994,-0.003382778876821057,0.000328189985652953,-0.7076416015625,-1.3399982452392578
2023-10-24,0.007511134204492602,-0.03000000000000025,-0.00010933686369138149,0.007515330568956494,3.072662353515625,-1.4000015258789098
2023-10-25,-0.01445616490507655,0.1200000000000001,0.004199991317574014,-0.007006876982751212,-5.893280029296875,1.2200012207031286
2023-10-26,-0.01204672991882489,-0.08999999999999986,0.001577208003792872,-0.0026558561409556923,-4.84637451171875,0.48999977111816406
2023-10-27,-0.004543224324143448,-0.020000000000000462,0.011562693424814757,-0.000264123396465434,-1.8126220703125,0.5900001525878906
2023-10-30,0.011884911489636885,0.040000000000000036,-0.005656514976963794,-0.00019015336292734387,4.75921630859375,-1.5200004577636719
2023-10-31,0.00626067913229715,0.0,-0.005471503988170932,0.00496607740248526,2.529876708984375,-1.610000610351559
2023-11-01,0.010608300539511133,-0.11000000000000032,-0.0031556165767174377,-0.0033910961552048305,4.323028564453125,-1.2699985504150426
2023-11-02,0.018982790771373645,-0.09999999999999964,0.003318560440596095,0.0007514310744385675,7.85113525390625,-1.210000991821289
2023-11-03,0.009082178619759023,-0.09999999999999964,0.0036323164276059108,0.0030218690662464926,3.809356689453125,-0.75
2023-11-06,0.002297803556915171,0.09999999999999964,-0.00782308105070582,0.010590070261934276,0.969268798828125,-0.01999950408935547
2023-11-07,0.0028419170545375735,-0.08999999999999986,-0.004153745714031754,-0.0009869601713545283,1.201873779296875,-0.07999992370605469
2023-11-08,0.0007322072268198868,-0.08999999999999986,-0.010017653470627337,-0.0023773226566195147,0.310211181640625,-0.3600006103515625
2023-11-09,-0.007829304245654627,0.1299999999999999,0.0039750574137909995,0.001337967170313203,-3.305267333984375,0.8400001525878906
2023-11-10,0.015484390987360569,-0.009999999999999787,-0.01096969995324551,-0.004008444256324299,6.562103271484375,-1.1199998855590838
2023-11-13,-0.0009537587885019063,0.019999999999999574,0.0055552613869160675,0.0021144041770807375,-0.407135009765625,0.5900001525878924
2023-11-14,0.019215047304510412,-0.1899999999999995,0.008879636186604513,0.0010910067705588759,8.277770996093807,-0.6000003814697266
2023-11-15,0.0021146706187300792,0.08999999999999986,-0.0026390807860946154,0.016357010041172345,0.9207458496093182,0.0200004577636701
2023-11-16,0.0012224924572694308,-0.08000000000000007,0.011222864579353571,-0.002184097901422437,0.533172607421875,0.13999938964844105
2023-11-17,0.0012430704381268395,-0.009999999999999787,-0.00010890827769753537,-7.600105306852202e-05,0.542816162109375,-0.5199995040893572
2023-11-20,0.00766799686567734,-0.020000000000000462,-0.0016347162383040547,0.004896069984269191,3.363372802734375,-0.3900003433227539
2023-11-21,-0.0021816777285643507,-0.009999999999999787,0.010740019593541818,0.0035620486609204824,-0.959564208984375,-0.059999465942381036
2023-11-22,0.0038534116931488154,0.009999999999999787,-0.004271361889171939,-0.002536177693585343,1.6962585449219318,-0.5
2023-11-24,0.0006150125719428613,0.04999999999999982,0.005188115339681599,-0.0010912320232521458,0.27133178710931816,-0.3900003433227557
2023-11-27,-0.0018024595066575126,-0.08000000000000007,0.006715220224108336,0.0031240227376338517,-0.79473876953125,0.22999954223632812
2023-11-28,0.0009895331940109734,-0.04999999999999982,0.013243765854618507,0.0016424521405810828,0.436126708984375,0.0
2023-11-29,-0.0007036721117524532,-0.07000000000000028,0.001478346564492718,0.004327051344560341,-0.31018066406244316,0.28999996185302734
2023-11-30,0.003929689874545733,0.10000000000000053,-0.004176660491012712,-0.002934399365846547,1.7350158691405682,-0.05999946594238459
2023-12-01,0.0058986151274081095,-0.15000000000000036,0.017124037266951418,-0.007467027019537532,2.617156982421875,-0.28999996185302557
2023-12-04,-0.005263193386411947,0.0600000000000005,-0.021850417580745678,-0.00035937594202298576,-2.335968017578125,0.4499998092651385
2023-12-05,-0.00019718993377576205,-0.10000000000000053,-0.003786606077863042,-0.004638469420250361,-0.0872802734375,-0.22999954223632812
2023-12-06,-0.004038039688447974,-0.05999999999999961,0.003680115406357525,-0.004077545141317587,-1.7835388183593182,0.11999988555908025
2023-12-07,0.00760151744825662,0.019999999999999574,0.001648967455985853,-0.002500922451081591,3.363464355468693,0.09000015258789062
2023-12-08,0.004289978691554495,0.09000000000000075,-0.01343017351466841,0.002360648944021793,1.909515380859375,-0.7100000381469709
2023-12-11,0.0038819121626056216,0.0,-0.011104320560253251,-0.0024467931186417952,1.7349548339844318,0.27999973297118963
2023-12-12,0.004556936361223975,-0.03000000000000025,-0.0005447904909059331,7.529351741870235e-05,2.045257568359318,-0.5600004196166974
2023-12-13,0.01369589077536085,-0.16000000000000014,0.022311764488914056,0.0029760816224084843,6.20343017578125,0.11999988555908025
2023-12-14,0.0032042103818616463,-0.1200000000000001,0.005845435089187632,0.00806654911765591,1.463623046875,0.28999996185302734
2023-12-15,-0.0016478571676961176,-0.009999999999999787,-0.009208782757507555,0.009823959841428425,-0.7532958984375,-0.19999980926513672
2023-12-18,0.00560943662939355,0.040000000000000036,0.0045351876568232455,-0.008985279259387994,2.569366455078125,0.2800006866455078
2023-12-19,0.0060623869606101395,-0.020000000000000018,0.006790830606181726,0.002618234905509399,2.7930908203125,-0.030000686645507812
2023-12-20,-0.013954157397648992,-0.07000000000000028,-0.005460866362358663,0.005224244187125721,-6.40374755859375,1.1400003433227521
2023-12-21,0.00943721860601882,0.03000000000000025,0.007045755720440373,-0.003223207515872975,4.321075439453125,-0.020000457763671875
2023-12-22,0.0020075907351843874,0.009999999999999787,0.004424614031362715,0.005509994507837824,0.92449951171875,-0.6199998855590803
2023-12-26,0.004213718378859359,-0.009999999999999787,0.007591842151508473,0.0012774721257945098,1.94647216796875,-0.039999961853027344
2023-12-27,0.0018064371122199492,-0.10000000000000009,0.004527577262521436,0.002062891339460544,0.83697509765625,-0.5599994659423846
2023-12-28,0.0003775916664413253,0.04999999999999982,-0.005832413160524756,0.005925594861729413,0.175140380859375,0.03999996185302912
2023-12-29,-0.0028991133772969394,0.040000000000000036,-0.001568069797763166,-0.003648070996618757,-1.343017578125,-0.020000457763671875
2024-01-02,-0.005612103667722635,0.07000000000000028,-0.0023566846852945507,-0.002663951482682626,-2.588775634765625,0.75
2024-01-03,-0.008200123443312514,-0.040000000000000036,-0.008371755159892112,-0.008825030908954975,-3.756561279296875,0.8400001525878906
2024-01-04,-0.003226291527682005,0.08000000000000007,0.0010041086074332737,-0.0012793338874625213,-1.469573974609375,0.09000015258789062
2024-01-05,0.0013687685364692074,0.05999999999999961,0.00015844285681911228,0.0017937674187858852,0.622894287109375,-0.7799997329711896
2024-01-08,0.01417488292427029,-0.040000000000000036,-0.007846978293015706,-0.0004706370138586311,6.501037597656307,-0.2700004577636719
2024-01-09,-0.001518213678260503,0.009999999999999787,0.0003193058065587502,0.0008647516893451855,-0.7007141113281818,-0.3199996948242205
2024-01-10,0.005639558276374242,0.020000000000000462,-0.0022906686849215973,-0.001761655404589585,2.608245849609375,-0.07000064849853516
2024-01-11,-0.0004408221951446614,-0.06000000000000005,0.001971362878362661,0.0038995772423958907,-0.20440673828119316,-0.25
2024-01-12,0.0006924736136665982,-0.020000000000000018,0.009746417465784744,0.0005927674404054035,0.32113647460931816,0.26000022888183594
2024-01-16,-0.003677969929473345,0.11000000000000032,-0.009533481464917285,-0.0032781369315876235,-1.703125,1.140000343322754
2024-01-17,-0.005574113572440174,0.02999999999999936,-0.011077075533253301,-0.006132515484610715,-2.569244384765625,0.9499998092651367
2024-01-18,0.008853491005808225,0.040000000000000036,0.0081991767942437,0.0006419301064366271,4.087493896484375,-0.6599998474121094
2024-01-19,0.012389037195349856,0.010000000000000675,0.0029842685447011067,-0.0006093855084178445,5.7808837890625,-0.8299999237060547
2024-01-22,0.0021121166809955232,-0.040000000000000036,-0.003785111631635069,0.001208331125892878,0.992706298828125,-0.1100006103515625
2024-01-23,0.0029123283177438326,0.02999999999999936,0.0038915513093621982,-0.0011103749904406092,1.3722534179688068,-0.6399993896484375
2024-01-24,0.0010925081035528593,0.040000000000000036,-0.008281084265806291,-0.002054265784688464,0.5158081054686932,0.5900001525878906
2024-01-25,0.005424147545688823,-0.040000000000000036,0.003962127078988696,0.002195704525871863,2.569274902343807,0.3099994659423828
2024-01-26,-0.0012712830935817676,0.010000000000000675,-0.0006949345993062643,-0.0031940891678824117,-0.6034240722656818,-0.18999958038330078
2024-01-29,0.007888223857291266,-0.07000000000000028,0.007033690942251831,-0.00032535760494948154,3.756622314453182,0.3400001525878924
2024-01-30,-0.0007737186864151122,-0.020000000000000462,0.001379574176667031,-0.0008346524768681695,-0.36978149414068184,-0.2899999618530291
2024-01-31,-0.01645189355712125,-0.0699999999999994,-0.0007426235867569977,0.0008237687543271816,-7.79547119140625,1.0399999618530291
2024-02-01,0.013003211698955009,-0.1200000000000001,0.010346957700093572,-0.003647544052697876,6.150726318359432,-0.47000026702881037
2024-02-02,0.01047239623295688,0.16000000000000014,-0.00949826692011521,0.006525183225310071,5.0120849609375,-0.02999973297118963
2024-02-05,-0.0036478090818794127,0.13999999999999968,-0.0055292461789592075,-0.008737607110913186,-1.7518005371094318,-0.1800003051757848
2024-02-06,0.0028989725085874813,-0.08000000000000007,0.0052110917695982265,-0.0035510454839929734,1.39166259765625,-0.6099996566772443
2024-02-07,0.008305993765800452,0.0,-0.0002652330017039186,0.0014296890422369148,4.009735107421875,-0.23000049591064275
2024-02-08,0.0004415251059863219,0.0600000000000005,-0.0009022539588233346,0.0017226241286986182,0.214080810546875,-0.03999996185302912
2024-02-09,0.0057628244721441456,0.019999999999999574,-0.0038836838223869725,0.00014004449588271426,2.802886962890625,0.14000034332275213
2024-02-12,-0.00043911261910276587,0.0,-0.0026153866387207837,0.0019417861621720967,-0.214141845703125,1.0
2024-02-13,-0.013868752851984767,0.13999999999999968,-0.013884637194949295,-0.0024050255479935757,-6.7152099609375,1.9200000762939489
2024-02-14,0.009046563285581432,-0.040000000000000036,-0.0005962900909107332,-0.005896552843757327,4.3697509765625,-1.4700002670288104
2024-02-15,0.006875980508587233,-0.02999999999999936,0.006701308514327959,0.002165564317311469,3.34783935546875,-0.36999988555908203
2024-02-16,-0.004992361223311451,0.05999999999999961,0.003655878672840905,0.003881700407994871,-2.433013916015625,0.22999954223632812
2024-02-20,-0.005520633060208647,-0.03000000000000025,0.006045896751115192,0.00014006865157028048,-2.676361083984375,1.1800003051757795
2024-02-21,0.0009054805152781886,0.05000000000000071,5.331114505738622e-05,0.0034974498351770826,0.437957763671875,-0.07999992370605291
2024-02-22,0.020484232900890464,0.009999999999999787,0.0004266309391015458,0.0006706143712432586,10.014404296875,-0.8000001907348633
2024-02-23,0.0006895016988315149,-0.07000000000000028,0.005635602023986369,0.00048705682179849387,0.340667724609375,-0.7899999618530273
2024-02-26,-0.0036694001854934593,0.020000000000000462,-0.002229172292928307,-0.0005195577476647977,-1.810272216796875,-0.010000228881835938
2024-02-27,0.0018560849550429785,0.02999999999999936,-0.0010632481058260926,0.0028497835192925793,0.9148559570313068,-0.3099994659423846
2024-02-28,-0.0013224590947658666,-0.040000000000000036,0.0018068578078276945,-0.0005640750300104818,-0.6520080566406818,0.40999984741211115
2024-02-29,0.0035885126838880936,-0.019999999999999574,0.005137049487700812,-0.0005529550220347515,1.771240234375,-0.44000053405761896
2024-03-01,0.009344479659008417,-0.05999999999999961,0.018734204946424346,-0.0031275423260024677,4.642242431640682,-0.28999996185302557
2024-03-04,-0.0010729701079555962,0.02999999999999936,0.016045575240364,0.0034852552521659795,-0.5352478027344318,0.38000011444091797
2024-03-05,-0.010044556868045113,-0.08999999999999986,0.006002093012312388,0.0011500159935793875,-4.982940673828068,0.9700002670288086
2024-03-06,0.005054544343641684,-0.019999999999999574,0.008181839163568495,7.59911547539199e-05,2.501220703124943,0.039999961853027344
2024-03-07,0.00987752944767782,-0.020000000000000462,0.005667751261581818,0.004002993860566666,4.92449951171875,-0.06000041961669922
2024-03-08,-0.0060204038455429635,0.0,0.008417025116951235,0.004632161004990791,-3.007293701171875,0.3000001907348633
2024-03-11,-0.0008601678559511803,0.009999999999999787,0.0018333385345244608,-0.0006567834304138422,-0.42819213867181816,0.48000049591064453
2024-03-12,0.010699918958305417,0.0600000000000005,-0.011000916093968595,-0.0010609555545411638,5.352722167968693,-1.380000114440918
2024-03-13,-0.001568675400922923,0.03000000000000025,0.006982966028737541,-0.00032786603029042014,-0.788330078125,-0.09000015258789062
2024-03-14,-0.0019788645975337355,0.09999999999999964,-0.004183879789555221,0.0025165550941543685,-0.992706298828125,0.6499996185302717
2024-03-15,-0.006890222494846185,0.019999999999999574,-0.003199519647615038,-0.006584324557311425,-3.44122314453125,0.010000228881837714
2024-03-18,0.005925499389508845,0.03000000000000025,0.0016010012977577042,-7.623792150198477e-05,2.957977294921875,-0.07999992370605291
2024-03-19,0.005541689042048736,-0.040000000000000036,-0.0011504677080451668,-0.000794052298820581,2.782287597656307,-0.5100002288818359
2024-03-20,0.009207004321223743,-0.03000000000000025,0.011841472011166752,-0.0009782543487731165,4.65673828125,-0.7799997329711932
2024-03-21,0.0032989003822060793,0.0,-0.0010391759354036452,0.006780030280211767,1.6789855957030682,-0.11999988555908381
2024-03-22,-0.0018974105261636608,-0.04999999999999982,-0.008053310017860795,-0.0068669447570795595,-0.96636962890625,0.14000034332275568
2024-03-25,-0.00276651483040577,0.03000000000000025,0.003189315361775875,-0.0050598547354209515,-1.405731201171875,0.12999916076660156
2024-03-26,-0.0018488052387298484,-0.009999999999999787,0.003228743279298674,0.0028355898951227965,-0.9372558593749432,0.05000019073486328
2024-03-27,0.008368606172223977,-0.040000000000000036,0.007214572450620787,-0.000541735721696503,4.25634765625,-0.46000003814697266
2024-03-28,-0.0001909846183114247,0.0,0.012817528202410179,-0.0017533000294245103,-0.09753417968755684,0.23000049591064453
2024-04-01,-0.001741398388491865,0.1299999999999999,0.01015632882706488,-0.0019121066038261668,-0.888458251953125,0.6399993896484357
2024-04-02,-0.006378320920361007,0.03000000000000025,0.014664311961913869,-0.005156421839743476,-3.24102783203125,0.9600000381469744
2024-04-03,0.001097820971077246,0.0,0.008734121015037044,0.002914025833319365,0.556365966796875,-0.27999973297118963
2024-04-04,-0.012281066985207426,-0.05000000000000071,-0.005751211782367894,0.006460427276889821,-6.18927001953125,2.02000045776367
2024-04-05,0.01039269025677078,0.08000000000000007,0.01696939930469014,-0.00011923458450640673,5.232635498046875,-0.31999969482421875
2024-04-08,0.0005591677155095434,0.03000000000000025,0.006209168519561451,-0.0006067326380173935,0.2830810546875,-0.840001106262207
2024-04-09,0.0011559838138973638,-0.05999999999999961,0.005482001328254696,0.003058958337697158,0.585723876953125,-0.21000003814697266
2024-04-10,-0.01006360794991223,0.1899999999999995,-0.00950892303540449,-0.0004019198697015849,-5.076477050781193,0.8200006484985352
2024-04-11,0.007518773887825553,0.009999999999999787,0.019246832874495322,-0.010886717095524747,3.787933349609318,-0.8900003433227539
2024-04-12,-0.013899313139958593,-0.05999999999999961,-0.013327746093360097,-0.0013847416017447754,-6.98016357421875,2.3999996185302734
2024-04-15,-0.01260730072771746,0.1299999999999999,0.01854610800435578,-0.007225148247919505,-6.247955322265625,1.9200000762939453
2024-04-16,-0.0018253518640121886,0.040000000000000036,0.0012212692273934644,-0.0022446258334513653,-0.898101806640625,-0.8299999237060511
2024-04-17,-0.005935821959956632,-0.08000000000000007,-0.007395532411290185,-0.000403625498250325,-2.909210205078125,-0.19000053405762074
2024-04-18,-0.002059909115915956,0.04999999999999982,0.0034096367107846366,0.004503013980535367,-1.0055541992186932,-0.20999908447265625
2024-04-19,-0.008766751091695665,-0.019999999999999574,0.0031266420969038923,-0.002365888034312739,-4.256439208984432,0.7099990844726562
2024-04-22,0.009167124466014344,0.0,-0.025012716627157542,0.0013207774304029281,4.45172119140625,-1.769998550415039
2024-04-23,0.011796690282838983,-0.009999999999999787,-0.0024616906480957905,-0.00039422626838334047,5.7890625,-1.2500009536743164
2024-04-24,-0.0004747818461080069,0.040000000000000036,-0.0018618228395408355,0.004709463664304997,-0.23431396484375,0.2800006866455078
2024-04-25,-0.0038061433600497492,0.04999999999999982,0.005945756955740473,-0.0004173729458229782,-1.8743896484375,-0.6000003814697266
2024-04-26,0.009429351780170389,-0.03000000000000025,0.0032366836371748075,0.002775201791036396,4.656707763671932,-0.3400001525878906
2024-04-29,0.0035351736498407723,-0.040000000000000036,-0.002033283758808563,-0.002122318925900117,1.7572021484375,-0.35999965667724787
2024-04-30,-0.015967967260935682,0.0600000000000005,-0.02013850411793736,0.0008247938079739085,-7.887969970703182,0.9799995422363281
2024-05-01,-0.003252434386046001,-0.0600000000000005,0.009021337418355644,-0.004597165828774006,-1.591278076171875,-0.25999927520751775
2024-05-02,0.009309933818523545,-0.04999999999999982,-0.003091862325121168,0.005143796890728481,4.56878662109375,-0.7100000381469744
2024-05-03,0.012319103938198604,-0.08000000000000007,-0.0007979449099420573,0.0010728188714235368,6.111267089843807,-1.1900005340576154
2024-05-06,0.010273837580908494,-0.009999999999999787,0.010463427933373832,0.0023316917706926814,5.154541015624943,0.0
2024-05-07,0.0011028239492432879,-0.020000000000000462,-0.00461094049941965,0.0008717944924890549,0.55645751953125,-0.26000022888183594
2024-05-08,9.671275762442907e-05,0.010000000000000675,-0.0029453952906236033,-0.0015815538797213848,0.048828125,-0.22999954223632812
2024-05-09,0.005745331402037395,-0.03000000000000025,0.01565541986116323,-0.0003331609149222311,2.9091796875,-0.3100004196166992
2024-05-10,0.001287214835417728,0.04999999999999982,0.008079783894319735,0.003552685995199825,0.654083251953125,-0.1399993896484375
2024-05-13,0.0001343134496232697,-0.019999999999999574,-0.0112653199553874,-0.0013687557229370368,0.06829833984375,1.050000190734865
2024-05-14,0.00457770091357138,-0.03000000000000025,0.008426442720749588,0.0021457068323342014,2.333251953125,-0.1800003051757848
2024-05-15,0.012306984504407426,-0.08999999999999986,0.012757032448187737,0.0019447012704893634,6.326080322265625,-0.9700002670288068
2024-05-16,-0.0020595460899207212,0.019999999999999574,-0.003900942141432421,0.006934418446712236,-1.0640869140625,-0.029999732971193183
2024-05-17,0.001436364947926455,0.040000000000000036,0.016363162829441707,-0.0020233852741519107,0.74188232421875,-0.4300003051757795
2024-05-20,0.0011517365981137655,0.020000000000000462,0.004015863208074463,0.0007065954020106566,0.59564208984375,0.1599998474121076
2024-05-21,0.002449295525287391,-0.03000000000000025,-0.0014706294501547247,-0.0013476122728719713,1.26898193359375,-0.28999996185302557
2024-05-22,-0.0028835635878153875,0.019999999999999574,-0.018544867564565436,-0.0005211701182829347,-1.49365234375,0.43000030517578125
2024-05-23,-0.007330961447818925,0.040000000000000036,-0.020146148039186556,-0.0027643117547025264,-3.77801513671875,0.48000049591064453
2024-05-24,0.006594717081072719,-0.009999999999999787,0.0009266841017383871,-0.00115750095218525,3.3973388671875,-0.8400001525878924
2024-05-28,0.0006983652682099977,0.08000000000000007,0.01045829379441463,0.004540774881471534,0.361083984375,0.9899997711181641
2024-05-29,-0.007027087948810038,0.07000000000000028,-0.009347362870368874,-0.0009228747019577188,-3.621826171875,1.3599996566772479
2024-05-30,-0.006655686202549178,-0.0600000000000005,0.0018949634848047382,-0.004622998667696261,-3.407012939453125,0.1900005340576172
2024-05-31,0.0090668483612123,-0.040000000000000036,-0.005881436093592545,0.003104909521282527,4.646881103515625,-1.550000190734865
2024-06-03,0.0008151842523024518,-0.09999999999999964,0.008878251926791354,0.0016266164009212727,0.41986083984375,0.18999958038330256
2024-06-04,0.0011171173570145214,-0.08000000000000007,-0.009017596418210323,0.004993990868639649,0.575927734375,0.05000019073486328
2024-06-05,0.01181497596193171,-0.040000000000000036,0.011775993219294973,-0.0023423607924120534,6.1307373046875,-0.5299997329711914
2024-06-06,-1.8592521562115075e-05,-0.009999999999999787,0.0073641743967564136,-0.0006743892561967788,-0.00970458984375,-0.050000190734861505
2024-06-07,-0.0012165147718674742,0.14999999999999947,-0.03633551284065831,0.0018284745320394033,-0.63458251953125,-0.35999965667724787
2024-06-10,0.0030851460753938253,0.040000000000000036,0.009126408480626166,-0.01066294302103243,1.61083984375,0.5199995040893555
2024-06-11,0.002405324276251383,-0.08000000000000007,0.002852538250894446,-0.0013572604550408907,1.25933837890625,0.11000061035156428
2024-06-12,0.00817942039510849,-0.08000000000000007,0.002658183908153708,-0.002225800503826526,4.30517578125,-0.810000419616701
2024-06-13,0.002011393184977977,-0.0699999999999994,-0.008183543017197694,0.006757078068328593,1.0640869140625,-0.10000038146972656
2024-06-14,0.0006082509734874435,-0.040000000000000036,0.012876289526632455,-0.006896604999001071,0.32220458984375,0.7200002670288086
2024-06-17,0.007927489938320435,0.08000000000000007,-0.00520517570045054,-0.0034198826115549425,4.21734619140625,0.09000015258789062
2024-06-18,0.002537597073665159,-0.0600000000000005,0.003999264104052163,0.0035917077512609224,1.3570556640625,-0.4499998092651367
2024-06-20,-0.0027203415916810824,0.03000000000000025,0.012407060942233218,0.0010101519681009724,-1.45465087890625,0.9799995422363281
2024-06-21,-0.0013417201132756259,0.0,-0.015614512577113587,-0.0042057311718622144,-0.71600341796875,-0.07999992370605469
2024-06-24,-0.0032558074186296707,0.0,0.0039497558204108826,-0.001743605181274369,-1.73345947265625,0.13000011444091975
2024-06-25,0.0038434532800629036,-0.019999999999999574,-0.004974590412272902,0.004198394017140161,2.04693603515625,-0.48999977111816584
2024-06-26,0.0012474877967871068,0.08999999999999986,-0.00927101143578294,-0.002154984774998893,0.66607666015625,-0.28999996185302734
2024-06-27,0.001575053708258707,-0.03000000000000025,0.011273144249924162,-0.0027592942995265965,0.8421630859375,-0.3100004196166992
2024-06-28,-0.003942868108871373,0.07000000000000028,9.297215668029186e-05,0.0026522078836921812,-2.105712890625,0.19999980926513672
2024-07-01,0.00205588833347297,0.1200000000000001,0.0026012036358740546,0.002498179976998341,1.096923828125,-0.2199993133544922
2024-07-02,0.006707310307836776,-0.05000000000000071,-4.643502198153371e-05,0.00017177131184862907,3.59442138671875,-0.1900005340576172
2024-07-03,0.0044527036595634105,-0.0699999999999994,0.011209933637062129,0.001052856180220774,2.3995361328125,0.06000041961669922
2024-07-05,0.005749907876923222,-0.08000000000000007,0.013396660734694534,0.005777703978808853,3.11444091796875,0.3899993896484375
2024-07-08,0.0011531627259042687,0.0,-0.012479622087256387,0.0014172852076074353,0.62677001953125,-0.1099996566772461
2024-07-09,0.0009720073332111152,0.019999999999999574,0.0016943111880903482,0.0004547759228130968,0.52886962890625,0.1400003433227539
2024-07-10,0.009846779377452432,-0.019999999999999574,0.003653653384415535,-0.0014935765778125393,5.38671875,0.3400001525878924
2024-07-11,-0.008660114259832138,-0.08000000000000007,0.017578001160184497,0.0017101581900879357,-4.7403564453125,0.0699996948242152
2024-07-12,0.006287958009340956,-0.020000000000000462,-0.0006272936376367233,0.003635807059775768,3.43780517578125,-0.4600000381469709
2024-07-15,0.0027461232874743274,0.05000000000000071,0.0032219172131206842,0.0011749830043506,1.5081787109375,0.6599998474121094
2024-07-16,0.00591267816960782,-0.0600000000000005,0.01972987782004887,0.0014706445837827978,3.2613525390625,0.06999969482421875
2024-07-17,-0.014120399731959738,-0.009999999999999787,-0.0046540195707981385,8.714869009948449e-05,-7.75677490234375,1.2899999618530273
2024-07-18,-0.007714380793898149,0.040000000000000036,-0.006401633154546521,0.003451186130679682,-4.19171142578125,1.4500007629394513
2024-07-19,-0.006662863840352624,0.04999999999999982,-0.01810066223064627,-0.0035383348207792247,-3.59442138671875,0.5900001525878924
2024-07-22,0.010257139566992516,0.009999999999999787,0.0003156824791686295,-0.00021806902047437983,5.54339599609375,-1.6100006103515625
2024-07-23,-0.0015698653017631335,-0.009999999999999787,0.003510507096461622,-0.0008607103043199634,-0.85211181640625,-0.18999958038330078
2024-07-24,-0.02292310658503702,0.03000000000000025,-0.0035105070964615765,-0.003598023824621103,-12.29132080078125,3.320000648498535
2024-07-25,-0.005224128709654965,-0.010000000000000675,-0.015768400613655725,-0.001030279115602503,-2.761962890625,0.4199981689453125
2024-07-26,0.011137573902900337,-0.0699999999999994,0.010479424389843233,0.0010845501051682765,5.90582275390625,-2.0699996948242188
2024-07-29,0.0005873780491209903,-0.03000000000000025,-0.0014060442276131696,0.0002279279649853626,0.31329345703125,0.21000099182128906
2024-07-30,-0.005079227231496193,-0.019999999999999574,0.009935936183544556,-0.0031643268838695902,-2.70306396484375,1.0900001525878906
2024-07-31,0.016123894118010303,-0.0600000000000005,0.017948680176280075,-0.000313732752850657,8.62841796875,-1.3299999237060547
2024-08-01,-0.014262021983354306,-0.09999999999999964,-0.0034488837098835684,0.0007249515519942542,-7.63916015625,2.229999542236328
2024-08-02,-0.01879400562557572,-0.1900000000000004,-0.0019064443892983563,-0.003360575274130169,-9.90167236328125,4.79999923706055
2024-08-05,-0.029556273913278065,-0.020000000000000018,-0.012773165762624666,0.011358892636365312,-15.2001953125,15.180000305175778
2024-08-06,0.009177404624741828,0.1200000000000001,-0.008032891286850028,0.0036727188635252233,4.6717529296875,-10.860000610351562
2024-08-07,-0.006706553837130954,0.06000000000000005,-0.0006798590470787476,-0.002264177736969658,-3.418182373046875,0.1400012969970703
2024-08-08,0.022854099981852068,0.03000000000000025,0.01556622880577821,0.00017476919764680034,11.742889404296875,-4.059999465942383
2024-08-09,0.00440005924475462,-0.050000000000000266,0.0024522519879110324,-0.0011357816835573652,2.29180908203125,-3.4200000762939453
2024-08-12,0.0005253201136751975,-0.040000000000000036,0.01699935451192235,-0.0001747493716200307,0.2742919921875,0.3399982452392578
2024-08-13,0.016311777161781584,-0.04999999999999982,-0.0015335341694870399,0.0020538861067455733,8.58917236328125,-2.589998245239258
2024-08-14,0.0031498706634310713,-0.020000000000000018,-0.008189191333500994,0.0055381610934357155,1.6748046875,-1.9300003051757812
2024-08-15,0.01699500857259861,0.08999999999999986,0.0031339290416113642,0.0014746939005726885,9.1279296875,-0.9600009918212891
2024-08-16,0.002239582094573738,-0.029999999999999805,0.022140811735288115,-0.0036826722529141836,1.2144775390625,-0.42999935150146484
2024-08-19,0.009515837873381946,-0.03000000000000025,-0.0016393656726291592,0.0047515321311987135,5.190673828125,-0.15000057220459162
2024-08-20,-0.001627437600269879,-0.040000000000000036,0.003663270802502215,0.005561019879638232,-0.8912353515625,1.2300004959106463
2024-08-21,0.0034307727003390835,-0.029999999999999805,-0.0013345079227064104,0.0037320558476400963,1.8804931640625,0.3900003433227539
2024-08-22,-0.007879539401688134,0.06999999999999984,-0.012047289256478088,0.0024622620655040902,-4.30938720703125,1.279998779296875
2024-08-23,0.010569257539537724,-0.04999999999999982,0.011487194343258775,-0.0034299728738610585,5.7882080078125,-1.6899995803833008
2024-08-26,-0.0023866259113007634,0.009999999999999787,0.0031842629268955657,0.006345743377981108,-1.3123779296875,0.28999996185302734
2024-08-27,0.0013722678056375614,0.010000000000000231,0.0027030152296240286,-0.00207885092799286,0.75421142578125,-0.719999313354494
2024-08-28,-0.005822165599756771,0.009999999999999787,-0.007051666972008083,0.0011842694816812614,-3.19281005859375,1.680000305175783
2024-08-29,8.940658644515099e-05,0.03000000000000025,0.005164620716356872,-0.004750552482151741,0.04888916015625,-1.4600009918212908
2024-08-30,0.009500711609878811,0.040000000000000036,-0.0071515197828322195,-0.004008112199441631,5.22015380859375,-0.6499996185302717
2024-09-03,-0.02079380724062509,-0.07000000000000028,-0.00433295027353233,-0.0011737976247781058,-11.3609619140625,5.719999313354489
2024-09-04,-0.002048748622708571,-0.06999999999999984,0.0006077417877377091,-0.0016808504021881394,-1.10662841796875,0.6000003814697301
2024-09-05,-0.002435114582399547,-0.040000000000000036,0.008297784905919918,0.002854648026966245,-1.3123779296875,-1.4200000762939418
2024-09-06,-0.016973394434186866,-0.009999999999999787,-0.007430165851405642,0.00276294806597193,-9.05938720703125,2.4799995422363246
2024-09-09,0.011134100571604098,-0.020000000000000018,0.004197056104325384,-0.002153233494915558,5.92535400390625,-2.9299983978271484
2024-09-10,0.004346212446947234,-0.050000000000000266,0.004394427867848139,-0.004491381464581687,2.3309326171875,-0.370000839233402
2024-09-11,0.010206568148133614,0.0,-0.0015918222264343484,-0.001499998659979876,5.513916015625,-1.389999389648434
2024-09-12,0.008388007445118225,0.03000000000000025,0.01741476344611925,-0.0009143102407975252,4.57379150390625,-0.6200008392333984
2024-09-13,0.00520914737236218,-0.020000000000000018,0.009894570827460453,0.006063349541865301,2.85980224609375,-0.5100002288818359
2024-09-16,0.0014757016664165748,-0.03000000000000025,-8.375168155593023e-05,0.0009531874092985786,0.8128662109375,0.5799999237060547
2024-09-17,0.00040859633669759293,0.020000000000000018,-0.005546263478781389,0.003699262354885196,0.22528076171875,0.470001220703125
2024-09-18,-0.002970247907622801,0.050000000000000266,-0.007740344731775493,-0.000578565328448507,-1.63555908203125,0.6199989318847656
2024-09-19,0.016920528075937056,0.029999999999999805,0.015421236419487408,-0.0007449134913267066,9.382568359375,-1.8999996185302734
2024-09-20,-0.0017302409759477465,0.0,0.012630557682531525,0.004232548367000081,-0.96673583984375,-0.18000030517578125
2024-09-23,0.002495817124092393,0.020000000000000018,0.00193852671610104,-0.00010050347335537372,1.39501953125,-0.25999927520751953
2024-09-24,0.0028571377996975157,-0.009999999999999787,0.013872405171650835,-0.004409974978158182,1.60125732421875,-0.5
2024-09-25,-0.0022077795523534763,0.04999999999999982,-0.0013827232563759936,0.007125781740235711,-1.23773193359375,0.01999950408935547
2024-09-26,0.0039568002149560745,0.0,0.005073989582052931,-0.005390814663425928,2.22021484375,-0.039999961853027344
2024-09-27,-0.0014514158032163835,-0.040000000000000036,-0.00796748708764577,0.004138093124158308,-0.8154296875,1.5899991989135742
2024-09-30,0.003999221306372743,0.06000000000000005,-0.008031540905021974,-0.0006591266714528767,2.24969482421875,-0.22999954223632812
2024-10-01,-0.008998909929383531,-0.06999999999999984,0.0104365981433154,-0.0029778807029176247,-5.049560546875,2.5300006866455114
2024-10-02,0.000421992765749162,0.04999999999999982,0.000203566476664727,-0.006549189271602771,0.23577880859375,-0.3600006103515625
2024-10-03,-0.0018296310473549984,0.06000000000000005,-0.0006922454344500081,-0.0013930498135306555,-1.02154541015625,1.590000152587887
2024-10-04,0.009046119291128491,0.1299999999999999,-0.001998025038998091,-0.0011704967526167996,5.06903076171875,-1.2800006866455078
2024-10-07,-0.009081570901981272,0.050000000000000266,-0.0033935140367649104,-0.005546439110082104,-5.08880615234375,3.430000305175785
2024-10-08,0.00941320719075716,0.009999999999999787,-0.007399232494344503,0.00010970371752365722,5.2755126953125,-1.2199993133544957
2024-10-09,0.00690247597092669,0.019999999999999574,-0.0054610705017173605,0.0,3.90008544921875,-0.5599994659423864
2024-10-10,-0.0017515944258309486,0.03000000000000025,0.007316064767089658,-0.0029590431965937944,-0.99224853515625,0.0699996948242223
2024-10-11,0.005970302426428204,-0.009999999999999787,0.01085428686886074,-0.00086421555971023,3.38922119140625,-0.470001220703125
2024-10-14,0.00814529536083004,0.0,-0.0016308312397319176,-0.0007759235067422933,4.65667724609375,-0.7599983215332031
2024-10-15,-0.007800074963761271,-0.04999999999999982,0.0034623584364339233,-0.001484810288522294,-4.4600830078125,0.9399986267089879
2024-10-16,0.004336971876182105,-0.010000000000000675,0.0049891427128232555,-0.002299151620178001,2.4755859375,-1.05999946594239
2024-10-17,8.577972710240778e-05,0.07000000000000028,0.0059704521617615375,-0.001989764157045954,0.049072265625,-0.4699993133544922
2024-10-18,0.003839207141191209,-0.009999999999999787,0.010562207979593495,-0.003036945137003784,2.20062255859375,-1.0799999237060511
2024-10-21,-0.0016436612270650608,0.11000000000000032,-0.00019902108052380224,0.0036018577389630843,-0.94317626953125,0.3400001525878906
2024-10-22,-0.000531233343237344,0.009999999999999787,0.010729555523637746,-0.004684178358743221,-0.30450439453125,-0.1700000762939453
2024-10-23,-0.009179320377298883,0.040000000000000036,-0.012123752431615111,-0.0019021563077478245,-5.23614501953125,1.039999008178711
2024-10-24,0.0021603916004062384,-0.03000000000000025,0.007663817134299539,-0.0015536373352375663,1.22802734375,-0.15999984741211293
2024-10-25,-0.0003454350047973738,0.040000000000000036,0.0020548662166116312,0.004040108121261029,-0.196533203125,1.25
2024-10-28,0.00308676459298557,0.03000000000000025,3.945329776617785e-05,-0.0025512817216714694,1.75860595703125,-0.5300006866455043
2024-10-29,0.001616977490027728,0.0,0.010835937036952448,0.0018695482944515605,0.92340087890625,-0.45999908447265625
2024-10-30,-0.0030297094802197284,0.009999999999999787,0.005490789207931537,0.0003570095333019306,-1.72894287109375,1.010000228881836
2024-10-31,-0.01979807269106725,-0.009999999999999787,-0.015616471787270507,0.0035555281178905286,-11.16998291015625,2.809999465942383
2024-11-01,0.004211787635208497,0.08999999999999986,-0.004110813705942359,0.0024788833789448966,2.3577880859375,-1.2800006866455078
2024-11-04,-0.002156229673194798,-0.0600000000000005,0.0014248987496042703,-0.0010661677399955972,-1.20831298828125,0.10000038146972656
2024-11-05,0.012019187358455816,-0.04999999999999982,0.0022519104403699204,-4.3521069384201406e-05,6.7686767578125,-1.489999771118164
2024-11-06,0.024561468067612408,0.16000000000000014,-0.03085797669408563,0.005539332429711126,14.0875244140625,-4.219999313354492
2024-11-07,0.007702530339216293,-0.11000000000000032,0.015948645391861378,-0.01858962293453205,4.4896240234375,-1.0700006484985352
2024-11-08,0.004322282865576509,-0.009999999999999787,-0.0067924425881974865,0.005769485943921089,2.5345458984375,-0.26000022888183594
2024-11-11,0.0009523723239223555,0.0,-0.02375140115119195,-0.0074639193703969955,0.5599365234375,0.030000686645507812
2024-11-12,-0.0031112825784092575,0.1299999999999999,-0.008668821068980244,-0.004724823568674232,-1.8272705078125,-0.26000022888183594
2024-11-13,0.0004856515659483951,0.010000000000000675,-0.010132384997697268,-0.004479643966715406,0.28485107421875,-0.6899995803833008
2024-11-14,-0.006450779429981379,-0.010000000000000675,-0.002612551531378182,-0.004966864548694718,-3.7723388671875,0.28999996185302734
2024-11-15,-0.012891343001767624,0.0,-0.0017736414154014318,-0.003227449035962479,-7.4661865234375,1.8299989700317383
2024-11-18,0.004089010297291547,-0.009999999999999787,0.01884162282592499,0.00034760225258057047,2.3577880859375,-0.559999465942381
2024-11-19,0.0036488176777682395,-0.03000000000000025,0.00891942849470802,0.005789229842806905,2.11212158203125,0.7700004577636701
2024-11-20,0.00033874168050923445,0.020000000000000462,0.005616245032295766,0.0011979117760981743,0.19647216796875,0.8099994659423828
2024-11-21,0.005353773539560315,0.019999999999999574,0.008304918886222052,-0.005806694288349814,3.11407470703125,-0.28999900817871094
2024-11-22,0.0030946951873094025,-0.019999999999999574,0.012809813332372294,-0.0073132804671590685,1.80767822265625,-1.6300010681152344
2024-11-25,0.003386412252227037,-0.14000000000000057,-0.029901483187306007,0.0010054927377039545,1.9844970703125,-0.6399993896484357
2024-11-26,0.005207896253582305,0.03000000000000025,0.0019364331609546426,-0.0034002086829324754,3.0650634765625,-0.5
2024-11-27,-0.003034763474673077,-0.04999999999999982,0.0022202481870022992,0.00448025683300722,-1.78802490234375,0.0
2024-11-29,0.0061930564261678455,-0.07000000000000028,0.008587567442534243,0.006821511928736126,3.65460205078125,-0.5900001525878924
2024-12-02,0.0017906542793228823,0.010000000000000675,-0.0087929483026941,-0.0016992399754420314,1.0609130859375,-0.1700000762939453
2024-12-03,0.00046367504146472156,0.040000000000000036,0.0020107532444556663,-0.004167117568172117,0.2750244140625,-0.039999961853027344
2024-12-04,0.00619050582520635,-0.040000000000000036,0.00302908748607766,0.0009139811661724639,3.68408203125,0.14999961853027344
2024-12-05,-0.001647160499821848,-0.020000000000000462,-0.00742520820917337,0.0003153593821823031,-0.98248291015625,0.09000015258789062
2024-12-06,0.001893842296124981,-0.019999999999999574,0.0003705001517973534,0.006773005972460674,1.1297607421875,-0.7699995040893555
2024-12-09,-0.005162829096702721,0.04999999999999982,0.009870874002918592,-0.0019036466409963375,-3.0748291015625,1.419999122619629
2024-12-10,-0.003113962224766218,0.019999999999999574,0.013078415980993926,-0.0009714799294295593,-1.846923828125,-0.009999275207521308
2024-12-11,0.007701037591960257,0.040000000000000036,0.009488652360594872,-0.0021088709645177175,4.57806396484375,-0.600000381469723
2024-12-12,-0.0051660157765023515,0.0600000000000005,-0.01477229774782158,-0.002482680792263937,-3.074951171875,0.3400001525878871
2024-12-13,-0.0001986415474580235,0.08000000000000007,-0.01216527622337442,-0.0031261282522741423,-0.117919921875,-0.10999965667724432
2024-12-16,0.004260893044531318,-0.010000000000000675,0.00241229791280552,0.003430831714411384,2.5345458984375,0.8799991607666016
2024-12-17,-0.004128666588333671,0.010000000000000675,-0.003846011153453628,0.0006939144774902469,-2.4560546875,1.1800003051757812
2024-12-18,-0.030256520766793266,0.09999999999999964,-0.01937149963953233,-0.0021222625439105583,-17.69281005859375,11.750000953674316
2024-12-19,-0.0003071524575040355,0.07000000000000028,0.001420087931281009,-0.013892921674058333,-0.1768798828125,-3.530000686645508
2024-12-20,0.011939437265177957,-0.05000000000000071,0.01037999743966833,0.0014189884036627928,6.91571044921875,-5.729999542236332
2024-12-23,0.005970360891118923,0.07000000000000028,-0.004719916680210686,0.006551310157174737,3.48931884765625,-1.5799999237060511
2024-12-24,0.011053645228586095,0.0,0.001990032656870636,-0.002615307224549931,6.51544189453125,-2.510000228881836
2024-12-26,6.67273941121105e-05,-0.009999999999999787,0.0067284927019149185,-0.0006032264546446773,0.03955078125,0.45999908447265625
2024-12-27,-0.010582204633430983,0.040000000000000036,-0.006894214453703702,0.0022696037204858978,-6.23944091796875,1.2200002670288086
2024-12-30,-0.011477429982737765,-0.07000000000000028,-0.003194779040875952,0.0005943154668251187,-6.69305419921875,1.4499998092651367
