,pnl_linear,pnl_irs,pnl_straddle,pnl_total
2006-01-04,4109.362995647501,-945.6435633274232,169.21624518755607,3332.9356775076335
2006-01-05,-4430.1006470969,0.0,-96.50762478878505,-4526.608271885685
2006-01-06,9221.01734253695,1891.1059341728833,249.57612655020256,11361.699403260036
2006-01-09,3190.1825909587005,0.0,155.50964063758954,3345.69223159629
2006-01-10,-3472.9840260944,4724.59578881276,-109.94034728641111,1141.6714154319484
2006-01-11,3878.8389216924497,2832.5864930285898,229.1276234034143,6940.553038124453
2006-01-12,-2493.3001709022,-3777.1436821423413,-363.54231985315266,-6633.986172897694
2006-01-13,7491.134705186151,-5671.144533871891,-166.36183751258926,1653.6283338016706
2006-01-17,-1354.592621531925,-1891.830912487727,-64.17523234323141,-3310.5987663628835
2006-01-18,-6357.898340390202,0.0,-229.95113277199408,-6587.849473162196
2006-01-19,6912.561413716775,3782.93684666061,15.646745124215045,10711.145005501601
2006-01-20,-5015.375905107651,-945.4623708454601,267.8294258680367,-5693.008850085074
2006-01-23,6836.904343518175,-945.6435633274232,-374.7184027741497,5516.542377416602
2006-01-24,-1133.7863528734,3781.4873066852597,-359.89804643082834,2287.8029073810317
2006-01-25,90.03273830167488,8497.760881259048,-286.986037670502,8300.807581890222
2006-01-26,-936.88471810935,3772.08557247126,-148.42072946633778,2686.780124895572
2006-01-27,-1123.651395660325,-942.7507210762124,286.8257114709607,-1779.5764052655766
2006-01-30,3776.369762050475,1885.3210804302944,-86.39216763904045,5575.29867484173
2006-01-31,-100.6049045987,-942.570359354082,-450.05124031227695,-1493.2265042650588
2006-02-01,-715.3288478735749,3769.199784522527,115.9554437203667,3169.826380369319
2006-02-02,-1333.5595390696749,0.0,-540.2866106909414,-1873.8461497606163
2006-02-03,-3786.9287164673997,-2826.629425168445,-293.3928579472109,-6906.950999583056
2006-02-06,-71.89631157804993,942.39004938578,-175.60393093566518,694.8898068720649
2006-02-07,-11420.699724231523,1884.2393757826649,110.81040468461367,-9425.649943764245
2006-02-08,2577.1331847284,-942.0295846312656,-588.6291608394885,1046.4744392576458
2006-02-09,6512.364333280801,-1884.5998405371793,-179.68850028167083,4448.075992461951
2006-02-10,-8353.64741294165,4710.148181627592,-318.51253083560493,-3962.0117621496624
2006-02-13,-5280.769089368975,-941.6693266539078,-217.69493974306897,-6440.133355765952
2006-02-14,5914.090935177301,3765.597204157384,-57.79376656156643,9621.894372773118
2006-02-15,-2669.377106301875,-941.1293270499154,191.70831016050192,-3418.798123191288
2006-02-16,5696.6082564855005,-1882.798550453561,-420.6497885406293,3393.1599174913104
2006-02-17,2910.5528849311504,-4710.148181627592,105.75922840803287,-1693.8360682884086
2006-02-21,-491.91874985562504,2826.629425168445,65.7511123116592,2400.4617876244793
2006-02-22,3359.7271687581497,-3769.199784522527,-262.9655159479114,-672.4381317122886
2006-02-23,-4027.592752738225,2827.1701998912613,-142.72394207928585,-1343.1464949262495
2006-02-24,3948.5437473107995,1883.8790144365048,-225.5656876523915,5606.857074094913
2006-02-27,-2871.7452567003,941.6693266539078,-38.94324512481262,-1969.019175171205
2006-02-28,4111.284988204575,-3767.758132241812,104.06197120956051,447.5888271723235
2006-03-01,1641.483125206125,3767.758132241812,-366.1694374400213,5043.071820007915
2006-03-02,4300.8799175749755,4705.646893227764,-43.30877640916242,8963.218034393576
2006-03-03,-3661.78261817975,3761.2809213809087,-96.99322245720055,2.5050807439581604
2006-03-06,-7272.947587474025,5636.534785372845,200.77372016575623,-1435.639081935423
2006-03-07,-4174.199708982175,0.0,-128.88106494730778,-4303.080773929483
2006-03-08,-3072.5909245275748,-938.9739669194096,-289.4456305014472,-4301.010521948431
2006-03-09,-673.2286070548249,938.9739669194096,196.97461834054764,462.7199782051323
2006-03-10,123.85821765135003,1877.4101480616082,-652.6766890337399,1348.5916766792184
2006-03-13,3644.554564363575,938.4362838024972,-299.5770579224484,4283.413790243624
2006-03-14,7687.302982544726,-5633.306375197222,-8.736714307964633,2045.2598930395388
2006-03-15,2872.1334509394496,1878.4859764137072,351.9092684349374,5102.5286957880935
2006-03-16,5234.192213476275,-7518.251948027872,191.99020507980435,-2092.0695294717916
2006-03-17,-952.177887137575,2820.6911295744358,-39.89072315917497,1828.6225192776858
2006-03-20,-287.00690676100004,-1880.2810797500715,-378.0642228949844,-2545.3522094060563
2006-03-21,-5286.114319440375,4699.3559217898,-696.7281265308927,-1283.4865241814675
2006-03-22,859.9527109817749,-939.512112272263,245.47908194100643,165.91968065051827
2006-03-23,-3610.617892932125,2817.9980886859703,-382.1527699625591,-1174.7725742087136
2006-03-24,7171.650328210225,-5637.611538844387,-96.95165273470963,1437.0871366311285
2006-03-27,1622.7335118180747,2819.6134501584165,-310.3235525878105,4132.02340938868
2006-03-28,-4229.3535550551,8449.153731121653,-732.3984389917441,3487.401737074809
2006-03-29,6196.4000288640245,1875.6191534913378,266.67444980268584,8338.693632158049
2006-03-30,8267.710650966075,4685.917678198661,-444.43304352839164,12509.195285636344
2006-03-31,-2990.2241497239497,0.0,-178.87525764233203,-3169.099407366282
2006-04-03,1611.725190898325,1873.1160635086708,-27.881484890315278,3456.959769516681
2006-04-04,3505.3755352254507,-936.468725181272,-91.09602482372736,2477.810785220451
2006-04-05,3425.35149659685,-2810.4780588615686,73.88109813241073,688.7545358676923
2006-04-06,144.10074150192526,5619.348599291028,-22.93994395406429,5740.509396838889
2006-04-07,-9071.5206152165,6547.78754254806,-83.55979408827352,-2607.292866756713
2006-04-10,5318.644680572175,0.0,-119.75521012989532,5198.88947044228
2006-04-11,-3409.8746843137246,-3740.523141758691,220.66573220062935,-6929.732093871787
2006-04-12,951.9658234028502,4675.208541989123,-240.31111680589845,5386.863248586074
2006-04-13,-1325.764374932575,6537.815185485757,-258.90673323789315,4953.144077315288
2006-04-17,10371.850889702526,-3734.8270949558355,-31.255076818823113,6605.768717927867
2006-04-18,10123.123383483924,-1868.4807425712643,-356.95841249329874,7897.684228419361
2006-04-19,7554.050429213026,4669.867735562846,-47.321189350078896,12176.596975425793
2006-04-20,-12458.938010980248,0.0,70.0191533024821,-12388.918857677765
2006-04-21,10232.590257946176,-2801.386992991582,-135.73446798363165,7295.468796970963
2006-04-24,-5386.0620977029,-1868.4807425712643,-194.19910356936043,-7448.7419438435245
2006-04-25,2735.0148511205,7469.65500247106,-337.3507031697045,9867.319150421856
2006-04-26,3774.85766565635,4662.760884640389,-134.58570002197234,8303.032850274765
2006-04-27,824.097444340975,-2797.1241001950693,121.75434029173005,-1851.2723155623644
2006-04-28,11656.121495338526,-1865.6367844453198,32.423823347208724,9822.908534240414
2006-05-01,-4241.05656818965,6526.623491256876,-414.66310211439605,1870.9038209528305
2006-05-02,8288.043989758175,-1863.862606616487,138.8749201294246,6563.0563032711125
2006-05-03,-1495.584917134225,2795.528023675637,-454.4623772999543,845.4807292414578
2006-05-04,6086.238545673999,931.4882269835798,67.16126130185529,7084.888033959434
2006-05-05,5203.802823351975,-3727.016250659217,840.5793630782696,2317.365935771028
2006-05-08,-2256.2903525213,0.0,-270.60143995125327,-2526.8917924725533
2006-05-09,9378.969623410276,932.0199489187507,156.35544932606217,10467.345021655088
2006-05-10,2638.288211671,0.0,-214.08081207418485,2424.2073995968153
2006-05-11,337.8831199361749,931.8426576977363,-1865.7075004547146,-595.9817228208035
2006-05-12,-2395.6434235955,4656.555689883418,-669.3180913435555,1591.5941749443632
2006-05-15,-15079.315020349175,-3724.8902728242683,-382.625424610211,-19186.830717783654
2006-05-16,6149.5283231378,-4660.099997602112,-247.3669746787408,1242.0613508569468
2006-05-17,-9312.07515567225,5591.588224585692,1461.695538702102,-2258.791392384456
2006-05-18,95.01855880422478,-7456.8699708660715,403.9408979128538,-6957.910514148993
2006-05-19,-7103.57875732285,-2799.2543293774943,-318.013116255365,-10220.846202955709
2006-05-22,-966.294515757575,-933.4401019642537,396.36713309240434,-1503.3674846294243
2006-05-23,732.9456265631751,2799.7872669082135,516.1691371602401,4048.902030631629
2006-05-24,-6708.920370048526,-3733.405116202164,-946.4544178489973,-11388.779904099689
2006-05-25,5858.534072403875,3733.405116202164,-1369.4110663645347,8222.528122241505
2006-05-26,1637.4308632535501,-933.0847595533996,-741.0061742596668,-36.66007055951627
2006-05-30,-2432.729764938725,2798.7215439987194,2192.3751016477554,2558.3668807077497
2006-05-31,-2351.5300228043498,2797.1241001950693,-1469.8631726418084,-1024.2690952510889
2006-06-01,-3887.0510264857503,-932.1972907414311,-1072.7525811579142,-5892.000898385096
2006-06-02,8256.7322551164,-10265.88924981089,-233.17161518430396,-2242.328609878795
2006-06-05,-5322.5206889426,1868.124892310705,1027.5652857766177,-2426.830510855277
2006-06-06,-4870.9454566878,-933.9734962985676,182.61236525057,-5622.306587735798
2006-06-07,-3692.62937928105,933.9734962985676,471.90762158538746,-2286.748261397095
2006-06-08,-8445.01429541855,-1868.124892310705,54.57439029804334,-10258.564797431212
2006-06-09,-2231.805137990275,-1868.836694517784,63.24409621210236,-4037.397736295957
2006-06-12,-5681.699983778274,934.5073479586572,1554.2679456160506,-3192.9246902035666
2006-06-13,-21109.66458292425,-1869.192748189089,1690.5336863824552,-21288.323644730885
2006-06-14,169.69381760854992,7472.500585716189,-1439.7871664453241,6202.407236879414
2006-06-15,12827.510773662902,4664.536075657874,-3463.440480511931,14028.606368808843
2006-06-16,-320.66837362565013,2796.591922845226,918.4779257571023,3394.401474976678
2006-06-19,-9327.967880760276,931.8426576977363,1039.0629117045194,-7357.06231135802
2006-06-20,4974.74934854295,931.6654170591501,-651.0292868610144,5255.385478741086
2006-06-21,7693.3137788503245,931.4882269835798,-1255.6387308496237,7369.163274984281
2006-06-22,-6004.663953360099,3724.1820177691116,665.6522464913924,-1614.8296890995953
2006-06-23,-350.6255745227998,2791.278492268786,22.61388353576077,2463.2668012817467
2006-06-26,3489.11738906975,1859.968312821351,-737.9831460244013,4611.1025558667
2006-06-27,-4498.46056626725,-3720.643770709925,-16.97043690600708,-8236.074773883183
2006-06-28,-191.03960814885014,3720.643770709925,-230.71084202533143,3298.8933205357434
2006-06-29,16831.88766005995,-2790.217623429926,64.60040849260196,14106.270445122627
2006-06-30,10311.969754715661,-6516.6994264129025,-75.22541468122768,3720.044913621531
2006-07-03,5101.247193562225,0.0,317.85103910608115,5419.098232668306
2006-07-05,-2154.9017103260494,7446.948737021477,-320.85194981693377,4971.195076878495
2006-07-06,4404.454045722626,-3722.058464197209,2.587150427530105,684.9827319529468
2006-07-07,-1467.414075868,-4656.555689883418,-617.2378045774991,-6741.207570328918
2006-07-10,-3329.9255788844994,-931.8426576977363,61.21430078383128,-4200.553935798404
2006-07-11,8934.900808891276,-2796.591922845226,53.9966253146531,6192.305511360703
2006-07-12,757.0475627765245,0.0,-665.5983159662497,91.44924681027476
2006-07-13,-1421.1342169948505,-1865.2817462803796,346.11554445110215,-2940.3004188241275
2006-07-14,-687.317776825325,-932.9071644335345,-123.55882703666055,-1743.78376829552
2006-07-17,-10404.897416476748,0.0,21.439413956343856,-10383.458002520403
2006-07-18,-4147.810951321525,5594.78083355914,-473.0190565051089,973.950825732506
2006-07-19,11412.520037841976,-6527.8655931125395,-379.2204740786005,4505.433970650836
2006-07-20,-6405.47417923885,-2800.3203566487646,-326.7083688169308,-9532.502904704546
2006-07-21,-3822.1242527309746,1867.0579512582044,-8.794836631167868,-1963.8611381039382
2006-07-24,579.4646875792748,0.0,-26.131897681921146,553.3327898973537
2006-07-25,1519.37539059865,1866.3471649439598,133.62649334884935,3519.349048891459
2006-07-26,5323.0359315051,-2799.7872669082135,-66.93475075667266,2456.313913840214
2006-07-27,3001.800767006975,2799.7872669082135,-208.78068172955722,5592.807352185631
2006-07-28,5086.13446357045,-6535.325655911933,1041.5305730056996,-407.66061933578317
2006-07-31,793.5915107651999,-934.3293465591269,-210.9651883606478,-351.70302415457473
2006-08-01,4272.456506073426,0.0,-828.3333472129151,3444.1231588605106
2006-08-02,3018.6781601833,-2804.0562515826023,826.3541985214626,1040.9761071221603
2006-08-03,-1582.76795729265,0.0,358.1435154202328,-1224.6244418724173
2006-08-04,2980.601573735425,-4676.990846974455,-367.0721456266417,-2063.4614188656715
2006-08-07,-1235.2139845617,1871.3312086092774,-462.15694462013346,173.96027942744388
2006-08-08,-4008.2675243268745,0.0,-727.0487671223887,-4735.316291449263
2006-08-09,3703.6437414848,-935.5764253488451,-220.0637159686778,2548.003600167277
2006-08-10,-6165.30041463175,935.5764253488451,-400.52359112229396,-5630.247580405199
2006-08-11,-4981.1687337270505,3740.523141758691,-265.3515914966391,-1505.9971834649987
2006-08-14,-2116.4968087520997,2803.5220947482157,-123.79428059820441,563.2310053979116
2006-08-15,4539.43227708055,-6544.045236506907,1.6741589177087235,-2002.938800508648
2006-08-16,6056.303000299426,-5616.134941218828,125.80988740820942,565.9779464888067
2006-08-17,-5550.8847007696,0.0,82.5114009400636,-5468.373299829536
2006-08-18,1901.645180248925,-2810.4780588615686,283.20913004534987,-625.6237485672937
2006-08-21,5774.177342278751,-1874.5457866362121,-417.20976637756024,3482.4217892649785
2006-08-22,-2681.9646056063584,0.0,-122.1326105633338,-2804.0972161696923
2006-08-23,-2429.154792082575,0.0,-331.4432278032413,-2760.5980198858165
2006-08-24,-665.348877160775,-937.5411710282788,-197.58288521603617,-1800.4729334050899
2006-08-25,628.428596358675,-1875.6191534913378,-18.04256227406853,-1265.2331194067315
2006-08-28,-1282.42745002875,937.899062392331,390.06926825703306,45.540880620614075
2006-08-29,968.4778961924,-937.899062392331,57.60472326193877,88.18355706200776
2006-08-30,2649.451602943425,-2814.7715274546645,-40.259719232832225,-205.57964374407183
2006-08-31,3189.4317523722248,-1877.4101480616082,-109.13554236784506,1202.8860619427714
2006-09-01,1782.6573546993752,-938.9739669194096,690.6932259376664,1534.3766137176322
2006-09-05,3871.88714042875,4693.077557508077,283.4221287170209,8848.386826653847
2006-09-06,-4472.060483227025,1875.9771473199362,-1201.6295243341642,-3797.7128602412527
2006-09-07,-9157.917961647576,0.0,-677.2595253544899,-9835.177487002065
2006-09-08,-2709.677627697175,-1875.9771473199362,88.53442193637662,-4497.120353080734
2006-09-11,-8460.494798955473,1875.9771473199362,-14.581125170213483,-6599.09877680575
2006-09-12,2077.264540314375,-1875.9771473199362,1375.6886591459959,1576.9760521404348
2006-09-13,2568.166918463075,-938.257158724562,639.1194006845006,2269.0291604230138
2006-09-14,-6130.620160425344,1876.3352436521673,-27.375183491246347,-4281.660100264423
2006-09-15,-67.61878963552513,937.899062392331,388.4540757054804,1258.7343484622863
2006-09-18,4666.910340808875,937.7200910990068,213.90299059805608,5818.533422505938
2006-09-19,-5412.43068408175,-6567.80082900761,-495.4046786199759,-12475.636191709336
2006-09-20,3088.97071193445,-938.9739669194096,941.159885043061,3091.156630058101
2006-09-21,5394.899918379975,-7518.251948027872,166.2250171431765,-1957.12701250472
2006-09-22,2724.7391628426253,-4704.747409876756,7.31345842351061,-1972.6947886106202
2006-09-25,1676.559547767625,-3767.0376162478933,-139.92369521811554,-2230.4017636983835
2006-09-26,1320.171644143025,2825.5483410904126,83.77231081977499,4229.492296053213
2006-09-27,5126.882386549775,941.4892751574807,4.174679668857095,6072.546341376113
2006-09-28,-464.7393225982,2823.3880327454826,-78.24452027040962,2280.404189876873
2006-09-29,-2636.3289923733496,940.7695853248006,-65.6784101870258,-1761.2378172355748
2006-10-02,-274.0762862541999,-1881.7190157242876,-111.55859436749438,-2267.3538963459814
2006-10-03,-8415.817439430975,0.0,-131.47052061654563,-8547.28796004752
2006-10-04,356.56635371115,-4707.446633962623,761.5900795094249,-3589.290200742048
2006-10-05,1694.545931760425,3766.317306912708,144.2321061942451,5605.095344867378
2006-10-06,-3174.6848750527997,8463.691993922577,-374.3819085946143,4914.625210275163
2006-10-09,1310.4483632501249,0.0,-5.44272075872243,1305.0056424914023
2006-10-10,-3431.820204930575,4695.7667434857285,15.442310840626305,1279.3888493957797
2006-10-11,-1286.8126389687502,2815.308902708319,-232.73681976311167,1295.7594439764569
2006-10-12,5692.583948806425,938.0780849276052,1010.5214078807841,7641.183441614814
2006-10-13,3771.114274447374,1875.6191534913378,288.3378177507847,5935.071245689497
2006-10-16,4078.5201999871506,-1875.6191534913378,219.03157633089876,2421.9326228267114
2006-10-17,-2641.3883450755247,-938.0780849276052,-531.4816735583232,-4110.9481035614535
2006-10-18,-106.18555599520003,-938.257158724562,93.2077339620836,-951.2349807576785
2006-10-19,5412.858425889801,1876.3352436521673,173.14480161012557,7462.338471152094
2006-10-20,-2889.10891895525,0.0,-38.125182613671704,-2927.2341015689217
2006-10-23,-5221.815690088226,3750.522626680002,802.8916083044102,-668.4014551038139
2006-10-24,3008.51288568955,0.0,509.0995213346421,3517.612407024192
2006-10-25,5419.283400580301,-4688.600711607607,610.1369595469564,1340.81964851965
2006-10-26,5410.426632095774,-4693.077557508077,561.0562461025293,1278.4053206902263
2006-10-27,670.4434210624503,-4697.560818453436,-1249.5018978101698,-5276.619295201155
2006-10-30,1541.6620366795999,0.0,-176.30771634751062,1365.3543203320892
2006-10-31,3454.1303461688503,-6584.129264155112,-64.51973866899863,-3194.51865665526
2006-11-01,3533.0996287484,-3766.317306912708,-1333.3705740903144,-1566.5882522546224
2006-11-02,1934.7867031347002,2825.0080316166277,-164.8825461706167,4594.912188580712
2006-11-03,-2247.697741246375,11283.846060586628,-274.8908871427034,8761.25743219755
2006-11-06,1761.51798969895,-939.3326790957071,356.4759578845269,1178.6612684877698
2006-11-07,3459.2206495431,-4699.3559217898,134.33776667197606,-1105.7975055747238
2006-11-08,-3065.819520636525,-1880.9998416308372,-66.3461233830418,-5013.165485650405
2006-11-09,7485.905040686075,-1881.7190157242876,-408.23260977727927,5195.953415184508
2006-11-10,-765.6262703897999,-2823.9278775034763,-172.88894724286763,-3762.443095136144
2006-11-13,-1254.8949122464749,1882.798550453561,106.92896667528373,734.8326048823698
2006-11-14,-114.91322486427501,-3766.317306912708,495.49231294972884,-3385.738218827254
2006-11-15,1088.6687107764749,3766.317306912708,190.0314063153914,5045.0174240045735
2006-11-16,-2748.607170402725,4703.84818440504,209.66131411701028,2164.9023281193254
2006-11-17,3977.6779806406503,-4703.84818440504,-75.94511687787531,-802.1153206422653
2006-11-20,-370.16433403699995,-941.3092752960802,-23.42566355602571,-1334.8992728891058
2006-11-21,3170.424757416225,-1883.1586018113885,49.15191891915427,1336.4180745239908
2006-11-22,3610.824626739125,-941.8494298052392,269.02241033436167,2937.9976072682475
2006-11-24,5779.537008801774,-1884.2393757826649,-594.7524510489934,3300.545181970116
2006-11-27,-1521.8100221868497,-942.39004938578,-1251.325860384341,-3715.525931956971
2006-11-28,2365.2051426721255,-2828.252215001965,41.33764564402043,-421.70942668581904
2006-11-29,-382.56335785265014,942.9311345716706,1052.2446804271972,1612.6124571462176
2006-11-30,8190.713292969651,-5660.294823325123,-22.132002853233246,2508.286466791295
2006-12-01,667.6453214896749,-2832.5864930285898,-335.0167580160033,-2499.9579295549183
2006-12-04,1777.5571707934,0.0,1088.6588352796362,2866.216006073036
2006-12-05,-782.4308539963499,1888.5717891289096,711.6480213301006,1817.7889564626603
2006-12-06,-5635.0579664859,2831.501989931945,-222.70919603294726,-3026.265172586902
2006-12-07,-1035.7845254035005,943.4726858978102,-821.2221722555855,-913.5340117612759
2006-12-08,-1378.7796339693002,6599.255772362521,229.92790438313727,5450.404042776358
2006-12-11,905.124098199075,-3769.9209209674736,485.80808180737466,-2378.988740961024
2006-12-12,694.8013665965501,-2829.3348513950477,-194.8405437230374,-2329.3740285215354
2006-12-13,-2445.66675559755,8483.134786799026,170.1866280869062,6207.654659288382
2006-12-14,-809.3579604877001,1883.1586018113885,1705.3101097190176,2779.1107510427064
2006-12-15,-5561.468969772578,0.0,-47.86240807827369,-5609.331377850852
2006-12-18,-267.70954865885,0.0,135.462094113322,-132.247454545528
2006-12-19,5429.34338720605,0.0,-220.727089760274,5208.616297445776
2006-12-20,-1309.318609042825,0.0,-134.3708501982519,-1443.689459241077
2006-12-21,-1050.7551040959,-4709.247407399293,-8.12274761591425,-5768.125259111106
2006-12-22,-2475.950900256175,7532.635440144775,379.8761552368006,5436.5606951254
2006-12-26,2489.5336896619247,-1882.0787574494025,-232.0897425804418,375.3651896320804
2006-12-27,2224.2083222378997,4703.84818440504,-314.5149457209584,6613.541560921982
2006-12-28,2052.089915841525,3759.843809517537,-5.502877065879375,5806.430848293183
2006-12-29,1016.90169062655,939.512112272263,105.11359705699874,2061.527399955812
2007-01-03,-5403.981413507874,-3759.1255624306796,99.93107409387392,-9063.17590184468
2007-01-04,-2593.529480838125,-4702.949216714245,-377.68900839024866,-7674.167705942619
2007-01-05,-10961.775515972424,2822.3088075307605,313.7408667862758,-7825.725841655388
2007-01-08,3677.2366881104,940.4100498243643,-335.7473699249027,4281.899368009861
2007-01-09,424.9225310757748,0.0,-153.65823470085616,271.2642963749187
2007-01-10,-1761.4491581433751,2820.1522126503405,-380.9856022489413,677.7174522580241
2007-01-11,-277.6560095498748,4696.663652472576,-378.35900525173827,4040.6486376709636
2007-01-12,8285.5003626326,2815.8464318641054,-131.1390632656355,10970.20773123107
2007-01-16,-1115.4856089462999,-1877.0517439837568,-59.00714113894878,-3051.544494069006
2007-01-17,2691.6804676413503,3753.386987635924,-188.22539568392926,6256.842059593345
2007-01-18,-1622.7114598342,-3753.386987635924,-217.42076862642534,-5593.519216096549
2007-01-19,3205.4062062667,2815.308902708319,-243.77658595193452,5776.938523023084
2007-01-22,-1795.3717497691248,-1876.6934425270592,-171.05828456060124,-3843.1234768567856
2007-01-23,7360.205509464449,4690.390680946002,-223.50308199601443,11827.093108414438
2007-01-24,1267.8384413764004,0.0,366.8605995586276,1634.699040935028
2007-01-25,-5423.4789231645,5622.5650165260595,-695.93727376013,-496.8511803985705
2007-01-26,-43.485708692825,936.468725181272,-282.65024897231683,610.3327675161302
2007-01-29,-1230.6885717475752,1872.4018152481876,-233.05891710960225,408.65432639101016
2007-01-30,3360.02628927155,-1872.4018152481876,-341.12820668821087,1146.4962673351515
2007-01-31,6051.8542094005,-4684.130268518667,429.4142326768355,1797.1381735586679
2007-02-01,2731.85065077315,937.1834844758268,-58.846353323545486,3610.1877819254314
2007-02-02,-4128.7609709551,-937.1834844758268,-178.31068573364917,-5244.255141164575
2007-02-05,-157.51399016012502,-1874.903473188664,157.53966583558565,-1874.8777975132034
2007-02-06,3633.1583301547503,-3751.954397143505,-44.48198046023322,-163.278047448988
2007-02-07,1231.6093669320999,-2815.8464318641054,-183.13541170064696,-1767.3724766326525
2007-02-08,3478.2974220441747,-938.9739669194096,-107.00941479940695,2432.3140403253583
2007-02-09,-984.6475300341998,5631.155642435682,53.21345081976858,4699.721563221251
2007-02-12,-3742.5037120597754,937.899062392331,150.77246435892278,-2653.8321853085217
2007-02-13,3892.18459781605,1875.2612621272856,-675.416735495503,5092.029124447832
2007-02-14,7132.617523852199,-7505.342000035889,124.50204290216504,-248.222433281525
2007-02-15,778.6040399717999,-3756.97205560538,-37.44242593506897,-3015.810441568649
2007-02-16,19.84328436717501,-939.6915968671965,-235.28125454137694,-1155.1295670413983
2007-02-20,-3228.9759847374503,-939.871132900269,121.38052071335181,-4047.466596924367
2007-02-21,7385.6491173107,939.871132900269,-172.9341717866575,8152.5860784243105
2007-02-22,-1833.860732790675,3757.689685553167,-193.83159584120335,1729.9973569212884
2007-02-23,2967.5679815831245,-4697.560818453436,-231.62674631566915,-1961.6195831859804
2007-02-26,2433.438702596,-4702.050506705709,23.200909310745033,-2245.4108947989644
2007-02-27,-17217.90879951525,-12246.389304393204,4231.737847719188,-25232.560256189267
2007-02-28,5679.887284194026,5655.963655399828,-2005.2390492207123,9330.61189037314
2007-03-01,-4130.826306626024,0.0,266.2495342623714,-3864.5767723636527
2007-03-02,-10727.035262907026,-3769.9209209674736,2099.554837046302,-12397.401346828197
2007-03-05,-6807.995491621149,-942.9311345716706,1448.9414664311616,-6301.985159761658
2007-03-06,9686.115233828601,1885.681855647883,-3176.296988645159,8395.500100831325
2007-03-07,1551.689558344925,-2828.7934555085667,-36.07321027036292,-1313.1771074340047
2007-03-08,2079.8458815704503,943.1115998606838,-1513.6273918044942,1509.3300896266398
2007-03-09,-2727.063171718425,7538.400396629557,-175.59640384973818,4635.740821061394
2007-03-12,2897.4209086925002,-2825.5483410904126,-351.2481924141895,-279.3756248121018
2007-03-13,-6297.385574945949,-5655.963655399828,3653.9702632214153,-8299.378967124361
2007-03-14,3241.056998806725,2828.7934555085667,-1422.1831201161503,4647.667334199142
2007-03-15,1132.9377056901249,942.570359354082,-241.81260435387753,1833.6954606903294
2007-03-16,2415.9231569417,942.39004938578,-24.839737374406923,3333.4734689530733
2007-03-19,3033.38155219215,2826.088805587904,-818.0109937261193,5041.459364053934
2007-03-20,3823.765476529975,-1883.8790144365048,-375.3508258329745,1564.5356362604955
2007-03-21,8093.5476662530245,-2827.1701998912613,1266.1803872551084,6532.557853616871
2007-03-22,-2474.334694896675,6594.207816139155,35.62948926017029,4155.502610502649
2007-03-23,-3049.0469900229255,1882.4386023459956,96.51539425096445,-1070.0929934259655
2007-03-26,3168.0478600216998,-1882.4386023459956,-221.372728133872,1064.2365295418322
2007-03-27,-565.7561130673,1882.4386023459956,-319.9634242050564,996.7190650736392
2007-03-28,-1465.55079032455,0.0,-412.62231934337024,-1878.1731096679202
2007-03-29,-1241.4211830794252,1881.7190157242876,15.317559502491918,655.6153921473543
2007-03-30,544.710786570575,940.5897918064729,-305.0526913428371,1180.2478870342109
2007-04-02,1184.57628167125,0.0,-61.611131524131224,1122.9651501471187
2007-04-03,1545.027146026925,1880.6404091834847,974.551302271621,4400.218857482031
2007-04-04,5282.319039400275,-940.2303593591205,13.271268236596967,4355.359948277752
2007-04-05,1312.050686262025,1880.2810797500715,329.77935326443486,3522.1111192765316
2007-04-09,-2918.0811094790497,6575.329473253194,120.26226159423459,3777.510625368379
2007-04-10,4602.452212327375,-1877.7686547997582,54.50142945323222,2779.1849869808484
2007-04-11,-1475.4083774297249,938.9739669194096,-699.7329291301355,-1236.1673396404508
2007-04-12,1964.8531771027997,0.0,597.1349427216932,2561.988119824493
2007-04-13,4419.0897992941245,1877.4101480616082,756.3618193483759,7052.861766704109
2007-04-16,4840.184947812675,-1877.4101480616082,1829.1524930031394,4791.927292754206
2007-04-17,1049.0008971456,-4696.663652472576,500.3197141380973,-3147.343041188879
2007-04-18,3043.767726570575,-2820.1522126503405,210.7358709790894,434.3513848993241
2007-04-19,-3034.3815118810244,1880.2810797500715,-97.52633648485975,-1251.6267686158126
2007-04-20,5722.265903776874,0.0,1915.0268518518096,7637.292755628684
2007-04-23,-2129.2273314623,-1880.2810797500715,-826.9889253123334,-4836.497336524705
2007-04-24,-410.3435494618999,-2821.7694269556378,45.64366501692163,-3186.469311400616
2007-04-25,2779.2752567435505,2821.7694269556378,1876.0476110158563,7477.092294715045
2007-04-26,-5142.059711507775,2820.1522126503405,200.6097942399361,-2121.2977046174988
2007-04-27,3578.27489658655,1879.2037091394595,-207.57043460666404,5249.908171119346
2007-04-30,-2798.6708597367997,-7521.125348745438,529.7486262310969,-9790.04758225114
2007-05-01,-1779.9518450518772,940.7695853248006,-461.1643706458466,-1300.3466303729233
2007-05-02,806.8590373965499,940.5897918064729,-104.8109768626091,1642.6378523404137
2007-05-03,3582.095527790475,2820.6911295744358,229.91265952242657,6632.699316887338
2007-05-04,4766.4682940943,-2820.6911295744358,98.38088900212938,2044.158053521994
2007-05-07,684.42126145575,-940.5897918064729,-5.516043043840568,-261.6845733945635
2007-05-08,-2779.500078688625,-940.7695853248006,-229.48125080536386,-3949.750914818789
2007-05-09,-1981.2716440033746,3761.9997863147582,-27.70701807903464,1753.021124232349
2007-05-10,-8240.00206922695,-1880.6404091834847,-650.1816552296091,-10770.824133640044
2007-05-11,4018.3170000525,1880.6404091834847,205.7688101705608,6104.726219406546
2007-05-14,-1144.18212516995,1879.92185329122,75.28125354375703,811.020981665027
2007-05-15,1992.077786993775,1879.2037091394595,-120.59512841041453,3750.68636772282
2007-05-16,-3332.7077263814754,0.0,319.5898746727792,-3013.117851708696
2007-05-17,-3727.9322944085498,4694.870091394725,-371.81174483463053,595.1260521515447
2007-05-18,3500.8373992347247,4690.390680946002,738.5137802700257,8929.741860450753
2007-05-21,-94.78092380027492,-1875.6191534913378,-72.89299831298734,-2043.2930756046
2007-05-22,-2951.50927904435,3750.522626680002,-316.86759527320874,482.1457523624431
2007-05-23,956.3696763288001,2811.0142050099967,-81.66930807042405,3685.7145732683725
2007-05-24,-5490.780020112975,0.0,-1124.4678167837776,-6615.247836896752
2007-05-25,1871.308935858075,0.0,132.77791834460828,2004.0868542026833
2007-05-29,771.2385823727002,1873.1160635086708,397.93514504802727,3042.289790929398
2007-05-30,665.5557557555501,0.0,1147.4764636103441,1813.0322193658942
2007-05-31,3242.2702472531505,1872.4018152481876,-286.16985105803394,4828.502211443305
2007-06-01,3304.10192203395,4677.882381686999,851.5368495123195,8833.521153233269
2007-06-04,1737.9954920671753,-1870.6179808976303,-34.70070582395124,-167.32319465440628
2007-06-05,-1912.292991245,4675.208541989123,-885.4203662271206,1877.4951845170021
2007-06-06,-2931.0067315615247,-934.6854002304317,-2111.4980038126623,-5977.190135604618
2007-06-07,-12636.153362563724,13069.411344559107,-2249.4727317252946,-1816.214749729912
2007-06-08,-1586.1152979087499,932.1972907414311,879.5001364889501,225.58212932163133
2007-06-11,1560.4012442432747,1863.862606616487,148.8631288788227,3573.126979738585
2007-06-12,-7791.100996939724,11168.301569876523,523.1330999297228,3900.333672866522
2007-06-13,6277.820953917924,-5580.965908064682,-544.8372797815892,152.01776607165345
2007-06-14,2035.2572985183251,2791.278492268786,-143.740147284511,4682.7956435026
2007-06-15,4658.086409696125,-6515.460510037898,611.9393529402544,-1245.4347474015183
2007-06-18,656.57791199705,-931.4882269835798,-490.5270035664202,-765.43731855295
2007-06-19,4015.9934284178757,-5592.652123870706,-50.29484159931741,-1626.953537052148
2007-06-20,-7786.628537821451,4660.986706811556,-765.2347892868434,-3890.8766202967377
2007-06-21,456.80672293952483,1863.1536440427299,99.7578648161408,2419.718231798395
2007-06-22,664.6365279855253,-1863.1536440427299,-175.64295253266948,-1374.1600685898738
2007-06-25,-1800.080459921075,-4660.986706811556,15.745163675617846,-6445.322003057014
2007-06-26,-6037.1266878449505,932.5521262685943,659.2141786157129,-4445.360382960644
2007-06-27,3808.5511994844,-932.5521262685943,-1383.9356845985121,1492.0633886172936
2007-06-28,1969.8846304444253,2797.1241001950693,-195.21687977011482,4571.791850869379
2007-06-29,3069.520013618875,-8396.166000842553,108.81630065377124,-5217.829686569907
2007-07-02,7351.343256109574,-2801.9205397097685,136.19813010363657,4685.620846503442
2007-07-03,-1339.7895843361252,4668.978490967973,17.688125718734682,3346.8770323505823
2007-07-05,-3195.989216466825,10256.124300243566,-123.93418652541754,6936.200897251323
2007-07-06,3373.20261666035,2793.4020458406885,221.21136033931066,6387.816022840349
2007-07-09,2602.367506209975,-2793.4020458406885,40.50362297041943,-150.530916660294
2007-07-10,1484.1304989216749,-12123.18225150177,-1018.4289862879154,-11657.480738868011
2007-07-11,140.5606168287999,5599.041900647484,86.32893047897738,5825.931447955261
2007-07-12,6024.161691647274,3729.14404911382,1801.759495921175,11555.065236682269
2007-07-13,1286.0082460198,-1864.2172396601818,349.3913438958067,-228.81764974457508
2007-07-16,18.186082147350017,-5596.910758842918,-116.31525458733094,-5695.039931282899
2007-07-17,-683.9582346222749,2799.2543293774943,-230.10175906735952,1885.1943356878596
2007-07-18,4037.985550920775,-5600.107928034762,-464.9195430141617,-2027.0419201281488
2007-07-19,2235.1344967245755,1867.4134966930142,653.4701462542074,4756.018139671796
2007-07-20,1455.2913299044749,-7473.923987145448,-2144.3415063867983,-8162.974163627772
2007-07-23,-260.7396598392,934.8635033935134,485.03342649313106,1159.1572700474444
2007-07-24,-3335.077773427525,-2805.125023332861,-3632.323667714885,-9772.526464475271
2007-07-25,-3066.6467250976,-1870.974543774675,-406.2224242237846,-5343.84369309606
2007-07-26,-8288.285247655276,-12178.74268588738,1552.6504594596277,-18914.37747408303
2007-07-27,-7475.002473899625,937.899062392331,2681.107217000502,-3855.9961945067926
2007-07-30,6003.28969901475,1875.2612621272856,-2800.9741253576976,5077.576835784338
2007-07-31,-2453.74912445675,-3751.238409447222,1796.9670339972765,-4408.0204999066955
2007-08-01,1145.1197015543748,-1876.6934425270592,-441.70641703851743,-1173.2801580112018
2007-08-02,2568.287627201625,938.4362838024972,-1841.9604689963762,1664.763442007746
2007-08-03,-441.3074720423255,-5633.306375197222,3459.5823608532755,-2615.0314863862723
2007-08-06,2695.8661916766996,939.3326790957071,-2507.939460835246,1127.2594099371609
2007-08-07,1457.2650964564998,4693.973696101515,-1488.9727385641152,4662.2660539939
2007-08-08,3937.389756843251,6564.041354807996,-766.0774856009738,9735.353626050273
2007-08-09,-13416.719058627075,-4687.706111155829,3448.4970667933367,-14655.928102989565
2007-08-10,2940.0890921105,1875.6191534913378,813.6962085537789,5629.404454155617
2007-08-13,-1266.767008430725,-2813.697238418943,-1219.1426587026372,-5299.606905552305
2007-08-14,-4265.9725869824,-4693.077557508077,1633.536178742709,-7325.5139657477675
2007-08-15,-5599.57080273645,-3757.689685553167,2249.0897909621453,-7108.17069732747
2007-08-16,-2761.65408120335,-8465.30967235146,-1121.0279557507902,-12347.9917093056
2007-08-17,7285.09009584725,7525.438539451192,-2484.208339512975,12326.320295785466
2007-08-20,489.02661182239996,-3761.2809213809087,-1310.6727159911813,-4582.92702554969
2007-08-21,1017.6889483617,-3764.157618070283,-775.7324401231358,-3522.201109831719
2007-08-22,5164.007356552475,2823.3880327454826,-2175.162860515343,5812.232528782615
2007-08-23,-347.18292373385003,-940.949430399487,-251.5398174133594,-1539.6721715466965
2007-08-24,8224.341141918625,940.949430399487,-1986.9466380818394,7178.343934236273
2007-08-27,-2672.718248167675,-2823.3880327454826,1093.3611089869544,-4402.7451719262035
2007-08-28,-6470.45850910785,-6594.207816139155,3439.217256721445,-9625.449068525559
2007-08-29,7103.8900857195,3769.199784522527,-3523.967712459008,7349.122157783019
2007-08-30,-1025.822993366975,-5654.88164017041,229.35452656339805,-6451.350106973987
2007-08-31,5231.246765156951,2828.252215001965,-1992.7741760816425,6066.724804077274
2007-09-04,5591.6736251473,1884.5998405371793,-1893.3597753194924,5582.913690364987
2007-09-05,441.8191282097245,-7542.7284582603315,987.2594531789165,-6113.649876871691
2007-09-06,5573.333139789351,2829.8764027211873,-533.0154390566548,7870.194103453883
2007-09-07,2518.8007410266,-12274.545970594801,959.0389881744841,-8796.706241393716
2007-09-10,906.8819243094752,-3782.93684666061,398.90779828481016,-2477.147124066325
2007-09-11,6756.69414358265,2837.47447581515,-1427.9015058436785,8166.267113554122
2007-09-12,1035.81889054705,3780.762849108374,-392.9563658281836,4423.625373827241
2007-09-13,-1819.534056268975,7552.84177550851,-217.3856610748146,5515.9220581647205
2007-09-14,189.4605706107769,-1887.125992583693,-184.0856527791459,-1881.751074752062
2007-09-17,2041.9642344605247,943.6533066858829,394.468569330229,3380.0861104766363
2007-09-18,11609.078770136375,1886.7648028605036,-1672.0700549987414,11823.773517998137
2007-09-19,-559.20452569655,2828.7934555085667,266.3018536282067,2535.890783440223
2007-09-20,1822.8709147875252,15059.517488490616,-776.3213844684316,16106.06701880971
2007-09-21,858.0387834386248,-4701.152054281178,-514.2022090397802,-4357.315479882333
2007-09-24,-659.5085243445501,-940.7695853248006,-270.4494152717629,-1870.7275249411136
2007-09-25,1091.081336398325,0.0,-706.08203628408,384.999300114245
2007-09-26,-71.6928076496501,0.0,67.2070312481452,-4.485776401504907
2007-09-27,5034.900658040425,-4706.546634556871,444.39258459570397,772.7466080792576
2007-09-28,4010.9773684357,941.6693266539078,-397.0188502966394,4555.627844792969
2007-10-01,3917.9818119091756,-2825.5483410904126,1501.1444470453803,2593.5779178641433
2007-10-02,-6582.188281729024,-1884.5998405371793,-274.39725966143055,-8741.185381927635
2007-10-03,-3163.65337170195,942.39004938578,-458.01790130522943,-2679.2812236213995
2007-10-04,4808.300005072025,-942.39004938578,16.61103650165785,3882.5209921879027
2007-10-05,2515.5021942407006,10356.384866661829,1953.608572110749,14825.495633013277
2007-10-08,-4906.2210392387,0.0,-1154.0945501072547,-6060.315589345954
2007-10-09,4514.519784151825,1880.6404091834847,1813.177348138657,8208.337541473966
2007-10-10,1350.08073224085,-1880.6404091834847,-416.3749799931864,-946.9346569358211
2007-10-11,1767.7644898258252,940.4100498243643,-1059.3553848144134,1648.8191548357759
2007-10-12,2617.5475451909,3759.843809517537,1103.2237258104249,7480.615080518863
2007-10-15,202.56952369282516,-939.6915968671965,-1904.9442047568039,-2642.066277931175
2007-10-16,-1842.84141935445,-2820.1522126503405,-1790.8197619541575,-6453.813393958948
2007-10-17,921.955555505575,-8470.165491317748,604.6641666170309,-6943.545769195142
2007-10-18,6391.34737537985,-4711.950505598739,-306.7668326719968,1372.6300371091138
2007-10-19,-5450.42093592105,-10382.176626903558,2686.6099423847204,-13145.987620439888
2007-10-22,-4735.710244704001,944.7381214360939,-1147.2899794178916,-4938.262102685798
2007-10-23,5433.452391695375,-944.7381214360939,-1072.0022082909536,3416.7120619683274
2007-10-24,1854.7196164941001,-4726.406412435797,34.86363679735405,-2836.823159144343
2007-10-25,3171.3416584785255,945.6435633274232,-53.93221792944303,4063.0530038765055
2007-10-26,8862.005306683477,3780.762849108374,-1067.9277671514171,11574.840388640434
2007-10-29,2846.9661036584,-1890.019247827615,13.37405840318695,970.3209142339718
2007-10-30,-3571.0156631512755,945.1001420770772,270.99567105970834,-2354.91985001449
2007-10-31,5526.725224124101,7554.288195361238,-1295.1343470539741,11785.879072431364
2007-11-01,-6870.05486477135,-11335.775502046497,2003.978899310951,-16201.851467506898
2007-11-02,8032.142823231175,-4730.937527777045,-396.92712598758817,2904.2781694665414
2007-11-05,-2623.86810848985,3785.1127198758477,598.0234490691458,1759.2680604551438
2007-11-06,9594.4109322711,2836.9307420740806,-2016.8684455987034,10414.473228746476
2007-11-07,-2522.5220663217497,-3782.93684666061,3241.6949041937146,-3063.7640087886452
2007-11-08,230.11959846509995,-5679.846778688632,41.25058612983423,-5408.476594093698
2007-11-09,-2220.5336836172,-4738.200876973831,1923.6044818895764,-5035.130078701455
2007-11-12,-16735.084668915875,0.0,1639.1937341228484,-15095.890934793028
2007-11-13,10493.356973024323,2843.465878289775,-5656.51647903249,7680.306372281609
2007-11-14,3618.32242263965,1894.7349986840563,523.1331536744435,6036.190574998151
2007-11-15,-10095.292869073326,-10430.045985363977,1958.033241487456,-18567.305612949844
2007-11-16,9.757159900250045,-1898.7390483197087,-1004.0078223093651,-2892.9897107288234
2007-11-19,-2759.9973188774256,-7602.254123703897,2109.4413264361906,-8252.810116145132
2007-11-20,10757.784386370175,-951.1036505186785,-1310.8129692624927,8495.867766589003
2007-11-21,-3138.235608778225,-5710.4628986235475,3820.9891952716716,-5027.7093121301
2007-11-23,8496.7833160583,952.2013415869442,-3367.075503116581,6081.909154528663
2007-11-26,-2023.9357319245748,-17167.686713385527,4363.565724170858,-14828.056721139244
2007-11-27,-2576.2292088265,11451.730608043814,-2287.920530256288,6587.580868961026
2007-11-28,5373.6559561359745,7619.809600007633,-6377.340817287857,6616.124738855751
2007-11-29,-3965.529818411025,-8573.110534066727,-99.11642724077652,-12637.75677971853
2007-11-30,-1327.0102164835,2859.3526621748606,-771.8186817590578,760.5237639323028
2007-12-03,1976.951012209275,-7628.610150645269,118.73322822884802,-5532.9259102071455
2007-12-04,3165.07436994225,0.0,-85.79069452817123,3079.283675414079
2007-12-05,-2073.0116393966005,2862.1052156559745,-881.2155055041586,-92.12192924478461
2007-12-06,5602.9317686516,9528.427573367342,-524.692088067269,14606.667253951673
2007-12-07,-4154.109252358525,9510.12479278093,-287.4543326625485,5068.561207759858
2007-12-10,6664.14829609205,2849.4762773261464,240.08298771390457,9753.707561132102
2007-12-11,-7950.436397066925,-16168.772808611873,78.01165226292994,-24041.19755341587
2007-12-12,6405.681814570476,6664.128567215128,-655.8772917782818,12413.93309000732
2007-12-13,-10099.269536713575,12352.479430446416,-268.654037064735,1984.5558566681061
2007-12-14,-7171.875197884726,5690.75278088123,-9.777098179156951,-1490.8995151826525
2007-12-17,-3772.9770860457247,-3793.1070039168408,692.9586914844066,-6873.125398478159
2007-12-18,5442.5658793866,-5695.123978609961,-1306.235254207678,-1558.7933534310398
2007-12-19,1453.10990922245,-7603.714761626674,-665.7197653001106,-6816.324617704334
2007-12-20,-1522.057548581075,-1902.7558037192357,-924.7615111768965,-4349.574863477207
2007-12-21,7222.14280846065,13303.948766991482,-1182.1356158209965,19343.955959631134
2007-12-24,1403.9917146830503,4742.748967660184,52.54221331908582,6199.28289566232
2007-12-26,5202.713811871651,6632.209227527856,-130.14468234850085,11704.778357051006
2007-12-27,796.7386255852251,-8528.762677104081,-114.4191813446156,-7846.443232863472
2007-12-28,7522.653701964725,-9493.69734172136,-152.4495996618782,-2123.4932394185125
2007-12-31,-4330.5420080247995,-6656.44694335408,379.6708590140412,-10607.31809236484
2008-01-02,8399.48140234385,-12385.76651022672,263.73610715532436,-3722.5490007275457
2008-01-03,2950.1336398187004,0.0,-512.6092823032025,2437.524357515498
2008-01-04,-6667.912684214375,-2862.6562032907823,2789.758125388051,-6740.810762117106
2008-01-07,-2039.4245929452247,-1909.3562236597354,-106.84972851487373,-4055.6305451198336
2008-01-08,17006.3240978241,0.0,2752.4973332679624,19758.821431092063
2008-01-09,-13448.720198910198,-3820.919370328804,-2064.220284523991,-19333.85985376299
2008-01-10,8139.220488811825,8592.931797279321,-1339.7070814928663,15392.44520459828
2008-01-11,308.53290426915004,-8592.931797279321,1518.4061572301976,-6765.992735779973
2008-01-14,6146.464642695099,-955.6899282398808,-1586.7551519423362,3604.0195625128827
2008-01-15,-9426.74354424095,-8609.502074323434,-861.9341023114657,-18898.179720875847
2008-01-16,-8674.621657873575,1914.513656653391,259.72530996013177,-6500.382691260052
2008-01-17,-5538.05128851565,-7662.48722624324,2395.3254892069535,-10805.213025551937
2008-01-18,-674.4632601727251,0.0,-323.9575413573874,-998.4208015301125
2008-01-22,6280.843145508999,-13437.850110976862,2104.7915234564202,-5052.215442011442
2008-01-23,3706.6070643890744,-961.237383899359,-2382.900846076403,362.4688344133124
2008-01-24,8386.4298711054,16315.817878871378,-1109.9403285959966,23592.30742138078
2008-01-25,-2399.077758677225,-6711.793751735204,882.6751379255029,-8228.196372486927
2008-01-28,9084.964483732423,0.0,-1469.1597189724775,7615.804764759945
2008-01-29,-1681.336913609,7669.881665733388,-592.9997438615544,5395.545008262833
2008-01-30,1524.66163309915,8614.48250443206,35.90555862024303,10175.049696151453
2008-01-31,4572.226446957974,-10530.843166597246,-1197.353229504401,-7155.969949143673
2008-02-01,-1968.2824928065997,-4794.138126324528,-904.8910970020927,-7667.31171613322
2008-02-04,-4792.605561681301,5752.410874491528,225.72889427760856,1185.534207087836
2008-02-05,-12269.072825533325,-6711.793751735204,1179.134771789137,-17801.73180547939
2008-02-06,771.3953397227751,0.0,422.0640736215273,1193.4594133443024
2008-02-07,-1034.6389850075504,12457.550593983287,-1164.152181897066,10258.759427078672
2008-02-08,21848.686854583277,-9579.957374956255,235.41816664181425,12504.147646268835
2008-02-11,-15044.534107909223,-1918.2103417833569,-807.8888069251491,-17770.63325661773
2008-02-12,-2383.4968776339,3835.680490496372,-1287.986599413891,164.19701344858072
2008-02-13,1344.3249406054,3832.721431294507,-1234.0112506930582,3943.035121206849
2008-02-14,-1324.5039113789,14346.40961367295,216.81686300158276,13238.722565295631
2008-02-15,-540.5470854178,-8602.868216680217,-493.00955688840276,-9636.42485898642
2008-02-19,6979.2839529901,12421.580770183384,-435.0921991660428,18965.77252400744
2008-02-20,4883.437404315249,3815.7731038323254,-877.3668786770514,7821.843629470523
2008-02-21,2062.4163199152495,-15280.742710114486,346.68513304663406,-12871.641257152602
2008-02-22,1393.0473104907,1912.66932009616,-1174.8430505594101,2130.87358002745
2008-02-25,-110.95983781649966,11460.554057147863,-1484.5793865435794,9865.014832787785
2008-02-26,7775.913989379251,-2862.6562032907823,-951.276127161421,3961.9816589270476
2008-02-27,5202.589352845826,-2864.310121174247,-833.597304528368,1504.6819271432114
2008-02-28,4914.31688634785,-13388.691207617681,-26.04066479922551,-8500.414986069058
2008-02-29,-2545.6887433025495,-17267.23825695781,1425.090098904974,-18387.836901355386
2008-03-03,1638.1681454958255,960.8660526415479,-300.4665090088423,2298.5676891285307
2008-03-04,-7089.953095001425,8639.449598280502,-475.64285171938536,1073.8536515596916
2008-03-05,8169.133410349576,6709.204199980493,-861.8454421097113,14016.492168220357
2008-03-06,-4603.974939442274,-7668.401921790879,2039.4550326143844,-10232.921828618768
2008-03-07,-3594.1646443712757,-5759.076472260407,449.89032414035535,-8903.350792491328
2008-03-10,-2022.2893247224997,-9613.304724138477,1599.564740191788,-10036.029308669189
2008-03-11,6426.164843557672,13453.430232861952,-3876.166507546053,16003.42856887357
2008-03-12,6366.9832933618,-10567.488101549403,623.1219320138024,-3577.3828761738005
2008-03-13,3953.5273592945246,6727.362592825928,-353.4248098575645,10327.465142262889
2008-03-14,-456.11337104984943,-11538.19613409938,2248.9708869819083,-9745.338618167321
2008-03-17,1947.562267422075,-9635.63311759993,947.9208936107852,-6740.149956567069
2008-03-18,205.41531347375002,13484.671874355918,-5334.982677768956,8355.104510060712
2008-03-19,-13555.809169725528,-9628.181684050134,2699.097099675747,-20484.893754099918
2008-03-20,-6592.37236544385,-3856.4901903057835,-2633.654962190619,-13082.517517940254
2008-03-24,-3177.9755344021505,21173.82925169931,-1375.2351111024482,16620.618606194712
2008-03-25,11164.949586083001,-4804.330532119442,-352.2782779643592,6008.3407759992
2008-03-26,3353.8172459269754,0.0,170.49328838317024,3524.3105343101456
2008-03-27,-2184.8705714327252,4804.330532119442,-222.99298708475135,2396.4669736019655
2008-03-28,-6520.491514955249,-8651.138069811801,345.211470975876,-14826.418113791175
2008-03-31,-2769.7089318548997,-1924.5193244395268,-635.3640501765341,-5329.5923064709605
2008-04-01,-3571.0293557232744,11535.966853321828,-2434.1081206661597,5530.829376932394
2008-04-02,4904.04428362785,2879.8160496529745,-199.2336866978519,7584.626646582972
2008-04-03,868.3884886246,959.5680862932568,-431.1781431632795,1396.7784317545775
2008-04-04,5050.4284359648245,-10565.447257389831,-684.6247567373922,-6199.643578162399
2008-04-07,501.97523839052474,6726.0631214436,-504.5165842753505,6723.521775558775
2008-04-08,-4516.145301466549,960.1240353480389,-630.6979286569003,-4186.719194775411
2008-04-09,8902.097913527976,-8647.796087244467,-713.2853867370983,-458.9835604535898
2008-04-10,-3353.19099937035,5766.867656312752,-1019.9328776486283,1393.743779293774
2008-04-11,-3842.6376649557496,-5766.867656312752,-150.51843025243272,-9760.023751520934
2008-04-14,-1951.324256104225,3845.321135974671,-68.78044247449111,1825.216437395955
2008-04-15,338.1718222723001,6722.166965574732,-710.5825117863844,6349.756276060648
2008-04-16,12052.103937663902,11502.605023623153,-122.78397859066104,23431.924982696393
2008-04-17,-3011.0637458369997,2871.493687824899,-144.50409793663255,-284.07415594873316
2008-04-18,-5609.4724606705995,1913.4067347737146,663.3024336874627,-3032.763292209422
2008-04-21,1943.8667296882002,-1913.4067347737146,16.809869198077365,47.26986411256297
2008-04-22,340.32272591937505,-956.980031171508,-480.96850641438493,-1097.625811666518
2008-04-23,-5364.188972194525,2870.3867659452226,-577.5425703638888,-3071.3447766131917
2008-04-24,-9556.349410336075,9555.980972984253,172.82730321010575,172.4588658582831
2008-04-25,1356.0751966255252,3817.2424042597704,755.7711679579527,5929.088768843248
2008-04-28,1959.4889264936003,-4772.012426950518,-125.59842779750596,-2938.1219282544234
2008-04-29,-7327.979975976525,-954.9538975145115,-506.80127085131943,-8789.735144342356
2008-04-30,2624.2175999900746,-7646.257052778994,-717.1083637900679,-5739.147816578987
2008-05-01,-2704.078872500925,956.4268102369388,2145.894053063767,398.2419907997805
2008-05-02,-2621.5214027092,10508.542796045222,219.40995918805407,8106.431352524075
2008-05-05,5146.3577923609,-954.4024323289195,-825.6932937117351,3366.262066320245
2008-05-06,3012.360962196225,4770.175536161245,1279.1180806575753,9061.654579015045
2008-05-07,-8287.8738279729,-5724.761737130233,-2908.0994348539803,-16920.734999957112
2008-05-08,6344.693483402976,-7643.311652888093,-623.2118292331065,-1921.8299987182231
2008-05-09,746.3828685861,-1912.66932009616,-461.1509060027039,-1627.4373575127638
2008-05-12,1944.913959706875,956.4268102369388,1478.7457413030243,4380.086511246838
2008-05-13,-7711.586805553175,11462.761512795187,-73.80361762518994,3677.3710896168222
2008-05-14,-254.18852009725,1907.8864989060094,264.90156409098734,1918.5995428997467
2008-05-15,9425.554726629027,-8591.277401170286,2364.295723816456,3198.573049275197
2008-05-16,8103.561880559575,1910.459632011145,141.9551074267602,10155.97661999748
2008-05-19,966.390524382975,-1910.459632011145,518.5576321747262,-425.51147545344384
2008-05-20,4935.3493220137,-4779.37061053091,-1702.8792066458998,-1546.9004951631102
2008-05-21,172.91913626917489,2868.174841487882,-3477.4266833555725,-436.33270559851553
2008-05-22,-5173.338287797849,10502.473170213314,-15.58442064152743,5313.550461773937
2008-05-23,-740.8192875123997,-6680.817769159141,147.49765597539977,-7274.139400696141
2008-05-27,-5953.387736103849,7634.485657335492,72.15076775199236,1753.2486889836348
2008-05-28,-1901.3908562012,9526.59491870481,-281.3448768571192,7343.859185646491
2008-05-29,-9622.440638579701,4756.4325994475075,-358.3946426753357,-5224.402681807529
2008-05-30,4526.5552234085,-1902.0245370768243,-151.15489808182758,2473.375788249848
2008-06-02,420.38305075635014,-7615.415034389298,192.05249082220632,-7002.979492810742
2008-06-03,-4786.2423976756745,-5719.255834862546,-195.64649377186072,-10701.144726310082
2008-06-04,-1986.0274536114748,5719.255834862546,43.7369119863007,3776.965293237372
2008-06-05,5577.438111190851,7615.415034389298,-179.4666907929212,13013.386454787229
2008-06-06,4627.455633113474,-11427.51859643741,898.6499238558707,-5901.413039468066
2008-06-09,-6465.0167339217505,7621.275300552908,-459.7425628818428,696.5160037493151
2008-06-10,-12656.224793044774,8559.934435519346,-178.92182001492074,-4275.212177540348
2008-06-11,2325.3035904713497,-950.3729106444516,629.7759308553452,2004.7066106822433
2008-06-12,-6921.8792264103995,12340.623701942037,-736.3232543211495,4682.421221210488
2008-06-13,1739.5407538862503,3790.924234781385,-1480.488928963368,4049.9760597042673
2008-06-16,5289.815333042476,-1895.0984795743861,-370.4976601270573,3024.219193341032
2008-06-17,1091.4145905095,-1895.825755206999,-65.9499165846853,-870.3610812821844
2008-06-18,2106.9256472712505,-6641.123487242396,591.2605531357756,-3942.9372868353694
2008-06-19,-1187.293233851875,5692.9377504339645,-547.1619668559597,3958.48254972613
2008-06-20,455.6067984210245,-5692.9377504339645,1512.0890367767856,-3725.241915236154
2008-06-23,-7331.84754137005,2847.288474662855,-161.2970416866233,-4645.856108393818
2008-06-24,2676.2128418744246,-8546.788689362496,-14.415317461811128,-5884.991164949883
2008-06-25,2670.8846502068745,1900.5632679060363,-1015.2203328083295,3556.227585304581
2008-06-26,4736.9833422646,-4752.77784637775,4268.722646715384,4252.9281426022335
2008-06-27,2218.4634224089996,-7613.951023980742,845.4998904409213,-4549.9877111308215
2008-06-30,812.5197922394501,0.0,-632.4001171988484,180.1196750406017
2008-07-01,3523.9857641269496,1904.5858164254605,-587.8563704814219,4840.715210070988
2008-07-02,-325.5875559201749,-1904.5858164254605,3153.5450497777706,923.3716774321351
2008-07-03,-5471.815140830226,0.0,-154.3351374175952,-5626.150278247821
2008-07-07,-3566.3562816517,-3811.3702889162523,1899.678907015236,-5478.047663552717
2008-07-08,-2210.145064427426,-3814.3046515676397,-1493.7765665628717,-7518.226282557938
2008-07-09,4549.323525118724,-5726.966324465029,839.591663241734,-338.0511361045709
2008-07-10,7370.134619781,-1910.459632011145,-91.70055915917885,5367.974428610676
2008-07-11,1623.5485763269503,12404.848144462594,897.8236321159017,14926.220352905446
2008-07-14,112.22697610132487,-5721.4572421983175,528.3211568610398,-5080.909109235953
2008-07-15,-1842.5138776227502,-2863.2073500478728,536.4229867246593,-4169.298240945964
2008-07-16,-1980.70928145025,9537.598783943176,-2813.1020085607047,4743.787493932221
2008-07-17,1243.0420249234246,9519.269584781228,-511.9779822685473,10250.333627436106
2008-07-18,529.8285180160499,3802.5874891161657,-715.2629247802622,3617.1530823519533
2008-07-21,4165.749370375151,-1900.9284272856457,-655.2868811286459,1609.5340619608592
2008-07-22,-5434.812647340926,4750.952049277475,-936.9869847327834,-1620.8475827962336
2008-07-23,-7415.057225322851,1899.1036820633599,-33.980412989620845,-5549.933956249112
2008-07-24,-1066.3259825366497,-12357.226506060717,476.63826552310695,-12946.91422307426
2008-07-25,-784.7504679959001,9508.297415739813,-438.8733567584211,8284.673590985492
2008-07-28,-1067.0757912673748,-6653.88935336913,783.3256215006941,-6937.63952313581
2008-07-29,-958.6353467046752,2852.7627123491984,-1699.3803276540405,194.7470379904828
2008-07-30,1653.4359718035498,-1901.65906183052,-268.1203643383725,-516.3434543653426
2008-07-31,530.6648597330501,-7613.951023980742,18.627374987829626,-7064.658789259862
2008-08-01,-2618.672157462625,-1905.318560800486,-379.38306564488755,-4903.373783907998
2008-08-04,-6523.216078610775,952.7508998732519,245.55924191285783,-5324.905936824665
2008-08-05,-542.4581167490494,5712.659230670062,-1085.9734101107251,4084.2277038102875
2008-08-08,-9457.965648226527,-9524.762792718175,-0.8051047627120056,-18983.533545707414
2008-08-11,-8610.5221347323,4764.671222975347,525.8101388192529,-3320.040772937701
2008-08-12,-2773.5177107802,-7625.674940483892,-1055.735176357679,-11454.927827621772
2008-08-13,1159.2897226779999,2861.0037175085454,-671.2294698682655,3349.0639703182796
2008-08-26,-6921.691739111,-14321.557774656409,-947.1732061847149,-22190.422719952123
2008-08-27,4509.856321483126,-1912.66932009616,-180.14803144849623,2417.0389699384696
2008-08-28,4959.0806317364,1912.66932009616,836.0158471614802,7707.765798994041
2008-08-29,-5178.8153320229,3823.128100671689,-1581.8551212301663,-2937.5423525813776
2008-09-02,-9015.00702502905,-8606.184186713072,-1085.9216856153182,-18707.11289735744
2008-09-03,-1096.77941294555,-2872.047388893465,-482.590891872249,-4451.417693711263
2008-09-04,-11827.262516551249,-6707.90998606279,1437.8588193228552,-17097.313683291184
2008-09-05,2279.458155230225,1917.470148713015,-747.4252052422798,3449.5030987009604
2008-09-08,17978.407907790475,0.0,-733.2767460677729,17245.131161722704
2008-09-09,-29470.63829227627,-3835.680490496372,1835.0257925645294,-31471.292990208112
2008-09-10,-10077.8164913892,2877.0379134938485,-793.8454347748732,-7994.624012670224
2008-09-11,-508.8022212493498,-958.8275717104916,-747.4519441042702,-2215.0817370641116
2008-09-12,12530.161132597224,9579.957374956255,252.40138028523518,22362.519887838716
2008-09-15,-362.2360174254987,-25908.38225881182,4459.261973349413,-21811.356302887903
2008-09-16,-1414.7543209986493,961.980692468409,-1869.1855250006738,-2321.959153530914
2008-09-17,20895.160644365373,-6737.771934512821,5385.117031926228,19542.50574177878
2008-09-18,-3976.476873191151,12505.753907646504,-3769.6993414141743,4759.577693041179
2008-09-19,16625.882691161452,23005.23316939189,-2799.242414046738,36831.8734465066
2008-09-22,9347.562590064823,4779.37061053091,1343.7901792521316,15470.723379847865
2008-09-23,-9923.338905118875,1910.459632011145,2000.1819771232547,-6012.697295984475
2008-09-24,-4172.938066555425,-4777.529469935427,-710.3217520142734,-9660.789288505126
2008-09-25,2521.35178883755,7641.839591109674,-2236.659633721821,7926.5317462254025
2008-09-26,-230.34975790397496,-2864.310121174247,162.6423985153238,-2932.017480562898
2008-09-29,-12171.073684567324,-22974.194412707504,10766.184576695157,-24379.08352057967
2008-09-30,-11279.257066293478,22974.194412707504,-6308.375041643956,5386.56230477007
2008-10-01,3111.37282256705,-7646.257052778994,-272.7709241625078,-4807.655154374452
2008-10-02,-22398.841872982655,-10532.873992188463,5234.050304405762,-27697.66556076536
2008-10-03,-2082.3401375801245,-2876.4827686859862,1770.381867454901,-3188.441038811209
2008-10-06,-11118.278284942175,-14407.431571414185,7869.295232728927,-17656.414623627432
2008-10-07,-1398.0398127465994,1923.4037149702926,6722.808852684814,7248.172754908507
2008-10-08,20488.49896388295,21108.484194719727,3680.844064709987,45277.82722331266
2008-10-09,-43098.718472295695,11476.019649916707,9912.859302860114,-21709.839519518875
2008-10-10,-32094.37400885043,4773.850378964067,3228.273767691711,-24092.249862194654
2008-10-13,32599.36862098735,0.0,-18606.361535508528,13993.007085478821
2008-10-14,-4339.617793007675,18098.800621984643,2212.699572290795,15971.882401267765
2008-10-15,-23733.21822419557,-3804.78034079606,311.78418971631316,-27226.214375275318
2008-10-16,-1248.4908581438506,-4760.091569742828,-0.6737887713939017,-6009.256216658072
2008-10-17,-7819.620237429124,-952.5676609272341,329.5381625165561,-8442.649735839803
2008-10-20,16932.0331235467,-6673.107279556658,-3266.287842009788,6992.638001980253
2008-10-21,-17723.274188356423,-14329.834541145246,-2120.066575613663,-34173.175305115336
2008-10-22,-31441.655654004695,-10534.905405289763,3153.9591530466637,-38822.60190624779
2008-10-23,1979.98035549515,-1917.8401916834628,-822.3145568682853,-760.1743930565981
2008-10-24,-14771.710140273724,12452.745596973225,2516.338405853105,197.37386255260617
2008-10-27,-12573.79124162215,2869.2804839973833,43.361001254979215,-9661.149756369787
2008-10-28,37934.89475455797,9552.300286186,-3572.05409579079,43915.140944953186
2008-10-29,2171.9539510226505,3815.7731038323254,149.8018225454203,6137.528877400397
2008-10-30,417.11129901790025,6670.540082451946,-1064.8280118915777,6022.823369578267
2008-10-31,-7142.0873682100255,952.2013415869442,-928.4687399731553,-7118.354766596237
2008-11-03,-1379.5858802079001,-4762.838568922933,-1766.3591090877944,-7908.783558218627
2008-11-04,33422.711301052426,-14316.043913505622,1180.2142441699282,20286.881631716733
2008-11-05,-19724.18300973543,-7652.152962488792,-2398.1750168880003,-29774.51098911222
2008-11-06,-21362.43874697085,1914.1445759902563,-479.35876515805376,-19927.652936138646
2008-11-07,8562.33857040795,7649.2041555415635,-1382.6706465564912,14828.872079393022
2008-11-10,1317.452500147475,-955.5058408031473,-150.34996805248113,211.59669129184647
2008-11-11,-16757.048481963102,0.0,-860.629908729365,-17617.67839069247
2008-11-12,-18066.3168282995,-6693.698314738416,911.8604856651871,-23848.15465737273
2008-11-13,27390.632158181,8604.525962091808,-2308.4440952179007,33686.71402505491
2008-11-14,-10160.671392125498,-11476.019649916707,707.9675595305232,-20928.723482511683
2008-11-17,-3582.324434399625,-3831.2431855946925,148.06573629618924,-7265.501883698128
2008-11-18,5976.5247217477745,-14393.528803603193,-1608.199200057861,-10025.20328191328
2008-11-19,-17357.06193229675,-14435.29760454227,3462.9771991251523,-28329.38233771387
2008-11-20,-11545.527602734599,-27058.27229741429,6804.532848674978,-31799.267051473907
2008-11-21,31601.146948538648,9680.523913713645,-5796.813352028387,35484.857510223905
2008-11-24,27249.115869253328,14485.66060237847,-7208.680476027798,34526.095995604
2008-11-25,8219.500895504125,-23197.28715609285,-1692.2151881914722,-16670.001448780196
2008-11-26,6876.757583534525,-11639.186462676893,-2278.776818169163,-7041.2056973115305
2008-11-28,-437.79128061605024,-5829.770310728737,4.417358588497677,-6263.14423275629
2008-12-01,-36724.467525385,-20457.828612313428,4242.5981440285905,-52939.69799366984
2008-12-02,17264.305195844423,-3906.2168161193003,-2655.4150238191455,10702.673355905978
2008-12-03,3711.2363326475,-977.0297831688476,-1164.6625109395643,1569.5440385390882
2008-12-04,-5238.3700935157,-11739.220064644538,612.0494965672308,-16365.540661593006
2008-12-05,552.3529748262742,11739.220064644538,-1599.5486528687409,10692.02438660207
2008-12-08,53117.32707768205,9761.741572032199,-321.6916939983179,62557.376955715925
2008-12-09,-37441.51392380481,-9761.741572032199,-606.5704103335961,-47809.8259061706
2008-12-10,14117.045814716299,1953.8692791075227,-1235.440392427563,14835.474701396259
2008-12-11,4214.4872644956,-4886.100908173412,-653.1424349229767,-1324.7560786007882
2008-12-12,4611.806882837275,-3912.309569281286,-746.6804871044487,-47.18317354845931
2008-12-15,8833.403305482525,-6853.887104596797,194.39311341948695,2173.9093143052146
2008-12-16,27595.927525316052,-15701.225346301311,-823.5165098123645,11071.185669202376
2008-12-17,8200.690151246925,-16736.41927033801,-1363.014419377329,-9898.743538468414
2008-12-18,-9648.2044352926,-11847.505352465232,-1410.718104262976,-22906.42789202081
2008-12-19,-12132.912972676002,4939.844018334261,-1026.7605833858013,-8219.829537727543
2008-12-22,-786.6736627764251,2961.585419292649,-488.18533675321873,1686.7264197630054
2008-12-23,-5602.537673947924,1973.4241460974445,-173.92959569230015,-3803.04312354278
2008-12-24,4964.413140661125,1972.6517687408777,-667.8147514718518,6269.250157930151
2008-12-26,9315.049795158626,-3946.075914838322,-656.6627656180231,4712.311114702281
2008-12-29,2227.91096373935,-2961.585419292649,-316.0500039000027,-1049.7244594533017
2008-12-30,6694.570281811026,-1975.357075277905,-854.626619352807,3864.5865871803135
2008-12-31,-281.57393247457435,13811.271654639684,-358.4445058846484,13171.253216280462
2009-01-02,1620.3593110251995,20646.139205376603,1339.1708509368955,23605.669367338698
2009-01-05,-10883.856765185701,2942.5417584290626,-499.5876083588868,-8440.902615115525
2009-01-06,923.5003017309751,1960.7376748195893,249.4577794617552,3133.6957560123196
2009-01-07,-12779.810884975052,980.0819561659664,-2700.526474208827,-14500.255403017913
2009-01-08,8412.637080933102,-4902.32269574362,-498.71814983449525,3011.5962353549867
2009-01-09,-10354.85597140525,-3925.3040926887843,-2291.850033908169,-16572.010098002203
2009-01-12,-15886.619127230824,-8843.1531986525,315.724970762453,-24414.04735512087
2009-01-13,-1965.972955466575,-983.5327775475089,-1123.9236824107693,-4073.4294154248532
2009-01-14,-9703.000052608251,-8860.452856885277,1620.6856680968826,-16942.767241396647
2009-01-15,641.5744091908498,-985.4577813047799,310.5226473552847,-33.36072475864546
2009-01-16,9278.673687529,12795.93245689509,-1894.7873218254258,20179.818822598667
2009-01-20,-12552.540055897975,3930.673602969917,3827.4577267197574,-4794.4087262083
2009-01-21,9559.039838475299,15692.03393135727,-4195.161572635463,21055.912197197104
2009-01-22,-4247.909591603625,5871.897319860822,251.85525825634159,1875.8429865135386
2009-01-23,11743.04645612475,2933.374520822814,-390.96041171437435,14285.46056523319
2009-01-26,6606.454360482525,4885.1491938792715,-870.7903404795871,10620.81321388221
2009-01-27,3010.483704586225,-10753.613826432902,-1406.563468750548,-9149.693590597224
2009-01-28,2788.476017691374,11730.072914645705,-1036.0966841279549,13482.452248209123
2009-01-29,-9783.234265633775,15597.52672063128,546.4663468402975,6360.758801837803
2009-01-30,-2197.1266727838497,0.0,730.6215644599874,-1466.5051083238623
2009-02-02,-6021.501116736799,-10718.081977566917,-52.08549201105939,-16791.668586314772
2009-02-03,4113.0298127377755,12664.361948258986,-1308.3968365221424,15468.994924474619
2009-02-04,-3542.747001522551,5834.302688249369,-6.5861227834247416,2284.969563943393
2009-02-05,5642.46601404115,0.0,-757.8971840222266,4884.568830018923
2009-02-06,6674.008927354751,9708.740151932332,-646.2348658183572,15736.514213468727
2009-02-09,-3114.756339742075,1939.4873360656438,-339.05665511022676,-1514.3256587866579
2009-02-10,-3974.566635946825,-16509.673905182804,933.2273140462064,-19551.013227083422
2009-02-11,8197.453514039775,-11686.769612356653,-1006.9537935027527,-4496.269891819631
2009-02-12,2917.2849411280254,-2925.9576474732203,-966.1416469536518,-974.8143532988468
2009-02-13,-6831.109842856475,13639.870988765331,398.4767108874223,7207.237856796279
2009-02-17,-3323.4435420179243,-24383.01595200349,3513.2162896131726,-24193.24320440824
2009-02-18,1110.1111129892997,9767.446024144985,-41.65306069429775,10835.904076439987
2009-02-19,-5268.776888583624,10722.253047253907,856.2563580812466,6309.73251675153
2009-02-20,8863.284895675975,-6820.596460687513,994.973899953731,3037.6623349421934
2009-02-23,-14026.036551547175,0.0,4004.9917947436206,-10021.044756803554
2009-02-24,4394.0957512531,1949.6896775478126,-4115.495996807757,2228.2894319931556
2009-02-25,-11380.9552371665,14598.526351993667,-584.0466786380034,2633.524436189164
2009-02-26,-5051.9130539185,2914.6018818895614,-320.30493179596675,-2457.616103824905
2009-02-27,-7840.8768787075,3883.495292053749,396.68920086859316,-3560.6923857851575
2009-03-02,-15932.185147758175,-10686.876389400048,2459.6885783633124,-24159.372958794913
2009-03-03,-5303.67745304015,1944.7674158713435,-400.2050522884168,-3759.1150894572233
2009-03-04,3756.33461421725,7771.517901847058,-1804.3964714633526,9723.456044600955
2009-03-05,-1036.8625897686752,-17502.91996191308,1958.14720803574,-16581.635343646016
2009-03-06,1874.8985225172748,0.0,-453.8613221233305,1421.0372003939442
2009-03-09,-7855.92339472845,5841.111171402048,462.0362619805611,-1552.775961345841
2009-03-10,7697.141929866149,9720.06119939271,-3819.0910776016017,13598.112051657256
2009-03-11,8210.66883108095,-3885.7585111433423,-606.4279195333099,3718.4824004042976
2009-03-12,17373.51312446693,-5834.302688249369,-1546.251680198509,9992.95875601905
2009-03-13,2910.2590276260003,0.0,-9.618328679536603,2900.6406989464635
2009-03-16,-2668.7359804184,7777.5593118419165,41.544640672192656,5150.36797209571
2009-03-17,6050.053905908675,4854.840550350762,-681.1322303070142,10223.762225952423
2009-03-18,30785.160687156374,-49741.58522085751,278.3536088946974,-18678.070924806438
2009-03-19,2672.856475279125,9792.223189370648,-16.980359213405904,12448.099305436366
2009-03-20,-8870.552139418776,3911.5471958787602,-337.4080437555804,-5296.412987295596
2009-03-23,13129.290400306225,2931.66043364667,2147.356118602694,18208.306952555587
2009-03-24,-10992.5663641115,0.0,-1674.0794837505177,-12666.645847862019
2009-03-25,5698.199908410175,12684.091254676197,281.91028756851466,18664.201450654888
2009-03-26,4705.707737348801,-4874.6986631664295,1191.6999145056745,1022.708988688046
2009-03-27,-12553.87831331245,1950.4486069668746,-1772.6153636649206,-12376.045070010496
2009-03-30,-11690.07300419855,-4877.545479702025,-1994.1471474233517,-18561.765631323924
2009-03-31,4728.181440579,-1952.347870329213,-169.8821869049283,2605.9513833448586
2009-04-01,7362.546473493525,-2929.947848445405,785.5724167337179,5218.171041781838
2009-04-02,3597.1263246815497,8784.711788863351,2608.95972572537,14990.797839270272
2009-04-03,-3427.4271122534496,13634.566223698033,1008.1969202095333,11215.336031654117
2009-04-06,-10807.354026675726,3888.779215456738,-1015.5311593901359,-7934.105970609125
2009-04-07,-3399.0439131907,-1944.0117995853943,-2904.387162296918,-8247.442875073013
2009-04-08,3050.25020496575,-6809.994669313768,-654.6865932519311,-4414.431057599949
2009-04-09,5672.815288194725,9725.729150189589,36.23613520773716,15434.78057359205
2009-04-13,9581.157162715825,-7779.070765073898,198.95841763459288,2001.0448152765198
2009-04-14,-6209.7456847812255,-7791.178268210197,-858.2220844658082,-14859.14603745723
2009-04-15,2352.08840878945,1948.9311909975477,-332.31756216753894,3968.7020376194587
2009-04-16,-3091.010412179025,3895.588692096957,316.2582585599054,1120.8365384778374
2009-04-17,-4660.7274830202,11668.608350788723,-339.61734454051395,6668.263523228009
2009-04-20,-6178.840928328249,-9721.949965673031,-379.5763048618994,-16280.36719886318
2009-04-21,3809.4750958018503,5835.436608500142,-299.9333100377939,9344.978394264199
2009-04-22,632.359641868025,3886.5133571728898,-185.30746322800695,4333.565535812908
2009-04-23,9004.812706442974,-1942.879200599134,-157.57729198961812,6904.356213854221
2009-04-24,7565.993124764799,6796.777154925225,389.9164378206237,14752.686717510647
2009-04-27,-7881.420878296649,-7768.499836215653,-371.18861417984306,-16021.109328692144
2009-04-28,-3426.86832542025,9708.740151932332,-496.33968856121413,5785.532137950869
2009-04-29,8110.705067221251,6784.914265409311,499.8739667290089,15395.49329935957
2009-04-30,-3938.7722524610003,3872.959702267921,-135.94597303440992,-201.75852322748938
2009-05-01,236.8232689967249,4836.978060481813,-68.53203541658104,5005.269294061956
2009-05-04,16239.605619573827,-1934.2287303781668,2815.5007413138937,17120.877630509553
2009-05-05,-3931.4608692644247,967.208077821404,-640.8913387322137,-3605.1441301752343
2009-05-06,7975.101889525875,-1934.6036354019598,1816.001206229906,7856.499460353822
2009-05-07,-4395.71077578715,10631.04873128236,-1734.1699387027063,4501.168016792504
2009-05-08,12136.3417690832,0.0,2703.6993765020406,14840.04114558524
2009-05-11,-4092.0123439117747,-11598.631823137977,-2472.738952286601,-18163.38311933635
2009-05-12,2908.8283014681,0.0,-505.36226104047796,2403.466040427622
2009-05-13,-5187.095000319175,-5809.439826456804,-3089.6761550651154,-14086.210981841095
2009-05-14,2866.763554605825,-968.8973599992642,766.8601059765887,2664.7263005831496
2009-05-15,-3707.9872407062744,3874.462159764429,-1072.5545379945913,-906.0796189364366
2009-05-18,3292.7029963967752,7739.915688271769,3520.4087677236835,14553.027452392229
2009-05-19,2369.4680968159005,2899.376164969828,-188.75130693691844,5080.09295484881
2009-05-20,5186.56458951845,-5800.438177113785,-922.7240815015421,-1536.5976690968773
2009-05-21,334.31351300117467,15452.868680199874,384.44277612012456,16171.624969321172
2009-05-22,532.508983836225,9633.769448464373,241.3569450090307,10407.635377309629
2009-05-26,3383.5043708560747,4809.903731878228,-344.09092742103553,7849.317175313268
2009-05-27,-11054.393808171675,20150.950462479654,-62.34567479599207,9034.210979511987
2009-05-28,8617.253818627501,-3831.9822015216196,-117.31379083023086,4667.957826275651
2009-05-29,16361.949020023747,-19204.352668396736,-346.53143738497505,-3188.935085757964
2009-06-01,762.342814399325,23036.334869918355,1680.0043850526265,25478.68206937031
2009-06-02,5226.96625041585,-5749.082414352299,-212.77567847882395,-734.891842415273
2009-06-03,-9563.275291799151,-8636.114385754256,-739.8978528547708,-18939.28753040818
2009-06-04,4694.7224986621995,15342.730532346628,252.57798958459432,20290.031020593422
2009-06-05,-12739.13786847765,11476.019649916707,-300.21918662251676,-1563.3374051834599
2009-06-08,-3943.97222579355,6682.10414992593,-473.6528787231613,2264.4790454092185
2009-06-09,5933.4207526159,-4772.012426950518,-100.42893066045622,1060.979395004926
2009-06-10,-3472.232593705475,11445.119706507176,-355.68873657081565,7617.198376230885
2009-06-11,4643.656438059749,-9535.76348284744,143.11044043709842,-4748.996604350593
2009-06-12,-4062.4659789455004,-6685.96552222842,90.33878182711774,-10658.092719346801
2009-06-15,-11487.656399355801,-4781.212815626044,-1574.8562713414956,-17843.72548632334
2009-06-16,1061.4334346286746,-8617.805192459084,-610.4175735872914,-8166.789331417701
2009-06-17,2173.44913254705,958.2727481670008,-580.310986366193,2551.4108943478577
2009-06-18,-3658.1303506802747,17217.35455848681,-193.36832772894752,13365.85588007759
2009-06-19,3438.1716921169,-6688.5416301973455,-377.78422026005035,-3628.154158340496
2009-06-22,-11465.443374260225,-6697.569742694774,-1087.4463170150968,-19250.459433970096
2009-06-23,5752.894731651951,-6706.616146592372,-447.0852864459971,-1400.8067013864188
2009-06-24,311.10310179369986,6706.616146592372,-371.59341900562026,6646.125829380452
2009-06-25,11628.107038024176,-16303.225468859804,722.6483744878963,-3952.4700563477318
2009-06-26,826.6178634777252,-2882.598211706907,-535.2475478853692,-2591.227896114551
2009-06-29,2762.116427121125,-961.237383899359,710.6755632431998,2511.554606464966
2009-06-30,-5878.910815454275,1922.2890752681851,-1075.6767883331797,-5032.298528519269
2009-07-01,5977.1810286327745,1921.5465203380809,269.343590713671,8168.071139684526
2009-07-02,-12456.271874066999,-3843.835595606266,-3213.7025435146675,-19513.810013187933
2009-07-06,-904.7004747784249,961.237383899359,212.45118799257057,268.98809711350464
2009-07-07,-5134.304385041474,-4808.044921591718,455.61593699397207,-9486.73336963922
2009-07-08,-1968.8981222517502,-13487.280255423266,-23.309966801029702,-15479.488344476045
2009-07-09,2352.8083413374497,10600.222191135686,-724.5354265985852,12228.49510587455
2009-07-10,-530.7475694392499,-11564.99798342364,-412.09762051565235,-12507.843173378544
2009-07-13,7814.379930025525,5785.855056129494,-1068.7213710314013,12531.513615123618
2009-07-14,1125.6325029098246,11551.585399020427,-489.5598809436592,12187.658020986592
2009-07-15,10180.834855620651,12484.027856443892,1308.4229508894011,23973.285662953946
2009-07-16,1078.6885337072747,-3837.9020343274606,-396.7911665642987,-3156.004667184485
2009-07-17,259.4074819996504,7672.842438841602,309.46510629297916,8241.715027134233
2009-07-20,9088.2930347801,-5753.521003568203,758.9314772273888,4093.703508439285
2009-07-21,3297.6935515880746,-10565.447257389831,201.3938917719038,-7066.359814029853
2009-07-22,-573.0825895463499,7686.187156791639,-220.61739311019934,6892.48717413509
2009-07-23,1791.2325065635994,13422.297037928089,2362.972690130503,17576.502234622192
2009-07-24,2809.958804472225,-1915.2521382953419,398.9056428736308,1293.6123090505139
2009-07-27,986.8792140253751,4786.745826120241,393.7774447148641,6167.40248486048
2009-07-28,-6754.1076410119,-2871.493687824899,-635.8319098516905,-10261.43323868849
2009-07-29,-5262.71130885755,-2873.155271596508,-361.1716492595747,-8497.038229713633
2009-07-30,5996.104122797299,-1916.3606621651852,1250.5101466593233,5330.253607291437
2009-07-31,10628.540247802675,-14396.307746805018,139.05492608884094,-3628.7125729135014
2009-08-03,5456.9660083425,13437.850110976862,2238.7165524431653,21133.53267176253
2009-08-04,2203.5703826232248,3832.721431294507,324.81079432300317,6361.102608240735
2009-08-05,-2019.7332006927252,9568.880143737522,-463.4986366732843,7085.648306371512
2009-08-06,-2446.168482815,-956.0582627474068,-795.3978916628301,-4197.624637225237
2009-08-07,-3843.5718296817,9552.300286186,1894.0953804760188,7602.82383698032
2009-08-10,-2170.3967958071753,-8596.242023438594,-338.7649187356203,-11105.403737981389
2009-08-11,-1447.3166763397253,-8611.161737682254,-1892.384356641374,-11950.862770663354
2009-08-12,3582.2544231741995,957.5337322400737,1557.2261496858832,6097.014305100156
2009-08-13,6945.197526578975,-12462.358372603296,1114.2344221523645,-4402.926423871956
2009-08-14,-4291.246329570775,-3840.8670962565084,-1181.8584083783605,-9313.971834205644
2009-08-17,-10070.124774151425,-6728.662440830216,525.9048165216598,-16272.88239845998
2009-08-18,3367.5899478963747,2884.82684522395,-716.0838784376224,5536.332914682702
2009-08-19,5955.699879647725,-5771.326862131886,102.56464678537469,286.9376643012136
2009-08-20,2623.682169730275,-2888.174644649378,-173.3362582506217,-437.8287331697249
2009-08-21,7073.002107485326,13463.832038900706,1040.8269449147483,21577.66109130078
2009-08-24,-2489.5537102748654,-7689.157377343392,-131.39336061770024,-10310.104448235958
2009-08-25,2120.78966929555,-2886.500016907936,-75.87592910296337,-841.5862767153491
2009-08-26,-403.9575390841387,-962.5387398480525,-148.6119298392694,-1515.1082087714606
2009-08-27,3335.7781580840247,2887.0580642875793,-49.62498147678929,6173.211240894815
2009-08-28,2118.4710011512,-962.1666543266765,-161.19218070192431,995.1121661225993
2009-08-31,-3052.9285032602247,-5776.908146412621,-570.5195882223748,-9400.35623789522
2009-09-01,-5881.42873461285,-1927.1261908424276,-534.4324208198045,-8342.987346275082
2009-09-02,7524.652317198775,-8681.303287820243,-455.88918802643974,-1612.5401586479081
2009-09-03,4141.34026648105,3860.2240239787025,-435.6699125046788,7565.894377955074
2009-09-04,2814.26503055275,11562.760930983739,148.44806446505743,14525.474026001546
2009-09-08,4298.320022075025,1924.5193244395268,586.532425622213,6809.371772136765
2009-09-09,1986.6440244073,961.980692468409,310.443874510689,3259.068591386398
2009-09-10,6564.71357013075,-11556.05366676201,899.5216987868187,-4091.818397844442
2009-09-11,3413.3400918952125,-1928.6182075939068,-89.47865127992749,1395.243233021378
2009-09-14,-1260.1722353810999,7709.997212798604,459.8718088716573,6909.6967862891615
2009-09-15,3383.3281919862757,4812.693969088905,421.008582794677,8617.030743869856
2009-09-16,6801.3522268274755,961.980692468409,2130.355599350125,9893.68851864601
2009-09-17,-216.21418620362493,-5774.674661557314,-295.1519618804639,-6286.040809641403
2009-09-18,-3159.535848368825,6736.469446074778,42.72628725168914,3619.6598849576417
2009-09-21,-2128.358206599125,0.0,-446.8478883885041,-2575.206094987629
2009-09-22,7585.030907888825,-2885.9421313125495,860.4888144153673,5559.577590991643
2009-09-23,-5110.7704473656,-1924.8914099609028,-1353.995961725353,-8389.657819051856
2009-09-24,-6625.004289679276,-3852.0167364517183,-1766.03688892558,-12243.057915056575
2009-09-25,-1165.4670803827246,-5783.616381148211,-869.777571416801,-7818.861032947737
2009-09-28,3917.6838224603252,-2894.327431084719,2750.5156713170695,3773.8720626926756
2009-09-29,-396.1278450052001,0.0,-94.14197256306522,-490.2698175682653
2009-09-30,3920.2515636371245,0.0,-47.594367588501996,3872.6571960486226
2009-10-01,-9232.27557076035,-9659.910109753378,1131.2993659924828,-17760.886314521245
2009-10-02,1220.4038481032248,2899.937950712854,94.4712350006256,4214.813033816705
2009-10-05,8531.154045770425,0.0,-1253.8108837799982,7277.343161990427
2009-10-06,9882.760624992748,2898.253083112799,-716.5424302906018,12064.471277814946
2009-10-07,2298.8339032145,-5798.191033825653,-578.0318490595278,-4077.388979670681
2009-10-08,5281.916490136151,5798.191033825653,-269.92229111263555,10810.185232849168
2009-10-09,-3629.82109816245,12539.662888160656,-419.552942247968,8490.288847750237
2009-10-12,4451.6089765181005,0.0,-87.86705107572601,4363.741925442375
2009-10-13,2638.98596265445,-5783.616381148211,-289.36621037753696,-3433.996628871298
2009-10-14,3807.286194651775,10598.171857447982,695.9725297735844,15101.430581873341
2009-10-15,-2694.2955460372245,3848.2948014254,-235.6371369457193,918.362118442456
2009-10-16,-755.0772607812999,-5773.558404826312,-841.4996652284615,-7370.135330836073
2009-10-19,5922.355331861851,-1926.008314203973,477.75950681128876,4474.106524469166
2009-10-20,-3212.634256238875,-5782.497530859488,-782.8233150757882,-9777.95510217415
2009-10-21,-818.5159305554,6745.5948038149945,-491.3941865076694,5435.684686751925
2009-10-22,2784.16354621845,1925.6359048013255,147.91274247874497,4857.71219349852
2009-10-23,-5671.565950119525,6733.865601979938,-683.2371032491977,379.06254861121545
2009-10-26,-10602.310345884349,7684.702691862774,-224.83432982009077,-3142.441983841665
2009-10-27,214.899188028291,-9607.73475256926,-279.14304906319387,-9671.978613604164
2009-10-28,-8443.287386320926,-4810.833541273452,515.3584764460177,-12738.762451148361
2009-10-29,10988.008534584826,8656.154677248123,-1142.063012182696,18502.100199650256
2009-10-30,-7696.546946249749,-11544.887855004956,1283.447734543877,-17957.98706671083
2009-11-02,5304.985903021475,3851.271917604885,-904.622724295379,8251.635096330981
2009-11-03,5446.3811471188,4809.903731878228,-742.0523515920792,9514.232527404949
2009-11-04,3784.01839050795,6726.0631214436,-756.036042177243,9754.045469774308
2009-11-05,4484.3381838357745,0.0,-858.9570280959933,3625.381155739781
2009-11-06,1957.914842107075,-2881.4848632802095,-597.607421857326,-1521.1774430304606
2009-11-09,10167.143099560499,-1921.917744010374,2288.4247094942634,10533.650065044389
2009-11-10,396.1176485598751,-1922.6605141530163,-307.1593483007291,-1833.7022138938703
2009-11-11,4666.1509273994,0.0,11.848468247379174,4677.999395646779
2009-11-12,-7793.52673305565,-4809.903731878228,192.9885907526625,-12410.441874181215
2009-11-13,5925.565103739,-1925.263603400912,-506.44555666784186,3493.8559436702462
2009-11-16,10459.250551260875,-9637.497327582827,9.649045256949762,831.4022689349978
2009-11-17,-191.62715533829993,0.0,-327.2764017038483,-518.9035570421482
2009-11-18,1131.41386169425,2893.207281129664,-513.3762756559861,3511.2448671679276
2009-11-19,-3499.3296676398504,-964.2157986102975,-192.5080889356181,-4656.053555185766
2009-11-20,-374.242084259675,964.2157986102975,-412.2387618199781,177.73495253064436
2009-11-23,7416.141160774176,964.0292423950814,-288.5736283252669,8091.59677484399
2009-11-24,2700.375415665525,-4822.012315812699,-376.7825333134027,-2498.419433460577
2009-11-25,8479.3124053923,-3860.9714414063965,-26.39818365944535,4591.942780326458
2009-11-27,-6030.474436967201,-6763.90123360799,775.6933032340144,-12018.682367341176
2009-11-30,3302.5331984864,0.0,-271.9619115924701,3030.57128689393
2009-12-01,6272.412281607625,6763.90123360799,-686.1814123319832,12350.132102883632
2009-12-02,2841.7401367768002,3860.9714414063965,-486.7778374740297,6215.933740709166
2009-12-03,-4212.53363492245,6749.511348484204,-127.95350370319625,2409.0242098585577
2009-12-04,-14568.5595326551,8664.525391695424,-391.7865707112895,-6295.820711670965
2009-12-07,-1375.3826785067251,-3849.0387567559883,-76.6733599384537,-5301.094795201167
2009-12-08,-9175.696444814324,-3852.0167364517183,-115.7829920787492,-13143.496173344793
2009-12-09,888.7785999464501,4814.555476299771,-511.72049681993315,5191.613579426288
2009-12-10,367.35292440612506,3848.2948014254,-222.18516567917845,3993.4625601523458
2009-12-11,-5466.9812493605505,5766.867656312752,-274.7592708027611,25.12713614944039
2009-12-14,4447.039875220676,960.4949365131761,71.04042697069701,5478.575238704549
2009-12-15,-4001.0072112061002,3840.125508723475,-589.7431678921876,-750.6248703748129
2009-12-16,3216.0781027148996,959.5680862932568,-371.21353811929936,3804.432650888857
2009-12-17,-13626.598494998248,-10565.447257389831,-757.0355025886499,-24949.08125497673
2009-12-18,3931.3383628718752,4805.258725859923,-326.48418189767625,8410.112906834122
2009-12-21,-5767.942777332375,13430.070197263296,439.3317204673295,8101.45914039825
2009-12-22,-2616.684299858675,6701.444530293898,246.16011653641846,4330.920346971642
2009-12-23,2702.537181612075,956.6111639012233,-42.72428244408388,3616.4240630692148
2009-12-24,5345.964059017675,4780.291579964702,-162.87188855143597,9963.383750430941
2009-12-28,-121.36676104249999,2865.9654728142923,105.52830091607746,2850.12701268787
2009-12-29,-2752.0954277771752,-2865.9654728142923,-166.4219906346176,-5784.4828912260855
2009-12-30,-916.2917720518495,-1911.563997121135,-195.26419418806995,-3023.119963361054
2009-12-31,-2996.2825870335496,4777.529469935427,405.469732133497,2186.7166150353746
2010-01-04,11149.747827601748,0.0,-474.0566234577841,10675.691204143965
2010-01-05,520.8010256298999,-7646.257052778994,-323.85795209821566,-7449.313979247309
2010-01-06,3917.9604945779997,7646.257052778994,-207.35579146337102,11356.861755893622
2010-01-07,-1995.800359119575,0.0,27.326112738130348,-1968.4742463814446
2010-01-08,3997.0435686853007,-1910.459632011145,-263.9175926906461,1822.6663439835097
2010-01-11,5549.57507749525,1910.459632011145,-241.30313367861334,7218.731575827782
2010-01-12,-6433.113913152451,-10516.643818724217,-564.7122741978662,-17514.470006074534
2010-01-13,4080.9394744793494,5739.114348788789,253.3703559725069,10073.424179240646
2010-01-14,2531.4621613580753,-3825.33874674479,-7.964257887770998,-1301.840843274486
2010-01-15,-6218.45897517885,-5743.541396992732,-915.0926374049533,-12877.093009576536
2010-01-19,1952.6923015959503,2872.6012501299847,667.0818575445523,5492.375409270488
2010-01-20,-10551.94482155,-4788.592297429335,-710.9974188870253,-16051.53453786636
2010-01-21,-7806.414995584751,-5752.410874491528,159.16658158801056,-13399.659288488267
2010-01-22,-5101.373868228225,0.0,1626.1690123221158,-3475.2048559061086
2010-01-25,1607.7906220338,3835.680490496372,-1009.6858996408571,4433.785212889315
2010-01-26,-1566.5312709390748,-958.6425770025235,-294.1530248484483,-2819.3268727900463
2010-01-27,-2713.0594584715996,958.6425770025235,-862.8110001061344,-2617.2278815752106
2010-01-28,-4208.454652886,1916.7303839951564,625.6439774940787,-1666.080291396765
2010-01-29,-4805.3726119246,-4793.213152681143,977.7006731399993,-8620.885091465743
2010-02-01,9655.385216055476,4793.213152681143,-2099.5755634140637,12349.022805322555
2010-02-02,6099.499101463225,-958.2727481670008,-1426.24931041302,3714.9770428832044
2010-02-03,-4778.352843465124,5746.865045596336,18.784179163610304,987.2963812948221
2010-02-04,-18772.132414292602,-10541.003171920864,4184.869661433614,-25128.26592477985
2010-02-05,874.05730050995,-2878.704312517075,-335.45433055193195,-2340.101342559057
2010-02-08,-4029.6282527887497,2878.704312517075,-153.90252982969344,-1304.8264701013682
2010-02-09,7359.3870509747,4794.138126324528,-126.66547398778505,12026.859703311442
2010-02-10,-2395.23951131435,4789.515933761693,-502.8365657967271,1891.4398566506165
2010-02-11,5729.382117857351,957.3491118346428,-373.6021781270509,6313.1290515649425
2010-02-12,-692.005357970475,-3830.504383431151,-697.9187108604918,-5220.428452262117
2010-02-16,13408.286163074676,-2874.818297993341,621.6547573181472,11155.122622399482
2010-02-17,-3920.8952709097,7662.48722624324,46.2245555365044,3787.8165108700446
2010-02-18,-444.18722762004995,4783.0560860413825,70.77498816919103,4409.643846590523
2010-02-19,2331.687914707075,-956.2425098592212,-88.5562830541744,1286.8891217936794
2010-02-22,-1239.11734944515,1912.300772606628,-136.52914091760238,536.6542822438756
2010-02-23,-5330.3422164574995,-10526.783277038689,-954.7173561254141,-16811.8428496216
2010-02-24,1494.420469376375,957.9031333011662,422.97449246704844,2875.2980951445898
2010-02-25,2644.4828122252748,-5750.191580007522,-331.4553733261789,-3437.1641411084265
2010-02-26,4864.753048940224,-2877.5932190270323,-210.848051094068,1776.311778819124
2010-03-01,1574.907215691825,0.0,1075.3162346696038,2650.223450361429
2010-03-02,5513.002891915826,959.3828772436755,225.98066396666283,6698.366433126164
2010-03-03,2826.15272526585,959.1977218103857,-12.598848571268917,3772.751598504967
2010-03-04,-2756.0535544625495,-1918.5805990540612,325.39734344977944,-4349.236810066831
2010-03-05,3140.8363641624505,7669.881665733388,2073.8464089803833,12884.564438876223
2010-03-08,-2950.0842423694003,2873.155271596508,-13.783482664365465,-90.71245343725764
2010-03-09,505.1849749511,-957.5337322400737,227.31856296708662,-225.0301943218871
2010-03-10,-1501.5445528127002,1914.8828440747166,711.9443622233898,1125.2826534854062
2010-03-11,1887.6302272614003,0.0,664.939489563869,2552.569716825269
2010-03-12,450.12952750230664,-1914.8828440747166,-22.70269614780851,-1487.4560127202183
2010-03-15,-672.019476250875,0.0,11.63787888254042,-660.3815973683345
2010-03-16,9279.541817470325,-4790.439837349775,1343.6542968405743,5832.756276961123
2010-03-17,-613.5088332632499,-958.6425770025235,1000.9568011762369,-571.1946090895365
2010-03-18,-1359.7623979793002,2875.37296099768,-121.18724834506267,1394.423314673317
2010-03-19,-7731.135725497101,1915.9910472993506,-918.0061425760329,-6733.150820773783
2010-03-22,1491.5433604660498,-2874.2637954663514,900.2401993640739,-482.4802356362278
2010-03-23,714.6772712727754,1916.3606621651852,-313.63358489646487,2317.4043485414954
2010-03-24,-10981.72699799475,14349.174921513215,375.45890182227026,3742.906825340735
2010-03-25,-653.858001535,6682.10414992593,245.56712235420264,6273.813270745133
2010-03-26,6567.334748583051,-4772.012426950518,-441.9837602141712,1353.3385614183621
2010-03-29,2906.9334687551004,1909.3562236597354,-186.73904420184329,4629.550648212992
2010-03-30,-2436.381883396575,0.0,-346.9066482434613,-2783.2885316400366
2010-03-31,3551.65781341825,-3819.4479466351477,5.156886530315319,-262.6332466865823
2010-04-01,5574.737398556899,4773.850378964067,-104.4233811196591,10244.164396401307
2010-04-05,904.2746396838497,11438.514527871215,-55.50465711294805,12287.284510442118
2010-04-06,19.12197124827493,-2857.1534773526946,-343.81169359983943,-3181.8431997042594
2010-04-07,2382.636186998025,-8581.36105051852,-286.6855049317891,-6485.410368452285
2010-04-08,1176.0549095879999,1908.2537709618628,-64.94700590414482,3019.3616746457174
2010-04-09,6706.984590517325,-954.0350542118977,113.85825689976059,5866.807793205188
2010-04-12,1434.2651684225252,-2863.2073500478728,-221.59319245476183,-1650.5353740801092
2010-04-13,185.78738018675,-2864.8617456661595,88.5029711351919,-2590.571394344218
2010-04-14,3772.209734489975,3819.4479466351477,806.9058055053163,8398.563486630439
2010-04-15,488.86751363405006,-1909.3562236597354,22.163782417980116,-1398.3249276077051
2010-04-16,-9155.313417620424,-6688.5416301973455,-1048.3482041242703,-16892.20325194204
2010-04-19,-184.41583820309998,3823.128100671689,-210.65932361963746,3428.0529388489513
2010-04-20,2061.2618664018746,-955.5058408031473,363.01248134338596,1468.7685069421132
2010-04-21,1408.6398630246,-4780.291579964702,-271.4938692786824,-3643.145586218784
2010-04-22,-3136.6596099211247,2868.727582843567,217.0027120124729,-50.92931506508501
2010-04-23,6068.56400193865,3822.3916444745264,764.7011837505744,10655.65683016375
2010-04-26,-1430.908693343875,-955.3218065502442,-606.0869042111285,-2992.3174041052475
2010-04-27,-3855.114769851675,-11478.231575606536,-1589.7379069537685,-16923.08425241198
2010-04-28,716.3193090270249,8611.161737682254,-249.68579134030477,9077.795255368974
2010-04-29,4377.592501564674,-3825.33874674479,784.1439860859864,1336.3977409058707
2010-04-30,255.67389668885045,-6701.444530293898,-1866.5581544848137,-8312.32878808986
2010-05-03,1512.5138543763999,2873.155271596508,873.0972540272628,5258.76638000017
2010-05-04,-10638.22987668385,-8624.456338275835,-2603.9572692087045,-21866.64348416839
2010-05-05,-2944.2711200204753,-4797.8406996522535,197.3938931226229,-7544.717926550106
2010-05-06,-2013.738717876876,-16347.362806274752,3726.951152381417,-14634.15037177021
2010-05-07,-2465.707809993151,3851.271917604885,3763.919093718471,5149.483201330205
2010-05-10,7832.803161034649,11535.966853321828,-6373.725376874234,12995.044637482242
2010-05-11,3137.8426973792,-960.3094590705005,-486.15110700285413,1691.3821313058456
2010-05-12,4550.425115013275,0.0,-1307.6381041471166,3242.787010866158
2010-05-13,-6122.968010505625,-960.4949365131761,114.65564185887445,-6968.807305159927
2010-05-14,-6987.995675322226,-10577.701197586204,1868.565614811473,-15697.131258096957
2010-05-17,-1854.0191292898003,2887.0580642875793,-443.15815500335987,589.8807799944192
2010-05-18,-5687.725491592099,-8666.200991581725,1212.3375923279198,-13141.588890845906
2010-05-19,-2903.423976959575,-1927.8719827118766,598.4836280174193,-4232.812331654032
2010-05-20,-7181.707315824974,-10616.646301696386,5382.50813238421,-12415.84548513715
2010-05-21,4175.118047394125,-4833.230099292381,-3044.02123785033,-3702.1332897485863
2010-05-24,-4095.008299768825,2900.4998997497314,211.6488481845522,-982.8595518345414
2010-05-25,2139.712386364125,-4835.103535151691,-1242.9412878753717,-3938.3324366629377
2010-05-26,-3193.0413660531503,2901.6242879587226,478.28305279089636,186.86597469646858
2010-05-27,9879.5618319843,12554.237540838098,-4580.63654834664,17853.162824475756
2010-05-28,-3129.0939983151998,-2894.327431084719,1459.8937040786914,-4563.527725321228
2010-06-01,-2880.75212066635,-1930.4856664297404,2196.873268053192,-2614.364519042898
2010-06-02,4848.40020674055,5789.215506498069,-3924.4270124928066,6713.188700745812
2010-06-03,-4744.9380258318,3855.744073676884,-724.6648946586661,-1613.8588468135817
2010-06-04,-7015.6386948927,-18341.404676055354,4805.500577286036,-20551.542793662018
2010-06-07,1652.6339898271506,-2902.1867272575764,1605.758678103399,356.20594067297316
2010-06-08,1908.0004622945246,967.5830918556167,-1806.4628778150152,1069.1206763351258
2010-06-09,-1807.6803794226248,1934.6036354019598,682.7467206765725,809.6699766559075
2010-06-10,3979.5830324226504,12556.669119859103,-4472.326645017267,12063.925507264488
2010-06-11,5074.185739566099,-8689.710516589486,-923.0638894010585,-4538.588666424446
2010-06-14,680.5969124507501,3863.963282895136,151.782546138163,4696.342741484049
2010-06-15,9789.51167122895,3860.9714414063965,-3674.7450219925267,9975.738090642819
2010-06-16,-903.8874380549751,-4826.681641188734,-6.5167719266563395,-5737.0858511703655
2010-06-17,6238.6828792232,-5798.191033825653,-576.6989762541641,-136.20713085661714
2010-06-18,1883.3331506324246,2899.937950712854,-676.2336051385347,4107.037496206744
2010-06-21,-7476.855973796074,1932.3558389376485,184.1387780986139,-5360.361356759811
2010-06-22,-1311.300297173225,-7733.918077609225,770.2187690855169,-8274.999605696934
2010-06-23,14.654108780974909,-4839.791893083569,-218.67714088621426,-5043.814925188809
2010-06-24,-3293.82599578665,968.3337745363133,1422.3845702123726,-903.1076510379639
2010-06-25,5153.2104111884,-1936.8553562437555,-847.2881741690585,2369.066880775586
2010-06-28,-4393.626686863,-6784.914265409311,81.13887797546226,-11097.40207429685
2010-06-29,-8247.0961881398,-7765.483528339784,3310.517898917155,-12702.06181756243
2010-06-30,-282.04512851782516,0.0,615.2922166118344,333.24708809400926
2010-07-01,-5337.436235157899,-971.533942302121,-272.0505016257775,-6581.020679085797
2010-07-02,2532.3962270022753,3885.003885003861,-271.21465175810755,6146.185460248029
2010-07-06,-246.380359733925,-4856.726566294288,-917.2471804724473,-6020.35410650066
2010-07-07,9749.905434869775,4856.726566294288,-3656.9007274886085,10949.731273675456
2010-07-08,1952.652900802675,3881.987577639761,-1224.1481354929888,4610.4923429494465
2010-07-09,2653.028328269225,2909.5133440639274,-891.2749740303667,4671.266698302786
2010-07-12,-2649.0446060759746,969.4614376288882,-415.50471729861016,-2095.0878857456964
2010-07-13,7250.314913340425,6780.966869945188,-911.0596087193983,13120.222174566214
2010-07-14,1477.81843477152,-7750.428307574076,-177.15513800820304,-6449.765010810758
2010-07-15,4873.4156236299,-6791.500921703689,-229.71680186469712,-2147.8020999384853
2010-07-16,-8797.797735992548,-3885.003885003861,1816.2375820165976,-10866.56403897981
2010-07-19,-1057.4537461861999,2914.035829852915,-820.6569807191713,1035.9251029475438
2010-07-20,4100.733379837649,-971.156629253781,-1549.57687487358,1579.9998757102885
2010-07-21,-5840.5925401713,-7776.048299074388,1205.0010857578286,-12411.639753487858
2010-07-22,8940.665199055751,5833.169098475254,-2306.617848055161,12467.216449475844
2010-07-23,-108.58683238272506,5826.374492652883,-1017.7229805558312,4700.064679714327
2010-07-26,2939.62239243765,970.4026622723422,-763.5595434846323,3146.46551122536
2010-07-27,-5432.331797799325,4849.189089411213,-448.1251310193386,-1031.2678394074503
2010-07-28,76.3457780948247,-4849.189089411213,-371.78695005069073,-5144.630261367079
2010-07-29,2065.4896267524746,0.0,-423.94267212394965,1641.5469546285249
2010-07-30,3276.6699338332,-8740.411311498981,-472.08749791931837,-5935.8288755851
2010-08-02,7527.65732169675,4857.669986426671,-66.54970076321831,12318.777607360204
2010-08-03,1874.4404735432,-4857.669986426671,-151.36785302575362,-3134.5973659092247
2010-08-04,2191.99844289835,3886.5133571728898,-5.6553295275705295,6072.856470543668
2010-08-05,218.89538357535008,-3886.5133571728898,-282.36011486453805,-3949.9780884620777
2010-08-06,2882.2192081111248,-7782.094993615834,-542.9224650073579,-5442.798250512067
2010-08-09,2315.881346007825,0.0,268.95238830390156,2584.8337343117264
2010-08-10,-440.7863969355249,-6819.2698833783725,-402.04013200526134,-7662.096412319159
2010-08-11,-7220.214708228275,-6828.564059621287,332.2491991258545,-13716.529568723709
2010-08-12,-5697.1191130069255,1951.967795790948,-41.18261545841051,-3786.333932674388
2010-08-13,-3.7441102982998684,-5858.184611910248,9.602392845380336,-5852.326329363168
2010-08-16,2611.774331381675,-9778.869939358861,-274.90735022831814,-7442.002958205504
2010-08-17,2628.3320190672,5869.6085271241245,-1007.4552536277821,7490.485292563542
2010-08-18,2503.663631396025,0.0,-150.22566650253566,2353.437964893489
2010-08-19,-3373.0580327718,-5869.6085271241245,630.7497597268323,-8611.916800169092
2010-08-20,-3441.5677224988503,3913.8349848893777,-424.1231401119592,48.14412227856815
2010-08-23,-2941.175538748675,-1956.536027046539,-19.954830305813687,-4917.666396101028
2010-08-24,-2037.2070429251496,-9794.13302904959,1173.724146161348,-10657.61592581339
2010-08-25,1860.2258507136498,3919.945577454586,-703.1048538465611,5077.066574321675
2010-08-26,-756.4275584621004,-3919.945577454586,451.1697187214452,-4225.203417195241
2010-08-27,1893.9319278246996,15661.45410139081,-2069.439173415837,15485.94685579967
2010-08-30,-1022.2439006026501,-11741.508523936223,1506.0975181691206,-11257.654906369753
2010-08-31,1786.4261318968747,-6861.913125362706,-408.8676281394257,-5484.354621605256
2010-09-01,5183.134529678449,10778.80161911487,-2969.8802405309834,12992.055908262337
2010-09-02,4770.30344471885,4891.817038747773,-815.7322609085895,8846.388222558035
2010-09-03,1355.933443058075,8793.269716730389,-708.7214137517321,9440.48174603673
2010-09-07,354.20612364232505,-10749.42444564473,-68.93042063180133,-10464.148742634206
2010-09-08,-2645.472233740922,4888.957720350627,-643.7545215634657,1599.7309650462391
2010-09-09,-2113.2482173847498,10738.961698038154,-545.1921722693171,8080.521308384088
2010-09-10,120.20344984600001,3899.3794658128463,-419.46164486289916,3600.121270795947
2010-09-13,4194.60752668765,-6825.906642765949,-463.432174245213,-3094.7312903235124
2010-09-14,9015.85397334885,-5858.184611910248,-16.26935591588108,3141.400005522721
2010-09-15,2234.8268751800997,5858.184611910248,137.37201888172024,8230.383505972068
2010-09-16,895.51461374855,2926.5271769531028,-353.80337342188284,3468.2384172797697
2010-09-17,1646.5495428245752,-1950.8282378599288,-47.946139384080766,-352.2248344194344
2010-09-20,4611.351103796501,-2927.666734884122,147.43536085781273,1831.1197297701915
2010-09-21,4529.5201264524,-10749.42444564473,56.352124198973286,-6163.552194993357
2010-09-22,3135.380120189949,-4893.724644804875,-338.2449186975478,-2096.589443312474
2010-09-23,1031.3221465113502,0.0,104.91847249521413,1136.2406190065644
2010-09-24,3284.9453824326497,5871.897319860822,-193.38379201144562,8963.458910282026
2010-09-27,3769.3348845987744,-7830.723478641543,-186.296675944007,-4247.685269986776
2010-09-28,3180.98446791075,-5881.065891233862,6.84108661243954,-2693.2403367106726
2010-09-29,1595.5627896850501,3921.4754616147766,-102.37026982827047,5414.667981471556
2010-09-30,-74.03255459230006,979.8907766172924,-243.05804465727476,662.8001773677177
2010-10-01,3021.15032181545,979.6996530017932,-387.4708198627985,3613.3791549544444
2010-10-04,952.0535762617003,-3919.945577454586,-325.28578296913935,-3293.177784162025
2010-10-05,8035.6111005767,0.0,656.7152941356511,8692.32639471235
2010-10-06,6051.941175753577,-8831.073566081839,-286.1930084681745,-3065.3253987964363
2010-10-07,-1247.0979926365496,0.0,-320.55901871524384,-1567.6570113517935
2010-10-08,4102.7847295925,0.0,221.768721119318,4324.553450711818
2010-10-11,2568.412196724725,0.0,-358.4911728186029,2209.921023906122
2010-10-12,-2327.4319713006753,2945.415334255442,253.74817353930013,871.7315364940666
2010-10-13,6562.698528658275,1962.6519902472792,1033.3343608070145,9558.684879712568
2010-10-14,-241.6716280731001,5883.361389414618,-673.6029957693645,4968.086765572154
2010-10-15,-700.6781930818751,6855.223796529812,138.50813360595993,6293.053737053897
2010-10-18,1614.6523040353504,-6855.223796529812,731.4010289113853,-4509.170463583076
2010-10-19,-10838.81683787675,-1960.3551478355002,-2241.4059009488587,-15040.577886661109
2010-10-20,1037.1772298443,980.2731916695338,1501.498007365754,3518.9484288795875
2010-10-21,-337.07843484264953,5877.625162101918,338.43856904766415,5878.9852963069325
2010-10-22,213.24992785449993,1957.68059059386,298.3808547162834,2469.3113731646436
2010-10-25,3298.909801534725,0.0,416.22885742738447,3715.1386589621093
2010-10-26,-1485.710484227275,7823.095283031453,16.281124239000633,6353.665923043179
2010-10-27,-6484.868884131475,7810.91333417227,21.694610836505035,1347.7390608772998
2010-10-28,3415.6734847557254,-5857.044055064747,-96.65539655732402,-2538.0259668663457
2010-10-29,3921.103387798174,-5863.892396549763,-27.358141864482377,-1970.1471506160717
2010-11-01,1891.286458222125,2932.802991436285,98.30132916852108,4922.390778826931
2010-11-02,2739.694459161175,-2932.802991436285,-152.14067305315382,-345.2492053282639
2010-11-03,2308.974094716525,3910.0231174422406,-918.3094579358198,5300.687754222946
2010-11-04,16733.525795937127,-13698.428302943972,655.264436805723,3690.3619297988776
2010-11-05,2303.1107924791495,4896.588146753958,105.10890047284249,7304.807839705951
2010-11-08,-529.1679435443252,1957.2989578428387,-338.722582143383,1089.4084321551304
2010-11-09,-11617.816827305325,11727.787797635323,-545.840334035347,-435.8693637053493
2010-11-10,3200.2176753190247,-6837.87724976597,-42.73942158266664,-3680.398996029612
2010-11-11,-392.413232532475,0.0,-461.30743083823234,-853.7206633707074
2010-11-12,-15197.531013664824,10741.053025156438,-323.61100734649284,-4780.088995854879
2010-11-15,-4652.5744657899495,15582.363608554695,-438.4972491338459,10491.291893630898
2010-11-16,-6996.340568627999,-6811.318540900307,223.24768276494922,-13584.411426763358
2010-11-17,-3277.0302351313003,3893.316880604598,-542.4889826397248,73.79766283357276
2010-11-18,7491.15029940775,972.8562710645419,-885.1912867882845,7578.815283684006
2010-11-19,3307.8406815095504,-1945.9016665986437,-296.6581768067158,1065.280838104191
2010-11-22,5124.511271497075,-7791.178268210197,-206.37339578774316,-2873.040392500865
2010-11-23,-4003.2455229185002,-2924.819087161104,-101.97224047633568,-7030.03685055594
2010-11-24,-3451.783639378675,15579.333639569377,-146.84690755474605,11980.703092635957
2010-11-26,-4189.023670823025,-5836.570859356043,-115.04213852971645,-10140.636668708783
2010-11-29,132.3555859034499,-2920.8393550832243,-494.3449605661243,-3282.8287297458987
2010-11-30,31.777584723599595,-2922.543959317263,-76.09882489005315,-2966.865199483717
2010-12-01,-265.39925503825043,15567.222596934473,181.29233802692113,15483.115679923143
2010-12-02,4767.606376764049,3884.249478669116,1230.3836950195973,9882.239550452763
2010-12-03,7678.254721745825,1940.9937339539883,288.3057057930962,9907.55416149291
2010-12-06,6925.710021653924,-7768.499836215653,-261.16366716984453,-1103.9534817315737
2010-12-07,-11188.930500544728,19398.655795572053,-158.30917254011467,8051.4161224872105
2010-12-08,-5176.591648876651,10637.230174169828,-196.31347481187333,5264.325050481304
2010-12-09,2691.921110708025,-2898.814542457534,-268.4876580906348,-475.3810898401439
2010-12-10,-771.7415577168998,8691.393427821418,275.00838757227086,8194.66025767679
2010-12-13,1290.9618177388252,-2895.448231690749,-154.11779752108146,-1758.604211473005
2010-12-14,1536.2387676212502,19271.27975638784,-87.59388348795483,20719.924640521134
2010-12-15,-5548.8178659487,3845.321135974671,-254.59520119677848,-1958.0919311708076
2010-12-16,-1303.146117132425,-5769.096612960544,-102.58519576044023,-7174.8279258534085
2010-12-17,3438.2374202745245,-13487.280255423266,-617.2185620333721,-10666.261397182112
2010-12-20,846.275426111725,2893.207281129664,131.8712663890622,3871.3539736304515
2010-12-21,1607.4242019725248,-964.2157986102975,407.40497841937184,1050.6133817815992
2010-12-22,-949.67472707725,964.2157986102975,-174.59401187817036,-160.05294034512292
2010-12-23,-1478.2932082270252,4818.28173224919,11.390683675749358,3351.379207697914
2010-12-27,824.9884909622999,-4818.28173224919,243.77322973586502,-3749.520011551025
2010-12-28,3850.08149397495,13479.457381732303,-76.2687824241084,17253.270093283147
2010-12-29,1897.73212715095,-14443.673180342601,-166.52792155593943,-12712.46897474759
2010-12-30,484.34028461630015,2892.087781322174,-291.3168325082509,3085.1112334302234
2010-12-31,5825.416765354,-7715.9670138664005,-104.02317819508511,-1994.5734267074859
2011-01-03,1559.0645855410999,5788.095031154524,1086.8844236877387,8434.044040383364
2011-01-04,-5528.415506365106,0.0,-280.5229586397857,-5808.938465004891
2011-01-05,-2788.3449019801,13479.457381732303,592.4756671784692,11283.588146930671
2011-01-06,-3306.9619537708504,-5772.442471726281,-407.6544874911008,-9487.058912988232
2011-01-07,-2686.26604683825,-9635.63311759993,-489.7578623815235,-12811.657026819703
2011-01-10,-94.97843951649992,-1929.3648658237107,-311.6799203476397,-2336.0232256878503
2011-01-11,2719.5439204162,4822.012315812699,409.6804686448188,7951.236704873717
2011-01-12,2908.8491216603006,2890.968931159223,1551.49502507847,7351.313077897994
2011-01-13,1418.6995748154247,-5783.616381148211,-372.4396729843207,-4737.356479317107
2011-01-14,2810.52250503645,964.4024089836093,1363.0032235053484,5137.928137525408
2011-01-18,-604.0322066858247,3855.744073676884,298.2018703980174,3549.9137373890767
2011-01-19,485.36026992375025,-1927.4990326715051,-1974.8475698878174,-3416.986332635572
2011-01-20,-5660.597351300375,9630.04373189852,178.64366966296075,4148.090050261107
2011-01-21,1367.7261290730498,-2887.0580642875793,138.26763421170085,-1381.0643010028286
2011-01-24,2959.392927732175,-962.7248635528595,-407.23196224088554,1589.43610193843
2011-01-25,1340.07139978815,-7708.505845063461,-174.84372540074844,-6543.278170676059
2011-01-26,2241.875795458775,9633.769448464373,-441.4167059990177,11434.22853792413
2011-01-27,-4243.861701682775,-2888.174644649378,-243.20792176017392,-7375.244268092327
2011-01-28,1527.021712700925,-5781.379005204697,1045.8204102243087,-3208.5368822794626
2011-01-31,-2653.590327382175,5781.379005204697,-298.31849821485434,2829.470179607668
2011-02-01,7174.783330151551,5774.674661557314,-204.3052459621606,12745.152745746704
2011-02-02,367.60875394297506,3846.064229123309,-460.20142475791204,3753.4715583083726
2011-02-03,2238.43755861645,5763.526642638622,-246.30240816414073,7755.6617930909315
2011-02-04,-5386.954862953725,9591.053852333396,-198.17494266183644,4005.924046717835
2011-02-07,575.962369738575,0.0,613.2056900485097,1189.1680597870848
2011-02-08,2480.931062536125,6702.736873419592,267.1913445151901,9450.859280470906
2011-02-09,1367.4659513931501,-9578.109834417271,-432.04264722139385,-8642.686530245513
2011-02-10,580.67698706325,4791.3640082970305,-52.82438807784473,5319.216607282436
2011-02-11,-543.6274341803497,-5750.191580007522,595.2966047142177,-5698.522409473655
2011-02-14,175.20487464059994,-1918.2103417833569,281.2206213095685,-1461.7848458331885
2011-02-15,1157.02998305685,-959.3828772436755,-558.0678806572835,-360.420774844109
2011-02-16,1786.881470933425,959.3828772436755,916.3698853405506,3662.6342335176505
2011-02-17,4833.7938479063005,-3838.642977841868,370.3173004510365,1365.4681705154692
2011-02-18,2081.9000234557498,959.938665324793,249.398135945885,3291.2368247264276
2011-02-22,-1615.9264393295252,-12493.67688388181,-2722.0953230802447,-16831.69864629158
2011-02-23,-88.49336119932494,2885.9421313125495,-721.1834308243681,2076.265339288856
2011-02-24,240.02261411779992,-2885.9421313125495,-588.5097376711244,-3234.429254865874
2011-02-25,6120.07449785615,-3850.5273147622283,809.9204158799438,3079.4675989738653
2011-02-28,392.9178606207498,0.0,822.8275787457893,1215.7454393665391
2011-03-01,1929.3598837474506,-963.0972729555069,-2814.2161990157942,-1847.9535882238506
2011-03-02,-1879.4459406439753,4813.624587717735,-75.3757752000972,2858.8028718736628
2011-03-03,987.9107697134494,11533.738218557017,3098.9151632030384,15620.564151473505
2011-03-04,3834.2598064924246,-8647.796087244467,-141.0306865360269,-4954.56696728807
2011-03-07,-1358.519821038475,1923.032060706486,613.2810407248996,1177.7932803929107
2011-03-08,459.6683443881999,4804.330532119442,-551.6694937892908,4712.329382718352
2011-03-09,4.485809060874864,-7689.157377343392,-9.669712416638276,-7694.3412806991555
2011-03-10,-5434.772522449175,-10592.02442436693,752.1964463172424,-15274.600500498862
2011-03-11,131.35628692072504,2890.968931159223,-1240.1599853396306,1782.1652327403172
2011-03-14,2604.964726806475,-3854.9981735543042,441.4521823748174,-808.5812643730118
2011-03-15,-5652.486385155574,-2893.207281129664,1712.0891881730954,-6833.604478112144
2011-03-16,-2712.986264555724,-10622.81518553655,3042.4306588259783,-10293.370791266296
2011-03-17,2038.7254785333002,2899.376164969828,-2336.872401049689,2601.22924245344
2011-03-18,5943.338082557099,2897.691786872372,-1250.2430209088686,7590.786848520604
2011-03-21,6371.129031795325,5790.336307230107,-2527.663362791799,9633.801976233633
2011-03-22,-77.69294759340009,0.0,-259.32806985471757,-337.0210174481177
2011-03-23,1841.7143052239499,1928.6182075939068,-753.8171482863874,3016.5153645314695
2011-03-24,-2004.0336298814002,5781.379005204697,-938.5545700703659,2838.790805252931
2011-03-25,1330.9863563358251,3850.5273147622283,-284.7344966026668,4896.7791744953865
2011-03-28,-4412.407404569725,962.1666543266765,359.41473845313965,-3090.826011789909
2011-03-29,1308.1035068180247,2885.3844074387016,-731.6069243021417,3461.8809899545845
2011-03-30,3966.1741758080257,-2885.3844074387016,-239.09415760805075,841.6956107612733
2011-03-31,1332.7158846677748,0.0,-307.33056488671195,1025.385319781063
2011-04-01,1065.419721164425,-962.1666543266765,-192.40717942405183,-89.15411258630331
2011-04-04,3055.945781254675,-962.3526701128503,-204.75380446073643,1888.8393066810881
2011-04-05,2561.4768427184254,4809.903731878228,-373.438617423119,6997.941957173534
2011-04-06,268.01066141422,5765.753662373099,-159.89650327759364,5873.867820509726
2011-04-07,1652.9109917070748,1920.4334944185393,-468.4220255567766,3104.9224605688373
2011-04-08,-167.03653260472504,959.938665324793,-417.16167047202646,375.74046224804147
2011-04-11,573.70816238485,0.0,-814.9791011424838,-241.27093875763387
2011-04-12,-2699.7989074247,-6723.465307963415,-443.193373720149,-9866.457589108264
2011-04-13,2126.610967085064,-2884.269444605845,-559.7369850271292,-1317.39546254791
2011-04-14,2105.4528248711,1923.032060706486,-777.6723972366,3250.812488340986
2011-04-15,4710.158799875175,-7696.590465532798,-614.0737150593623,-3600.505380716985
2011-04-18,-1022.5647454640998,-2889.291872898859,689.5432417914975,-3222.313376571461
2011-04-19,-1548.13712003635,-963.4698984877177,-780.1421807386504,-3291.7491992627183
2011-04-20,5366.74034737455,3852.7617713865766,-206.8048731650407,9012.697245596086
2011-04-21,4921.491794101749,-962.9110412484661,-51.3372355726176,3907.2435172806654
2011-04-25,877.095773595575,-2889.8507301381105,301.31458211988615,-1711.4403744226495
2011-04-26,2745.788218852175,-4820.146482660493,392.3142319162025,-1682.044031892116
2011-04-27,7541.80763059245,4820.146482660493,366.9553907853853,12728.909504038329
2011-04-28,4364.41057024,-4820.146482660493,-40.660500604943195,-496.39641302543635
2011-04-29,6390.8940888640245,-1929.3648658237107,203.46296324924396,4664.992186289558
2011-05-02,-4543.466268224275,-964.9625652610084,71.4422683652387,-5436.986565120045
2011-05-03,-617.375607403675,-2896.008876145388,-331.9469105639925,-3845.3313941130555
2011-05-04,-4481.341471271025,-2897.691786872372,-697.8683880309618,-8076.901646174359
2011-05-05,-8409.039600553077,-6767.833734694341,-421.80262893808873,-15598.675964185506
2011-05-06,-455.9475892223002,967.3955575805558,128.00992171104042,639.4578900692959
2011-05-09,1575.3329766436752,-1934.9786494361724,-357.34092361442293,-716.9865964069202
2011-05-10,2198.482175082325,5802.686627007308,335.5325521710668,8336.7013542607
2011-05-11,-3452.1854901269494,-3867.7079775711354,-1023.5017408362453,-8343.39520853433
2011-05-12,-2774.6683400375746,2901.062012143957,-19.903005408721697,106.49066669766069
2011-05-13,-2130.308967010025,-3868.4575697245127,-661.6410041983797,-6660.407540932918
2011-05-16,-4259.3825607262,-2903.312096560603,-320.27820926585093,-7482.972866552654
2011-05-17,1026.42146946965,-2905.0013782304086,-507.01269159600315,-2385.592600356762
2011-05-18,4217.959926480576,5808.313474791012,57.11619037423077,10083.389591645819
2011-05-19,699.9952061037749,-967.5830918556167,-132.6032069041574,-400.19109265599917
2011-05-20,2813.8627564112253,-1935.7290047049864,-688.1290487730212,190.0047029332177
2011-05-23,-5703.8912053657,-1936.4797965229664,-709.1732394150015,-8349.544241303669
2011-05-24,106.95975584165012,-968.5215817074422,-535.1159269873591,-1396.677752853151
2011-05-25,1949.2831519058866,968.5215817074422,-566.4724020221712,2351.3323315911575
2011-05-26,1670.2712152576,-5813.94851105111,-410.9944337159277,-4554.671729509438
2011-05-27,4303.559982825125,0.0,-81.25688951410837,4222.303093311017
2011-05-31,3314.0332398451746,-1939.4873360656438,-373.14357561385236,1001.4023281656785
2011-06-01,-1340.0990143465995,-8737.017470641906,1647.8433846633322,-8429.273100325172
2011-06-02,-3889.8466923026,7766.991462643622,-223.7833319232152,3653.361438417807
2011-06-03,2131.48881131805,-4852.955632790707,348.7677562808429,-2372.6990651918136
2011-06-06,517.6174770949999,1941.7475911183217,977.4285965934339,3436.7936648067553
2011-06-07,-1022.18431476615,0.0,-234.6121793306324,-1256.7964940967825
2011-06-08,235.05714294855002,-2912.904220372103,584.622406550686,-2093.224670872867
2011-06-09,709.6054745333504,2912.904220372103,-1284.0568590740986,2338.4528358313546
2011-06-10,-6386.126129759625,-1941.7475911183217,1813.8580453512532,-6514.015675526693
2011-06-13,-5992.916154719274,970.9680551509458,25.13770500883794,-4996.810394559491
2011-06-14,4142.9668091374,10668.218407525947,-1989.4632646875436,12821.721951975804
2011-06-15,-469.04648160299996,-12610.343091930674,2903.0116269149817,-10176.377946618692
2011-06-16,-3689.2430636699,-4858.613681474955,-14.96023689312409,-8562.816982037979
2011-06-17,2489.5199686472497,972.1003243020659,-758.4482654128308,2703.172027536485
2011-06-20,2550.3222770448497,2915.1680988758767,-1272.3948217701277,4193.095554150599
2011-06-21,4986.6027678178,1942.501887550794,-2031.2024717376148,4897.9021836309785
2011-06-22,-253.04775459259972,1941.7475911183217,435.8831269860346,2124.5829635117566
2011-06-23,-5010.4111238908245,-7771.517901847058,409.2247097002968,-12372.704316037585
2011-06-24,-6178.405122722224,-4863.336284198076,1856.4429138523408,-9185.29849306796
2011-06-27,-1395.2899344317752,6807.34808378347,-1503.151333360858,3908.9068159908365
2011-06-28,4354.202546061975,9708.740151932332,-2142.7051219333143,11920.237576060994
2011-06-29,2947.4892755830997,8721.769621653068,-1603.5769865915909,10065.681910644576
2011-06-30,1605.7247551191751,3871.458118547256,-1308.2207513904364,4168.962122275994
2011-07-01,1514.1093555193502,3868.4575697245127,-1098.5369896792179,4284.029935564645
2011-07-05,6202.188658182575,-5803.8113422476035,-265.88904811379166,132.48826782117953
2011-07-06,743.90614146895,-3872.959702267921,-297.32332250750915,-3426.37688330648
2011-07-07,340.45454084062493,4840.730382935395,-128.47249917632553,5052.712424599695
2011-07-08,3279.26028923375,-13565.884964061386,-778.4879678599026,-11065.112642687538
2011-07-11,-3283.7518590718255,-8740.411311498981,1062.6622019167407,-10961.500968654065
2011-07-12,-1640.9452923755252,-1944.3895526703309,470.4808093022024,-3114.8540357436536
2011-07-13,2198.9267281739253,0.0,-108.22294959649525,2090.70377857743
2011-07-14,2183.985004111725,5830.90290984322,222.6298699903424,8237.517783945288
2011-07-15,2182.44235827435,-3886.5133571728898,-824.4906606769007,-2528.56165957544
2011-07-18,-619.6399506531249,0.0,511.08792391487157,-108.55202673825329
2011-07-19,1704.8490399217253,-2916.8677401734094,-856.9406942215636,-2068.959394473248
2011-07-20,1888.8939194053503,4860.501896747165,-277.2927051397005,6472.103111012815
2011-07-21,1848.192440167025,6796.777154925225,-164.6247736906048,8480.344821401646
2011-07-22,5807.92867776535,-3882.7413250723102,-146.16017731772502,1779.0271753753145
2011-07-25,-795.8937772464499,3882.7413250723102,238.97068687720946,3325.81823470307
2011-07-26,505.8012038744499,-3882.7413250723102,-17.018552945586407,-3393.958674143447
2011-07-27,-4139.053741894525,1941.7475911183217,631.756116105251,-1565.5500346709523
2011-07-28,-2373.241018417125,-2912.904220372103,111.37516974709172,-5174.770069042136
2011-07-29,2116.2024900636,-15564.19704288568,531.4758641473674,-12916.518688674712
2011-08-01,-507.53400849427476,-4873.750278158652,-753.3903375556434,-6134.67462420857
2011-08-02,0.08623049709932488,-10738.961698038154,2092.6405581018485,-8646.234909439207
2011-08-03,-55.29196245312507,-1955.0115030599336,-1174.4879679085188,-3184.7914334215775
2011-08-04,-6878.559994891776,-16648.410146238995,7647.973109428445,-15878.997031702327
2011-08-05,-6593.257557206201,10778.80161911487,101.57047828183252,4287.114540190502
2011-08-08,-721.0070371760983,-17650.096266328714,11777.260610913218,-6593.842692591596
2011-08-09,12863.93762706005,-19684.136497064566,-8373.521459552838,-15193.720329557354
2011-08-10,4405.4990078614255,-2959.267266271054,7693.250318568015,9139.482060158387
2011-08-11,-2801.892744542374,16746.241119208178,-7400.130494374601,6544.217880291203
2011-08-12,4061.3620209128253,-9843.985634432785,-1412.600824830946,-7195.224438350906
2011-08-15,7823.17541361025,4924.398718485929,-3869.9781565013113,8877.595975594868
2011-08-16,4928.870718955624,-5909.856499790709,1415.702737373028,434.7169565379436
2011-08-17,1931.547365605475,-5916.797703470613,-203.8073557050204,-4189.057693570158
2011-08-18,-4490.9067194186255,-8888.238086194178,7920.565783583183,-5458.57902202962
2011-08-19,-2556.6680616157505,-988.5495632261736,2892.899247904481,-652.3183769374432
2011-08-22,6889.203774529325,2965.0677594748704,-100.16671785119158,9754.104816153003
2011-08-23,-2613.5697454904757,4937.9093850481,-5673.37487011979,-3349.0352305621655
2011-08-24,-6495.606108223151,13800.464708158703,-367.00774951400206,6937.85085042155
2011-08-25,-1703.656551024575,-5909.856499790709,1471.0027037991154,-6142.510347016168
2011-08-26,11027.229713964449,-3943.7598027438653,-2238.968735692154,4844.5011755284295
2011-08-29,2452.0122725802994,8869.121728858358,-926.75527562659,10394.378725812066
2011-08-30,10266.07046093745,-8869.121728858358,134.04524259755135,1530.9939746766436
2011-08-31,-3297.816090763025,3943.7598027438653,-572.9507476399363,72.99296434090411
2011-09-01,-1452.2887296902252,-7890.608208367994,-804.5730449587296,-10147.469983016948
2011-09-02,1282.6898141369497,-12848.631889383163,-171.4534772506795,-11737.395552496893
2011-09-06,-3636.277068653625,-3960.0155309502297,943.861247409771,-6652.431352194084
2011-09-07,-3537.7683269104014,6927.98993452423,-1296.043489034787,2094.178118579042
2011-09-08,6667.919951568199,-4947.593932232339,-304.9140921328899,1415.4119272029702
2011-09-09,-10198.704105292749,-6934.786079643309,1154.817370669875,-15978.672814266183
2011-09-12,-10302.568250438075,991.2668237949983,-424.8046785557875,-9736.106105198864
2011-09-13,5264.556375534075,5943.51925584831,-1030.3550420919833,10177.720589290402
2011-09-14,2183.0902092689253,2969.1382580670906,-1002.1079258935259,4150.120541442489
2011-09-15,-496.38651718320006,5933.041479534644,-511.1165031830964,4925.538459168348
2011-09-16,6508.8293758308255,-988.3559008570301,-260.4993335053223,5259.974141468473
2011-09-19,-7399.315133163475,-10884.70916057122,-505.06149552553126,-18789.085789260225
2011-09-20,1825.9903092378247,-1981.561569594909,-437.02730146398494,-592.5985618210693
2011-09-21,-7922.768441612799,-6941.592229884001,135.42197076239404,-14728.938700734407
2011-09-22,-14504.751919683651,-15902.372402374443,1648.1793437907654,-28758.94497826733
2011-09-23,-16584.154368383974,11931.46381839583,-882.9686169716595,-5535.659166959803
2011-09-26,2556.506422672725,6947.044366966424,-1938.3815636307418,7565.169226008406
2011-09-27,5367.6176195679745,8917.903340317614,-989.184177972291,13296.336781913298
2011-09-28,-10883.530075798224,2969.1382580670906,380.26597720894983,-7534.125840522183
2011-09-29,3501.572244107625,-3959.239171459223,-1449.3198824922615,-1906.9868098438596
2011-09-30,-3292.991283214051,-6936.146508653619,1360.4293849416963,-8868.708406925973
2011-10-03,-4540.905814171026,-11912.729426060876,2908.321635305761,-13545.313604926141
2011-10-04,-4191.692229207774,993.8000385555788,-3745.741249889338,-6943.633440541534
2011-10-05,8955.904345433624,10918.929387505297,-3293.4744909701976,16581.359241968723
2011-10-06,4528.5488641355,8916.154217035059,-951.9804961039853,12492.722585066575
2011-10-07,-3365.3317160221254,8900.435238004095,-412.2601891047708,5122.843332877199
2011-10-10,11120.992801039723,0.0,-894.4718341240474,10226.520966915676
2011-10-11,3898.001365194475,7898.335387475658,-304.4594437535153,11491.877308916617
2011-10-12,3301.0762373860007,5915.639987245217,-472.5826223603349,8744.133602270884
2011-10-13,1691.2888941961246,-4929.217584048645,-639.1918804256206,-3877.1205702781413
2011-10-14,3658.430268386425,6899.554939471753,122.18649011610694,10680.171697974283
2011-10-17,-1785.2354275388,-7885.977342668324,281.7428511862161,-9389.469919020908
2011-10-18,925.6812938197504,986.4224031965714,437.56680187580343,2349.670498892125
2011-10-19,-5720.5306450405005,-986.4224031965714,-172.71360005585734,-6879.6666482929295
2011-10-20,-2270.158654790875,1972.6517687408777,118.20577921037767,-179.30110683961965
2011-10-21,7252.69654385495,2957.530437199559,294.4733986556827,10504.70037971019
2011-10-24,6508.0466803262,1970.7228080312489,701.3380834526793,9180.107571810127
2011-10-25,5565.19624855805,-10848.526137240042,-1798.247199175318,-7081.57708785731
2011-10-26,3082.596676260375,8877.803329208793,224.61398150107215,12185.01398697024
2011-10-27,8219.642421816876,18690.791521688858,4373.744576973607,31284.17852047934
2011-10-28,6836.768605109025,-7861.348105951292,-227.85135603233186,-1252.4308568745992
2011-10-31,-6751.131998853475,-16746.241119208178,-3545.8186285388997,-27043.19174660055
2011-11-01,-9031.722073300625,-15812.155127949576,-2675.5813951756872,-27519.458596425888
2011-11-02,2235.607331979499,1979.2314630777837,984.3398143264857,5199.178609383769
2011-11-03,7863.309182097175,5933.041479534644,2028.0420241488457,15824.392685780665
2011-11-04,488.4772099172999,-2965.648746604522,-1246.6485243305171,-3723.820061017739
2011-11-07,7073.149109869099,-1978.0679507438763,801.0448863850374,5896.12604551026
2011-11-08,-553.2272843476499,5931.878992740065,2066.2120149930647,7444.863723385481
2011-11-09,-8103.855728701726,-9890.342032993402,-5804.515453669893,-23798.71321536502
2011-11-10,-5712.6303587532,3958.4630402533367,691.3470333157878,-1062.8202851840756
2011-11-11,9129.7053122687,0.0,3058.316298605144,12188.021610873842
2011-11-14,1316.9253976882253,0.0,-1894.9496550939903,-578.024257405765
2011-11-15,-1843.0150904616503,1978.0679507438763,868.6963281895341,1003.7491884717601
2011-11-16,-7926.4598029756235,-4946.624196007906,-3135.297020230688,-16008.381019214217
2011-11-17,-11237.948951589,-4951.475730134975,-202.8135582826991,-16392.238240006674
2011-11-18,-105.47980717709991,4951.475730134975,-1593.0283661303265,3252.967556827548
2011-11-21,-8996.4376074058,-3960.7921188158216,147.67272190752578,-12809.557004314096
2011-11-22,1687.4180381010501,-2972.6339320217958,-675.4400951311652,-1960.6559890519109
2011-11-23,-4754.2198379397505,-4958.279877781009,1377.4981250713197,-8335.001590649441
2011-11-25,-4639.049462339074,7930.913809802805,23.814124101789957,3315.6784715655212
2011-11-28,11726.735093175737,0.0,-2260.750769934738,9465.984323240998
2011-11-29,672.432775527675,2970.8853238265147,-1005.6085951926548,2637.709504161535
2011-11-30,13572.976410286026,7913.823836744705,-724.2941351702399,20762.506111860494
2011-12-01,1390.321802324825,2964.486943056356,-450.70936659521976,3904.0993787859607
2011-12-02,1593.7856624374251,-5930.716847568721,-288.5756072666368,-4625.506792397933
2011-12-05,-2034.1574811392998,-989.1308919790026,565.8054977210867,-2457.4828753972156
2011-12-06,108.30747330437505,3955.360796491368,-159.83267837770399,3903.8355914180393
2011-12-07,4337.733323251625,-5934.204308086366,196.91241530553327,-1399.558569529208
2011-12-08,-9530.650724307325,-2969.7204420504713,-1057.119252413763,-13557.490418771558
2011-12-09,2018.3703456100998,7915.375186910664,-766.3992264124388,9167.346306108324
2011-12-12,-9036.982659450648,-3956.1360154514405,-1568.119631050827,-14561.238305952917
2011-12-13,-10502.321980793124,-6930.707193212758,-816.1799436582555,-18249.209117664137
2011-12-14,-13460.088098478402,-3964.678486900084,-316.1402514458871,-17740.90683682437
2011-12-15,-827.3707060581002,0.0,-630.5220408378744,-1457.8927468959746
2011-12-16,7093.39727567505,-5952.856153411529,-593.2712720754267,547.2698501880944
2011-12-19,-2278.2577122027997,-3972.468402774204,-181.7459503675991,-6432.472065344603
2011-12-20,8004.665522486725,11908.052722383174,85.49362417289785,19998.211869042796
2011-12-21,1497.0885416665,3963.1232535564195,-553.6254252124379,4906.586370010482
2011-12-22,-191.08609850089996,-990.4893215346237,693.0177028405815,-488.55771719494214
2011-12-23,1937.8500935954999,5940.023581893605,1074.0218167887842,8951.89549227789
2011-12-27,-1802.3714866737996,-989.5187294087518,20.61857074097162,-2771.2716453415796
2011-12-28,-7657.4466534999,-8914.405608301648,-2273.491521424356,-18845.343783225904
2011-12-29,-1050.529952606925,-1983.1172606743057,1412.2695248930236,-1621.377688388207
2011-12-30,2930.9933205661255,-1983.8957933117053,-1061.203453333535,-114.10592607911485
2012-01-03,8373.942227492375,7930.913809802805,-395.33511210696304,15909.520925188217
2012-01-04,3080.6757599500497,2970.8853238265147,-580.6281720915649,5470.932911684999
2012-01-05,16.445873674650336,1979.6195286583388,-531.3371529850315,1464.7282493479577
2012-01-06,-3218.5207369009,-3960.0155309502297,-705.6277745593462,-7884.164042410476
2012-01-09,-2732.401115876275,0.0,80.07435175086641,-2652.3267641254088
2012-01-10,6930.749425853225,1980.396002291891,-72.67898762282243,8838.466440522292
2012-01-11,2731.722747769825,-6934.786079643309,-12.741782972781834,-4215.8051148462655
2012-01-12,638.4101918056003,991.2668237949983,-356.78394981280803,1272.8930657877906
2012-01-13,-43.928213479775025,-4958.279877781009,-274.24566550716634,-5276.453756767951
2012-01-17,3539.3301467558,-1984.6747844939528,527.7828785104788,2082.438240772326
2012-01-18,5228.648814587925,4960.226496077521,-58.555969903054006,10130.319340762391
2012-01-19,1572.3301441228498,8916.154217035059,-124.94694116244176,10363.537419995468
2012-01-20,3299.0960254934,3957.6871372430323,-331.1834230311206,6925.599739705312
2012-01-23,-1071.334376690975,3954.5858053693955,-362.1750113889135,2521.0764172895074
2012-01-24,977.6968820417752,-988.3559008570301,-251.26083947087352,-261.9198582861284
2012-01-25,10262.770494065098,-6923.917041755398,664.2020232846662,4003.0554755943667
2012-01-26,2588.160297918175,-4951.475730134975,-796.2987552637414,-3159.614187480541
2012-01-27,2893.69290138525,-2973.217144497641,-270.10762352381334,-349.63186663620445
2012-01-30,789.6993475802246,-5951.687838479964,-409.1229402068137,-5571.111431106553
2012-01-31,1445.2734944454498,-3971.6883785149257,-271.11170671654605,-2797.526590786022
2012-02-01,486.43366970212503,3971.6883785149257,767.1051215212615,5225.227169738313
2012-02-02,4708.647972209851,-992.6296573340078,-27.591690923152612,3688.4266239526905
2012-02-03,-4166.3195623453,10908.218251630766,2294.8559873396307,9036.754676625096
2012-02-06,-356.666865863825,-3963.900755816794,-194.23204835083752,-4514.799670031456
2012-02-07,2650.2520948847996,6934.786079643309,409.54904154890494,9994.587216077014
2012-02-08,1492.35880898665,989.906794989307,544.1613140300685,3026.4269180060255
2012-02-09,-971.684547571275,2968.5562452640297,205.0197449935709,2201.8914426863257
2012-02-10,-1197.472453897125,-7920.031975399004,-1581.6689308272842,-10699.173360123412
2012-02-13,1454.64740827165,2971.468021753535,1488.36672707829,5914.482157103475
2012-02-14,-1868.990308354475,-6936.146508653619,-304.4996651663965,-9109.63648217449
2012-02-15,38.46416509240008,991.4613424024428,606.6203564732007,1636.5458639680435
2012-02-16,5.284420324124829,5944.685166251176,-909.4851389537695,5040.484447621531
2012-02-17,741.918156101975,1980.0077083814394,-821.6471053902268,1900.2787590931875
2012-02-21,4202.90433649755,3957.6871372430323,59.936325888614306,8220.527799629197
2012-02-22,3689.89626651015,-3957.6871372430323,-364.6373926244877,-632.4282633573702
2012-02-23,1808.1861495548249,-1980.0077083814394,-627.9494834979289,-799.7710423245435
2012-02-24,1808.078514434425,-990.2950888997584,220.43107016699537,1038.214495701662
2012-02-27,2221.13186657625,-5945.851419753861,347.9216180781606,-3376.79793509945
2012-02-28,2314.311360873175,1982.7281661974412,-64.87772168787842,4232.161805382737
2012-02-29,-14274.744895081074,3963.1232535564195,-306.16463823415074,-10617.786279758806
2012-03-01,1055.4667080443,4949.534260358982,-266.3158590772454,5738.685109326036
2012-03-02,-133.94733487022523,-3959.239171459223,-460.75956561005427,-4553.946071939503
2012-03-05,-5135.655772013425,990.1009133921325,-219.95452434228469,-4365.509382963577
2012-03-06,-6378.996249024674,-3961.5689351456676,303.8644527101866,-10036.700731460156
2012-03-07,743.9898346492248,1981.1729328537767,-803.246788430485,1921.9159790725162
2012-03-08,4559.7578250283495,4949.534260358982,-56.310135688519836,9452.981949698811
2012-03-09,4987.800201381424,989.324782186246,-162.8433240614129,5814.281659506257
2012-03-12,-4867.205707567813,0.0,-666.3299976316282,-5533.5357051994415
2012-03-13,-741.2874944275499,9882.593256947366,2273.4113969659193,11414.717159485735
2012-03-14,-9062.434768305899,14787.659828999502,-245.67465776634023,5479.550402927263
2012-03-15,2615.24421443375,0.0,948.0379144811125,3563.2821289148624
2012-03-16,1690.9281092565502,1968.4117876180098,83.6294955409187,3742.969392415479
2012-03-19,1761.8861847307999,7865.957290963954,749.3064633110471,10377.149939005802
2012-03-20,-1888.51292119895,-982.572390162306,-668.2344877959565,-3539.3197991572124
2012-03-21,1144.600473211175,-6883.384900801648,-449.8072466927034,-6188.591674283176
2012-03-22,-2848.556935247575,-1968.4117876180098,-1569.859914153014,-6386.828637018599
2012-03-23,4517.699364833699,-3939.13369175946,557.966709360743,1136.5323824349825
2012-03-26,9072.842576614674,985.0723286966386,2993.042314728692,13050.957220040003
2012-03-27,277.4510063163504,-5913.325573927446,-730.1287384180384,-6366.003306029134
2012-03-28,-4928.4674371980755,986.0363845510874,-1136.9582642478413,-5079.389316894829
2012-03-29,207.3559369365752,-2958.688153291965,-196.57133939359994,-2947.9035557489897
2012-03-30,865.8659451317749,4930.182205940437,-20.787626267193104,5775.260524805018
2012-04-02,4515.320413407026,-985.6505924535159,274.8580725429406,3804.5278934964504
2012-04-03,-8060.793902574824,7879.809193862995,-378.558532612999,-559.5432413248277
2012-04-04,-7487.070733209176,-4923.43579337823,-36.88897564158822,-12447.395502228996
2012-04-05,1191.6136686375248,-5914.482610775114,-42.37074458085033,-4765.23968671844
2012-04-09,1658.2965909321504,-12838.568832668418,1027.76698945398,-10152.505252282288
2012-04-10,251.01960226032529,-4946.624196007906,1374.456574580563,-3321.148019167018
2012-04-11,271.69941250212514,3957.6871372430323,-846.7860446075974,3382.6005051375596
2012-04-12,6144.729985352999,2966.2299045123655,-2036.1054239391337,7074.85446592623
2012-04-13,-3030.8781270193244,-5934.204308086366,1341.4713039627059,-7623.611131142985
2012-04-16,-3368.3777507575505,-1979.6195286583388,-179.2957263442645,-5527.293005760153
2012-04-17,4428.4348747934255,2969.1382580670906,-1233.422380401535,6164.1507524589815
2012-04-18,-1653.3208538028246,-2969.1382580670906,-90.47883837745019,-4712.937950247366
2012-04-19,-1432.567518197025,-1980.396002291891,-109.03588232233119,-3521.999402811247
2012-04-20,1105.7317628677265,990.2950888997584,-683.8575605332977,1412.1692912341873
2012-04-23,-1230.7344302533504,-2971.468021753535,900.5046213130328,-3301.6978306938527
2012-04-24,-331.9908048001999,3961.5689351456676,-823.239258166339,2806.338872179129
2012-04-25,4461.9779574514505,989.906794989307,-1363.100536387165,4088.7842160535924
2012-04-26,5426.376274399425,-2970.302797281198,-515.5294463390732,1940.5440307791537
2012-04-27,420.48642613672496,-1981.1729328537767,-223.97971044833298,-1784.6662171653848
2012-04-30,1016.80401409335,-990.8779582757561,-52.01281741103969,-26.08676159344577
2012-05-01,195.4095907203999,2972.050891129533,-399.5651921882626,2767.89528966167
2012-05-02,-1406.620745313375,-1981.1729328537767,-327.45615353057644,-3715.249831697728
2012-05-03,-6220.329377225393,0.0,-103.38275087505622,-6323.712128100449
2012-05-04,-2129.9716047489,-4956.334405171947,1345.1135818854282,-5741.192428035419
2012-05-07,-4056.8443730224,991.6559182718629,-439.06870003868903,-3504.2571547892258
2012-05-08,-3572.9156784094243,-3967.7917012596736,343.0751458287702,-7197.632233840328
2012-05-09,-5009.8224191774,-992.4347948178474,967.5732407339117,-5034.683973261335
2012-05-10,-487.59732604562515,1984.6747844939528,-496.9221593568411,1000.1552990914865
2012-05-11,-1925.8419798938,-4963.148573654718,356.1803180160439,-6532.8102355324745
2012-05-14,-6014.448633857175,-5962.215069793776,859.3161239021043,-11117.347579748846
2012-05-15,-5328.709008847475,-1988.9674485973665,-80.88363426921319,-7398.560091714055
2012-05-16,-3124.56909990855,0.0,44.417907697436476,-3080.1511922111135
2012-05-17,2626.986809618325,-5971.596074284345,1566.4714114183198,-1778.1378532477006
2012-05-18,-100.75173418147456,995.755278928933,622.7527384777147,1517.756283225173
2012-05-21,5233.89954789675,3981.0638571822637,-2709.5927190272137,6505.3706860518
2012-05-22,-3556.2246049590008,3977.9350124177436,-70.82802133902533,350.88238611971747
2012-05-23,-2836.433211688925,-5968.075604740603,-320.21965680739584,-9124.728473236924
2012-05-24,-2442.506555815,3979.49897354524,-681.4493167733957,855.5431009568443
2012-05-25,1497.6474673496998,-1989.3583812223806,32.74720190221103,-458.9637119704697
2012-05-29,-811.1968338386747,-994.9724909426295,-1043.2777163163537,-2849.447041097658
2012-05-30,-753.4423189485249,-10957.620392477795,1712.5754140143101,-9998.487297412008
2012-05-31,-2140.784737863075,-3990.4725723923475,-158.70193851324643,-6289.959248768669
2012-06-01,5028.13111594385,-11990.294496863266,2946.791713034088,-4015.3716678853275
2012-06-04,-1042.885778580325,5998.690130682284,-325.96540191794077,4629.838950184018
2012-06-05,2918.699859592175,3995.189442816627,-1494.6776793561796,5419.211623052623
2012-06-06,3085.7933062705,8977.681136047962,-3144.6371563969747,8918.837285921487
2012-06-07,-1370.2869318140497,0.0,-460.9022079378491,-1831.189139751899
2012-06-08,2474.420027857325,-996.735063658969,-979.9573212735879,497.7276429247679
2012-06-11,-26.882345788725118,-4986.618433640193,1366.8333026952055,-3646.667476733712
2012-06-12,-51.580947389849584,6979.892488357771,-1657.949700417582,5270.361840550339
2012-06-13,1299.3716135532998,-5982.176193151579,732.166552103763,-3950.638027494517
2012-06-14,4345.0919110133245,2991.970944302011,-1832.8489073752935,5504.213947940042
2012-06-15,4912.928333321074,-3989.6872395082028,-998.7531085395318,-75.51201472666037
2012-06-18,2077.495176473475,-997.9127153844456,-1164.7281917938558,-85.14573070482629
2012-06-19,-1789.20133140035,4987.599954892648,-293.9747834262221,2904.4238400660765
2012-06-20,-1172.3368540930749,996.9311941319902,-796.1840620018705,-971.5897219629552
2012-06-21,-11553.566667745648,-1994.058576632291,1121.6183154873393,-12426.0069288906
2012-06-22,-709.1164571415001,5979.82262704309,-1718.2686423976606,3552.437527503929
2012-06-25,-1128.4597436199,-5979.82262704309,431.3408832015426,-6676.941487461447
2012-06-26,-1819.93482016455,2990.79364029126,-431.94412246492675,738.9146976617833
2012-06-27,2591.2965388273497,-996.735063658969,50.9991227274611,1645.5605978958417
2012-06-28,-3115.619954174325,-4986.618433640193,-204.26693269723728,-8306.505320511755
2012-06-29,11105.652519979449,6979.892488357771,613.503343474214,18699.048351811434
2012-07-02,6017.3441866742505,-5982.176193151579,114.23084246463588,149.39883598730705
2012-07-03,3355.7133573930996,3988.9021384340012,719.7626034370544,8064.378099264155
2012-07-05,-5079.694662414249,-2991.3822054192715,-502.14288242968763,-8573.219750263208
2012-07-06,-7198.4225185563,-4989.563866969722,-1498.7874987038908,-13686.773884229913
2012-07-09,-1524.0223632991501,-3995.189442816627,23.374197029362165,-5495.837609086415
2012-07-10,-4208.48602307245,0.0,-728.2917711029029,-4936.777794175353
2012-07-11,-75.17917441264999,999.0924554532394,-509.665741718635,414.2475393219544
2012-07-12,-1482.3080689762498,-3997.5510148637695,-439.05913593690116,-5918.9182197769205
2012-07-13,5365.0177381573,1999.1692772324313,901.0753894985796,8265.262404888312
2012-07-16,1221.73627691135,-1999.1692772324313,-367.69114176114215,-1145.1241420822234
2012-07-17,265.664495965175,2998.45855941053,586.3429879732464,3850.4660433489516
2012-07-18,1964.5446597583248,-999.2892821780988,971.9535727994746,1937.2089503797006
2012-07-19,457.449171708,1998.3817376313382,228.5127467677679,2684.343656107106
2012-07-20,-853.2910911933378,-4997.431126326119,-1603.1029904512923,-7453.825207970749
2012-07-23,-6241.980705263525,-2000.3514598094043,-1123.792604198762,-9366.124769271693
2012-07-24,-938.9320442294003,-3002.0061561916955,-679.2461691055252,-4620.184369526621
2012-07-25,2381.7660583235,-1001.0633430896851,-596.5813197267806,784.1213955070344
2012-07-26,6697.533944343975,2001.9293351014203,1556.4535217514574,10255.916801196852
2012-07-27,6850.8181506715,12993.325467471062,3285.961988789797,23130.10560693236
2012-07-30,1120.505267442775,-4993.495172608818,-39.31071655401652,-3912.3006217200596
2012-07-31,-3738.0682983244997,-1998.7754492507665,-1512.5481801630763,-7249.391927738343
2012-08-01,-2591.4480461816247,4995.462567999901,-293.9546376579525,2110.0598841603237
2012-08-02,-3841.314625806325,-4995.462567999901,-1572.232332286461,-10409.009526092686
2012-08-03,4639.70478293465,8988.292530816194,4169.312536947599,17797.309850698442
2012-08-06,6892.204472641175,-997.9127153844456,383.7192299507883,6278.010987207517
2012-08-07,-874.2425834161,6981.266212683608,-55.65759966707162,6051.3660296004355
2012-08-08,212.687704376625,1992.8819673668477,-529.6415501225908,1675.9281216208817
2012-08-09,565.8078086488499,996.1470193849818,-159.31937713509114,1402.6354508987406
2012-08-10,-176.89903880339995,-3985.7640504107985,-415.0200665084043,-4577.683155722602
2012-08-13,-2530.2553179050005,0.0,-757.1980807881715,-3287.453398693172
2012-08-14,-1556.30715455115,7968.393714465274,478.2131562035232,6890.299716117646
2012-08-15,-202.57737951392485,6962.070908064561,-243.76494765050438,6515.728580900131
2012-08-16,1979.6673618722748,2980.8145514684293,58.38809815030288,5018.870011491006
2012-08-17,2280.8632580979497,-1987.0145129128505,-471.2167533502196,-177.3680081651204
2012-08-20,505.6294846853693,993.6048313195643,109.14588019241478,1608.3801961973484
2012-08-21,2356.82304500635,-1987.404869875143,78.8000491390477,448.21822427025484
2012-08-22,7199.710058380176,-8952.994172923965,-121.65848672763957,-1874.9426012714293
2012-08-23,1637.9072672176749,-2987.8534185800527,-187.78508278899153,-1537.7312341513693
2012-08-24,2046.936897080325,0.0,-309.8497982649917,1737.0870988153333
2012-08-27,-1376.2830900946,-2989.6170310258167,301.65458770886744,-4064.2455334115493
2012-08-28,222.4482489648,-996.9311941319902,-224.3443061707069,-998.8272513378971
2012-08-29,-186.50657004627507,1993.6662577909592,27.52672890923691,1834.686416653921
2012-08-30,-2270.9899044460253,-2990.79364029126,-218.18897785804836,-5479.972522595333
2012-08-31,8090.341113642024,-5986.887495756702,-271.5996162714447,1831.8540016138768
2012-09-04,-218.64423992627496,1996.4149233643548,-139.0697926915152,1638.7008907465645
2012-09-05,-1599.7672985350998,997.9127153844456,-421.8374924067092,-1023.6920755573634
2012-09-06,5545.286252193825,7976.23546466601,855.1806216448838,14376.70233850472
2012-09-07,7220.850457220726,-996.3429763082386,172.40951603999832,6396.9169969524855
2012-09-10,188.89117928587484,996.3429763082386,-767.0010702789014,418.23308531521207
2012-09-11,471.51010059347504,1992.0981396511197,188.76770478326677,2652.3759450278612
2012-09-12,1390.9760078358247,6966.177517333577,272.1628009486956,8629.316326118098
2012-09-13,10496.798041431575,-1989.3583812223806,3005.7631990141845,11513.20285922338
2012-09-14,1209.8766534528247,12916.868040542904,965.3950892278775,15092.139783223605
2012-09-17,-30.546746469249914,-2977.8890293989534,-831.8598579666219,-3840.2956338348254
2012-09-18,2234.553443477475,-2979.643825527106,-232.9086022101148,-977.9989842597458
2012-09-19,-470.89787346924993,-2981.400173199101,-325.0173301003656,-3777.3153767687168
2012-09-20,-8.409388590202246,993.9953033239581,-30.982450347920576,954.6034643858352
2012-09-21,-482.7877593048999,-2982.571934519321,-220.1197395802268,-3685.4794334044477
2012-09-24,-1244.179514434225,-2984.33087216501,-86.65701143929994,-4315.167398038535
2012-09-25,-2676.9825058793754,-3981.846645168567,623.9793259945401,-6034.849825053403
2012-09-26,-2585.790176445825,-5978.646364808927,789.9912291203037,-7774.445312134449
2012-09-27,5154.2731922788,1993.6662577909592,-1527.3194950590464,5620.619955010712
2012-09-28,-1201.797097870425,-996.735063658969,414.6863339051947,-1783.8458276241995
2012-10-01,-321.90266638110023,-996.9311941319902,67.30487267883234,-1251.5289878342583
2012-10-02,1364.2604071911999,0.0,-534.374519513733,829.8858876774668
2012-10-03,2270.480124459625,0.0,-384.11166071685443,1886.3684637427707
2012-10-04,2656.5135656712246,5978.646364808927,-561.5169684111265,8073.642962069025
2012-10-05,-732.0898129754279,4976.819136111197,-303.56900151508626,3941.1603216206827
2012-10-08,-904.7978782825,0.0,105.69009195207002,-799.10778633043
2012-10-09,-5286.267327146699,-994.9724909426295,492.71085397251113,-5788.528964116817
2012-10-10,-3509.8990597946254,-1990.53187088891,65.16521410971166,-5435.265716573823
2012-10-11,1072.25079912945,-1991.3147742796573,-527.3828620111374,-1446.4468371613448
2012-10-12,-1192.408855222446,-995.9511202661379,252.60243171821628,-1935.7575437703672
2012-10-15,-189.7677144364998,995.9511202661379,-1115.7271278435842,-309.5437220139461
2012-10-16,3408.9984218766253,4976.819136111197,-537.260119980786,7848.557438007037
2012-10-17,2396.8350570955504,7952.744867210131,-267.67369596628043,10081.9062283394
2012-10-18,-2039.5659200821,2979.058721180918,-346.32886654306105,593.1639345557568
2012-10-19,-6763.72784305185,-6953.868575973305,1058.7502308973599,-12658.846188127794
2012-10-22,-787.6654743244,3974.8098547923873,-416.27606698014574,2770.868313487842
2012-10-23,-4618.419722865925,-3974.8098547923873,1996.775391017188,-6596.454186641125
2012-10-24,-3962.4397329527746,993.9953033239581,205.60188828565273,-2762.8425413431637
2012-10-25,1404.8459509837999,5959.873272649347,-714.6009690548283,6650.118254578319
2012-10-26,792.1944308902499,-7948.059201620534,-64.5583847363298,-7220.423155466613
2012-10-31,3425.1039647536004,-5969.248748602055,-71.975046189376,-2616.11983003783
2012-11-01,1011.5896850514503,2985.5043618315394,-2339.2835723606076,1657.8104745223818
2012-11-02,-7626.62138111575,0.0,43.899590258703824,-7582.7217908570465
2012-11-05,-254.2563968135005,-2985.5043618315394,366.8216175697552,-2872.9391410752846
2012-11-06,4972.25705968595,5969.248748602055,-377.34384713007785,10564.161961157926
2012-11-07,-3250.35242119015,-9952.661662532832,287.5686545878722,-12915.445429135108
2012-11-08,-615.8368175768251,-5980.999236445088,-100.1804560798405,-6697.016510101754
2012-11-09,-299.78396252815884,-997.5199330147298,-161.80073457610433,-1459.1046301189929
2012-11-12,-612.369166806325,0.0,-1213.9103107892595,-1826.2794775955845
2012-11-13,-1373.84499929865,-1995.6290105906373,48.71614082307474,-3320.757869066212
2012-11-14,-3269.048170187875,0.0,1621.3278905645225,-1647.7202796233523
2012-11-15,-1668.2891866439502,-998.1091935721633,69.65027182612005,-2596.748108389994
2012-11-16,2096.2990075171997,0.0,-1288.9494265116214,807.3495810055783
2012-11-19,6997.092564092326,2993.7382041628007,-2330.249385753753,7660.581382501375
2012-11-20,-1449.528647821325,4985.63720209297,-269.3981577233018,3266.710396548344
2012-11-21,1230.3771539730499,2989.0289867518295,-173.44951866866154,4045.9566220562174
2012-11-23,6480.873710660674,995.9511202661379,-532.2826444629243,6944.542186463887
2012-11-26,1376.2808700218247,-3984.9801070179674,-71.55286929911142,-2680.252106295254
2012-11-27,-1362.138245822375,-1993.6662577909592,14.19645208947884,-3341.6080515238555
2012-11-28,-1833.9747375417248,-997.1273825003009,-456.60058025782746,-3287.702700299853
2012-11-29,2651.6354707304754,-997.3236287869804,-307.48008309808483,1346.8317588454101
2012-11-30,-1299.78791029245,0.0,53.115861839074796,-1246.6720484533753
2012-12-03,-764.7270913840001,997.3236287869804,-119.83593207732213,112.76060532565816
2012-12-04,-2503.3611237026,-997.3236287869804,-148.54155885980447,-3649.2263113493846
2012-12-05,2156.0065031407253,-1995.2362282209215,-530.5240461632366,-369.75377124343277
2012-12-06,1006.2735538162,-997.9127153844456,-236.37615672897994,-228.01531829722558
2012-12-07,-1005.593322820375,4987.599954892648,-421.2950143151488,3560.7116177571247
2012-12-10,193.24906752195,-997.1273825003009,-315.2345689768907,-1119.1128839552416
2012-12-11,1610.2777120843252,2990.79364029126,121.61444659600562,4722.685798971592
2012-12-12,684.699838595775,5976.294881297625,-259.2558245278411,6401.738895365558
2012-12-13,-3117.273262547675,1990.53187088891,-1108.8569397212566,-2235.5983313800216
2012-12-14,-511.58963360647505,-1990.53187088891,-968.4031892779217,-3470.524693773307
2012-12-17,3731.33810054475,5969.248748602055,-512.3912243366249,9188.19562481018
2012-12-18,-1845.253077010873,5962.215069793776,-163.12939017709027,3953.832602605812
2012-12-19,-863.0323552179251,-1986.6242709474463,527.6680065313855,-2321.988619633986
2012-12-20,-1749.4892943081,-993.6048313195643,232.7204194382233,-2510.373706189441
2012-12-21,-244.52325011570002,-3976.3719730749,-435.74310905076175,-4656.638332241361
2012-12-24,-1628.7899927566,1988.576631195363,-254.60460611475355,105.18203232400947
2012-12-26,-293.123801067775,-1988.576631195363,688.1314974458093,-1593.5689348173287
2012-12-27,1623.5921948226,-2984.33087216501,-224.874154529914,-1585.612831872324
2012-12-28,-2637.876462017,-995.1681013802299,1705.9322468600442,-1927.1123165371857
2012-12-31,4758.310347493525,4973.884979093375,-2918.774928460323,6813.420398126576
2013-01-02,6887.004703965474,7948.059201620534,-295.20366437544965,14539.86024121056
2013-01-03,-5187.40499096015,5952.856153411529,-481.59227901858515,283.85888343279373
2013-01-04,-2819.365489154575,991.4613424024428,73.03030047504677,-1754.8738462770852
2013-01-07,-1456.4747946821,-991.4613424024428,-535.9636052351605,-2983.8997423197034
2013-01-08,2754.563833730075,-2975.5517115835682,-585.6220618248713,-806.6099396783643
2013-01-09,-149.66067018479984,-992.2399896761053,196.8385889192561,-945.0620709416489
2013-01-10,3037.656737687499,2976.1357829878107,896.4468452627798,6910.23936593809
2013-01-11,3501.895783888408,-1983.8957933117053,-197.188143136259,1320.8118474404437
2013-01-14,2148.32653050035,0.0,-234.13433220633806,1914.192198294012
2013-01-15,2648.6092107131003,-2977.3044418279605,-35.81659367715773,-364.51182479201793
2013-01-16,-870.0860862237249,-1985.8441318267578,-206.53232105753716,-3062.46253910802
2013-01-17,1206.5412584890503,4963.148573654718,1118.18383562375,7287.873667767519
2013-01-18,2393.047868313225,-1984.6747844939528,261.48406844244045,669.8571522617128
2013-01-22,2282.37322704695,-992.6296573340078,1131.1987936867317,2420.942363399674
2013-01-23,-138.30873524032498,0.0,309.7168349045862,171.40809966426124
2013-01-24,-3213.185174258075,1985.0644521518552,7.659067942032749,-1220.4616541641872
2013-01-25,-317.2631482231999,9913.643121013534,1281.8734032717316,10878.253376062066
2013-01-28,423.1343873209749,1980.396002291891,-332.55252896547915,2070.9778606473865
2013-01-29,1326.4231011130753,2969.1382580670906,893.9758709401619,5189.537230120328
2013-01-30,1858.7671270779747,0.0,-984.714268639161,874.0528584388137
2013-01-31,-518.2277203648747,-989.5187294087518,-263.7949400930921,-1771.5413898667184
2013-02-01,2879.8743759865997,1978.8435115949978,-518.4430572532932,4340.274830328304
2013-02-04,156.07618369727507,-3958.4630402533367,415.92164104162066,-3386.465215514441
2013-02-05,-968.6666317744995,3958.4630402533367,-319.2347752465281,2670.5616332323093
2013-02-06,2886.7945928737254,-3958.4630402533367,-293.9206177270961,-1365.5890651067075
2013-02-07,-2122.0355728714,-990.1009133921325,-198.54886825831386,-3310.6853545218464
2013-02-08,-1341.5392173336502,0.0,-3.164633386873561,-1344.7038507205239
2013-02-11,-3613.4685129310005,0.0,-220.42124707101607,-3833.8897600020164
2013-02-12,1108.9282270707001,2969.7204420504713,-154.85201485971345,3923.7966542614577
2013-02-13,-1073.8154306312001,2967.9744035740005,88.89181473649899,1983.0507876792994
2013-02-14,48.213648815300175,-4947.593932232339,-214.94273261802732,-5114.323016035067
2013-02-15,-6362.3936112179745,989.906794989307,-384.31369377177305,-5756.80051000044
2013-02-19,834.32182354485,1979.2314630777837,730.0842704895488,3543.6375571121825
2013-02-20,-8024.148609236625,-989.5187294087518,-554.775036666065,-9568.442375311442
2013-02-21,-1389.7840757810748,-2969.7204420504713,-325.86800988204345,-4685.372527713589
2013-02-22,1820.8691413560755,-1980.7844104343822,-14.040121373412262,-173.95539045171893
2013-02-25,-625.4591970146504,-8923.15379947891,1045.6367557204942,-8502.976240773067
2013-02-26,1774.3653151858505,0.0,-1147.7757284121992,626.5895867736513
2013-02-27,374.6726144312724,2976.1357829878107,-345.43819128940356,3005.3702061296794
2013-02-28,-1073.991125231875,-1983.8957933117053,-159.47729866861948,-3217.3642172122
2013-03-01,-1207.1491032920997,-2977.3044418279605,5.521584183981076,-4178.931960936079
2013-03-04,-309.866582728175,1985.0644521518552,60.2789313381038,1735.476800761784
2013-03-05,2472.0986239815256,1984.285231562244,1288.2464298698935,5744.630285413663
2013-03-06,1172.5941691291498,4957.306998321757,133.50562868730975,6263.406796138217
2013-03-07,-2736.9737215586,4952.446893421424,221.57784012707714,2437.051011989901
2013-03-08,2365.7912798084244,5936.530990997213,876.4004912782024,9178.72276208384
2013-03-11,-838.7753672926001,988.7432825213182,851.2539118794144,1001.2218271081325
2013-03-12,2935.62393829455,-3956.1360154514405,-605.7095120186915,-1626.2215891755818
2013-03-13,-785.52078588355,989.324782186246,300.3354986186739,504.1394949213699
2013-03-14,66.75268498052499,0.0,1274.2967405576362,1341.0494255381611
2013-03-15,2100.37035186455,-2968.5562452640297,-181.5579652064514,-1049.7438586059313
2013-03-18,-640.2775838205753,-4951.475730134975,1141.6189580718594,-4450.134355883691
2013-03-19,2325.48378701745,-3964.678486900084,523.6694774091148,-1115.525222473519
2013-03-20,-1930.669330194775,3964.678486900084,-1216.6660352691565,817.3431214361524
2013-03-21,1429.4414807026249,-990.8779582757561,642.9616285885089,1081.5251510153776
2013-03-22,260.63547730229993,-1982.339186221885,-411.51413626650424,-2133.217845186089
2013-03-25,939.6072561339503,0.0,-110.13825430354984,829.4690018304004
2013-03-26,-1788.7312900368752,-991.4613424024428,-605.6259984679713,-3385.8186309072894
2013-03-27,2135.82287867885,-4960.226496077521,47.660891545262984,-2776.742725853408
2013-03-28,-2769.329922745375,0.0,-291.3544699227657,-3060.6843926681404
2013-04-01,-170.16588723707517,-992.6296573340078,132.34370926869587,-1030.451835302387
2013-04-02,-2039.6337167296,1985.0644521518552,-398.0955934140411,-452.664857991786
2013-04-03,-4882.50200000915,-4964.123173332773,249.46238563804002,-9597.162787703883
2013-04-04,1855.194484399375,-4969.000480439616,-326.67648530025417,-3440.482481340495
2013-04-05,5331.185648979201,-5969.248748602055,-245.11471889334757,-883.1778185162013
2013-04-08,1043.5926751426252,3980.281300004688,-464.6615290647418,4559.212446082572
2013-04-09,3602.124259584025,1988.9674485973665,-214.801513355539,5376.290194825852
2013-04-10,-1281.3887463899748,5962.215069793776,808.7885956193901,5489.614919023192
2013-04-11,1116.4615620282248,-1986.6242709474463,265.2237613683468,-604.9389475508748
2013-04-12,-10127.452804552375,-6959.335185616845,-624.963314874222,-17711.751305043443
2013-04-15,-28580.202758592375,-2985.5043618315394,115.96298506368896,-31449.744135360226
2013-04-16,4917.370115819551,2985.5043618315394,-1045.0877039689885,6857.786773682102
2013-04-17,-723.1151361232502,-1990.1405923228594,69.83015259582714,-2643.4255758502823
2013-04-18,-1496.4976366802246,-995.36376950868,224.63933962021088,-2267.2220665686937
2013-04-19,4543.2769413971,995.36376950868,-1496.9681856186696,4041.67252528711
2013-04-22,5738.7840186658495,-995.36376950868,-507.94387724813816,4235.4763719090315
2013-04-23,661.2227889891749,1990.53187088891,296.1616898831494,2947.916349761234
2013-04-24,1690.3714522551752,-995.1681013802299,-230.78124583044968,464.4221050444956
2013-04-25,6998.92781722925,995.1681013802299,456.6072684137197,8450.703187023199
2013-04-26,-1014.4206547890501,-3981.846645168567,-640.9825500270721,-5637.249849984689
2013-04-29,4708.55428650995,0.0,21.06611860487817,4729.620405114828
2013-04-30,2393.68762189995,0.0,-209.3955507071712,2184.292071192779
2013-05-01,-2931.452948814775,-3984.9801070179674,307.51372137174826,-6608.919334460994
2013-05-02,4005.6202061578006,0.0,-577.7758373557873,3427.8443688020134
2013-05-03,-1550.4781765314758,11945.54362989968,34.404926236973665,10429.470379605176
2013-05-06,1528.97060789155,1988.1859289711865,-24.370937111086732,3492.7855997516494
2013-05-07,-3230.980471282125,1987.404869875143,517.2964191253868,-726.2791822815952
2013-05-08,5244.10664770735,-993.6048313195643,387.7739606834254,4638.275777071211
2013-05-09,-2056.711006147625,0.0,-341.74803811244203,-2398.459044260067
2013-05-10,-5185.23152209355,8935.422917807868,65.50819448078471,3815.6995901951027
2013-05-13,-3677.6924550081,1983.5064696974296,-46.87637034687242,-1741.0623556575426
2013-05-14,880.766821950025,3964.678486900084,1796.42727954041,6641.872588390519
2013-05-15,-4820.35745884545,-1981.9503207026428,1006.1711032853325,-5796.13667626276
2013-05-16,-2050.8556984577,-6942.954662274962,-1063.3395469964776,-10057.149907729141
2013-05-17,-4623.713724709027,7934.027024701849,1897.6093926436786,5207.922692636501
2013-05-20,6479.8136793179565,1981.561569594909,-35.26502827051381,8426.110220642351
2013-05-21,-2088.353745148775,-2972.6339320217958,283.06276552873834,-4777.924911641833
2013-05-22,-5085.7176127001,8912.657513915401,-1776.2334273958852,2050.706473819416
2013-05-23,3048.9413865824745,-989.5187294087518,-733.3442643197294,1326.0783928539931
2013-05-24,-90.99069556507493,-989.7127336690319,-351.1564550344275,-1431.8598842685342
2013-05-28,-2040.589083037875,13838.344623052195,1285.2848262550792,13083.040366269399
2013-05-29,189.89721050869994,-1974.5835629625362,-1586.74011023162,-3371.4264626854565
2013-05-30,6355.260029401464,0.0,653.8035191383234,7009.063548539787
2013-05-31,-7589.205186092501,2961.585419292649,-2987.9254379675954,-7615.545204767448
2013-06-03,5611.181936490951,-2961.585419292649,821.256180442731,3470.8526976410326
2013-06-04,-2735.0230776151247,987.3884421217372,-1247.956575843407,-2995.591211336795
2013-06-05,-1768.9723659162548,-3950.7142642073013,-2457.6254794159845,-8177.31210953954
2013-06-06,4796.397969177,-1976.5181962486968,875.1501235642785,3695.029896492582
2013-06-07,-1919.3801107506247,8888.238086194178,2755.7412494169976,9724.59922486055
2013-06-10,207.52763017509992,4931.147111017097,-62.3906837624304,5076.284057429766
2013-06-11,-3263.164315910575,-1971.879844746043,467.3322749639368,-4767.711885692682
2013-06-12,-1331.345882379225,4928.253245230808,759.5965449184234,4356.503907770006
2013-06-13,6881.403866801626,-5914.482610775114,-1363.1213313799008,-396.20007535338937
2013-06-14,576.443607481875,-4934.043526464928,38.02714633617654,-4319.572772646876
2013-06-17,-262.0638313825252,4934.043526464928,-127.87440248830251,4544.105292594099
2013-06-18,-987.5168324291502,986.2293655443063,231.07387155720005,229.78640467235618
2013-06-19,-9358.8620024088,12803.441075389615,-1051.0953740263603,2393.4836989544556
2013-06-20,-23000.280902234925,7862.884050715074,2493.216240009019,-12644.18061151083
2013-06-21,-0.6752677849000515,10791.42871391734,-1347.5866209197561,9443.166825212684
2013-06-24,-8514.213287449025,4897.543205935952,1329.0922457275228,-2287.5778357855506
2013-06-25,1682.336707393125,2936.2346752781377,-1860.7841978283943,2757.7871848428686
2013-06-26,-8269.150505789701,-4894.678866297363,-1443.9917867016447,-14607.821158788709
2013-06-27,-3460.9616719663995,-5879.918645902282,-581.9516867086918,-9922.832004577373
2013-06-28,5857.833596669974,2940.8196309855557,-162.92536116694123,8635.727866488589
2013-07-01,5340.107047366424,-1960.3551478355002,-633.9204587546448,2745.831440776279
2013-07-02,-1346.8726613618496,-1961.1203137792763,-222.16468516471366,-3530.1576603058397
2013-07-03,-650.0955863593251,3921.4754616147766,-399.0629762451334,2872.3168990103177
2013-07-05,-9096.2409670989,20537.64458150473,-726.5671000300529,10714.836514375776
2013-07-08,4345.4657248077,-7813.956152421288,55.47282162692113,-3413.0176059866662
2013-07-09,5340.0638132956,0.0,347.49869934361755,5687.562512639218
2013-07-10,-1854.423172454925,4885.1491938792715,-253.93997649371158,2776.786044930635
2013-07-11,20396.77821022915,-9775.059741748624,2158.354527292747,12780.072995773273
2013-07-12,-2025.04336440525,978.3633519905925,-113.18174121849722,-1159.8617536331549
2013-07-15,1115.660571897275,-3914.59802726873,727.4954786835348,-2071.4419766879205
2013-07-16,586.4633799608856,-1958.4441910192254,-985.6486576368919,-2357.629468695232
2013-07-17,338.80241927000026,-2939.0990149167264,423.5635775676894,-2176.733018079037
2013-07-18,938.9666237641001,3918.4165883998066,1321.0068641367893,6178.390076300697
2013-07-19,3896.643585054575,-5878.771736235307,403.8495786395213,-1578.2785725412107
2013-07-22,8746.54064258896,0.0,476.9926909704303,9223.53333355939
2013-07-23,1435.06375585245,2940.2459244527927,-630.6077921965691,3744.701888108674
2013-07-24,-6316.0708945941,7832.25045658739,64.54546627765012,1580.7250282709401
2013-07-25,2683.835626289975,0.0,-225.81775659823222,2458.017869691743
2013-07-26,2274.7912737732004,-2935.662309833431,-295.14091068641335,-956.0119467466442
2013-07-29,-1637.74018337035,2935.662309833431,168.94364742928758,1466.865773892369
2013-07-30,-1203.7741995961999,1956.1547289143418,-179.803223734595,572.577305583547
2013-07-31,60.494558173226466,-2934.5180809049343,-118.75585723815618,-2992.7793799698643
2013-08-01,-1307.5337496644504,13679.755593426271,240.4775374080117,12612.699381169832
2013-08-02,364.03935288264995,-10745.237512521337,-566.3916213755158,-10947.589781014203
2013-08-05,-1197.0415538494,3910.0231174422406,-411.90643260830484,2301.075130984536
2013-08-06,-5220.24302174335,0.0,-172.0504907838034,-5392.293512527153
2013-08-07,1413.8822637017747,-5866.177846356582,-237.29890724648328,-4689.594489901291
2013-08-08,7297.031984283674,-2935.662309833431,-121.86377809268834,4239.505896357555
2013-08-09,180.133273958175,-978.935717435299,-9.138181554860125,-807.9406250319842
2013-08-12,2886.8775643131753,3914.59802726873,-610.6961675801159,6190.77942400179
2013-08-13,-5106.635436904575,9773.155477970835,-308.65950704047407,4357.860534025786
2013-08-14,876.2672573383998,0.0,-103.15617044956582,773.1110868888339
2013-08-15,223.0709550513747,5854.763940417946,820.3898207592744,6898.224716228596
2013-08-16,1571.346684073,6821.9234251301095,-173.42516703639888,8219.84494216671
2013-08-19,-4223.195396637,3894.073930241191,727.2187255865106,398.0972591907016
2013-08-20,3498.2197864928,-5842.247077212649,-839.5736739761759,-3183.600964696025
2013-08-21,-2210.38945184095,4869.012502054682,844.7916707929153,3503.414721006647
2013-08-22,2106.214585772275,2919.1362417566106,-1702.3981118512238,3322.952715677662
2013-08-23,6374.214563965251,-7788.148743811293,-856.0041652078354,-2269.938345053877
2013-08-26,1172.2467464334497,-2923.6811912814155,385.1106115483276,-1366.3238332996382
2013-08-27,-386.8089102043754,-6828.564059621287,2717.1090021502378,-4498.263967675424
2013-08-28,36.362758304250086,5853.624382357342,-945.3791401473808,4944.608000514211
2013-08-29,-1965.1363785601748,-2925.9576474732203,-493.9583686091886,-5385.052394642584
2013-08-30,-5433.141325648875,2925.9576474732203,511.2005702714946,-1995.98310790416
2013-09-03,2679.2039069978246,7794.209560642317,-1232.7842146085056,9240.629253031635
2013-09-04,-2318.6300286532996,3892.5600517143357,-2182.0033119683444,-608.0732889073083
2013-09-05,-5707.977107129275,7776.048299074388,-240.4290315740525,1827.6421603710598
2013-09-06,3735.122148126875,-3886.5133571728898,-124.95471210962705,-276.3459211556419
2013-09-09,3499.915867121475,-3889.5349419014983,115.83626124875934,-273.78281353126397
2013-09-10,-1815.3612104013253,5833.169098475254,-279.65919653316007,3738.1486915407686
2013-09-11,2123.5063985932748,-2915.7344808758216,-255.41749856461138,-1047.6455808471583
2013-09-12,-7482.43641143915,-972.289228368265,-216.0456710472829,-8670.771310854698
2013-09-13,869.161387372925,-1945.1453892311674,-4.565980219652488,-1080.549982077895
2013-09-16,433.3071202016251,-1945.9016665986437,700.2042860023465,-812.390260394672
2013-09-17,1312.0651931502998,-1946.658385115692,575.4935785178219,-59.09961344757028
2013-09-18,16990.530556803522,-16577.211263180285,1646.2840065497276,2059.6033001729647
2013-09-19,1293.1795317057747,6832.553095571093,-631.6760252152776,7494.05660206159
2013-09-20,-8597.178287297425,-975.5090405063456,-1597.2254224269236,-11169.912750230695
2013-09-23,-1016.4722626139584,-2927.666734884122,-560.6769520970687,-4504.815949595149
2013-09-24,-121.53415401327497,-4883.246599288148,-675.5137168448044,-5680.2944701462275
2013-09-25,1664.2285478502502,-3910.0231174422406,-685.1872927580018,-2930.9818623499923
2013-09-26,-692.3466671563999,2932.802991436285,437.6771782418203,2678.1335025217054
2013-09-27,919.2699563762752,-1955.0115030599336,-417.05227959194247,-1452.7938262756006
2013-09-30,-2282.998620359725,0.0,-478.49369789051366,-2761.492318250239
2013-10-01,-5137.375541919825,1955.0115030599336,397.90300821606195,-2784.4610306438294
2013-10-02,5055.1278540935,-2932.802991436285,-56.10473482920497,2066.22012782801
2013-10-03,-489.36399708334994,-977.9820538583954,-1123.5646794806655,-2590.910730422411
2013-10-04,527.8112076599251,3910.7850452946805,311.533978001286,4750.130230955892
2013-10-07,-762.085987151425,-977.4105244718667,-578.9139084695378,-2318.4104200928296
2013-10-08,-3521.797533837275,977.4105244718667,-863.3191581253357,-3407.7061674907436
2013-10-09,-2289.4150080778254,1954.2499091748032,-758.0189773986064,-1093.1840763016285
2013-10-10,-317.7428616227998,2929.947848445405,1153.9375983604145,3766.1425851830195
2013-10-11,-1289.0773270464,-976.4590882128032,1072.3921526653494,-1193.1442625938535
2013-10-14,1181.959942809275,0.0,864.1158037111261,2046.075746520401
2013-10-15,88.1955151489001,4880.394790770821,-1955.360862245673,3013.2294436740476
2013-10-16,3610.07924708265,-5857.044055064747,3593.995798073415,1347.0309900913176
2013-10-17,10831.143184280538,-7820.047125464105,-1007.8860722834264,2003.209986533006
2013-10-18,3244.1502158844937,-978.3633519905925,-165.586542535479,2100.200321358422
2013-10-21,372.8458514817368,2934.5180809049343,-86.77300296827184,3220.5909294183994
2013-10-22,7667.8562596133,-8808.705532499938,404.77502170563184,-736.0742511810067
2013-10-23,-155.83351732115008,-2939.672385785052,-523.7917911114636,-3619.2976942176656
2013-10-24,2704.1269880865493,1959.9727327832588,-70.85472398769355,4593.244996882115
2013-10-25,3068.5900133704,0.0,205.31015099571448,3273.9001643661145
2013-10-28,370.7151746528137,979.6996530017932,129.26157106433322,1479.6763987189402
2013-10-29,-137.2667084301251,-979.6996530017932,581.2408434086507,-535.7255180232677
2013-10-30,-3067.848102633225,1959.208238299434,-740.1572041165991,-1848.7970684503903
2013-10-31,-4962.583826640625,1958.4441910192254,-482.3680280354097,-3486.5076636568097
2013-11-01,-4986.348005906701,7826.1452231474905,-184.2210500835506,2655.576167157239
2013-11-04,-492.04833345755003,-1955.3924669644184,110.63001682896356,-2336.810783593005
2013-11-05,-1988.414922220225,5863.892396549763,-492.0894979849635,3383.387976344575
2013-11-06,2481.6809812014,-1953.8692791075227,291.98537833116944,819.7970804250465
2013-11-07,-3739.6160447527745,-3910.0231174422406,-1277.8647045385512,-8927.503866733567
2013-11-08,-5251.294043955225,13671.76468947444,1086.968204812351,9507.438850331564
2013-11-11,-2051.1842120891,0.0,-300.74065270977,-2351.92486479887
2013-11-12,-2465.9593437903004,2924.819087161104,-473.9706241493593,-15.110880778555611
2013-11-13,4421.003015842675,-4875.647325021033,1319.5551910470372,864.9108818686796
2013-11-14,6244.040692022875,-5857.044055064747,995.6150536810106,1382.6116906391385
2013-11-15,235.34861937149986,1953.1083525067297,977.9284686548717,3166.3854405331012
2013-11-18,-2216.41761718995,-3906.9776316142525,-954.8362347075407,-7078.231483511743
2013-11-19,-995.6828520940251,3906.9776316142525,-674.5261053831016,2236.7686741371253
2013-11-20,-6818.814595275474,8779.58302757905,-956.2795836788425,1004.4888486247339
2013-11-21,-617.888242603025,-974.7500002838678,1980.905093525532,388.2668506386392
2013-11-22,2626.0291524508752,-3900.897324737165,1352.3610205489174,77.4928482626276
2013-11-25,2560.5451776809005,-975.698939093174,-349.87347875383,1234.9727598338964
2013-11-26,-1179.6481422012998,-2928.2367634648435,22.76001529367555,-4085.124890372468
2013-11-27,33.097795539575024,2928.2367634648435,655.272213921716,3616.606772926135
2013-11-29,2825.5543002675495,975.698939093174,371.80661605408716,4173.059855414811
2013-12-02,-8619.646819161198,5850.207703672775,156.7503177980143,-2612.688797690409
2013-12-03,-624.6414190464251,-1949.31037893561,10.067914558362645,-2563.8838834236726
2013-12-04,3932.3561063347247,4871.854338252873,-85.97367815258394,8718.236766435013
2013-12-05,-5283.600204738925,3894.073930241191,138.35057247160876,-1251.1757020261248
2013-12-06,5063.2666905704,0.0,-1137.6030424656847,3925.6636481047153
2013-12-09,4055.0485691574245,-1946.658385115692,-328.0203118396372,1780.3698722020954
2013-12-10,5104.0353314052,-4869.959504442762,-32.838031587616,201.23779537482153
2013-12-11,-5327.0328087169,4869.959504442762,911.2067500444283,454.1334457702907
2013-12-12,-6527.8983653336,2919.7037806497938,4.292471634627759,-3603.9021130491783
2013-12-13,1997.8104223760251,-973.0453955341018,-83.30969812895717,941.4553287129662
2013-12-16,1867.625399785175,973.0453955341018,-337.8663682928078,2502.804427026469
2013-12-17,-1754.6779689060997,-3893.316880604598,-33.80016641479244,-5681.79501592549
2013-12-18,1239.5435849357748,3893.316880604598,-1729.5216610083203,3403.338804532052
2013-12-19,-8909.417297578475,4862.39121296604,-104.88124975529445,-4151.907334367729
2013-12-20,4116.423909420525,-4862.39121296604,-104.27397126787241,-850.2412748133877
2013-12-23,148.60175065464998,4862.39121296604,-86.2193314009545,4924.773632219735
2013-12-24,1109.0323387684502,4857.669986426671,-196.53692471707984,5770.165400478041
2013-12-26,2180.0634185410504,970.9680551509458,563.9173695132484,3714.948843205245
2013-12-27,1154.2224879450675,1941.370607649022,-185.2731938181833,2910.319901775906
2013-12-30,-2098.5335547631753,-2912.338662799968,92.72019178394686,-4918.152025779196
2013-12-31,2711.2183183451502,4852.955632790707,737.386605582131,8301.560556717988
2014-01-02,2983.620734504775,-3881.987577639761,-1919.258960514668,-2817.625803649654
2014-01-03,702.3643187422249,970.7795359673759,-495.3546464655858,1177.789208244015
2014-01-06,-878.7856159435,-2912.904220372103,-855.8358409499931,-4647.525677265596
2014-01-07,1164.776577775325,-1942.879200599134,662.4881361192791,-115.6144867045299
2014-01-08,-2936.9068182457754,4855.783420971236,-231.3704480592378,1687.5061546662232
2014-01-09,718.8031467711501,-3884.249478669116,-93.63813453158087,-3259.084466429547
2014-01-10,7191.228295389849,-8750.604707376018,524.1695781286264,-1035.2068338575425
2014-01-13,132.34265648385005,-3894.073930241191,-3755.9849417768996,-7517.716215534241
2014-01-14,-613.0356837245502,3894.073930241191,-894.2327783821042,2386.805468134537
2014-01-15,612.689942239175,1945.9016665986437,111.38849576612131,2669.98010460394
2014-01-16,-625.8384416535499,-3892.5600517143357,-68.4358168813759,-4586.834310249262
2014-01-17,2247.0757086904755,-1947.4155451254992,-453.1100504205483,-153.449886855572
2014-01-21,-1698.22829457055,973.8024451706951,264.4230555989111,-460.00279380094366
2014-01-22,-1413.351100752,1947.0369099125292,-183.561678685777,350.12413047475206
2014-01-23,4711.13361916115,-7792.693693336098,241.69019770857858,-2839.869876466369
2014-01-24,-661.3925203979,-3900.897324737165,3781.3898680449397,-780.899977090125
2014-01-27,-4750.533544642284,2925.9576474732203,-201.27004851377706,-2025.845945682841
2014-01-28,1590.3191810350438,-975.1294096132915,-1814.0288133916158,-1198.8390419698635
2014-01-29,1530.1813902253252,-7807.872292924676,1805.3166250385573,-4472.374277660793
2014-01-30,-3117.6267004452,2929.3773201806252,-1452.9682108690026,-1641.2175911335776
2014-01-31,-1655.7239120178501,-4883.246599288148,994.2099551680315,-5544.760556137967
2014-02-03,-3093.0736651817997,-5866.177846356582,4532.579791350208,-4426.671720188175
2014-02-04,990.3180863764748,2933.9462172906933,-2351.244831612675,1573.0194720544928
2014-02-05,-769.0187849286001,5862.750172467338,340.1426211682548,5433.874008706993
2014-02-06,3060.8081721418253,2928.806958542016,-3490.216412005346,2499.398718678496
2014-02-07,6703.70295261355,-1952.347870329213,-2804.9625931895293,1946.3924890948078
2014-02-10,2611.18885625365,-976.4590882128032,-480.27372384350997,1154.456044197337
2014-02-11,5019.570869977951,4880.394790770821,-1556.880871596647,8343.084789152123
2014-02-12,-456.28585115155,4875.647325021033,-435.0848880307865,3984.2765858386965
2014-02-13,3689.9236873029245,-6827.235157249837,-575.4951752863349,-3712.8066452332478
2014-02-14,6115.246389161575,1951.5878322288045,-542.2557392423357,7524.578482148044
2014-02-18,1485.355684094475,-3903.9357025580175,-205.32989338303764,-2623.90991184658
2014-02-19,-3331.627352742075,1952.347870329213,96.3567937226344,-1282.9226886902275
2014-02-20,3246.4624981725747,2927.09687273515,-681.5546546388873,5492.004716268837
2014-02-21,-173.54816477302495,-2927.09687273515,-596.8330298360343,-3697.478067344209
2014-02-24,4190.720862290776,1951.5878322288045,-316.7722535738591,5825.536440945721
2014-02-25,1154.8813293793498,-4880.394790770821,-769.6024722094137,-4495.115933600884
2014-02-26,-1208.5231637902002,-2930.5185434014493,-632.7588850432733,-4771.800592234922
2014-02-27,607.4928868592998,-1954.6306504778222,-334.7461793781008,-1681.8839429966233
2014-02-28,-280.21354950432504,977.4105244718667,-127.05949434167962,570.1374806258619
2014-03-03,5910.00084559955,-5867.321072341219,1189.3359702217622,1232.015743480093
2014-03-04,-2273.3772783633754,9775.059741748624,-1077.2063460104562,6424.476117374792
2014-03-05,979.216694411525,0.0,-288.59676941110024,690.6199250004248
2014-03-06,1835.8539310478,3904.6958516776467,228.9011032270878,5969.450885952534
2014-03-07,-725.304616003125,5851.346264114207,-245.60554508512666,4880.436103025955
2014-03-10,497.020227781775,-974.7500002838678,-214.94195543515104,-692.6717279372439
2014-03-11,420.53748274239706,-1950.0690868772363,-246.09820509739677,-1775.6298092322359
2014-03-12,4307.240762163975,-3902.4160700887332,-447.1240357903383,-42.2993437150966
2014-03-13,337.8621809296749,-6836.545627949421,473.60790805311126,-6025.075538966636
2014-03-14,294.07900345987076,-977.4105244718667,775.5769112244479,92.2453902124521
2014-03-17,-651.2570406011002,4885.1491938792715,-1563.0886732090516,2670.80348006912
2014-03-18,688.5765446813751,-1953.4887602326016,-510.18029180414715,-1775.0925073553735
2014-03-19,-8481.1617031216,9759.841198476643,-299.06601608684014,979.6134792682033
2014-03-20,-956.06676845615,974.9396772639448,-207.29134921529635,-188.41844040750163
2014-03-21,13.68950048854996,-3900.897324737165,-341.2879288922994,-4228.4957531409145
2014-03-24,-5189.2814310781,-975.698939093174,-482.4521681132268,-6647.4325382845
2014-03-25,2275.350416915875,975.698939093174,-604.135302236557,2646.914053772492
2014-03-26,-3093.322348395475,-3903.9357025580175,-213.6903793381748,-7210.948430291668
2014-03-27,-2591.9555541566247,-1953.1083525067297,-519.4788530230596,-5064.542759686414
2014-03-28,-453.72977400109994,3905.4562228359428,-352.23447537603647,3099.4919734588066
2014-03-31,346.81270896502366,0.0,70.21234713742786,417.0250561024515
2014-04-01,1105.50124054505,3902.4160700887332,432.5701452852968,5440.487455919079
2014-04-02,1983.0388754303249,4873.750278158652,403.407191462108,7260.196345051085
2014-04-03,-1445.80094235695,-1948.9311909975477,-523.6095698581238,-3918.3417032126217
2014-04-04,1056.7714685955748,-5851.346264114207,-2313.563605289005,-7108.1384008076375
2014-04-07,-3865.7914851226,-2928.2367634648435,-570.0754135116171,-7364.10366209906
2014-04-08,4433.06365775015,-1953.1083525067297,-943.7337946089315,1536.2215106344888
2014-04-09,3967.4449446207,1953.1083525067297,496.69923581145883,6417.252532938888
2014-04-10,-1777.0528588482246,-5861.608282092075,-345.7114527726901,-7984.372593712989
2014-04-11,-1342.19629457415,-1955.3924669644184,584.9077996312246,-2712.6809619073438
2014-04-14,2652.7001047203244,1955.3924669644184,-892.4116989942092,3715.6808726905338
2014-04-15,-3174.9124058397506,-977.6009785880669,-335.3252480690401,-4487.838632496857
2014-04-16,2221.68247444245,977.6009785880669,-380.2942937439724,2818.9891592865442
2014-04-17,-2376.63301301675,7813.956152421288,-586.993208878468,4850.32993052607
2014-04-21,-147.7345406163249,0.0,213.41641350883833,65.68187289251344
2014-04-22,-257.8791573162,0.0,498.46100374323044,240.58184642703043
2014-04-23,283.95351591745003,-2928.806958542016,-540.5952860838283,-3185.4487287083944
2014-04-24,2209.6484463134752,0.0,169.30353942906606,2378.951985742541
2014-04-25,256.5057478007252,-1953.4887602326016,-1038.9027573406509,-2735.885769772527
2014-04-28,-520.1170797496252,1953.4887602326016,151.44855976502924,1584.8202402480056
2014-04-29,1563.337024257075,976.4590882128032,391.689552392279,2931.485664862157
2014-04-30,-588.60046757115,-3906.9776316142525,208.64816333453007,-4286.929935850872
2014-05-01,902.20824630825,-3910.0231174422406,-246.1004163533005,-3253.9152874872916
2014-05-02,2570.0336640063497,-2934.5180809049343,-622.6445682589343,-987.128985157519
2014-05-05,2670.9607945580997,2934.5180809049343,329.7564015890657,5935.235277052099
2014-05-06,-2309.7232345118496,-1956.1547289143418,-1668.631580277065,-5934.509543703257
2014-05-07,-971.4622477808499,978.1726750559465,680.8249029173652,687.5353301924617
2014-05-08,-339.56351107464997,-978.1726750559465,-437.12592351428725,-1754.8621096448837
2014-05-09,-1177.3109004594999,978.1726750559465,-58.375468491917104,-257.5136938954705
2014-05-12,1935.9662991029497,3910.7850452946805,2135.100021243531,7981.8513656411615
2014-05-13,444.5420469335,-4888.957720350627,110.95364065654856,-4333.462032760578
2014-05-14,1510.2271721443246,-6852.550803585596,-1469.642649154075,-6811.966280595347
2014-05-15,-3194.3475686482752,-3919.945577454586,-2322.56301795203,-9436.85616405489
2014-05-16,-272.03154516365004,1960.3551478355002,561.2233125995232,2249.5469152713736
2014-05-19,521.9669006099,1959.5904296190856,883.6727147810191,3365.2300450100047
2014-05-20,-443.965947653875,-1959.5904296190856,-1938.6573450327394,-4342.2137223057
2014-05-21,930.5851496029248,1959.5904296190856,2370.793727331549,5260.969306553559
2014-05-22,496.25484456799995,1958.826158780721,689.3761829421674,3144.4571862908883
2014-05-23,687.3816186347499,-1958.826158780721,-620.7284291570829,-1892.172969303054
2014-05-27,-3381.7687920293997,-1959.5904296190856,326.8242595978563,-5014.534962050629
2014-05-28,-411.2809907471748,-7846.0133796618975,-95.94298389077949,-8353.237354299852
2014-05-29,-358.7431921536499,981.4217809699257,201.7594161401064,824.4380049563822
2014-05-30,-642.3396909609,2943.116137077195,-121.26483499633878,2179.5116111199563
2014-06-02,-1949.1013358128253,5881.065891233862,84.77757137079323,4016.7421267918303
2014-06-03,-1278.6092658042498,5874.187451595004,-50.77492847260601,4544.803257318148
2014-06-04,194.03459806969997,978.3633519905925,201.11468489250228,1373.5126349527948
2014-06-05,3552.0622666370255,-1956.9174366748703,566.0859859956986,2161.230815957854
2014-06-06,1954.7720916391,978.5540846842778,285.27428044811387,3218.6004567714917
2014-06-09,-374.4691839860251,1956.536027046539,249.07986272722837,1831.1467057877421
2014-06-10,192.97256426925006,1955.7735422347469,-205.2240520746551,1943.522054429342
2014-06-11,-1441.3997030658,977.6009785880669,-648.3767329905987,-1112.1754574683318
2014-06-12,1645.4274506206498,-6847.2095057121915,-968.5661609142571,-6170.348216005799
2014-06-13,1248.2065164026249,1957.2989578428387,78.96435992120132,3284.469834166665
2014-06-16,-1199.142677746175,978.3633519905925,144.8067507487849,-75.97257500679757
2014-06-17,82.03953218964989,4888.957720350627,66.96799850487878,5037.965251045156
2014-06-18,3400.213501679225,-4888.957720350627,1119.5411285146727,-369.20309015672933
2014-06-19,8989.033854905125,2933.9462172906933,168.37948669769176,12091.35955889351
2014-06-20,311.944164744175,-977.7914883763515,476.88635732767534,-188.9609663045012
2014-06-23,107.16259851457498,0.0,-198.16063210926416,-90.99803359468918
2014-06-24,-71.13334998327491,-3913.072165589212,-1606.551986932601,-5590.757502505088
2014-06-25,1460.6554839686087,-1957.68059059386,972.7000727451447,475.6749661198934
2014-06-26,387.276136885875,-3917.6524293186594,-344.3043957213163,-3874.6806881541006
2014-06-27,54.693227808750024,979.6996530017932,426.498376499918,1460.8912573104612
2014-06-30,3350.253996359125,-979.6996530017932,-251.37854838799,2119.1757949693415
2014-07-01,1083.140614712175,4896.588146753958,2017.9401604827128,7997.668921948846
2014-07-02,-1000.1235178947248,5869.6085271241245,261.09703692791976,5130.582046157319
2014-07-03,-854.0757983206747,977.6009785880669,1528.260708243536,1651.7858885109283
2014-07-07,-935.5841415197501,-1955.3924669644184,-1192.9252954358365,-4083.9019039200048
2014-07-08,-45.9480446505249,-4891.817038747773,-22.597618605999514,-4960.362702004298
2014-07-09,2877.8916063932747,-978.935717435299,-212.4083328771036,1686.5475560808723
2014-07-10,1380.314876434975,-1958.4441910192254,381.4438020890947,-196.68551249515565
2014-07-11,525.759463818225,-1959.208238299434,-555.6091337942064,-1989.0579082754155
2014-07-14,-5336.044719916276,1959.208238299434,-58.85445851694726,-3435.69094013379
2014-07-15,-2733.9763893054246,979.3175734830802,-234.4564033019907,-1989.115219124335
2014-07-16,1254.1552438438,-979.3175734830802,-596.6334618341733,-321.7957914734535
2014-07-17,2018.6344907453754,-7841.421710660346,1832.8554899348433,-3989.9317299801282
2014-07-18,-65.5815427588499,2941.9675479081197,-1583.2932191735977,1293.092785975672
2014-07-21,266.84278667082503,-980.4644831500555,166.55269965468733,-547.0689968245431
2014-07-22,115.18921219572496,-980.6558306292209,-237.48612147552706,-1102.952739909023
2014-07-23,-801.7502731049796,0.0,-424.0741730905171,-1225.8244461954966
2014-07-24,-3634.4508544555956,3921.4754616147766,-14.569550288356936,272.455056870824
2014-07-25,2703.2866770474,-3921.4754616147766,-215.1517350153398,-1433.3405195827163
2014-07-28,-1270.986641334825,1961.1203137792763,-298.080526332285,392.05314611216636
2014-07-29,-1309.3053186946247,-2941.9675479081197,-147.52585506199978,-4398.798721664744
2014-07-30,-2984.3800478942744,9799.865901679572,-247.532475318053,6567.953378467245
2014-07-31,-8241.3801282196,978.935717435299,2151.499823563682,-5110.944587220619
2014-08-01,2586.0495801816746,-5876.478923371251,-2.8693916670761155,-3293.298734856652
2014-08-04,1885.8355589805253,-980.0819561659664,-1951.0325988798627,-1045.2789960653038
2014-08-05,-2684.9439703664,-1960.7376748195893,1523.0561543806118,-3122.625490805378
2014-08-06,2974.11764652515,0.0,-575.6157184076045,2398.5019281175455
2014-08-07,982.252842425975,-5886.807157446849,702.5786018266658,-4201.975713194208
2014-08-08,2218.186765316373,981.6134087705068,-2470.977173091775,728.8230009951048
2014-08-11,1023.7358723053001,0.0,-1293.9397731236966,-270.2039008183965
2014-08-12,-1027.841898686125,1962.6519902472792,-223.22833442129308,711.5817571398611
2014-08-13,2568.1513290006997,-2944.265399017786,-1632.6606514073915,-2008.7747214244778
2014-08-14,1931.875973164925,-2945.9905545250585,-964.4798081885,-1978.5943895486334
2014-08-15,-770.0795621536749,-5897.162644127442,-447.60940095065394,-7114.851607231771
2014-08-18,755.2746020326999,4914.782162635107,-511.4071897590833,5158.6495749087235
2014-08-19,-70.96517081855004,982.3804814923351,-143.80928190510645,767.6060287686786
2014-08-20,-1733.6188733563001,2945.9905545250585,-425.21941384282513,787.1522673259333
2014-08-21,-2612.5284724976245,-1963.801925484935,-2.906194089831615,-4579.236592072391
2014-08-22,620.0465317679458,-982.1886290401235,-541.4916597006822,-903.6337569728599
2014-08-25,-981.512405706775,-982.3804814923351,426.2180311498298,-1537.6748560492804
2014-08-26,1169.0765110205,0.0,-180.07349757282043,989.0030134476796
2014-08-27,176.49859987539998,-1965.3367452342209,-127.52665662300444,-1916.3648019818252
2014-08-28,1963.559972865975,-2949.445417400886,-61.25670527983118,-1047.1421498147424
2014-08-29,340.2019580545257,983.3405874591408,124.72018342297986,1448.2627289366465
2014-09-02,-6148.966145567249,6878.007518492152,-163.84975803840973,565.1916148864924
2014-09-03,1248.3914968110248,-981.9968327837269,-211.02451274599332,55.37015128130463
2014-09-04,-2264.9465659086495,3926.8371152253676,-198.13372743810476,1463.7568218786132
2014-09-05,-1798.5004676329252,981.2302092773534,-55.29186134802444,-872.5621197035962
2014-09-08,-3253.1433230659,1961.8859277998417,-218.02761914079838,-1509.2850144068566
2014-09-09,-3082.05934124955,1961.1203137792763,-306.13517190145956,-1427.0741993717334
2014-09-10,30.041407899499948,3919.945577454586,-358.31197443850726,3591.6750109155787
2014-09-11,-2156.966667527625,0.0,-203.9741032326532,-2360.940770760278
2014-09-12,-4577.381006180901,7830.723478641543,-486.6391033222328,2766.7033691384095
2014-09-15,1527.382057593525,-1956.536027046539,99.10952090606884,-330.0444485469452
2014-09-16,1813.0116201269248,0.0,-416.93183343758733,1396.0797866893374
2014-09-17,-2652.576744039675,1956.536027046539,-167.06230642344622,-863.1030234165821
2014-09-18,-444.68438457562513,977.9820538583954,359.9884731218168,893.286142404587
2014-09-19,613.8604723013998,-3913.072165589212,-431.10629514234233,-3730.317988430155
2014-09-22,-3443.8876453169,-1957.68059059386,-973.2318018593418,-6374.800037770101
2014-09-23,892.8100071231248,-2937.952776316866,-420.10858277078,-2465.2513519645217
2014-09-24,123.32762930444981,2937.952776316866,-296.3567017422264,2764.9237038790893
2014-09-25,-3612.4364998079745,-4897.543205935952,-518.3056616837831,-9028.28536742771
2014-09-26,331.5077512011503,1959.5904296190856,-985.4521272064005,1305.6460536138354
2014-09-29,-1372.18825971835,-3919.945577454586,-570.4541607424574,-5862.587997915393
2014-09-30,-2285.1973480288,1960.3551478355002,-983.0049759133885,-1307.8471761066885
2014-10-01,-1351.82955216415,-9809.431881133612,-775.3440461377465,-11936.60547943551
2014-10-02,-851.915029871975,1963.418501471715,-716.3700111615583,395.1334604381816
2014-10-03,-1021.4225347568245,981.4217809699257,-895.3554058086155,-935.3561595955142
2014-10-06,77.59209945127536,-1963.0351897404325,393.7755929733271,-1491.6674973158301
2014-10-07,913.3549967387496,-6876.664157494975,493.5031801947076,-5469.805980561518
2014-10-08,8023.295342391774,-983.1484536983844,-1097.0885785577452,5943.058310135644
2014-10-09,-3598.187301982925,-983.3405874591408,1779.6045617123896,-2801.9233277296767
2014-10-10,-3063.1152972164755,-2951.1751283288468,1926.3823523065612,-4087.908073238761
2014-10-13,-1841.4255808496,0.0,3306.7984750973096,1465.3728942477096
2014-10-14,2687.515556702325,-9849.76234005719,-1715.5872174577098,-8877.834000812574
2014-10-15,-1119.64490530065,-5919.114155719522,1965.1543675966677,-5073.604693423505
2014-10-16,3174.5435760135997,1973.8105048973812,-299.0961524002671,4849.257928510714
2014-10-17,1386.802313138225,4931.147111017097,-3598.5136684436156,2719.4357557117064
2014-10-20,3391.7437986773493,-1971.879844746043,-3323.8679506007,-1904.003996669394
2014-10-21,5573.711327179025,2957.530437199559,-2644.1976723547355,5887.044092023849
2014-10-22,-4853.50672583405,1970.7228080312489,828.2408863173032,-2054.5430314854975
2014-10-23,-1320.2940492993005,3939.13369175946,-1101.7374341837751,1517.1022082763845
2014-10-24,2020.4091867426253,0.0,-70.85602072612573,1949.5531660164995
2014-10-27,-250.25626837624995,-1969.1816758697678,-526.4514323798721,-2745.88937662589
2014-10-28,2808.6752419449,2953.483777488538,425.3227669759099,6187.481786409348
2014-10-29,-4088.0766783297254,3935.284814328086,-279.51590022456685,-432.307764226206
2014-10-30,-2854.9369415317997,-1967.2578015332547,739.0189847214187,-4083.1757583436356
2014-10-31,-3498.9375181828245,2950.5983889923955,2635.3862260279966,2087.0470968375676
2014-11-03,-3285.650187920275,983.1484536983844,70.08712447099441,-2232.4146097508965
2014-11-04,-880.2519191042293,-983.1484536983844,-1195.8045165594874,-3059.2048893621013
2014-11-05,-2697.0345278514997,983.1484536983844,1712.438007853109,-1.4480663000063032
2014-11-06,-1009.5449279458751,2948.2931214775817,1194.374880999609,3133.123074531316
2014-11-07,6754.43089033605,-6882.039964168362,235.79176381663024,108.18268998431836
2014-11-10,-4219.6397540445505,5899.467574006056,988.8692541034096,2668.697074064915
2014-11-11,3188.0168558993178,0.0,265.98679312723306,3454.0036490265506
2014-11-12,-651.2564100222999,-982.7643550719149,-158.63833532338845,-1792.6591004176032
2014-11-13,146.57844957244998,-1966.1048299417453,534.3341774528199,-1285.1922029164755
2014-11-14,7700.92097219565,-2950.5983889923955,-633.419885712101,4116.902697491154
2014-11-17,-195.7628099439249,1967.2578015332547,400.34485606798853,2171.8398476573184
2014-11-18,2515.5068530025,-1967.2578015332547,36.72000405670417,584.9690555259496
2014-11-19,-2373.9661749205748,3933.74684269078,-280.7371526079834,1279.0435151622219
2014-11-20,3619.8888286172,-1966.4890411575252,-406.17670712028087,1247.223080339394
2014-11-21,3068.9766435615256,-2951.1751283288468,-192.74575641208003,-74.94424117940116
2014-11-24,-3032.62678542425,-984.1096859992394,-44.90482405270768,-4061.6412954761972
2014-11-25,2193.043762286875,-2953.483777488538,-579.3286128576227,-1339.7686280592861
2014-11-26,1540.7110908121,-2955.217042616161,66.14155597600302,-1348.364395828058
2014-11-28,-7153.732517448901,-5915.639987245217,232.18450237173727,-12837.18800232238
2014-12-01,6940.642729011176,3944.531613486921,-535.0196614938341,10350.154681004262
2014-12-02,-1971.8996070440253,5911.012518568008,-345.5171858300048,3593.5957256939782
2014-12-03,1988.8518958304253,984.4945736762165,189.1642998220675,3162.510769328709
2014-12-04,-1823.4972522615,-3939.13369175946,-506.22590938810674,-6268.856853409066
2014-12-05,-2721.1272370743,5907.54547937747,-172.19131757983064,3014.226924723339
2014-12-08,211.21126855355004,-4922.473150680831,-194.49060870188362,-4905.752490829164
2014-12-09,6331.5093091053495,-3941.4457291814033,189.57002416487967,2579.633604088826
2014-12-10,-1780.7975480596006,-3944.531613486921,487.69191126105227,-5237.637250285469
2014-12-11,1856.2968319630252,986.4224031965714,393.59469349943765,3236.3139286590344
2014-12-12,-4216.340378935274,-8884.757790672229,430.2581791059197,-12670.839990501583
2014-12-15,-7771.117458275774,1975.7440018905909,-55.01433068582173,-5850.387787071005
2014-12-16,69.31062841989971,-4940.811761365461,1894.4555022786317,-2977.0456306669303
2014-12-17,3010.4689234287994,6915.782023682172,-4628.239391150146,5298.011555960826
2014-12-18,3129.3489079429255,7892.152736755277,-806.6816541458621,10214.81999055234
2014-12-19,169.6959323482252,-4931.147111017097,181.50578982201182,-4579.94538884686
2014-12-22,-5050.5093442363495,0.0,523.6649259241766,-4526.844418312173
2014-12-23,-1367.1271489392504,8872.5928401985,89.78050137986138,7595.2461926391115
2014-12-24,-728.9864577003495,984.8796871930535,-140.8226289354424,115.0706005572616
2014-12-26,5897.8713837469495,-1969.9520158896921,-4.4420058580669775,3923.47736199919
2014-12-29,-2182.3233197829,-2956.3734004847647,339.61755907256475,-4799.079161195099
2014-12-30,1952.7763450885247,-1971.879844746043,376.4397443866585,357.33624472914016
2014-12-31,-5574.345894757949,-2959.267266271054,2752.405048478977,-5781.208112550026
2015-01-02,2044.2539360917997,-4935.975888054891,-1510.3808115420634,-4402.102763505154
2015-01-05,-2268.632886393126,-7907.622994630656,2803.2438631288273,-7373.012017894955
2015-01-06,1986.2280089773255,-6929.348364079851,1759.1754682190128,-3183.9448868835125
2015-01-07,236.0675664911996,-990.683611319153,-3101.575697540142,-3856.191742368095
2015-01-08,1491.2834824263748,6930.707193212758,-3357.426040824478,5064.564634814656
2015-01-09,1204.1927892738747,-4949.534260358982,580.7492246279367,-3164.59224645717
2015-01-12,3245.18731881545,-5945.851419753861,1903.2333069260972,-797.4307940123135
2015-01-13,-2144.8907242799,-991.6559182718629,642.880530948986,-2493.666111602777
2015-01-14,-1893.589493756175,-4961.200235139666,1032.0329200338706,-5822.75680886197
2015-01-15,6202.190749783225,-8942.445207168668,1634.1601278541448,-1106.0943295312982
2015-01-16,1481.5130096351254,5963.38648598775,-3160.3668782431387,4284.5326173797375
2015-01-20,5198.975300802175,-993.4096815932862,-1244.105743307017,2961.459875901872
2015-01-21,-975.036623536525,4965.098060108212,-1604.8791411755587,2385.182295396128
2015-01-22,6549.905001391425,2976.7200263800914,-3214.63716808168,6311.987859689835
2015-01-23,-7597.499764436076,-8935.422917807868,220.69523385218304,-16312.227448391763
2015-01-26,-7419.9786088440505,1987.0145129128505,-1203.1670141931131,-6636.131110124314
2015-01-27,2606.434635904,0.0,2330.7756683341695,4937.21030423817
2015-01-28,-641.3278199736,-9942.88545953299,3468.187129532012,-7116.0261499745775
2015-01-29,-5931.906127027501,3979.49897354524,-2837.88579337341,-4790.29294685567
2015-01-30,5720.624424602951,-8958.275656984697,3231.18397759783,-6.467254783915905
2015-02-02,83.66638600972487,0.0,-3656.093371810229,-3572.4269858005046
2015-02-03,-620.3011182274248,10946.85228818006,-3902.979691223635,6423.571478729001
2015-02-04,3086.06254329815,1987.7953418795369,490.57316635431647,5564.431051532004
2015-02-05,-1016.0604874042247,1987.0145129128505,-2759.229060164422,-1788.2750346557964
2015-02-06,-6693.628672012175,11905.715403216775,-100.16126591912666,5111.9254652854725
2015-02-09,-3580.6965468887256,990.8779582757561,696.8862835589391,-1892.9323050540304
2015-02-10,826.855401437025,4951.475730134975,-1393.1881732753197,4385.142958296679
2015-02-11,-3030.23644534225,-989.906794989307,-501.715552235936,-4521.858792567493
2015-02-12,2840.82858493585,-990.1009133921325,-1115.0395339100783,735.6881376336391
2015-02-13,3573.0157926420757,2969.7204420504713,-378.70541954951875,6164.030815143029
2015-02-17,-7047.764605491775,11861.436768542364,836.7104701551256,5650.382633205714
2015-02-18,3483.8383059203175,-6915.782023682172,-534.3077950691395,-3966.2515128309938
2015-02-19,-1774.2253898345998,3953.0365062825294,-477.9366714508342,1700.8744449970955
2015-02-20,-803.5773712212998,1975.357075277905,-146.21278452848685,1025.5669195281184
2015-02-23,1760.128702355,-6917.136864081753,-94.07910905719064,-5251.087270783943
2015-02-24,925.1815075415251,-6926.631904389345,-320.303568919897,-6321.753965767717
2015-02-25,1105.1093840379501,-2971.468021753535,-306.13225037062364,-2172.4908880862085
2015-02-26,-442.48261442955,6930.707193212758,-421.14214234716485,6067.082436436043
2015-02-27,-3281.570245405525,-2969.1382580670906,-1188.3197239793476,-7439.028227451963
2015-03-02,-2299.99247881195,7913.823836744705,774.762043751295,6388.59340168405
2015-03-03,-1639.4060109248499,3952.2621981392876,-624.0742016719025,1688.7819855425353
2015-03-04,-1579.1477983669001,0.0,-779.0685893396017,-2358.216387706502
2015-03-05,-2073.4561644414503,-987.7752550829318,-233.49549938554048,-3294.7269189099225
2015-03-06,-14162.612305008375,12826.006627913215,-1192.6379135868642,-2529.243590682024
2015-03-09,-1814.10672521105,-3942.988218504339,-170.92950601883672,-5928.0244497342255
2015-03-10,-4550.422967027001,-5920.272892009234,246.20726910902135,-10224.488589927212
2015-03-11,-4542.749066965374,-2962.7455173996423,-184.67873992594264,-7690.1733242909595
2015-03-12,-437.25966188664984,-987.968746807659,-1456.9544426355208,-2882.1828513298296
2015-03-13,279.8337435167249,2963.325822085564,-195.98518370958118,3047.174381892708
2015-03-16,599.1750252348003,-2963.325822085564,-166.82479350983215,-2530.975590360596
2015-03-17,581.1243880177751,-3953.8110419961886,-773.464948905584,-4146.151602883997
2015-03-18,11285.842329890475,-12871.317070640522,780.3079598460342,-805.166780904013
2015-03-19,3373.50377129885,4954.390077351418,-1389.3865934306505,6938.507255219618
2015-03-20,1841.4825268674006,-4954.390077351418,1702.4291486202792,-1410.4784018637383
2015-03-23,5082.7937869467505,-991.4613424024428,-839.3265420883882,3252.0059024559196
2015-03-24,2681.1831948050003,-3967.7917012596736,-2070.428233042163,-3357.036739496836
2015-03-25,-5407.219869696476,4959.253043662116,257.09036307428335,-190.8764629600763
2015-03-26,957.0452926107749,7924.692874632616,11.071609268270777,8892.809776511662
2015-03-27,-1061.8957710858751,-5942.353688410731,-846.3078006285514,-7850.557260125157
2015-03-30,113.15465368857645,990.8779582757561,116.36025435220176,1220.3928663165343
2015-03-31,-3005.2737387002494,-1981.9503207026428,-281.0845462189775,-5268.308605621869
2015-04-01,2397.3329719554004,-6942.954662274962,-570.2138100760124,-5115.835500395574
2015-04-02,230.15088619767496,4960.226496077521,-475.2245544191851,4715.152827856011
2015-04-06,8025.13728582795,0.0,291.79352719509666,8316.930813023047
2015-04-07,-3217.384975339025,-2975.5517115835682,-469.7323804444409,-6662.669067367035
2015-04-08,-3312.2863378932752,2975.5517115835682,-569.2587164198528,-905.9933427295598
2015-04-09,-2549.6237203750748,4955.362098219237,-344.3142295099477,2061.4241483342144
2015-04-10,1400.991647766475,-990.683611319153,327.17371975634535,737.4817562036673
2015-04-13,-3811.4918202431,-1981.9503207026428,-158.34593847249323,-5951.788079418236
2015-04-14,-1180.445698370375,-3966.2346358948707,-146.623356453361,-5293.303690718607
2015-04-15,5158.767413877899,991.8505514255667,100.42711338449806,6251.045078687964
2015-04-16,-59.477901703699935,-991.8505514255667,-419.11757800431815,-1470.4460311335847
2015-04-17,686.1885507750752,-2976.7200263800914,-1448.094950925281,-3738.626426530297
2015-04-20,1171.1617465285249,2976.7200263800914,769.8341471785568,4917.715920087174
2015-04-21,-848.2730011592503,1983.5064696974296,-534.7490773306021,600.4843912075772
2015-04-22,-3745.05702610285,6936.146508653619,540.1840345866162,3731.273517137385
2015-04-23,2837.5958078312497,-2971.468021753535,304.4190357378227,170.5468218155372
2015-04-24,-9.262216516375041,-2973.217144497641,361.5436582812066,-2620.9357027328097
2015-04-27,4802.85384953435,991.2668237949983,-1160.692932289976,4633.427741039372
2015-04-28,2003.2278361281,5943.51925584831,474.8820128019098,8421.629104778322
2015-04-29,-1640.8856700399,5936.530990997213,-1217.8423802423772,3077.8029407149356
2015-04-30,-3754.546316048,-988.9370587648737,-2350.383233461692,-7093.866608274565
2015-05-01,2711.2832611437498,6918.492102651653,1919.0395035356075,11548.81486733101
2015-05-04,1798.919432105,3949.1672394876223,728.7394735733699,6476.826145165992
2015-05-05,-3425.602018463425,2959.846549294016,-3715.5712836327693,-4181.326752802179
2015-05-06,-1555.461324933,5914.482610775114,-1585.3585974574144,2773.6626883847002
2015-05-07,3436.2887038053004,-6900.905013971686,-145.65637631946515,-3610.2726864858505
2015-05-08,3349.48051659925,-1973.4241460974445,-1269.5921259118422,106.46424458996353
2015-05-11,-5813.083313012799,11828.968278152373,135.9473347027773,6151.832299842351
2015-05-12,455.7923108345999,0.0,-466.6428075577471,-10.850496723147216
2015-05-13,5875.108866269826,-984.6871021935513,-313.1081190353484,4577.313645040926
2015-05-14,7649.90189348625,-3940.674823920941,49.90949765590358,3759.1365672212123
2015-05-15,4000.4142572130995,-8877.803329208793,-326.5042424398388,-5203.893314435532
2015-05-18,-61.11181442611431,8877.803329208793,541.1657826948328,9357.85729747751
2015-05-19,-7294.74412512695,3940.674823920941,-200.58308902369504,-3554.652390229704
2015-05-20,-3216.76208755225,-984.8796871930535,-332.1556538742385,-4533.797428619542
2015-05-21,338.535490587375,-6899.554939471753,-172.92129531614364,-6733.940744200521
2015-05-22,-1107.1096738996,1972.2657500953937,-671.3328771702862,193.8231990255075
2015-05-26,-5331.59812466565,-6906.309276560321,-498.0598491180359,-12735.967250344007
2015-05-27,294.65516110624986,0.0,449.55993183239684,744.2150929386466
2015-05-28,493.02700604467503,-987.3884421217372,-434.0128788789457,-928.3743149560078
2015-05-29,137.61037279907507,-987.5818201949733,-843.647691478921,-1693.6191388748193
2015-06-01,-870.82958599505,6909.013788781638,17.978052169581815,6056.16225495617
2015-06-02,-1786.99211965175,7884.434626664806,-298.08106364191644,5799.36144337114
2015-06-03,1865.6614869987245,10820.978364289425,-277.76314244601963,12408.87670884213
2015-06-04,-265.2594283475496,-6883.384900801648,-774.1378528074705,-7922.782181956668
2015-06-05,-4687.147389184425,9830.526401496412,-788.9418561117338,4354.437156200253
2015-06-08,-2683.61803812165,-1964.5691105324586,-53.39497487730682,-4701.582123531415
2015-06-09,3563.4305353777,2946.5659433161854,-860.4769159605894,5649.519562733296
2015-06-10,4537.883986101624,7849.076733298112,-211.94135318522456,12175.019366214512
2015-06-11,1912.1659823249752,-10795.642676614298,-11.490584786216118,-8894.967279075538
2015-06-12,-3712.19014917915,0.0,-1225.35966307845,-4937.5498122576
2015-06-15,164.34990628952502,-2948.2931214775817,-283.605976640132,-3067.5491918281887
2015-06-16,2677.0203656464996,-3933.74684269078,-473.59015838908647,-1730.3166354333666
2015-06-17,936.0860881397249,0.0,-566.324179726962,369.76190841276286
2015-06-18,8432.911985817149,2950.5983889923955,2234.339060448469,13617.849435258013
2015-06-19,-202.00344186736504,-8856.988866468819,269.4193813269692,-8789.572927009216
2015-06-22,-4021.7668261897497,10823.093696410564,-1075.8112751680073,5725.515595052807
2015-06-23,-2768.1255859653,4911.902688550406,-730.4995046770841,1413.277597908022
2015-06-24,-5674.166439724875,-3929.1383334784914,411.6680456362758,-9191.636727567091
2015-06-25,-937.6342595026499,1964.952871654641,382.261205665003,1409.5798178169941
2015-06-26,-1068.6701625634248,8832.797711971907,-236.70650298146256,7527.42104642702
2015-06-29,-6418.266734027425,-15713.493133646858,4802.543881506807,-17329.215986167474
2015-06-30,3866.0489127444257,1966.8733650066497,-969.2514411416511,4863.6708366094235
2015-07-01,-2150.93253523085,7859.81261119336,-2574.317919850202,3134.562156112308
2015-07-02,-2121.5175561338,-2945.9905545250585,322.0699042896342,-4745.438206369225
2015-07-06,-362.17936115260017,-9832.447458455528,80.04171376178704,-10114.585105846341
2015-07-07,536.6771195017253,-2953.483777488538,-1414.0651727605728,-3830.8718307473855
2015-07-08,-3379.83509955105,-4926.325416374457,3755.0702622462923,-4551.090253679215
2015-07-09,691.9253966743248,9847.836206657827,-360.8071285192551,10178.954474812897
2015-07-10,1502.1495249054747,9828.605907484547,-3657.481620043427,7673.273812346595
2015-07-13,2437.440517751875,1963.418501471715,-2826.4719393105793,1574.3870799130104
2015-07-14,-1824.891218083625,-2945.415334255442,-647.0953138713469,-5417.401866210414
2015-07-15,-43.7842610897497,-4912.86223201004,-419.9514307857726,-5376.5979238855625
2015-07-16,-474.52881627605035,0.0,-530.1030906544355,-1004.6319069304859
2015-07-17,-3623.325154094011,-1966.4890411575252,-310.8541860033114,-5900.668381254847
2015-07-20,-8536.467953404399,3932.209772472801,-107.04936232782813,-4711.307543259426
2015-07-21,-961.8868902602001,-2948.86918501366,-760.9655745388437,-4671.721649812704
2015-07-22,904.5547664544499,-1966.8733650066497,-545.6809006478238,-1607.9994992000236
2015-07-23,-1811.325906821625,-4920.548712075564,-264.30065247706125,-6996.17527137425
2015-07-24,1475.7506433007995,-984.6871021935513,948.4032111462568,1439.466752253505
2015-07-27,-2177.30926706045,-3940.674823920941,1238.9955722018867,-4878.988518779504
2015-07-28,5392.590889558024,2955.7951367278874,-3052.9169181569105,5295.469108129002
2015-07-29,1173.1373083706,2954.0613630628213,-1227.1046998810248,2900.093971552397
2015-07-30,-3663.1261980272247,-984.4945736762165,-794.5772066277357,-5442.197978331177
2015-07-31,1635.8404044133752,-7882.892363314051,-865.8312088246873,-7112.883167725364
2015-08-03,-1389.8321707793252,-3946.075914838322,28.38746390730762,-5307.5206217103405
2015-08-04,-1574.3710284341748,6903.606352037881,134.02294563758232,5463.258269241289
2015-08-05,-2593.0277005171497,4925.361926114492,-535.6420763937138,1796.6921492036288
2015-08-06,246.90575093924997,-4925.361926114492,739.896953973016,-3938.5592212022266
2015-08-07,1678.6620793846,-4930.182205940437,-548.1733295076765,-3799.693456063513
2015-08-10,5505.041009922275,5915.639987245217,-950.0192146559812,10470.66178251151
2015-08-11,1834.8848634389,-8876.065989672774,736.391441938764,-6304.78968429511
2015-08-12,4254.6549318458,-987.1951208407991,-324.66579159248,2942.7940194125213
2015-08-13,-363.76117963624966,4934.043526464928,-353.1495783023786,4217.1327685262995
2015-08-14,626.9013075481026,986.2293655443063,-747.8494863843252,865.2811867080836
2015-08-17,966.4557420242248,-3946.075914838322,137.88702206880998,-2841.7331507452873
2015-08-18,-1509.38066198145,3946.075914838322,168.217999228375,2604.913252085247
2015-08-19,1811.9752657265997,-7895.2431543259445,724.3076021223374,-5358.960286477008
2015-08-20,1685.1555225592747,-2963.9062972822576,3972.312484027768,2693.561709304785
2015-08-21,-2423.3141358441,-3954.5858053693955,9439.427165673493,3061.5272244599973
2015-08-24,-8595.364991488226,-3957.6871372430323,13658.671982829283,1105.619854098024
2015-08-25,-2960.6664451620745,10876.179239894685,750.3313290708959,8665.844123803507
2015-08-26,3745.502284927824,5922.591385585067,-11064.497756832892,-1396.4040863200007
2015-08-27,1500.3962377354496,0.0,-7200.165586478164,-5699.769348742715
2015-08-28,261.86121070035466,986.4224031965714,-432.4766417209531,815.8069721759729
2015-08-31,-2930.15505735455,1972.2657500953937,2171.800069629526,1213.9107623703699
2015-09-01,-5319.961633015026,-3945.303650822141,8028.874371040669,-1236.390912796498
2015-09-02,4189.282479881451,2959.267266271054,-6290.172305782469,858.3774403700354
2015-09-03,-2731.649879954325,-1972.6517687408777,-451.05744335858947,-5155.359092053793
2015-09-04,-5869.76359581295,-4935.0095653900935,4636.601046554621,-6168.172114648423
2015-09-08,5441.9163280587,6907.661334130971,-7856.435900351989,4493.141761837682
2015-09-09,-5554.359252233824,986.0363845510874,4152.700975161256,-415.62189252148073
2015-09-10,1678.2288922279752,1971.4940526484716,-1775.544478245571,1874.1784666308754
2015-09-11,2832.7214481805,-2957.530437199559,-1444.112290906496,-1568.921279925555
2015-09-14,620.3360585141498,-1972.6517687408777,1286.1511354608517,-66.16457476587607
2015-09-15,-429.08523791814963,9855.544132054929,-1780.04004807417,7646.41884606261
2015-09-16,4599.9087407550005,1968.796675294987,-1007.4341202427775,5561.27129580721
2015-09-17,4506.1181255775755,-8865.65265405795,-648.8206692636709,-5008.355197744046
2015-09-18,1287.7400067414246,-7893.697718682059,268.32750771711744,-6337.630204223517
2015-09-21,-4099.590432461825,6907.661334130971,-2157.3346583993216,650.7362432698246
2015-09-22,-5984.75663023695,-5920.272892009234,1771.3091716629208,-10133.720350583262
2015-09-23,-1257.7447738487497,1974.1969771709119,-530.0982700888142,186.35393323334802
2015-09-24,6208.098672559599,-2961.585419292649,868.1481453230617,4114.661398590012
2015-09-25,-2508.06086001885,3948.3940678599174,-249.54597233684694,1190.7872355042207
2015-09-28,-7607.264909774801,-6911.719889945482,4815.534066415481,-9703.4507333048
2015-09-29,642.0528662603751,-4942.748100761062,-957.7510213539284,-5258.446255854615
2015-09-30,2615.1711134098496,988.9370587648737,-3945.8950719742206,-341.7868997994974
2015-10-01,-1327.996657894625,-988.9370587648737,-1904.0677713409905,-4221.001488000489
2015-10-02,10626.47305615765,-5937.694845624472,-2424.427813497601,2264.3503970355778
2015-10-05,3264.1718056020504,7915.375186910664,-1243.2743131263635,9936.272679386351
2015-10-06,1435.596303322725,-1977.6803412861918,-651.0718091486751,-1193.155847112142
2015-10-07,2669.08506683565,2966.2299045123655,-570.0976015961174,5065.217369751898
2015-10-08,-305.88982727347513,3952.2621981392876,70.27970990613142,3716.652080771944
2015-10-09,5262.366522720626,0.0,-459.98976948808945,4802.376753232536
2015-10-12,3894.484674789526,0.0,-640.8219564237925,3253.6627183657333
2015-10-13,-434.54098257209995,-5929.5550438867795,-639.975382407826,-7004.0714088667055
2015-10-14,5130.785261744176,-6926.631904389345,-810.3875370790092,-2606.234179724179
2015-10-15,3790.5399168335,4948.563953645469,1127.3021617266609,9866.406032205628
2015-10-16,-3195.6299983863,0.0,521.7495993033835,-2673.8803990829165
2015-10-19,-1195.9289887359248,0.0,-152.4471093658768,-1348.3760981018015
2015-10-20,-304.4262136242999,3955.360796491368,-514.7747875362114,3136.1597953308565
2015-10-21,-2375.264555460675,-3955.360796491368,-1841.6679493837087,-8172.293301335752
2015-10-22,4222.749409051426,0.0,4696.570954760883,8919.320363812309
2015-10-23,-5069.4132704027,4943.716697348398,3694.136589619394,3568.4400165650923
2015-10-26,-1492.2023897810002,-1976.9054640832037,-923.0860670100362,-4392.193920874241
2015-10-27,1735.139428573175,-1977.6803412861918,-196.6113973231245,-439.1523100361412
2015-10-28,-1149.450791003425,4942.748100761062,-467.9301522293571,3325.36715752828
2015-10-29,-6547.50535610045,8884.757790672229,-51.8813012989483,2285.371133272831
2015-10-30,-67.82409120297504,-2959.846549294016,-216.12592922342344,-3243.7965697204145
2015-11-02,1321.2897378101252,3946.075914838322,248.7491188576172,5516.114771506064
2015-11-03,-3894.405883302625,2957.530437199559,493.9709100875689,-442.90453601549734
2015-11-04,-4573.8523833297995,1970.7228080312489,31.788394626687477,-2571.341180671863
2015-11-05,-3391.183868994875,985.0723286966386,-755.5433848613688,-3161.654925159605
2015-11-06,-5137.597315615725,7873.648279009678,-870.9829860741962,1865.0679773197567
2015-11-09,-5534.932081429701,1966.4890411575252,392.88161059951676,-3175.561429672659
2015-11-10,1130.9130300430998,-3933.74684269078,-1059.5775906861604,-3862.4114033338406
2015-11-11,-2455.461428589375,0.0,-44.61729531752212,-2500.078723906897
2015-11-12,-2732.6769603832,0.0,1091.4700689209553,-1641.2068914622446
2015-11-13,-1369.4942074814749,-3936.8236880898185,1399.5345917198988,-3906.783303851395
2015-11-16,1792.5345160287,-984.6871021935513,-2353.6960765558633,-1545.8486627207146
2015-11-17,-3858.5457862131498,-1969.9520158896921,64.80319757167763,-5763.694604531164
2015-11-18,3002.4730786403,1969.9520158896921,-1065.009273544078,3907.415820985914
2015-11-19,3682.46862295695,-2955.217042616161,-394.0443481389906,333.20723220179855
2015-11-20,755.29702951585,1970.3373554231075,-873.5167930480969,1852.1175918908607
2015-11-23,-3970.133180694524,-985.0723286966386,-449.3605843173043,-5404.566093708467
2015-11-24,2251.041726765083,-985.2650267264689,-79.03537169912056,1186.7413283394933
2015-11-25,-1020.4240496331252,-985.4577813047799,-790.1036400425596,-2795.985470980465
2015-11-27,-2907.8520194858497,-985.6505924535159,-278.1278400676541,-4171.63045200702
2015-11-30,197.00841688052503,-985.8434601949557,-619.6261048312692,-1408.4611481457
2015-12-01,4342.170275220575,-5919.114155719522,666.74862613052,-910.1952543684276
2015-12-02,-5936.28304483805,2960.4260024275573,-1935.1141294884187,-4910.971171898911
2015-12-03,-3828.6408468673994,14776.092844130493,-479.9278528607829,10467.52414440231
2015-12-04,18280.254598334675,-4920.548712075564,-54.24698062556388,13305.458905633548
2015-12-07,-4715.80931805675,-4925.361926114492,-1676.242259694945,-11317.413503866188
2015-12-08,-2281.62276972465,985.4577813047799,-1551.1286359253802,-2847.2936243452505
2015-12-09,-683.0009407633498,-1971.1083737582958,1201.223445574783,-1452.8858689468625
2015-12-10,2712.9693312881504,1971.1083737582958,-464.8456259368743,4219.232079109572
2015-12-11,-3126.145769594575,-10850.64955263531,4168.844064122879,-9807.951258107007
2015-12-14,-2997.64374029345,9865.19177133053,-1962.5576313511601,4904.99039968592
2015-12-15,1516.0040033440253,4925.361926114492,-1893.7123517806072,4547.653577677911
2015-12-16,4686.5406698179,1968.796675294987,-2153.3828177549594,4501.954527357928
2015-12-17,-9749.8656415143,-5908.700820104699,-288.82434701012016,-15947.39080862912
2015-12-18,-498.0717686732257,-4929.217584048645,1491.9475251703318,-3935.3418275515396
2015-12-21,5470.457517420676,986.2293655443063,-2305.690067800384,4150.996815164598
2015-12-22,1229.0486128077498,3942.988218504339,-2085.2808622606176,3086.7559690514713
2015-12-23,2626.3614605147,2955.217042616161,-495.5581097596564,5086.020393371204
2015-12-24,912.281396785875,-1969.9520158896921,-321.90805455672944,-1379.5786736605464
2015-12-28,-2514.641321964925,-985.2650267264689,361.27559717820645,-3138.6307515131875
2015-12-29,1369.5759676697498,7876.727832899531,91.355124140307,9337.658924709587
2015-12-30,-4677.501336305125,-983.9173267955921,-303.61871635645343,-5965.037379457171
2015-12-31,-1994.05086867675,-3937.5934634877776,-265.22320062045424,-6196.867532784981
2016-01-04,925.9929988652249,-2955.217042616161,1534.5199219511585,-494.7041217997778
2016-01-05,445.53448366177497,985.2650267264689,-1375.2160012955983,55.58350909264573
2016-01-06,164.84769370270018,-6900.905013971686,1512.820238354877,-5223.237081914109
2016-01-07,-1395.0627040607753,-1973.4241460974445,5741.378096647097,2372.891246488877
2016-01-08,147.79790766035038,-2961.585419292649,2744.527614876908,-69.2598967553904
2016-01-11,-2436.3679711075497,3948.3940678599174,-1224.6246744717696,287.4014222805981
2016-01-12,-42.92605003757498,-4935.975888054891,-2713.19302066032,-7692.094958752786
2016-01-13,-4439.8372930225005,-3952.2621981392876,7320.859203896522,-1071.2402872652674
2016-01-14,434.8676446204005,1976.5181962486968,-5021.498472878417,-2610.1126320093194
2016-01-15,-2327.9735532741006,-6921.203774926311,6640.81822279698,-2608.3591054034305
2016-01-19,-804.812057629125,2967.3927329301223,-443.64219851357586,1718.9384767874217
2016-01-20,1732.6043442971497,-4946.624196007906,4099.842251766581,885.8224000558248
2016-01-21,232.3971637991002,989.7127336690319,-1694.0254305022186,-471.91553303408637
2016-01-22,3012.2190094002253,4945.654744860192,-6406.326903454332,1551.5468508060858
2016-01-25,-1870.77064204705,-3956.1360154514405,420.0685175119787,-5406.838139986511
2016-01-26,7655.6378261202,-1979.2314630777837,-1067.800789144826,4608.60557389759
2016-01-27,-1346.8058174090247,989.7127336690319,-433.8011049095769,-790.8941886495697
2016-01-28,-74.25468688115,-1979.6195286583388,-681.6834241024594,-2735.5576396419483
2016-01-29,8977.408582765223,-5943.51925584831,392.0926958681292,3425.9820227850423
2016-02-01,-660.5119988792752,2972.6339320217958,-504.14858961843834,1807.973343524082
2016-02-02,-1046.4843089367002,-9915.588594296758,-929.630407904682,-11891.70331113814
2016-02-03,4456.0101273753,992.4347948178474,-75.37558688858326,5373.069335304564
2016-02-04,7826.265336730301,-992.4347948178474,-63.3325367866604,6770.4980051257935
2016-02-05,1880.0599179377505,-992.6296573340078,-589.7546005525669,297.6756600511758
2016-02-08,582.3792442161749,-10931.803588391049,1374.941579955049,-8974.482764219823
2016-02-09,511.3044209877484,-994.9724909426295,-86.4682915056676,-570.1363614605486
2016-02-10,4686.8572979191,-2986.091366239634,-624.6001991827086,1076.1657324967575
2016-02-11,7523.716713814524,-7971.52902623816,1294.30101643473,846.4887040110937
2016-02-12,2532.6205514783,10957.620392477795,-2942.473710302551,10547.767233653543
2016-02-16,-5422.331529780975,3978.7168777131446,-747.5742893679751,-2191.1889414358056
2016-02-17,4374.1371812809,2981.9859675267653,265.4028635498946,7621.52601235756
2016-02-18,5600.91360373215,-5965.73035429728,-1363.3568892085748,-1728.1736397737056
2016-02-19,-1891.753799230725,994.7769381731487,-1048.31425164339,-1945.2911127009663
2016-02-22,-847.0423278124247,994.5814430492319,1797.6312349901632,1945.1703502269704
2016-02-23,-1128.0424659357254,-2984.33087216501,-2242.545217100357,-6354.918555201092
2016-02-24,1949.6793993287422,994.9724909426295,241.32881526871586,3185.9807055400875
2016-02-25,4115.1975883777,-3981.0638571822637,1915.803743806265,2049.9374750017014
2016-02-26,-3268.479312019475,4975.840795355412,-774.2277189450206,933.1337643909169
2016-02-29,-617.9275142574752,-1989.7494291157782,-2148.730851865004,-4756.407795238258
2016-03-01,1205.3126166521495,8947.71735815276,6057.904357329629,16210.934332134539
2016-03-02,2311.7905344250003,993.2145893541601,1378.160247095316,4683.165370874476
2016-03-03,5395.8665302628,-993.2145893541601,1244.4077433680718,5647.059684276712
2016-03-04,1404.8449306271502,4964.123173332773,1035.0543749310468,7404.022478890971
2016-03-07,1962.1414374426247,2976.1357829878107,207.7327785056049,5146.009998936041
2016-03-08,-1960.1445847587254,-7940.258956320584,293.55030801963267,-9606.853233059677
2016-03-09,-2105.8482362832997,6948.408404895017,-373.2430295493714,4469.317139062346
2016-03-10,2946.434238033475,2974.9678120998724,-501.9813415638623,5419.420708569485
2016-03-11,3223.0365865440504,4954.390077351418,-15.28835181019872,8162.13831208527
2016-03-14,-3616.2017891319,-990.4893215346237,-114.60322392466082,-4721.294334591184
2016-03-15,-1743.921942960925,0.0,-547.5281172190307,-2291.4500601799555
2016-03-16,8424.047824588224,-2972.6339320217958,-766.1565805296675,4685.257312036761
2016-03-17,3362.082786719475,-2974.384084469304,600.7840647897353,988.4827670399061
2016-03-18,2924.9334338391,-2976.1357829878107,412.4658097031286,361.2634605544179
2016-03-21,-2975.9841328133,3967.7917012596736,21.005953780793618,1012.8135222271669
2016-03-22,-884.8650932032251,1982.7281661974412,-156.33927947950355,941.5237935147125
2016-03-23,-6520.614398227724,-5950.519867457115,-1309.3301852266634,-13780.464450911502
2016-03-24,-1898.9482665735,2976.1357829878107,-446.55290070144815,630.6346157128626
2016-03-28,914.74378607165,-1983.8957933117053,120.51920593593479,-948.6328013041206
2016-03-29,9532.851366363675,-7943.377675921729,1376.4273544052444,2965.9010448471904
2016-03-30,-780.4073436094002,1987.0145129128505,975.2111374007058,2181.818306704156
2016-03-31,2392.66940952505,-4969.000480439616,-779.823947608385,-3356.1550185229507
2016-04-01,1102.0362429108752,994.1906256472284,1716.6069633943407,3812.8338319524446
2016-04-04,-1961.4622869094499,-994.1906256472284,-990.1381183852926,-3945.7910309419713
2016-04-05,1692.446195737668,-4973.884979093375,-2733.1309908266057,-6014.569774182312
2016-04-06,484.6595473853751,2984.917530496008,2657.9699103810876,6127.546988262471
2016-04-07,2326.1833119888,-5971.596074284345,-3301.640315953623,-6947.053078249168
2016-04-08,-769.7588344227,1991.3147742796573,283.63048265106625,1505.1864225080235
2016-04-11,3359.962013488575,995.36376950868,-749.0485862984251,3606.2771966988303
2016-04-12,1581.478968224175,5968.075604740603,2443.013088705916,9992.567661670695
2016-04-13,-598.8543609941751,-1988.576631195363,3306.943686904672,719.5126947151339
2016-04-14,-6432.9995177693445,2982.571934519321,-58.65653475688859,-3509.084118006912
2016-04-15,1993.816597997875,-3977.153377568553,-460.1146561885123,-2443.45143575919
2016-04-18,1782.6521712265499,1988.9674485973665,2413.6214314770755,6185.241051300992
2016-04-19,4457.02613518645,994.1906256472284,1054.964579247205,6506.181340080883
2016-04-20,-1196.958260940775,5961.043998726207,-140.4759991761182,4623.609738609313
2016-04-21,-2019.0629390737254,2977.8890293989534,282.5091491172884,1241.3352394425165
2016-04-22,-3785.60035444895,992.2399896761053,-921.2341777887332,-3714.594542561578
2016-04-25,-1272.1858944392247,1983.8957933117053,571.8375224017791,1283.5474212742597
2016-04-26,1612.70894106835,2974.384084469304,-351.0110059971794,4236.082019540475
2016-04-27,3266.368145093125,-6942.954662274962,-396.7273686225212,-4073.3138858043585
2016-04-28,3928.5995984358246,-2978.4737891607656,1143.541300523765,2093.6671097988237
2016-04-29,3966.0785341540745,-993.2145893541601,447.64200177996827,3420.5059465798827
2016-05-02,2769.2196292058,4964.123173332773,-1523.016194139359,6210.326608399214
2016-05-03,73.16647558559993,-6951.137686245624,979.7738697201623,-5898.1973409398615
2016-05-04,-2929.37251161285,-1987.7953418795369,631.8454673174045,-4285.322386174982
2016-05-05,104.6257311375,-2983.158074244595,-335.20001044033165,-3213.732353547426
2016-05-06,687.5289058008998,2983.158074244595,-1506.106091853212,2164.5808881922826
2016-05-09,-4902.802770771,-1988.576631195363,-451.7639384914247,-7343.143340457787
2016-05-10,3727.02638763145,0.0,-1873.7638106143777,1853.262577017072
2016-05-11,80.07251259019976,-3979.49897354524,1080.4613104991176,-2818.9651504559224
2016-05-12,-1424.113002053425,1990.1405923228594,-494.09524708948993,71.93234317994461
2016-05-13,-1204.403321146725,-3981.0638571822637,1312.375051906301,-3873.0921264226877
2016-05-16,413.71413186394983,3981.0638571822637,-1880.4335890330321,2514.3444000131813
2016-05-17,-1843.2787545406932,994.7769381731487,1517.7953638705758,669.2935475030313
2016-05-18,-6326.04440946785,10929.656307551908,-179.11553196067587,4424.496366123382
2016-05-19,-3160.8480012547257,-1985.454234581106,534.0096270846857,-4612.292608751146
2016-05-20,1021.64351489105,0.0,-1983.0401556251616,-961.3966407341115
2016-05-23,-541.9174021367999,-993.0195545796596,165.53551896171825,-1369.4014377547412
2016-05-24,-1690.3168399523754,1985.8441318267578,-3029.478810492506,-2733.9515186181234
2016-05-25,-853.3760841148751,992.6296573340078,-1238.6861282510608,-1099.4325550319281
2016-05-26,461.57301451169997,-3971.6883785149257,-748.974656769235,-4259.090020772461
2016-05-27,-732.97303707155,1986.2341439338197,-782.5458674803656,470.715239381904
2016-05-31,1632.313877670525,-993.0195545796596,-487.65143995257176,151.64288313829366
2016-06-01,-109.84578856514993,993.0195545796596,-1040.9565764399815,-157.7828104254719
2016-06-02,2140.739406323075,-3973.24865684667,-688.7641004888962,-2521.2733510124917
2016-06-03,7576.177060022025,-9946.794211479544,-481.67499129851876,-2852.2921427560377
2016-06-06,5119.901073746625,1990.9232648594043,137.68196672006638,7248.506305326096
2016-06-07,827.976844797425,-995.36376950868,219.46960201859156,52.08267730733655
2016-06-08,4646.40779472775,-995.5594953507243,10.743098507703053,3661.591397884729
2016-06-09,2507.98354337165,-2987.8534185800527,128.35709005469198,-351.51278515371087
2016-06-10,-2521.27891105195,-3986.548225157807,1434.2178613354406,-5073.609274874316
2016-06-13,-1264.352226824575,-1994.4510112872813,3117.875641832171,-140.92759627968553
2016-06-14,837.7272169361,0.0,-715.0287065044836,122.69851043161646
2016-06-15,524.8535681864248,-1995.2362282209215,-612.0415502391552,-2082.4242102736516
2016-06-16,-524.8004798700748,-2994.3276387488004,-1104.0683889532943,-4623.196507572169
2016-06-17,1168.8897620317,4989.563866969722,-173.65458547007506,5984.799043531347
2016-06-20,1178.3112980403996,4984.65626013685,-1429.863062272517,4733.104495904732
2016-06-21,-5284.844577961426,3984.1963948882913,-359.42769815767406,-1660.0758812308086
2016-06-22,-1391.629964920475,-1991.7063991950708,1546.6416374220557,-1836.6947266934899
2016-06-23,2120.3006411512747,4977.797765434705,-2988.448024461519,4109.6503821244605
2016-06-24,6164.786104356374,-16944.507888234497,6738.013206584739,-4041.7085772933824
2016-06-27,-7462.422591098951,-10994.351038391731,1529.824083935992,-16926.94954555469
2016-06-28,1252.0638939887751,0.0,-6113.945537275584,-4861.881643286809
2016-06-29,5571.502922712325,4000.703036164574,-3863.595563982628,5708.610394894271
2016-06-30,6409.20486369065,-999.8801114623493,-1647.1600081186893,3762.1647441096115
2016-07-01,4495.255197576875,-3000.8229247022246,-884.9890559994265,609.4432168752237
2016-07-05,1954.2830661932248,-9013.125736254238,37.777648101979366,-7021.065021959034
2016-07-06,1177.9949915494,1002.2486762678891,-916.0985665594978,1264.145101257791
2016-07-07,-660.040800615825,2003.9043059817632,-619.8338611941665,724.0296441717717
2016-07-08,4926.6256415399,-3006.1529822496523,373.3422572582583,2293.8149165485065
2016-07-11,-3300.4107386829,6010.527701865678,477.15860756601813,3187.275570748796
2016-07-12,-3529.6024638659496,10001.759629963664,1831.3755975764288,8303.532763674144
2016-07-13,3009.003361410425,-4998.415841876325,-276.734420379567,-2266.1469008454674
2016-07-14,-864.8930630003752,4998.415841876325,1924.612370637538,6058.135149513489
2016-07-15,-2008.7056403436002,6989.517081565427,-437.83830976136073,4542.973131460467
2016-07-18,-196.03210146827504,-997.9127153844456,-298.06503354896563,-1492.0098504016862
2016-07-19,1172.5542683468252,-2994.9172474318475,-735.8795391427293,-2558.2425182277516
2016-07-20,-4396.655992279249,2994.9172474318475,-96.0610305736509,-1497.7997754210528
2016-07-21,3525.9366663459996,-1996.4149233643548,394.54639398712743,1924.0681369687723
2016-07-22,-651.1000023314499,0.0,-550.6443267603629,-1201.7443290918127
2016-07-25,-4047.3029646002997,998.3057297921914,294.09568915156115,-2754.901545656547
2016-07-26,1797.5700410258,-998.3057297921914,-63.14160542535774,736.1227058082509
2016-07-27,4721.5238000106,-4994.478724994726,-518.8131104250715,-791.7680354091972
2016-07-28,1639.4977077934748,0.0,-273.9321401946313,1365.5655675988435
2016-07-29,4174.064150436925,-5999.872313397005,-813.8768119795259,-2639.684974939606
2016-08-01,1268.2695806410497,5000.3861463243375,116.90856600387178,6385.564292969259
2016-08-02,-184.32662692982507,3996.7635915791034,112.49843989614305,3924.935404545421
2016-08-03,809.3414865340251,0.0,-580.4036750085118,228.93781152551333
2016-08-04,-219.91151371547514,-3996.7635915791034,-561.7169173252989,-4778.392022619877
2016-08-05,-4405.350390121175,7990.379815431748,-165.2464090687289,3419.783016241844
2016-08-08,-1515.6386556812251,0.0,-290.9808328994501,-1806.6194885806754
2016-08-09,1926.7815664170248,-3993.616223852645,-103.60984258963413,-2170.4445000252545
2016-08-10,1941.6718122048,-4996.446701738867,-408.7765039853224,-3463.5513935193894
2016-08-11,-198.5529516181498,6993.648002227157,171.97910544665262,6967.07415605566
2016-08-12,-915.5810618022251,-5993.9648920673935,-526.7291415942879,-7436.275095463907
2016-08-15,1471.167415967175,3996.7635915791034,352.24994625262696,5820.180953798905
2016-08-16,-105.32523133155009,1997.2013004882901,-905.0513365787936,986.8247325779464
2016-08-17,2976.8814610611753,-998.5023240674927,-275.25021810699,1703.1289188866926
2016-08-18,2698.1353311483,-2996.6871187491342,-179.2315060082359,-477.78329360907026
2016-08-19,-2315.491067216175,4993.495172608818,-719.8727102290832,1958.1313951635602
2016-08-22,-957.1625294402338,-2995.5070302804816,-160.41093551159236,-4113.080495232308
2016-08-23,907.9584906379014,0.0,100.4341722752713,1008.3926629131727
2016-08-24,-4572.57850913125,998.6989764207974,-1609.263008619962,-5183.142541330415
2016-08-25,-1612.642416661725,1996.8080538596842,-874.135524378346,-489.9698871803869
2016-08-26,-1198.66156919335,3991.2581371775304,-309.21069799299516,2483.3858699911852
2016-08-29,729.0318490405748,-4989.563866969722,-640.5738303060104,-4901.105848235157
2016-08-30,-3109.911903729761,0.0,-177.46426766314016,-3287.376171392901
2016-08-31,-2388.2638078563,998.3057297921914,-110.09841908520457,-1500.0564971493131
2016-09-01,1590.1732372071947,-998.3057297921914,-188.28908043784054,403.57842697716274
2016-09-02,3910.6393580764247,2994.3276387488004,-1341.3607813922397,5563.606215432986
2016-09-06,5914.136694055424,-4991.5289392370905,87.12849989427696,1009.7362547126108
2016-09-07,1495.5239534739283,-998.8956868750975,-314.2666266736569,182.3616399251739
2016-09-08,-3411.2030123700747,6988.14092131838,17.58504666318572,3594.522955611491
2016-09-09,-8223.376750811474,5982.176193151579,4043.1263485565123,1801.9257908966174
2016-09-12,2798.17187205615,996.3429763082386,-2796.5893742571666,997.9254741072218
2016-09-13,-6155.37020949025,4978.776683439457,2430.510910546616,1253.9173844958227
2016-09-14,770.5607989698001,-2986.6785437883373,-97.38959847845763,-2313.507343296995
2016-09-15,1580.7811272199003,995.755278928933,-2348.7339227571338,227.80248339169975
2016-09-16,-1347.9026911245496,-995.755278928933,-827.2831154805544,-3170.941085534037
2016-09-19,-1813.8175171165003,0.0,-235.1908770537534,-2049.0083941702537
2016-09-20,1130.838688162584,-995.9511202661379,-90.40652278568473,44.48104511076144
2016-09-21,6223.813210354875,-2989.0289867518295,-2496.4121320259665,738.3720915770791
2016-09-22,3776.711130693,-2990.79364029126,-885.0920075175566,-99.17451711581657
2016-09-23,-726.7295854410751,-997.3236287869804,-443.8645805655028,-2167.917794793558
2016-09-26,-865.8647298750253,-2993.148943605367,1162.484619103651,-2696.5290543767414
2016-09-27,377.735589351775,-2994.9172474318475,-1441.3452698293554,-4058.5269279094277
2016-09-28,-338.8154778630499,998.5023240674927,-694.4665008966524,-34.77965469220953
2016-09-29,-2292.62623328455,-998.5023240674927,464.3750718203421,-2826.753485531701
2016-09-30,279.6884998476749,3992.829962816293,-1000.8623423617564,3271.656120302212
2016-10-03,-1484.8229458694,2992.559857007902,-431.43899663522234,1076.2979145032796
2016-10-04,-11797.4669608986,5979.82262704309,-261.5850882665427,-6079.229422122054
2016-10-05,155.30056220949146,2987.265894545795,-1163.8477900118573,1978.7186667434294
2016-10-06,-2731.1710708185,2985.5043618315394,-819.4752104702161,-565.1419194571768
2016-10-07,-1754.9486483403002,-1990.1405923228594,-455.05437980123986,-4200.1436204644
2016-10-10,2690.832119682525,0.0,-180.82423812731463,2510.0078815552106
2016-10-11,-5774.238559884775,3979.49897354524,1680.1411052023525,-114.59848113718249
2016-10-12,-1051.460399058975,1988.576631195363,242.0078667209964,1179.1240988573843
2016-10-13,-828.84932537185,-3977.9350124177436,582.3565805645501,-4224.427757225043
2016-10-14,-1182.6739834334749,4971.930315741702,-833.8744825881008,2955.381849720126
2016-10-17,-1516.948911467775,-2982.571934519321,-6.433970158298052,-4505.954816145393
2016-10-18,4687.3034388065,-1989.3583812223806,-1419.151493786046,1278.7935637980731
2016-10-19,1327.649709941475,994.7769381731487,-1123.1489930754321,1199.2776550391916
2016-10-20,-1499.2302855690752,0.0,-782.9907907932068,-2282.221076362282
2016-10-21,-447.000660200525,-1989.7494291157782,-623.1624813930239,-3059.912570709327
2016-10-24,-933.3682820337749,2984.33087216501,-634.6474107016888,1416.3151794295463
2016-10-25,832.5723919296499,0.0,169.5126964269491,1002.085088356599
2016-10-26,-2177.172944746825,1988.576631195363,421.2066032160351,232.61028966457297
2016-10-27,-508.47697965605,5961.043998726207,705.3953674800368,6157.9623865501935
2016-10-28,213.23306946622498,992.8245772470982,509.5687505001081,1715.6263972134313
2016-10-31,2881.2899330659884,-1985.8441318267578,245.36648112464832,1140.812282363879
2016-11-01,-452.4512004223188,-993.2145893541601,1397.058630908134,-48.60715886834487
2016-11-02,2987.1695041489747,-1987.0145129128505,954.8788963966075,1955.0338876327319
2016-11-03,939.1365651098749,993.6048313195643,1823.138563930513,3755.8799603599523
2016-11-04,786.8343577641999,-2981.400173199101,-28.453486414164786,-2223.019301849066
2016-11-07,-159.27285326572525,3974.8098547923873,-5505.764193792828,-1690.2271922661662
2016-11-08,-1917.7986427800752,4964.123173332773,-838.5664787642781,2207.75805178842
2016-11-09,-2114.8122005518753,18819.313396823956,-3051.425562533069,13653.075633739012
2016-11-10,-6879.8647613459,7902.977144522971,-197.2527332285381,825.8596499485329
2016-11-11,-7393.2739918224,0.0,-913.1497813237957,-8306.423773146194
2016-11-14,-4870.271060448799,7890.608208367994,-406.1194439368023,2614.2177039823923
2016-11-15,2382.3155377844255,0.0,-144.194803342387,2238.1207344420386
2016-11-16,-1520.4550056772,-985.6505924535159,-819.1668972104083,-3325.2724953411243
2016-11-17,-1592.96493041485,6895.507092244225,440.22899632412305,5742.771158153498
2016-11-18,-5834.059211904,4919.586915946857,-1247.7752789252604,-2162.247574882404
2016-11-21,2111.0349390434503,-983.5327775475089,-496.1540185675517,631.3481429283897
2016-11-22,1924.216037844225,-1967.6423507813379,-125.51907511931404,-168.94538805642696
2016-11-23,-5887.521266918125,4917.664169486372,-172.50079279088482,-1142.3578902226375
2016-11-25,-307.536667022625,0.0,-28.639806969522397,-336.1764739921474
2016-11-28,3778.888970799675,-3933.74684269078,190.0607200730633,35.202848181958416
2016-11-29,-208.10538998815,-1968.0270127948315,-367.0789467623763,-2543.2113495453577
2016-11-30,-5020.451297196325,6884.730231728972,0.8217242076966613,1865.100658740344
2016-12-01,-3674.120402564475,7856.742970992047,279.764309498745,4462.3868779263175
2016-12-02,4257.5026006338,-4909.025744265491,-227.1242808088516,-878.6474244405424
2016-12-05,-1848.082831266175,-982.3804814923351,-1715.5740214406023,-4546.037334199113
2016-12-06,4746.7682782967,0.0,-266.8570062452318,4479.911272051469
2016-12-07,4116.254032724325,-4914.782162635107,2086.315105665989,1287.786975755207
2016-12-08,46.478612497025075,5897.162644127442,532.8383463081536,6476.479602932621
2016-12-09,-5704.8108256976,6871.294647213843,786.6852259343843,1953.169047450627
2016-12-12,-1036.3684709751997,1961.5030647580643,-112.03199559115973,813.1025981917048
2016-12-13,3195.03375379575,-980.6558306292209,1680.487721321299,3894.865644487828
2016-12-14,-8145.26364655705,5881.065891233862,-2344.9653759074354,-4609.163131230624
2016-12-15,-5841.016576052176,5874.187451595004,686.3659392835971,719.5368148264251
2016-12-16,-803.663774319525,0.0,-1016.0959027621957,-1819.7596770817208
2016-12-19,3691.166414078775,-5874.187451595004,292.3963314808873,-1890.624706035342
2016-12-20,-2473.10459103635,2937.952776316866,1037.812913371109,1502.6610986516253
2016-12-21,-518.0826424992,-1958.4441910192254,-1164.1751881619698,-3640.7020216803953
2016-12-22,-227.87833669772488,0.0,-744.0872665714728,-971.9656032691977
2016-12-23,1611.7380719545,0.0,331.9213278684643,1943.6593998229641
2016-12-27,1765.7078477809252,1958.4441910192254,789.9379452626985,4514.089984062849
2016-12-28,-343.0807041852253,-5877.625162101918,-2991.9362537762117,-9212.642120063356
2016-12-29,2887.9110198993,-1960.7376748195893,-283.1118531754022,644.0614919043084
2016-12-30,2049.3321223200996,-3923.771967706416,-1440.323238581673,-3314.7630839679896
2017-01-03,2144.931694723475,0.0,2480.1130784303423,4625.044773153817
2017-01-04,1689.58935298875,981.2302092773534,2223.5523798729773,4894.371942139081
2017-01-05,7200.981511576325,-8837.9731802694,-450.65258604444125,-2087.644254737517
2017-01-06,391.6588718159249,4911.902688550406,-342.5445086640764,4961.017051702254
2017-01-09,420.888083759675,-3929.1383334784914,-192.12283507772554,-3700.373084796542
2017-01-10,2288.0533884247498,0.0,-292.08707429577885,1995.966314128971
2017-01-11,905.8874861436499,0.0,-270.35725701674096,635.5302291269089
2017-01-12,1485.8964190515,-1965.7207313152758,-117.92118917011862,-597.7455014338943
2017-01-13,1136.4435790585749,3930.673602969917,-383.07933393963367,4684.037848088858
2017-01-17,3331.0683183873502,-6880.695421674951,161.80383785632557,-3387.823265431275
2017-01-18,-1146.6168401091,8844.880883498801,410.52061688802155,8108.784660277723
2017-01-19,-3716.181539706825,4907.1091853899925,-144.84155720464287,1046.0860884785247
2017-01-20,2395.5664278830495,980.8472341288434,-1216.7648482897562,2159.6488137221368
2017-01-23,3523.5563416192995,-6869.953252302563,-180.62090823735844,-3527.0178189206217
2017-01-24,616.9699708198751,5889.106018173719,-443.1041076150848,6062.971881378509
2017-01-25,-1902.6473297553748,5882.213472360912,773.2260671795643,4752.792209785102
2017-01-26,-1713.200597718375,-1959.9727327832588,-564.1829872783575,-4237.3563177799915
2017-01-27,-1185.3488583022001,-1960.7376748195893,-567.2035846291692,-3713.2901177509584
2017-01-30,153.15190282412496,0.0,-203.9363608260345,-50.78445800190954
2017-01-31,4152.408246475881,-3923.771967706416,-255.00782511772968,-26.371546348264474
2017-02-01,1073.9598598316502,2943.116137077195,-417.5536403984097,3599.5223565104357
2017-02-02,801.198974261925,0.0,-203.49714813130504,597.7018261306199
2017-02-03,2401.5555454243504,980.6558306292209,176.25708502816906,3558.4684610817403
2017-02-06,4592.468511839575,-6868.612250148057,-473.3863430543437,-2749.530081362826
2017-02-07,-971.6827853300416,-1964.1854618238503,-382.62307264923834,-3318.49131980313
2017-02-08,1372.3358840422,-5897.162644127442,-31.839278616374145,-4556.666038701616
2017-02-09,-1592.3294119232498,5897.162644127442,1016.527108051939,5321.360340256131
2017-02-10,690.9077491836001,982.1886290401235,1031.4653264219126,2704.5617046456364
2017-02-13,-1647.6036380418252,1963.801925484935,1846.9890307214278,2163.187318164538
2017-02-14,-126.75627346232505,3925.3040926887843,1453.766196924965,5252.314016151424
2017-02-15,1456.5955226586752,3922.2407395776536,2021.50015927357,7400.336421509899
2017-02-16,2813.0882438301496,-5884.509642526005,-423.43530408702355,-3494.8567027828794
2017-02-17,1736.22106596195,-2944.8402824416407,-443.28922616523414,-1651.908442644925
2017-02-21,1107.89515257895,981.8050927012082,327.4133012821494,2417.1135465623074
2017-02-22,-1070.3858184500998,-981.8050927012082,-139.41587318200277,-2191.6067843333103
2017-02-23,3292.2233099673,-3929.1383334784914,-201.60218805912677,-838.5172115703183
2017-02-24,3785.639099313475,-6883.384900801648,-344.53731172510516,-3442.283113213278
2017-02-27,-2471.49348436855,4917.664169486372,538.2593311732933,2984.430016291115
2017-02-28,181.85254209539997,0.0,250.08158930580748,431.9341314012074
2017-03-01,1013.7148871629249,9820.929556512761,1451.1526497325208,12285.797093408208
2017-03-02,-6212.2077741485255,2942.5417584290626,-2027.5919611098489,-5297.257976829312
2017-03-03,-373.13980900747504,0.0,-836.9430761049017,-1210.0828851123767
2017-03-06,140.16500705072528,0.0,-528.6755759207296,-388.51056887000425
2017-03-07,-4100.8559885828745,2940.8196309855557,-511.0501267635357,-1671.0864843608545
2017-03-08,-3077.7498219897752,4897.543205935952,-154.92851264036744,1664.8648713058092
2017-03-09,-2204.45994068215,2936.2346752781377,195.56888593740496,927.3436205333928
2017-03-10,2683.338744959125,-1957.2989578428387,-319.5487525367895,406.49103457949684
2017-03-13,2167.910265925875,3913.8349848893777,-432.52172979843806,5649.223521016815
2017-03-14,-2952.22645160265,-1956.536027046539,-193.7222397025664,-5102.484718351755
2017-03-15,8041.535752295149,-8813.859837380056,705.0920086265933,-67.23207645831371
2017-03-16,2783.1684076700503,1959.9727327832588,-964.0326420700518,3779.1084983832575
2017-03-17,1640.9812285784749,-2940.2459244527927,-631.7135678140033,-1930.978263688321
2017-03-20,693.6395800825749,-2941.9675479081197,-510.3870169005802,-2758.7149847261253
2017-03-21,-340.3744827381247,-3925.3040926887843,-995.4636912225681,-5261.142266649477
2017-03-22,3407.4522498401,-2945.9905545250585,-187.7594093681978,273.70228594684386
2017-03-23,-1380.1923014229249,982.1886290401235,-345.6833250329794,-743.6869974157808
2017-03-24,214.906294079075,-982.1886290401235,-616.7389945889283,-1384.0213295499768
2017-03-27,3281.03334542095,-1964.952871654641,-768.2893231664423,547.7911505998666
2017-03-28,196.26264551704998,3929.1383334784914,-575.5299731163461,3549.8710058791958
2017-03-29,555.65570714955,-2946.5659433161854,-483.46212586123727,-2874.372362027873
2017-03-30,-3070.345870577025,2946.5659433161854,123.50669952601834,-0.27322773482114826
2017-03-31,-1249.3608019287753,-1964.1854618238503,-1197.6809741774873,-4411.227237930113
2017-04-03,1688.3669929564248,-4913.822056668301,-326.8208449087808,-3552.275908620657
2017-04-04,399.49572996945005,983.1484536983844,-846.2148194799113,536.4293641879233
2017-04-05,-31.989734385674947,-1966.4890411575252,818.9009502677891,-1179.577825275411
2017-04-06,-568.6955237719,0.0,-665.3812152808598,-1234.0767390527599
2017-04-07,-1077.5845381896252,3932.209772472801,196.588167639419,3051.213401922595
2017-04-10,-877.107138566,-982.7643550719149,960.1801974916668,-899.6912961462481
2017-04-11,4820.030687171425,-4916.703218934141,678.1979040708279,581.5253723081119
2017-04-12,1706.9409555695252,-3936.8236880898185,293.8521354832915,-1936.0305970370018
2017-04-13,1699.6250209132497,-3939.9041448097123,-6.636509248750144,-2246.915633145213
2017-04-17,934.3003718370499,1970.3373554231075,-1698.8800479631436,1205.757679297014
2017-04-18,2660.26038197575,-7885.977342668324,-551.5572823297248,-5777.274243022299
2017-04-19,-1372.3160815416495,2958.688153291965,161.99041667772462,1748.3624884280403
2017-04-20,1618.5857610589749,2956.9518339532515,-994.2959316723261,3581.2416633399
2017-04-21,32.67417783348143,0.0,-15.465473274048236,17.208704559433194
2017-04-24,4200.560316777675,3939.9041448097123,-2709.5080822127784,5430.956379374609
2017-04-25,-2595.103942618725,6887.422077082214,627.0906082550596,4919.408742718548
2017-04-26,3179.7141066476247,-2950.5983889923955,-343.4718964061858,-114.35617875095659
2017-04-27,-1000.9043279862999,-1968.0270127948315,-406.6810115783568,-3375.6123523594883
2017-04-28,-525.5717052767249,-984.3021016187704,-456.96727025968187,-1966.8410771551771
2017-05-01,-1205.598156962325,3936.0541383993477,-156.00631215316696,2574.4496692838557
2017-05-02,602.39976848705,-3936.0541383993477,37.33159275464004,-3296.3227771576576
2017-05-03,-3723.36264566845,3936.0541383993477,-550.0661387781065,-337.3746460472089
2017-05-04,-3876.06381439255,2950.021818705034,-129.86322127051153,-1055.9052169580273
2017-05-05,3616.0396755703,0.0,850.6068216209712,4466.646497191271
2017-05-08,-1584.9213746470248,2948.2931214775817,-521.2875114031519,842.084235427405
2017-05-09,-2870.8912229887,2946.5659433161854,-521.3531431266958,-445.67842279921047
2017-05-10,-605.6344746664622,-981.9968327837269,423.27504884154973,-1164.3562586086393
2017-05-11,297.32479532452504,-1964.5691105324586,-946.9966041121687,-2614.2409193201024
2017-05-12,1430.387198986775,-5898.314940182616,-899.0561790796647,-5366.983920275506
2017-05-15,3304.7910527037498,983.5327775475089,2071.1435508377585,6359.467381089016
2017-05-16,2430.1526503586,-983.5327775475089,-4.6778722548310725,1441.9420005562602
2017-05-17,4563.880986475676,-10831.561230643572,5487.341033891226,-780.3392102766702
2017-05-18,283.27719685874996,985.6505924535159,-1508.7886909811061,-239.86090166884037
2017-05-19,1828.5838920293,0.0,-3282.4997727231275,-1453.9158806938276
2017-05-22,4075.4416396282254,1970.7228080312489,-1369.2538321776908,4676.910615481783
2017-05-23,-935.0740467040999,3939.13369175946,-354.0414214920702,2650.0182235632897
2017-05-24,753.7374377460751,-2954.0613630628213,-784.0034435962195,-2984.3273689129655
2017-05-25,2211.73330000505,-985.0723286966386,244.17368722328092,1470.8346585316922
2017-05-26,1871.2428144250746,0.0,-419.82689530456696,1451.4159191205076
2017-05-30,-1472.07612214065,-3942.2168606797204,176.61802091885193,-5237.674961901519
2017-05-31,2007.308322156075,0.0,-249.29419460107738,1758.0141275549977
2017-06-01,3659.5907383022004,0.0,583.3949119436426,4242.985650245843
2017-06-02,3144.1605804721253,-5919.114155719522,418.24660109865874,-2356.7069741487385
2017-06-05,1088.7820745310999,2960.4260024275573,-197.0187712908711,3852.1893056677864
2017-06-06,2255.21404528855,-3947.6211232683563,-685.2729771487844,-2377.6800551285905
2017-06-07,-1002.212669628625,3947.6211232683563,83.40697154784493,3028.8154251875762
2017-06-08,-2271.6179502352497,986.4224031965714,-290.33536771319746,-1575.5309147518758
2017-06-09,-4472.265587475925,1972.2657500953937,-291.74636803148246,-2791.7462054120133
2017-06-12,-88.18029762697503,0.0,107.53363988322917,19.353342256254138
2017-06-13,1433.08855194945,0.0,342.2224167745469,1775.310968723997
2017-06-14,-106.06993727332501,-5919.114155719522,-528.2276909949672,-6553.4117839878145
2017-06-15,-1813.491928115825,987.0018563301128,-691.8149388613131,-1518.3050106470253
2017-06-16,-1304.477338515575,0.0,-473.8262511286564,-1778.3035896442314
2017-06-19,833.7992825986997,2959.846549294016,2415.2625871874493,6208.908419080165
2017-06-20,-3017.40715250255,-2959.846549294016,-2436.4482826300105,-8413.701984426576
2017-06-21,463.4001168742479,0.0,-425.1589240910576,38.241192783190286
2017-06-22,1638.7001959313752,-987.0018563301128,-519.0556474198758,132.64269218138668
2017-06-23,1044.513445971375,0.0,99.76151439199299,1144.2749603633679
2017-06-26,-776.0616408035747,-987.1951208407991,56.28804802494347,-1706.9687136194304
2017-06-27,-2646.0816428459752,6906.309276560321,-3363.9427479423716,896.284885771975
2017-06-28,5638.238765485525,985.8434601949557,-1213.429298063005,5410.652927617475
2017-06-29,-3406.2974657515997,4926.325416374457,1230.152124564512,2750.180075187369
2017-06-30,537.8859436993251,3937.5934634877776,-537.0905116543554,3938.3888955327475
2017-07-03,-5024.4737919360505,3934.5157157879876,-179.09130708991938,-1269.0493832379823
2017-07-05,1442.8538318750998,-1966.8733650066497,-355.5324580542276,-879.5519911857775
2017-07-06,-3167.66682717085,3932.978194948395,1464.5593406373507,2229.8707084148955
2017-07-07,357.89899417624997,1965.3367452342209,-1842.289904731615,480.94583467885604
2017-07-10,551.1945658835751,-982.572390162306,-323.18939265269364,-754.5672169314245
2017-07-11,469.0830409973,-982.7643550719149,-465.50508017787706,-979.1863942524919
2017-07-12,5019.25416868415,-3932.978194948395,-564.6217247566767,521.6542489790779
2017-07-13,-1493.956586854975,1966.8733650066497,-474.46174080744186,-1.5449626557672218
2017-07-14,3230.450748437675,-1966.8733650066497,10.337746583218177,1273.9151300142435
2017-07-17,2946.909756630225,-1967.6423507813379,-7.805931439833103,971.4614744090538
2017-07-18,2764.6303836639586,-3937.5934634877776,-115.91411235244209,-1288.8771921762611
2017-07-19,2923.9022410250495,0.0,722.1093489905712,3646.0115900156206
2017-07-20,58.36370247322501,0.0,-277.7644261812071,-219.4007237079821
2017-07-21,4533.80187059725,-2955.217042616161,-594.6425489987774,983.9422789823114
2017-07-24,1016.9673729233501,1970.3373554231075,-268.5272094361153,2718.777518910342
2017-07-25,-2534.685789034425,6890.115501462169,369.4696852258801,4724.899397653624
2017-07-26,2939.415734143468,-3936.0541383993477,-159.83163807833023,-1156.4700423342101
2017-07-27,966.6418153939751,2952.329114413602,-283.4917893305544,3635.479140477022
2017-07-28,1159.3283543087502,-1968.0270127948315,-519.3982341407093,-1328.0968926267906
2017-07-31,1303.555487264475,0.0,-477.5930320638082,825.9624552006668
2017-08-01,2598.9235406726248,-3938.3634646815917,233.22010625376777,-1106.219817755199
2017-08-02,-902.7767556071501,984.8796871930535,-98.27432162960292,-16.17139004369949
2017-08-03,1615.997890914575,-2955.217042616161,-881.8806782451531,-2221.099829946739
2017-08-04,-1466.41704606865,2955.217042616161,176.05636143755277,1664.8563579850638
2017-08-07,-1938.9863132833,-984.8796871930535,422.1709393907318,-2501.6950610856215
2017-08-08,382.12968983357496,2954.0613630628213,-1128.9753651844735,2207.215687711923
2017-08-09,2316.5323497663144,-4924.398718485929,-261.38869435919787,-2869.2550630788123
2017-08-10,-626.43075752545,-3942.988218504339,3776.648359884334,-792.7706161454548
2017-08-11,2016.97987510875,-986.2293655443063,-847.0565391005493,183.6939704638944
2017-08-14,1254.3893539599499,2958.1092102903494,-2826.8730333217604,1385.6255309285393
2017-08-15,-3765.5165963009254,4926.325416374457,-570.1770751993251,590.6317448742063
2017-08-16,2000.357740847775,-3940.674823920941,-279.71905246411666,-2220.0361355372825
2017-08-17,-1072.405591501575,-3943.7598027438653,2267.576306603104,-2748.5890876423364
2017-08-18,-1983.4969935376753,0.0,-1704.020748435596,-3687.5177419732713
2017-08-21,2165.0523429550253,-986.4224031965714,-1392.7159272484744,-214.08598749002044
2017-08-22,2171.38241884635,3944.531613486921,-1442.2282191190448,4673.685813214226
2017-08-23,-154.12071830437495,-4931.147111017097,231.37468176386733,-4853.893147557605
2017-08-24,-601.2193768227751,1973.0379007267475,-466.40226788855443,905.416256015418
2017-08-25,1615.3361232130999,-1973.0379007267475,-1012.4528476860064,-1370.154625199654
2017-08-28,7332.807969179175,-986.8086485672684,-248.25076576706806,6097.7485548448385
2017-08-29,573.83488790895,-2961.585419292649,128.51411393455692,-2259.236417449142
2017-08-30,990.4117099565751,1974.5835629625362,-130.21379316654702,2834.7814797525643
2017-08-31,3196.6820242226,-2962.1653831575095,386.7191416182578,621.2357826833482
2017-09-01,450.13726330410003,3949.1672394876223,-208.02730949368708,4191.277193298035
2017-09-05,2915.9172407968,-8889.979000853084,-383.46289854013094,-6357.524658596414
2017-09-06,-382.79442606292497,2965.0677594748704,-161.76478866172772,2420.5085447502174
2017-09-07,3719.1332434941496,-4942.748100761062,-415.4927321931723,-1639.107589460085
2017-09-08,1323.9685219117748,988.9370587648737,-260.923455309765,2051.9821253668833
2017-09-11,-2517.7383369819254,7904.52530620349,1803.1421913911743,7189.929160612739
2017-09-12,-243.15534815782493,2961.0056257381802,908.6370112745072,3626.4872888548625
2017-09-13,-1957.5770743769497,2959.267266271054,-42.21224200432516,959.477949889779
2017-09-14,-701.3066320732751,0.0,-329.95877058564105,-1031.2654026589162
2017-09-15,38.70767653309996,0.0,345.69093956890384,384.3986161020038
2017-09-18,-2461.56774213525,2957.530437199559,761.3910563922186,1257.3537514565278
2017-09-19,955.370901875975,985.4577813047799,325.7059885490623,2266.534671729817
2017-09-20,-1719.944357122275,3939.9041448097123,65.59356946024941,2285.5533571476867
2017-09-21,-5430.285689661101,-984.6871021935513,-1258.12328968866,-7673.096081543312
2017-09-22,3175.2111733878246,-984.8796871930535,-280.53080528906094,1909.8006809057101
2017-09-25,2453.2928663161247,-3941.4457291814033,409.7044461470887,-1078.44841671819
2017-09-26,-4369.532610683024,1971.1083737582958,-233.04036636892533,-2631.464603293654
2017-09-27,-4152.060801981975,6892.810506103939,-290.5942863450832,2450.1554177768808
2017-09-28,-49.907464987874995,0.0,-449.84472303579537,-499.7521880236704
2017-09-29,-37.429581329625016,1967.6423507813379,174.2298775476172,2104.44264699933
2017-10-02,-330.6652600136499,983.5327775475089,446.6388896002229,1099.5064071340819
2017-10-03,-551.20901074015,-983.5327775475089,267.9979731979927,-1266.7438150896662
2017-10-04,1221.913620253425,0.0,140.80143516505927,1362.7150554184843
2017-10-05,79.08048003877482,1966.8733650066497,997.4942943727854,3043.44813941821
2017-10-06,-367.5904474568501,1966.1048299417453,-225.24431245585674,1373.2700700290384
2017-10-09,2547.1039094527,0.0,-188.49142994424994,2358.61247950845
2017-10-10,1389.5450334140191,-1966.1048299417453,299.1021942155214,-277.4576023122047
2017-10-11,3024.595474050475,0.0,102.5856524991724,3127.181126549647
2017-10-12,1134.1661955033996,-1966.8733650066497,-641.6975464805006,-1474.4047159837505
2017-10-13,2321.7026927119496,-4920.548712075564,-7.436823089918221,-2606.282842453533
2017-10-16,-2185.7876248995,1968.796675294987,353.9763144284436,136.98536482393064
2017-10-17,-2044.2991629299,0.0,181.77200219552958,-1862.5271607343702
2017-10-18,-1812.829645916825,3935.284814328086,18.366614471510445,2140.8217828827715
2017-10-19,2296.840193886575,-983.5327775475089,-124.20497985463896,1189.102436484427
2017-10-20,-229.68858850059985,5898.314940182616,1768.0990714809147,7436.725423162931
2017-10-23,-2348.521346620375,-982.572390162306,-1461.451837009026,-4792.545573791707
2017-10-24,-1164.9313166807751,3929.1383334784914,461.0681737343256,3225.275190532042
2017-10-25,-1604.1685387504483,1963.418501471715,-2099.890108658812,-1740.6401459375454
2017-10-26,-810.2363857757753,1962.6519902472792,240.2316512299265,1392.6472557014304
2017-10-27,110.0372399343249,-3926.070491718994,3122.4725144163285,-693.5607373683406
2017-10-30,-265.0790056242749,-4911.902688550406,-1747.3367971975852,-6924.318491372266
2017-10-31,308.09772302242504,982.7643550719149,570.9115950698412,1861.7736731641812
2017-11-01,1370.6931742770148,-982.7643550719149,501.64301752354845,889.5718367286483
2017-11-02,97.35289897104998,-1966.1048299417453,88.08342536576141,-1780.6685056049337
2017-11-03,764.9043031121001,-983.3405874591408,-1002.3958113900164,-1220.832095737057
2017-11-06,1811.0156694391248,-1967.2578015332547,234.9391512253476,78.69701913121776
2017-11-07,-1035.142647661325,0.0,309.46830354702115,-725.674344114304
2017-11-08,734.7274460845999,0.0,-205.89852740855008,528.8289186760499
2017-11-09,-66.93121262404999,983.7250239857458,335.3245003765153,1252.118311738211
2017-11-10,-2330.2642874333997,6880.695421674951,635.0620233276913,5185.493157569243
2017-11-13,791.462278862275,0.0,11.159863783746005,802.622142646021
2017-11-14,369.22151118277503,-1964.952871654641,-262.0636094370923,-1857.7949699089584
2017-11-15,2058.991532109725,-4915.74255002031,1365.1760299112539,-1491.574987999331
2017-11-16,1459.8869392486438,3932.978194948395,-1618.071840770483,3774.793293426556
2017-11-17,2255.5799277187,-1966.1048299417453,-753.517604895535,-464.04250711858003
2017-11-20,-4117.975319641,1966.1048299417453,-1007.7051142901325,-3159.5756039893877
2017-11-21,2288.82425047655,-982.9563762433609,-575.9346212959713,729.9332529372177
2017-11-22,2787.840196012375,-3933.74684269078,-253.4466495935419,-1399.3532962719466
2017-11-24,560.85667723245,1967.2578015332547,-141.02352632528437,2387.0909524404206
2017-11-27,2604.73253401015,-1967.2578015332547,-199.26623710685476,438.20849537004074
2017-11-28,2076.95654985415,1967.2578015332547,2001.3703767231732,6045.584728110578
2017-11-29,-3721.56128820625,2949.445417400886,-41.98005185074294,-814.095922656107
2017-11-30,-450.1598271367002,4911.902688550406,2676.115770728927,7137.858632142634
2017-12-01,2385.935548151175,-4911.902688550406,-913.7457370845254,-3439.7128774837565
2017-12-04,-2072.8459422442,0.0,-588.4873647939628,-2661.333307038163
2017-12-05,-2326.2878081542253,-982.9563762433609,-1605.6826501864948,-4914.926834584081
2017-12-06,-688.875915893075,-2950.021818705034,-403.5291085530446,-4042.4268431511537
2017-12-07,-3577.9241938207,3932.978194948395,545.8258523538361,900.879853481531
2017-12-08,468.87812879084134,982.7643550719149,1950.6735234602263,3402.316007322983
2017-12-11,-453.9789437051749,982.572390162306,1200.7570405288686,1729.3504869859996
2017-12-12,686.5820030513249,982.3804814923351,712.4430276276037,2381.4055121712636
2017-12-13,2391.4385880160007,-3930.673602969917,-153.45770820701432,-1692.6927231609304
2017-12-14,355.8093986049001,-983.1484536983844,-2000.962223286253,-2628.3012783797376
2017-12-15,1261.463578543,0.0,3781.385521736697,5042.849100279696
2017-12-18,1497.8545124786,3931.441575175966,182.81136364970507,5612.107451304271
2017-12-19,-1045.332332365275,6872.63643503518,224.31181536020972,6051.615918030115
2017-12-20,1007.1711898113999,2942.5417584290626,-623.0510726117018,3326.6618756287608
2017-12-21,1820.942790348725,-980.6558306292209,-281.1494146485245,559.1375450709797
2017-12-22,896.4416124447499,0.0,100.43130661657074,996.8729190613207
2017-12-26,1852.896847539125,-980.8472341288434,144.72536418506365,1016.7749775953453
2017-12-27,1824.08761878055,-4907.1091853899925,18.59655570208929,-3064.4250109073537
2017-12-28,2373.235687458925,981.8050927012082,-515.757470303555,2839.283309856578
2017-12-29,1939.536018414925,-2945.9905545250585,613.1554483390858,-393.2990877710479
2018-01-02,4105.450041740825,5890.2559535428445,-1356.2749568635013,8639.431038420169
2018-01-03,2254.8896678288497,-1962.6519902472792,-39.96517338003969,252.27250420153086
2018-01-04,1109.84019352715,1962.6519902472792,686.4634884629481,3758.9556722373773
2018-01-05,2305.485365632575,981.0386936709983,1589.7388195557483,4876.262878859321
2018-01-08,-352.95291307,1961.5030647580643,547.3701747264954,2155.92032641456
2018-01-09,-3182.153202570575,5879.918645902282,849.2693577729966,3547.0348011047035
2018-01-10,-714.344182691275,0.0,-907.1708042638988,-1621.5149869551738
2018-01-11,3364.340212885575,-979.5085852976408,2524.133787707314,4908.965415295248
2018-01-12,6259.281734680975,979.5085852976408,2653.2512649925443,9892.04158497116
2018-01-16,1232.902949343175,-979.5085852976408,-1238.2794686749783,-984.8851046294442
2018-01-17,-153.43901932385003,2937.952776316866,3950.122058483281,6734.635815476297
2018-01-18,-3552.839518657975,4892.770702324677,-892.7726468439907,447.15853682271086
2018-01-19,2672.691010468925,1955.7735422347469,1845.9583611337641,6474.422913837436
2018-01-22,2768.54549549795,1955.0115030599336,3828.7200565726457,8552.27705513053
2018-01-23,2507.7044106575495,-2932.802991436285,952.0978393594462,526.9992585807106
2018-01-24,3547.2478986879746,1955.3924669644184,-289.4270065109481,5213.213359141444
2018-01-25,620.8884350620502,-1955.3924669644184,114.98218695622953,-1219.5218449461388
2018-01-26,2352.323691660575,2932.802991436285,5679.123367446479,10964.250050543338
2018-01-29,-2979.7087064831753,3907.738669407405,-3437.922738911052,-2509.8927759868225
2018-01-30,-5185.925608609425,2928.806958542016,-5233.693698054875,-7490.812348122284
2018-01-31,2440.381494750175,-976.0789026553175,152.26507693070346,1616.567669025561
2018-02-01,-572.5648955996251,5853.624382357342,-478.4091003874664,4802.650386370251
2018-02-02,-7899.236015349125,5846.794015516818,5298.155423357088,3245.7134235247804
2018-02-05,-9265.90222464495,-6821.9234251301095,28982.894057304067,12895.068407529008
2018-02-06,-448.57716594762536,1950.0690868772363,-11845.448564768332,-10343.956643838721
2018-02-07,-2998.8853440870503,4871.854338252873,-2284.2291724717825,-411.26017830595947
2018-02-08,-11252.77852624695,973.8024451706951,13130.89392354881,2851.917842472556
2018-02-09,2716.9574076997496,-1947.7942907974502,-7976.464347787015,-7207.301230884716
2018-02-12,4607.898806854049,2921.4073907522543,-6997.516650455793,531.7895471505108
2018-02-13,3485.9865647174497,-2921.4073907522543,-1594.9859885762548,-1030.4068146110594
2018-02-14,7073.821462280425,7786.634644194679,-8554.42685563611,6306.029250838994
2018-02-15,5822.420595740125,-972.6672017280889,-3138.4703414837813,1711.2830525282543
2018-02-16,570.1996661923998,-2919.1362417566106,-169.10244820596176,-2518.039023770172
2018-02-20,-5489.836155115075,973.2345751579669,1789.33079459037,-2727.270785366738
2018-02-21,-4414.897331500525,5835.436608500142,245.69778992240288,1666.23706692202
2018-02-22,851.71917601705,-1944.3895526703309,-1670.8702818375514,-2763.5406584908324
2018-02-23,5503.646422993375,-3891.047055829811,-5764.32800703806,-4151.7286398744955
2018-02-26,2990.435871327375,-1946.658385115692,-2751.293995603788,-1707.516509392105
2018-02-27,-5970.213203474174,3892.5600517143357,3701.754597559159,1624.1014457993201
2018-02-28,-3953.8102146664246,-2919.1362417566106,2725.7398289703615,-4147.206627452673
2018-03-01,-3948.84894394715,-5843.3833144004875,5314.0371809690805,-4478.1950773785575
2018-03-02,3322.4094753063746,4869.959504442762,-3366.7729532414583,4825.596026507679
2018-03-05,3041.978421245625,1946.658385115692,-4491.427064725634,497.2097416356828
2018-03-06,3718.4379290107495,0.0,-1388.9789532523623,2329.458975758387
2018-03-07,-78.96930662715002,973.0453955341018,-576.9935042469996,317.0825846599522
2018-03-08,1083.8830619430998,-2919.7037806497938,-2468.358329830053,-4304.179048536747
2018-03-09,1828.2701888974002,3892.5600517143357,-5803.187419085347,-82.35717847361047
2018-03-12,317.24696392117505,-2919.1362417566106,-9.691926419662877,-2611.581204255099
2018-03-13,-102.46049793207487,-2920.8393550832243,1076.631342078727,-1946.6685109365721
2018-03-14,109.44995707810011,-2922.543959317263,1471.7526305500498,-1341.3413716891134
2018-03-15,-2303.6502171512752,974.3708123458055,169.73572145232296,-1159.543683353147
2018-03-16,-1968.5426566025,2921.975592142153,-1360.4584798832775,-407.0255443436247
2018-03-19,-3686.7085509471503,0.0,3748.2129754502294,61.50442450307901
2018-03-20,-49.77002710285,3893.316880604598,-1509.2225992200952,2334.324254281653
2018-03-21,2290.514675529125,0.0,-756.9221550221243,1533.5925205070005
2018-03-22,-4346.877231884099,-5841.111171402048,8594.352228450362,-1593.6361748357867
2018-03-23,-2290.862006619825,-974.1813013447027,5217.477597223294,1952.434289258766
2018-03-26,7969.880476180176,2921.975592142153,-9410.010687785061,1481.8453805372683
2018-03-27,-2344.1817667026994,-6820.596460687513,4254.069629254857,-4910.708598135355
2018-03-28,-5261.3239830098,-975.1294096132915,613.2355747243423,-5623.217817898749
2018-03-29,1828.44365118065,-2926.5271769531028,-5766.906060291603,-6864.989586064056
2018-04-02,-2065.3636437982746,-975.8888931356305,7944.5088792183615,4903.256342284456
2018-04-03,52.90450680432517,5852.4851569659695,-5606.527517651784,298.8621461185103
2018-04-04,2522.645141615175,0.0,-3763.6007756086656,-1240.9556339934907
2018-04-05,212.2836037551502,3897.862492626118,-2989.0420454572395,1121.1040509240293
2018-04-06,-4087.0366538091253,-5847.931579503354,7073.719740264295,-2861.248493048185
2018-04-09,2531.322771880225,975.1294096132915,-1602.430815199355,1904.0213662941615
2018-04-10,5132.904150970724,1949.6896775478126,-5253.102577102254,1829.4912514162825
2018-04-11,1692.4593651432,-974.7500002838678,630.6048388688623,1348.3142037281946
2018-04-12,-1603.988203351625,3897.862492626118,-3598.2877406923562,-1304.4134514178631
2018-04-13,269.34210993125,-974.1813013447027,-299.0865594476446,-1003.9257508610973
2018-04-16,2336.5058701126745,974.1813013447027,-3041.559717915078,269.127453542299
2018-04-17,4104.56657333395,-974.1813013447027,-3470.164144829269,-339.77887284002145
2018-04-18,-837.5231184465998,4869.012502054682,-439.8355180172757,3591.6538655908066
2018-04-19,-2445.388399180775,4864.281630987778,754.9887883294701,3173.882020136473
2018-04-20,-5551.96112915795,3888.0237092440866,2323.56126163171,659.6238417178461
2018-04-23,-3750.5168147493,1942.879200599134,-505.7097339039274,-2313.3473480540933
2018-04-24,-3790.4698274370508,1942.1246844047268,5467.506692960707,3619.1615499283835
2018-04-25,-892.1826105605752,2911.7732699213643,-1194.5043023550036,825.0863570057857
2018-04-26,937.6189205479502,-2911.7732699213643,-4681.853986345127,-6656.008335718541
2018-04-27,433.62102902992507,-3885.003885003861,-460.89753243487405,-3912.28038840881
2018-04-30,-3206.3725161394254,-971.7226812904273,-276.7553485577139,-4454.850545987567
2018-05-01,-2579.330138669075,1943.2566235925483,-798.318555470587,-1434.3920705471137
2018-05-02,-3619.71364692955,0.0,-8.708496890051265,-3628.4221438196014
2018-05-03,512.5516724446502,-2915.1680988758767,-449.65597259212586,-2852.2723990233526
2018-05-04,4561.816276914761,971.9114752833284,-1140.9040555599574,4392.823696638132
2018-05-07,66.20996205079993,0.0,-11.175935821597704,55.034026229202226
2018-05-08,-823.5026292044499,1943.2566235925483,-399.4282697872791,720.3257246008193
2018-05-09,-68.3193185488499,2913.46994270174,-82.00515694517208,2763.145467207718
2018-05-10,4112.485900961826,-2913.46994270174,1872.3646796373573,3071.380637897443
2018-05-11,1906.0404393283056,0.0,228.50794401225016,2134.548383340556
2018-05-14,-720.857946103,2913.46994270174,73.00277032851454,2265.6147669272545
2018-05-15,-7623.409971142775,7760.962359332577,-1072.2217320668647,-934.669343877063
2018-05-16,-2183.044419964725,969.273357031746,-47.47502188524777,-1261.2460848182268
2018-05-17,-300.51004316514997,1937.9826911616237,-566.1534513424016,1071.3191966540721
2018-05-18,-14.317861570499858,-4846.367058797019,-1084.0664335030965,-5944.751353870615
2018-05-21,1582.458932801175,0.0,1951.2651160870432,3533.724048888218
2018-05-22,-390.28872864807494,0.0,-1206.2609588667356,-1596.5496875148106
2018-05-23,2008.0553842040747,-4851.071812761552,423.62505160517827,-2419.391376952299
2018-05-24,593.2375264777502,-2912.904220372103,-1068.4594379885225,-3388.126131882875
2018-05-25,-116.51524661760001,-4858.613681474955,-889.6164321429226,-5864.745360235477
2018-05-29,-1577.05962298735,-15579.333639569377,-1613.2092236997692,-18769.602486256495
2018-05-30,717.890040789375,6821.9234251301095,2206.113305552421,9745.926771471906
2018-05-31,549.9620259520003,-973.9918456267551,-2305.680765792829,-2729.7105854675838
2018-06-01,829.774172004525,5841.111171402048,2678.7290077551306,9349.614351161705
2018-06-04,-470.03618676157504,4862.39121296604,1821.4900189423915,6213.845045146857
2018-06-05,2483.3318822485744,-1944.3895526703309,170.62403766725254,709.566367245496
2018-06-06,1762.6584403056754,4859.557651546207,3913.7507138022797,10535.966805654161
2018-06-07,2169.4222178841246,-3887.2684231779426,-147.03072673095718,-1864.8769320247752
2018-06-08,905.521008031075,0.0,1356.1988250209965,2261.7198330520714
2018-06-11,294.444505395425,2915.7344808758216,561.3214445288612,3771.500430800108
2018-06-12,-866.99705002895,0.0,-220.8309618022497,-1087.8280118311995
2018-06-13,-892.3601146481999,1942.879200599134,357.9022373206442,1408.4213232715783
2018-06-14,3064.4246358663495,-3886.5133571728898,-1261.4824031391265,-2083.571124445667
2018-06-15,-9450.140208471625,-972.1003243020659,-530.7689473781636,-10953.009480151853
2018-06-18,-232.37208989877485,-972.289228368265,62.438112159156844,-1142.223206107883
2018-06-19,-190.12473490294997,-2918.0016602957094,984.2544859659199,-2123.871909232739
2018-06-20,-2411.29554084145,3890.2908886639743,-1021.9259464447248,457.0694013777995
2018-06-21,-1552.5067377018747,-2917.4346175994324,2071.561506260366,-2398.3798490409413
2018-06-22,1684.0723378249502,0.0,-1450.8797242190212,233.19261360592895
2018-06-25,-2825.267683786675,-2919.1362417566106,4881.56789427444,-862.8360312688455
2018-06-26,242.95763457207494,973.2345751579669,-2134.3781727725855,-918.1859630425436
2018-06-27,-3681.7665107787757,-4868.065775867946,2925.436182961505,-5624.396103685218
2018-06-28,-1444.2873972438001,973.9918456267551,-2386.1430162345982,-2856.4385678516433
2018-06-29,1057.8522182110514,973.8024451706951,-1328.6747007347515,702.9799626469951
2018-07-02,329.6202294760502,1947.0369099125292,-1183.0787941178187,1093.5783452707606
2018-07-03,1489.3267221107753,-3894.8312007099794,696.8204927349291,-1708.683985864275
2018-07-05,2964.0779492445586,973.9918456267551,-2760.132542981836,1177.9372518894775
2018-07-06,2643.884254533175,-1948.1731469714578,-2702.0704160360083,-2006.359308474291
2018-07-09,3417.712925210675,3895.588692096957,-1123.44497753773,6189.856639769902
2018-07-10,340.4131750125251,973.4238099577251,-234.8880437555465,1078.9489412147036
2018-07-11,-4686.01824425325,-1947.0369099125292,-61.26211955645999,-6694.3172737222385
2018-07-12,2124.1171888602003,0.0,-778.6401155689475,1345.4770732912527
2018-07-13,-724.9368329439751,-1947.7942907974502,-679.1981459863905,-3351.9292697278156
2018-07-16,-482.712194552075,1947.7942907974502,-275.3674706613367,1189.7146255840385
2018-07-17,-1203.944386912275,973.613099954804,-278.90972936026515,-509.241016317736
2018-07-18,-808.6550627135251,1946.658385115692,-3.1137951244346596,1134.8895272777322
2018-07-19,-1501.326754875475,-3894.073930241191,-1251.702595104618,-6647.103280221284
2018-07-20,652.7693174450749,4867.119325775293,-1021.8725702735583,4498.01607294681
2018-07-23,-111.14136296762496,6806.025369539796,-444.8329356454934,6250.051070926677
2018-07-24,493.48637537207503,-971.7226812904273,1264.8738576962976,786.6375517779453
2018-07-25,3140.5490517143244,-971.9114752833284,-231.91802566799424,1936.7195507630017
2018-07-26,-1708.7223310676748,3886.5133571728898,-619.1111355793169,1558.679890525898
2018-07-27,-3199.498763323775,-1942.879200599134,847.9234371755808,-4294.454526747328
2018-07-30,-1641.804292987525,1942.879200599134,1536.1136776461422,1837.1885852577511
2018-07-31,3312.2333448969753,-1942.879200599134,-2392.0631170309434,-1022.7089727331022
2018-08-01,-3228.42175833065,3885.003885003861,164.71194042864568,821.2940671018566
2018-08-02,-203.64204077182507,-1942.1246844047268,-1653.2064283219938,-3798.973153498546
2018-08-03,862.6521996173498,-2914.6018818895614,-899.7041187286925,-2951.6538010009044
2018-08-06,-760.9569692169249,-971.9114752833284,-517.5399065875865,-2250.40835108784
2018-08-07,783.2752907805251,3886.5133571728898,-347.1816542934789,4322.606993659936
2018-08-08,1783.307945929675,-1942.879200599134,-454.638239183879,-614.209493853338
2018-08-09,144.119764913325,-2915.7344808758216,-27.877315705808314,-2799.4920316683047
2018-08-10,-2589.5807199534,-5836.570859356043,1292.152905303226,-7133.998674006218
2018-08-13,-7629.6857423893,973.2345751579669,1319.775395076391,-5336.675772154942
2018-08-14,1760.1922047779499,973.0453955341018,-1909.8385355534617,823.3990647585899
2018-08-15,-6703.317848070024,-2919.7037806497938,911.1986244517425,-8711.823004268075
2018-08-16,1707.8622067997499,973.4238099577251,-1633.5636258289412,1047.7223909285337
2018-08-17,3879.5005290989748,0.0,-961.7023779088356,2917.798151190139
2018-08-20,4013.041529948875,-4869.012502054682,-352.26636485000995,-1208.237336955817
2018-08-21,2145.50051913395,2921.975592142153,158.38519280899277,5225.861304085095
2018-08-22,2717.2674815526,-2921.975592142153,-1045.766615095772,-1250.4747256853248
2018-08-23,-2555.5197383553455,0.0,-585.1833256704424,-3140.703064025788
2018-08-24,5006.34238792395,0.0,386.2163057543455,5392.558693678296
2018-08-27,4621.978728524476,2921.975592142153,2080.183313588677,9624.137634255305
2018-08-28,-1689.4471785037751,2920.271485070496,-108.86326005564229,1121.9610465110786
2018-08-29,2572.9827979602746,973.0453955341018,1846.2983260356616,5392.326519530038
2018-08-30,-1384.6345955777747,-2919.7037806497938,-1903.1057678757186,-6207.444144103287
2018-08-31,-1193.1458788458754,0.0,-493.7725984346244,-1686.9184772804997
2018-09-04,-1973.1119277084747,3892.5600517143357,-1126.297236029167,793.1508879766941
2018-09-05,-459.8030663061834,0.0,-1602.4242554061577,-2062.227321712341
2018-09-06,1292.48825789695,-1945.9016665986437,480.5756895470097,-172.837719154684
2018-09-07,-2621.2257122681253,5835.436608500142,-130.23362070794064,3083.977275524076
2018-09-10,-867.3877166203999,0.0,-1249.0993671379726,-2116.4870837583726
2018-09-11,821.2441867507998,3886.5133571728898,-1355.8302966539486,3351.927247269741
2018-09-12,2447.545495735908,-971.3452582970131,-418.60815760762193,1057.592079831273
2018-09-13,1264.451691285291,0.0,-576.6102840275948,687.8414072576961
2018-09-14,-715.0179565234502,1942.501887550794,-654.5881372981057,572.895793729238
2018-09-17,-1322.8200895170498,0.0,905.9764214618724,-416.84366805517743
2018-09-18,804.29131692415,5822.98164078899,-739.1435760577565,5888.129381655384
2018-09-19,1043.84950269045,2908.948773694532,-1314.7426392771138,2638.0556371078683
2018-09-20,2783.5534207850956,-969.4614376288882,1533.4294609827737,3347.5214441389808
2018-09-21,318.4635152377747,0.0,-676.0584143754897,-357.59489913771506
2018-09-24,-1677.7103065627998,969.4614376288882,-673.9273901841614,-1382.176259118073
2018-09-25,-42.514854245749966,1938.3586881941055,-365.4891412404879,1530.3546927078676
2018-09-26,-1037.726459833025,-3877.469698797755,-534.0451286768655,-5449.2412873076455
2018-09-27,-1835.2852923834503,0.0,-296.3090683361713,-2131.5943607196214
2018-09-28,-648.0493196045497,-969.8377630908826,-621.347889435043,-2239.2349721304754
2018-10-01,-877.7384681363499,3878.222130726278,386.606341626873,3387.090004216801
2018-10-02,2769.46345442225,-3878.222130726278,-519.6422678845636,-1628.4009441885917
2018-10-03,-3274.7088679717253,9689.91564363972,-532.2734445479824,5882.933331120013
2018-10-04,-4116.677585216101,3870.707654141159,-423.27717452037916,-669.2471055953212
2018-10-05,-392.02692986072515,3867.7079775711354,-824.9110142040195,2650.770033506391
2018-10-08,-2585.0422233714,0.0,-34.077375544598,-2619.119598915998
2018-10-09,-374.891427895875,-1933.4792471929686,-662.3137282886375,-2970.6844033774814
2018-10-10,-7018.867994120925,966.8332817657902,7852.268836419029,1800.2341240638943
2018-10-11,2369.4674285682254,-7739.915688271769,8015.288656343096,2644.8403966395517
2018-10-12,3192.9800693604,968.1460219866531,-6793.669885216772,-2632.5437938697187
2018-10-15,-438.42702804097496,967.9583240375123,2176.963701512108,2706.494997508645
2018-10-16,5645.231047586024,0.0,-10315.971644291614,-4670.74059670559
2018-10-17,-876.9522011176098,2902.7493301036466,-453.78667309098654,1572.0104558950502
2018-10-18,-4519.2377165843745,-1934.9786494361724,1762.436232340491,-4691.780133680056
2018-10-19,-1130.98971351385,2902.1867272575764,-707.9350712574808,1063.2619424862457
2018-10-22,-645.273840435775,0.0,-919.5948337680875,-1564.8686742038626
2018-10-23,-67.4329916362001,-2902.1867272575764,908.4385259460248,-2061.1811929477517
2018-10-24,-5656.614695755774,-6778.337186456069,7607.845585870905,-4827.106296340938
2018-10-25,1676.9634849165757,3874.462159764429,-3711.0766192215297,1840.3490254594753
2018-10-26,-2997.3659971119746,-5812.820847958535,1542.7763899195952,-7267.4104551509145
2018-10-29,-1942.2492397172416,0.0,1038.49160472069,-903.7576349965516
2018-10-30,1539.1153083900997,3875.965491714779,-4281.598734071566,1133.4820660333135
2018-10-31,-27.514607410899973,2905.0013782304086,-4012.8213672144,-1135.3345963948914
2018-11-01,5398.63309447155,-968.1460219866531,-3275.4484239484327,1155.0386485364643
2018-11-02,-933.024728607225,7739.915688271769,12.399307516034241,6819.290267180578
2018-11-05,799.098057782925,-1933.853934322553,-411.6551086659115,-1546.4109852055394
2018-11-06,928.3875903362,1933.853934322553,-764.4182723925894,2097.8232522661638
2018-11-07,5834.045961661522,0.0,-2107.928098202564,3726.117863458958
2018-11-08,-1441.021003607575,1933.104668947064,-519.6526966322779,-27.56903129278885
2018-11-09,-5741.148027271674,-4834.166681091021,-1240.887016584253,-11816.201724946948
2018-11-12,-6720.919569457225,0.0,2264.045323482009,-4456.874245975217
2018-11-13,-2211.5358435371745,-4838.853676127812,-831.1720931181412,-7881.561612783127
2018-11-14,2589.4383191531,-1936.8553562437555,1226.4301584226018,1879.0131213319464
2018-11-15,3066.808346928123,-968.7094435214094,-2990.802912115242,-892.7040087085288
2018-11-16,3549.989319946825,-2907.2560481933697,-2299.643313503935,-1656.9100417504796
2018-11-19,-1827.62160047765,-1939.1110106036494,3422.893988420455,-343.83862266084407
2018-11-20,-3821.7071677861754,0.0,6157.643768415199,2335.9366006290234
2018-11-21,-597.7576398052998,0.0,-2140.6486328236765,-2738.4062726289762
2018-11-23,-1396.6094107571,-969.8377630908826,2479.1508771989825,112.70370335100006
2018-11-26,2078.49242603415,1939.4873360656438,-7237.104736069476,-3219.124973969682
2018-11-27,-497.3847072125499,-969.6495729747612,-1708.3864345541713,-3175.4207147414827
2018-11-28,5836.054083496004,0.0,-7825.557345861746,-1989.5032623657426
2018-11-29,2411.0869965518,-2910.078078807563,-1103.7608071717814,-1602.7518894275445
2018-11-30,2110.71921154915,-1940.9937339539883,-1198.068298625401,-1028.3428210302395
2018-12-03,4598.640889062401,-2912.904220372103,-1285.623384116093,400.11328457420495
2018-12-04,-5284.85449765425,-6803.381097346299,4131.494621285128,-7956.740973715419
2018-12-06,434.06456745247493,-3891.8034434846995,211.50179677087522,-3246.237079261349
2018-12-07,-2562.54393303815,-1947.0369099125292,4933.2809664996375,423.7001235489579
2018-12-10,325.31632250162505,0.0,-1395.0051969201809,-1069.6888744185558
2018-12-11,-1849.1152313406749,3893.316880604598,-1368.1636025547164,676.0380467092066
2018-12-12,366.61494303884984,1945.5234727926309,-1644.0076344292436,668.1307814022373
2018-12-13,618.7390974871751,0.0,-1170.4516945242176,-551.7125970370425
2018-12-14,-5486.818584447926,-1945.5234727926309,4785.809273249626,-2646.5327839909305
2018-12-17,-3771.5334240110246,-2919.7037806497938,7490.911254999332,799.6740503385145
2018-12-18,1902.873367744325,-3895.588692096957,666.6970785041855,-1326.0182458484464
2018-12-19,-3864.8780422035506,-4873.750278158652,4795.772911497778,-3942.855408864424
2018-12-20,-283.79846850412486,1950.0690868772363,6823.814155718857,8490.084774091969
2018-12-21,-4576.592484411501,0.0,8175.999872803835,3599.4073883923347
2018-12-24,-5183.5475936466,-4876.596263830339,11435.668824708884,1375.524967231946
2018-12-26,10638.701652514424,6825.906642765949,-20297.149419934663,-2832.54112465429
2018-12-27,3246.3881009047,-3899.3794658128463,-3243.142089476791,-3896.1334543849375
2018-12-28,3573.458692969875,-4878.494972744051,-165.36895212890812,-1470.405231903084
2018-12-31,3703.9900093891997,-2929.3773201806252,-4236.155145692692,-3461.5424564841173
2019-01-02,269.21898457662496,-2931.0894051134783,-845.4584156834528,-3507.3288362203057
2019-01-03,-4954.354149373849,-9782.682365155502,10496.11222652397,-4240.924288005381
2019-01-04,5786.29027334775,10759.902491161458,-14492.53356008952,2053.6592044196877
2019-01-07,2555.8355018885,2930.5185434014493,-3441.2490845897564,2045.1049607001924
2019-01-08,2548.5722546348,2928.806958542016,-4201.700944428126,1275.6782687486912
2019-01-09,2393.3061125951754,975.8888931356305,-2126.725050164076,1242.4699555667298
2019-01-10,1432.611101397025,0.0,-1612.5015274482842,-179.89042605125906
2019-01-11,301.4336076124,-2928.2367634648435,-158.03188001960677,-2784.8350358720504
2019-01-14,-2167.648202129175,0.0,2918.603863234235,750.9556611050602
2019-01-15,2456.29961310705,976.2689676738955,-5194.647619095523,-1762.0790383145772
2019-01-16,34.19334877459998,976.0789026553175,262.6196106820089,1272.8918621119265
2019-01-17,694.024793055975,1951.5878322288045,-1121.388655818464,1524.2239694663153
2019-01-18,148.0701080612,3900.897324737165,1053.882306788779,5102.849739587144
2019-01-22,-1563.038096665575,-4876.596263830339,1385.7046564985183,-5053.929703997395
2019-01-23,-64.59060110392494,1951.2079795995196,-1796.6513325754079,89.96604592018684
2019-01-24,1066.695259886425,-3903.1757753904676,-1126.2865489428862,-3962.767064446929
2019-01-25,3511.20897465605,3903.1757753904676,-922.0722643698025,6492.312485676715
2019-01-28,1228.65607318065,-975.5090405063456,71.63094552370808,324.77797819801253
2019-01-29,2155.6163253897003,-2927.666734884122,-331.62096893360626,-1103.671378428028
2019-01-30,6046.774386717225,-1952.7280558866987,526.4855732667115,4620.531904097237
2019-01-31,4593.557353759674,-6840.54166084369,870.3704399800074,-1376.6138671040087
2019-02-01,-2553.8498101731752,6840.54166084369,-546.032317992271,3740.659532678244
2019-02-04,239.07779550529995,2928.806958542016,1685.596087617725,4853.480841665041
2019-02-05,1708.249759901875,-1952.347870329213,1148.882501181923,904.784390754585
2019-02-06,-2410.0305300801,-976.4590882128032,-884.3902226205813,-4270.879840913484
2019-02-07,-1937.9509587598752,-4885.1491938792715,-3198.699832675921,-10021.799985315067
2019-02-08,988.942243990325,-1955.3924669644184,-328.65210099619446,-1295.102323970288
2019-02-11,-1794.95368611495,1955.3924669644184,-41.8335408461985,118.60524000326996
2019-02-12,2384.15221010615,2931.66043364667,4529.416235439534,9845.228879192353
2019-02-13,425.09048239350005,2929.947848445405,1238.8843980678957,4593.9227289068
2019-02-14,471.2665546087749,-4884.197757620208,-1108.495673927912,-5521.426876939346
2019-02-15,4631.25699360335,0.0,4692.731938305989,9323.988931909338
2019-02-19,4948.211486675074,-977.4105244718667,709.7048084127983,4680.505770616006
2019-02-20,706.48447710355,0.0,862.4824701452951,1568.9669472488451
2019-02-21,-4401.574632933874,3908.499929585345,-1867.3530896597335,-2360.427793008263
2019-02-22,3111.5927958822,-3908.499929585345,2976.25130620154,2179.344172498395
2019-02-25,-318.68319628600597,1954.6306504778222,588.6511562591679,2224.598610450984
2019-02-26,1536.6861906225752,-2932.231629065889,-452.0947510908826,-1847.6401895341965
2019-02-27,-2206.8964503294,4886.100908173412,-308.2314868364975,2370.9729710075144
2019-02-28,-2805.59725276885,3905.4562228359428,-1025.535325889198,74.32364417789472
2019-03-01,-3704.601716445475,2927.09687273515,-1789.5672988029503,-2567.072142513275
2019-03-04,-742.946197426575,-3903.1757753904676,956.1551524748779,-3689.9668203421647
2019-03-05,-716.066355373375,0.0,-226.37497065343837,-942.4413260268134
2019-03-06,-1716.4351396075,-2929.3773201806252,1017.9024494765088,-3627.910010311616
2019-03-07,-1314.95879229555,-4886.100908173412,1248.6426013188066,-4952.417099150155
2019-03-08,10.020809025049985,-1955.7735422347469,-800.5219415393015,-2746.274674748998
2019-03-11,2944.05909807535,1955.7735422347469,-3413.9238466222537,1485.9087936878427
2019-03-12,3737.673957718575,-2933.9462172906933,-1030.2770292456955,-226.54928881781393
2019-03-13,3921.8364109775753,0.0,-449.4712629395963,3472.365148037979
2019-03-14,-2457.1149686772756,1956.1547289143418,-321.6984623209669,-822.6587020839006
2019-03-15,2658.4810896526005,-3913.072165589212,-546.3154002228521,-1800.9064761594636
2019-03-18,965.616834576525,978.5540846842778,404.8415313413045,2349.0124506021075
2019-03-19,947.60276615895,978.3633519905925,111.39517702218882,2037.3612951717314
2019-03-20,3007.3690829156744,-6852.550803585596,-532.2204621523667,-4377.4021828222885
2019-03-21,3284.2039073228752,0.0,1555.0674151474482,4839.271322470324
2019-03-22,-3592.565161330925,-9805.603809280983,-693.9527128827194,-14092.121683494628
2019-03-25,608.7150551570498,-981.6134087705068,-716.8685289484813,-1089.7668825619382
2019-03-26,842.536099456225,-1963.801925484935,-1500.2096393926365,-2621.4754654213466
2019-03-27,-2801.329878009425,-1964.5691105324586,-585.9302800114392,-5351.829268553322
2019-03-28,-3106.806424437749,0.0,-857.9613116485234,-3964.767736086272
2019-03-29,915.3521361670752,1964.5691105324586,-131.72473072097546,2748.196515978558
2019-04-01,99.47307791529974,7850.609082931784,2639.7445055775106,10589.826666424593
2019-04-02,1068.0621545537251,-980.6558306292209,-251.69296152246545,-164.2866375979612
2019-04-03,-798.552750320225,3921.4754616147766,335.25433415352524,3458.177045448077
2019-04-04,2518.05080721755,-980.0819561659664,676.2275472087467,2214.19639826033
2019-04-05,590.0666090595001,-980.2731916695338,1839.280767881995,1449.0741852719611
2019-04-08,731.8246663510503,1960.3551478355002,199.24482873350513,2891.4246429200557
2019-04-09,1288.146960311675,-980.0819561659664,-2695.0402441766582,-2386.97524003095
2019-04-10,2445.3864879541998,-2941.39350544881,1491.1333166885167,995.1262991939063
2019-04-11,-3642.91305183065,2941.39350544881,-255.14621039565455,-956.6657567774945
2019-04-12,-70.72652462827497,4898.498544565773,-1515.923143393735,3311.8488765437633
2019-04-15,677.85593374665,-979.3175734830802,95.3546940157537,-206.10694572067655
2019-04-16,-2945.568181655925,4894.678866297363,-460.24628551256797,1488.8643991288702
2019-04-17,-1482.8591476268248,-978.5540846842778,132.84278595517662,-2328.570446355926
2019-04-18,1541.130804059925,-1957.68059059386,-908.8663272573569,-1325.416113791292
2019-04-22,50.18622286324999,1957.68059059386,161.72046919672312,2169.587282653833
2019-04-23,2489.8776053434503,-1957.68059059386,495.41482359603606,1027.6118383456264
2019-04-24,349.30139536560006,-3917.6524293186594,364.2006966011877,-3204.1503373518717
2019-04-25,-1837.3898964175999,979.6996530017932,-318.98646971231415,-1176.6767131281208
2019-04-26,3103.3751140823747,-2939.672385785052,-274.62892052540155,-110.92619222807889
2019-04-29,-942.193462506975,2939.672385785052,326.36096744138854,2323.8398907194655
2019-04-30,2169.9999691697,-2939.672385785052,-277.6601766349813,-1047.3325932503335
2019-05-01,-2966.5892537706245,980.0819561659664,218.92766683217246,-1767.5796307724856
2019-05-02,-2547.4513132140755,2939.0990149167264,-1078.4414962483595,-686.7937945457086
2019-05-03,3633.0511887758003,-979.5085852976408,-583.5972620002678,2069.945341477892
2019-05-06,213.41316843607495,-2939.672385785052,1264.7076294950637,-1461.5515878539134
2019-05-07,-2176.038038342775,-5884.509642526005,2437.768249047622,-5622.779431821158
2019-05-08,-1679.4676154997499,3923.771967706416,-533.5632758788051,1710.7410763278613
2019-05-09,663.64823040665,-3923.771967706416,-741.9556054950363,-4002.0793427948024
2019-05-10,2091.47247654925,1962.2689029483518,-3664.9711487355034,388.77023076209844
2019-05-13,-2257.4294013537246,-6871.294647213843,7198.609552779885,-1930.1144957876832
2019-05-14,1501.0858300424748,1964.1854618238503,-4435.159161903784,-969.8878700374585
2019-05-15,1487.99879646895,-4911.902688550406,-2933.871302393044,-6357.7751944745005
2019-05-16,70.7733521758499,2947.717226726556,-2905.94818463714,112.54239426526601
2019-05-17,-4032.6166808088997,-982.3804814923351,763.0973029126835,-4251.899859388552
2019-05-20,-2285.4891896416443,1964.5691105324586,1311.2481010687843,990.3280219595986
2019-05-21,1453.6187192497002,1963.801925484935,-3758.8003109452047,-341.37966621056967
2019-05-22,-267.8954755831501,-3928.3710360173936,102.20469821850031,-4094.0618133820435
2019-05-23,77.5365320902254,-7865.957290963954,5040.751767599126,-2747.6689912746024
2019-05-24,1415.3242922445502,983.9173267955921,-1236.2364270983176,1163.0051919418247
2019-05-28,-2567.5766662020246,-5906.390477476423,1071.794873825752,-7402.172269852696
2019-05-29,-2210.4144567631,-985.0723286966386,-56.844302786544176,-3252.331088246283
2019-05-30,2527.5622448816252,-2956.3734004847647,-1183.6108558448188,-1612.4220114479583
2019-05-31,1474.1023856297998,-7892.152736755277,1744.5314926085587,-4673.518858516919
2019-06-03,5107.7698993248005,-6915.782023682172,-44.60569907888612,-1852.6178234362574
2019-06-04,6142.671764989,4940.811761365461,-3183.7143334372513,7899.76919291721
2019-06-05,2966.24158185235,0.0,-709.4882723106082,2256.753309541742
2019-06-06,1833.7206241744,0.0,402.66403728301725,2236.384661457417
2019-06-07,5936.277716670075,-2963.9062972822576,2157.7140560973758,5130.0854754851935
2019-06-10,-1629.096933565225,5926.071680439767,528.4748255305374,4825.449572405079
2019-06-11,-405.324897576,0.0,-420.52803445254483,-825.8529320285448
2019-06-12,1748.321050070675,-1974.5835629625362,-989.482065435368,-1215.7445783272292
2019-06-13,2423.75259851945,-2963.325822085564,800.5791418819257,261.00591831581175
2019-06-14,-508.0722734297251,-988.1622953916667,-1144.8884281884234,-2641.122997009815
2019-06-17,-1517.684285810225,0.0,-208.05241292772791,-1725.7366987379528
2019-06-18,4514.0062586529,-2965.648746604522,3491.5240149692295,5039.881527017607
2019-06-19,2168.867660568475,-2967.3927329301223,349.18788628570496,-449.3371860759423
2019-06-20,9900.705251327125,-1979.2314630777837,4338.663310489501,12260.137098738842
2019-06-21,1532.4067315138248,5935.367478529224,-784.9262236092827,6682.847986433766
2019-06-24,6209.401815960425,-4945.654744860192,-858.0471864794888,405.69988462074366
2019-06-25,-1251.194329411225,-1979.6195286583388,-4578.568354821023,-7809.382212890587
2019-06-26,-4241.306600333325,4947.593932232339,-807.4969216307437,-101.20958973172958
2019-06-27,1496.8725571144248,-3957.6871372430323,1220.3675567513378,-1240.4470233772695
2019-06-28,2033.5774293155496,-989.906794989307,2199.569660389457,3243.2402947156997
2019-07-01,-3120.839367231425,2969.1382580670906,4533.1551394904,4381.454030326066
2019-07-02,5110.827651764651,-4949.534260358982,1276.0522397298928,1437.3456311355621
2019-07-03,3003.4200568105002,-1981.1729328537767,4189.164319970423,5211.411443927147
2019-07-05,-4727.547462107,7920.031975399004,-715.6908309158894,2476.793682376115
2019-07-08,-4539.2711022422,989.1308919790026,-3069.0934697315056,-6619.2336799947025
2019-07-09,773.681877328525,1977.6803412861918,569.9268772333496,3321.2890958480666
2019-07-10,5070.729468301524,0.0,-1704.3481333986392,3366.381334902885
2019-07-11,-1644.6193168519499,5928.3935815604345,-295.18195278376425,3988.592311924721
2019-07-12,2807.4801866841754,-987.5818201949733,-589.586177497182,1230.31218899202
2019-07-15,1046.1565258721503,-2963.9062972822576,106.64808744357401,-1811.1016839665333
2019-07-16,-3709.9307526923253,3951.488117477231,-491.25608507088714,-249.6987202859816
2019-07-17,2440.96829332085,-6917.136864081753,691.0639154567946,-3785.1046553041087
2019-07-18,5420.889129181449,-1978.0679507438763,-795.2673248688882,2647.5538535686846
2019-07-19,-4849.132702184074,989.1308919790026,612.1246498489938,-3247.877160356078
2019-07-22,-270.8321351383749,0.0,-1535.0645674153611,-1805.896702553736
2019-07-23,-318.4222158744502,2966.2299045123655,-1031.9860097741014,1615.821678863814
2019-07-24,1578.5627484565503,-2966.2299045123655,-339.42466086958234,-1727.0918169253976
2019-07-25,-3602.252316864575,2966.2299045123655,-304.5409444693803,-940.5633568215897
2019-07-26,2119.2688290388,0.0,-5.1530979215783645,2114.115731117222
2019-07-29,1117.367429466075,-1977.2928457474918,-44.69602618016211,-904.6214424615789
2019-07-30,579.4769178157,0.0,337.4315876388323,916.9085054545322
2019-07-31,-5077.6820456335,-3956.911462338874,1092.3029081027664,-7942.290599869609
2019-08-01,4628.179196385274,-11889.37342040152,1615.6409163637022,-5645.553307652544
2019-08-02,-2165.8510842912256,-3969.3496837140992,171.03731928176558,-5964.163448723559
2019-08-05,-1355.1606339382008,-10931.803588391049,12442.931843658826,155.9676213295752
2019-08-06,8943.201919747149,-1990.1405923228594,-7592.954518620346,-639.8931911960563
2019-08-07,3097.1376547560253,-1990.9232648594043,-1092.300270908197,13.91411898842398
2019-08-08,6076.338320969643,995.5594953507243,-7307.684088003015,-235.78627168264757
2019-08-09,-3301.268661959575,1990.53187088891,1616.094916800364,305.3581257296987
2019-08-12,1404.8911549787254,-8963.561815845504,4779.531408063761,-2779.1392528030174
2019-08-13,1694.6205820044997,2989.6170310258167,-7182.721675560714,-2498.4840625303978
2019-08-14,-5057.72638725315,-8974.148180050455,12514.658659443292,-1517.2159078603145
2019-08-15,3146.78302162605,-6990.8936483590805,-1590.0191489687998,-5434.12977570183
2019-08-16,729.0912441795002,2997.2774245064356,-7460.602747060769,-3734.2340783748327
2019-08-19,-1582.7234993173502,4991.5289392370905,-6061.603719327706,-2652.7982794079658
2019-08-20,880.3263037203749,-4991.5289392370905,3572.441480976302,-538.7611545404134
2019-08-21,901.9438796447499,3993.616223852645,-2658.883758556385,2236.67634494101
2019-08-22,-1423.124359383,2993.148943605367,843.3462456258098,2413.370829848177
2019-08-23,-132.62594244922536,-9984.042591964448,4938.365988473834,-5178.30254593984
2019-08-26,3870.268008884325,1998.3817376313382,-2112.498984690973,3756.1507618246897
2019-08-27,1589.5687946496253,-4997.431126326119,1089.8263106269894,-2318.0360210495037
2019-08-28,828.8083221931751,-2000.3514598094043,-2149.706722555095,-3321.249860171324
2019-08-29,799.113445765775,3000.2315712717536,-2344.183984778141,1455.1610322593874
2019-08-30,-1227.966322478775,0.0,880.8202541115975,-347.1460683671776
2019-09-03,2006.9711795896997,-3000.2315712717536,177.8295589555512,-815.4308327265028
2019-09-04,4909.0054846565,0.0,-2886.7166331603757,2022.2888514961242
2019-09-05,-3528.4743939184996,9993.87957349891,204.36897285424038,6669.774152434652
2019-09-06,-1762.1272423597998,-1997.2013004882901,-1599.2965782929502,-5358.62512114104
2019-09-09,-2713.2853494138003,7984.088796244992,-61.46587243571844,5209.337574395474
2019-09-10,-3404.1554183907497,8967.088521588885,-582.1693634973713,4980.763739700764
2019-09-11,3081.141872013625,2985.5043618315394,1035.4705254888756,7102.11675933404
2019-09-12,-17.545699069374976,3977.9350124177436,494.18479145862193,4454.57410480699
2019-09-13,-3526.2484179884746,10923.218259687404,-933.1738555355003,6463.79598616343
2019-09-16,2956.152781163325,-5955.193815540857,-901.3632119168875,-3900.4042462944194
2019-09-17,26.103241463649834,-2980.2291022670106,320.8044903018248,-2633.321370501536
2019-09-18,219.73869405959985,-993.8000385555788,-440.69765889196333,-1214.7590033879424
2019-09-19,127.9893345538588,-993.9953033239581,-374.698916287997,-1240.7048850580964
2019-09-20,3572.9927706296753,-4972.907503360373,-1602.2424226264036,-3002.157155357101
2019-09-23,1025.834494542425,-1990.53187088891,-810.0053073515738,-1774.7026836980585
2019-09-24,18.819874159849757,-7969.961139088584,-1934.4884235035665,-9885.6296884323
2019-09-25,-4326.675766752801,8965.324908597264,556.4753444207895,5195.124486265253
2019-09-26,-1512.07652325745,-2986.6785437883373,-1356.538946551325,-5855.294013597113
2019-09-27,-2973.7855605401246,-995.9511202661379,-2076.2805524188366,-6046.017233225099
2019-09-30,-2098.4916756303246,-996.1470193849818,392.0212813230961,-2702.6174136922104
2019-10-01,-1921.2833455106247,-2989.6170310258167,-4107.317840410716,-9018.218216947156
2019-10-02,118.12036460742432,-4986.618433640193,-672.3449186468002,-5540.842987679569
2019-10-03,5128.8405255628995,-5990.424626112188,-2351.507618544588,-3213.0917190938762
2019-10-04,4110.0563182673495,-1998.3817376313382,-2039.1608858690233,72.51369476698801
2019-10-07,-3802.6538927267247,3995.976400927233,102.04551741503565,295.36802561554396
2019-10-08,-1536.5896904804001,-1997.5946632958949,1918.8706892839207,-1615.3136644923745
2019-10-09,1679.1301829947497,4992.511910727742,-2379.171701329852,4292.47039239264
2019-10-10,-1446.2652735831002,7977.805203742217,-1244.0764139137173,5287.4635162454
2019-10-11,3.40760758317472,8960.037190243704,-1124.9623977016654,7838.482400125213
2019-10-14,1841.1191583852503,0.0,-1793.2921370550048,47.82702133024554
2019-10-15,-514.5340904839193,994.5814430492319,1321.9275213288738,1801.9748738941864
2019-10-16,1648.3689762556,-1989.3583812223806,-735.6816455176443,-1076.6710504844248
2019-10-17,1911.85882245385,994.7769381731487,716.0058381057297,3622.641598732728
2019-10-18,36.460427993299966,0.0,-1392.050602877177,-1355.590174883877
2019-10-21,217.208447370075,3977.153377568553,1699.9686616441068,5894.330486582735
2019-10-22,407.03324346387507,-1988.1859289711865,-1182.6463297401942,-2763.799015247506
2019-10-23,899.406809351575,-994.3860055481346,348.1214308493463,253.14223465278678
2019-10-24,2205.6199251554494,0.0,103.29171884949062,2308.91164400494
2019-10-25,427.52253680360013,2982.571934519321,934.1999398987042,4344.2944112216255
2019-10-28,-2140.685585907375,4967.048695402249,2555.180449028377,5381.543558523252
2019-10-29,-208.05186241377504,-993.0195545796596,-360.2116840636178,-1561.2831010570526
2019-10-30,3697.4194615338747,-5962.215069793776,1155.0360015811166,-1109.7596066787846
2019-10-31,4293.93911832485,-8956.51464314785,-1418.050316788115,-6080.625841611115
2019-11-01,2119.7554839842,3982.629664054475,4600.876058855675,10703.261206894349
2019-11-04,-779.6668586466749,5968.075604740603,2093.901299996233,7282.3100460901605
2019-11-05,-6555.68491578125,6953.868575973305,-732.0714072456553,-333.8877470536004
2019-11-06,623.2069387197249,-4966.073234093768,-0.48849592496580385,-4343.354791299009
2019-11-07,-5126.598727602675,10918.929387505297,1850.9920930763108,7643.322752978933
2019-11-08,-2467.82644703035,1982.7281661974412,1275.8733487224417,790.7750678895327
2019-11-11,-744.7954717318249,0.0,-1177.779904945041,-1922.5753766768657
2019-11-12,1608.6244973265002,-1982.7281661974412,1077.4179495534995,703.3142806825585
2019-11-13,1234.1906615014998,-3967.7917012596736,77.17259014784617,-2656.428449610328
2019-11-14,2693.0564223648507,-5957.532854926059,-170.02615077078076,-3434.5025833319896
2019-11-15,1133.27082309755,1986.6242709474463,-1049.2773485474345,2070.617745497562
2019-11-18,2135.306792492225,-2980.2291022670106,365.6179601151166,-479.3043496596688
2019-11-19,914.9848414375499,-1987.7953418795369,170.6126463412545,-902.1978541007325
2019-11-20,284.189133048475,-5968.075604740603,-949.6989443645418,-6633.58541605667
2019-11-21,-2427.05833762735,3979.49897354524,-39.318022701223754,1513.1226132166664
2019-11-22,-254.30379632984997,0.0,-1226.3354256878927,-1480.6392220177427
2019-11-25,-138.9767159558999,-994.5814430492319,306.74886216175423,-826.8092968433775
2019-11-26,2051.2601548716,-1989.7494291157782,-220.08947609791107,-158.57875034208905
2019-11-27,-680.3010362490498,2984.33087216501,1091.4165101065123,3395.4463460224724
2019-11-29,572.684515616125,994.3860055481346,-436.30244827829756,1130.768072885962
2019-12-02,-2993.7835434848744,4969.000480439616,665.2813911752276,2640.498328129969
2019-12-03,4279.8678560223,-10938.24922904167,173.05245157453442,-6485.328921444836
2019-12-04,372.98242114727503,4974.86274305392,-1373.5818061209102,3974.263358080285
2019-12-05,-40.1301452181501,2982.571934519321,-589.6944587508699,2352.747330550301
2019-12-06,-481.26506980122485,3974.0291408225894,450.5410426453693,3943.3051136667336
2019-12-09,-1707.3242812568,-993.2145893541601,857.2206945453615,-1843.3181760655987
2019-12-10,273.90129202839995,1986.2341439338197,-985.9170749145107,1274.2183610477089
2019-12-11,4084.8405136429997,-5961.043998726207,-577.2820622139534,-2453.485547297161
2019-12-12,249.27664832152504,10923.218259687404,1335.9751657449976,12508.470073753928
2019-12-13,3857.408815287675,-7941.818086488303,-952.4899301918595,-5036.899201392487
2019-12-16,-859.1131115409975,6949.772844602165,2591.327498195092,8681.98723125626
2019-12-17,304.5514396535844,0.0,-142.23009914828566,162.32134050529874
2019-12-18,-322.00974641451734,2975.5517115835682,-192.29272013399878,2461.249245035052
2019-12-19,1068.242282592575,0.0,1925.5364001852797,2993.7786827778546
2019-12-20,1569.8516094078252,0.0,2284.8779362372225,3854.7295456450474
2019-12-23,-113.90176138517498,991.4613424024428,740.0313174616997,1617.5908984789676
2019-12-24,3101.3866315653695,-2974.9678120998724,-108.89680664085333,17.52201282464378
2019-12-26,3765.290534492325,0.0,3008.8891032128017,6774.179637705127
2019-12-27,339.46352469027505,-1984.285231562244,-257.70364259712863,-1902.5253494690976
2019-12-30,807.859603861675,1984.285231562244,1309.2121482192738,4101.3569836431925
2019-12-31,620.32092444945,1983.5064696974296,-1846.770519026137,757.0568751207427
2020-01-02,5311.52222136845,-3967.7917012596736,-996.459077812176,347.2714422966005
2020-01-03,1957.365932828175,-7944.937724801202,743.3082059202718,-5244.263586052756
2020-01-06,3079.19678168425,993.8000385555788,-174.63181180377774,3898.3650084360506
2020-01-07,724.3376491219,1987.0145129128505,-872.2835432896829,1839.0686187450676
2020-01-08,-2106.5906292462246,3971.6883785149257,-101.2367726502248,1763.8609766184763
2020-01-09,-479.7458537706,-1985.454234581106,-64.760103995809,-2529.9601923475147
2020-01-10,1274.2746237327249,-1986.2341439338197,-1087.7292302449462,-1799.688750446041
2020-01-13,-315.642902602375,1986.2341439338197,1255.552803432721,2926.1440447641658
2020-01-14,318.498882011525,-2979.643825527106,-781.388295042234,-3442.533238557815
2020-01-15,2537.9035252639,-2981.400173199101,371.3308351578064,-72.16581277739465
2020-01-16,1681.0263702595,1987.7953418795369,2710.4090475754815,6379.230759714519
2020-01-17,712.2662105662998,2980.2291022670106,905.5842673049739,4598.079580138285
2020-01-21,821.883681532275,-5962.215069793776,-723.5118867688612,-5863.843275030363
2020-01-22,-94.99481439995002,-994.3860055481346,-263.3767801090272,-1352.7576000571116
2020-01-23,1717.4668303496999,-2984.33087216501,204.7925498508647,-1062.0714919644456
2020-01-24,-815.479474971225,-3981.846645168567,-2974.9721672309447,-7772.298287370737
2020-01-27,-1331.38923739205,-8970.617309110938,-1086.6214425536498,-11388.627989056637
2020-01-28,-602.9882074305001,3988.9021384340012,-467.60942365577307,2918.304507347728
2020-01-29,2401.3151477397996,-4986.618433640193,-815.8456755259351,-3401.1489614263282
2020-01-30,939.8466125753054,-2994.3276387488004,-353.60902574325337,-2408.0900519167485
2020-01-31,-1606.344071719625,-5993.9648920673935,-1799.5247823032798,-9399.833746090299
2020-02-03,1379.406754292875,2997.867904704006,-823.8423839196969,3553.4322750771844
2020-02-04,-1552.5907292653246,6988.14092131838,2568.0896171792397,8003.639809232294
2020-02-05,1738.6505292215754,4985.63720209297,4985.038533377715,11709.32626469226
2020-02-06,1341.099349238575,-996.735063658969,1636.4264797860208,1980.7907653656268
2020-02-07,79.55513861457493,-5984.531149024639,-3354.926060683958,-9259.90207109402
2020-02-10,2218.99963148715,-2994.9172474318475,4271.999160026823,3496.0815440821257
2020-02-11,-1844.5256088334747,2994.9172474318475,939.6942304788247,2090.0858690771975
2020-02-12,897.4674430325249,2993.148943605367,-2592.284432128963,1298.331954508929
2020-02-13,376.6246886134,-997.5199330147298,210.11634416589686,-410.77890023543296
2020-02-14,1371.6090246421002,-1995.6290105906373,-1070.1182097751598,-1694.138195723697
2020-02-18,2898.194147598875,-3993.616223852645,1271.6147380925804,176.19266183881064
2020-02-19,1568.8563112007002,998.6989764207974,-822.3969087230216,1745.1583788984763
2020-02-20,1055.8811302942,-3995.976400927233,1072.1131303574793,-1867.9821402755538
2020-02-21,1637.5792502570748,-5999.872313397005,1845.587319260062,-2516.7057438798684
2020-02-24,-3075.5972292118245,-8010.877059986349,15523.894057449666,4437.419768251493
2020-02-25,-11273.786859990125,-5013.221568798821,11386.803853641439,-4900.204575147507
2020-02-26,793.6287131332751,0.0,527.3300335133655,1320.9587466466405
2020-02-27,-10139.382876544449,-3010.3084065833536,25772.58222435583,12622.890941228026
2020-02-28,-5015.62890275955,-17092.149920117867,1683.0993585703736,-20424.679464307043
2020-03-02,13032.234447343451,-3022.228638345172,-21480.61139178209,-11470.605582783812
2020-03-03,5452.1739495588745,-8068.052060868329,12933.841284658527,10317.963173349071
2020-03-04,11002.528134759901,0.0,-19731.303910058883,-8728.775775298982
2020-03-05,-1828.635504296725,-10103.052707017836,17219.835082539903,5288.146871225343
2020-03-06,348.37968974319944,-18236.040222685086,7358.629301270184,-10529.0312316717
2020-03-09,-14097.009086103322,-20338.849979813152,39558.92656650791,5123.067500591431
2020-03-10,2910.955483615975,22368.29418085565,-25142.06903491389,137.18062955773348
2020-03-11,-17686.213904084252,6083.501551666937,24060.892582864213,12458.180230446898
2020-03-12,-36409.32080809976,6076.265031185234,47629.7078477876,17296.652070873075
2020-03-13,9417.976814447324,6069.041415138607,-38978.69746488716,-23491.67923530123
2020-03-16,-25992.872915639196,-21273.276510048046,53634.78602933888,6368.636603651641
2020-03-17,10340.012045513547,29354.117240717693,-23560.024755592793,16134.104530638448
2020-03-18,-24844.69803723855,16123.345786791644,23051.996879870272,14330.644629423365
2020-03-19,-4649.7822025967,-6040.275383387372,-869.4688444205951,-11559.526430404667
2020-03-20,-8037.9000259891745,-20186.123110422108,19054.012180465917,-9170.010955945367
2020-03-23,8141.376589139625,-16206.596021642588,10877.429185211384,2812.2097527084206
2020-03-24,33460.15825744618,8109.726648671989,-37015.147841055776,4554.7370650623925
2020-03-25,1296.367679580125,4050.039934180182,-6569.68904105537,-1223.2814272950627
2020-03-26,19980.577459078624,-5063.052005389356,-4941.4446470052835,9976.080806683985
2020-03-27,-3717.1371512451497,-11156.408954210638,3719.688107941238,-11153.85799751455
2020-03-30,11712.250783861151,-2031.0566305914836,-11300.983047271246,-1619.7888940015782
2020-03-31,-13841.963559093825,0.0,-6197.473409275886,-20039.43696836971
2020-04-01,-8231.841798195575,-8132.300689054537,4355.959510789944,-12008.182976460168
2020-04-02,8149.855043037526,1017.2447075769887,-9584.264418045506,-417.16466743099227
2020-04-03,-4660.178991057551,-1017.2447075769887,-4759.80478815228,-10437.228486786818
2020-04-06,21021.156678116324,5084.202588828572,-3467.046863619885,22638.31240332501
2020-04-07,-2275.0831593725748,8124.227723877819,574.2777147882521,6423.422279293496
2020-04-08,7811.642232991476,2029.0413936756377,-451.19786483380153,9389.485761833312
2020-04-09,10037.305992746802,-4058.888522045454,491.0423851449366,6469.459855846285
2020-04-13,1537.9760778521,3044.4685120572685,-3614.187708935702,968.2568809736658
2020-04-14,9335.7464241141,0.0,4127.121374565278,13462.867798679377
2020-04-15,-2999.934752236775,-13205.806988816854,-4763.699349901898,-20969.441090955526
2020-04-16,-580.604080188275,-2034.6916305813938,-370.57265013223173,-2985.868360901901
2020-04-17,34.491918609899514,4068.574640544626,6495.357201397666,10598.423760552192
2020-04-20,-1816.6543173617501,-2033.8830099632323,-3342.6512348452347,-7193.188562170217
2020-04-21,-8774.3198230032,-5088.246295307123,-7755.382366158202,-21617.948484468525
2020-04-22,9388.046036571524,5088.246295307123,1524.8908561923997,16001.183188071047
2020-04-23,1541.7477260979765,-2034.6916305813938,-1586.3459142364745,-2079.2898187198916
2020-04-24,1692.7212935763748,-1017.649198734638,1065.217156162234,1740.2892510039708
2020-04-27,1659.3420297861999,7119.298710567615,4671.936456261676,13450.57719661549
2020-04-28,-1153.6186121101753,-5084.202588828572,-2606.599202735232,-8844.42040367398
2020-04-29,7987.770185852325,1017.2447075769887,12229.727839772246,21234.742733201558
2020-04-30,-6567.9473868863,1017.0425524284656,-4932.079297065045,-10482.984131522879
2020-05-01,-3261.2921361884255,0.0,-13225.986714640627,-16487.278850829054
2020-05-04,1927.566481352975,0.0,522.5863502806405,2450.1528316336153
2020-05-05,1907.0305833888249,2033.478880406823,4195.183172075836,8135.6926358714845
2020-05-06,-7372.9161829559,6095.591179233743,-3710.6064509162024,-4987.931454638359
2020-05-07,7404.070956999499,-9146.112612069031,6187.293642197588,4445.251987128056
2020-05-08,2666.5309787863,6099.2250954254705,-5599.292779179336,3166.463295032435
2020-05-11,-2158.0517950466497,4062.113381334115,-1276.624325977508,627.4372603099571
2020-05-12,-3934.6512884353,-4062.113381334115,6943.86824443319,-1052.8964253362246
2020-05-13,-689.9003555463996,-5082.182542997005,3335.4633668488705,-2436.619531694534
2020-05-14,5032.911194802576,-1017.0425524284656,-5270.427929877115,-1254.5592875030052
2020-05-15,2002.883109502525,1017.0425524284656,-2015.312906822487,1004.6127551085037
2020-05-18,4393.2904624014745,9144.29592433112,-3786.18917522877,9751.397211503823
2020-05-19,2677.6545902483504,-3046.2824952820374,166.8353624309873,-201.79254260269977
2020-05-20,5155.18976443505,-2031.863566082291,-2792.169096063162,331.1571022895969
2020-05-21,-3978.457130359525,0.0,366.8527510052968,-3611.604379354228
2020-05-22,1735.9675624469003,-2032.6709825599683,-2352.504997111083,-2649.208417224151
2020-05-26,-1285.3560528799253,3048.703662590182,540.1682926071771,2303.5159023174338
2020-05-27,6147.849205899376,-1016.0326800302137,1782.3258836461946,6914.142409515357
2020-05-28,945.878441097,2031.863566082291,-321.8387971191703,2655.9032100601207
2020-05-29,5153.856735768,-5081.172971514316,-743.816394705334,-671.1326304516492
2020-06-01,2946.059477026525,1016.6384228720563,938.5539078283784,4901.25180772696
2020-06-02,192.90398969464988,2032.6709825599683,804.5849086945367,3030.1598809491547
2020-06-03,-1412.9876975176246,9137.034583409782,3898.5316767344502,11622.578562626608
2020-06-04,2002.500358157475,5069.081541678752,-1675.07845958211,5396.503440254117
2020-06-05,2213.7467214522003,9111.687885432038,11637.167143187418,22962.601750071655
2020-06-08,5561.140336879826,-3035.4228542468045,6598.743954412427,9124.461437045447
2020-06-09,1114.3520363203,-4050.039934180182,-4236.557398856697,-7172.245296716579
2020-06-10,4608.443111135725,-9124.348032359441,-3430.1080988750955,-7946.0130200988115
2020-06-11,-15037.37800827545,-9140.664172294113,-18284.229818607797,-42462.27199917736
2020-06-12,1067.0661860611497,5080.16370082763,-1617.4330664506726,4529.796820438108
2020-06-15,870.7415086529498,0.0,1054.0118255114949,1924.7533341644448
2020-06-16,6024.6498295529245,4060.500471466483,7586.206170804488,17671.356471823892
2020-06-17,-1764.8320205092502,-1014.8228173550451,-2908.2674028738893,-5687.922240738185
2020-06-18,-346.6953230862501,-3045.6776541114377,-365.3731586346467,-3757.7461358323344
2020-06-19,682.2099450689502,-1015.6291521853709,-3512.4882083019243,-3845.907415418345
2020-06-22,2235.77986487905,1015.6291521853709,-5918.997785318823,-2667.588768254402
2020-06-23,5435.766704304099,1015.4274784061126,-1184.9087833322756,5266.285399377936
2020-06-24,-6136.236495320325,-3046.887516643561,2520.5510282408454,-6662.572983723041
2020-06-25,1194.1006417398753,-1016.0326800302137,-3482.117183671164,-3304.0492219615026
2020-06-26,-4859.463716296074,-4066.1498629667913,3840.7605745022693,-5084.853004760597
2020-06-29,4112.685104293075,0.0,-6025.865820328732,-1913.1807160356575
2020-06-30,4313.695123391501,2033.478880406823,-3015.4131300748477,3331.760873723476
2020-07-01,-18.191796505924994,3048.703662590182,-3210.2088122529153,-179.69694616865854
2020-07-02,2563.758327226025,-1016.0326800302137,-1820.530981277443,-272.8053340816318
2020-07-06,5160.504846268275,1016.0326800302137,1243.1663841854856,7419.703910483975
2020-07-07,1236.7070727392752,-4065.342085462238,-333.025053028706,-3161.660065751669
2020-07-08,2230.2643450913997,2033.0748712883506,-1698.3668747412537,2564.972341638497
2020-07-09,108.70879803019997,-5084.202588828572,-255.2877696018072,-5230.781560400179
2020-07-10,267.2654489610999,3051.127717540221,-1798.104949270055,1520.2882172312661
2020-07-13,-1108.9572332068747,-1016.8404575347668,3241.5152703328545,1115.717579591213
2020-07-14,5144.149920147267,-1017.0425524284656,-2014.3663321865972,2112.7410355322045
2020-07-15,3857.312260500025,1017.0425524284656,-568.5955999499583,4305.759212978532
2020-07-16,-2872.3454017267754,-2034.2872600054543,-1654.2152354910797,-6560.84789722331
2020-07-17,2163.6866753230247,2034.2872600054543,-2156.444190916517,2041.5297444119615
2020-07-20,4491.503275317626,-2034.2872600054543,1003.7253001809745,3460.941315493146
2020-07-21,4135.52353763235,-1017.4469230044051,268.43784813229377,3386.5144627602385
2020-07-22,6911.064602811476,-1017.649198734638,1415.951226712025,7309.366630788863
2020-07-23,191.70833990345028,-1017.8515347916691,-4952.885104731465,-5779.028299619684
2020-07-24,988.442058319675,0.0,-3515.5538746640077,-2527.1118163443325
2020-07-27,7533.01818575405,3052.9476565307123,1266.5991920847687,11852.56503436953
2020-07-28,3570.140026304925,-3052.9476565307123,-3375.343383967419,-2858.1510141932063
2020-07-29,4178.509195045075,-1018.0539311994216,4402.129750528161,7562.585014373814
2020-07-30,-1041.0842906715002,-3055.3767759129987,-2459.7271727743787,-6556.1882393588785
2020-07-31,6180.0589871526245,0.0,3931.432489557409,10111.491476710034
2020-08-03,-8.558175887349913,1018.6614827676094,3986.953093322306,4997.056400202566
2020-08-04,6678.9038368643505,-4075.862001284666,-1366.5609564789634,1236.4808791007213
2020-08-05,4129.116376825726,3057.2005185170565,-1472.351369090518,5713.965526252265
2020-08-06,6458.39078100605,0.0,-437.59598700231095,6020.794794003739
2020-08-07,-4276.4576733705,2037.120387930976,-1243.2602012430607,-3482.5974866825845
2020-08-10,-2366.8804489203,2036.3103191814444,-319.94550901580965,-650.5156387546651
2020-08-11,-17684.607984824128,5087.234916536167,1052.0688080274283,-11545.304260260533
2020-08-12,1526.429959899475,5082.182542997005,-1153.5808431889052,5455.031659707574
2020-08-13,6085.908436659875,2031.4600382374483,-1261.7806359202746,6855.58783897705
2020-08-14,-466.7535568341921,0.0,-805.2068057087922,-1271.9603625429843
2020-08-17,7330.294651083975,-2031.4600382374483,-940.4999551321964,4358.33465771433
2020-08-18,3716.8623750483252,-2032.2672141738876,19.671925072060503,1704.2670859464981
2020-08-19,-7892.314863257201,1016.234534143674,-422.73264125313403,-7298.812970366661
2020-08-20,1024.5356274757748,-3049.3094054320245,136.41769356951272,-1888.356084386737
2020-08-21,-305.24201684082493,-1016.8404575347668,-92.79166624455115,-1414.8741406201427
2020-08-24,-844.2207475685501,1016.8404575347668,2197.691578539775,2370.311288505992
2020-08-25,508.11080781979996,4065.342085462238,267.8788508371923,4841.331744119231
2020-08-26,6182.616846440251,0.0,4440.816346481142,10623.433192921393
2020-08-27,-3084.0443007847753,5077.137692348886,1118.361200167982,3111.454591732093
2020-08-28,5841.6416291056,0.0,1587.147927894307,7428.789556999907
2020-08-31,2033.2457041378998,-2030.250175705325,-575.9965349668619,-573.0010065342872
2020-09-01,3894.515570314201,-4062.9201966737746,3826.3465858013105,3657.941959441737
2020-09-02,302.9032329435498,-2032.6709825599683,7718.936678887651,5989.168929271233
2020-09-03,-12057.266333832149,-3050.5214328352886,-15000.890610185139,-30108.67837685258
2020-09-04,-2915.993989962,9146.112612069031,-6235.971658547385,-5.853036440354117
2020-09-08,-7142.4943691004255,-3046.887516643561,-7969.217675917207,-18158.599561661194
2020-09-09,6089.79700432655,2031.4600382374483,985.9536979717518,9107.210740535751
2020-09-10,-4111.864814852749,-3047.492718267662,-5977.171297673123,-13136.528830793533
2020-09-11,884.0750094063704,-1016.234534143674,-3632.70098417027,-3764.8605089075736
2020-09-14,5398.774129320024,1016.234534143674,2019.23614588938,8434.244809353078
2020-09-15,1113.0324066874498,0.0,1349.1629488579272,2462.195355545377
2020-09-16,-969.6498709602499,1016.0326800302137,-224.80319223234346,-178.42038316237972
2020-09-17,-4368.8305615657,0.0,-306.85207247216795,-4675.682634037868
2020-09-18,-1847.04354635405,1015.8308860520774,-1450.1272530603728,-2281.339913362345
2020-09-21,-7475.637149345324,-2031.863566082291,3347.8738498067173,-6159.626865620898
2020-09-22,-322.9984560955751,0.0,-3147.5745195626814,-3470.5729756582564
2020-09-23,-12596.8940648633,0.0,4827.597915333598,-7769.296149529701
2020-09-24,650.3503716876749,-1016.234534143674,-1340.1393715387258,-1706.0235339947249
2020-09-25,3815.75031442555,-1016.4364484162943,-6124.981569704431,-3325.6677036951755
2020-09-28,5766.9294925467,1016.4364484162943,-2165.5093724362473,4617.856568526748
2020-09-29,1850.8770129818001,-1016.4364484162943,-560.8162261909229,273.624338374583
2020-09-30,1055.94179414025,3048.703662590182,-973.5073616582213,3131.1380950722105
2020-10-01,3621.4466082713748,-1016.0326800302137,-387.96729153580145,2217.4466367053597
2020-10-02,-2453.48209969945,2031.863566082291,247.23246025968137,-174.38607335747747
2020-10-05,3500.6743438802,8119.389713561017,-107.10089038616388,11512.963167055053
2020-10-06,-4427.590175095999,-2028.638706221711,279.7118934634,-6176.51698785431
2020-10-07,2313.7893231864,5070.087511482532,-2068.828440205891,5315.048394463041
2020-10-08,4182.363734342275,-3041.4488052608212,-1793.1210068054213,-652.2060777239674
2020-10-09,6588.239047722579,1014.0174423995195,-465.0993940884689,7137.157096033629
2020-10-12,4595.907843126325,0.0,4484.131953261809,9080.039796388133
2020-10-13,-5058.477898687807,-5072.100349663728,-2623.3829195470976,-12753.961167898633
2020-10-14,-2290.5846486934256,-1015.0243110147712,-2911.0907690594277,-6216.699728767624
2020-10-15,371.24189188635,1015.0243110147712,-1115.3699698524804,270.89623304864085
2020-10-16,-1948.97218861675,2029.4442010424973,-1133.5791538135993,-1053.107141387852
2020-10-19,-3937.9874107895002,2028.638706221711,-3775.8337383792477,-5685.182442947037
2020-10-20,2800.390376878675,3041.4488052608212,-860.6072589371081,4981.231923202388
2020-10-21,2362.7145232202,2026.627065980283,-2720.2261495231423,1669.1154396773409
2020-10-22,-1457.4060342629252,4050.843154981063,-837.3983511081065,1756.038769610031
2020-10-23,112.38053705324994,-2025.0199073710828,-993.7380289090783,-2906.377399226911
2020-10-26,-3418.6195050639744,-4052.4503135902632,-5333.705689293126,-12804.775507947365
2020-10-27,-472.46465184425006,-2027.4313628613017,-4223.8274003806855,-6723.723415086237
2020-10-28,-13320.515025896077,0.0,6180.2238370006535,-7140.291188895423
2020-10-29,-319.5167419272997,6079.881676451565,-4775.408913486785,984.9560210374802
2020-10-30,-3786.5632315717253,3037.228757779376,-1120.7348345919286,-1870.069308384278
2020-11-02,4845.847631072375,-1012.2088504082931,-1698.102523971329,2135.5362566927533
2020-11-03,5243.004661614912,3036.024643087818,-1200.8210630743008,7078.208241628429
2020-11-04,10033.772384058551,-12154.943669309985,-4240.6965244015,-6361.867809652934
2020-11-05,9839.880242214525,1014.0174423995195,3856.258577259439,14710.156261873484
2020-11-06,1250.4199075515,4054.058428841585,-3419.061743073371,1885.4165933197137
2020-11-09,-8460.15676420495,13153.50420354164,6131.166919203906,10824.514358540597
2020-11-10,-1636.4299648224248,2020.610065729852,-1981.2988988692696,-1597.1187979618423
2020-11-11,984.01040989725,0.0,2643.6504775256253,3627.6608874228755
2020-11-12,-323.153640700375,-10111.062263882137,-4512.337590231525,-14946.553494814038
2020-11-13,5293.017916910226,1012.0081944759295,5859.374267162955,12164.400378549111
2020-11-16,3784.597221619567,2023.414659770875,7050.766871823107,12858.778753213548
2020-11-17,-1322.32904808125,-4047.6317046550976,-3596.491942087795,-8966.452694824144
2020-11-18,-4455.920178226151,1012.2088504082931,-7298.630328162794,-10742.341655980652
2020-11-19,512.2797907256249,-2024.6184164323495,1909.0247224388506,396.6860967321261
2020-11-20,-129.17988605197493,-3038.4335889570066,-4319.367053932382,-7486.980528941363
2020-11-23,-3976.9255423691507,3038.4335889570066,3037.279859581503,2098.787906169359
2020-11-24,-761.593884891575,2024.6184164323495,9971.708280408919,11234.732811949692
2020-11-25,796.3509935451002,0.0,-1214.9766673255442,-418.625673780444
2020-11-27,-1190.181823155175,-4050.039934180182,1692.2680646475214,-3547.953692687836
2020-11-30,-1788.8055926287248,0.0,-3117.2948963187255,-4906.10048894745
2020-12-01,5899.98696673945,8096.869372970599,7196.905032469431,21193.761372179477
2020-12-02,4816.9802045346,3033.0174872598727,1304.2578035421002,9154.255495336572
2020-12-03,3392.716643198625,-3033.0174872598727,-306.7618542600883,52.9373016786642
2020-12-04,1092.3364908094497,5054.027852148836,5738.148228136808,11884.512571095094
2020-12-07,3460.3450695299002,-3031.8158758006466,-1529.0807598896379,-1100.5515661603843
2020-12-08,1681.740030440975,-2022.2119763481896,1882.0335423637573,1541.5615964565427
2020-12-09,-6963.24920726935,3033.0174872598727,-6275.094439277438,-10205.326159286917
2020-12-10,-662.045904042325,-3033.0174872598727,-244.97392888326885,-3940.0373201854663
2020-12-11,2023.6255083634999,-2023.0136461108923,670.1210820966139,670.7329443492215
2020-12-14,-2872.549483929475,0.0,1628.7746302245978,-1243.7748537048774
2020-12-15,6899.777741806125,2023.0136461108923,-3129.7298310198016,5793.061556897215
2020-12-16,1670.675619022,0.0,-1240.6503925166135,430.0252265053866
2020-12-17,4758.610417090625,2022.2119763481896,-868.4658232874654,5912.356570151349
2020-12-18,-343.47768657002524,1010.8055109116831,-1983.4868173884956,-1316.1589930468378
2020-12-21,-2474.5901907452,0.0,4570.667380652765,2096.0771899075653
2020-12-22,-1563.099707925425,-2021.8113201510278,-2553.1093341365363,-6138.020362212988
2020-12-23,330.08517770440017,3032.416592253023,-2231.082021322095,1131.4197486353278
2020-12-24,2417.7325279617003,-2021.4107830136782,-3071.7983872982586,-2675.4766423502365
2020-12-28,1668.1547409803668,0.0,981.5675809421123,2649.722321922479
2020-12-29,765.348823091725,0.0,641.1993711117816,1406.5481942035067
2020-12-30,3032.624099665725,-1011.0058092393447,-1045.6108400477149,976.0074503786657
2020-12-31,3316.6291118435,0.0,262.39727049690487,3579.026382340405
2021-01-04,3580.5460937788002,0.0,1721.1390068416677,5301.685100620468
2021-01-05,1889.633344172561,3032.416592253023,-2144.6816392301853,2777.3682971953986
2021-01-06,-3078.394349935425,8077.640714069712,-127.27403843231855,4871.972325701969
2021-01-07,3047.17924218155,4034.0255564526888,1226.360595548158,8307.565394182397
2021-01-08,-9414.754256882075,5038.0443763470685,1141.438894648502,-3235.270985886505
2021-01-11,-4411.128428596349,2013.823136178573,-2084.8405420746585,-4482.145834492435
2021-01-12,1099.988300667875,0.0,-1500.1586420423507,-400.1703413744758
2021-01-13,1449.2052669117752,-5036.051774523745,-412.2122940302404,-3999.05880164221
2021-01-14,-2529.70744692195,5036.051774523745,-2075.2002500828867,431.14407751890803
2021-01-15,-4505.78612202925,-4028.4429583965975,-3755.551720400419,-12289.780800826267
2021-01-19,4402.502894819475,-1007.6088161271473,1892.3887349707938,5287.2828136631215
2021-01-20,8850.56811055935,0.0,7191.036852906947,16041.604963466298
2021-01-21,-766.7237619239751,2015.0183425359428,214.00515049631252,1462.2997311082804
2021-01-22,-1439.6034305483997,-2015.0183425359428,-2755.3277343971986,-6209.949507481541
2021-01-25,2274.3597609056,-5041.035497210047,2613.4767459234354,-153.1989903810113
2021-01-26,-1570.2384772627752,0.0,-1197.1436513247795,-2767.3821285875547
2021-01-27,-7136.497666708125,-1008.8057972445386,26369.5529698976,18224.249505944936
2021-01-28,527.9479084677996,3025.8185162232257,-14549.404390349935,-10995.637965658909
2021-01-29,-5290.200931091225,4031.631594358507,5834.166210171417,4575.596873438699
2021-02-01,6853.166112282451,-2015.4169811149477,-7621.31895340076,-2783.5698222332567
2021-02-02,-1322.9221476678251,3022.826507523743,-9654.718715579122,-7954.814355723203
2021-02-03,-1409.210464588525,3021.033431987802,-5538.614689783173,-3926.791722383896
2021-02-04,-2631.4816630531245,0.0,-2077.246877316327,-4708.728540369451
2021-02-05,1332.5480819625998,4025.2581037995988,-1798.9255747143034,3558.8806110478954
2021-02-08,6118.09587452275,0.0,1102.9580654370648,7221.053939959815
2021-02-09,939.132751991425,-1006.0161524000287,-381.43974426162686,-448.3231446702305
2021-02-10,2812.929230936425,-3019.24195139957,-424.7654418531397,-631.0781623162848
2021-02-11,-1942.43143106585,1006.6129584902083,-1619.0457841824468,-2554.8642567580882
2021-02-12,-142.62262913129982,4024.4624802879407,-1324.6252041482194,2557.2146470084217
2021-02-16,-5433.33976399085,10047.251345161145,831.7761181969274,5445.687699367222
2021-02-17,-3445.9340328969997,-1003.8323981936264,-818.3295316721058,-5268.095962762732
2021-02-18,-2023.8023745612304,0.0,-858.3653150289479,-2882.1676895901783
2021-02-19,496.0484021178751,5017.1808731504425,-2008.3898893497292,3504.839385918589
2021-02-22,2087.619610541725,3007.9328241574694,-819.7943286152451,4275.758106083949
2021-02-23,753.325420648775,0.0,-1458.3755539334788,-705.0501332847039
2021-02-24,1917.2728920461498,1002.2486762678891,-620.3097684791317,2299.2117998349067
2021-02-25,-13806.352908261226,16009.131111014693,3228.981002966606,5431.759205720073
2021-02-26,-5402.13648181455,-9999.788742327219,-2507.648398786273,-17909.57362292804
2021-03-01,3812.618272455251,1000.8659920117352,-4266.700833063311,546.7834314036754
2021-03-02,-943.0053235755751,-3003.1900876455475,-2488.913541422249,-6435.108952643372
2021-03-03,-6734.539559785676,5004.330251825508,-250.4093255472526,-1980.6186335074208
2021-03-04,-7546.012772637249,6997.782586135523,1227.87624810789,679.6460616061638
2021-03-05,2638.823528009449,1997.5946632958949,-7440.232605805449,-2803.814414500105
2021-03-08,-5719.639046689,2994.9172474318475,-2120.131129043898,-4844.85292830105
2021-03-09,8433.455855007225,-3993.616223852645,-3067.1628559747714,1372.6767751798088
2021-03-10,4318.61197819035,-1997.9881423283368,-3427.6530597738315,-1107.0292239118185
2021-03-11,2809.183737297375,999.0924554532394,-959.8257804190098,2848.4504123316046
2021-03-12,-270.12876475247504,9980.11186562039,-2842.488800530191,6867.494300337725
2021-03-15,2136.300786030925,-1994.4510112872813,-792.4453077968678,-650.5955330532242
2021-03-16,-635.6254395131001,0.0,-1401.4798543193479,-2037.1052938324478
2021-03-17,1707.5687538120749,997.3236287869804,-887.1921939302752,1817.70018866878
2021-03-18,-4986.481121103275,7971.52902623816,788.1642808401352,3773.212185975021
2021-03-19,-924.6562613432502,2986.091366239634,-2082.587069099759,-21.151964203374973
2021-03-22,1699.6338834327998,-4977.797765434705,-3253.6959123835913,-6531.859794385497
2021-03-23,-1527.8552751275247,-5979.82262704309,545.682981553739,-6961.994920616875
2021-03-24,-2033.9456473639252,-997.3236287869804,325.16469791221425,-2706.1045782386914
2021-03-25,-410.0530368081499,997.3236287869804,-2713.619307937904,-2126.3487159590736
2021-03-26,3098.8241062370744,3987.332631349869,687.4055281871847,7773.562265774128
2021-03-29,-3736.484625168375,5975.119659747696,1656.0688727886372,3894.703907367958
2021-03-30,-5555.660673002475,0.0,-3089.2567261967943,-8644.917399199268
2021-03-31,3412.0088316827246,995.1681013802299,-67.12388177408002,4340.0530512888745
2021-04-01,7039.150976491825,-4977.797765434705,874.4169072103034,2935.7701182674227
2021-04-05,2513.181151216775,3982.629664054475,7286.194133205797,13782.004948477046
2021-04-06,4141.0662138314,-5975.119659747696,-787.3622581231672,-2621.4157040394625
2021-04-07,596.3457579625749,996.3429763082386,-388.15106525207455,1204.537669018739
2021-04-08,4702.996425012178,-3986.548225157807,2536.112603751093,3252.5608036054646
2021-04-09,143.4553836593749,2990.2052488495683,4654.788084118735,7788.448716627679
2021-04-12,-1902.019294972375,1992.4899956932204,2.409118832616741,92.87981955346208
2021-04-13,3835.61594415345,-4982.695244542789,1913.2924785774107,766.2131781880721
2021-04-14,-1424.4450052126251,0.0,-2784.409728016655,-4208.85473322928
2021-04-15,8944.612144250601,-7982.517202324496,7962.874037736242,8924.968979662346
2021-04-16,1365.1009432368003,2994.9172474318475,2439.95894655594,6799.977137224588
2021-04-19,-2234.1494666787253,1995.6290105906373,-3973.563358686633,-4212.083814774721
2021-04-20,1372.851279399775,-2993.7382041628007,-5822.497690302306,-7443.384615065332
2021-04-21,4683.0486612132745,-998.3057297921914,7140.154612101221,10824.897543522304
2021-04-22,-3612.293407968475,0.0,772.2131953839266,-2840.0802125845485
2021-04-23,931.072189362125,998.3057297921914,-2076.6380417708206,-147.2601226165043
2021-04-26,2477.168124239525,0.0,390.5679692684316,2867.7360935079564
2021-04-27,-1838.679997443025,4988.581765964511,-854.6510582044107,2295.250710317075
2021-04-28,1170.646074549275,0.0,-1252.4025383838193,-81.75646383454432
2021-04-29,1055.386201315375,1994.058576632291,1477.587403907961,4527.032181855627
2021-04-30,-2454.37113774085,0.0,-458.63030262901816,-2913.001440369868
2021-05-03,2131.6053323526253,-1994.058576632291,-821.3513932023488,-683.8046374820146
2021-05-04,-2362.3692086025753,-1994.8435618017102,140.17071243989676,-4217.042057964389
2021-05-05,457.814404662775,-1995.6290105906373,-1342.0174335391266,-2879.832039466989
2021-05-06,6086.026190329374,-998.1091935721633,-449.1784614558014,4638.738535301409
2021-05-07,5397.3522763042,1996.021908956609,-1093.8506797962475,6299.523505464562
2021-05-10,-119.31512796912514,2992.559857007902,805.6721714695243,3678.9169005083013
2021-05-11,-3233.6078968853503,997.1273825003009,1050.6656320716274,-1185.814882313422
2021-05-12,-8999.29709279755,4982.695244542789,7866.445116584429,3849.8432683296687
2021-05-13,3483.2560272711253,-2989.0289867518295,-8538.688754994893,-8044.461714475598
2021-05-14,6601.328165285375,-2990.79364029126,-6010.112032075654,-2399.577507081539
2021-05-17,3523.177384373175,997.1273825003009,-206.63318049236068,4313.671586381115
2021-05-18,-1543.4595580479497,0.0,245.30595648207054,-1298.1536015658792
2021-05-19,145.07317873799988,3986.548225157807,-180.2513485314421,3951.370055364365
2021-05-20,3797.6217559247,-4983.675607658108,-2397.347857359591,-3583.4017090929988
2021-05-21,1072.9998903823998,0.0,-2005.6410072838844,-932.6411169014846
2021-05-24,2352.7604911244,-1994.8435618017102,-658.4526746689221,-300.5357453462325
2021-05-25,3262.9299224263,-4990.546258022485,-1523.6163328774808,-3251.2326684736654
2021-05-26,480.63236236342505,1996.8080538596842,-1794.7736316470184,682.666784576091
2021-05-27,-1362.7539823366,2993.7382041628007,-1410.8547222989785,220.12949952722215
2021-05-28,1377.9140764345593,-2993.7382041628007,-320.44056248940933,-1936.2646902176507
2021-06-01,-63.69964021894997,3991.2581371775304,-1186.661238186531,2740.89725877205
2021-06-02,1587.904977525275,-2993.148943605367,-565.3134518776994,-1970.5574179577916
2021-06-03,-6668.765271343725,3990.4725723923475,-3588.8157322774746,-6267.108431228851
2021-06-04,4754.863645015575,-6985.389819824195,-3816.853973051707,-6047.380147860327
2021-06-07,1289.521979959525,998.5023240674927,-678.6354676890483,1609.3888363379697
2021-06-08,515.1656583776249,-3995.189442816627,757.092820413277,-2722.930964025725
2021-06-09,-498.1408469813249,-2998.45855941053,941.9957916069279,-2554.6036147849272
2021-06-10,3305.3030496646998,-5001.371735451714,-3920.2990431381863,-5616.367728925201
2021-06-11,-2977.4840601532246,2001.1401641799603,-1323.927599031947,-2300.2714950052114
2021-06-14,-2974.1202181586996,3999.9146814315172,1089.647178389555,2115.4416416623726
2021-06-15,-1113.3825420343,0.0,240.75422401199376,-872.6283180223063
2021-06-16,-7278.038189760575,5993.9648920673935,864.3609242614616,-419.7123734317197
2021-06-17,-9720.5873381651,-4994.478724994726,-1517.6594126213558,-16232.725475781182
2021-06-18,-5094.325854320375,-7000.541012684145,4812.414781371103,-7282.452085633416
2021-06-21,4959.57844135605,5001.371735451714,-6115.197052007659,3845.753124800105
2021-06-22,1555.628748470025,-1999.9572824657953,-2408.2389990702495,-2852.5675330660197
2021-06-23,-458.98181331307495,1999.9572824657953,-1489.9280702561555,51.0473988965648
2021-06-24,1205.9127294841,-999.8801114623493,-415.69370735902567,-209.66108933727492
2021-06-25,1131.938488936225,4997.431126326119,-471.99570350397835,5657.373911758365
2021-06-28,1518.230404876661,-4997.431126326119,-32.608026870292406,-3511.8087483197505
2021-06-29,-2653.131314065525,0.0,-320.3048573689955,-2973.4361714345205
2021-06-30,1244.6559669861251,-4001.4916239893646,-810.7699988766512,-3567.6056558798905
2021-07-01,1109.0807080804498,3001.4144529859186,933.5297304640449,5044.024891530413
2021-07-02,4224.4188687129745,-4002.280444997654,2789.5627911461534,3011.701214861474
2021-07-06,2255.619063331325,-7011.591044955363,-708.4361764818539,-5464.408158105892
2021-07-07,1732.2855906132,-4010.972892530932,1083.2627493903856,-1195.4245525273463
2021-07-08,-2225.4572023173746,-3010.3084065833536,-3313.9141908195456,-8549.679799720274
2021-07-09,3374.303904924075,7021.2812991142855,3499.3013198645854,13894.886523902947
2021-07-12,980.6090936099749,1002.2486762678891,1975.2624720605495,3958.1202419384135
2021-07-13,-1466.5318663173,4007.0182730536617,-2855.8265602068504,-315.340153470489
2021-07-14,2222.5900529202245,-5009.266949321551,484.91641842306166,-2301.7604779782646
2021-07-15,1465.4968022703,-6017.64707136745,-3040.258841549825,-7592.409110646975
2021-07-16,-4904.33189595385,0.0,-6564.964795961998,-11469.296691915848
2021-07-19,-1249.7421713469253,-12056.70290788653,5861.211349260316,-7445.23372997314
2021-07-20,2487.5635055592497,4022.077024590777,-4722.780834595198,1786.8596955548292
2021-07-21,-569.1660233048,7030.991655548918,-2254.934509774017,4206.891122470101
2021-07-22,1769.7458471593,-3012.0919407434994,-400.5624233748506,-1642.90851695905
2021-07-23,966.3559558922752,3012.0919407434994,2544.403198749961,6522.851095385736
2021-07-26,-137.0461060858765,-1003.8323981936264,1105.9587769878476,-34.91972729165536
2021-07-27,1066.86578155535,-4017.3124715856975,159.33348845121031,-2791.1132015791372
2021-07-28,1693.1694803116,1004.6256672104355,-2561.210730188208,136.58441733382733
2021-07-29,3512.43324396035,2008.6561770350672,271.31773697948347,5792.4071579749
2021-07-30,-1503.9841169669498,-4018.1059756335453,-2100.5473554798186,-7622.637448080313
2021-08-02,-286.384534375925,-4021.2823439937783,210.76418258311946,-4096.9026957865835
2021-08-03,2072.4131926962,-1005.8173349785502,886.6991484562448,1953.2950061738945
2021-08-04,-1347.04556421855,0.0,-3177.6336037616775,-4524.679167980227
2021-08-05,-998.92071131735,4022.077024590777,1674.5270152522664,4697.6833285256935
2021-08-06,-7419.599179141849,8034.625883295754,-795.9431367565912,-180.91643260268665
2021-08-09,-7039.719044948574,2006.674178836518,-558.7405282859663,-5591.785394398023
2021-08-10,-318.0914445364,3008.5264560664655,192.45211869213108,2882.8871302221964
2021-08-11,3999.187863668025,-1002.6442551988584,535.2436546671555,3531.787263136322
2021-08-12,947.6030190633251,1002.6442551988584,1208.0192894009585,3158.266563663142
2021-08-13,5323.300884501749,-7022.667260843446,811.9139795754506,-887.4523967662456
2021-08-16,3626.981604245875,-3012.686804375262,1587.0091193012286,2201.3039191718417
2021-08-17,-2458.2433813418747,0.0,-4520.00779275388,-6978.251174095754
2021-08-18,-4179.0952992609755,1004.427261825389,-5241.676535895024,-8416.34457333061
2021-08-19,68.23441077702499,-3013.877060423867,-213.64734054614587,-3159.2899901929877
2021-08-20,1311.4505423079747,2009.449798598478,2755.242108463612,6076.142449370065
2021-08-23,5727.481883517125,-1004.6256672104355,6067.504366397927,10790.360582704616
2021-08-24,598.8375639572499,4017.3124715856975,1034.211338998844,5650.3613745417915
2021-08-25,-2017.2360326806,6020.023005644587,1535.2253901561853,5538.012363120172
2021-08-26,-743.80466630265,-1002.8421324941446,-5121.5576885246965,-6868.204487321491
2021-08-27,6384.6161201471,-3009.7142472099804,7306.41139144776,10681.31326438488
2021-08-30,1254.47436067035,-2007.466625940462,-810.7762763180517,-1563.7685415881638
2021-08-31,-382.6528813184749,1003.8323981936264,-97.71817433801289,523.4613425371386
2021-09-01,537.5109947090577,1003.6342277468357,-1449.303272615623,91.84194984027044
2021-09-02,1050.2245336153,-2007.466625940462,286.86916204247837,-670.3729302826837
2021-09-03,2751.1583557310496,4014.14080477698,-712.7057570610873,6052.593403446943
2021-09-07,-7053.622025341774,5013.221568798821,2667.136069993603,626.7356134506499
2021-09-08,-910.1410495023752,-3007.339367931214,-1212.976565180611,-5130.4569826142
2021-09-09,219.05049801850006,-5016.190607450961,865.8082053993894,-3931.3319040330716
2021-09-10,-3893.1326187376003,5016.190607450961,3853.3291712083724,4976.387159921733
2021-09-13,1478.947470896,-2005.882200867607,-4156.387150228511,-4683.321880200118
2021-09-14,1190.4739088065498,-5018.171432117175,-59.916437007757395,-3887.6139603183824
2021-09-15,35.17754809915,3011.497253280657,-4094.1162281696393,-1047.4414267898323
2021-09-16,-6594.958482424875,3009.7142472099804,160.00598062419158,-3425.238254590703
2021-09-17,-4685.642656753201,3007.9328241574694,4093.8059325848712,2416.09609998914
2021-09-20,-1959.905628535325,-6017.64707136745,10906.56797313514,2929.015273232364
2021-09-21,1281.7909822609238,2006.674178836518,-2623.5676043906724,664.8975567067691
2021-09-22,1571.1984429226502,-1003.2380628598912,-8985.276601827423,-8417.316221764664
2021-09-23,-2909.2415135283504,9022.019684314582,-7346.020241312488,-1233.2420705262557
2021-09-24,456.72683611352494,6005.788472223299,-2560.216966074506,3902.298342262318
2021-09-27,-1233.493505857175,1000.2742888059583,998.0367463975881,764.8175293463714
2021-09-28,-9046.136429910675,5997.508297329565,11404.024632396442,8355.396499815331
2021-09-29,-671.0288509793501,998.8956868750975,-2440.8399323985177,-2112.97309650277
2021-09-30,-135.6274980054751,-2997.2774245064356,6172.475269957602,3039.5703474456914
2021-10-01,3949.431737829426,-3999.1265596982266,-8955.391893989301,-9005.086715858102
2021-10-04,-1673.9752462945753,1000.077171003446,8244.944433599216,7571.046358308086
2021-10-05,881.1943793060001,4997.431126326119,-8155.010703431387,-2276.385197799268
2021-10-06,1287.7561021989998,-999.0924554532394,-3583.66040892372,-3294.9967621779597
2021-10-07,-1049.835587753125,4993.495172608818,-6998.523350547458,-3054.8637656917645
2021-10-08,-799.9718235422251,2993.7382041628007,364.3894449638623,2558.155825584438
2021-10-11,-2765.467535793925,0.0,5649.448840380273,2883.9813045863484
2021-10-12,1380.3629111151997,-1995.6290105906373,-1301.8690502509571,-1917.1351497263947
2021-10-13,5359.1866437964745,-2994.9172474318475,-3048.6949016917038,-684.4255053270767
2021-10-14,6784.81703708,-3995.976400927233,-883.124422109745,1905.7162140430219
2021-10-15,-3522.8254044969003,6990.8936483590805,1041.593865463284,4509.662109325464
2021-10-18,-112.08323571142509,0.0,662.4944905857149,550.4112548742897
2021-10-19,2188.723102249325,5984.531149024639,2240.5248013548944,10413.779052628859
2021-10-20,3441.1263789757,0.0,1391.367770686628,4832.494149662328
2021-10-21,262.37868985292505,2989.6170310258167,518.906595640459,3770.902316519201
2021-10-22,1265.1213312030998,-1992.8819673668477,-667.081207791,-1394.841843954748
2021-10-25,3683.5879542929256,-1993.6662577909592,2768.274421943204,4458.19611844517
2021-10-26,-1935.730306221,-997.1273825003009,807.4329196889494,-2125.424769032352
2021-10-27,651.7550146005251,-8982.98448312009,-2411.0068775081854,-10742.23634602775
2021-10-28,1728.0618860673248,2996.0969873633876,5470.309736720694,10194.468610151405
2021-10-29,272.57051950437506,-1997.2013004882901,839.3005499753627,-885.3302310085522
2021-11-01,-1018.8638743055004,2995.5070302804816,947.4580127038763,2924.1011686788574
2021-11-02,2007.5448331426746,-1996.8080538596842,2563.4126136818904,2574.149392964881
2021-11-03,-1785.4803147663501,3992.829962816293,4391.191502256717,6598.541150306661
2021-11-04,6127.990943572475,-6989.517081565427,3782.8460645200294,2921.319926527077
2021-11-05,4171.94041011425,-7999.830294862244,2861.8791081901095,-966.0107765578846
2021-11-08,318.97780377160007,6001.0548456114775,577.3312455067838,6897.3638948898615
2021-11-09,2038.0354118407747,-5000.3861463243375,-3027.5198153393885,-5989.870549822951
2021-11-10,-1379.95949586575,9995.848714324238,-6953.655282510468,1662.2339359480193
2021-11-11,-1704.415954854775,0.0,-203.56309298325925,-1907.9790478380341
2021-11-12,2111.4789638052,1996.8080538596842,6184.177922868472,10292.464940533355
2021-11-15,-1485.373526314025,4988.581765964511,121.40356598516178,3624.611805635647
2021-11-16,-2694.55288018795,0.0,3302.609699058934,608.056818870984
2021-11-17,1564.5662908111499,-2992.559857007902,-2306.0661953377066,-3734.0597615344586
2021-11-18,197.047938311125,-997.9127153844456,2826.4689805351823,2025.6042034618617
2021-11-19,-649.9109912029752,-4992.511910727742,-1741.1121345937345,-7383.535036524452
2021-11-22,-10255.15634578545,8982.98448312009,-2643.4586469419655,-3915.6305096073256
2021-11-23,-3619.713108596575,3987.332631349869,-157.9314459409602,209.6880768123342
2021-11-24,1258.61440475055,-2990.2052488495683,-2414.1390143273043,-4145.729858426323
2021-11-26,-2688.8554845380245,-15977.620162949956,22290.20337493904,3623.7277274510598
2021-11-29,3995.5311059225755,3999.1265596982266,-14423.48513082419,-6428.827465203389
2021-11-30,-5098.736534609778,-9002.470347785566,9817.185285963262,-4284.021596432081
2021-12-01,-512.30794906845,0.0,8978.206451016775,8465.898501948324
2021-12-02,1634.407530686775,1001.0633430896851,-10153.410186139467,-7517.939312363006
2021-12-03,1080.538050706225,-9016.681736618688,5572.411397481972,-2363.7322884304904
2021-12-06,1047.1733559733748,8015.618393529003,-9878.499632836281,-815.7078833339037
2021-12-07,4651.379714986874,5003.343788087339,-12397.778792296947,-2743.055289222735
2021-12-08,-232.99700757277495,3999.1265596982266,-4754.63373837124,-988.5041862457883
2021-12-09,-1069.25036834885,-2999.0493886947806,1814.6870095156942,-2253.612747527937
2021-12-10,2413.9597035163747,-1000.077171003446,-5770.650062061748,-4356.767529548819
2021-12-13,4.065825203274781,-6004.604540631466,1238.003583131956,-4762.535132296236
2021-12-14,-5088.7288319134,2002.3240956338122,1881.3337262708387,-1205.0710100087495
2021-12-15,4043.4840338016747,3002.0061561916955,-5222.9922114433975,1822.4979785499727
2021-12-16,2172.5638238461997,-3002.0061561916955,367.83205325536983,-461.6102790901259
2021-12-17,-1691.12628408245,-3003.782316031604,1161.6554256587506,-3533.2531744553035
2021-12-20,-5954.728563344475,2002.7189729419188,2989.625312558701,-962.3842778438557
2021-12-21,4056.303784912225,5003.343788087339,-7192.090643779579,1867.5569292199843
2021-12-22,5287.301526699875,-2000.7457536987786,-4649.364673372758,-1362.8089003716623
2021-12-23,2506.9277903500256,4000.703036164574,-1215.361134088539,5292.269692426061
2021-12-27,4123.058943377625,-1999.9572824657953,3652.165805684859,5775.267466596689
2021-12-28,-1200.132938953175,1000.077171003446,-1704.7968454344584,-1904.8526133841874
2021-12-29,-1373.4969459160498,5996.326813201216,-902.2236724812842,3720.6061948038828
2021-12-30,2922.9377135222753,-2997.2774245064356,-2526.877160045842,-2601.2168710300025
2021-12-31,14.601117141149798,0.0,-2832.509122578159,-2817.9080054370093
2022-01-03,-3702.6335003343747,10981.366220751428,2207.2430113497885,9485.97573176684
2022-01-04,49.12055148325006,2990.79364029126,-1166.4386433830387,1873.4755483914714
2022-01-05,-7068.471426271924,4980.7353859469,-12545.836559686755,-14633.57260001178
2022-01-06,-3272.0772600331497,1990.9232648594043,-1169.7832957364653,-2450.937290910211
2022-01-07,-1041.6602924135502,2984.917530496008,-3072.496774318438,-1129.23953623598
2022-01-10,1641.036591260075,1988.9674485973665,678.4239515082504,4308.427991365692
2022-01-11,5344.219295495524,-2983.744386770515,-2394.466980143079,-33.99207141806983
2022-01-12,2173.3317651716748,-994.9724909426295,-2163.134629934632,-984.7753557055867
2022-01-13,-1876.2146658095248,-3981.846645168567,4065.8761084926596,-1792.185202485432
2022-01-14,-2007.09089864785,7960.563522881712,-3313.702080847463,2639.770543386399
2022-01-18,-6777.554234262878,8940.688858954542,8334.24570329754,10497.380327989204
2022-01-19,153.45991180637463,-3971.6883785149257,3419.96280118434,-398.2656655242108
2022-01-20,-2569.5935209273503,0.0,5535.559172613233,2965.965651685883
2022-01-21,-4983.945016226274,-7952.744867210131,11935.23400100409,-1001.455882432314
2022-01-24,2819.2727534105998,0.0,-1275.5049378669412,1543.7678155436586
2022-01-25,-2988.1422078578253,2983.744386770515,6149.917002045754,6145.519180958444
2022-01-26,-6917.41344710315,6955.2346243734355,1199.968679558765,1237.7898568290502
2022-01-27,-4787.46093621525,-3973.24865684667,34.58046576362506,-8726.129127298294
2022-01-28,3809.089170168526,-2981.9859675267653,-16588.50731587968,-15761.40411323792
2022-01-31,6059.3156628543,994.1906256472284,-12263.153397131418,-5209.64710862989
2022-02-01,3279.7626449192003,1987.7953418795369,-7401.660144274984,-2134.102157476247
2022-02-02,4817.613336587425,-2981.9859675267653,-4058.5074450496563,-2222.880075988997
2022-02-03,-6794.887784153525,3975.5907988463296,11039.195064416162,8219.898079108967
2022-02-04,2618.8371085081994,10916.785898588176,-4452.851579204889,9082.771427891486
2022-02-07,1531.0544857450752,-991.4613424024428,486.78659635430677,1026.3797396969392
2022-02-08,1735.0607816868,3964.678486900084,-6597.508198360515,-897.7689297736315
2022-02-09,4344.462354436825,-1981.9503207026428,-9335.478038538242,-6972.96600480406
2022-02-10,-7785.085565972398,8912.657513915401,11080.716328194057,12208.28827613706
2022-02-11,2186.3044498514746,-10895.385680112842,13977.672242338158,5268.591012076791
2022-02-14,-2330.3901433165497,5945.851419753861,2097.230013369661,5712.691289806971
2022-02-15,-430.40179304104987,6927.98993452423,-13212.947364102562,-6715.359222619381
2022-02-16,4473.281373878524,-1978.4556741652486,-1471.9024423278313,1022.9232573854445
2022-02-17,-263.9704547940753,-5940.023581893605,17957.9033913127,11753.909354625019
2022-02-18,-1190.132741091125,-4955.362098219237,-2464.313894906695,-8609.808734217058
2022-02-22,-2365.177918353052,1982.7281661974412,920.4108787749306,537.9611266193197
2022-02-23,-4227.288239058749,4953.418342456178,4652.563170721976,5378.693274119405
2022-02-24,2185.5272066441744,-2971.468021753535,-3609.9692867935005,-4395.910101902861
2022-02-25,1998.305716818575,990.683611319153,-5819.832504772762,-2830.843176635034
2022-02-28,4547.524570455725,-13887.276972811684,3805.483418972301,-5534.268983383659
2022-03-01,3864.6556696714506,-10938.24922904167,4332.357474566038,-2741.2360848041817
2022-03-02,-3704.32484894805,13917.307950222588,-5387.171368885106,4825.811732389432
2022-03-03,852.1310746133249,0.0,-2351.935549988468,-1499.8044753751433
2022-03-04,3353.631226884975,-11926.776079333678,1017.5478641921245,-7555.596988256578
2022-03-07,-9238.961564903724,3978.7168777131446,8678.885230370213,3418.640543179634
2022-03-08,3005.9051667039,7948.059201620534,-2286.876855410526,8667.087512913908
2022-03-09,-1717.4637972413504,7935.58431960897,-9763.03506002364,-3544.91453765602
2022-03-10,2493.3309930859755,3963.1232535564195,-4797.518467699547,1658.9357789428486
2022-03-11,-6385.763292709875,1980.396002291891,1515.3750382245335,-2889.9922521934504
2022-03-14,-10682.251475368676,13841.056297200703,1860.8252733710344,5019.6300952030615
2022-03-15,857.2155891543752,987.1951208407991,-8639.396949485814,-6794.9862394906395
2022-03-16,7296.458822520375,3946.8484056241286,-6843.035885680876,4400.271342463628
2022-03-17,5040.97484380675,986.2293655443063,-1037.7407397151046,4989.463469635952
2022-03-18,3003.8224261412997,-5920.272892009234,-427.6907929275353,-3344.1412587954696
2022-03-21,-2719.4314464983,17739.988943413104,-1850.2958808267067,13170.261616088097
2022-03-22,-872.305742836775,5899.467574006056,3680.4425938330496,8707.60442500233
2022-03-23,2110.729244625825,-5899.467574006056,-7026.032454671025,-10814.770784051256
2022-03-24,3621.825109109675,1967.2578015332547,5139.24811052452,10728.33102116745
2022-03-25,-2312.648143782325,13749.304525470128,2039.8201933027167,13476.47657499052
2022-03-28,-2885.5882163717506,-1961.8859277998417,4588.175937050778,-259.29820712081437
2022-03-29,4700.488348119175,-4908.067324502721,10050.235731591378,9842.65675520783
2022-03-30,3645.0960335123495,-5896.010685708425,-5565.7861642343605,-7816.700816430435
2022-03-31,-1735.2090426235252,-2950.5983889923955,-13452.759219857988,-18138.56665147391
2022-04-01,-4534.344962466475,6882.039964168362,2160.0168757215597,4507.711877423446
2022-04-04,2610.358902248075,2946.5659433161854,-2915.333472326097,2641.591373238164
2022-04-05,-9367.503904507374,11769.022310752698,4731.5211293711745,7133.039535616499
2022-04-06,-4393.566683618575,6852.550803585596,2470.644625686873,4929.628745653895
2022-04-07,1392.74145460845,4888.957720350627,-2622.461929601343,3659.237245357734
2022-04-08,-1143.7901519254497,5860.4667252941035,-1387.2289146578396,3329.447658710814
2022-04-11,-3814.1681871404253,6828.564059621287,9012.689460321724,12027.085332802586
2022-04-12,2026.430984152625,-6828.564059621287,-80.79288833647524,-4882.925963805137
2022-04-13,3399.0217958278254,-1952.7280558866987,-8405.377479727122,-6959.083739785995
2022-04-14,-4600.1743074501,12679.154608134104,4339.173610492594,12418.153911176598
2022-04-18,17.129699303099862,1947.7942907974502,-1811.5057435117308,153.41824658881933
2022-04-19,-2232.0698021367,7783.607769268572,-6862.161541059691,-1310.62357392782
2022-04-20,3273.6087856750746,-7783.607769268572,-2542.85633696162,-7052.855320555118
2022-04-21,-4761.630643736775,4866.17315166914,7685.437943297671,7789.980451230036
2022-04-22,-9615.179869084226,0.0,18669.685141250513,9054.505272166287
2022-04-25,-2044.9499115986503,-8762.519556157098,-5055.282637929309,-15862.752105685058
2022-04-26,-7552.899767736875,-3899.3794658128463,21224.50156958058,9772.22233603086
2022-04-27,-4243.816938235325,4873.750278158652,-3988.7894336140307,-3358.8560936907043
2022-04-28,5131.796176584649,2921.975592142153,-16067.184651283114,-8013.412882556312
2022-04-29,-11984.517917693349,3893.316880604598,23714.93937973841,15623.73834264966
2022-05-02,-4292.72433342785,9720.06119939271,-5048.864125131118,378.47274083374214
2022-05-03,1459.69340732435,-1942.501887550794,-4965.548801229474,-5448.3572814559175
2022-05-04,12017.90521165335,-3887.2684231779426,-22375.20257256712,-14244.565784091712
2022-05-05,-10301.20514232145,11652.751951517726,26586.692857968417,27938.239667164693
2022-05-06,-4468.173796910601,6784.914265409311,3968.1504626739184,6284.890931172629
2022-05-09,-10112.7790362376,-6784.914265409311,24646.997961073852,7749.30465942694
2022-05-10,86.38498441224996,-5822.98164078899,-1680.1381963612698,-7416.734852738011
2022-05-11,-1211.3054505454504,-7774.5377266000805,12129.162886345739,3143.3197092002083
2022-05-12,-3785.479375591925,-6812.642798567924,945.5628816275663,-9652.559292532284
2022-05-13,-621.9562548294252,8757.410214439267,-17580.820830540746,-9445.366870930904
2022-05-16,2908.8175413201498,-4863.336284198076,3256.4382972115454,1301.919554333619
2022-05-17,2535.4743518183245,9721.949965673031,-3775.5383791011923,8481.885938390164
2022-05-18,-5780.886033598448,-8748.90457013893,11327.997865582574,-3201.7927381548034
2022-05-19,1221.4079859922501,-4867.119325775293,-2792.363196482313,-6438.074536265356
2022-05-20,3965.3582006060496,-5846.794015516818,-860.7745820528123,-2742.210396963581
2022-05-23,4056.058114526525,7794.209560642317,-5918.454407633448,5931.813267535394
2022-05-24,4744.70170999505,-9744.658167609192,1903.0200596506575,-3096.9363979634845
2022-05-25,2462.46621759405,-975.5090405063456,-4277.271691522515,-2790.3145144348105
2022-05-26,3198.7437556059,0.0,-3909.648841594162,-710.9050859882623
2022-05-27,7634.48591647585,-975.698939093174,-1968.75496448979,4690.032012892886
2022-05-31,-5537.44104083995,10722.253047253907,-1229.5706421456316,3955.241364268326
2022-06-01,-2771.3517396545753,8755.708093570638,-2928.6250197478125,3055.7313341682498
2022-06-02,6271.00227964425,-1944.3895526703309,420.85541340031796,4747.468140374237
2022-06-03,-4911.47120323225,3888.0237092440866,-3971.246275352314,-4994.693769340478
2022-06-06,-2809.75522578975,7766.991462643622,-350.62813039149887,4606.608106462374
2022-06-07,4207.268711899275,-5824.112262044488,-1035.9953323786044,-2652.8388825238167
2022-06-08,-3727.190390924725,4853.897954326091,-3226.035548349614,-2099.327984948248
2022-06-09,-6591.323865326475,970.2143077183969,1891.707189799945,-3729.402367808134
2022-06-10,-8801.9079378148,10659.941651638004,8203.321192802121,10061.354906625325
2022-06-13,-23912.0554243569,27032.082179404493,21800.190522746718,24920.217277794312
2022-06-14,-6557.5874314196,5773.558404826312,-15.344327801827262,-799.3733543951154
2022-06-15,10856.045163644774,-15411.055732409139,-10223.029291906414,-14778.039860670779
2022-06-16,-3617.817683234951,-4825.74723369435,20847.88645229233,12404.321535363028
2022-06-17,707.0649206717752,-2897.691786872372,-2046.4181225144102,-4237.044988715007
2022-06-21,4677.464430882024,5793.70066301776,-16474.76015712338,-6003.5950632235945
2022-06-22,3962.4780773580246,-14496.888170235192,506.5654110600448,-10027.844681817123
2022-06-23,3055.847447296025,-6779.651836950954,-6742.96597306833,-10466.770362723259
2022-06-24,5643.044471067975,3875.2137163904754,-20660.448433145924,-11142.190245687474
2022-06-27,-1557.6848507059249,6774.395528485529,1222.4412989409857,6439.15197672059
2022-06-28,-4901.647770461675,0.0,14051.252120222145,9149.60434976047
2022-06-29,248.70396128359988,-9680.523913713645,686.128679984158,-8745.691272445887
2022-06-30,-3484.7198913572247,-11641.44573193141,-549.5788880833743,-15675.74451137201
2022-07-01,5831.02765627875,-9721.949965673031,-3821.1307281499103,-7712.053037544191
2022-07-05,-3987.5659024597244,-5842.247077212649,926.1619004266777,-8903.651079245696
2022-07-06,-9522.891973448424,10705.583361410725,-1923.7693727785086,-741.0779848162078
2022-07-07,574.6020191897501,7771.517901847058,1133.607244464315,9479.727165501125
2022-07-08,-2027.638790653675,7759.456180396947,-3508.772692286243,2223.0446974570295
2022-07-11,-2344.6243810935994,-9701.20377151527,-991.7208986376522,-13037.54905124652
2022-07-12,-5500.470452354874,-2914.035829852915,-446.42303486176615,-8860.929317069555
2022-07-13,589.2757066722002,-4860.501896747165,-2367.288515428015,-6638.514705502981
2022-07-14,-5542.325154759744,4860.501896747165,-1915.5080304464605,-2597.331288459039
2022-07-15,4906.0957490160745,-2915.7344808758216,-1756.450847222908,233.91042091734494
2022-07-18,-812.4268698061501,2915.7344808758216,-929.5910092655788,1173.7166018040928
2022-07-19,7318.575337916825,4855.783420971236,4948.654758932776,17123.013517820837
2022-07-20,1095.5519769779,2911.208041672385,965.756127218782,4972.516145869067
2022-07-21,7677.032963364,-12627.493359390788,3347.7947551035213,-1602.6656409232664
2022-07-22,2078.2033992387246,-13634.566223698033,-5557.570487123215,-17113.933311582525
2022-07-25,-1781.6759155968002,3899.3794658128463,57.428752929382654,2175.1323031454285
2022-07-26,-2570.6302167046247,0.0,-4880.048977015321,-7450.679193719945
2022-07-27,7103.6732857928,-2924.250056199555,10823.98901317785,15003.412242771095
2022-07-28,10565.551324515574,-9759.841198476643,7172.413745934719,7978.123871973651
2022-07-29,3999.54247338085,-977.0297831688476,9980.02254208096,13002.535232292963
2022-08-01,2519.360769645475,-6844.541198347175,-2321.9678845586886,-6647.148313260389
2022-08-02,-5327.0998379476005,14655.454532519445,-5078.7524118781985,4249.602282693646
2022-08-03,2935.7543475655502,-1951.5878322288045,11339.358067439065,12323.524582775812
2022-08-04,5244.363661793524,-4882.295718774618,-721.452062178443,-359.38411915953645
2022-08-05,-4683.523963912275,14632.643368366706,-1492.2289854561227,8456.89041899831
2022-08-08,1402.5833356153998,-5847.931579503354,-1062.5039224947413,-5507.852166382696
2022-08-09,-319.15365974517493,2924.819087161104,-3261.8000573670115,-656.1346299510824
2022-08-10,4969.82579754885,-1949.6896775478126,16278.928026996411,19299.064146997447
2022-08-11,-67.03594865102482,8767.633370600042,-142.22900431369112,8558.368417635327
2022-08-12,7863.163384049574,-2920.8393550832243,-2189.575628401599,2752.748400564751
2022-08-15,-2880.7707818203,-4871.854338252873,578.0038610087104,-7174.621259064463
2022-08-16,-2549.65490325415,2923.6811912814155,-1075.455231087858,-701.4289430605927
2022-08-17,-4880.147036760725,6815.292472746751,-1040.3947037864896,894.7507321995358
2022-08-18,788.6495169745,-973.0453955341018,-1266.8563710106469,-1451.2522495702488
2022-08-19,-9608.089466489351,9721.949965673031,1020.8693828645892,1134.7298820482692
2022-08-22,-9383.922207733702,4853.897954326091,8131.075019218031,3601.0507658104207
2022-08-23,-1874.3163023282498,1940.2403157166805,236.26644248201956,302.19045587045025
2022-08-24,1387.9629961234498,5816.204821887902,-3840.8425589948934,3363.325259016458
2022-08-25,5920.8996369785,-7756.445137604582,-5189.004959478439,-7024.55046010452
2022-08-26,-11904.792634305775,970.2143077183969,13984.035628709877,3049.4573021224987
2022-08-29,-3748.861277039475,7754.940273407595,2645.5095648914835,6651.588561259603
2022-08-30,-3039.554008635975,-968.7094435214094,4209.983125540788,201.71967338340346
2022-08-31,-4610.850666020626,3873.710821751818,2969.1883381947405,2232.0484939259327
2022-09-01,-3070.6200393949252,10637.230174169828,-2510.546294558935,5056.0638402159675
2022-09-02,-1231.0027546282254,-5799.3144422072655,5506.045374270229,-1524.2718225652616
2022-09-06,-4132.84992136455,12556.669119859103,2734.5431870319035,11158.362385526456
2022-09-07,7242.9799871714,-5791.457433476688,-12464.859767237542,-11013.337213542829
2022-09-08,1654.197339828575,1931.2334094979851,-4983.340644766471,-1397.909895439911
2022-09-09,5604.207966050574,3860.2240239787025,-9697.045820505806,-232.61383047652998
2022-09-12,4812.47771204015,3857.2365235247453,-4957.580625980796,3712.1336095840998
2022-09-13,-14360.68831460365,4817.349762809616,26484.240168915363,16940.90161712133
2022-09-14,-3552.87569258515,-963.0972729555069,-3216.49646859386,-7732.469434134517
2022-09-15,-8379.266808438726,3851.271917604885,7748.199741674469,3220.204850840628
2022-09-16,-220.9508208431249,0.0,5470.773294061559,5249.8224732184335
2022-09-19,2263.7156758730002,3848.2948014254,-5595.755340234419,516.2551370639803
2022-09-20,-5690.9986923145,7687.6720518964285,8571.154621120158,10567.827980702088
2022-09-21,-3716.3858923981493,-5764.6399911899425,12925.473372918503,3444.4474893304105
2022-09-22,-9587.555984846425,18231.80892617073,6210.457874554833,14854.710815879136
2022-09-23,-7995.72378169895,-957.9031333011662,12127.514371727371,3173.887456727254
2022-09-26,-13484.724989999499,18168.622868148363,2636.0769016950485,7319.974779843913
2022-09-27,-3553.6652004865,8583.012582974188,-530.8188785010657,4498.528503986623
2022-09-28,14867.622524210725,-23878.480179526043,-3589.63863709954,-12600.496292414859
2022-09-29,-3591.8790816813,3828.2892586973903,18.67752514726817,255.0877021633587
2022-09-30,-1423.8475132974122,6692.408584669072,-1321.9101902983539,3946.6508810733058
2022-10-03,14529.603123998824,-15310.213777128156,-3217.4917191363193,-3998.102372265651
2022-10-04,12704.253285870525,-4794.138126324528,2915.1818216186884,10825.296981164687
2022-10-05,-508.3840886693754,13411.943318783611,-2443.21155229278,10460.347677821455
2022-10-06,-6097.6793682633,6692.408584669072,-446.33937919735445,148.38983720841816
2022-10-07,-14154.601995826775,5729.172185514311,-3011.09147002424,-11436.521280336703
2022-10-10,-8604.096378948201,0.0,489.37599088770867,-8114.720388060492
2022-10-11,-2112.056471638175,3815.7731038323254,783.7355650060545,2487.452197200205
2022-10-12,1068.341768792975,-1907.5193328704627,-1152.8125177015909,-1991.9900817790785
2022-10-13,3924.086628688225,5720.356379683406,-3870.193103521217,5774.249904850414
2022-10-14,-9184.782990149899,2857.7030356390023,-1182.881249388629,-7509.961203899526
2022-10-17,7019.188316385401,1904.2196027390455,-2180.3006902968605,6743.107228827585
2022-10-18,6824.562200963224,-952.0182611521013,-937.2185085489946,4935.325431262128
2022-10-19,-7336.233501322275,12361.976318663277,-2241.787412989652,2783.955404351351
2022-10-20,-6857.801108865126,9488.230982526802,-3281.5656142490184,-651.1357405873418
2022-10-21,11302.263018367024,-2844.5572627972724,2209.5596482499504,10667.265403819703
2022-10-24,3973.0231946623494,3792.379204783225,2723.463163650791,10488.865563096366
2022-10-25,8296.620864203824,-14236.449457149036,4960.177938762798,-979.6506541824147
2022-10-26,2911.5660438583996,-5706.074032709628,-5752.281354914516,-8546.789343765744
2022-10-27,3233.4334954183496,-7618.3443222403,-3793.5345011844533,-8178.445328006404
2022-10-28,-1070.2743604589252,5714.856830075034,12308.483958154724,16953.066427770835
2022-10-31,-5318.319289525401,7609.5615248748945,-5458.772912379181,-3167.5306770296875
2022-11-01,-334.63982886440016,-2852.214578471714,-3615.1204815491055,-6801.974888885219
2022-11-02,-8740.994340655325,2852.214578471714,-16329.486750083148,-22218.26651226676
2022-11-03,-6245.5866692961245,3800.3965326362813,-6982.733408379005,-9427.923545038848
2022-11-04,8941.0780273496,2848.38206091561,6560.222963525369,18349.68305179058
2022-11-07,5055.6098556465995,4743.659371581714,-880.1718819442499,8919.097345284063
2022-11-08,10965.38650168305,-7592.041432497324,1944.3644283455228,5317.709497531248
2022-11-09,-4061.969641278151,-1899.833264730245,-419.5744253569842,-6381.37733136538
2022-11-10,24894.72852859515,-28585.335608121706,2206.6686840479406,-1483.9383954786144
2022-11-11,7805.598418802575,0.0,1376.2701124825583,9181.868531285134
2022-11-14,1132.1755331895502,5730.275593988539,-2248.859565030102,4613.591562147987
2022-11-15,4624.015063021775,-7641.839591109674,3642.7945119414176,624.9699838535184
2022-11-16,277.9930200572998,-12443.143939203874,-4400.376018267991,-16565.526937414565
2022-11-17,-3399.14743800545,9574.416356360307,-2204.077260617538,3971.1916577373195
2022-11-18,-2281.2045578294246,4780.291579964702,-281.84144168869807,2217.245580446579
2022-11-21,-3213.2182634779256,955.5058408031473,-3256.294024203612,-5514.00644687839
2022-11-22,2991.8906573928502,-6692.408584669072,3969.4728694760356,268.95494219981356
2022-11-23,6055.929390507975,-4785.822990937464,1888.8985479997727,3159.0049475702835
2022-11-25,-113.840229896825,-2873.7094533546187,-592.5397563740091,-3580.0894396254525
2022-11-28,-6878.58943567715,958.0879139981844,-7356.641962329064,-13277.14348400803
2022-11-29,-785.7665973620251,5744.648959421407,-1943.3652082447566,3015.5171538146255
2022-11-30,12658.117025492551,-6702.736873419592,16123.940711305131,22079.32086337809
2022-12-01,9516.4454941867,-14393.528803603193,-1247.4973787472122,-6124.580688163704
2022-12-02,1812.5899631506,-1922.2890752681851,-1470.8727409633511,-1580.5718530809363
2022-12-05,-11037.50154092845,8644.456040842917,-11720.594092462392,-14113.639592547925
2022-12-06,-2538.70396053675,-8644.456040842917,-7586.196527565079,-18769.356528944747
2022-12-07,3336.4252870413748,-8659.501506781264,-1406.8010076227893,-6729.877227362678
2022-12-08,1799.4647525290002,5774.674661557314,2706.727725549399,10280.867139635713
2022-12-09,-1747.3567038075,8649.466836413892,-4643.152272865592,2258.957859740801
2022-12-12,258.9497037980002,3839.3841359462313,8102.94286755402,12201.276707298251
2022-12-13,8824.393908781974,-9604.024127136174,3656.351294420112,2876.7210760659127
2022-12-14,476.9137902066252,-1923.032060706486,-5283.678622770772,-6729.796893270633
2022-12-15,-8662.75351716425,-4810.833541273452,-16367.396918842871,-29840.98397728057
2022-12-16,-2273.6119932478996,3849.0387567559883,-7422.821353195687,-5847.394589687598
2022-12-19,-6178.966272483701,8649.466836413892,-5647.8905718176975,-3177.390007887506
2022-12-20,3331.9529331209746,11509.26580167962,-2532.656354298183,12308.562380502412
2022-12-21,3896.92280697875,-958.0879139981844,-1528.5484975793793,1410.2863954011864
2022-12-22,-7107.3366992581505,-958.2727481670008,1042.107146512535,-7023.502300912616
2022-12-23,889.0056549293251,7661.009621586592,-2312.2739330486866,6237.741343467232
2022-12-27,-1638.152944661525,8604.525962091808,299.696591189786,7266.069608620069
2022-12-28,-4927.309852633725,3819.4479466351477,-250.48879669674307,-1358.3507026953207
2022-12-29,6894.256229209649,-4774.769753185392,-1159.6795383011909,959.8069377230663
2022-12-30,205.48851478084998,4774.769753185392,-721.7470842729767,4258.511183693265
2023-01-03,2230.6986952798998,-8597.897853857081,907.7653235370917,-5459.433835040089
2023-01-04,3090.948958823325,-9570.725014291282,-1635.4669459450975,-8115.243001413055
2023-01-05,-4955.541112294799,1915.6215393564344,-1083.3709332715102,-4123.290506209874
2023-01-06,11507.451629478777,-15345.69173661973,67.42596314165894,-3770.814143999294
2023-01-09,4219.50524447345,-1921.5465203380809,199.12024958037478,2497.078973715744
2023-01-10,2884.6124787610497,7681.735051867989,-851.3447767191167,9715.002753909921
2023-01-11,4706.40751554945,-6720.868999226441,4632.905193858761,2618.4437101817703
2023-01-12,6633.38493100745,-10579.74559344253,-1233.9305439549407,-5180.291206390021
2023-01-13,4794.46338711725,5773.558404826312,1106.0756353468691,11674.097427290431
2023-01-17,-2756.972512792475,3845.321135974671,-900.775661103907,187.57296207828915
2023-01-18,-2176.9371305738496,-15399.140344859064,-7504.362738645895,-25080.440214078808
2023-01-19,1739.2654936259503,1927.4990326715051,-3409.8667938020244,256.8977324954312
2023-01-20,2953.7109527220755,8664.525391695424,6501.4675781475835,18119.70392256508
2023-01-23,3366.2303822609497,3846.064229123309,6466.491948951941,13678.7865603362
2023-01-24,2283.8926377826,-5770.211575918394,-1489.6402129366777,-4975.959151072472
2023-01-25,1836.8201704085752,0.0,-286.01544626886977,1550.8047241397055
2023-01-26,329.5653432978001,2885.9421313125495,7512.943521274544,10728.450995884894
2023-01-27,-785.8435685017,2884.269444605845,1491.3460434080007,3589.7719195121454
2023-01-30,-5110.7746473911,2882.598211706907,-9724.211542715026,-11952.38797839922
2023-01-31,5341.75896716955,-2882.598211706907,10895.391244560762,13354.552000023405
2023-02-01,7800.104953385475,-12510.589620818733,8130.62453378275,3420.139866349492
2023-02-02,1742.4817040261248,963.4698984877177,11320.669631795163,14026.621234309005
2023-02-03,-14146.081308979648,12508.171413699842,-2937.565022143417,-4575.474917423224
2023-02-06,-5811.920902519925,9600.31565092205,1379.2663585884384,5167.661106990563
2023-02-07,1467.6418946515,3834.940404514142,-1289.3150517130039,4013.2672474526385
2023-02-08,-1234.4184068803272,-3834.940404514142,304.6345493058311,-4764.724262088637
2023-02-09,-5613.5938167717,3834.940404514142,1515.4263202797438,-263.2270919778148
2023-02-10,467.1574197028751,6704.029590415084,-1238.2810874821644,5932.905922635795
2023-02-13,730.1882046618499,-1914.513656653391,-923.2195561048684,-2107.5450080964097
2023-02-14,169.950659244275,4784.900422598614,-3578.845346099115,1376.0057357437736
2023-02-15,-2320.122308420425,3824.601651724821,-1745.5107945233976,-241.0314512190016
2023-02-16,-5527.695355208451,4776.609298568685,2274.0716140064023,1522.9855573666364
2023-02-17,212.73575227212493,-3820.919370328804,-966.0846413443664,-4574.268259401046
2023-02-21,-8782.574211326226,12407.236448846961,7267.425762898398,10892.088000419133
2023-02-22,-2027.560232761125,-1906.785318697177,-1342.17725625885,-5276.522807717152
2023-02-23,1073.3802712862248,-4770.175536161245,-3943.009099910398,-7639.804364785418
2023-02-24,-6189.646354674025,6676.960854858422,3252.747539497108,3740.0620396815048
2023-02-27,1564.385706387575,-2860.453206873528,-2879.5981557510686,-4175.665656237022
2023-02-28,1936.0545001697749,0.0,376.58461102901697,2312.639111198792
2023-03-01,-2328.53663251145,8576.40931221524,858.5393418538558,7106.412021557647
2023-03-02,2916.3149043000253,6660.286094113428,-5074.5224687450445,4502.078529668408
2023-03-03,7021.463148955501,-10470.190471339374,-7579.8415254353695,-11028.568847819242
2023-03-06,-914.5218489180999,952.7508998732519,-999.7108379775455,-961.4817870223934
2023-03-07,-6786.86801190835,-952.7508998732519,5846.963354039246,-1892.655557742356
2023-03-08,-3028.7397360139253,952.7508998732519,-1899.6838143919206,-3975.672650532594
2023-03-09,-686.1486841016502,-4765.587946686195,11647.034343813033,6195.2977130251875
2023-03-10,7093.988600601725,-21980.89527100844,9611.899863803103,-5275.006806603613
2023-03-13,10654.5904593616,-14387.973330564462,987.7872175198519,-2745.595653683011
2023-03-14,1241.3773959177497,8637.78175055694,-12036.749169727294,-2157.5900232526055
2023-03-15,4023.245036369,-12481.617346163206,4363.860781566672,-4094.5115282275337
2023-03-16,-790.7897265952754,4804.330532119442,-12998.520228035535,-8984.97942251137
2023-03-17,7900.4633471477755,-16353.682769038816,8727.2759228476,274.05650095655983
2023-03-20,2997.9218599219,7702.544699227015,-3350.7106246007083,7349.755934548208
2023-03-21,-2745.3471020097745,11531.510229555133,-4870.632284306566,3915.530843238792
2023-03-22,4471.828038148425,-10569.529537086724,-830.2346614386806,-6927.93616037698
2023-03-23,7442.3661509648,-9628.181684050134,3.651425994235069,-2182.164107091099
2023-03-24,-1932.798059196575,0.0,-1981.8149417570794,-3914.6130009536546
2023-03-27,-6271.085214146,14435.29760454227,-2741.7444630970067,5422.467927299263
2023-03-28,1994.0792667109504,1921.5465203380809,-2228.865157010091,1686.7606300389402
2023-03-29,2682.501706297025,1920.8043955836765,403.77189754951814,5007.07799943022
2023-03-30,4184.771358341301,-1920.8043955836765,806.6294508024328,3070.596413560057
2023-03-31,4961.120341691525,-6728.662440830216,4383.879147141812,2616.337048003121
2023-04-03,1586.7957450231502,-4811.763620308848,1023.3651988442602,-2201.6026764414373
2023-04-04,7339.2370533348,-7708.505845063461,-2817.100934825362,-3186.3697265540222
2023-04-05,1286.072466699925,-4823.879232544226,-1798.4362373192937,-5336.243003163595
2023-04-06,-2040.06084235455,0.0,323.13699670930873,-1716.9238456452413
2023-04-10,-4225.841300347575,10606.376763403714,426.81475977846617,6807.350222834605
2023-04-11,526.0586627286502,1926.008314203973,-446.9582617780645,2005.1087151545587
2023-04-12,2030.9020035389497,-1926.008314203973,-2804.7488492688617,-2699.8551599338853
2023-04-13,7706.00296313935,3851.271917604885,5749.882589285249,17307.157470029484
2023-04-14,-5073.419971401775,6732.564246031245,-2547.8454379734217,-888.701163343952
2023-04-17,-3360.6250849651997,7683.218656943558,1838.5210979996316,6161.11466997799
2023-04-18,141.06006430205016,-1919.6920143049356,-42.34249494570008,-1820.9744449485854
2023-04-19,-632.0145533837501,1919.6920143049356,-655.726108085993,631.9513528351924
2023-04-20,531.9375388208249,-5761.300912933184,-4110.365002926166,-9339.728377038526
2023-04-21,-2470.5237095083244,2881.4848632802095,-34.56240248923592,376.39875128264924
2023-04-24,2719.64796085015,-4803.402607290584,380.24507375696714,-1703.5095726834666
2023-04-25,1253.793761710524,-11547.119722331016,-11017.118273981787,-21310.444234602277
2023-04-26,-5240.908730999526,2889.291872898859,-3474.5307053677693,-5826.147563468436
2023-04-27,4869.192847097829,9618.879540800983,13154.625594275756,27642.69798217457
2023-04-28,3709.281467963425,-8656.154677248123,6571.026259614371,1624.1530503296726
2023-05-01,-4817.254127496825,14418.568293842713,-958.7536638515104,8642.560502494378
2023-05-02,4238.288029669826,-14418.568293842713,1399.9885814185973,-8780.29168275429
2023-05-03,2962.9646666805747,-5779.142927294146,240.33988753268432,-2575.838373080887
2023-05-04,1238.9084909563499,-963.8427403167952,3157.8999690499927,3432.9657196895473
2023-05-05,-1748.5914760942503,6742.985667610941,-6159.252817477181,-1164.8586259604908
2023-05-08,-1257.7220853043998,7695.102985879297,-1055.8615879895115,5381.519312585386
2023-05-09,-148.33928421402487,961.0516913688261,308.4753470036503,1121.1877541584515
2023-05-10,1953.9799602645498,-9618.879540800983,-1715.7625686704137,-9380.662149206846
2023-05-11,-1223.4831305919,-3852.7617713865766,-933.1933558846117,-6009.438257863088
2023-05-12,-3901.319787455825,6740.378044900339,-665.0760876073605,2173.9821698371534
2023-05-15,-523.51128367855,3847.551061765378,-181.00732225042293,3143.032455836405
2023-05-16,-5144.76360233105,3844.5782581633903,164.02664412038348,-1136.158700047276
2023-05-17,1154.7601362171254,2881.4848632802095,-1196.3677121522096,2839.8772873451253
2023-05-18,-3048.3412992859,7675.804926683755,651.040985618522,5278.504613016377
2023-05-19,-303.497040726625,4791.3640082970305,-130.296245106166,4357.57072246424
2023-05-22,150.27524846519998,1915.2521382953419,-90.82473967239935,1974.7026470881426
2023-05-23,-2381.9035288054247,-1915.2521382953419,-1748.0268122453708,-6045.182479346137
2023-05-24,-5441.8252537064245,2872.6012501299847,416.72724646474535,-2152.4967571116945
2023-05-25,-2119.661437235325,9563.34873153182,-1301.5261920360217,6142.161102260473
2023-05-26,3913.216178829125,-2867.069837924282,1152.2975294971616,2198.4438704020044
2023-05-30,3231.617094037175,-10526.783277038689,-1309.18325916997,-8604.349442171484
2023-05-31,531.4445013337499,-4792.288446706356,-2547.9549020538457,-6808.798847426451
2023-06-01,4141.053946013225,-2877.5932190270323,1040.1104187841383,2303.571145770331
2023-06-02,-591.89731540025,7669.881665733388,8180.973961034048,15258.958311367187
2023-06-05,-504.5182584376502,0.0,-1808.8954968401226,-2313.413755277773
2023-06-06,1280.0392627927,957.9031333011662,1122.1825352554404,3360.1249313493063
2023-06-07,-6037.931446751025,8612.821880990115,-3037.680331784511,-462.78989754542044
2023-06-08,6684.08238060795,-5740.220630860131,4554.968127408994,5498.829877156813
2023-06-09,626.5861504214001,1914.1445759902563,1289.55727546591,3830.288001877566
2023-06-12,1712.6918374312502,-1914.1445759902563,7341.378491456119,7139.925752897113
2023-06-13,-1709.0178505855501,10518.670538082064,5347.39292328895,14157.045610785462
2023-06-14,1384.2955324012,-955.3218065502442,-2132.348260580784,-1703.3745347298282
2023-06-15,8007.7296434136,-10520.697843366463,3040.926381761153,527.9581818082902
2023-06-16,41.6765186802752,4784.900422598614,-3446.430809944445,1380.1461313344435
2023-06-20,-3561.5476523627003,-2870.3867659452226,-816.1230441131693,-7248.057462421092
2023-06-21,-1504.776713228,-1914.513656653391,-2599.534985762716,-6018.825355644107
2023-06-22,-1359.719227825475,7653.62800544218,-801.2243312373357,5492.68444637937
2023-06-23,-945.1391115835996,-5739.114348788789,27.90599127627047,-6656.347469096118
2023-06-26,-1166.286251838475,-1914.513656653391,1180.7547326752683,-1900.0451758165977
2023-06-27,787.444867470125,4784.900422598614,-1400.0349619553276,4172.310328113412
2023-06-28,1620.468241034225,-5742.434154838687,-1172.1060061926778,-5294.071919997141
2023-06-29,-2810.972691939825,13388.691207617681,158.27079775408492,10735.98931343194
2023-06-30,4039.959438304301,-3821.655401054173,2766.345826518261,2984.649863768389
2023-07-03,387.4455837316,4776.609298568685,-214.84198721469738,4949.212895085588
2023-07-05,-3103.2858745859753,8586.317078518157,-331.1715863976019,5151.859617534579
2023-07-06,-5414.3293283865005,9522.931195204146,-1145.0600759877148,2963.541790829931
2023-07-07,1702.16667992635,951.28646717417,-2321.8484678889126,331.6046792116076
2023-07-10,3928.4957633062495,-4758.261557036603,82.85273151892625,-746.9130622114276
2023-07-11,3871.661274407175,-1904.5858164254605,742.587909377022,2709.6633673587367
2023-07-12,7978.852583870176,-12397.68736743441,1352.635206658448,-3066.1995769057858
2023-07-13,7169.42577917085,-9557.822114194729,4256.728403313261,1868.3320682893818
2023-07-14,-429.504793318125,6692.408584669072,-1156.7837523647454,5106.120038986202
2023-07-17,1555.0635147676498,-1911.1957690430281,2028.120812127952,1671.9885578525736
2023-07-18,5201.8325641835745,-955.8740688812541,5320.270236412213,9566.228731714535
2023-07-19,1253.2517496286,-4782.134317617281,1601.6278832333342,-1927.2546847553472
2023-07-20,-5450.240654860775,9559.663787552709,-5808.525992553811,-1699.1028598618777
2023-07-21,-2084.557400250625,-955.1378254609008,-434.6619416984723,-3474.357167409998
2023-07-24,-819.6976000267497,1910.0917229754123,3534.718678774986,4625.112801723649
2023-07-25,200.87327907862485,4772.012426950518,2165.4507095052795,7138.3364155344225
2023-07-26,1825.34917009735,-4772.012426950518,-41.60818493632945,-2988.271441789497
2023-07-27,-7730.58698905465,14302.27318385987,-6001.0622328660265,570.6239619391936
2023-07-28,2976.782998697975,-4762.838568922933,-2835.7505053476757,-4621.806075572633
2023-07-31,2495.9570171245,952.9341916969861,380.35076243778576,3829.241971259272
2023-08-01,-5391.769186381125,7616.87946708838,-191.217948188239,2033.8923325190158
2023-08-02,-4963.31027787575,2853.3110042509943,4571.0487717356045,2461.0494981108486
2023-08-03,-4106.425135967175,11396.81420315981,-634.7392737675364,6655.649793425099
2023-08-04,2583.9761669376503,-14250.125207410805,2664.2093308056474,-9001.93970966751
2023-08-07,2161.1752550087,3804.0491795233684,-4825.956860935548,1139.2675735965204
2023-08-08,-1406.6171254625,-6659.0060082337,410.9377955644504,-7654.6853381317505
2023-08-09,-3719.478910145825,-1904.2196027390455,803.2879993322126,-4820.410513552657
2023-08-10,-1670.95802558265,8563.225610972746,-921.5385665089002,5970.729018881197
2023-08-11,-1379.647638171375,6650.055731340835,-2211.6165227849933,3058.7915703844674
2023-08-14,-633.3570730479498,2847.288474662855,-2198.134409278964,15.796992335941468
2023-08-15,-4862.70987281435,1897.2815630033147,5847.657442316659,2882.229132505624
2023-08-16,-4381.652135170651,6634.754326550057,3093.661981355808,5346.764172735215
2023-08-17,-3290.736533561575,1894.0083505540242,4752.310035312547,3355.5818523049966
2023-08-18,906.6635858220747,-3788.7433492380806,-1366.250590862876,-4248.330354278882
2023-08-21,772.5525503020914,7574.5817773726885,-4253.190348145154,4093.9439795296257
2023-08-22,364.05754165124984,0.0,823.9149362741216,1187.9724779253715
2023-08-23,6808.126735005676,-14211.882668242004,-7512.072515576676,-14915.828448813005
2023-08-24,-4037.2979559388755,3793.8350125795405,8545.983164396945,8302.52022103761
2023-08-25,-185.55543949872518,1895.825755206999,-5967.871634067236,-4257.601318358962
2023-08-28,2949.431302281225,-4740.928945902793,-4790.846840593403,-6582.344484214971
2023-08-29,8445.92020992785,-7594.957243340206,-8442.037866252405,-7591.074899664762
2023-08-30,2631.9783888704496,0.0,-2963.126056790827,-331.14766792037744
2023-08-31,1171.7575985526,-2851.1187845472305,-692.4015963026022,-2371.7627822972327
2023-09-01,-2972.7346973669996,8548.430250923047,-2104.232794102188,3471.46275945386
2023-09-05,-4221.1688209215745,8533.673202441569,1770.6753836869211,6083.179765206915
2023-09-06,-5052.706406364351,2841.2849927464704,3865.63305856393,1654.211644946049
2023-09-07,309.89011866667494,-2841.2849927464704,2112.6535243447506,-418.7413497350449
2023-09-08,-101.99636587644994,-947.4583564916102,-1273.180792847306,-2322.6355152153665
2023-09-11,2147.282268874075,2841.829978848895,-271.1615330877635,4717.950714635206
2023-09-12,-1568.244168746275,-1894.3716223572847,109.84917543521533,-3352.7666156683445
2023-09-13,74.25310051832504,-1895.0984795743861,-2262.7672911795003,-4083.6126702355614
2023-09-14,1268.6937295447249,3789.470101931671,-1170.0504801682428,3888.113351308153
2023-09-15,-4433.1941838869,3786.564345120074,728.7010922577224,82.07125349089665
2023-09-18,2585.45414780795,-946.3688543725148,-139.49545350436665,1499.5898399310686
2023-09-19,-1098.4804805353751,4730.0307835913845,-282.32449895767786,3349.2258040983315
2023-09-20,-2564.7584745961253,-1891.4683712286205,2657.87454050394,-1798.3523053208055
2023-09-21,-8531.64555039875,13225.072995845505,8472.138021723878,13165.565467170632
2023-09-22,1411.611583754325,-4719.170156195207,-261.0610097956112,-3568.6195822364934
2023-09-25,-2394.1070294408,10376.216137406329,-2669.6152421671113,5312.493865798418
2023-09-26,-7125.7636699480745,942.2097911513993,8794.063387442833,2610.509508646158
2023-09-27,-4654.7178976477,4708.3468915439735,-1606.5247368245252,-1552.8957429282516
2023-09-28,-646.5570000966002,-1882.798550453561,-4481.310888826869,-7010.66643937703
2023-09-29,-1778.7271889465749,0.0,949.8679479692953,-828.8592409772796
2023-10-02,-4708.09740866925,9406.798947508942,-178.31808980946562,4520.383449030225
2023-10-03,-8177.426996118974,11264.464481480187,9372.41004926689,12459.447534628103
2023-10-04,3163.4686286130245,-7506.77479592702,-5822.645281359698,-10165.951448673693
2023-10-05,745.403115626075,-939.1532973180001,-255.3381812576987,-449.08836294962384
2023-10-06,3708.396843715626,5632.230854826077,-8397.681347245296,942.9463512964066
2023-10-09,9815.425074184475,0.0,-3871.7251081471886,5943.699966037287
2023-10-10,653.7668943235249,-11270.919455711584,-3948.156789502889,-14565.309350890948
2023-10-11,4822.044795189275,-7528.316061512509,-3595.89081053349,-6302.1620768567245
2023-10-12,-4248.31723872575,11288.159871030046,2943.1058934024463,9982.948525706743
2023-10-13,6188.193752632626,-6581.613236473175,3870.8107707586096,3477.3912869180604
2023-10-16,-447.28566872505013,7521.125348745438,-8232.907970709064,-1159.0682906886768
2023-10-17,-1236.3637566764114,11260.164245529391,-555.1099819007845,9468.690506952194
2023-10-18,-490.0895896864999,7492.465275946946,9083.69215891915,16086.067845179597
2023-10-19,-1208.10904516205,6546.5397505984,7048.562362780032,12386.993068216383
2023-10-20,183.47991069849996,-4675.208541989123,10251.128136373161,5759.399505082539
2023-10-23,-26.62831170232487,-6552.782279546227,-3937.660573910364,-10517.071165158915
2023-10-24,4173.894325646325,-2811.0142050099967,-2958.3744927232374,-1595.4943720869087
2023-10-25,-6518.65927771785,11234.414465453854,728.3898523468793,5444.1450400828835
2023-10-26,-1384.0063216732503,-8423.400260443857,864.8205402583358,-8942.586041858773
2023-10-27,2077.678974887925,-1873.8307205341698,1005.1577628357222,1209.0060171894775
2023-10-30,675.6081986545,3746.9467840428406,-5019.9740372157175,-597.4190545183774
2023-10-31,909.1742316439249,0.0,-4126.286264046996,-3217.1120324030708
2023-11-01,3878.265364681725,-10310.988138850837,-2458.6635804662933,-8891.386354635404
2023-11-02,7307.7101564155755,-9392.431937627902,2243.8927274651805,159.17094625285426
2023-11-03,5851.229726169599,-9410.395850676869,2518.674519174965,-1040.491605332304
2023-11-06,-183.9926540675998,9410.395850676869,673.3585328867377,9899.761729496006
2023-11-07,848.2277163051501,-8468.54642087163,1025.8636367862266,-6594.455067780253
2023-11-08,-1908.1715061185505,-8483.134786799026,-427.25602132756535,-10818.56231424514
2023-11-09,-3114.436304158225,12248.73199095641,-4197.967525125705,4936.32816167248
2023-11-10,400.88489048707515,-941.1293270499154,8228.66703660928,7688.4226000464405
2023-11-13,1541.898450605325,1882.0787574494025,-736.3153981731898,2687.6618098815375
2023-11-14,11026.802338919626,-17908.851577551104,14409.841924548928,7527.7926859174495
2023-11-15,2004.587050591325,8491.255728666467,1535.7023655901257,12031.545144847918
2023-11-16,4437.7504425369,-7547.060248301015,826.6641608748699,-2282.6456448892454
2023-11-17,426.7234408343195,-944.1954803654517,811.06069816569,293.5886586345579
2023-11-20,3083.3514966256,-1888.9334978772094,6484.6287288341955,7679.046727582586
2023-11-21,3353.6044577653,-944.7381214360939,-2086.1423463805695,322.7239899486367
2023-11-22,-819.302047028575,944.7381214360939,3219.4680292081443,3344.904103615663
2023-11-24,507.7680882126,4720.977661488723,379.4694039447677,5608.215153646091
2023-11-27,3898.665111541225,-7555.735030752432,-1751.1799937653052,-5408.249912976512
2023-11-28,5068.9835542678,-4728.218077095909,710.5266018408827,1051.2920790127735
2023-11-29,2583.9258684068245,-6627.123420881078,-781.9632016947793,-4825.160754169033
2023-11-30,-2023.567043005475,9464.597896696228,3308.4154195524034,10749.446273243157
2023-12-01,6236.70687405035,-14203.707868286045,5072.6693149976545,-2894.33167923804
2023-12-04,-7907.19517026245,5686.386613782262,-4833.612751595524,-7054.421308075712
2023-12-05,-399.91941077752494,-9480.949844634015,-1111.6453501167598,-10992.5146055283
2023-12-06,-77.15253586872508,-5697.311466375817,-554.9360612147325,-6329.400063459274
2023-12-07,1317.58875347335,1899.833264730245,440.6963375069495,3658.1183557105446
2023-12-08,-3312.8842392404244,8540.227169305756,-1286.908618101961,3940.4343119633704
2023-12-11,-2390.67091930935,0.0,1104.548703277942,-1286.1222160314082
2023-12-12,1553.4128538872505,-2845.103190695794,-87.65860001159353,-1379.3489368201372
2023-12-13,13435.687998855301,-15201.59454395587,6520.255029949623,4754.348484849053
2023-12-14,6348.573028067825,-11431.915065532608,1894.9347259938918,-3188.4073114708913
2023-12-15,-466.48363353385014,-953.8514446941117,-1775.432634405405,-3195.7677126333665
2023-12-18,-257.6979932573998,3814.3046515676397,3569.6713803768744,7126.2780386871145
2023-12-19,4337.248485580175,-1906.785318697177,3955.895779984516,6386.3589468675145
2023-12-20,-2326.1243712161495,-6679.53175982098,-8654.788016232971,-17660.4441472701
2023-12-21,2925.6952988226253,2863.758655988655,5467.9391163437285,11257.39307115501
2023-12-22,2751.758126883975,954.2187167499651,427.7273415488594,4133.7041851828
2023-12-26,2963.9748587888002,-954.2187167499651,2812.250800644655,4822.006942683491
2023-12-27,4039.7506758369254,-9552.300286186,802.9905203108071,-4709.559090038268
2023-12-28,-837.7669799185751,4778.449907221933,-7.868273997601705,3932.8146533057566
2023-12-29,-2650.474639772975,3819.4479466351477,-2797.385098711686,-1628.4117918495135
2024-01-02,-3314.377599772075,6676.960854858422,-4584.662174509191,-1222.0789194228437
2024-01-03,-5751.08771218445,-3814.3046515676397,-5960.7906870170955,-15526.183050769185
2024-01-04,-2386.3260750671498,7625.674940483892,-2727.289400056236,2512.0594653605062
2024-01-05,-85.907589658075,5711.560906287894,-325.9717987978661,5299.681517831952
2024-01-08,2302.088749955025,-3806.9750898624334,10761.617717288744,9256.731377381335
2024-01-09,-188.16400768955003,952.0182611521013,-1717.2682296635244,-953.4139762009731
2024-01-10,4.307834985949901,1903.4874921652663,4799.254499455436,6707.0498266066525
2024-01-11,2689.607338944625,-5712.659230670062,-633.3189003510995,-3656.3707920765364
2024-01-12,3434.360148246025,-1905.685091570238,444.99701093748456,1973.6720676132713
2024-01-16,-5337.56328486575,10472.203776478214,-3579.0357654635513,1555.6047261489134
2024-01-17,-6509.2130820865505,2852.214578471714,-5315.318353488124,-8972.31685710296
2024-01-18,3871.19626023725,3800.3965326362813,7986.602357009865,15658.195149883395
2024-01-19,3717.34415324745,949.6430125959014,-2511.3251086640958,2155.6620571792555
2024-01-22,646.3591336327501,-3799.666634587731,-588.2196167042366,-3741.5271176592178
2024-01-23,792.4771746661002,2850.0236219918297,-1647.1147365422212,1995.3860601157085
2024-01-24,-3022.289929777125,3797.478201645572,1046.1233517130495,1821.3116235814964
2024-01-25,3975.2067952557,-3797.478201645572,1490.9858992474483,1668.7144928575763
2024-01-26,-1737.224627903975,949.6430125959014,-1430.0344307675346,-2217.616046075608
2024-01-29,5145.352817283399,-6651.333237145751,2825.870557120936,1319.8901372585847
2024-01-30,282.799253032475,-1902.0245370768243,-1534.7069461367937,-3153.932230181143
2024-01-31,-2010.685927863225,-6662.847373462064,-2769.9020328622055,-11443.435334187496
2024-02-01,6469.34075483615,-11442.917344743662,1235.7389413655255,-3737.8376485419867
2024-02-02,-1399.986976841725,15251.356655835043,3823.7022447924855,17675.071923785803
2024-02-05,-6923.605153450575,13306.504884912967,-2804.7615261679366,3578.1382052944555
2024-02-06,2483.529980640225,-7599.3341101930855,-142.3584374333302,-5258.1625669861905
2024-02-07,1920.4966795473501,0.0,4300.316566255134,6220.813245802484
2024-02-08,-501.93597406845004,5700.595061873377,-284.59368739329705,4914.0654004116295
2024-02-09,55.43306255469983,1898.7390483197087,3959.616008005668,5913.788118880077
2024-02-12,-40.13063818287491,0.0,-50.707505247373774,-90.83814343024869
2024-02-13,-10303.880870176123,13270.78614876329,-7694.486639345868,-4727.5813607587
2024-02-14,1572.09091443775,-3788.01680559176,3258.782762124639,1042.8568709706287
2024-02-15,4627.081079935725,-2842.9204215603386,4505.565271691282,6289.725930066668
2024-02-16,-454.72949756044994,5684.205414306809,-4473.7542451411655,755.7216716051935
2024-02-20,336.63510755117505,-2841.2849927464704,-3950.634042642662,-6455.283927837957
2024-02-21,314.0630775414466,4734.567113104844,-227.10548905672567,4821.524701589565
2024-02-22,5422.020744292424,946.3688543725148,16951.763244691698,23320.152843356635
2024-02-23,2848.757584203025,-6628.394323968969,319.23901144436684,-3460.397728321577
2024-02-26,-1976.9038997174996,1894.7349986840563,-3823.5313110864554,-3905.7002121198984
2024-02-27,350.9236914531,2840.740163399314,1585.9758425989767,4777.639697451391
2024-02-28,885.632358384875,-3788.01680559176,-1499.036850700378,-4401.421297907263
2024-02-29,2547.84700168965,-1895.0984795743861,3351.5188963435776,4004.2674184588413
2024-03-01,7376.4514394728,-5689.6607677865395,9098.197561813833,10784.988233500095
2024-03-04,4057.7520365177998,2845.6492757711094,282.934685963653,7186.335998252562
2024-03-05,811.6079700590498,-8541.866840754868,1644.50683008414,-6085.752040611678
2024-03-06,3933.985086058255,-1900.1982137342857,-613.1568292977931,1420.6300430261763
2024-03-07,5307.8662915915,-1900.9284272856457,221.73758203092575,3628.67544633678
2024-03-08,1940.9976435151498,0.0,-790.0077739465132,1150.9898695686365
2024-03-11,-236.14335936097504,950.5555166411941,394.25972355570593,1108.671880835925
2024-03-12,-1367.6747533113005,5699.500214699641,-2351.782769993008,1980.042691395333
2024-03-13,716.6888244594251,2847.288474662855,-1330.912212836438,2233.0650862858424
2024-03-14,-2770.064554342525,9479.13086971821,312.74547063924274,7021.811786014928
2024-03-15,-4595.2650543522,1893.6451832344756,-1654.6477148104373,-4356.267585928163
2024-03-18,1568.780593771729,2839.106615289318,-277.6347506933803,4130.252458367668
2024-03-19,1619.8257358742749,-3785.838428134608,-596.7333971644848,-2762.746089424818
2024-03-20,5603.1366550516495,-2841.2849927464704,1399.13540963164,4160.987071936819
2024-03-21,2286.507502697225,0.0,866.0253928766224,3152.5328955738473
2024-03-22,-2984.463946217675,-4739.109971589816,-1564.3851439765228,-9287.959061784013
2024-03-25,-1821.506394007575,2844.01149201543,-1999.6845352294201,-977.179437221565
2024-03-26,1424.9619402051999,-947.8219419859524,-1619.7499183482478,-1142.6099201290003
2024-03-27,4711.995070313375,-3793.1070039168408,3304.2792864461035,4223.167352842638
2024-03-28,2480.7090247853,0.0,-587.2264874603275,1893.4825373249723
2024-04-01,-208.96181047295016,12316.963392954538,-1179.0341227441274,10928.96745973746
2024-04-02,247.15431051507468,2838.0183658914466,-3265.7380282524573,-180.56535184593622
2024-04-03,3481.0036482655255,0.0,-858.2219671668554,2622.78168109867
2024-04-04,-2038.290614553225,-4730.937527777045,-2939.903331474852,-9709.131473805122
2024-04-05,5152.0231947519505,7567.3246923852275,1570.6142541588974,14289.962141296075
2024-04-08,976.1362675300501,2834.757369263709,-1921.9498431304203,1888.9437936633387
2024-04-09,3417.677548250525,-5671.144533871891,-832.5957224062677,-3086.062708027634
2024-04-10,-8338.503203711874,17936.29416915543,-5568.920783627931,4028.870181815624
2024-04-11,3616.4020992382502,942.2097911513993,1075.6082370193383,5634.2201274089875
2024-04-12,-6121.669072884426,-5655.963655399828,-5777.111076859256,-17554.74380514351
2024-04-15,-1924.5663606931003,12246.389304393204,1742.9325092003012,12064.755452900405
2024-04-16,-1695.3632912894252,3761.9997863147582,-3289.5270650893735,-1222.8905700640407
2024-04-17,-1851.6505528648,-7526.877094217722,-1694.3475665781875,-11072.875213660709
2024-04-18,591.542556172475,4705.646893227764,-1388.2076981426508,3908.9817512575883
2024-04-19,-1674.3385637009999,-1881.7190157242876,1547.1955108666862,-2008.862068558601
2024-04-22,-3603.8942684285007,0.0,-5877.932239969141,-9481.826508397642
2024-04-23,2561.935537166425,-941.1293270499154,-3037.682831369864,-1416.8766212533542
2024-04-24,-169.91638512332503,3763.438134580676,-202.99296565997338,3390.5287837973774
2024-04-25,-526.562442917825,4700.253859341901,-2702.2300364312173,1471.4613799928588
2024-04-26,4544.377316080375,-2819.6134501584165,66.48457934466023,1791.2484452666185
2024-04-29,853.8718446482251,-3761.9997863147582,-540.9589019421901,-3449.086843608723
2024-04-30,-9993.4284713443,5641.921639605978,-1564.39864867167,-5915.905480409991
2024-05-01,1281.0344711068997,-5641.921639605978,-1426.8958789934914,-5787.78304749257
2024-05-02,4012.29212845305,-4706.546634556871,-1847.7240526016772,-2541.9785587054985
2024-05-03,4531.2666614745,-7539.842669836333,289.3020381180236,-2719.273970243809
2024-05-06,5983.5106663247,-943.2921169626934,4586.459601587535,9626.678150949541
2024-05-07,-11.607652840375142,-1887.125992583693,-339.2338779570139,-2237.967523381082
2024-05-08,-1809.0490391510175,943.6533066858829,-895.2679670130124,-1760.663699478147
2024-05-09,6022.319504817525,-2831.501989931945,3301.2364006202406,6492.05391550582
2024-05-10,2420.404051981875,4718.2667927924485,381.1140041330816,7519.784848907406
2024-05-13,-2827.87143413965,-1886.7648028605036,308.6581776047126,-4405.978059395441
2024-05-14,4515.345768826351,-2831.501989931945,3241.2072358927444,4925.05101478715
2024-05-15,8629.228424299825,-8504.273512114552,11149.9932721932,11274.948184378472
2024-05-16,-237.83271309777496,1891.1059341728833,-2356.6473839492232,-703.374162874115
2024-05-17,3166.557908391175,3780.038599699008,1176.110181954634,8122.706690044816
2024-05-20,1092.3916703797252,1888.9334978772094,962.4810255984144,3943.8061938553487
2024-05-21,552.377503541975,-2833.6716193133034,2319.2037124615795,37.909596690250964
2024-05-22,-5809.5656225561,1889.2953105498455,-3183.4153052735132,-7103.685617279767
2024-05-23,-8448.1030961042,3776.4204723749717,-7748.6001398092485,-12420.282763538477
2024-05-24,1914.175342738725,-943.833979346382,6593.932484054491,7564.273847446834
2024-05-28,1713.9410584205502,7545.615903755417,527.1557548480744,9786.712717024042
2024-05-29,-5545.384618683525,6592.946732081153,1837.7672390860198,2885.329352483647
2024-05-30,-1097.78704285285,-5650.556682695373,-566.0557356746381,-7314.39946122286
2024-05-31,2733.6470835607247,-3770.642264387745,-4144.912374084071,-5181.907554911091
2024-06-03,4462.0249050886,-9439.245492331887,-9.038547972181732,-4986.2591352154695
2024-06-04,638.7521124093997,-7564.424778327244,-331.52346159931767,-7257.196127517162
2024-06-05,6218.269039676325,-3786.564345120074,1800.7942684446903,4232.49896300094
2024-06-06,1561.3549492126713,-947.0949801648385,-772.3151578398415,-158.05518879200872
2024-06-07,-11579.524472664525,14187.379414162002,-1973.233032026144,634.6219094713329
2024-06-10,-151.33783197817482,3776.4204723749717,1837.8362069068999,5462.918847303697
2024-06-11,2292.3774524621504,-7555.735030752432,750.5925216568698,-4512.765056633412
2024-06-12,3543.3493480154248,-7567.3246923852275,3058.5636016982107,-965.411742671592
2024-06-13,1793.9504874171248,-6630.937227152099,767.5502161860948,-4069.4365235488785
2024-06-14,2228.9975620812747,-3793.1070039168408,824.6294967928804,-739.4799450426856
2024-06-17,-1339.8426864577502,7583.3040676696255,5930.420898789776,12173.882280001651
2024-06-18,3618.35812981,-5686.386613782262,1390.8855009804597,-677.1429829918029
2024-06-20,2001.3635006269249,2844.01149201543,-2132.657112405411,2712.717880236944
2024-06-21,-5237.537874353226,0.0,-1786.6224350585326,-7024.160309411758
2024-06-24,-50.47591221557494,0.0,-3240.2365324824273,-3290.7124446980024
2024-06-25,978.5081284896501,-1895.825755206999,2418.453520333671,1501.135893616322
2024-06-26,-4056.9484566854753,8525.491347886229,511.8287560133723,4980.371647214126
2024-06-27,3080.4447345099497,-2840.1954907475592,966.384714013067,1206.6339577754575
2024-06-28,-1630.630621191477,6624.582711011521,-4206.469331999685,787.4827578203585
2024-07-01,-79.13499792707498,11335.775502046497,1527.7843759096754,12784.424880029099
2024-07-02,2650.6384450879164,-4720.073779060855,6572.359031435028,4502.923697462089
2024-07-03,5839.6438853958,-6615.701722985643,4498.928430748932,3722.8705931590894
2024-07-05,6573.4799264075,-7571.677691176359,5996.953729876431,4998.755965107572
2024-07-08,-2397.696520160225,0.0,1044.8747566218515,-1352.8217635383737
2024-07-09,435.01120740725,1894.0083505540242,853.3409673119011,3182.360525273175
2024-07-10,3240.8342474289248,-1894.0083505540242,10569.677889737299,11916.5037866122
2024-07-11,4245.14129333155,-7583.3040676696255,-9684.461954625576,-13022.624728963652
2024-07-12,2851.2175925638003,-1897.6457769643894,-1540.5237442827797,-586.9519286833688
2024-07-15,994.6028520565499,4742.748967660184,1728.3211923743806,7465.673012091114
2024-07-16,7885.257523888526,-5691.8451083901455,935.0124859692528,3128.424901467633
2024-07-17,-4461.545641580004,-949.2783788522502,720.7242660807083,-4690.099754351546
2024-07-18,-3376.6332540952753,3796.0202965466015,3658.61894102369,4078.005983475016
2024-07-19,-7867.2027834089495,4740.928945902793,1887.2473277815516,-1239.0265097246047
2024-07-22,2350.6772193485,947.640123082776,-6601.402719201758,-3303.0853767704825
2024-07-23,455.17959125995003,-947.640123082776,-1162.888211827294,-1655.34874365012
2024-07-24,-8063.782078186576,2842.3751217668323,13653.758620641327,8432.351664221584
2024-07-25,-4949.8294080716005,-947.2766421924462,2518.561526000724,-3378.5445242633227
2024-07-26,6862.240954437776,-6636.027425477179,-10105.887390220232,-9879.673861259635
2024-07-29,273.01225598247504,-2846.7419176943513,-595.0625481151519,-3168.7922098270283
2024-07-30,947.8074047380751,-1898.7390483197087,3580.7988188456648,2629.867175264031
2024-07-31,10268.075840083899,-5700.595061873377,-9518.670242483438,-4951.189464272917
2024-08-01,-3181.2128688118246,-9515.610085811262,8544.035452261483,-4152.787502361603
2024-08-02,-2172.51299145535,-18130.17073488435,16917.48437876055,-3385.1993475791496
2024-08-05,-7486.750161835476,-1912.300772606628,37811.0502658771,28411.999331434996
2024-08-06,-1030.0191736268505,11462.761512795187,-20870.755917416376,-10438.01357824804
2024-08-07,-3317.1485352166,5721.4572421983175,4240.830923360704,6645.139630342422
2024-08-08,8896.784192838524,2858.252752497472,-21934.207083589485,-10179.170138253488
2024-08-09,2439.8075756409,-4764.671222975347,-7379.206802689964,-9704.07045002441
2024-08-12,5034.927463811526,-3815.038771720443,-855.0599133978096,364.8287786932731
2024-08-13,5314.570702119525,-4772.9312702531315,-15366.06221214737,-14824.422780280976
2024-08-14,458.2956737350498,-1910.459632011145,-4884.3820907343625,-6336.546049010458
2024-08-15,3831.7933094458244,8591.277401170286,-12070.77106659213,352.29964402398036
2024-08-16,5664.157222416275,-2862.1052156559745,-2839.1132643886863,-37.0612576283861
2024-08-19,3491.6453058023,-2863.758655988655,-3741.1163273897614,-3113.2296775761165
2024-08-20,2900.279332743725,-3820.919370328804,-926.2110935644046,-1846.8511311494835
2024-08-21,1968.855104580375,-2867.6222598685417,-2455.8931171547442,-3354.6602724429113
2024-08-22,-5519.2059587759495,6688.5416301973455,-1469.917905594059,-300.582234172663
2024-08-23,5809.684062844275,-4776.609298568685,-5547.150721795617,-4514.075957520026
2024-08-26,1478.922499419025,955.6899282398808,-189.26625092990434,2245.3461767290014
2024-08-27,396.72363582987504,955.5058408031473,-2812.346538618499,-1460.1170619854765
2024-08-28,-3050.49789309875,955.3218065502442,3706.215643459018,1611.0395569105121
2024-08-29,-309.9828757845372,2864.8617456661595,-4996.2442854172195,-2441.365415535597
2024-08-30,-1288.9496349642,3817.2424042597704,-1909.5067720905377,618.7859972050328
2024-09-03,-4127.70982390605,-6682.10414992593,14715.261764719002,3905.4477908870213
2024-09-04,678.10004350925,-6691.119227318093,776.0722544726946,-5236.946929336149
2024-09-05,2765.361603314375,-3827.551310763971,-4128.435275546167,-5190.624982995763
2024-09-06,-5054.012672423225,-957.3491118346428,10258.96362947509,4247.601845217223
2024-09-09,3650.03232942635,-1915.2521382953419,-11649.65179062625,-9914.871599495244
2024-09-10,2126.06815616435,-4791.3640082970305,-3244.631988519018,-5909.927840651699
2024-09-11,1601.647151885475,0.0,-6601.655600860851,-5000.008448975376
2024-09-12,5817.1721836701245,2875.37296099768,-3316.5888071898166,5375.956337477988
2024-09-13,5772.5906320136755,-1916.7303839951564,-2131.8927746381178,1723.9674733804013
2024-09-16,1242.7704410318674,-2876.4827686859862,205.95777889940337,-1427.7545487547154
2024-09-17,-813.933079245825,1917.8401916834628,-240.38183511908073,863.5252773185571
2024-09-18,-3910.9084576154,4791.3640082970305,-331.419848896644,549.0357017849865
2024-09-19,7696.114286794725,2872.6012501299847,-868.9613871576967,9699.754149767012
2024-09-20,3707.045217619175,0.0,-2314.4184603106055,1392.6267573085697
2024-09-23,931.0483304325,1914.1445759902563,-538.6361723016648,2306.5567341210913
2024-09-24,3359.2494747869,-956.980031171508,-363.97438640665314,2038.2950572087389
2024-09-25,-133.74130822807496,4783.0560860413825,-2539.1316703422717,2110.1831074710362
2024-09-26,731.4604243985501,0.0,1193.8828513351325,1925.3432757336827
2024-09-27,-327.2480227526002,-3826.0760548698745,-763.3119881012647,-4916.636065723739
2024-09-30,-1859.8839819567002,5738.008386498535,1234.9192685755952,5113.04367311743
2024-10-01,523.0238149290499,-6694.988417670043,-5746.629711810556,-11918.594314551548
2024-10-02,-2194.8482247933252,4783.0560860413825,-2406.091843519249,182.1160177288084
2024-10-03,-2258.655336223925,5733.587732682834,-2827.472024386168,647.4603720727409
2024-10-04,-954.81700918505,12400.073604021687,4872.228138353932,16317.48473319057
2024-10-07,-5414.0667543018,4761.006972018615,7930.246608005859,7277.186825722674
2024-10-08,738.9417624127249,951.6522586514475,-3318.061607051561,-1627.4675859873887
2024-10-09,-576.9459625671249,1902.7558037192357,-921.7064956689001,404.1033454832109
2024-10-10,625.2342370063501,2852.7627123491984,-1444.9026725001204,2033.0942768554282
2024-10-11,4068.3686498542243,-950.7381752723741,-434.6929831722832,2682.937491409567
2024-10-14,990.9059181891998,0.0,513.9618296444723,1504.8677478336722
2024-10-15,-178.7681110248751,-4756.4325994475075,-2185.182436865432,-7120.383147337814
2024-10-16,2146.3659201760997,-951.8352335138188,-1920.5337273937744,-726.0030407314935
2024-10-17,-284.417818512048,6659.0060082337,-2159.587573503586,4215.000616218066
2024-10-18,3127.936738152925,-950.7381752723741,-1437.9637936210088,739.2347692595422
2024-10-21,-1495.9828413993,10448.082381276065,-1232.5620264937243,7719.53751338304
2024-10-22,1142.0711343349747,948.7318218837463,-1714.419046781586,376.3839094371351
2024-10-23,-6380.204819269426,3793.1070039168408,-3239.4909031251586,-5826.588718477744
2024-10-24,2620.25978577995,-2844.5572627972724,-702.5756308767654,-926.8731078940878
2024-10-25,884.767897355925,3792.379204783225,1130.0332903296066,5807.1803924687565
2024-10-28,-436.5497507338805,2842.3751217668323,-1030.270227356823,1375.5551436761289
2024-10-29,3686.15619447375,0.0,-1364.202757407611,2321.953437066139
2024-10-30,334.74337449407506,947.0949801648385,-1109.2500319988972,172.58832266001627
2024-10-31,-8096.978122724776,-947.0949801648385,-1845.920526049781,-10889.993628939395
2024-11-01,-839.8743756739001,8517.321254503782,-3730.615144423041,3946.831734406841
2024-11-04,881.5630556568751,-5676.581091104468,-2050.843426119343,-6845.861461566936
2024-11-05,3689.5627614226996,-4735.47516208337,-1184.136630591695,-2230.0490312523657
2024-11-06,-2776.370954739324,15137.557223732307,11524.087485498256,23885.273754491238
2024-11-07,3268.0375637885,-10402.082061648936,7111.029313646739,-23.015184213697466
2024-11-08,1356.148834333225,-946.7318128452898,4461.33197372292,4870.748995210855
2024-11-11,-8256.684952067626,0.0,792.0265954838542,-7464.658356583772
2024-11-12,-5701.324915893049,12293.371063607978,-3915.282409591086,2676.7637381238424
2024-11-13,-3692.2936938254998,944.3763087634579,312.92587258565874,-2434.991512476383
2024-11-14,-3534.3457433155995,-944.3763087634579,-7767.957914311339,-12246.679966390397
2024-11-15,-4365.95969697995,0.0,-15148.869940851135,-19514.829637831084
2024-11-18,6381.51468001975,-944.5571891137515,-2241.740674007019,3195.2168168989792
2024-11-19,5123.35332681985,-2834.757369263709,2098.1220169614403,4386.717974517582
2024-11-20,1414.50592659065,1890.019247827615,1611.2539534819348,4915.7791279001995
2024-11-21,1829.459152900525,1889.2953105498455,-616.6584662780679,3102.0959971723023
2024-11-22,2308.077017319175,-1889.2953105498455,-4615.736543691981,-4196.954836922651
2024-11-25,-3694.2113325585256,-13245.360745804603,-1281.6231272529421,-18221.195205616074
2024-11-26,407.0817955824002,2841.2849927464704,442.1614742932434,3690.528262622114
2024-11-27,1920.6267228892245,-4736.3834723208565,-2393.8700087113034,-5209.626758142935
2024-11-29,4761.145556473769,-6638.574722867183,1338.0714150299013,-539.3577513635123
2024-12-02,-2196.5070394375157,948.9139550806431,69.93532399371816,-1177.6577603631545
2024-12-03,-1135.523480999125,3793.8350125795405,-512.6670966901088,2145.6444348903065
2024-12-04,3482.7166506472,-3793.8350125795405,4240.795056434024,3929.676694501684
2024-12-05,-2215.5761448827498,-1898.010095810605,-1915.8228208559365,-6029.409061549291
2024-12-06,3047.848270430025,-1898.7390483197087,-247.4566193707517,901.6526027395646
2024-12-09,-166.3574044048,4745.48096601406,-2819.8052650299414,1759.3182965793185
2024-12-10,1800.151259623175,1896.917453887363,-3129.530769867046,567.5379436434923
2024-12-11,3030.53514763605,3791.651615098206,4356.271144058979,11178.457906793235
2024-12-12,-6559.56770391325,5682.025469596454,-4670.169372562185,-5547.711606878981
2024-12-13,-5043.8752412589,7565.874526949221,-1181.8032753610623,1340.1960103292586
2024-12-16,2606.068828368825,-945.1001420770772,3716.731933216948,5377.700619508696
2024-12-17,-1820.1908160742503,945.1001420770772,-3026.7402593374018,-3901.830933334575
2024-12-18,-14877.375344177948,9441.052998221741,6843.736052604698,1407.413706648491
2024-12-19,-4330.392782927275,6597.993240031094,-8508.460250397206,-6240.859793293387
2024-12-20,6854.16717646175,-4711.950505598739,-9747.562874141408,-7605.346203278396
2024-12-23,841.1746836781749,6595.469262057886,-1492.9034642331658,5943.740481502895
2024-12-24,2742.5812710629752,0.0,4755.111550894043,7497.692821957018
2024-12-26,1815.6907916933776,-941.6693266539078,-689.5543153670047,184.4671496724651
2024-12-27,-4452.499169002399,3765.597204157384,-10118.83248304973,-10805.734447894745
2024-12-30,-2057.596860238325,-6591.686009745288,-7457.643703765967,-16106.92657374958
