,VaR_COPULA,mean_correlation,cvm_pvalue
2007-12-31,15042.6014750083,0.10401726473299107,0.286
2008-01-02,15511.762510066037,0.10401726473299107,0.286
2008-01-03,15597.880138445267,0.10401726473299107,0.286
2008-01-04,15403.23082211475,0.10401726473299107,0.286
2008-01-07,15360.913599954158,0.10401726473299107,0.286
2008-01-08,15504.57122825675,0.10401726473299107,0.286
2008-01-09,15813.420061042414,0.10401726473299107,0.286
2008-01-10,15614.330027166367,0.10401726473299107,0.286
2008-01-11,15786.972688841439,0.10401726473299107,0.286
2008-01-14,15867.88944060786,0.10401726473299107,0.286
2008-01-15,15430.45187664598,0.10401726473299107,0.286
2008-01-16,15758.236946016767,0.10401726473299107,0.286
2008-01-17,15833.48214899289,0.10401726473299107,0.286
2008-01-18,15670.756828463456,0.10401726473299107,0.286
2008-01-22,15713.354190531676,0.10401726473299107,0.286
2008-01-23,15604.869676911878,0.10401726473299107,0.286
2008-01-24,15559.710738121363,0.10401726473299107,0.286
2008-01-25,15757.70539035374,0.10401726473299107,0.286
2008-01-28,15414.937711496359,0.10401726473299107,0.286
2008-01-29,16130.291192086657,0.10401726473299107,0.286
2008-01-30,15862.525405290055,0.10401726473299107,0.286
2008-01-31,15970.188910773702,0.10401726473299107,0.286
2008-02-01,16133.597773925252,0.10401726473299107,0.286
2008-02-04,15794.733008220319,0.10401726473299107,0.286
2008-02-05,15937.164479326968,0.10401726473299107,0.286
2008-02-06,15944.259770618452,0.10401726473299107,0.286
2008-02-07,16273.998036745917,0.10401726473299107,0.286
2008-02-08,15944.06642197527,0.10401726473299107,0.286
2008-02-11,15939.585217864433,0.10401726473299107,0.286
2008-02-12,15837.373073720966,0.10401726473299107,0.286
2008-02-13,15979.964656501756,0.10401726473299107,0.286
2008-02-14,16142.787990116565,0.10401726473299107,0.286
2008-02-15,15947.730094434886,0.10401726473299107,0.286
2008-02-19,16117.136063945141,0.10401726473299107,0.286
2008-02-20,15757.915004647084,0.10401726473299107,0.286
2008-02-21,16326.77237799768,0.10401726473299107,0.286
2008-02-22,16065.374806662338,0.10401726473299107,0.286
2008-02-25,16074.095449542305,0.10401726473299107,0.286
2008-02-26,16553.350586107746,0.10401726473299107,0.286
2008-02-27,15921.645678197083,0.10401726473299107,0.286
2008-02-28,16107.685723745346,0.10401726473299107,0.286
2008-02-29,16557.7715556565,0.10401726473299107,0.286
2008-03-03,16312.524506920305,0.10401726473299107,0.286
2008-03-04,16500.285828963097,0.10401726473299107,0.286
2008-03-05,16583.134183078473,0.10401726473299107,0.286
2008-03-06,16738.83461761912,0.10401726473299107,0.286
2008-03-07,16552.6327489676,0.10401726473299107,0.286
2008-03-10,16798.62182945219,0.10401726473299107,0.286
2008-03-11,16575.408236635558,0.10401726473299107,0.286
2008-03-12,16726.753314625905,0.10401726473299107,0.286
2008-03-13,16839.048501167345,0.10401726473299107,0.286
2008-03-14,16650.183309668144,0.10401726473299107,0.286
2008-03-17,16732.216218702873,0.10401726473299107,0.286
2008-03-18,16723.290772798653,0.10401726473299107,0.286
2008-03-19,16761.722238883296,0.10401726473299107,0.286
2008-03-20,16471.154513914644,0.10401726473299107,0.286
2008-03-24,16848.98264374866,0.10401726473299107,0.286
2008-03-25,16760.664553528095,0.10401726473299107,0.286
2008-03-26,16842.467771462092,0.10401726473299107,0.286
2008-03-27,16674.032369006796,0.10401726473299107,0.286
2008-03-28,16279.94380418704,0.10401726473299107,0.286
2008-03-31,16563.76710328941,0.10401726473299107,0.286
2008-04-01,16816.349157363573,0.10401726473299107,0.286
2008-04-02,17088.122877700687,0.10401726473299107,0.286
2008-04-03,16942.00194579651,0.10401726473299107,0.286
2008-04-04,16523.955366483133,0.10401726473299107,0.286
2008-04-07,17247.80218871023,0.10401726473299107,0.286
2008-04-08,16669.112157068783,0.10401726473299107,0.286
2008-04-09,16811.62845307143,0.10401726473299107,0.286
2008-04-10,16445.909706334547,0.10401726473299107,0.286
2008-04-11,17355.47209339894,0.10401726473299107,0.286
2008-04-14,17070.803591351592,0.10401726473299107,0.286
2008-04-15,17051.923298058267,0.10401726473299107,0.286
2008-04-16,16551.398581389825,0.10401726473299107,0.286
2008-04-17,16828.04001233002,0.10401726473299107,0.286
2008-04-18,16776.70980807384,0.10401726473299107,0.286
2008-04-21,16839.20149008421,0.10401726473299107,0.286
2008-04-22,16656.37903584852,0.10401726473299107,0.286
2008-04-23,16468.433136886273,0.10401726473299107,0.286
2008-04-24,16620.858492391948,0.10401726473299107,0.286
2008-04-25,16640.650091964497,0.10401726473299107,0.286
2008-04-28,16683.124094468563,0.10401726473299107,0.286
2008-04-29,16714.10380380725,0.10401726473299107,0.286
2008-04-30,16873.5910613958,0.10401726473299107,0.286
2008-05-01,16759.74108463541,0.10401726473299107,0.286
2008-05-02,16873.16568171393,0.10401726473299107,0.286
2008-05-05,16649.28847682694,0.10401726473299107,0.286
2008-05-06,16776.608703779675,0.10401726473299107,0.286
2008-05-07,17009.82972401596,0.10401726473299107,0.286
2008-05-08,16894.64927713532,0.10401726473299107,0.286
2008-05-09,16932.382588563418,0.10401726473299107,0.286
2008-05-12,16957.540502961492,0.10401726473299107,0.286
2008-05-13,17033.714694678038,0.10401726473299107,0.286
2008-05-14,17015.136355136223,0.10401726473299107,0.286
2008-05-15,16720.934346468104,0.10401726473299107,0.286
2008-05-16,16937.050188640787,0.10401726473299107,0.286
2008-05-19,17259.731966027903,0.10401726473299107,0.286
2008-05-20,16863.65556130067,0.10401726473299107,0.286
2008-05-21,16838.05601501413,0.10401726473299107,0.286
2008-05-22,16824.50718514973,0.10401726473299107,0.286
2008-05-23,16886.980304357665,0.10401726473299107,0.286
2008-05-27,16760.6553717037,0.10401726473299107,0.286
2008-05-28,16527.993130746698,0.10401726473299107,0.286
2008-05-29,16936.569253033147,0.10401726473299107,0.286
2008-05-30,16829.77910133563,0.10401726473299107,0.286
2008-06-02,16237.862569699451,0.10401726473299107,0.286
2008-06-03,16670.209057302924,0.10401726473299107,0.286
2008-06-04,16791.615767700234,0.10401726473299107,0.286
2008-06-05,16624.726460073885,0.10401726473299107,0.286
2008-06-06,17131.298126418737,0.10401726473299107,0.286
2008-06-09,16805.163316886432,0.10401726473299107,0.286
2008-06-10,16897.335213204595,0.10401726473299107,0.286
2008-06-11,16638.93478879624,0.10401726473299107,0.286
2008-06-12,16840.497337408975,0.10401726473299107,0.286
2008-06-13,16631.738868773402,0.10401726473299107,0.286
2008-06-16,16856.987930950443,0.10401726473299107,0.286
2008-06-17,17164.99122797454,0.10401726473299107,0.286
2008-06-18,17220.215017287614,0.10401726473299107,0.286
2008-06-19,16748.210096776973,0.10401726473299107,0.286
2008-06-20,16656.748099602646,0.10401726473299107,0.286
2008-06-23,16782.885463563664,0.10401726473299107,0.286
2008-06-24,16740.24243632396,0.10401726473299107,0.286
2008-06-25,16993.816132668322,0.10401726473299107,0.286
2008-06-26,17040.147542713294,0.10401726473299107,0.286
2008-06-27,16894.658974231286,0.10401726473299107,0.286
2008-06-30,16875.080660301126,0.10401726473299107,0.286
2008-07-01,16982.722755125884,0.10401726473299107,0.286
2008-07-02,17148.421500960692,0.10401726473299107,0.286
2008-07-03,16838.622100341454,0.10401726473299107,0.286
2008-07-07,16861.379787433954,0.10401726473299107,0.286
2008-07-08,16641.327407164226,0.10401726473299107,0.286
2008-07-09,16874.299834488622,0.10401726473299107,0.286
2008-07-10,16839.82153389976,0.10401726473299107,0.286
2008-07-11,16790.854060860085,0.10401726473299107,0.286
2008-07-14,17040.951445360257,0.10401726473299107,0.286
2008-07-15,17110.38606238545,0.10401726473299107,0.286
2008-07-16,17153.039629550913,0.10401726473299107,0.286
2008-07-17,16988.80242206152,0.10401726473299107,0.286
2008-07-18,16644.77636642975,0.10401726473299107,0.286
2008-07-21,16538.39505274538,0.10401726473299107,0.286
2008-07-22,16415.38110046133,0.10401726473299107,0.286
2008-07-23,16773.178118660933,0.10401726473299107,0.286
2008-07-24,16888.219427395845,0.10401726473299107,0.286
2008-07-25,16960.592428467928,0.10401726473299107,0.286
2008-07-28,17278.295204751168,0.10401726473299107,0.286
2008-07-29,16586.589257990432,0.10401726473299107,0.286
2008-07-30,17122.156506821964,0.10401726473299107,0.286
2008-07-31,16840.750339259917,0.10401726473299107,0.286
2008-08-01,16699.81064252351,0.10401726473299107,0.286
2008-08-04,16966.841618975042,0.10401726473299107,0.286
2008-08-05,16740.090259529818,0.10401726473299107,0.286
2008-08-08,17160.046024474184,0.10401726473299107,0.286
2008-08-11,16851.00686081265,0.10401726473299107,0.286
2008-08-12,17143.646613197954,0.10401726473299107,0.286
2008-08-13,17026.77637281168,0.10401726473299107,0.286
2008-08-26,16592.343190275664,0.10401726473299107,0.286
2008-08-27,17087.753517291392,0.10401726473299107,0.286
2008-08-28,17391.523887878353,0.10401726473299107,0.286
2008-08-29,17138.01134943828,0.10401726473299107,0.286
2008-09-02,17494.067352055627,0.10401726473299107,0.286
2008-09-03,17177.774393386204,0.10401726473299107,0.286
2008-09-04,17087.192009559858,0.10401726473299107,0.286
2008-09-05,16946.50903341544,0.10401726473299107,0.286
2008-09-08,16910.99429136294,0.10401726473299107,0.286
2008-09-09,17074.886597120705,0.10401726473299107,0.286
2008-09-10,17048.7539071583,0.10401726473299107,0.286
2008-09-11,17400.203677843074,0.10401726473299107,0.286
2008-09-12,17047.549705156285,0.10401726473299107,0.286
2008-09-15,16800.08746882888,0.10401726473299107,0.286
2008-09-16,17346.310798506758,0.10401726473299107,0.286
2008-09-17,17551.782871609408,0.10401726473299107,0.286
2008-09-18,17484.26786319534,0.10401726473299107,0.286
2008-09-19,17732.620208604214,0.10401726473299107,0.286
2008-09-22,17547.35863042224,0.10401726473299107,0.286
2008-09-23,17502.756867520067,0.10401726473299107,0.286
2008-09-24,17651.808840471578,0.10401726473299107,0.286
2008-09-25,18022.976162207786,0.10401726473299107,0.286
2008-09-26,18156.968171442288,0.10401726473299107,0.286
2008-09-29,17921.393676070926,0.10401726473299107,0.286
2008-09-30,17440.645039527306,0.10401726473299107,0.286
2008-10-01,17416.765553475816,0.10401726473299107,0.286
2008-10-02,18126.65806335832,0.10401726473299107,0.286
2008-10-03,18118.937320903075,0.10401726473299107,0.286
2008-10-06,17501.53044536045,0.10401726473299107,0.286
2008-10-07,17981.368249275376,0.10401726473299107,0.286
2008-10-08,18050.723608513883,0.10401726473299107,0.286
2008-10-09,17840.092552028913,0.10401726473299107,0.286
2008-10-10,18025.285868674164,0.10401726473299107,0.286
2008-10-13,17724.35220540503,0.10401726473299107,0.286
2008-10-14,18144.18482445345,0.10401726473299107,0.286
2008-10-15,18408.789304352893,0.10401726473299107,0.286
2008-10-16,18505.061941063366,0.10401726473299107,0.286
2008-10-17,18543.330148405963,0.10401726473299107,0.286
2008-10-20,17951.161468471608,0.10401726473299107,0.286
2008-10-21,18637.768750496605,0.10401726473299107,0.286
2008-10-22,18538.9592663491,0.10401726473299107,0.286
2008-10-23,17961.834065496405,0.10401726473299107,0.286
2008-10-24,18554.831808158433,0.10401726473299107,0.286
2008-10-27,18832.409384284583,0.10401726473299107,0.286
2008-10-28,18553.689000064267,0.10401726473299107,0.286
2008-10-29,18331.96074139147,0.10401726473299107,0.286
2008-10-30,18688.372003091976,0.10401726473299107,0.286
2008-10-31,18508.363492621575,0.10401726473299107,0.286
2008-11-03,18362.259373098415,0.10401726473299107,0.286
2008-11-04,19046.470175295137,0.10401726473299107,0.286
2008-11-05,18301.683659845574,0.10401726473299107,0.286
2008-11-06,18162.87804631744,0.10401726473299107,0.286
2008-11-07,18654.861837395412,0.10401726473299107,0.286
2008-11-10,18878.828009546014,0.10401726473299107,0.286
2008-11-11,18187.227904437776,0.10401726473299107,0.286
2008-11-12,18870.256673400887,0.10401726473299107,0.286
2008-11-13,18390.45831463307,0.10401726473299107,0.286
2008-11-14,18686.6021264571,0.10401726473299107,0.286
2008-11-17,18786.93815098016,0.10401726473299107,0.286
2008-11-18,18948.1229075091,0.10401726473299107,0.286
2008-11-19,18527.267747963346,0.10401726473299107,0.286
2008-11-20,18816.67552336647,0.10401726473299107,0.286
2008-11-21,18852.03196316004,0.10401726473299107,0.286
2008-11-24,18778.3484017299,0.10401726473299107,0.286
2008-11-25,18753.978165018238,0.10401726473299107,0.286
2008-11-26,19582.313008174922,0.10401726473299107,0.286
2008-11-28,20536.677782591632,0.10401726473299107,0.286
2008-12-01,19780.08844427227,0.10401726473299107,0.286
2008-12-02,20129.82053077984,0.10401726473299107,0.286
2008-12-03,19871.044323172107,0.10401726473299107,0.286
2008-12-04,19707.932200160452,0.10401726473299107,0.286
2008-12-05,19965.790279242312,0.10401726473299107,0.286
2008-12-08,19490.109338811646,0.10401726473299107,0.286
2008-12-09,20247.363025855655,0.10401726473299107,0.286
2008-12-10,20160.544336584724,0.10401726473299107,0.286
2008-12-11,20171.41689320839,0.10401726473299107,0.286
2008-12-12,19960.76543850873,0.10401726473299107,0.286
2008-12-15,19449.25306383951,0.10401726473299107,0.286
2008-12-16,19850.079724452942,0.10401726473299107,0.286
2008-12-17,19665.12215508254,0.10401726473299107,0.286
2008-12-18,19927.17448976932,0.10401726473299107,0.286
2008-12-19,20331.030237030765,0.10401726473299107,0.286
2008-12-22,20464.342266568994,0.10401726473299107,0.286
2008-12-23,20754.87189905006,0.10401726473299107,0.286
2008-12-24,20489.250270721954,0.10401726473299107,0.286
2008-12-26,20565.503563587077,0.10401726473299107,0.286
2008-12-29,20482.647260050944,0.10401726473299107,0.286
2008-12-30,19875.82519209909,0.10401726473299107,0.286
2008-12-31,20382.44060928809,0.10401726473299107,0.286
2009-01-02,20265.996080996807,0.10401726473299107,0.286
2009-01-05,20585.510220444994,0.10401726473299107,0.286
2009-01-06,20300.023672104784,0.10401726473299107,0.286
2009-01-07,20463.948447249088,0.10401726473299107,0.286
2009-01-08,20294.912403072325,0.10401726473299107,0.286
2009-01-09,20792.281602576633,0.10401726473299107,0.286
2009-01-12,27214.36808378425,0.05887823357778335,0.032
2009-01-13,27565.78536637556,0.05887823357778335,0.032
2009-01-14,26612.37552236735,0.05887823357778335,0.032
2009-01-15,28239.452466983592,0.05887823357778335,0.032
2009-01-16,26767.048924168324,0.05887823357778335,0.032
2009-01-20,27561.92699003153,0.05887823357778335,0.032
2009-01-21,26639.478696184426,0.05887823357778335,0.032
2009-01-22,26372.44009591152,0.05887823357778335,0.032
2009-01-23,27238.2119342784,0.05887823357778335,0.032
2009-01-26,26429.875046043526,0.05887823357778335,0.032
2009-01-27,26907.18753639205,0.05887823357778335,0.032
2009-01-28,27119.205843086183,0.05887823357778335,0.032
2009-01-29,27329.982207834975,0.05887823357778335,0.032
2009-01-30,27821.482394133436,0.05887823357778335,0.032
2009-02-02,26858.76023265043,0.05887823357778335,0.032
2009-02-03,26243.937243695087,0.05887823357778335,0.032
2009-02-04,27420.06944930188,0.05887823357778335,0.032
2009-02-05,27278.48780266681,0.05887823357778335,0.032
2009-02-06,27634.68594466663,0.05887823357778335,0.032
2009-02-09,27895.79078867776,0.05887823357778335,0.032
2009-02-10,26548.27222153618,0.05887823357778335,0.032
2009-02-11,28766.935612345984,0.05887823357778335,0.032
2009-02-12,26730.169044629467,0.05887823357778335,0.032
2009-02-13,27278.568123948677,0.05887823357778335,0.032
2009-02-17,27228.5635727742,0.05887823357778335,0.032
2009-02-18,26941.0895748199,0.05887823357778335,0.032
2009-02-19,26911.322541116224,0.05887823357778335,0.032
2009-02-20,27554.600092566954,0.05887823357778335,0.032
2009-02-23,27314.36413063462,0.05887823357778335,0.032
2009-02-24,28170.918581085658,0.05887823357778335,0.032
2009-02-25,27364.637104181715,0.05887823357778335,0.032
2009-02-26,27207.54126460773,0.05887823357778335,0.032
2009-02-27,27052.03191434759,0.05887823357778335,0.032
2009-03-02,26626.847393998996,0.05887823357778335,0.032
2009-03-03,28646.55306126011,0.05887823357778335,0.032
2009-03-04,28292.715655238764,0.05887823357778335,0.032
2009-03-05,26800.09307111281,0.05887823357778335,0.032
2009-03-06,27914.390012717296,0.05887823357778335,0.032
2009-03-09,27342.650152028655,0.05887823357778335,0.032
2009-03-10,27286.60633955606,0.05887823357778335,0.032
2009-03-11,27882.731557409876,0.05887823357778335,0.032
2009-03-12,27279.452766943425,0.05887823357778335,0.032
2009-03-13,27489.772856518266,0.05887823357778335,0.032
2009-03-16,27848.982892240656,0.05887823357778335,0.032
2009-03-17,26275.27110871155,0.05887823357778335,0.032
2009-03-18,28170.13602049433,0.05887823357778335,0.032
2009-03-19,29486.858230025748,0.05887823357778335,0.032
2009-03-20,29363.176411124387,0.05887823357778335,0.032
2009-03-23,29097.115895483526,0.05887823357778335,0.032
2009-03-24,29637.295536828984,0.05887823357778335,0.032
2009-03-25,30619.11640802973,0.05887823357778335,0.032
2009-03-26,28891.539137201617,0.05887823357778335,0.032
2009-03-27,27842.45849870558,0.05887823357778335,0.032
2009-03-30,29033.028787815318,0.05887823357778335,0.032
2009-03-31,27532.952299604265,0.05887823357778335,0.032
2009-04-01,30434.076185438727,0.05887823357778335,0.032
2009-04-02,29338.343215650322,0.05887823357778335,0.032
2009-04-03,27980.74947126365,0.05887823357778335,0.032
2009-04-06,29620.835940339784,0.05887823357778335,0.032
2009-04-07,30554.34436094578,0.05887823357778335,0.032
2009-04-08,30044.59064611059,0.05887823357778335,0.032
2009-04-09,27924.666592522175,0.05887823357778335,0.032
2009-04-13,29198.04654750816,0.05887823357778335,0.032
2009-04-14,30001.848392439388,0.05887823357778335,0.032
2009-04-15,30795.765764655152,0.05887823357778335,0.032
2009-04-16,28947.106421040506,0.05887823357778335,0.032
2009-04-17,29129.2500564323,0.05887823357778335,0.032
2009-04-20,28596.358551732854,0.05887823357778335,0.032
2009-04-21,28740.851724636515,0.05887823357778335,0.032
2009-04-22,29035.74508059386,0.05887823357778335,0.032
2009-04-23,29157.09305038257,0.05887823357778335,0.032
2009-04-24,29269.31860732403,0.05887823357778335,0.032
2009-04-27,29939.956522952256,0.05887823357778335,0.032
2009-04-28,28686.230640909995,0.05887823357778335,0.032
2009-04-29,29022.264171845156,0.05887823357778335,0.032
2009-04-30,29649.994294280277,0.05887823357778335,0.032
2009-05-01,28261.786247168988,0.05887823357778335,0.032
2009-05-04,28063.630220814695,0.05887823357778335,0.032
2009-05-05,29338.41547032554,0.05887823357778335,0.032
2009-05-06,29673.734910158946,0.05887823357778335,0.032
2009-05-07,28509.54444762559,0.05887823357778335,0.032
2009-05-08,29014.772149420438,0.05887823357778335,0.032
2009-05-11,28931.026568997182,0.05887823357778335,0.032
2009-05-12,29819.03673700238,0.05887823357778335,0.032
2009-05-13,30997.56056137871,0.05887823357778335,0.032
2009-05-14,29859.08324854672,0.05887823357778335,0.032
2009-05-15,29532.145290445187,0.05887823357778335,0.032
2009-05-18,29902.17445027749,0.05887823357778335,0.032
2009-05-19,31055.40121698176,0.05887823357778335,0.032
2009-05-20,28694.300209884448,0.05887823357778335,0.032
2009-05-21,31261.37832342206,0.05887823357778335,0.032
2009-05-22,30053.99278503267,0.05887823357778335,0.032
2009-05-26,28245.304059025235,0.05887823357778335,0.032
2009-05-27,30423.05618172284,0.05887823357778335,0.032
2009-05-28,28811.51435561314,0.05887823357778335,0.032
2009-05-29,29385.603064697854,0.05887823357778335,0.032
2009-06-01,30323.29344244378,0.05887823357778335,0.032
2009-06-02,30602.036180468927,0.05887823357778335,0.032
2009-06-03,29250.973293663166,0.05887823357778335,0.032
2009-06-04,28379.49774490871,0.05887823357778335,0.032
2009-06-05,28740.35463634333,0.05887823357778335,0.032
2009-06-08,29396.137824051842,0.05887823357778335,0.032
2009-06-09,30232.83564046927,0.05887823357778335,0.032
2009-06-10,28299.106936959142,0.05887823357778335,0.032
2009-06-11,28447.688511406224,0.05887823357778335,0.032
2009-06-12,30870.110100160364,0.05887823357778335,0.032
2009-06-15,29399.968153869337,0.05887823357778335,0.032
2009-06-16,28628.22763008214,0.05887823357778335,0.032
2009-06-17,30346.461836052866,0.05887823357778335,0.032
2009-06-18,29760.29060993842,0.05887823357778335,0.032
2009-06-19,28835.70415072376,0.05887823357778335,0.032
2009-06-22,28801.202021461566,0.05887823357778335,0.032
2009-06-23,28754.514726130972,0.05887823357778335,0.032
2009-06-24,29682.037402433085,0.05887823357778335,0.032
2009-06-25,29755.958222632435,0.05887823357778335,0.032
2009-06-26,29097.605428179,0.05887823357778335,0.032
2009-06-29,29571.208575289285,0.05887823357778335,0.032
2009-06-30,28727.11856878538,0.05887823357778335,0.032
2009-07-01,29154.064081573422,0.05887823357778335,0.032
2009-07-02,29923.764815979663,0.05887823357778335,0.032
2009-07-06,29743.796782735386,0.05887823357778335,0.032
2009-07-07,28279.067357100364,0.05887823357778335,0.032
2009-07-08,28404.051118086092,0.05887823357778335,0.032
2009-07-09,30323.486816029672,0.05887823357778335,0.032
2009-07-10,28842.173724110955,0.05887823357778335,0.032
2009-07-13,30276.67733579646,0.05887823357778335,0.032
2009-07-14,29139.76108719663,0.05887823357778335,0.032
2009-07-15,29311.78800307659,0.05887823357778335,0.032
2009-07-16,29475.783746053272,0.05887823357778335,0.032
2009-07-17,29015.047666820916,0.05887823357778335,0.032
2009-07-20,30195.13377379508,0.05887823357778335,0.032
2009-07-21,29656.957679735355,0.05887823357778335,0.032
2009-07-22,28714.04003827868,0.05887823357778335,0.032
2009-07-23,29796.58787206429,0.05887823357778335,0.032
2009-07-24,27822.570155260342,0.05887823357778335,0.032
2009-07-27,31550.669152405808,0.05887823357778335,0.032
2009-07-28,29216.956961255433,0.05887823357778335,0.032
2009-07-29,29552.607666433083,0.05887823357778335,0.032
2009-07-30,28337.715467262333,0.05887823357778335,0.032
2009-07-31,30637.902753463743,0.05887823357778335,0.032
2009-08-03,29910.298234665515,0.05887823357778335,0.032
2009-08-04,28918.451557056345,0.05887823357778335,0.032
2009-08-05,29188.235067583366,0.05887823357778335,0.032
2009-08-06,29827.64423390515,0.05887823357778335,0.032
2009-08-07,29425.850884678235,0.05887823357778335,0.032
2009-08-10,28253.65833001106,0.05887823357778335,0.032
2009-08-11,29639.614855309494,0.05887823357778335,0.032
2009-08-12,28972.119179754216,0.05887823357778335,0.032
2009-08-13,29283.71556337959,0.05887823357778335,0.032
2009-08-14,29963.31065199941,0.05887823357778335,0.032
2009-08-17,30130.515446805053,0.05887823357778335,0.032
2009-08-18,29684.900326365558,0.05887823357778335,0.032
2009-08-19,29117.36454773694,0.05887823357778335,0.032
2009-08-20,28342.527452877,0.05887823357778335,0.032
2009-08-21,29060.14921664477,0.05887823357778335,0.032
2009-08-24,28901.973796258557,0.05887823357778335,0.032
2009-08-25,30412.583022111496,0.05887823357778335,0.032
2009-08-26,30291.31576651253,0.05887823357778335,0.032
2009-08-27,30462.675661648536,0.05887823357778335,0.032
2009-08-28,29954.79352194394,0.05887823357778335,0.032
2009-08-31,29685.962455075525,0.05887823357778335,0.032
2009-09-01,29534.030474972198,0.05887823357778335,0.032
2009-09-02,29387.07104936113,0.05887823357778335,0.032
2009-09-03,29855.714099065783,0.05887823357778335,0.032
2009-09-04,30037.717309703738,0.05887823357778335,0.032
2009-09-08,29365.559013516908,0.05887823357778335,0.032
2009-09-09,30163.890514231487,0.05887823357778335,0.032
2009-09-10,30778.339125984814,0.05887823357778335,0.032
2009-09-11,30183.48861915597,0.05887823357778335,0.032
2009-09-14,30003.290897733506,0.05887823357778335,0.032
2009-09-15,28869.80516549548,0.05887823357778335,0.032
2009-09-16,28164.67578590387,0.05887823357778335,0.032
2009-09-17,29331.50234739941,0.05887823357778335,0.032
2009-09-18,29508.383219131672,0.05887823357778335,0.032
2009-09-21,29191.178357781675,0.05887823357778335,0.032
2009-09-22,28830.117952501503,0.05887823357778335,0.032
2009-09-23,30429.29353165607,0.05887823357778335,0.032
2009-09-24,29636.974821278924,0.05887823357778335,0.032
2009-09-25,28587.807735705544,0.05887823357778335,0.032
2009-09-28,30555.307052033404,0.05887823357778335,0.032
2009-09-29,28442.306732957702,0.05887823357778335,0.032
2009-09-30,29270.721282584393,0.05887823357778335,0.032
2009-10-01,30805.96228112298,0.05887823357778335,0.032
2009-10-02,29295.24380731687,0.05887823357778335,0.032
2009-10-05,31582.699863097907,0.05887823357778335,0.032
2009-10-06,29749.911459001094,0.05887823357778335,0.032
2009-10-07,29456.83904004341,0.05887823357778335,0.032
2009-10-08,30302.94444013773,0.05887823357778335,0.032
2009-10-09,30164.36438827833,0.05887823357778335,0.032
2009-10-12,30555.242410576022,0.05887823357778335,0.032
2009-10-13,28862.486812098872,0.05887823357778335,0.032
2009-10-14,29716.269080206195,0.05887823357778335,0.032
2009-10-15,29490.44958658836,0.05887823357778335,0.032
2009-10-16,29395.788547929278,0.05887823357778335,0.032
2009-10-19,29427.35903023023,0.05887823357778335,0.032
2009-10-20,29328.627292179175,0.05887823357778335,0.032
2009-10-21,29817.07079390805,0.05887823357778335,0.032
2009-10-22,28979.774013125047,0.05887823357778335,0.032
2009-10-23,28755.210796443633,0.05887823357778335,0.032
2009-10-26,30239.93636360347,0.05887823357778335,0.032
2009-10-27,28177.91374983455,0.05887823357778335,0.032
2009-10-28,29817.59728626061,0.05887823357778335,0.032
2009-10-29,29083.892168265556,0.05887823357778335,0.032
2009-10-30,28443.11205658625,0.05887823357778335,0.032
2009-11-02,30128.758481542853,0.05887823357778335,0.032
2009-11-03,28440.39468064245,0.05887823357778335,0.032
2009-11-04,29217.916232738688,0.05887823357778335,0.032
2009-11-05,30934.436873498074,0.05887823357778335,0.032
2009-11-06,29781.63136812277,0.05887823357778335,0.032
2009-11-09,28841.46452318255,0.05887823357778335,0.032
2009-11-10,29293.987894227335,0.05887823357778335,0.032
2009-11-11,29912.305771676703,0.05887823357778335,0.032
2009-11-12,29436.88822536157,0.05887823357778335,0.032
2009-11-13,28532.830079619693,0.05887823357778335,0.032
2009-11-16,27987.8801996407,0.05887823357778335,0.032
2009-11-17,29339.648055640293,0.05887823357778335,0.032
2009-11-18,30220.287282603284,0.05887823357778335,0.032
2009-11-19,30127.013806853065,0.05887823357778335,0.032
2009-11-20,30043.679454720263,0.05887823357778335,0.032
2009-11-23,29639.97457699026,0.05887823357778335,0.032
2009-11-24,28939.762651412395,0.05887823357778335,0.032
2009-11-25,30627.754209792565,0.05887823357778335,0.032
2009-11-27,30561.87722885234,0.05887823357778335,0.032
2009-11-30,29282.429053513253,0.05887823357778335,0.032
2009-12-01,28824.364845099484,0.05887823357778335,0.032
2009-12-02,29213.59079572717,0.05887823357778335,0.032
2009-12-03,30614.394965044707,0.05887823357778335,0.032
2009-12-04,29007.009761509555,0.05887823357778335,0.032
2009-12-07,29540.06336459429,0.05887823357778335,0.032
2009-12-08,28992.026104725923,0.05887823357778335,0.032
2009-12-09,29755.87530738552,0.05887823357778335,0.032
2009-12-10,30583.211170203587,0.05887823357778335,0.032
2009-12-11,29715.467840606023,0.05887823357778335,0.032
2009-12-14,29467.500719936106,0.05887823357778335,0.032
2009-12-15,28095.721963961987,0.05887823357778335,0.032
2009-12-16,29890.153455758667,0.05887823357778335,0.032
2009-12-17,29202.689754545958,0.05887823357778335,0.032
2009-12-18,29602.233375197997,0.05887823357778335,0.032
2009-12-21,29263.285492640083,0.05887823357778335,0.032
2009-12-22,29633.839938966925,0.05887823357778335,0.032
2009-12-23,29029.652881650538,0.05887823357778335,0.032
2009-12-24,29626.361863890434,0.05887823357778335,0.032
2009-12-28,30386.15800920696,0.05887823357778335,0.032
2009-12-29,29980.73585392047,0.05887823357778335,0.032
2009-12-30,28153.99327053991,0.05887823357778335,0.032
2009-12-31,28872.44748353744,0.05887823357778335,0.032
2010-01-04,29876.348386632904,0.05887823357778335,0.032
2010-01-05,28882.4973121534,0.05887823357778335,0.032
2010-01-06,30094.573009674397,0.05887823357778335,0.032
2010-01-07,28993.381967256355,0.05887823357778335,0.032
2010-01-08,31211.482144636106,0.07686715297568437,0.638
2010-01-11,31518.690377941697,0.07686715297568437,0.638
2010-01-12,30391.162000814787,0.07686715297568437,0.638
2010-01-13,30037.178913963544,0.07686715297568437,0.638
2010-01-14,30585.560267680463,0.07686715297568437,0.638
2010-01-15,31404.906406381626,0.07686715297568437,0.638
2010-01-19,30677.42115765004,0.07686715297568437,0.638
2010-01-20,29572.612802881933,0.07686715297568437,0.638
2010-01-21,29304.102211514193,0.07686715297568437,0.638
2010-01-22,29551.470923372362,0.07686715297568437,0.638
2010-01-25,30092.455067875228,0.07686715297568437,0.638
2010-01-26,30210.24348400705,0.07686715297568437,0.638
2010-01-27,30342.743626654716,0.07686715297568437,0.638
2010-01-28,30039.14862309175,0.07686715297568437,0.638
2010-01-29,30794.36409898986,0.07686715297568437,0.638
2010-02-01,29827.399213888093,0.07686715297568437,0.638
2010-02-02,30576.875117357627,0.07686715297568437,0.638
2010-02-03,29771.96948402366,0.07686715297568437,0.638
2010-02-04,29905.710862941534,0.07686715297568437,0.638
2010-02-05,30050.52247790341,0.07686715297568437,0.638
2010-02-08,30040.42368019113,0.07686715297568437,0.638
2010-02-09,31204.34186598577,0.07686715297568437,0.638
2010-02-10,30061.247789272034,0.07686715297568437,0.638
2010-02-11,30170.82678894908,0.07686715297568437,0.638
2010-02-12,30810.780667773473,0.07686715297568437,0.638
2010-02-16,30804.50201766768,0.07686715297568437,0.638
2010-02-17,30297.988914125548,0.07686715297568437,0.638
2010-02-18,30192.572001586144,0.07686715297568437,0.638
2010-02-19,30500.68549124206,0.07686715297568437,0.638
2010-02-22,30240.78038904222,0.07686715297568437,0.638
2010-02-23,30139.69285880827,0.07686715297568437,0.638
2010-02-24,30930.4137889494,0.07686715297568437,0.638
2010-02-25,30956.58351156751,0.07686715297568437,0.638
2010-02-26,30674.79771342912,0.07686715297568437,0.638
2010-03-01,30983.05983705079,0.07686715297568437,0.638
2010-03-02,30568.847253759548,0.07686715297568437,0.638
2010-03-03,29472.991462219114,0.07686715297568437,0.638
2010-03-04,30823.34434263958,0.07686715297568437,0.638
2010-03-05,30268.173622106355,0.07686715297568437,0.638
2010-03-08,28630.31828532309,0.07686715297568437,0.638
2010-03-09,30132.39449112912,0.07686715297568437,0.638
2010-03-10,29478.069456815792,0.07686715297568437,0.638
2010-03-11,28498.87416529329,0.07686715297568437,0.638
2010-03-12,29738.64813134699,0.07686715297568437,0.638
2010-03-15,30252.58926000616,0.07686715297568437,0.638
2010-03-16,29622.995931675367,0.07686715297568437,0.638
2010-03-17,29989.39786706138,0.07686715297568437,0.638
2010-03-18,31057.560219852385,0.07686715297568437,0.638
2010-03-19,30002.56811477599,0.07686715297568437,0.638
2010-03-22,30858.126918769965,0.07686715297568437,0.638
2010-03-23,29928.518860038774,0.07686715297568437,0.638
2010-03-24,29652.199953773346,0.07686715297568437,0.638
2010-03-25,30877.762360911154,0.07686715297568437,0.638
2010-03-26,29542.269672171595,0.07686715297568437,0.638
2010-03-29,30377.412333634824,0.07686715297568437,0.638
2010-03-30,30419.31704962984,0.07686715297568437,0.638
2010-03-31,30011.657885566394,0.07686715297568437,0.638
2010-04-01,30147.488643609096,0.07686715297568437,0.638
2010-04-05,29155.74790173407,0.07686715297568437,0.638
2010-04-06,29604.022756998038,0.07686715297568437,0.638
2010-04-07,30779.218932825017,0.07686715297568437,0.638
2010-04-08,30187.397897802777,0.07686715297568437,0.638
2010-04-09,29154.724136052955,0.07686715297568437,0.638
2010-04-12,30428.20417542025,0.07686715297568437,0.638
2010-04-13,28879.888620347723,0.07686715297568437,0.638
2010-04-14,30817.62148173381,0.07686715297568437,0.638
2010-04-15,30297.89928267538,0.07686715297568437,0.638
2010-04-16,29449.52513909593,0.07686715297568437,0.638
2010-04-19,28747.07428893746,0.07686715297568437,0.638
2010-04-20,29934.90865436456,0.07686715297568437,0.638
2010-04-21,30395.371447444297,0.07686715297568437,0.638
2010-04-22,29575.280566912817,0.07686715297568437,0.638
2010-04-23,29130.984962256287,0.07686715297568437,0.638
2010-04-26,30187.53044933267,0.07686715297568437,0.638
2010-04-27,30422.906865978657,0.07686715297568437,0.638
2010-04-28,30133.70842987331,0.07686715297568437,0.638
2010-04-29,30600.211727871898,0.07686715297568437,0.638
2010-04-30,29056.45534710742,0.07686715297568437,0.638
2010-05-03,29361.800576921207,0.07686715297568437,0.638
2010-05-04,30160.490780788787,0.07686715297568437,0.638
2010-05-05,29881.45171953978,0.07686715297568437,0.638
2010-05-06,30167.066924555184,0.07686715297568437,0.638
2010-05-07,30031.171270275972,0.07686715297568437,0.638
2010-05-10,30737.69833170937,0.07686715297568437,0.638
2010-05-11,29765.793105287292,0.07686715297568437,0.638
2010-05-12,30501.265840045453,0.07686715297568437,0.638
2010-05-13,29093.611395672295,0.07686715297568437,0.638
2010-05-14,30209.807959253583,0.07686715297568437,0.638
2010-05-17,30085.186456364678,0.07686715297568437,0.638
2010-05-18,30286.657077316075,0.07686715297568437,0.638
2010-05-19,30597.41718214216,0.07686715297568437,0.638
2010-05-20,29948.307059325987,0.07686715297568437,0.638
2010-05-21,30539.97246143421,0.07686715297568437,0.638
2010-05-24,31845.26841188507,0.07686715297568437,0.638
2010-05-25,29632.61565321569,0.07686715297568437,0.638
2010-05-26,30036.512705323465,0.07686715297568437,0.638
2010-05-27,29370.985545620366,0.07686715297568437,0.638
2010-05-28,30261.5585469492,0.07686715297568437,0.638
2010-06-01,31258.859321165273,0.07686715297568437,0.638
2010-06-02,29139.355046078777,0.07686715297568437,0.638
2010-06-03,29496.54480044053,0.07686715297568437,0.638
2010-06-04,29260.579137365734,0.07686715297568437,0.638
2010-06-07,29521.108759395174,0.07686715297568437,0.638
2010-06-08,29959.85672895495,0.07686715297568437,0.638
2010-06-09,29510.939340270044,0.07686715297568437,0.638
2010-06-10,29632.98622758414,0.07686715297568437,0.638
2010-06-11,29534.599767943528,0.07686715297568437,0.638
2010-06-14,30329.893699181783,0.07686715297568437,0.638
2010-06-15,29625.20145731464,0.07686715297568437,0.638
2010-06-16,30130.05878528953,0.07686715297568437,0.638
2010-06-17,29798.202446289084,0.07686715297568437,0.638
2010-06-18,29436.57066410776,0.07686715297568437,0.638
2010-06-21,30815.565584301905,0.07686715297568437,0.638
2010-06-22,30048.589968102155,0.07686715297568437,0.638
2010-06-23,29979.294621756108,0.07686715297568437,0.638
2010-06-24,30679.56472853284,0.07686715297568437,0.638
2010-06-25,29769.602490015015,0.07686715297568437,0.638
2010-06-28,30276.78098734891,0.07686715297568437,0.638
2010-06-29,30055.068944288716,0.07686715297568437,0.638
2010-06-30,31290.57554961724,0.07686715297568437,0.638
2010-07-01,30727.412241610164,0.07686715297568437,0.638
2010-07-02,31185.486613079862,0.07686715297568437,0.638
2010-07-06,30618.290308393454,0.07686715297568437,0.638
2010-07-07,30506.055463761117,0.07686715297568437,0.638
2010-07-08,29772.08658488367,0.07686715297568437,0.638
2010-07-09,29987.365900875284,0.07686715297568437,0.638
2010-07-12,31129.584520072054,0.07686715297568437,0.638
2010-07-13,30309.580211914643,0.07686715297568437,0.638
2010-07-14,29872.17951084013,0.07686715297568437,0.638
2010-07-15,29565.299037686895,0.07686715297568437,0.638
2010-07-16,29174.77757353982,0.07686715297568437,0.638
2010-07-19,30301.09025057215,0.07686715297568437,0.638
2010-07-20,30951.970261659702,0.07686715297568437,0.638
2010-07-21,30044.89522685745,0.07686715297568437,0.638
2010-07-22,30497.250548636617,0.07686715297568437,0.638
2010-07-23,29551.54077486512,0.07686715297568437,0.638
2010-07-26,30213.337549759835,0.07686715297568437,0.638
2010-07-27,30606.226147448277,0.07686715297568437,0.638
2010-07-28,31937.60323304631,0.07686715297568437,0.638
2010-07-29,30425.527074200458,0.07686715297568437,0.638
2010-07-30,30610.88012628398,0.07686715297568437,0.638
2010-08-02,28960.504301709363,0.07686715297568437,0.638
2010-08-03,29803.072752534223,0.07686715297568437,0.638
2010-08-04,31013.0703957548,0.07686715297568437,0.638
2010-08-05,31055.11440615234,0.07686715297568437,0.638
2010-08-06,30428.856436099933,0.07686715297568437,0.638
2010-08-09,30869.3947238065,0.07686715297568437,0.638
2010-08-10,30425.496068288285,0.07686715297568437,0.638
2010-08-11,29986.790141089965,0.07686715297568437,0.638
2010-08-12,30605.935666295223,0.07686715297568437,0.638
2010-08-13,30867.87622452809,0.07686715297568437,0.638
2010-08-16,29794.06986438262,0.07686715297568437,0.638
2010-08-17,30764.92833114191,0.07686715297568437,0.638
2010-08-18,30228.37389334458,0.07686715297568437,0.638
2010-08-19,30189.148187968793,0.07686715297568437,0.638
2010-08-20,31007.363411036928,0.07686715297568437,0.638
2010-08-23,29475.821196446286,0.07686715297568437,0.638
2010-08-24,29932.18536809484,0.07686715297568437,0.638
2010-08-25,29106.37276248047,0.07686715297568437,0.638
2010-08-26,29869.596004688785,0.07686715297568437,0.638
2010-08-27,29860.59063188594,0.07686715297568437,0.638
2010-08-30,30577.858319421714,0.07686715297568437,0.638
2010-08-31,30592.21251733987,0.07686715297568437,0.638
2010-09-01,31626.555978789966,0.07686715297568437,0.638
2010-09-02,30638.911108799766,0.07686715297568437,0.638
2010-09-03,30666.8025654144,0.07686715297568437,0.638
2010-09-07,30040.674029245103,0.07686715297568437,0.638
2010-09-08,29839.74783582495,0.07686715297568437,0.638
2010-09-09,30020.261968770646,0.07686715297568437,0.638
2010-09-10,29845.61800934729,0.07686715297568437,0.638
2010-09-13,30280.65197802471,0.07686715297568437,0.638
2010-09-14,30078.637805313763,0.07686715297568437,0.638
2010-09-15,30216.34774591152,0.07686715297568437,0.638
2010-09-16,30227.62037909775,0.07686715297568437,0.638
2010-09-17,29294.221295464184,0.07686715297568437,0.638
2010-09-20,30268.137654177794,0.07686715297568437,0.638
2010-09-21,30156.528620003297,0.07686715297568437,0.638
2010-09-22,29963.578316596533,0.07686715297568437,0.638
2010-09-23,29863.587860204985,0.07686715297568437,0.638
2010-09-24,30038.072907698403,0.07686715297568437,0.638
2010-09-27,29066.397875697407,0.07686715297568437,0.638
2010-09-28,29860.21787782198,0.07686715297568437,0.638
2010-09-29,29701.40948510641,0.07686715297568437,0.638
2010-09-30,31825.685753852726,0.07686715297568437,0.638
2010-10-01,30524.441159585327,0.07686715297568437,0.638
2010-10-04,30835.53074329422,0.07686715297568437,0.638
2010-10-05,29728.278540648553,0.07686715297568437,0.638
2010-10-06,29487.032481254253,0.07686715297568437,0.638
2010-10-07,29998.502742618228,0.07686715297568437,0.638
2010-10-08,30140.745200399957,0.07686715297568437,0.638
2010-10-11,28636.144714774633,0.07686715297568437,0.638
2010-10-12,30031.150893552418,0.07686715297568437,0.638
2010-10-13,30257.293122989166,0.07686715297568437,0.638
2010-10-14,28415.19099798695,0.07686715297568437,0.638
2010-10-15,29581.413922810574,0.07686715297568437,0.638
2010-10-18,29660.84798067898,0.07686715297568437,0.638
2010-10-19,30437.816869775386,0.07686715297568437,0.638
2010-10-20,29775.252855039707,0.07686715297568437,0.638
2010-10-21,29915.565132357573,0.07686715297568437,0.638
2010-10-22,30280.30919106835,0.07686715297568437,0.638
2010-10-25,29984.949137865893,0.07686715297568437,0.638
2010-10-26,30155.85971963332,0.07686715297568437,0.638
2010-10-27,30617.718092412022,0.07686715297568437,0.638
2010-10-28,29570.14894119775,0.07686715297568437,0.638
2010-10-29,29356.142994950045,0.07686715297568437,0.638
2010-11-01,30694.277209180233,0.07686715297568437,0.638
2010-11-02,30213.228058018736,0.07686715297568437,0.638
2010-11-03,30361.311902599806,0.07686715297568437,0.638
2010-11-04,29753.008415863274,0.07686715297568437,0.638
2010-11-05,30022.182481003947,0.07686715297568437,0.638
2010-11-08,30504.49252766156,0.07686715297568437,0.638
2010-11-09,30115.973496291095,0.07686715297568437,0.638
2010-11-10,29647.53028806646,0.07686715297568437,0.638
2010-11-11,30019.5670885101,0.07686715297568437,0.638
2010-11-12,29160.723621589685,0.07686715297568437,0.638
2010-11-15,29440.976186724314,0.07686715297568437,0.638
2010-11-16,29825.13630926754,0.07686715297568437,0.638
2010-11-17,29084.658601216743,0.07686715297568437,0.638
2010-11-18,30075.39798252044,0.07686715297568437,0.638
2010-11-19,29202.44014863934,0.07686715297568437,0.638
2010-11-22,29554.461447302292,0.07686715297568437,0.638
2010-11-23,29174.843777060403,0.07686715297568437,0.638
2010-11-24,28791.72977918783,0.07686715297568437,0.638
2010-11-26,29299.860067801033,0.07686715297568437,0.638
2010-11-29,28480.399912514313,0.07686715297568437,0.638
2010-11-30,29697.8077649846,0.07686715297568437,0.638
2010-12-01,28615.761732969662,0.07686715297568437,0.638
2010-12-02,29598.463841661694,0.07686715297568437,0.638
2010-12-03,30148.754422053662,0.07686715297568437,0.638
2010-12-06,28165.924705387617,0.07686715297568437,0.638
2010-12-07,28874.172736858138,0.07686715297568437,0.638
2010-12-08,29257.075730168675,0.07686715297568437,0.638
2010-12-09,29266.60952942057,0.07686715297568437,0.638
2010-12-10,27757.952468559648,0.07686715297568437,0.638
2010-12-13,27861.651448665332,0.07686715297568437,0.638
2010-12-14,28111.05472118207,0.07686715297568437,0.638
2010-12-15,29231.465327767968,0.07686715297568437,0.638
2010-12-16,27854.53140057691,0.07686715297568437,0.638
2010-12-17,28899.136169453588,0.07686715297568437,0.638
2010-12-20,27772.95577777097,0.07686715297568437,0.638
2010-12-21,28200.407812773177,0.07686715297568437,0.638
2010-12-22,30430.641767939193,0.07686715297568437,0.638
2010-12-23,28292.772345295547,0.07686715297568437,0.638
2010-12-27,28108.28435042711,0.07686715297568437,0.638
2010-12-28,29142.534448386476,0.07686715297568437,0.638
2010-12-29,28498.292388218204,0.07686715297568437,0.638
2010-12-30,28786.625945513268,0.07686715297568437,0.638
2010-12-31,29094.883416815293,0.07686715297568437,0.638
2011-01-03,28194.759968617454,0.07686715297568437,0.638
2011-01-04,28675.428069068057,0.07686715297568437,0.638
2011-01-05,21429.965015933176,0.05619526293578819,0.384
2011-01-06,21480.077818006663,0.05619526293578819,0.384
2011-01-07,21308.421954991005,0.05619526293578819,0.384
2011-01-10,21654.19233674559,0.05619526293578819,0.384
2011-01-11,21234.931594268728,0.05619526293578819,0.384
2011-01-12,21240.688083221106,0.05619526293578819,0.384
2011-01-13,20889.762107252805,0.05619526293578819,0.384
2011-01-14,21139.179905031982,0.05619526293578819,0.384
2011-01-18,21538.76637033135,0.05619526293578819,0.384
2011-01-19,20801.00460272394,0.05619526293578819,0.384
2011-01-20,21257.496459628775,0.05619526293578819,0.384
2011-01-21,21363.507311898673,0.05619526293578819,0.384
2011-01-24,21407.593249501737,0.05619526293578819,0.384
2011-01-25,21064.579386305075,0.05619526293578819,0.384
2011-01-26,21043.094965870347,0.05619526293578819,0.384
2011-01-27,21283.107534236537,0.05619526293578819,0.384
2011-01-28,21624.08480676932,0.05619526293578819,0.384
2011-01-31,20857.75036344249,0.05619526293578819,0.384
2011-02-01,20596.524347676845,0.05619526293578819,0.384
2011-02-02,20747.116630182085,0.05619526293578819,0.384
2011-02-03,21037.74687103552,0.05619526293578819,0.384
2011-02-04,21538.264711604235,0.05619526293578819,0.384
2011-02-07,20631.69202912304,0.05619526293578819,0.384
2011-02-08,21008.57830443775,0.05619526293578819,0.384
2011-02-09,20862.94542300642,0.05619526293578819,0.384
2011-02-10,20671.500825875606,0.05619526293578819,0.384
2011-02-11,20792.415106880082,0.05619526293578819,0.384
2011-02-14,21140.915923156957,0.05619526293578819,0.384
2011-02-15,21419.446984043854,0.05619526293578819,0.384
2011-02-16,20849.048144393895,0.05619526293578819,0.384
2011-02-17,20628.76226369067,0.05619526293578819,0.384
2011-02-18,21141.101957640192,0.05619526293578819,0.384
2011-02-22,20899.898425518797,0.05619526293578819,0.384
2011-02-23,21252.196876310554,0.05619526293578819,0.384
2011-02-24,20932.209138839306,0.05619526293578819,0.384
2011-02-25,21326.34522065207,0.05619526293578819,0.384
2011-02-28,20745.30680960743,0.05619526293578819,0.384
2011-03-01,20595.67309917525,0.05619526293578819,0.384
2011-03-02,20893.408913208914,0.05619526293578819,0.384
2011-03-03,20345.207164299954,0.05619526293578819,0.384
2011-03-04,20723.541046176753,0.05619526293578819,0.384
2011-03-07,20660.651703686424,0.05619526293578819,0.384
2011-03-08,20485.549378999913,0.05619526293578819,0.384
2011-03-09,20715.73985934452,0.05619526293578819,0.384
2011-03-10,20631.672634776656,0.05619526293578819,0.384
2011-03-11,20827.778179651683,0.05619526293578819,0.384
2011-03-14,20126.580721918323,0.05619526293578819,0.384
2011-03-15,20102.83796926166,0.05619526293578819,0.384
2011-03-16,19759.300476282944,0.05619526293578819,0.384
2011-03-17,19439.89022223937,0.05619526293578819,0.384
2011-03-18,20203.424166985456,0.05619526293578819,0.384
2011-03-21,19652.858539594763,0.05619526293578819,0.384
2011-03-22,20031.180396961314,0.05619526293578819,0.384
2011-03-23,19573.506351370987,0.05619526293578819,0.384
2011-03-24,20224.58584719153,0.05619526293578819,0.384
2011-03-25,19901.904718777492,0.05619526293578819,0.384
2011-03-28,19568.31712722951,0.05619526293578819,0.384
2011-03-29,19582.457404139608,0.05619526293578819,0.384
2011-03-30,19628.49188592342,0.05619526293578819,0.384
2011-03-31,20001.444075583287,0.05619526293578819,0.384
2011-04-01,19412.214043242802,0.05619526293578819,0.384
2011-04-04,20030.732228100052,0.05619526293578819,0.384
2011-04-05,20529.39077345627,0.05619526293578819,0.384
2011-04-06,20076.780710024384,0.05619526293578819,0.384
2011-04-07,20352.099236278667,0.05619526293578819,0.384
2011-04-08,19754.359009510616,0.05619526293578819,0.384
2011-04-11,19591.3436164335,0.05619526293578819,0.384
2011-04-12,19700.741074084104,0.05619526293578819,0.384
2011-04-13,19531.218892215136,0.05619526293578819,0.384
2011-04-14,20419.971873013747,0.05619526293578819,0.384
2011-04-15,19726.00661762168,0.05619526293578819,0.384
2011-04-18,19976.66410037243,0.05619526293578819,0.384
2011-04-19,19662.422516168263,0.05619526293578819,0.384
2011-04-20,19525.48884006144,0.05619526293578819,0.384
2011-04-21,19711.05999296548,0.05619526293578819,0.384
2011-04-25,19460.92192073318,0.05619526293578819,0.384
2011-04-26,20034.526383280903,0.05619526293578819,0.384
2011-04-27,19943.664388560443,0.05619526293578819,0.384
2011-04-28,19413.48972897282,0.05619526293578819,0.384
2011-04-29,20457.271545212134,0.05619526293578819,0.384
2011-05-02,19524.388637494932,0.05619526293578819,0.384
2011-05-03,19823.879560894686,0.05619526293578819,0.384
2011-05-04,19637.606533551174,0.05619526293578819,0.384
2011-05-05,19587.948103855473,0.05619526293578819,0.384
2011-05-06,19951.498410555225,0.05619526293578819,0.384
2011-05-09,19417.254272053033,0.05619526293578819,0.384
2011-05-10,19588.392792493116,0.05619526293578819,0.384
2011-05-11,19411.658488583944,0.05619526293578819,0.384
2011-05-12,19601.184118093035,0.05619526293578819,0.384
2011-05-13,19679.245348763565,0.05619526293578819,0.384
2011-05-16,19613.96578304386,0.05619526293578819,0.384
2011-05-17,19319.209585709832,0.05619526293578819,0.384
2011-05-18,19597.616399014583,0.05619526293578819,0.384
2011-05-19,19752.12894732505,0.05619526293578819,0.384
2011-05-20,19715.283655290325,0.05619526293578819,0.384
2011-05-23,19673.659755741603,0.05619526293578819,0.384
2011-05-24,19175.812298641966,0.05619526293578819,0.384
2011-05-25,19164.381347893825,0.05619526293578819,0.384
2011-05-26,19465.02239762404,0.05619526293578819,0.384
2011-05-27,19860.58917629439,0.05619526293578819,0.384
2011-05-31,19725.124730182983,0.05619526293578819,0.384
2011-06-01,19316.93575589481,0.05619526293578819,0.384
2011-06-02,19695.892055085915,0.05619526293578819,0.384
2011-06-03,19279.989162360438,0.05619526293578819,0.384
2011-06-06,19514.18199346649,0.05619526293578819,0.384
2011-06-07,18936.582816458653,0.05619526293578819,0.384
2011-06-08,19382.605051052564,0.05619526293578819,0.384
2011-06-09,19190.110771896856,0.05619526293578819,0.384
2011-06-10,19566.827223512275,0.05619526293578819,0.384
2011-06-13,18763.080765472518,0.05619526293578819,0.384
2011-06-14,19302.948879099575,0.05619526293578819,0.384
2011-06-15,19435.99899502516,0.05619526293578819,0.384
2011-06-16,19313.438706164274,0.05619526293578819,0.384
2011-06-17,19230.066434589953,0.05619526293578819,0.384
2011-06-20,19409.25931723751,0.05619526293578819,0.384
2011-06-21,19548.958372782174,0.05619526293578819,0.384
2011-06-22,18724.23379151059,0.05619526293578819,0.384
2011-06-23,18924.7303024514,0.05619526293578819,0.384
2011-06-24,19433.225346277726,0.05619526293578819,0.384
2011-06-27,19537.525865912066,0.05619526293578819,0.384
2011-06-28,19197.806271089205,0.05619526293578819,0.384
2011-06-29,18945.79958663721,0.05619526293578819,0.384
2011-06-30,19395.462662409176,0.05619526293578819,0.384
2011-07-01,18675.462225142506,0.05619526293578819,0.384
2011-07-05,18567.835322514587,0.05619526293578819,0.384
2011-07-06,18474.8209222752,0.05619526293578819,0.384
2011-07-07,19239.345150004505,0.05619526293578819,0.384
2011-07-08,19056.53107421487,0.05619526293578819,0.384
2011-07-11,19608.598056113962,0.05619526293578819,0.384
2011-07-12,19205.359201271192,0.05619526293578819,0.384
2011-07-13,18610.176091532092,0.05619526293578819,0.384
2011-07-14,19204.609274687577,0.05619526293578819,0.384
2011-07-15,19045.383010738584,0.05619526293578819,0.384
2011-07-18,19214.977683251076,0.05619526293578819,0.384
2011-07-19,19016.985771522384,0.05619526293578819,0.384
2011-07-20,19486.49660211168,0.05619526293578819,0.384
2011-07-21,18982.37584794874,0.05619526293578819,0.384
2011-07-22,19096.63075269615,0.05619526293578819,0.384
2011-07-25,19156.45354650681,0.05619526293578819,0.384
2011-07-26,18805.54982097475,0.05619526293578819,0.384
2011-07-27,18984.813182671503,0.05619526293578819,0.384
2011-07-28,19073.65255168989,0.05619526293578819,0.384
2011-07-29,18551.873823892805,0.05619526293578819,0.384
2011-08-01,18904.2408232372,0.05619526293578819,0.384
2011-08-02,19259.062197957646,0.05619526293578819,0.384
2011-08-03,18776.45949288741,0.05619526293578819,0.384
2011-08-04,19008.888697403112,0.05619526293578819,0.384
2011-08-05,19042.071250735622,0.05619526293578819,0.384
2011-08-08,19121.39051805427,0.05619526293578819,0.384
2011-08-09,19182.181343033833,0.05619526293578819,0.384
2011-08-10,19431.99640906459,0.05619526293578819,0.384
2011-08-11,20016.34107223498,0.05619526293578819,0.384
2011-08-12,19449.908805261435,0.05619526293578819,0.384
2011-08-15,20219.678657109373,0.05619526293578819,0.384
2011-08-16,20254.19291063971,0.05619526293578819,0.384
2011-08-17,19768.238068071885,0.05619526293578819,0.384
2011-08-18,19642.990815378824,0.05619526293578819,0.384
2011-08-19,19949.273024575927,0.05619526293578819,0.384
2011-08-22,19649.945382858576,0.05619526293578819,0.384
2011-08-23,19943.32631534286,0.05619526293578819,0.384
2011-08-24,19782.64818560535,0.05619526293578819,0.384
2011-08-25,19077.18357699308,0.05619526293578819,0.384
2011-08-26,19239.49435259342,0.05619526293578819,0.384
2011-08-29,20326.596697861693,0.05619526293578819,0.384
2011-08-30,19990.590547107124,0.05619526293578819,0.384
2011-08-31,19461.017073682353,0.05619526293578819,0.384
2011-09-01,20379.919050458015,0.05619526293578819,0.384
2011-09-02,19284.233701911966,0.05619526293578819,0.384
2011-09-06,20237.60500102158,0.05619526293578819,0.384
2011-09-07,19866.696845391958,0.05619526293578819,0.384
2011-09-08,20224.32778498985,0.05619526293578819,0.384
2011-09-09,19869.219984919633,0.05619526293578819,0.384
2011-09-12,20183.62948972198,0.05619526293578819,0.384
2011-09-13,19657.532918777062,0.05619526293578819,0.384
2011-09-14,19643.818205502368,0.05619526293578819,0.384
2011-09-15,20010.717278873002,0.05619526293578819,0.384
2011-09-16,19798.216240807655,0.05619526293578819,0.384
2011-09-19,19810.117212705445,0.05619526293578819,0.384
2011-09-20,20103.858137421026,0.05619526293578819,0.384
2011-09-21,19964.267764890425,0.05619526293578819,0.384
2011-09-22,19852.76716403613,0.05619526293578819,0.384
2011-09-23,19866.704094765486,0.05619526293578819,0.384
2011-09-26,19836.80375134075,0.05619526293578819,0.384
2011-09-27,19593.998164477598,0.05619526293578819,0.384
2011-09-28,20902.00422334236,0.05619526293578819,0.384
2011-09-29,20472.963905826673,0.05619526293578819,0.384
2011-09-30,20396.870971410935,0.05619526293578819,0.384
2011-10-03,19997.050070105804,0.05619526293578819,0.384
2011-10-04,20067.07313184161,0.05619526293578819,0.384
2011-10-05,19712.908959117194,0.05619526293578819,0.384
2011-10-06,19698.598271781073,0.05619526293578819,0.384
2011-10-07,19813.79626951255,0.05619526293578819,0.384
2011-10-10,20567.389653830247,0.05619526293578819,0.384
2011-10-11,20044.864914152447,0.05619526293578819,0.384
2011-10-12,20528.282016760935,0.05619526293578819,0.384
2011-10-13,20832.55131834501,0.05619526293578819,0.384
2011-10-14,20200.660789152374,0.05619526293578819,0.384
2011-10-17,20644.262961514232,0.05619526293578819,0.384
2011-10-18,20030.789377886285,0.05619526293578819,0.384
2011-10-19,19866.65840000487,0.05619526293578819,0.384
2011-10-20,19979.828606271323,0.05619526293578819,0.384
2011-10-21,20330.813050771467,0.05619526293578819,0.384
2011-10-24,20576.35420091023,0.05619526293578819,0.384
2011-10-25,20532.35485243975,0.05619526293578819,0.384
2011-10-26,19685.73204013269,0.05619526293578819,0.384
2011-10-27,20613.488852161983,0.05619526293578819,0.384
2011-10-28,20094.48014733365,0.05619526293578819,0.384
2011-10-31,20644.268642985582,0.05619526293578819,0.384
2011-11-01,20153.430708317126,0.05619526293578819,0.384
2011-11-02,20751.474260765266,0.05619526293578819,0.384
2011-11-03,20873.11112778352,0.05619526293578819,0.384
2011-11-04,20972.216658469584,0.05619526293578819,0.384
2011-11-07,20464.523059457613,0.05619526293578819,0.384
2011-11-08,20584.773357428883,0.05619526293578819,0.384
2011-11-09,21146.23829045026,0.05619526293578819,0.384
2011-11-10,20759.42409213453,0.05619526293578819,0.384
2011-11-11,20987.28428882889,0.05619526293578819,0.384
2011-11-14,20641.419424195905,0.05619526293578819,0.384
2011-11-15,21071.163881122702,0.05619526293578819,0.384
2011-11-16,20936.97581380507,0.05619526293578819,0.384
2011-11-17,20823.560127836943,0.05619526293578819,0.384
2011-11-18,21010.828920432166,0.05619526293578819,0.384
2011-11-21,20757.685060918342,0.05619526293578819,0.384
2011-11-22,21252.475494648465,0.05619526293578819,0.384
2011-11-23,20927.351168451616,0.05619526293578819,0.384
2011-11-25,21185.394808014596,0.05619526293578819,0.384
2011-11-28,21064.42291239071,0.05619526293578819,0.384
2011-11-29,21120.09360214443,0.05619526293578819,0.384
2011-11-30,21195.212560992502,0.05619526293578819,0.384
2011-12-01,20733.434466140847,0.05619526293578819,0.384
2011-12-02,20276.69687071716,0.05619526293578819,0.384
2011-12-05,20775.009249477553,0.05619526293578819,0.384
2011-12-06,20634.775648727726,0.05619526293578819,0.384
2011-12-07,21133.01883373551,0.05619526293578819,0.384
2011-12-08,20955.113764043574,0.05619526293578819,0.384
2011-12-09,21057.43252122881,0.05619526293578819,0.384
2011-12-12,20932.234939571365,0.05619526293578819,0.384
2011-12-13,21130.69312407799,0.05619526293578819,0.384
2011-12-14,20590.09769461342,0.05619526293578819,0.384
2011-12-15,20361.027196463983,0.05619526293578819,0.384
2011-12-16,20748.471303228453,0.05619526293578819,0.384
2011-12-19,21264.29091980035,0.05619526293578819,0.384
2011-12-20,20931.809077257076,0.05619526293578819,0.384
2011-12-21,20780.185274865817,0.05619526293578819,0.384
2011-12-22,20905.632580972524,0.05619526293578819,0.384
2011-12-23,21296.202277625973,0.05619526293578819,0.384
2011-12-27,21142.923139638322,0.05619526293578819,0.384
2011-12-28,20909.93918458808,0.05619526293578819,0.384
2011-12-29,20776.504772448516,0.05619526293578819,0.384
2011-12-30,21027.988761033528,0.05619526293578819,0.384
2012-01-03,19247.899993460665,-0.05611057164669864,0.582
2012-01-04,18778.352387609943,-0.05611057164669864,0.582
2012-01-05,19707.844369064453,-0.05611057164669864,0.582
2012-01-06,19374.34726182232,-0.05611057164669864,0.582
2012-01-09,19075.621536490653,-0.05611057164669864,0.582
2012-01-10,19271.8230949926,-0.05611057164669864,0.582
2012-01-11,19009.630347010912,-0.05611057164669864,0.582
2012-01-12,18395.62967023802,-0.05611057164669864,0.582
2012-01-13,19057.002554023504,-0.05611057164669864,0.582
2012-01-17,19461.028877992838,-0.05611057164669864,0.582
2012-01-18,19356.15882396513,-0.05611057164669864,0.582
2012-01-19,19077.134596332282,-0.05611057164669864,0.582
2012-01-20,19632.07753689988,-0.05611057164669864,0.582
2012-01-23,19643.513188884375,-0.05611057164669864,0.582
2012-01-24,19035.282542111534,-0.05611057164669864,0.582
2012-01-25,19043.674765463624,-0.05611057164669864,0.582
2012-01-26,19667.37108874377,-0.05611057164669864,0.582
2012-01-27,19514.015684199156,-0.05611057164669864,0.582
2012-01-30,19254.423094273225,-0.05611057164669864,0.582
2012-01-31,19476.979924371626,-0.05611057164669864,0.582
2012-02-01,19036.003058110484,-0.05611057164669864,0.582
2012-02-02,18857.69827006962,-0.05611057164669864,0.582
2012-02-03,19504.339944067455,-0.05611057164669864,0.582
2012-02-06,19662.082737432003,-0.05611057164669864,0.582
2012-02-07,19267.24574618005,-0.05611057164669864,0.582
2012-02-08,19426.12633532201,-0.05611057164669864,0.582
2012-02-09,19610.30226112784,-0.05611057164669864,0.582
2012-02-10,19585.47470367059,-0.05611057164669864,0.582
2012-02-13,18585.03181912003,-0.05611057164669864,0.582
2012-02-14,19076.898138157343,-0.05611057164669864,0.582
2012-02-15,19324.07657372996,-0.05611057164669864,0.582
2012-02-16,18987.10857096393,-0.05611057164669864,0.582
2012-02-17,19470.854958421027,-0.05611057164669864,0.582
2012-02-21,19109.64839831674,-0.05611057164669864,0.582
2012-02-22,19381.318962503432,-0.05611057164669864,0.582
2012-02-23,18956.52239511405,-0.05611057164669864,0.582
2012-02-24,19069.39894523626,-0.05611057164669864,0.582
2012-02-27,19086.130755980845,-0.05611057164669864,0.582
2012-02-28,19304.382656584366,-0.05611057164669864,0.582
2012-02-29,19803.723030547153,-0.05611057164669864,0.582
2012-03-01,19370.21276717874,-0.05611057164669864,0.582
2012-03-02,19450.711150037354,-0.05611057164669864,0.582
2012-03-05,19244.262914014605,-0.05611057164669864,0.582
2012-03-06,19243.192069203353,-0.05611057164669864,0.582
2012-03-07,19579.814688736154,-0.05611057164669864,0.582
2012-03-08,19551.158666210384,-0.05611057164669864,0.582
2012-03-09,19239.18242628852,-0.05611057164669864,0.582
2012-03-12,19084.51539261174,-0.05611057164669864,0.582
2012-03-13,19275.76696630634,-0.05611057164669864,0.582
2012-03-14,19115.59547600196,-0.05611057164669864,0.582
2012-03-15,19656.28526937908,-0.05611057164669864,0.582
2012-03-16,19072.76336361137,-0.05611057164669864,0.582
2012-03-19,19228.800239481032,-0.05611057164669864,0.582
2012-03-20,18846.61982822159,-0.05611057164669864,0.582
2012-03-21,18927.8874294859,-0.05611057164669864,0.582
2012-03-22,19762.189052872232,-0.05611057164669864,0.582
2012-03-23,20137.586859884716,-0.05611057164669864,0.582
2012-03-26,19556.711828546842,-0.05611057164669864,0.582
2012-03-27,19727.727110874115,-0.05611057164669864,0.582
2012-03-28,19653.3395623077,-0.05611057164669864,0.582
2012-03-29,19138.58460770465,-0.05611057164669864,0.582
2012-03-30,19637.620866920683,-0.05611057164669864,0.582
2012-04-02,19332.93063113708,-0.05611057164669864,0.582
2012-04-03,18455.08317493241,-0.05611057164669864,0.582
2012-04-04,19317.478694964117,-0.05611057164669864,0.582
2012-04-05,19424.97129558598,-0.05611057164669864,0.582
2012-04-09,19007.478367450356,-0.05611057164669864,0.582
2012-04-10,19025.785081065285,-0.05611057164669864,0.582
2012-04-11,19577.02107039814,-0.05611057164669864,0.582
2012-04-12,19158.152195042887,-0.05611057164669864,0.582
2012-04-13,18811.060505303238,-0.05611057164669864,0.582
2012-04-16,19331.91472282186,-0.05611057164669864,0.582
2012-04-17,19395.886089786596,-0.05611057164669864,0.582
2012-04-18,19633.335569191448,-0.05611057164669864,0.582
2012-04-19,18856.52788887213,-0.05611057164669864,0.582
2012-04-20,19389.16696810705,-0.05611057164669864,0.582
2012-04-23,18970.197217640605,-0.05611057164669864,0.582
2012-04-24,19073.444868020993,-0.05611057164669864,0.582
2012-04-25,19350.792268378565,-0.05611057164669864,0.582
2012-04-26,18861.31687831449,-0.05611057164669864,0.582
2012-04-27,19473.957659768337,-0.05611057164669864,0.582
2012-04-30,18730.358740076645,-0.05611057164669864,0.582
2012-05-01,19050.13579769807,-0.05611057164669864,0.582
2012-05-02,18850.2135859127,-0.05611057164669864,0.582
2012-05-03,18696.741449942252,-0.05611057164669864,0.582
2012-05-04,18601.854493495688,-0.05611057164669864,0.582
2012-05-07,19342.670827293106,-0.05611057164669864,0.582
2012-05-08,19666.245794995968,-0.05611057164669864,0.582
2012-05-09,19141.771669986207,-0.05611057164669864,0.582
2012-05-10,18869.108062554224,-0.05611057164669864,0.582
2012-05-11,19602.482077811994,-0.05611057164669864,0.582
2012-05-14,18942.14555536454,-0.05611057164669864,0.582
2012-05-15,18760.09498632901,-0.05611057164669864,0.582
2012-05-16,18888.29442721469,-0.05611057164669864,0.582
2012-05-17,19040.151765559323,-0.05611057164669864,0.582
2012-05-18,19005.93191066517,-0.05611057164669864,0.582
2012-05-21,19347.69327390957,-0.05611057164669864,0.582
2012-05-22,18974.138347445743,-0.05611057164669864,0.582
2012-05-23,19189.06396074465,-0.05611057164669864,0.582
2012-05-24,18792.839250938236,-0.05611057164669864,0.582
2012-05-25,18833.44637557011,-0.05611057164669864,0.582
2012-05-29,18996.609240342597,-0.05611057164669864,0.582
2012-05-30,18508.49992519681,-0.05611057164669864,0.582
2012-05-31,18811.303268987653,-0.05611057164669864,0.582
2012-06-01,18750.63203601581,-0.05611057164669864,0.582
2012-06-04,19076.67835202362,-0.05611057164669864,0.582
2012-06-05,18729.707962750635,-0.05611057164669864,0.582
2012-06-06,19043.492493262485,-0.05611057164669864,0.582
2012-06-07,18525.484992518705,-0.05611057164669864,0.582
2012-06-08,19025.109283073885,-0.05611057164669864,0.582
2012-06-11,19337.667704135438,-0.05611057164669864,0.582
2012-06-12,19076.926502738952,-0.05611057164669864,0.582
2012-06-13,18681.502446481405,-0.05611057164669864,0.582
2012-06-14,19277.953884176837,-0.05611057164669864,0.582
2012-06-15,18954.19789033508,-0.05611057164669864,0.582
2012-06-18,19519.990118713187,-0.05611057164669864,0.582
2012-06-19,18935.38630401801,-0.05611057164669864,0.582
2012-06-20,18778.767928553203,-0.05611057164669864,0.582
2012-06-21,18891.410717084822,-0.05611057164669864,0.582
2012-06-22,19043.620487377622,-0.05611057164669864,0.582
2012-06-25,19046.37529345201,-0.05611057164669864,0.582
2012-06-26,19387.922977709946,-0.05611057164669864,0.582
2012-06-27,18547.890251775163,-0.05611057164669864,0.582
2012-06-28,18843.77777968422,-0.05611057164669864,0.582
2012-06-29,19324.196109537974,-0.05611057164669864,0.582
2012-07-02,18475.249238572334,-0.05611057164669864,0.582
2012-07-03,18821.648961668736,-0.05611057164669864,0.582
2012-07-05,19326.55299728236,-0.05611057164669864,0.582
2012-07-06,19324.22998044694,-0.05611057164669864,0.582
2012-07-09,19344.354094403145,-0.05611057164669864,0.582
2012-07-10,18796.375954502237,-0.05611057164669864,0.582
2012-07-11,18950.119932711117,-0.05611057164669864,0.582
2012-07-12,19106.373895656867,-0.05611057164669864,0.582
2012-07-13,18676.235574070008,-0.05611057164669864,0.582
2012-07-16,19524.322404695165,-0.05611057164669864,0.582
2012-07-17,19042.671576138935,-0.05611057164669864,0.582
2012-07-18,18371.461227436204,-0.05611057164669864,0.582
2012-07-19,19133.089660139707,-0.05611057164669864,0.582
2012-07-20,18220.719259385754,-0.05611057164669864,0.582
2012-07-23,19303.04774849192,-0.05611057164669864,0.582
2012-07-24,18636.513407562536,-0.05611057164669864,0.582
2012-07-25,18763.132646045407,-0.05611057164669864,0.582
2012-07-26,19173.754057094637,-0.05611057164669864,0.582
2012-07-27,18674.872420708874,-0.05611057164669864,0.582
2012-07-30,19278.349099037056,-0.05611057164669864,0.582
2012-07-31,19154.679446042475,-0.05611057164669864,0.582
2012-08-01,19460.815406553324,-0.05611057164669864,0.582
2012-08-02,18767.34324829521,-0.05611057164669864,0.582
2012-08-03,19241.674040579925,-0.05611057164669864,0.582
2012-08-06,19512.139739947685,-0.05611057164669864,0.582
2012-08-07,19658.557300048535,-0.05611057164669864,0.582
2012-08-08,18958.682793923224,-0.05611057164669864,0.582
2012-08-09,18936.09416685904,-0.05611057164669864,0.582
2012-08-10,18750.805208301826,-0.05611057164669864,0.582
2012-08-13,18927.598036970423,-0.05611057164669864,0.582
2012-08-14,18653.839872891174,-0.05611057164669864,0.582
2012-08-15,19211.738599907236,-0.05611057164669864,0.582
2012-08-16,19241.501180712105,-0.05611057164669864,0.582
2012-08-17,18994.808476549002,-0.05611057164669864,0.582
2012-08-20,19120.06085432329,-0.05611057164669864,0.582
2012-08-21,18759.598719935635,-0.05611057164669864,0.582
2012-08-22,19190.28764667516,-0.05611057164669864,0.582
2012-08-23,19527.73611225616,-0.05611057164669864,0.582
2012-08-24,18838.860486987156,-0.05611057164669864,0.582
2012-08-27,18861.33817271468,-0.05611057164669864,0.582
2012-08-28,18560.51938996629,-0.05611057164669864,0.582
2012-08-29,19191.59688168403,-0.05611057164669864,0.582
2012-08-30,19202.347664960347,-0.05611057164669864,0.582
2012-08-31,18796.581872248295,-0.05611057164669864,0.582
2012-09-04,19012.89739568493,-0.05611057164669864,0.582
2012-09-05,18638.897351647895,-0.05611057164669864,0.582
2012-09-06,18388.22575543413,-0.05611057164669864,0.582
2012-09-07,18622.921931605084,-0.05611057164669864,0.582
2012-09-10,18323.994082324254,-0.05611057164669864,0.582
2012-09-11,18648.875886361813,-0.05611057164669864,0.582
2012-09-12,18950.15022587952,-0.05611057164669864,0.582
2012-09-13,19170.002344045846,-0.05611057164669864,0.582
2012-09-14,18914.92218379986,-0.05611057164669864,0.582
2012-09-17,18851.022381527164,-0.05611057164669864,0.582
2012-09-18,18686.66459364592,-0.05611057164669864,0.582
2012-09-19,19282.201175005725,-0.05611057164669864,0.582
2012-09-20,19031.679986958712,-0.05611057164669864,0.582
2012-09-21,19295.216809386653,-0.05611057164669864,0.582
2012-09-24,18846.14396968339,-0.05611057164669864,0.582
2012-09-25,18168.255496597783,-0.05611057164669864,0.582
2012-09-26,18292.107452449553,-0.05611057164669864,0.582
2012-09-27,18404.330857206438,-0.05611057164669864,0.582
2012-09-28,18459.966172875167,-0.05611057164669864,0.582
2012-10-01,19126.520271120575,-0.05611057164669864,0.582
2012-10-02,18591.099681752967,-0.05611057164669864,0.582
2012-10-03,18885.53523111442,-0.05611057164669864,0.582
2012-10-04,18961.12247432797,-0.05611057164669864,0.582
2012-10-05,18864.451755044192,-0.05611057164669864,0.582
2012-10-08,18504.98731944019,-0.05611057164669864,0.582
2012-10-09,19256.26152710171,-0.05611057164669864,0.582
2012-10-10,18582.10608552672,-0.05611057164669864,0.582
2012-10-11,18473.27759393328,-0.05611057164669864,0.582
2012-10-12,19726.624611392843,-0.05611057164669864,0.582
2012-10-15,19149.835593716292,-0.05611057164669864,0.582
2012-10-16,19148.566678509385,-0.05611057164669864,0.582
2012-10-17,18793.274254620614,-0.05611057164669864,0.582
2012-10-18,19062.788766219397,-0.05611057164669864,0.582
2012-10-19,18858.341806164342,-0.05611057164669864,0.582
2012-10-22,19200.114632504195,-0.05611057164669864,0.582
2012-10-23,18633.71888912973,-0.05611057164669864,0.582
2012-10-24,19325.328616684088,-0.05611057164669864,0.582
2012-10-25,18266.06997573545,-0.05611057164669864,0.582
2012-10-26,19021.771123483453,-0.05611057164669864,0.582
2012-10-31,18629.51561359525,-0.05611057164669864,0.582
2012-11-01,18737.884896495914,-0.05611057164669864,0.582
2012-11-02,18645.884520701555,-0.05611057164669864,0.582
2012-11-05,18898.64988941845,-0.05611057164669864,0.582
2012-11-06,19047.314184519728,-0.05611057164669864,0.582
2012-11-07,18381.300682954523,-0.05611057164669864,0.582
2012-11-08,18908.693125861253,-0.05611057164669864,0.582
2012-11-09,18591.683892267087,-0.05611057164669864,0.582
2012-11-12,18716.52701473753,-0.05611057164669864,0.582
2012-11-13,18832.564663287496,-0.05611057164669864,0.582
2012-11-14,19216.65861435856,-0.05611057164669864,0.582
2012-11-15,18185.23798613587,-0.05611057164669864,0.582
2012-11-16,18265.310234864988,-0.05611057164669864,0.582
2012-11-19,19041.58826652468,-0.05611057164669864,0.582
2012-11-20,18570.290659160964,-0.05611057164669864,0.582
2012-11-21,18622.719201827473,-0.05611057164669864,0.582
2012-11-23,18845.208188824283,-0.05611057164669864,0.582
2012-11-26,18701.962273305682,-0.05611057164669864,0.582
2012-11-27,18861.675678227366,-0.05611057164669864,0.582
2012-11-28,19256.90082304756,-0.05611057164669864,0.582
2012-11-29,18724.04245297443,-0.05611057164669864,0.582
2012-11-30,18432.92011281323,-0.05611057164669864,0.582
2012-12-03,18371.54572799481,-0.05611057164669864,0.582
2012-12-04,18282.13831820755,-0.05611057164669864,0.582
2012-12-05,18882.084026371293,-0.05611057164669864,0.582
2012-12-06,18644.238696146687,-0.05611057164669864,0.582
2012-12-07,18280.945296825386,-0.05611057164669864,0.582
2012-12-10,19163.121249540043,-0.05611057164669864,0.582
2012-12-11,19454.92736761051,-0.05611057164669864,0.582
2012-12-12,18929.753126960015,-0.05611057164669864,0.582
2012-12-13,18831.865105889585,-0.05611057164669864,0.582
2012-12-14,18432.59250965992,-0.05611057164669864,0.582
2012-12-17,18443.82509703651,-0.05611057164669864,0.582
2012-12-18,19037.692525941286,-0.05611057164669864,0.582
2012-12-19,18467.471778707077,-0.05611057164669864,0.582
2012-12-20,18794.84650662148,-0.05611057164669864,0.582
2012-12-21,18612.01909523739,-0.05611057164669864,0.582
2012-12-24,18716.565103856807,-0.05611057164669864,0.582
2012-12-26,18144.386502733447,-0.05611057164669864,0.582
2012-12-27,18475.769934887925,-0.05611057164669864,0.582
2012-12-28,18910.28772436033,-0.05611057164669864,0.582
2012-12-31,17947.770271919642,-0.05611057164669864,0.582
2013-01-02,18074.999600085972,-0.07090547543180048,0.422
2013-01-03,17754.278343525548,-0.07090547543180048,0.422
2013-01-04,17899.256006445445,-0.07090547543180048,0.422
2013-01-07,17604.779425325836,-0.07090547543180048,0.422
2013-01-08,17780.875101835445,-0.07090547543180048,0.422
2013-01-09,17406.159035099947,-0.07090547543180048,0.422
2013-01-10,17953.752856696723,-0.07090547543180048,0.422
2013-01-11,17993.466395184943,-0.07090547543180048,0.422
2013-01-14,18092.568788519726,-0.07090547543180048,0.422
2013-01-15,18261.285326530106,-0.07090547543180048,0.422
2013-01-16,17525.564869054953,-0.07090547543180048,0.422
2013-01-17,18363.11297055213,-0.07090547543180048,0.422
2013-01-18,17907.99468080918,-0.07090547543180048,0.422
2013-01-22,18185.756070684733,-0.07090547543180048,0.422
2013-01-23,17902.964126765975,-0.07090547543180048,0.422
2013-01-24,17841.606638715726,-0.07090547543180048,0.422
2013-01-25,17729.731239065786,-0.07090547543180048,0.422
2013-01-28,18205.211418308798,-0.07090547543180048,0.422
2013-01-29,17683.716566031562,-0.07090547543180048,0.422
2013-01-30,17882.093373332584,-0.07090547543180048,0.422
2013-01-31,17558.008238106948,-0.07090547543180048,0.422
2013-02-01,17575.543876788044,-0.07090547543180048,0.422
2013-02-04,17511.984541011447,-0.07090547543180048,0.422
2013-02-05,18508.932894792462,-0.07090547543180048,0.422
2013-02-06,17993.851738861922,-0.07090547543180048,0.422
2013-02-07,17655.991836169844,-0.07090547543180048,0.422
2013-02-08,17900.05657981137,-0.07090547543180048,0.422
2013-02-11,17885.593064627436,-0.07090547543180048,0.422
2013-02-12,17611.6732390138,-0.07090547543180048,0.422
2013-02-13,18134.44621253496,-0.07090547543180048,0.422
2013-02-14,17651.70914168432,-0.07090547543180048,0.422
2013-02-15,18241.93479370917,-0.07090547543180048,0.422
2013-02-19,17997.278586154047,-0.07090547543180048,0.422
2013-02-20,17958.721409275473,-0.07090547543180048,0.422
2013-02-21,17906.041313530368,-0.07090547543180048,0.422
2013-02-22,17523.642215926535,-0.07090547543180048,0.422
2013-02-25,17211.946607921276,-0.07090547543180048,0.422
2013-02-26,17200.793705805263,-0.07090547543180048,0.422
2013-02-27,17352.675698555027,-0.07090547543180048,0.422
2013-02-28,17736.98021822609,-0.07090547543180048,0.422
2013-03-01,17470.85192706101,-0.07090547543180048,0.422
2013-03-04,18099.685574391777,-0.07090547543180048,0.422
2013-03-05,17411.174757085584,-0.07090547543180048,0.422
2013-03-06,18095.644079721827,-0.07090547543180048,0.422
2013-03-07,17468.894838216194,-0.07090547543180048,0.422
2013-03-08,17135.904071570814,-0.07090547543180048,0.422
2013-03-11,17359.92279638391,-0.07090547543180048,0.422
2013-03-12,17349.489505409165,-0.07090547543180048,0.422
2013-03-13,18060.178633345262,-0.07090547543180048,0.422
2013-03-14,17653.843122858823,-0.07090547543180048,0.422
2013-03-15,17433.711793042712,-0.07090547543180048,0.422
2013-03-18,17591.353976718718,-0.07090547543180048,0.422
2013-03-19,17099.678846101335,-0.07090547543180048,0.422
2013-03-20,17674.750190156694,-0.07090547543180048,0.422
2013-03-21,17968.148980802638,-0.07090547543180048,0.422
2013-03-22,17314.242212680496,-0.07090547543180048,0.422
2013-03-25,17697.32425537759,-0.07090547543180048,0.422
2013-03-26,17495.19797053341,-0.07090547543180048,0.422
2013-03-27,17625.604109682037,-0.07090547543180048,0.422
2013-03-28,18051.101041820955,-0.07090547543180048,0.422
2013-04-01,17585.79668224503,-0.07090547543180048,0.422
2013-04-02,17757.12566460488,-0.07090547543180048,0.422
2013-04-03,17795.599987659025,-0.07090547543180048,0.422
2013-04-04,17409.688001249266,-0.07090547543180048,0.422
2013-04-05,17911.82327246731,-0.07090547543180048,0.422
2013-04-08,18096.682980865255,-0.07090547543180048,0.422
2013-04-09,17836.39511564044,-0.07090547543180048,0.422
2013-04-10,17294.30418785742,-0.07090547543180048,0.422
2013-04-11,17487.12804989646,-0.07090547543180048,0.422
2013-04-12,17901.212236728745,-0.07090547543180048,0.422
2013-04-15,17451.057516203986,-0.07090547543180048,0.422
2013-04-16,17400.51012243644,-0.07090547543180048,0.422
2013-04-17,17616.373149869072,-0.07090547543180048,0.422
2013-04-18,17499.430205287623,-0.07090547543180048,0.422
2013-04-19,18217.4162000166,-0.07090547543180048,0.422
2013-04-22,17584.96585494347,-0.07090547543180048,0.422
2013-04-23,17269.170397527283,-0.07090547543180048,0.422
2013-04-24,17013.87193573855,-0.07090547543180048,0.422
2013-04-25,17723.71348735701,-0.07090547543180048,0.422
2013-04-26,17349.93386012405,-0.07090547543180048,0.422
2013-04-29,17418.935394115095,-0.07090547543180048,0.422
2013-04-30,17567.90748746233,-0.07090547543180048,0.422
2013-05-01,18279.300401681838,-0.07090547543180048,0.422
2013-05-02,18092.32033951763,-0.07090547543180048,0.422
2013-05-03,17845.246538844072,-0.07090547543180048,0.422
2013-05-06,17312.337251452544,-0.07090547543180048,0.422
2013-05-07,17260.652652198653,-0.07090547543180048,0.422
2013-05-08,17572.944839847874,-0.07090547543180048,0.422
2013-05-09,17717.63227712134,-0.07090547543180048,0.422
2013-05-10,17883.74068431545,-0.07090547543180048,0.422
2013-05-13,17619.508628582254,-0.07090547543180048,0.422
2013-05-14,17305.427885617988,-0.07090547543180048,0.422
2013-05-15,17519.735124256284,-0.07090547543180048,0.422
2013-05-16,17075.68673489757,-0.07090547543180048,0.422
2013-05-17,17638.8129686977,-0.07090547543180048,0.422
2013-05-20,17737.89982365343,-0.07090547543180048,0.422
2013-05-21,17648.902014765597,-0.07090547543180048,0.422
2013-05-22,17579.826971529765,-0.07090547543180048,0.422
2013-05-23,18208.858006087605,-0.07090547543180048,0.422
2013-05-24,17953.79409361195,-0.07090547543180048,0.422
2013-05-28,17169.496024772816,-0.07090547543180048,0.422
2013-05-29,17097.618640648292,-0.07090547543180048,0.422
2013-05-30,17131.472395855973,-0.07090547543180048,0.422
2013-05-31,18022.392953770133,-0.07090547543180048,0.422
2013-06-03,17918.041239967406,-0.07090547543180048,0.422
2013-06-04,17323.691471785547,-0.07090547543180048,0.422
2013-06-05,17643.552096934887,-0.07090547543180048,0.422
2013-06-06,17780.966960633028,-0.07090547543180048,0.422
2013-06-07,17849.759688364527,-0.07090547543180048,0.422
2013-06-10,17769.154376582457,-0.07090547543180048,0.422
2013-06-11,17136.93782047688,-0.07090547543180048,0.422
2013-06-12,17922.829822112955,-0.07090547543180048,0.422
2013-06-13,17789.660789881334,-0.07090547543180048,0.422
2013-06-14,17888.488499022314,-0.07090547543180048,0.422
2013-06-17,17344.445207550183,-0.07090547543180048,0.422
2013-06-18,17209.868340531957,-0.07090547543180048,0.422
2013-06-19,17387.09658666227,-0.07090547543180048,0.422
2013-06-20,17599.642469418523,-0.07090547543180048,0.422
2013-06-21,17518.23245413383,-0.07090547543180048,0.422
2013-06-24,17290.773998884848,-0.07090547543180048,0.422
2013-06-25,17363.206429304348,-0.07090547543180048,0.422
2013-06-26,17934.659740718238,-0.07090547543180048,0.422
2013-06-27,17157.31266212828,-0.07090547543180048,0.422
2013-06-28,18057.721260272072,-0.07090547543180048,0.422
2013-07-01,17336.79818292701,-0.07090547543180048,0.422
2013-07-02,17319.59280249091,-0.07090547543180048,0.422
2013-07-03,17126.345078334736,-0.07090547543180048,0.422
2013-07-05,17682.487892895002,-0.07090547543180048,0.422
2013-07-08,16954.29599808923,-0.07090547543180048,0.422
2013-07-09,17033.117748414577,-0.07090547543180048,0.422
2013-07-10,17401.85023086409,-0.07090547543180048,0.422
2013-07-11,17583.892152135653,-0.07090547543180048,0.422
2013-07-12,17612.24638447034,-0.07090547543180048,0.422
2013-07-15,17296.07144449411,-0.07090547543180048,0.422
2013-07-16,16567.42147768584,-0.07090547543180048,0.422
2013-07-17,17787.198085836488,-0.07090547543180048,0.422
2013-07-18,17118.627942126343,-0.07090547543180048,0.422
2013-07-19,17133.756226745347,-0.07090547543180048,0.422
2013-07-22,18022.466710079574,-0.07090547543180048,0.422
2013-07-23,17730.001985609655,-0.07090547543180048,0.422
2013-07-24,17019.036934826276,-0.07090547543180048,0.422
2013-07-25,17631.505732741305,-0.07090547543180048,0.422
2013-07-26,17639.17758249983,-0.07090547543180048,0.422
2013-07-29,17301.022831699574,-0.07090547543180048,0.422
2013-07-30,17187.17767505784,-0.07090547543180048,0.422
2013-07-31,16714.581366590854,-0.07090547543180048,0.422
2013-08-01,17855.39681462006,-0.07090547543180048,0.422
2013-08-02,17434.153449925165,-0.07090547543180048,0.422
2013-08-05,16979.387355840056,-0.07090547543180048,0.422
2013-08-06,17325.157215811487,-0.07090547543180048,0.422
2013-08-07,16915.623399583168,-0.07090547543180048,0.422
2013-08-08,15678.156436781148,-0.07090547543180048,0.422
2013-08-09,16605.563778499174,-0.07090547543180048,0.422
2013-08-12,16348.245345066685,-0.07090547543180048,0.422
2013-08-13,15901.801914037862,-0.07090547543180048,0.422
2013-08-14,16139.47931681302,-0.07090547543180048,0.422
2013-08-15,16364.061305623143,-0.07090547543180048,0.422
2013-08-16,16604.0650633996,-0.07090547543180048,0.422
2013-08-19,15828.881219250816,-0.07090547543180048,0.422
2013-08-20,16315.180306701028,-0.07090547543180048,0.422
2013-08-21,15888.352615628077,-0.07090547543180048,0.422
2013-08-22,15872.11715904601,-0.07090547543180048,0.422
2013-08-23,15874.267824403656,-0.07090547543180048,0.422
2013-08-26,15888.83961856008,-0.07090547543180048,0.422
2013-08-27,16517.357635987766,-0.07090547543180048,0.422
2013-08-28,15909.496520852035,-0.07090547543180048,0.422
2013-08-29,16180.672394175115,-0.07090547543180048,0.422
2013-08-30,16547.448217094377,-0.07090547543180048,0.422
2013-09-03,15762.805722824884,-0.07090547543180048,0.422
2013-09-04,15976.31880225973,-0.07090547543180048,0.422
2013-09-05,16254.139043342706,-0.07090547543180048,0.422
2013-09-06,16679.898504242963,-0.07090547543180048,0.422
2013-09-09,15777.350971490054,-0.07090547543180048,0.422
2013-09-10,15973.101569867797,-0.07090547543180048,0.422
2013-09-11,15875.001092187662,-0.07090547543180048,0.422
2013-09-12,16155.526193880154,-0.07090547543180048,0.422
2013-09-13,15838.118959261203,-0.07090547543180048,0.422
2013-09-16,15899.67689988895,-0.07090547543180048,0.422
2013-09-17,16199.244529047019,-0.07090547543180048,0.422
2013-09-18,15958.164362206555,-0.07090547543180048,0.422
2013-09-19,15630.043084592,-0.07090547543180048,0.422
2013-09-20,16238.939296221904,-0.07090547543180048,0.422
2013-09-23,15906.520729261183,-0.07090547543180048,0.422
2013-09-24,16024.255140256393,-0.07090547543180048,0.422
2013-09-25,16033.113613157766,-0.07090547543180048,0.422
2013-09-26,15802.969109226904,-0.07090547543180048,0.422
2013-09-27,16224.345060250549,-0.07090547543180048,0.422
2013-09-30,15558.109441738394,-0.07090547543180048,0.422
2013-10-01,16107.679642967512,-0.07090547543180048,0.422
2013-10-02,15764.896566881862,-0.07090547543180048,0.422
2013-10-03,16148.039799641261,-0.07090547543180048,0.422
2013-10-04,16454.32219523057,-0.07090547543180048,0.422
2013-10-07,16374.231866120785,-0.07090547543180048,0.422
2013-10-08,16148.622310075478,-0.07090547543180048,0.422
2013-10-09,16279.601321960172,-0.07090547543180048,0.422
2013-10-10,16217.470875767936,-0.07090547543180048,0.422
2013-10-11,16229.756596707315,-0.07090547543180048,0.422
2013-10-14,16346.010716087567,-0.07090547543180048,0.422
2013-10-15,15896.47950062591,-0.07090547543180048,0.422
2013-10-16,15923.243909597813,-0.07090547543180048,0.422
2013-10-17,16246.553579766092,-0.07090547543180048,0.422
2013-10-18,15683.911801862616,-0.07090547543180048,0.422
2013-10-21,16300.928371443655,-0.07090547543180048,0.422
2013-10-22,15917.51292520861,-0.07090547543180048,0.422
2013-10-23,16366.746824437732,-0.07090547543180048,0.422
2013-10-24,16155.024004202089,-0.07090547543180048,0.422
2013-10-25,16025.658679362226,-0.07090547543180048,0.422
2013-10-28,15822.06596202136,-0.07090547543180048,0.422
2013-10-29,15317.699623078122,-0.07090547543180048,0.422
2013-10-30,14939.175724622011,-0.07090547543180048,0.422
2013-10-31,15158.808877545736,-0.07090547543180048,0.422
2013-11-01,14811.306934637916,-0.07090547543180048,0.422
2013-11-04,14732.14044949056,-0.07090547543180048,0.422
2013-11-05,14363.726240553102,-0.07090547543180048,0.422
2013-11-06,14967.67938376163,-0.07090547543180048,0.422
2013-11-07,14818.522661996065,-0.07090547543180048,0.422
2013-11-08,14493.595363780027,-0.07090547543180048,0.422
2013-11-11,14405.206602993358,-0.07090547543180048,0.422
2013-11-12,14643.633039965564,-0.07090547543180048,0.422
2013-11-13,14363.897318229638,-0.07090547543180048,0.422
2013-11-14,14265.826668531316,-0.07090547543180048,0.422
2013-11-15,14250.011884936073,-0.07090547543180048,0.422
2013-11-18,14020.321879954436,-0.07090547543180048,0.422
2013-11-19,14644.546736262897,-0.07090547543180048,0.422
2013-11-20,14277.05911691153,-0.07090547543180048,0.422
2013-11-21,14523.532962715894,-0.07090547543180048,0.422
2013-11-22,14543.928110774406,-0.07090547543180048,0.422
2013-11-25,14532.892776859402,-0.07090547543180048,0.422
2013-11-26,14606.132574053054,-0.07090547543180048,0.422
2013-11-27,13851.63487623139,-0.07090547543180048,0.422
2013-11-29,14466.290240164688,-0.07090547543180048,0.422
2013-12-02,14492.255426991622,-0.07090547543180048,0.422
2013-12-03,14756.466173713472,-0.07090547543180048,0.422
2013-12-04,14382.382190617785,-0.07090547543180048,0.422
2013-12-05,14526.520169682997,-0.07090547543180048,0.422
2013-12-06,14495.328227332313,-0.07090547543180048,0.422
2013-12-09,14476.247042232064,-0.07090547543180048,0.422
2013-12-10,14248.074936819996,-0.07090547543180048,0.422
2013-12-11,14024.344622817462,-0.07090547543180048,0.422
2013-12-12,14014.015014678223,-0.07090547543180048,0.422
2013-12-13,14087.987427963431,-0.07090547543180048,0.422
2013-12-16,14214.626084412732,-0.07090547543180048,0.422
2013-12-17,14795.629545849779,-0.07090547543180048,0.422
2013-12-18,14476.487429074998,-0.07090547543180048,0.422
2013-12-19,14071.851401426065,-0.07090547543180048,0.422
2013-12-20,14280.803354250053,-0.07090547543180048,0.422
2013-12-23,14662.983033932007,-0.07090547543180048,0.422
2013-12-24,14466.97863406678,-0.07090547543180048,0.422
2013-12-26,14086.013623731653,-0.07090547543180048,0.422
2013-12-27,14593.212838374371,-0.07090547543180048,0.422
2013-12-30,14528.244858867516,0.010995335438627624,0.892
2013-12-31,14288.072780334312,0.010995335438627624,0.892
2014-01-02,13619.396068342658,0.010995335438627624,0.892
2014-01-03,14139.50072583235,0.010995335438627624,0.892
2014-01-06,13875.66742709073,0.010995335438627624,0.892
2014-01-07,14282.425732336458,0.010995335438627624,0.892
2014-01-08,14026.995959074657,0.010995335438627624,0.892
2014-01-09,14225.186514591329,0.010995335438627624,0.892
2014-01-10,13994.591201742283,0.010995335438627624,0.892
2014-01-13,13803.121571379088,0.010995335438627624,0.892
2014-01-14,13845.986312749203,0.010995335438627624,0.892
2014-01-15,14285.951616944898,0.010995335438627624,0.892
2014-01-16,14033.791885035178,0.010995335438627624,0.892
2014-01-17,13897.99385773642,0.010995335438627624,0.892
2014-01-21,14044.082941642226,0.010995335438627624,0.892
2014-01-22,13955.829792811986,0.010995335438627624,0.892
2014-01-23,14128.231859612835,0.010995335438627624,0.892
2014-01-24,14145.58508342181,0.010995335438627624,0.892
2014-01-27,14132.58913064615,0.010995335438627624,0.892
2014-01-28,14173.739633561065,0.010995335438627624,0.892
2014-01-29,13830.210816246788,0.010995335438627624,0.892
2014-01-30,14127.299889279187,0.010995335438627624,0.892
2014-01-31,14171.725484876932,0.010995335438627624,0.892
2014-02-03,14123.727280407327,0.010995335438627624,0.892
2014-02-04,14386.43522123106,0.010995335438627624,0.892
2014-02-05,13951.764376338331,0.010995335438627624,0.892
2014-02-06,14008.899489200188,0.010995335438627624,0.892
2014-02-07,14124.276427190163,0.010995335438627624,0.892
2014-02-10,13698.69550969998,0.010995335438627624,0.892
2014-02-11,14081.504023466814,0.010995335438627624,0.892
2014-02-12,13798.800267385739,0.010995335438627624,0.892
2014-02-13,13990.490971320567,0.010995335438627624,0.892
2014-02-14,14149.592822699778,0.010995335438627624,0.892
2014-02-18,13841.566960574979,0.010995335438627624,0.892
2014-02-19,13543.943084751128,0.010995335438627624,0.892
2014-02-20,14096.416384844993,0.010995335438627624,0.892
2014-02-21,14167.348145070691,0.010995335438627624,0.892
2014-02-24,13935.862371838748,0.010995335438627624,0.892
2014-02-25,13775.475974694236,0.010995335438627624,0.892
2014-02-26,13752.116694733777,0.010995335438627624,0.892
2014-02-27,13929.1577307583,0.010995335438627624,0.892
2014-02-28,14422.983255525436,0.010995335438627624,0.892
2014-03-03,14413.060362054786,0.010995335438627624,0.892
2014-03-04,13880.115004168858,0.010995335438627624,0.892
2014-03-05,14115.299145272962,0.010995335438627624,0.892
2014-03-06,13739.513624292242,0.010995335438627624,0.892
2014-03-07,13758.530624693956,0.010995335438627624,0.892
2014-03-10,14108.169660782452,0.010995335438627624,0.892
2014-03-11,13937.762659848071,0.010995335438627624,0.892
2014-03-12,14130.828906412671,0.010995335438627624,0.892
2014-03-13,13856.945441916963,0.010995335438627624,0.892
2014-03-14,14137.905039442894,0.010995335438627624,0.892
2014-03-17,13794.9579771138,0.010995335438627624,0.892
2014-03-18,13882.186205479436,0.010995335438627624,0.892
2014-03-19,13577.6517125121,0.010995335438627624,0.892
2014-03-20,14534.878377958188,0.010995335438627624,0.892
2014-03-21,14025.281347218017,0.010995335438627624,0.892
2014-03-24,14037.068143136901,0.010995335438627624,0.892
2014-03-25,14167.161993350854,0.010995335438627624,0.892
2014-03-26,14174.140717544053,0.010995335438627624,0.892
2014-03-27,13648.106793627176,0.010995335438627624,0.892
2014-03-28,13941.019266366513,0.010995335438627624,0.892
2014-03-31,14146.231773702948,0.010995335438627624,0.892
2014-04-01,14493.970007302107,0.010995335438627624,0.892
2014-04-02,13782.516066944665,0.010995335438627624,0.892
2014-04-03,14118.6994623093,0.010995335438627624,0.892
2014-04-04,13851.029364306301,0.010995335438627624,0.892
2014-04-07,13922.003457667573,0.010995335438627624,0.892
2014-04-08,13766.74099435907,0.010995335438627624,0.892
2014-04-09,13600.893387714554,0.010995335438627624,0.892
2014-04-10,13726.161962782151,0.010995335438627624,0.892
2014-04-11,13995.232858898255,0.010995335438627624,0.892
2014-04-14,13982.523484719164,0.010995335438627624,0.892
2014-04-15,13739.210966268407,0.010995335438627624,0.892
2014-04-16,13474.615112389862,0.010995335438627624,0.892
2014-04-17,14115.757318114469,0.010995335438627624,0.892
2014-04-21,13733.191652154941,0.010995335438627624,0.892
2014-04-22,13847.23620996604,0.010995335438627624,0.892
2014-04-23,13699.602426907564,0.010995335438627624,0.892
2014-04-24,13639.927009349252,0.010995335438627624,0.892
2014-04-25,13956.883803468358,0.010995335438627624,0.892
2014-04-28,14197.257314674722,0.010995335438627624,0.892
2014-04-29,13779.093296944988,0.010995335438627624,0.892
2014-04-30,13795.905760014826,0.010995335438627624,0.892
2014-05-01,13934.753500991312,0.010995335438627624,0.892
2014-05-02,14033.853404528709,0.010995335438627624,0.892
2014-05-05,14340.136289917093,0.010995335438627624,0.892
2014-05-06,13839.23325030199,0.010995335438627624,0.892
2014-05-07,13902.1547955869,0.010995335438627624,0.892
2014-05-08,14059.101148397693,0.010995335438627624,0.892
2014-05-09,13666.435963364549,0.010995335438627624,0.892
2014-05-12,14173.292405813047,0.010995335438627624,0.892
2014-05-13,13954.393608071636,0.010995335438627624,0.892
2014-05-14,13574.45829912758,0.010995335438627624,0.892
2014-05-15,14229.8945284847,0.010995335438627624,0.892
2014-05-16,14469.915987397644,0.010995335438627624,0.892
2014-05-19,14248.553122374473,0.010995335438627624,0.892
2014-05-20,14100.46534227208,0.010995335438627624,0.892
2014-05-21,13849.726464856923,0.010995335438627624,0.892
2014-05-22,13979.940897976949,0.010995335438627624,0.892
2014-05-23,14130.98378799021,0.010995335438627624,0.892
2014-05-27,13817.101525973509,0.010995335438627624,0.892
2014-05-28,14160.527428802907,0.010995335438627624,0.892
2014-05-29,14146.905885751907,0.010995335438627624,0.892
2014-05-30,14612.583543165136,0.010995335438627624,0.892
2014-06-02,13828.11938555345,0.010995335438627624,0.892
2014-06-03,13778.853972090199,0.010995335438627624,0.892
2014-06-04,13781.364801321266,0.010995335438627624,0.892
2014-06-05,14065.398932239745,0.010995335438627624,0.892
2014-06-06,13953.632923392226,0.010995335438627624,0.892
2014-06-09,13606.62288240014,0.010995335438627624,0.892
2014-06-10,14220.500791860108,0.010995335438627624,0.892
2014-06-11,13587.211114726142,0.010995335438627624,0.892
2014-06-12,14123.997154117378,0.010995335438627624,0.892
2014-06-13,13610.615955968262,0.010995335438627624,0.892
2014-06-16,13807.317292516529,0.010995335438627624,0.892
2014-06-17,13933.830095097128,0.010995335438627624,0.892
2014-06-18,14118.792078250259,0.010995335438627624,0.892
2014-06-19,13880.431821954491,0.010995335438627624,0.892
2014-06-20,13975.638254992798,0.010995335438627624,0.892
2014-06-23,14056.347035699115,0.010995335438627624,0.892
2014-06-24,13531.466683302076,0.010995335438627624,0.892
2014-06-25,13405.338544332602,0.010995335438627624,0.892
2014-06-26,13840.547049841312,0.010995335438627624,0.892
2014-06-27,13810.624215011643,0.010995335438627624,0.892
2014-06-30,14062.593444322132,0.010995335438627624,0.892
2014-07-01,13891.294127733954,0.010995335438627624,0.892
2014-07-02,14025.12635031414,0.010995335438627624,0.892
2014-07-03,13954.703121182132,0.010995335438627624,0.892
2014-07-07,13726.603930908723,0.010995335438627624,0.892
2014-07-08,13936.275028844306,0.010995335438627624,0.892
2014-07-09,14002.120663982312,0.010995335438627624,0.892
2014-07-10,13686.702681300922,0.010995335438627624,0.892
2014-07-11,13523.67198013305,0.010995335438627624,0.892
2014-07-14,13857.258608849417,0.010995335438627624,0.892
2014-07-15,13809.288692308119,0.010995335438627624,0.892
2014-07-16,14003.257771666478,0.010995335438627624,0.892
2014-07-17,13706.214309855954,0.010995335438627624,0.892
2014-07-18,13790.470626934566,0.010995335438627624,0.892
2014-07-21,13901.248789468116,0.010995335438627624,0.892
2014-07-22,13654.207207975058,0.010995335438627624,0.892
2014-07-23,13401.532133785893,0.010995335438627624,0.892
2014-07-24,13706.442117831768,0.010995335438627624,0.892
2014-07-25,13942.391072654795,0.010995335438627624,0.892
2014-07-28,14002.873405984672,0.010995335438627624,0.892
2014-07-29,14049.460441375151,0.010995335438627624,0.892
2014-07-30,14237.975744673604,0.010995335438627624,0.892
2014-07-31,13377.085509390841,0.010995335438627624,0.892
2014-08-01,14057.914711625746,0.010995335438627624,0.892
2014-08-04,14035.692519307719,0.010995335438627624,0.892
2014-08-05,13706.626021295415,0.010995335438627624,0.892
2014-08-06,13760.736233782345,0.010995335438627624,0.892
2014-08-07,13427.8220622786,0.010995335438627624,0.892
2014-08-08,13930.396084669326,0.010995335438627624,0.892
2014-08-11,14040.059899266387,0.010995335438627624,0.892
2014-08-12,13436.900959850589,0.010995335438627624,0.892
2014-08-13,13584.661918417823,0.010995335438627624,0.892
2014-08-14,14303.57391671757,0.010995335438627624,0.892
2014-08-15,13877.451610111766,0.010995335438627624,0.892
2014-08-18,14024.84058520535,0.010995335438627624,0.892
2014-08-19,13842.06253277465,0.010995335438627624,0.892
2014-08-20,13693.583249271142,0.010995335438627624,0.892
2014-08-21,13707.625651674902,0.010995335438627624,0.892
2014-08-22,14188.29251753035,0.010995335438627624,0.892
2014-08-25,13792.647441310215,0.010995335438627624,0.892
2014-08-26,13598.561760202418,0.010995335438627624,0.892
2014-08-27,13627.55529488122,0.010995335438627624,0.892
2014-08-28,13677.523073333497,0.010995335438627624,0.892
2014-08-29,13805.042462564841,0.010995335438627624,0.892
2014-09-02,13797.105980757024,0.010995335438627624,0.892
2014-09-03,13688.593171147995,0.010995335438627624,0.892
2014-09-04,13836.70040282838,0.010995335438627624,0.892
2014-09-05,13788.128444105014,0.010995335438627624,0.892
2014-09-08,13885.953151853691,0.010995335438627624,0.892
2014-09-09,13936.160253607273,0.010995335438627624,0.892
2014-09-10,14126.772379814189,0.010995335438627624,0.892
2014-09-11,13844.749240492,0.010995335438627624,0.892
2014-09-12,13913.32003728754,0.010995335438627624,0.892
2014-09-15,13829.253002897603,0.010995335438627624,0.892
2014-09-16,13735.331493606938,0.010995335438627624,0.892
2014-09-17,13829.97075421817,0.010995335438627624,0.892
2014-09-18,13884.769792721734,0.010995335438627624,0.892
2014-09-19,13829.436884900157,0.010995335438627624,0.892
2014-09-22,13840.781470948987,0.010995335438627624,0.892
2014-09-23,13636.215846615554,0.010995335438627624,0.892
2014-09-24,13529.13341743539,0.010995335438627624,0.892
2014-09-25,13729.091938040016,0.010995335438627624,0.892
2014-09-26,13396.116624085833,0.010995335438627624,0.892
2014-09-29,13891.588722463497,0.010995335438627624,0.892
2014-09-30,13501.42363785806,0.010995335438627624,0.892
2014-10-01,13668.674540588865,0.010995335438627624,0.892
2014-10-02,13934.506197700315,0.010995335438627624,0.892
2014-10-03,13611.39906582979,0.010995335438627624,0.892
2014-10-06,13547.212950920155,0.010995335438627624,0.892
2014-10-07,14134.68251275747,0.010995335438627624,0.892
2014-10-08,13988.817923206976,0.010995335438627624,0.892
2014-10-09,14115.391071769629,0.010995335438627624,0.892
2014-10-10,13592.060858270428,0.010995335438627624,0.892
2014-10-13,13671.461468113634,0.010995335438627624,0.892
2014-10-14,13689.471322912403,0.010995335438627624,0.892
2014-10-15,13762.814074869017,0.010995335438627624,0.892
2014-10-16,14173.724033341061,0.010995335438627624,0.892
2014-10-17,13717.200765303782,0.010995335438627624,0.892
2014-10-20,13779.207818956325,0.010995335438627624,0.892
2014-10-21,13973.102573076676,0.010995335438627624,0.892
2014-10-22,14401.078277207629,0.010995335438627624,0.892
2014-10-23,13846.387939888198,0.010995335438627624,0.892
2014-10-24,13938.606956883796,0.010995335438627624,0.892
2014-10-27,13687.966422179024,0.010995335438627624,0.892
2014-10-28,14306.563558281949,0.010995335438627624,0.892
2014-10-29,13910.916820618657,0.010995335438627624,0.892
2014-10-30,14064.042738693532,0.010995335438627624,0.892
2014-10-31,14008.035260874449,0.010995335438627624,0.892
2014-11-03,13603.59796281548,0.010995335438627624,0.892
2014-11-04,14039.57464751577,0.010995335438627624,0.892
2014-11-05,13720.74236933717,0.010995335438627624,0.892
2014-11-06,13647.163746168075,0.010995335438627624,0.892
2014-11-07,13907.097947794071,0.010995335438627624,0.892
2014-11-10,13599.390895065813,0.010995335438627624,0.892
2014-11-11,13960.637744227175,0.010995335438627624,0.892
2014-11-12,14238.301858809815,0.010995335438627624,0.892
2014-11-13,13383.313205425515,0.010995335438627624,0.892
2014-11-14,14095.18893062798,0.010995335438627624,0.892
2014-11-17,13823.747740873225,0.010995335438627624,0.892
2014-11-18,13780.79245911837,0.010995335438627624,0.892
2014-11-19,13543.07824151664,0.010995335438627624,0.892
2014-11-20,14050.54536576493,0.010995335438627624,0.892
2014-11-21,13696.012472392596,0.010995335438627624,0.892
2014-11-24,14055.130077883567,0.010995335438627624,0.892
2014-11-25,14066.0603128151,0.010995335438627624,0.892
2014-11-26,14180.687633765843,0.010995335438627624,0.892
2014-11-28,14237.37975997199,0.010995335438627624,0.892
2014-12-01,14398.357175419149,0.010995335438627624,0.892
2014-12-02,14016.227526222228,0.010995335438627624,0.892
2014-12-03,13987.377558101929,0.010995335438627624,0.892
2014-12-04,13923.463935678636,0.010995335438627624,0.892
2014-12-05,13832.193760797372,0.010995335438627624,0.892
2014-12-08,14076.7661186617,0.010995335438627624,0.892
2014-12-09,14170.6459933419,0.010995335438627624,0.892
2014-12-10,13941.810837428988,0.010995335438627624,0.892
2014-12-11,13665.328502788023,0.010995335438627624,0.892
2014-12-12,14078.072629658825,0.010995335438627624,0.892
2014-12-15,14189.381444145854,0.010995335438627624,0.892
2014-12-16,14192.37476889006,0.010995335438627624,0.892
2014-12-17,14292.3933928534,0.010995335438627624,0.892
2014-12-18,14200.478917770957,0.010995335438627624,0.892
2014-12-19,14206.800822081705,0.010995335438627624,0.892
2014-12-22,14037.033086580968,0.010995335438627624,0.892
2014-12-23,13825.499750625468,0.010995335438627624,0.892
2014-12-24,14112.151518505563,0.010995335438627624,0.892
2014-12-26,13062.916751151935,-0.006767726257863938,0.348
2014-12-29,13347.221045887107,-0.006767726257863938,0.348
2014-12-30,13400.213422341174,-0.006767726257863938,0.348
2014-12-31,13940.69877904124,-0.006767726257863938,0.348
2015-01-02,13204.829291161874,-0.006767726257863938,0.348
2015-01-05,13137.399406738721,-0.006767726257863938,0.348
2015-01-06,13263.609743680237,-0.006767726257863938,0.348
2015-01-07,13247.70390302468,-0.006767726257863938,0.348
2015-01-08,13144.017655527405,-0.006767726257863938,0.348
2015-01-09,13276.498702785848,-0.006767726257863938,0.348
2015-01-12,13433.646984330891,-0.006767726257863938,0.348
2015-01-13,13493.498901281095,-0.006767726257863938,0.348
2015-01-14,13330.816643331113,-0.006767726257863938,0.348
2015-01-15,13846.192110150745,-0.006767726257863938,0.348
2015-01-16,13687.054849980748,-0.006767726257863938,0.348
2015-01-20,13107.251917242156,-0.006767726257863938,0.348
2015-01-21,13853.827301485406,-0.006767726257863938,0.348
2015-01-22,13386.183218829978,-0.006767726257863938,0.348
2015-01-23,13557.7870026772,-0.006767726257863938,0.348
2015-01-26,13494.144760372255,-0.006767726257863938,0.348
2015-01-27,13772.775262928084,-0.006767726257863938,0.348
2015-01-28,13026.564627846104,-0.006767726257863938,0.348
2015-01-29,13369.60418321504,-0.006767726257863938,0.348
2015-01-30,13494.861482489094,-0.006767726257863938,0.348
2015-02-02,13314.586047906874,-0.006767726257863938,0.348
2015-02-03,13362.293506115693,-0.006767726257863938,0.348
2015-02-04,13458.340442857121,-0.006767726257863938,0.348
2015-02-05,13554.64158877656,-0.006767726257863938,0.348
2015-02-06,13366.009099025297,-0.006767726257863938,0.348
2015-02-09,13440.854295133657,-0.006767726257863938,0.348
2015-02-10,13686.759816061365,-0.006767726257863938,0.348
2015-02-11,13490.28380494123,-0.006767726257863938,0.348
2015-02-12,13551.319544488826,-0.006767726257863938,0.348
2015-02-13,13382.960955432176,-0.006767726257863938,0.348
2015-02-17,13796.129693810868,-0.006767726257863938,0.348
2015-02-18,13424.864873139786,-0.006767726257863938,0.348
2015-02-19,13380.132052295576,-0.006767726257863938,0.348
2015-02-20,13432.355335145983,-0.006767726257863938,0.348
2015-02-23,13446.447415832994,-0.006767726257863938,0.348
2015-02-24,13448.917440940662,-0.006767726257863938,0.348
2015-02-25,13378.302272007708,-0.006767726257863938,0.348
2015-02-26,13306.076265097923,-0.006767726257863938,0.348
2015-02-27,13701.50625642921,-0.006767726257863938,0.348
2015-03-02,13524.172775465415,-0.006767726257863938,0.348
2015-03-03,13359.579938465846,-0.006767726257863938,0.348
2015-03-04,13070.960193308194,-0.006767726257863938,0.348
2015-03-05,13549.693813910246,-0.006767726257863938,0.348
2015-03-06,13215.094728561979,-0.006767726257863938,0.348
2015-03-09,13516.123061410306,-0.006767726257863938,0.348
2015-03-10,13416.56847534486,-0.006767726257863938,0.348
2015-03-11,13029.52589292677,-0.006767726257863938,0.348
2015-03-12,13621.156614393818,-0.006767726257863938,0.348
2015-03-13,14180.834111335103,-0.006767726257863938,0.348
2015-03-16,13595.062332886333,-0.006767726257863938,0.348
2015-03-17,13584.369030767315,-0.006767726257863938,0.348
2015-03-18,13259.588276803968,-0.006767726257863938,0.348
2015-03-19,13629.786020775251,-0.006767726257863938,0.348
2015-03-20,13424.12674405089,-0.006767726257863938,0.348
2015-03-23,13582.477518176189,-0.006767726257863938,0.348
2015-03-24,14112.538214841665,-0.006767726257863938,0.348
2015-03-25,13681.613248190944,-0.006767726257863938,0.348
2015-03-26,13758.554814456334,-0.006767726257863938,0.348
2015-03-27,13337.558955702301,-0.006767726257863938,0.348
2015-03-30,13611.199874236621,-0.006767726257863938,0.348
2015-03-31,13505.462707111472,-0.006767726257863938,0.348
2015-04-01,13409.662104279709,-0.006767726257863938,0.348
2015-04-02,13774.052154462615,-0.006767726257863938,0.348
2015-04-06,13774.953683959056,-0.006767726257863938,0.348
2015-04-07,13804.58394239388,-0.006767726257863938,0.348
2015-04-08,13707.36797918829,-0.006767726257863938,0.348
2015-04-09,13546.260436611126,-0.006767726257863938,0.348
2015-04-10,13532.041126238924,-0.006767726257863938,0.348
2015-04-13,13360.194250689472,-0.006767726257863938,0.348
2015-04-14,13620.583234095455,-0.006767726257863938,0.348
2015-04-15,13802.03974721285,-0.006767726257863938,0.348
2015-04-16,13466.739359174953,-0.006767726257863938,0.348
2015-04-17,13554.416291173291,-0.006767726257863938,0.348
2015-04-20,14199.278594646541,-0.006767726257863938,0.348
2015-04-21,13476.53301192014,-0.006767726257863938,0.348
2015-04-22,13603.223639808108,-0.006767726257863938,0.348
2015-04-23,13869.190307424271,-0.006767726257863938,0.348
2015-04-24,13774.569718677863,-0.006767726257863938,0.348
2015-04-27,13896.263873098504,-0.006767726257863938,0.348
2015-04-28,13647.70016785757,-0.006767726257863938,0.348
2015-04-29,13592.274658100147,-0.006767726257863938,0.348
2015-04-30,13593.763623639377,-0.006767726257863938,0.348
2015-05-01,13510.721215098594,-0.006767726257863938,0.348
2015-05-04,13627.881800438017,-0.006767726257863938,0.348
2015-05-05,13578.40938812508,-0.006767726257863938,0.348
2015-05-06,13368.450677989851,-0.006767726257863938,0.348
2015-05-07,13455.322106447655,-0.006767726257863938,0.348
2015-05-08,13275.740119246133,-0.006767726257863938,0.348
2015-05-11,13792.039602862475,-0.006767726257863938,0.348
2015-05-12,13805.319322245627,-0.006767726257863938,0.348
2015-05-13,13355.2917513112,-0.006767726257863938,0.348
2015-05-14,13180.000233090912,-0.006767726257863938,0.348
2015-05-15,13611.52548628379,-0.006767726257863938,0.348
2015-05-18,13268.690796004354,-0.006767726257863938,0.348
2015-05-19,13665.586751751885,-0.006767726257863938,0.348
2015-05-20,13763.53013365573,-0.006767726257863938,0.348
2015-05-21,13863.942608795147,-0.006767726257863938,0.348
2015-05-22,13458.381233173186,-0.006767726257863938,0.348
2015-05-26,13818.85970228763,-0.006767726257863938,0.348
2015-05-27,13955.326941335634,-0.006767726257863938,0.348
2015-05-28,13794.287183065113,-0.006767726257863938,0.348
2015-05-29,13600.632851735549,-0.006767726257863938,0.348
2015-06-01,13654.650475858614,-0.006767726257863938,0.348
2015-06-02,13878.23503347595,-0.006767726257863938,0.348
2015-06-03,13746.611906657821,-0.006767726257863938,0.348
2015-06-04,13514.083776310887,-0.006767726257863938,0.348
2015-06-05,13446.663529223459,-0.006767726257863938,0.348
2015-06-08,13854.882356344804,-0.006767726257863938,0.348
2015-06-09,13751.23825230131,-0.006767726257863938,0.348
2015-06-10,13717.023825787768,-0.006767726257863938,0.348
2015-06-11,13720.821704858381,-0.006767726257863938,0.348
2015-06-12,13755.772617653784,-0.006767726257863938,0.348
2015-06-15,13989.965909223563,-0.006767726257863938,0.348
2015-06-16,14147.664779433986,-0.006767726257863938,0.348
2015-06-17,13523.38421643678,-0.006767726257863938,0.348
2015-06-18,13612.282045264166,-0.006767726257863938,0.348
2015-06-19,13886.510307940773,-0.006767726257863938,0.348
2015-06-22,13975.68026292292,-0.006767726257863938,0.348
2015-06-23,13727.967420203684,-0.006767726257863938,0.348
2015-06-24,13644.836247124362,-0.006767726257863938,0.348
2015-06-25,13402.527892990915,-0.006767726257863938,0.348
2015-06-26,13347.008708383459,-0.006767726257863938,0.348
2015-06-29,13967.648666657755,-0.006767726257863938,0.348
2015-06-30,14074.1604648813,-0.006767726257863938,0.348
2015-07-01,13997.579375986395,-0.006767726257863938,0.348
2015-07-02,13697.536856411292,-0.006767726257863938,0.348
2015-07-06,13866.929627309726,-0.006767726257863938,0.348
2015-07-07,13744.986035069374,-0.006767726257863938,0.348
2015-07-08,14238.971651611288,-0.006767726257863938,0.348
2015-07-09,14206.97223562921,-0.006767726257863938,0.348
2015-07-10,13471.878274876379,-0.006767726257863938,0.348
2015-07-13,14053.588841996027,-0.006767726257863938,0.348
2015-07-14,14130.1990134845,-0.006767726257863938,0.348
2015-07-15,13575.163277166663,-0.006767726257863938,0.348
2015-07-16,13401.819247381474,-0.006767726257863938,0.348
2015-07-17,14234.202883232836,-0.006767726257863938,0.348
2015-07-20,13741.709313936006,-0.006767726257863938,0.348
2015-07-21,13973.687459334822,-0.006767726257863938,0.348
2015-07-22,14273.88551067982,-0.006767726257863938,0.348
2015-07-23,13899.719319529375,-0.006767726257863938,0.348
2015-07-24,14105.396777290207,-0.006767726257863938,0.348
2015-07-27,14018.371180310372,-0.006767726257863938,0.348
2015-07-28,13865.694937092743,-0.006767726257863938,0.348
2015-07-29,13950.296648998212,-0.006767726257863938,0.348
2015-07-30,14007.418708174877,-0.006767726257863938,0.348
2015-07-31,13912.87777920182,-0.006767726257863938,0.348
2015-08-03,13692.272740030183,-0.006767726257863938,0.348
2015-08-04,13801.206611892745,-0.006767726257863938,0.348
2015-08-05,13893.106896494635,-0.006767726257863938,0.348
2015-08-06,13906.373858027751,-0.006767726257863938,0.348
2015-08-07,14188.87819962573,-0.006767726257863938,0.348
2015-08-10,13831.081735849446,-0.006767726257863938,0.348
2015-08-11,13804.282226338608,-0.006767726257863938,0.348
2015-08-12,14048.355882104348,-0.006767726257863938,0.348
2015-08-13,13865.774069958803,-0.006767726257863938,0.348
2015-08-14,13765.240746754243,-0.006767726257863938,0.348
2015-08-17,13755.862188091405,-0.006767726257863938,0.348
2015-08-18,13738.862125202104,-0.006767726257863938,0.348
2015-08-19,13659.222860709846,-0.006767726257863938,0.348
2015-08-20,13801.524761547356,-0.006767726257863938,0.348
2015-08-21,13823.251154305317,-0.006767726257863938,0.348
2015-08-24,13471.205375553282,-0.006767726257863938,0.348
2015-08-25,13987.949106429958,-0.006767726257863938,0.348
2015-08-26,14130.39843845125,-0.006767726257863938,0.348
2015-08-27,13685.47485249413,-0.006767726257863938,0.348
2015-08-28,14037.23413437126,-0.006767726257863938,0.348
2015-08-31,13859.086632749813,-0.006767726257863938,0.348
2015-09-01,13672.029764738201,-0.006767726257863938,0.348
2015-09-02,13649.696042956619,-0.006767726257863938,0.348
2015-09-03,13718.633814590497,-0.006767726257863938,0.348
2015-09-04,13710.791074569748,-0.006767726257863938,0.348
2015-09-08,14028.780469192276,-0.006767726257863938,0.348
2015-09-09,13905.686216968541,-0.006767726257863938,0.348
2015-09-10,13929.913893629951,-0.006767726257863938,0.348
2015-09-11,13947.301433050832,-0.006767726257863938,0.348
2015-09-14,13842.442088091691,-0.006767726257863938,0.348
2015-09-15,13710.149720017835,-0.006767726257863938,0.348
2015-09-16,13892.17729416665,-0.006767726257863938,0.348
2015-09-17,13560.269320423009,-0.006767726257863938,0.348
2015-09-18,13228.100264007166,-0.006767726257863938,0.348
2015-09-21,13618.4599146004,-0.006767726257863938,0.348
2015-09-22,13437.30277813415,-0.006767726257863938,0.348
2015-09-23,13534.681193890765,-0.006767726257863938,0.348
2015-09-24,13976.448619910012,-0.006767726257863938,0.348
2015-09-25,13438.994624243878,-0.006767726257863938,0.348
2015-09-28,13665.151093839879,-0.006767726257863938,0.348
2015-09-29,13525.796157497924,-0.006767726257863938,0.348
2015-09-30,13834.77583270982,-0.006767726257863938,0.348
2015-10-01,13555.533418337016,-0.006767726257863938,0.348
2015-10-02,13325.76609462367,-0.006767726257863938,0.348
2015-10-05,13257.329058767975,-0.006767726257863938,0.348
2015-10-06,13536.376890444028,-0.006767726257863938,0.348
2015-10-07,13629.355540068338,-0.006767726257863938,0.348
2015-10-08,13598.647715449997,-0.006767726257863938,0.348
2015-10-09,13513.0923570726,-0.006767726257863938,0.348
2015-10-12,13536.355177904106,-0.006767726257863938,0.348
2015-10-13,13589.768389745144,-0.006767726257863938,0.348
2015-10-14,13583.963925290165,-0.006767726257863938,0.348
2015-10-15,13761.117302019662,-0.006767726257863938,0.348
2015-10-16,13360.13257526716,-0.006767726257863938,0.348
2015-10-19,13673.248217332472,-0.006767726257863938,0.348
2015-10-20,13667.43273629422,-0.006767726257863938,0.348
2015-10-21,13925.022580575109,-0.006767726257863938,0.348
2015-10-22,13662.956133579779,-0.006767726257863938,0.348
2015-10-23,13426.366269237658,-0.006767726257863938,0.348
2015-10-26,13486.71342280864,-0.006767726257863938,0.348
2015-10-27,13747.83397433448,-0.006767726257863938,0.348
2015-10-28,13504.752825518233,-0.006767726257863938,0.348
2015-10-29,13807.580077726954,-0.006767726257863938,0.348
2015-10-30,13787.739163296526,-0.006767726257863938,0.348
2015-11-02,13523.326129129684,-0.006767726257863938,0.348
2015-11-03,13781.260703324315,-0.006767726257863938,0.348
2015-11-04,13467.776843390451,-0.006767726257863938,0.348
2015-11-05,13410.434214787201,-0.006767726257863938,0.348
2015-11-06,13752.036780664297,-0.006767726257863938,0.348
2015-11-09,13295.436141508908,-0.006767726257863938,0.348
2015-11-10,13864.505470517237,-0.006767726257863938,0.348
2015-11-11,13649.385859418568,-0.006767726257863938,0.348
2015-11-12,13236.777586100934,-0.006767726257863938,0.348
2015-11-13,13334.026858658826,-0.006767726257863938,0.348
2015-11-16,13506.573918540862,-0.006767726257863938,0.348
2015-11-17,13433.448055956544,-0.006767726257863938,0.348
2015-11-18,13465.696224399584,-0.006767726257863938,0.348
2015-11-19,13224.93026853037,-0.006767726257863938,0.348
2015-11-20,13506.513370914843,-0.006767726257863938,0.348
2015-11-23,13324.03559690459,-0.006767726257863938,0.348
2015-11-24,13482.151210186406,-0.006767726257863938,0.348
2015-11-25,13704.19981591803,-0.006767726257863938,0.348
2015-11-27,13690.25025933622,-0.006767726257863938,0.348
2015-11-30,13519.201355514197,-0.006767726257863938,0.348
2015-12-01,13439.568299563902,-0.006767726257863938,0.348
2015-12-02,13501.112644977551,-0.006767726257863938,0.348
2015-12-03,13666.62448370612,-0.006767726257863938,0.348
2015-12-04,13664.308472224622,-0.006767726257863938,0.348
2015-12-07,13757.477556209516,-0.006767726257863938,0.348
2015-12-08,13452.550773901841,-0.006767726257863938,0.348
2015-12-09,13640.198372402092,-0.006767726257863938,0.348
2015-12-10,13365.319165653047,-0.006767726257863938,0.348
2015-12-11,13763.19921035853,-0.006767726257863938,0.348
2015-12-14,13427.195245798386,-0.006767726257863938,0.348
2015-12-15,13371.167849358886,-0.006767726257863938,0.348
2015-12-16,13732.552785116426,-0.006767726257863938,0.348
2015-12-17,13522.530345778288,-0.006767726257863938,0.348
2015-12-18,13679.769631224754,-0.006767726257863938,0.348
2015-12-21,13687.980427169627,-0.006767726257863938,0.348
2015-12-22,13841.91761597075,-0.006767726257863938,0.348
2015-12-23,13106.587723293353,-0.04200335657184262,0.244
2015-12-24,13363.868368970634,-0.04200335657184262,0.244
2015-12-28,13422.731311269168,-0.04200335657184262,0.244
2015-12-29,13224.832891231408,-0.04200335657184262,0.244
2015-12-30,13219.612755660168,-0.04200335657184262,0.244
2015-12-31,13414.155337315571,-0.04200335657184262,0.244
2016-01-04,13384.362372394276,-0.04200335657184262,0.244
2016-01-05,13291.25327943547,-0.04200335657184262,0.244
2016-01-06,13092.820075773647,-0.04200335657184262,0.244
2016-01-07,13243.398712071299,-0.04200335657184262,0.244
2016-01-08,13233.756854302545,-0.04200335657184262,0.244
2016-01-11,13253.013284252527,-0.04200335657184262,0.244
2016-01-12,13042.803663885676,-0.04200335657184262,0.244
2016-01-13,13336.495220116214,-0.04200335657184262,0.244
2016-01-14,13179.696738162414,-0.04200335657184262,0.244
2016-01-15,13057.068803457036,-0.04200335657184262,0.244
2016-01-19,13031.69254736485,-0.04200335657184262,0.244
2016-01-20,13036.62361813559,-0.04200335657184262,0.244
2016-01-21,13082.113766442555,-0.04200335657184262,0.244
2016-01-22,12940.685075977706,-0.04200335657184262,0.244
2016-01-25,13080.197553734035,-0.04200335657184262,0.244
2016-01-26,13155.665667541067,-0.04200335657184262,0.244
2016-01-27,13487.071680213685,-0.04200335657184262,0.244
2016-01-28,13223.314662593571,-0.04200335657184262,0.244
2016-01-29,13286.039650387243,-0.04200335657184262,0.244
2016-02-01,12932.312491967166,-0.04200335657184262,0.244
2016-02-02,13155.463991592998,-0.04200335657184262,0.244
2016-02-03,13692.780102696606,-0.04200335657184262,0.244
2016-02-04,13331.157068300792,-0.04200335657184262,0.244
2016-02-05,13497.51847831816,-0.04200335657184262,0.244
2016-02-08,13514.547282169846,-0.04200335657184262,0.244
2016-02-09,13047.888529759522,-0.04200335657184262,0.244
2016-02-10,13339.687411201257,-0.04200335657184262,0.244
2016-02-11,13182.703150023342,-0.04200335657184262,0.244
2016-02-12,13420.525805235988,-0.04200335657184262,0.244
2016-02-16,13208.673521562823,-0.04200335657184262,0.244
2016-02-17,13404.239936272446,-0.04200335657184262,0.244
2016-02-18,13129.713699633454,-0.04200335657184262,0.244
2016-02-19,13282.881028004675,-0.04200335657184262,0.244
2016-02-22,13339.484163375997,-0.04200335657184262,0.244
2016-02-23,13006.473054152502,-0.04200335657184262,0.244
2016-02-24,13561.060555072156,-0.04200335657184262,0.244
2016-02-25,13368.040027843768,-0.04200335657184262,0.244
2016-02-26,13139.610549826064,-0.04200335657184262,0.244
2016-02-29,13249.454602766946,-0.04200335657184262,0.244
2016-03-01,13130.136403543198,-0.04200335657184262,0.244
2016-03-02,13259.921521108072,-0.04200335657184262,0.244
2016-03-03,13395.494541413833,-0.04200335657184262,0.244
2016-03-04,13200.980496545577,-0.04200335657184262,0.244
2016-03-07,13134.42572211306,-0.04200335657184262,0.244
2016-03-08,13108.325750107218,-0.04200335657184262,0.244
2016-03-09,13526.300610297332,-0.04200335657184262,0.244
2016-03-10,13627.291890782035,-0.04200335657184262,0.244
2016-03-11,13193.62794402214,-0.04200335657184262,0.244
2016-03-14,13476.494008757347,-0.04200335657184262,0.244
2016-03-15,13401.865269896165,-0.04200335657184262,0.244
2016-03-16,13164.831981545956,-0.04200335657184262,0.244
2016-03-17,13414.791586678446,-0.04200335657184262,0.244
2016-03-18,13313.275981794312,-0.04200335657184262,0.244
2016-03-21,13143.791754561542,-0.04200335657184262,0.244
2016-03-22,13360.338534430348,-0.04200335657184262,0.244
2016-03-23,13416.45569166666,-0.04200335657184262,0.244
2016-03-24,13304.161610422989,-0.04200335657184262,0.244
2016-03-28,13287.756814738956,-0.04200335657184262,0.244
2016-03-29,13012.192083431348,-0.04200335657184262,0.244
2016-03-30,13170.457835866124,-0.04200335657184262,0.244
2016-03-31,13507.93385871306,-0.04200335657184262,0.244
2016-04-01,13477.820094142182,-0.04200335657184262,0.244
2016-04-04,13316.53381634005,-0.04200335657184262,0.244
2016-04-05,13482.289344385339,-0.04200335657184262,0.244
2016-04-06,13455.396045175727,-0.04200335657184262,0.244
2016-04-07,12867.611923127444,-0.04200335657184262,0.244
2016-04-08,13186.976834882806,-0.04200335657184262,0.244
2016-04-11,13426.755123769151,-0.04200335657184262,0.244
2016-04-12,13278.487957711302,-0.04200335657184262,0.244
2016-04-13,13416.52257840721,-0.04200335657184262,0.244
2016-04-14,13116.639949716387,-0.04200335657184262,0.244
2016-04-15,13377.905768417833,-0.04200335657184262,0.244
2016-04-18,13451.972726534183,-0.04200335657184262,0.244
2016-04-19,13106.405186843012,-0.04200335657184262,0.244
2016-04-20,13213.710402826666,-0.04200335657184262,0.244
2016-04-21,13418.86590371893,-0.04200335657184262,0.244
2016-04-22,13153.800770199654,-0.04200335657184262,0.244
2016-04-25,13259.637849530995,-0.04200335657184262,0.244
2016-04-26,13382.447983481194,-0.04200335657184262,0.244
2016-04-27,13381.192997653094,-0.04200335657184262,0.244
2016-04-28,13367.92929799038,-0.04200335657184262,0.244
2016-04-29,13148.20994031201,-0.04200335657184262,0.244
2016-05-02,13177.344259006908,-0.04200335657184262,0.244
2016-05-03,13284.519835686428,-0.04200335657184262,0.244
2016-05-04,13383.925674654227,-0.04200335657184262,0.244
2016-05-05,13531.471048883883,-0.04200335657184262,0.244
2016-05-06,13126.411593327723,-0.04200335657184262,0.244
2016-05-09,13280.541526004385,-0.04200335657184262,0.244
2016-05-10,13329.339551984813,-0.04200335657184262,0.244
2016-05-11,13202.090875001888,-0.04200335657184262,0.244
2016-05-12,13460.962547048974,-0.04200335657184262,0.244
2016-05-13,13357.644988120064,-0.04200335657184262,0.244
2016-05-16,13321.825891505552,-0.04200335657184262,0.244
2016-05-17,13399.04768918772,-0.04200335657184262,0.244
2016-05-18,13163.903459658162,-0.04200335657184262,0.244
2016-05-19,13551.10822345794,-0.04200335657184262,0.244
2016-05-20,13605.014526781017,-0.04200335657184262,0.244
2016-05-23,13532.795836733452,-0.04200335657184262,0.244
2016-05-24,13323.017855668204,-0.04200335657184262,0.244
2016-05-25,13046.214803303312,-0.04200335657184262,0.244
2016-05-26,13295.985918243477,-0.04200335657184262,0.244
2016-05-27,13170.180889673835,-0.04200335657184262,0.244
2016-05-31,13231.475096358698,-0.04200335657184262,0.244
2016-06-01,13024.368932536046,-0.04200335657184262,0.244
2016-06-02,13734.695973292522,-0.04200335657184262,0.244
2016-06-03,13269.866149375239,-0.04200335657184262,0.244
2016-06-06,13426.996394464648,-0.04200335657184262,0.244
2016-06-07,13356.766650827109,-0.04200335657184262,0.244
2016-06-08,13162.96988408361,-0.04200335657184262,0.244
2016-06-09,13249.121389941927,-0.04200335657184262,0.244
2016-06-10,13460.353923542234,-0.04200335657184262,0.244
2016-06-13,13063.290065314932,-0.04200335657184262,0.244
2016-06-14,13486.861655349036,-0.04200335657184262,0.244
2016-06-15,13254.142822121905,-0.04200335657184262,0.244
2016-06-16,13336.64006473446,-0.04200335657184262,0.244
2016-06-17,13249.991960079984,-0.04200335657184262,0.244
2016-06-20,13523.22642780976,-0.04200335657184262,0.244
2016-06-21,13253.762155859768,-0.04200335657184262,0.244
2016-06-22,13501.73213778482,-0.04200335657184262,0.244
2016-06-23,13042.539130549438,-0.04200335657184262,0.244
2016-06-24,13408.098316395175,-0.04200335657184262,0.244
2016-06-27,13072.95957924457,-0.04200335657184262,0.244
2016-06-28,13239.904578485046,-0.04200335657184262,0.244
2016-06-29,13433.519788161802,-0.04200335657184262,0.244
2016-06-30,13550.377320376867,-0.04200335657184262,0.244
2016-07-01,13480.431476641097,-0.04200335657184262,0.244
2016-07-05,13582.221266218738,-0.04200335657184262,0.244
2016-07-06,13689.64835747594,-0.04200335657184262,0.244
2016-07-07,13614.12048091864,-0.04200335657184262,0.244
2016-07-08,13239.146345927003,-0.04200335657184262,0.244
2016-07-11,13518.530280106148,-0.04200335657184262,0.244
2016-07-12,13658.953964928245,-0.04200335657184262,0.244
2016-07-13,13365.464368608167,-0.04200335657184262,0.244
2016-07-14,13524.532920276026,-0.04200335657184262,0.244
2016-07-15,13683.342240547476,-0.04200335657184262,0.244
2016-07-18,13539.319970380906,-0.04200335657184262,0.244
2016-07-19,13375.753357442314,-0.04200335657184262,0.244
2016-07-20,13374.675688251955,-0.04200335657184262,0.244
2016-07-21,13462.77793584505,-0.04200335657184262,0.244
2016-07-22,13284.459635821962,-0.04200335657184262,0.244
2016-07-25,13556.384173555227,-0.04200335657184262,0.244
2016-07-26,13782.92375353926,-0.04200335657184262,0.244
2016-07-27,13910.807851455033,-0.04200335657184262,0.244
2016-07-28,13288.282644663552,-0.04200335657184262,0.244
2016-07-29,13307.687923295336,-0.04200335657184262,0.244
2016-08-01,13820.707382257364,-0.04200335657184262,0.244
2016-08-02,13456.179108124525,-0.04200335657184262,0.244
2016-08-03,13248.7712252825,-0.04200335657184262,0.244
2016-08-04,13335.511880557007,-0.04200335657184262,0.244
2016-08-05,13652.035865062142,-0.04200335657184262,0.244
2016-08-08,13254.223023541374,-0.04200335657184262,0.244
2016-08-09,13339.313113364256,-0.04200335657184262,0.244
2016-08-10,13392.728077503403,-0.04200335657184262,0.244
2016-08-11,13228.093218209331,-0.04200335657184262,0.244
2016-08-12,13538.96531390311,-0.04200335657184262,0.244
2016-08-15,13357.21196446175,-0.04200335657184262,0.244
2016-08-16,13448.073552123398,-0.04200335657184262,0.244
2016-08-17,13436.147776634989,-0.04200335657184262,0.244
2016-08-18,13519.93418266599,-0.04200335657184262,0.244
2016-08-19,13358.235458477751,-0.04200335657184262,0.244
2016-08-22,13600.629931115893,-0.04200335657184262,0.244
2016-08-23,13497.67168856524,-0.04200335657184262,0.244
2016-08-24,13636.1544065671,-0.04200335657184262,0.244
2016-08-25,13477.151468999631,-0.04200335657184262,0.244
2016-08-26,13545.703746681553,-0.04200335657184262,0.244
2016-08-29,13513.720707791364,-0.04200335657184262,0.244
2016-08-30,13662.041249553766,-0.04200335657184262,0.244
2016-08-31,13542.756622474963,-0.04200335657184262,0.244
2016-09-01,13359.622090179977,-0.04200335657184262,0.244
2016-09-02,13722.38801232012,-0.04200335657184262,0.244
2016-09-06,13638.903332696891,-0.04200335657184262,0.244
2016-09-07,13905.546238882756,-0.04200335657184262,0.244
2016-09-08,13449.216721190785,-0.04200335657184262,0.244
2016-09-09,13502.539596522343,-0.04200335657184262,0.244
2016-09-12,13739.508124109441,-0.04200335657184262,0.244
2016-09-13,13308.745149911465,-0.04200335657184262,0.244
2016-09-14,13641.7598475796,-0.04200335657184262,0.244
2016-09-15,13588.00813647092,-0.04200335657184262,0.244
2016-09-16,13697.772901476039,-0.04200335657184262,0.244
2016-09-19,13745.967982596207,-0.04200335657184262,0.244
2016-09-20,13440.69529885717,-0.04200335657184262,0.244
2016-09-21,13657.757417376575,-0.04200335657184262,0.244
2016-09-22,13670.546680530415,-0.04200335657184262,0.244
2016-09-23,13434.403687048603,-0.04200335657184262,0.244
2016-09-26,13396.000106740292,-0.04200335657184262,0.244
2016-09-27,13874.235104051968,-0.04200335657184262,0.244
2016-09-28,13596.360342188937,-0.04200335657184262,0.244
2016-09-29,13218.479829228285,-0.04200335657184262,0.244
2016-09-30,13429.701842274226,-0.04200335657184262,0.244
2016-10-03,13756.804184276118,-0.04200335657184262,0.244
2016-10-04,13235.723985991397,-0.04200335657184262,0.244
2016-10-05,13100.991085806887,-0.04200335657184262,0.244
2016-10-06,13518.843208880124,-0.04200335657184262,0.244
2016-10-07,13382.059507795795,-0.04200335657184262,0.244
2016-10-10,13340.939983490594,-0.04200335657184262,0.244
2016-10-11,12984.210892040746,-0.04200335657184262,0.244
2016-10-12,13053.415358861082,-0.04200335657184262,0.244
2016-10-13,13231.110799165592,-0.04200335657184262,0.244
2016-10-14,13491.249587003067,-0.04200335657184262,0.244
2016-10-17,13227.772826958806,-0.04200335657184262,0.244
2016-10-18,13122.89361357037,-0.04200335657184262,0.244
2016-10-19,13328.973197230196,-0.04200335657184262,0.244
2016-10-20,13266.15021494219,-0.04200335657184262,0.244
2016-10-21,13321.293719129666,-0.04200335657184262,0.244
2016-10-24,13361.63753448448,-0.04200335657184262,0.244
2016-10-25,13172.240293506522,-0.04200335657184262,0.244
2016-10-26,13484.921520460453,-0.04200335657184262,0.244
2016-10-27,13196.06413470917,-0.04200335657184262,0.244
2016-10-28,13270.79932332627,-0.04200335657184262,0.244
2016-10-31,13200.936974745537,-0.04200335657184262,0.244
2016-11-01,13024.162632074733,-0.04200335657184262,0.244
2016-11-02,13320.531703696379,-0.04200335657184262,0.244
2016-11-03,13268.131169272616,-0.04200335657184262,0.244
2016-11-04,13120.630540405902,-0.04200335657184262,0.244
2016-11-07,13460.992105343787,-0.04200335657184262,0.244
2016-11-08,13373.44758037863,-0.04200335657184262,0.244
2016-11-09,13199.29687674775,-0.04200335657184262,0.244
2016-11-10,13207.389732526608,-0.04200335657184262,0.244
2016-11-11,13562.676990840731,-0.04200335657184262,0.244
2016-11-14,13559.223480125416,-0.04200335657184262,0.244
2016-11-15,13384.052364240026,-0.04200335657184262,0.244
2016-11-16,13536.42563974657,-0.04200335657184262,0.244
2016-11-17,13126.492314645317,-0.04200335657184262,0.244
2016-11-18,13305.997770624908,-0.04200335657184262,0.244
2016-11-21,13371.59578192372,-0.04200335657184262,0.244
2016-11-22,13355.764718892713,-0.04200335657184262,0.244
2016-11-23,13117.485643565089,-0.04200335657184262,0.244
2016-11-25,13107.309826616434,-0.04200335657184262,0.244
2016-11-28,13272.416326959346,-0.04200335657184262,0.244
2016-11-29,13771.262044610407,-0.04200335657184262,0.244
2016-11-30,13516.752909054134,-0.04200335657184262,0.244
2016-12-01,13204.271390110394,-0.04200335657184262,0.244
2016-12-02,13251.804964110926,-0.04200335657184262,0.244
2016-12-05,13432.380180614298,-0.04200335657184262,0.244
2016-12-06,13186.95132153105,-0.04200335657184262,0.244
2016-12-07,13205.82155260339,-0.04200335657184262,0.244
2016-12-08,13205.010198720092,-0.04200335657184262,0.244
2016-12-09,12864.50942230822,-0.04200335657184262,0.244
2016-12-12,13250.084951807747,-0.04200335657184262,0.244
2016-12-13,13435.002203025506,-0.04200335657184262,0.244
2016-12-14,13008.447736981077,-0.04200335657184262,0.244
2016-12-15,13398.959877471212,-0.04200335657184262,0.244
2016-12-16,13055.787611336234,-0.04200335657184262,0.244
2016-12-19,13316.796733524428,-0.04200335657184262,0.244
2016-12-20,13333.293552023815,-0.02046998446627849,0.352
2016-12-21,13673.195695500028,-0.02046998446627849,0.352
2016-12-22,13977.655300835717,-0.02046998446627849,0.352
2016-12-23,13852.278342793064,-0.02046998446627849,0.352
2016-12-27,13451.596672842057,-0.02046998446627849,0.352
2016-12-28,13722.486315753946,-0.02046998446627849,0.352
2016-12-29,13477.687125217164,-0.02046998446627849,0.352
2016-12-30,13383.129444001954,-0.02046998446627849,0.352
2017-01-03,13695.607725071477,-0.02046998446627849,0.352
2017-01-04,13835.197808100991,-0.02046998446627849,0.352
2017-01-05,13957.85559732456,-0.02046998446627849,0.352
2017-01-06,13742.558610567356,-0.02046998446627849,0.352
2017-01-09,13430.571490298667,-0.02046998446627849,0.352
2017-01-10,13815.99688378359,-0.02046998446627849,0.352
2017-01-11,14058.41031317333,-0.02046998446627849,0.352
2017-01-12,13933.390647807924,-0.02046998446627849,0.352
2017-01-13,13847.700787784566,-0.02046998446627849,0.352
2017-01-17,13420.719184801805,-0.02046998446627849,0.352
2017-01-18,13516.472579125826,-0.02046998446627849,0.352
2017-01-19,13806.702995188773,-0.02046998446627849,0.352
2017-01-20,13652.982917831236,-0.02046998446627849,0.352
2017-01-23,13586.086175472728,-0.02046998446627849,0.352
2017-01-24,13856.515385142167,-0.02046998446627849,0.352
2017-01-25,13705.982405446732,-0.02046998446627849,0.352
2017-01-26,13605.991626530807,-0.02046998446627849,0.352
2017-01-27,13423.739769219314,-0.02046998446627849,0.352
2017-01-30,13709.68954861488,-0.02046998446627849,0.352
2017-01-31,13522.12266542707,-0.02046998446627849,0.352
2017-02-01,13680.551014123514,-0.02046998446627849,0.352
2017-02-02,13479.962743759123,-0.02046998446627849,0.352
2017-02-03,13860.517001083634,-0.02046998446627849,0.352
2017-02-06,13613.899757901134,-0.02046998446627849,0.352
2017-02-07,13885.064545893129,-0.02046998446627849,0.352
2017-02-08,13625.036623416212,-0.02046998446627849,0.352
2017-02-09,13760.199827963223,-0.02046998446627849,0.352
2017-02-10,13667.344077594424,-0.02046998446627849,0.352
2017-02-13,13665.46675689447,-0.02046998446627849,0.352
2017-02-14,13784.749514566189,-0.02046998446627849,0.352
2017-02-15,13634.64018278027,-0.02046998446627849,0.352
2017-02-16,13717.183094661226,-0.02046998446627849,0.352
2017-02-17,13555.059116366243,-0.02046998446627849,0.352
2017-02-21,13744.671192546833,-0.02046998446627849,0.352
2017-02-22,13485.191065784553,-0.02046998446627849,0.352
2017-02-23,13622.561854938804,-0.02046998446627849,0.352
2017-02-24,13852.087246579174,-0.02046998446627849,0.352
2017-02-27,13976.14623692091,-0.02046998446627849,0.352
2017-02-28,13583.685744348644,-0.02046998446627849,0.352
2017-03-01,13771.431986926407,-0.02046998446627849,0.352
2017-03-02,13729.174872773234,-0.02046998446627849,0.352
2017-03-03,13947.721673648748,-0.02046998446627849,0.352
2017-03-06,13726.989640562539,-0.02046998446627849,0.352
2017-03-07,13503.852713668786,-0.02046998446627849,0.352
2017-03-08,13910.67849397196,-0.02046998446627849,0.352
2017-03-09,13605.425088111017,-0.02046998446627849,0.352
2017-03-10,13740.036993263746,-0.02046998446627849,0.352
2017-03-13,13673.615708787665,-0.02046998446627849,0.352
2017-03-14,13293.073189889892,-0.02046998446627849,0.352
2017-03-15,13551.52481475302,-0.02046998446627849,0.352
2017-03-16,13314.733820229183,-0.02046998446627849,0.352
2017-03-17,13398.193539843338,-0.02046998446627849,0.352
2017-03-20,13176.456596191401,-0.02046998446627849,0.352
2017-03-21,13383.719390180011,-0.02046998446627849,0.352
2017-03-22,13748.822017821045,-0.02046998446627849,0.352
2017-03-23,13468.90337986977,-0.02046998446627849,0.352
2017-03-24,13395.025291895134,-0.02046998446627849,0.352
2017-03-27,13331.488574172372,-0.02046998446627849,0.352
2017-03-28,13609.255384186727,-0.02046998446627849,0.352
2017-03-29,13814.259234477344,-0.02046998446627849,0.352
2017-03-30,13235.110133941558,-0.02046998446627849,0.352
2017-03-31,13531.122933931716,-0.02046998446627849,0.352
2017-04-03,13537.915700225429,-0.02046998446627849,0.352
2017-04-04,13409.572305881868,-0.02046998446627849,0.352
2017-04-05,13692.502538254148,-0.02046998446627849,0.352
2017-04-06,13350.928194685252,-0.02046998446627849,0.352
2017-04-07,13455.476954585232,-0.02046998446627849,0.352
2017-04-10,13461.598894129147,-0.02046998446627849,0.352
2017-04-11,13568.964710868346,-0.02046998446627849,0.352
2017-04-12,13497.016755699016,-0.02046998446627849,0.352
2017-04-13,13457.083497442174,-0.02046998446627849,0.352
2017-04-17,13525.746671037059,-0.02046998446627849,0.352
2017-04-18,13540.111623151892,-0.02046998446627849,0.352
2017-04-19,13868.345003261848,-0.02046998446627849,0.352
2017-04-20,13725.698309888045,-0.02046998446627849,0.352
2017-04-21,13660.674141197302,-0.02046998446627849,0.352
2017-04-24,13641.427184746059,-0.02046998446627849,0.352
2017-04-25,13557.57567723476,-0.02046998446627849,0.352
2017-04-26,13612.671875530752,-0.02046998446627849,0.352
2017-04-27,13491.866867065146,-0.02046998446627849,0.352
2017-04-28,13759.040437453148,-0.02046998446627849,0.352
2017-05-01,13560.152408777914,-0.02046998446627849,0.352
2017-05-02,13289.26527331356,-0.02046998446627849,0.352
2017-05-03,13567.998987837398,-0.02046998446627849,0.352
2017-05-04,13317.757749308568,-0.02046998446627849,0.352
2017-05-05,13565.15047615658,-0.02046998446627849,0.352
2017-05-08,13711.625537432932,-0.02046998446627849,0.352
2017-05-09,13526.380397755911,-0.02046998446627849,0.352
2017-05-10,13558.696486141167,-0.02046998446627849,0.352
2017-05-11,13661.074402467211,-0.02046998446627849,0.352
2017-05-12,13421.499120808225,-0.02046998446627849,0.352
2017-05-15,13227.251861114819,-0.02046998446627849,0.352
2017-05-16,13502.120894538612,-0.02046998446627849,0.352
2017-05-17,13266.7391285056,-0.02046998446627849,0.352
2017-05-18,13523.176490693635,-0.02046998446627849,0.352
2017-05-19,13207.905497486621,-0.02046998446627849,0.352
2017-05-22,13306.184667601696,-0.02046998446627849,0.352
2017-05-23,13266.532782020395,-0.02046998446627849,0.352
2017-05-24,13402.675178967005,-0.02046998446627849,0.352
2017-05-25,13484.945014378985,-0.02046998446627849,0.352
2017-05-26,13428.101771158854,-0.02046998446627849,0.352
2017-05-30,13098.261251884833,-0.02046998446627849,0.352
2017-05-31,13427.392857932393,-0.02046998446627849,0.352
2017-06-01,13458.542999167286,-0.02046998446627849,0.352
2017-06-02,13651.883707343088,-0.02046998446627849,0.352
2017-06-05,13299.53582379281,-0.02046998446627849,0.352
2017-06-06,13544.953121669174,-0.02046998446627849,0.352
2017-06-07,13432.535165899002,-0.02046998446627849,0.352
2017-06-08,13206.11896015847,-0.02046998446627849,0.352
2017-06-09,13465.411862220199,-0.02046998446627849,0.352
2017-06-12,13418.106881201857,-0.02046998446627849,0.352
2017-06-13,13248.689043023365,-0.02046998446627849,0.352
2017-06-14,13412.096423045357,-0.02046998446627849,0.352
2017-06-15,13214.16108851719,-0.02046998446627849,0.352
2017-06-16,13615.53565664108,-0.02046998446627849,0.352
2017-06-19,13400.83922784373,-0.02046998446627849,0.352
2017-06-20,13233.66772916629,-0.02046998446627849,0.352
2017-06-21,13537.36035229576,-0.02046998446627849,0.352
2017-06-22,13547.005137472552,-0.02046998446627849,0.352
2017-06-23,13432.75178702333,-0.02046998446627849,0.352
2017-06-26,13379.018820404208,-0.02046998446627849,0.352
2017-06-27,13218.70865654094,-0.02046998446627849,0.352
2017-06-28,13363.259918005264,-0.02046998446627849,0.352
2017-06-29,13056.330091760672,-0.02046998446627849,0.352
2017-06-30,13324.40260094667,-0.02046998446627849,0.352
2017-07-03,13382.899550678558,-0.02046998446627849,0.352
2017-07-05,13357.381729688715,-0.02046998446627849,0.352
2017-07-06,13285.320732704851,-0.02046998446627849,0.352
2017-07-07,12958.055278652788,-0.02046998446627849,0.352
2017-07-10,12946.90292748398,-0.02046998446627849,0.352
2017-07-11,13162.843184559864,-0.02046998446627849,0.352
2017-07-12,13165.71558751608,-0.02046998446627849,0.352
2017-07-13,12835.827658270122,-0.02046998446627849,0.352
2017-07-14,13262.14804127558,-0.02046998446627849,0.352
2017-07-17,13653.758141207003,-0.02046998446627849,0.352
2017-07-18,13101.539495600033,-0.02046998446627849,0.352
2017-07-19,12724.537470939977,-0.02046998446627849,0.352
2017-07-20,13159.053018304234,-0.02046998446627849,0.352
2017-07-21,13467.467694349521,-0.02046998446627849,0.352
2017-07-24,13313.558797291236,-0.02046998446627849,0.352
2017-07-25,13172.276591020911,-0.02046998446627849,0.352
2017-07-26,12948.875215674318,-0.02046998446627849,0.352
2017-07-27,12971.25517446897,-0.02046998446627849,0.352
2017-07-28,13178.148636232158,-0.02046998446627849,0.352
2017-07-31,13391.044379151866,-0.02046998446627849,0.352
2017-08-01,13001.795698241756,-0.02046998446627849,0.352
2017-08-02,13125.16353825959,-0.02046998446627849,0.352
2017-08-03,13187.995319068466,-0.02046998446627849,0.352
2017-08-04,13167.589865753296,-0.02046998446627849,0.352
2017-08-07,13383.469784584222,-0.02046998446627849,0.352
2017-08-08,13116.208052230375,-0.02046998446627849,0.352
2017-08-09,13317.76550891904,-0.02046998446627849,0.352
2017-08-10,13060.562208083526,-0.02046998446627849,0.352
2017-08-11,13055.165436111509,-0.02046998446627849,0.352
2017-08-14,13281.077705668076,-0.02046998446627849,0.352
2017-08-15,12994.730147577497,-0.02046998446627849,0.352
2017-08-16,13071.175867801083,-0.02046998446627849,0.352
2017-08-17,13051.928016933596,-0.02046998446627849,0.352
2017-08-18,13188.786760001753,-0.02046998446627849,0.352
2017-08-21,13429.711694873426,-0.02046998446627849,0.352
2017-08-22,13314.406904125175,-0.02046998446627849,0.352
2017-08-23,12888.676347655191,-0.02046998446627849,0.352
2017-08-24,12989.776017620701,-0.02046998446627849,0.352
2017-08-25,13330.60249418045,-0.02046998446627849,0.352
2017-08-28,13004.380417301869,-0.02046998446627849,0.352
2017-08-29,13048.805230049713,-0.02046998446627849,0.352
2017-08-30,13058.54820837399,-0.02046998446627849,0.352
2017-08-31,12977.93230739695,-0.02046998446627849,0.352
2017-09-01,13188.823024628597,-0.02046998446627849,0.352
2017-09-05,13300.341259721537,-0.02046998446627849,0.352
2017-09-06,13208.010927248233,-0.02046998446627849,0.352
2017-09-07,13016.599145059621,-0.02046998446627849,0.352
2017-09-08,13339.784501178,-0.02046998446627849,0.352
2017-09-11,13210.787287852152,-0.02046998446627849,0.352
2017-09-12,13002.8780620624,-0.02046998446627849,0.352
2017-09-13,12841.873401694638,-0.02046998446627849,0.352
2017-09-14,12982.520311990162,-0.02046998446627849,0.352
2017-09-15,12940.067284253271,-0.02046998446627849,0.352
2017-09-18,13104.361602284565,-0.02046998446627849,0.352
2017-09-19,12754.835251103354,-0.02046998446627849,0.352
2017-09-20,12867.111702550523,-0.02046998446627849,0.352
2017-09-21,12945.358425542026,-0.02046998446627849,0.352
2017-09-22,13209.400393339123,-0.02046998446627849,0.352
2017-09-25,13088.998347866624,-0.02046998446627849,0.352
2017-09-26,13330.236894023385,-0.02046998446627849,0.352
2017-09-27,13354.26553506263,-0.02046998446627849,0.352
2017-09-28,13023.757574268542,-0.02046998446627849,0.352
2017-09-29,13068.862896752808,-0.02046998446627849,0.352
2017-10-02,13035.878995860947,-0.02046998446627849,0.352
2017-10-03,13085.562873264234,-0.02046998446627849,0.352
2017-10-04,12619.686876318325,-0.02046998446627849,0.352
2017-10-05,12802.05704365438,-0.02046998446627849,0.352
2017-10-06,12978.928429048245,-0.02046998446627849,0.352
2017-10-09,12616.57352091872,-0.02046998446627849,0.352
2017-10-10,13201.568131822467,-0.02046998446627849,0.352
2017-10-11,12813.66096975938,-0.02046998446627849,0.352
2017-10-12,12639.13855036543,-0.02046998446627849,0.352
2017-10-13,12492.889640907175,-0.02046998446627849,0.352
2017-10-16,12865.013718478964,-0.02046998446627849,0.352
2017-10-17,13033.800053951214,-0.02046998446627849,0.352
2017-10-18,13195.138682961213,-0.02046998446627849,0.352
2017-10-19,12723.633224209503,-0.02046998446627849,0.352
2017-10-20,12856.3525740295,-0.02046998446627849,0.352
2017-10-23,12924.962193877509,-0.02046998446627849,0.352
2017-10-24,12690.010631504885,-0.02046998446627849,0.352
2017-10-25,13162.784194402377,-0.02046998446627849,0.352
2017-10-26,12737.599033232767,-0.02046998446627849,0.352
2017-10-27,13041.752375969174,-0.02046998446627849,0.352
2017-10-30,12767.059327381558,-0.02046998446627849,0.352
2017-10-31,12987.931635648532,-0.02046998446627849,0.352
2017-11-01,12986.310863729943,-0.02046998446627849,0.352
2017-11-02,13114.492439638825,-0.02046998446627849,0.352
2017-11-03,13356.352967455718,-0.02046998446627849,0.352
2017-11-06,12866.089536369172,-0.02046998446627849,0.352
2017-11-07,12838.81521610014,-0.02046998446627849,0.352
2017-11-08,12674.85532395614,-0.02046998446627849,0.352
2017-11-09,12511.747075267429,-0.02046998446627849,0.352
2017-11-10,12917.25524692336,-0.02046998446627849,0.352
2017-11-13,12903.046606313994,-0.02046998446627849,0.352
2017-11-14,12874.804064517308,-0.02046998446627849,0.352
2017-11-15,12729.006836634728,-0.02046998446627849,0.352
2017-11-16,12733.887881703648,-0.02046998446627849,0.352
2017-11-17,13033.63028358859,-0.02046998446627849,0.352
2017-11-20,12619.254622674142,-0.02046998446627849,0.352
2017-11-21,12987.136628801038,-0.02046998446627849,0.352
2017-11-22,12750.532977282428,-0.02046998446627849,0.352
2017-11-24,12885.29172214429,-0.02046998446627849,0.352
2017-11-27,12741.514702857252,-0.02046998446627849,0.352
2017-11-28,12850.687994622396,-0.02046998446627849,0.352
2017-11-29,13067.07151517962,-0.02046998446627849,0.352
2017-11-30,13234.050413422507,-0.02046998446627849,0.352
2017-12-01,13080.445114867365,-0.02046998446627849,0.352
2017-12-04,13099.830551352647,-0.02046998446627849,0.352
2017-12-05,12970.557896017557,-0.02046998446627849,0.352
2017-12-06,13318.639662341193,-0.02046998446627849,0.352
2017-12-07,13256.278548583168,-0.02046998446627849,0.352
2017-12-08,13106.638209893581,-0.02046998446627849,0.352
2017-12-11,12923.70204611046,-0.02046998446627849,0.352
2017-12-12,13053.135132663452,-0.02046998446627849,0.352
2017-12-13,12871.30519114366,-0.02046998446627849,0.352
2017-12-14,12836.041557112318,-0.02046998446627849,0.352
2017-12-15,13194.183407784663,-0.02046998446627849,0.352
2017-12-18,11379.757941524482,-0.006277346921062539,0.036
2017-12-19,11523.95184014145,-0.006277346921062539,0.036
2017-12-20,11297.974448409725,-0.006277346921062539,0.036
2017-12-21,11260.811640131735,-0.006277346921062539,0.036
2017-12-22,11058.653488356975,-0.006277346921062539,0.036
2017-12-26,11242.104803299475,-0.006277346921062539,0.036
2017-12-27,11134.051664691007,-0.006277346921062539,0.036
2017-12-28,11404.661098800332,-0.006277346921062539,0.036
2017-12-29,11305.356025847932,-0.006277346921062539,0.036
2018-01-02,11064.38322017838,-0.006277346921062539,0.036
2018-01-03,11215.007555567172,-0.006277346921062539,0.036
2018-01-04,11439.473938236946,-0.006277346921062539,0.036
2018-01-05,11599.567431370064,-0.006277346921062539,0.036
2018-01-08,11262.9299215665,-0.006277346921062539,0.036
2018-01-09,11072.521937240655,-0.006277346921062539,0.036
2018-01-10,11219.393479819573,-0.006277346921062539,0.036
2018-01-11,11349.347820650351,-0.006277346921062539,0.036
2018-01-12,10967.94689328812,-0.006277346921062539,0.036
2018-01-16,11416.334257858774,-0.006277346921062539,0.036
2018-01-17,11100.38377339686,-0.006277346921062539,0.036
2018-01-18,11137.119112182781,-0.006277346921062539,0.036
2018-01-19,11112.82493033248,-0.006277346921062539,0.036
2018-01-22,11218.169982047657,-0.006277346921062539,0.036
2018-01-23,11289.771436659827,-0.006277346921062539,0.036
2018-01-24,11397.772305395863,-0.006277346921062539,0.036
2018-01-25,11171.962032557694,-0.006277346921062539,0.036
2018-01-26,11295.191894382435,-0.006277346921062539,0.036
2018-01-29,10822.774470884693,-0.006277346921062539,0.036
2018-01-30,11266.37550203987,-0.006277346921062539,0.036
2018-01-31,11063.897144910155,-0.006277346921062539,0.036
2018-02-01,10995.76106701221,-0.006277346921062539,0.036
2018-02-02,10800.944775588265,-0.006277346921062539,0.036
2018-02-05,11013.374746296891,-0.006277346921062539,0.036
2018-02-06,10983.50936822329,-0.006277346921062539,0.036
2018-02-07,11127.088833688787,-0.006277346921062539,0.036
2018-02-08,10938.382561319893,-0.006277346921062539,0.036
2018-02-09,11123.254450552327,-0.006277346921062539,0.036
2018-02-12,11135.317405258045,-0.006277346921062539,0.036
2018-02-13,11259.906743042377,-0.006277346921062539,0.036
2018-02-14,11361.082810380503,-0.006277346921062539,0.036
2018-02-15,11501.302798745897,-0.006277346921062539,0.036
2018-02-16,10982.635266971016,-0.006277346921062539,0.036
2018-02-20,11171.340397303598,-0.006277346921062539,0.036
2018-02-21,11225.12456857503,-0.006277346921062539,0.036
2018-02-22,11468.499454150406,-0.006277346921062539,0.036
2018-02-23,11176.104809087987,-0.006277346921062539,0.036
2018-02-26,11257.993712209018,-0.006277346921062539,0.036
2018-02-27,11276.409650956724,-0.006277346921062539,0.036
2018-02-28,11158.929480039846,-0.006277346921062539,0.036
2018-03-01,11178.17950387765,-0.006277346921062539,0.036
2018-03-02,11301.89845776617,-0.006277346921062539,0.036
2018-03-05,11010.100639968221,-0.006277346921062539,0.036
2018-03-06,11072.133146628334,-0.006277346921062539,0.036
2018-03-07,11400.371617745552,-0.006277346921062539,0.036
2018-03-08,11246.10371986339,-0.006277346921062539,0.036
2018-03-09,11275.763220101968,-0.006277346921062539,0.036
2018-03-12,11343.485782092723,-0.006277346921062539,0.036
2018-03-13,11305.032852428634,-0.006277346921062539,0.036
2018-03-14,11444.116092585495,-0.006277346921062539,0.036
2018-03-15,11459.430233235498,-0.006277346921062539,0.036
2018-03-16,11349.935446500318,-0.006277346921062539,0.036
2018-03-19,11287.770415258374,-0.006277346921062539,0.036
2018-03-20,11179.028625930336,-0.006277346921062539,0.036
2018-03-21,11281.13544265743,-0.006277346921062539,0.036
2018-03-22,11147.709054732404,-0.006277346921062539,0.036
2018-03-23,11116.904343479278,-0.006277346921062539,0.036
2018-03-26,11364.572318659291,-0.006277346921062539,0.036
2018-03-27,11284.855049648904,-0.006277346921062539,0.036
2018-03-28,11347.210876307643,-0.006277346921062539,0.036
2018-03-29,11218.330131418508,-0.006277346921062539,0.036
2018-04-02,11315.689832690095,-0.006277346921062539,0.036
2018-04-03,11139.669645073216,-0.006277346921062539,0.036
2018-04-04,11018.6853582931,-0.006277346921062539,0.036
2018-04-05,10926.440429273836,-0.006277346921062539,0.036
2018-04-06,11304.12616365213,-0.006277346921062539,0.036
2018-04-09,11326.17966733949,-0.006277346921062539,0.036
2018-04-10,11174.709508253403,-0.006277346921062539,0.036
2018-04-11,11080.33173956311,-0.006277346921062539,0.036
2018-04-12,11069.93037841687,-0.006277346921062539,0.036
2018-04-13,10896.996233586755,-0.006277346921062539,0.036
2018-04-16,11136.050298412885,-0.006277346921062539,0.036
2018-04-17,11035.128301989267,-0.006277346921062539,0.036
2018-04-18,10991.870601214245,-0.006277346921062539,0.036
2018-04-19,11122.54487211207,-0.006277346921062539,0.036
2018-04-20,11090.037599659221,-0.006277346921062539,0.036
2018-04-23,11184.234222735113,-0.006277346921062539,0.036
2018-04-24,11172.878932264675,-0.006277346921062539,0.036
2018-04-25,11123.165889076008,-0.006277346921062539,0.036
2018-04-26,11229.56518703414,-0.006277346921062539,0.036
2018-04-27,11168.987796444937,-0.006277346921062539,0.036
2018-04-30,11131.3712236831,-0.006277346921062539,0.036
2018-05-01,11086.642001961234,-0.006277346921062539,0.036
2018-05-02,11216.353763977871,-0.006277346921062539,0.036
2018-05-03,11246.440121541309,-0.006277346921062539,0.036
2018-05-04,11073.343620045162,-0.006277346921062539,0.036
2018-05-07,11097.927000094234,-0.006277346921062539,0.036
2018-05-08,11161.29835203146,-0.006277346921062539,0.036
2018-05-09,11104.996220556572,-0.006277346921062539,0.036
2018-05-10,11136.168318398597,-0.006277346921062539,0.036
2018-05-11,11073.869000182221,-0.006277346921062539,0.036
2018-05-14,11287.709986009537,-0.006277346921062539,0.036
2018-05-15,11185.388702740069,-0.006277346921062539,0.036
2018-05-16,11133.620218036964,-0.006277346921062539,0.036
2018-05-17,11305.814552400823,-0.006277346921062539,0.036
2018-05-18,11060.343053458551,-0.006277346921062539,0.036
2018-05-21,11315.192663646834,-0.006277346921062539,0.036
2018-05-22,10996.587382589498,-0.006277346921062539,0.036
2018-05-23,11122.5569279627,-0.006277346921062539,0.036
2018-05-24,11198.702170648297,-0.006277346921062539,0.036
2018-05-25,11241.165600779446,-0.006277346921062539,0.036
2018-05-29,11232.044664273446,-0.006277346921062539,0.036
2018-05-30,11787.789157562605,-0.006277346921062539,0.036
2018-05-31,11541.420418737132,-0.006277346921062539,0.036
2018-06-01,11292.808440090172,-0.006277346921062539,0.036
2018-06-04,11690.975380421685,-0.006277346921062539,0.036
2018-06-05,11858.661033805936,-0.006277346921062539,0.036
2018-06-06,11259.999308129738,-0.006277346921062539,0.036
2018-06-07,11327.706481866868,-0.006277346921062539,0.036
2018-06-08,11565.104561409667,-0.006277346921062539,0.036
2018-06-11,11318.20189796574,-0.006277346921062539,0.036
2018-06-12,11387.101680975378,-0.006277346921062539,0.036
2018-06-13,11539.45281413335,-0.006277346921062539,0.036
2018-06-14,11381.293855276177,-0.006277346921062539,0.036
2018-06-15,11223.663282798228,-0.006277346921062539,0.036
2018-06-18,11547.951881874054,-0.006277346921062539,0.036
2018-06-19,11490.064077105773,-0.006277346921062539,0.036
2018-06-20,11529.688348962067,-0.006277346921062539,0.036
2018-06-21,11367.306787367941,-0.006277346921062539,0.036
2018-06-22,11084.347055380656,-0.006277346921062539,0.036
2018-06-25,11217.985912205193,-0.006277346921062539,0.036
2018-06-26,10960.029244065572,-0.006277346921062539,0.036
2018-06-27,11334.060047780446,-0.006277346921062539,0.036
2018-06-28,11283.049873093061,-0.006277346921062539,0.036
2018-06-29,10838.362075963307,-0.006277346921062539,0.036
2018-07-02,10894.054536911584,-0.006277346921062539,0.036
2018-07-03,11127.746138122397,-0.006277346921062539,0.036
2018-07-05,10983.065369182406,-0.006277346921062539,0.036
2018-07-06,10937.789493579967,-0.006277346921062539,0.036
2018-07-09,11099.574881287423,-0.006277346921062539,0.036
2018-07-10,11345.392002322444,-0.006277346921062539,0.036
2018-07-11,11301.236338252394,-0.006277346921062539,0.036
2018-07-12,11013.262424513157,-0.006277346921062539,0.036
2018-07-13,10921.040483281344,-0.006277346921062539,0.036
2018-07-16,10901.64288892665,-0.006277346921062539,0.036
2018-07-17,11082.824814159872,-0.006277346921062539,0.036
2018-07-18,10975.004148148124,-0.006277346921062539,0.036
2018-07-19,11031.831600101485,-0.006277346921062539,0.036
2018-07-20,11119.67602533678,-0.006277346921062539,0.036
2018-07-23,11207.104792587774,-0.006277346921062539,0.036
2018-07-24,11294.797224205795,-0.006277346921062539,0.036
2018-07-25,11548.43906375149,-0.006277346921062539,0.036
2018-07-26,11412.211052392191,-0.006277346921062539,0.036
2018-07-27,11432.244342208422,-0.006277346921062539,0.036
2018-07-30,10991.07919228382,-0.006277346921062539,0.036
2018-07-31,11248.35483560412,-0.006277346921062539,0.036
2018-08-01,10944.064491669365,-0.006277346921062539,0.036
2018-08-02,11163.856862199798,-0.006277346921062539,0.036
2018-08-03,11089.532805765195,-0.006277346921062539,0.036
2018-08-06,10877.521053979894,-0.006277346921062539,0.036
2018-08-07,11149.644071936618,-0.006277346921062539,0.036
2018-08-08,11271.217046068608,-0.006277346921062539,0.036
2018-08-09,10983.849832013912,-0.006277346921062539,0.036
2018-08-10,11020.201073762455,-0.006277346921062539,0.036
2018-08-13,11506.10820106641,-0.006277346921062539,0.036
2018-08-14,10878.726843647948,-0.006277346921062539,0.036
2018-08-15,11140.849190288578,-0.006277346921062539,0.036
2018-08-16,11069.429023915249,-0.006277346921062539,0.036
2018-08-17,11110.517811772464,-0.006277346921062539,0.036
2018-08-20,11107.10293272451,-0.006277346921062539,0.036
2018-08-21,10912.887700979583,-0.006277346921062539,0.036
2018-08-22,11102.211578390656,-0.006277346921062539,0.036
2018-08-23,11216.228931940195,-0.006277346921062539,0.036
2018-08-24,11243.432280382287,-0.006277346921062539,0.036
2018-08-27,11264.922571950678,-0.006277346921062539,0.036
2018-08-28,11265.984317391429,-0.006277346921062539,0.036
2018-08-29,11122.380393045865,-0.006277346921062539,0.036
2018-08-30,11152.209264967809,-0.006277346921062539,0.036
2018-08-31,11028.347972401054,-0.006277346921062539,0.036
2018-09-04,11101.649981420698,-0.006277346921062539,0.036
2018-09-05,11046.246430550138,-0.006277346921062539,0.036
2018-09-06,10976.64274317821,-0.006277346921062539,0.036
2018-09-07,11026.259166496468,-0.006277346921062539,0.036
2018-09-10,11187.849849031823,-0.006277346921062539,0.036
2018-09-11,10972.143955814821,-0.006277346921062539,0.036
2018-09-12,11008.507302516507,-0.006277346921062539,0.036
2018-09-13,11330.814561575993,-0.006277346921062539,0.036
2018-09-14,11223.607963645109,-0.006277346921062539,0.036
2018-09-17,10949.379773381015,-0.006277346921062539,0.036
2018-09-18,10937.916836646897,-0.006277346921062539,0.036
2018-09-19,10914.73050691792,-0.006277346921062539,0.036
2018-09-20,10871.618320293754,-0.006277346921062539,0.036
2018-09-21,11292.86384013427,-0.006277346921062539,0.036
2018-09-24,10889.198817742265,-0.006277346921062539,0.036
2018-09-25,11203.48944663169,-0.006277346921062539,0.036
2018-09-26,11332.273039966149,-0.006277346921062539,0.036
2018-09-27,10830.764849050554,-0.006277346921062539,0.036
2018-09-28,11258.723839989261,-0.006277346921062539,0.036
2018-10-01,11210.334539387779,-0.006277346921062539,0.036
2018-10-02,10901.414019103273,-0.006277346921062539,0.036
2018-10-03,10815.42221001715,-0.006277346921062539,0.036
2018-10-04,11305.77784054312,-0.006277346921062539,0.036
2018-10-05,11037.994658948643,-0.006277346921062539,0.036
2018-10-08,11273.817439525254,-0.006277346921062539,0.036
2018-10-09,10934.185317734313,-0.006277346921062539,0.036
2018-10-10,11496.340272994288,-0.006277346921062539,0.036
2018-10-11,10962.785816437809,-0.006277346921062539,0.036
2018-10-12,11143.13994594115,-0.006277346921062539,0.036
2018-10-15,10836.071829500557,-0.006277346921062539,0.036
2018-10-16,11085.232525758214,-0.006277346921062539,0.036
2018-10-17,11225.71999732451,-0.006277346921062539,0.036
2018-10-18,11161.504983055947,-0.006277346921062539,0.036
2018-10-19,11477.405437820531,-0.006277346921062539,0.036
2018-10-22,11377.751236578317,-0.006277346921062539,0.036
2018-10-23,11573.73867917101,-0.006277346921062539,0.036
2018-10-24,11192.740150434081,-0.006277346921062539,0.036
2018-10-25,11172.673430406332,-0.006277346921062539,0.036
2018-10-26,11401.133043504333,-0.006277346921062539,0.036
2018-10-29,11313.040873452845,-0.006277346921062539,0.036
2018-10-30,11360.734581133644,-0.006277346921062539,0.036
2018-10-31,11218.870175694768,-0.006277346921062539,0.036
2018-11-01,11198.501332044632,-0.006277346921062539,0.036
2018-11-02,11440.656878974858,-0.006277346921062539,0.036
2018-11-05,11074.13267418271,-0.006277346921062539,0.036
2018-11-06,11324.133621370132,-0.006277346921062539,0.036
2018-11-07,11286.278645476106,-0.006277346921062539,0.036
2018-11-08,11190.351085287717,-0.006277346921062539,0.036
2018-11-09,11271.011033907072,-0.006277346921062539,0.036
2018-11-12,11087.621859844892,-0.006277346921062539,0.036
2018-11-13,11561.499924378968,-0.006277346921062539,0.036
2018-11-14,11468.219606198063,-0.006277346921062539,0.036
2018-11-15,11073.840734853171,-0.006277346921062539,0.036
2018-11-16,11291.472165861762,-0.006277346921062539,0.036
2018-11-19,11288.36297391526,-0.006277346921062539,0.036
2018-11-20,11236.375927094245,-0.006277346921062539,0.036
2018-11-21,11431.847840585668,-0.006277346921062539,0.036
2018-11-23,11525.8822568101,-0.006277346921062539,0.036
2018-11-26,11000.319879241304,-0.006277346921062539,0.036
2018-11-27,11165.6191164943,-0.006277346921062539,0.036
2018-11-28,11169.417649199626,-0.006277346921062539,0.036
2018-11-29,11144.593561889866,-0.006277346921062539,0.036
2018-11-30,11343.562238712691,-0.006277346921062539,0.036
2018-12-03,11292.264037882876,-0.006277346921062539,0.036
2018-12-04,11090.848678163065,-0.006277346921062539,0.036
2018-12-06,11145.24174345198,-0.006277346921062539,0.036
2018-12-07,11400.38659369267,-0.006277346921062539,0.036
2018-12-10,11215.75235059766,-0.006277346921062539,0.036
2018-12-11,11444.57154904896,-0.006277346921062539,0.036
2018-12-12,11494.960172120118,-0.006277346921062539,0.036
2018-12-13,11286.471138168734,-0.006277346921062539,0.036
2018-12-14,11211.399036482366,-0.006277346921062539,0.036
2018-12-17,11013.341622957929,0.009594083383107138,0.028
2018-12-18,11061.056266549036,0.009594083383107138,0.028
2018-12-19,11396.667435629968,0.009594083383107138,0.028
2018-12-20,11161.4949116014,0.009594083383107138,0.028
2018-12-21,10929.713361884347,0.009594083383107138,0.028
2018-12-24,11188.414468860437,0.009594083383107138,0.028
2018-12-26,11438.455355168715,0.009594083383107138,0.028
2018-12-27,11303.450210378725,0.009594083383107138,0.028
2018-12-28,11357.099898958477,0.009594083383107138,0.028
2018-12-31,11437.834202141144,0.009594083383107138,0.028
2019-01-02,11787.346284871215,0.009594083383107138,0.028
2019-01-03,11308.956085254302,0.009594083383107138,0.028
2019-01-04,11285.404443315463,0.009594083383107138,0.028
2019-01-07,11680.02084975826,0.009594083383107138,0.028
2019-01-08,11309.560373147307,0.009594083383107138,0.028
2019-01-09,11434.415350204266,0.009594083383107138,0.028
2019-01-10,11341.65391598083,0.009594083383107138,0.028
2019-01-11,11513.70003564872,0.009594083383107138,0.028
2019-01-14,11410.979459021026,0.009594083383107138,0.028
2019-01-15,11744.081670003206,0.009594083383107138,0.028
2019-01-16,11510.469941420633,0.009594083383107138,0.028
2019-01-17,11353.027955475327,0.009594083383107138,0.028
2019-01-18,11090.98489457087,0.009594083383107138,0.028
2019-01-22,11544.989195316639,0.009594083383107138,0.028
2019-01-23,11613.004252063292,0.009594083383107138,0.028
2019-01-24,11270.536278636386,0.009594083383107138,0.028
2019-01-25,11490.655215374843,0.009594083383107138,0.028
2019-01-28,11366.76220213378,0.009594083383107138,0.028
2019-01-29,11299.903522140825,0.009594083383107138,0.028
2019-01-30,11204.97941556353,0.009594083383107138,0.028
2019-01-31,11565.238894550033,0.009594083383107138,0.028
2019-02-01,11600.340153333642,0.009594083383107138,0.028
2019-02-04,11377.915870397654,0.009594083383107138,0.028
2019-02-05,11407.686422686278,0.009594083383107138,0.028
2019-02-06,11287.162191715926,0.009594083383107138,0.028
2019-02-07,11620.900501259574,0.009594083383107138,0.028
2019-02-08,11846.728253109013,0.009594083383107138,0.028
2019-02-11,11741.738107829682,0.009594083383107138,0.028
2019-02-12,12065.911060318329,0.009594083383107138,0.028
2019-02-13,11316.484352121823,0.009594083383107138,0.028
2019-02-14,11531.633696654966,0.009594083383107138,0.028
2019-02-15,11413.613198711488,0.009594083383107138,0.028
2019-02-19,11315.85773810208,0.009594083383107138,0.028
2019-02-20,11672.867267768532,0.009594083383107138,0.028
2019-02-21,11345.384284292295,0.009594083383107138,0.028
2019-02-22,11253.12994909113,0.009594083383107138,0.028
2019-02-25,11507.734981007306,0.009594083383107138,0.028
2019-02-26,11396.93810803673,0.009594083383107138,0.028
2019-02-27,11418.517272509018,0.009594083383107138,0.028
2019-02-28,11549.64768120942,0.009594083383107138,0.028
2019-03-01,11411.478667561136,0.009594083383107138,0.028
2019-03-04,11258.4522046645,0.009594083383107138,0.028
2019-03-05,11295.85338581831,0.009594083383107138,0.028
2019-03-06,11656.126755253237,0.009594083383107138,0.028
2019-03-07,11533.507450688521,0.009594083383107138,0.028
2019-03-08,11455.96586741572,0.009594083383107138,0.028
2019-03-11,11622.842330665924,0.009594083383107138,0.028
2019-03-12,11166.598672826183,0.009594083383107138,0.028
2019-03-13,11430.175374791475,0.009594083383107138,0.028
2019-03-14,11647.678831899766,0.009594083383107138,0.028
2019-03-15,11595.484700782008,0.009594083383107138,0.028
2019-03-18,11552.056770657655,0.009594083383107138,0.028
2019-03-19,11336.993450226937,0.009594083383107138,0.028
2019-03-20,10895.44957954564,0.009594083383107138,0.028
2019-03-21,11168.585660089917,0.009594083383107138,0.028
2019-03-22,11631.840077511004,0.009594083383107138,0.028
2019-03-25,11780.000910744984,0.009594083383107138,0.028
2019-03-26,11646.738570468135,0.009594083383107138,0.028
2019-03-27,11841.03688863747,0.009594083383107138,0.028
2019-03-28,11588.128597690213,0.009594083383107138,0.028
2019-03-29,11739.025548022699,0.009594083383107138,0.028
2019-04-01,11993.789631568545,0.009594083383107138,0.028
2019-04-02,11634.604346363993,0.009594083383107138,0.028
2019-04-03,11406.509100087796,0.009594083383107138,0.028
2019-04-04,11505.367388432274,0.009594083383107138,0.028
2019-04-05,11562.75360455811,0.009594083383107138,0.028
2019-04-08,11521.352268288536,0.009594083383107138,0.028
2019-04-09,11348.285858681655,0.009594083383107138,0.028
2019-04-10,11207.212118511125,0.009594083383107138,0.028
2019-04-11,11441.66390180795,0.009594083383107138,0.028
2019-04-12,11397.020739526992,0.009594083383107138,0.028
2019-04-15,11098.93213906651,0.009594083383107138,0.028
2019-04-16,11358.87051740328,0.009594083383107138,0.028
2019-04-17,11545.75390786036,0.009594083383107138,0.028
2019-04-18,11269.073587244824,0.009594083383107138,0.028
2019-04-22,11828.037381075626,0.009594083383107138,0.028
2019-04-23,11735.848452177952,0.009594083383107138,0.028
2019-04-24,11444.121356526142,0.009594083383107138,0.028
2019-04-25,11503.977474831565,0.009594083383107138,0.028
2019-04-26,11554.869938538839,0.009594083383107138,0.028
2019-04-29,11737.15297777896,0.009594083383107138,0.028
2019-04-30,11984.45369223515,0.009594083383107138,0.028
2019-05-01,11309.98301472176,0.009594083383107138,0.028
2019-05-02,11629.194829842621,0.009594083383107138,0.028
2019-05-03,11567.43284348782,0.009594083383107138,0.028
2019-05-06,11018.325613797238,0.009594083383107138,0.028
2019-05-07,11348.328539602855,0.009594083383107138,0.028
2019-05-08,11281.675066059353,0.009594083383107138,0.028
2019-05-09,11462.485163958296,0.009594083383107138,0.028
2019-05-10,11604.033178570635,0.009594083383107138,0.028
2019-05-13,11500.123493518193,0.009594083383107138,0.028
2019-05-14,11424.631109162394,0.009594083383107138,0.028
2019-05-15,11265.313492643098,0.009594083383107138,0.028
2019-05-16,11889.100762923754,0.009594083383107138,0.028
2019-05-17,11542.270794574455,0.009594083383107138,0.028
2019-05-20,11577.812218104482,0.009594083383107138,0.028
2019-05-21,11412.029248737565,0.009594083383107138,0.028
2019-05-22,11639.822400779025,0.009594083383107138,0.028
2019-05-23,11393.838932834013,0.009594083383107138,0.028
2019-05-24,11583.211337974311,0.009594083383107138,0.028
2019-05-28,11394.305058700105,0.009594083383107138,0.028
2019-05-29,11509.644878862748,0.009594083383107138,0.028
2019-05-30,11450.027055699908,0.009594083383107138,0.028
2019-05-31,11636.689122130572,0.009594083383107138,0.028
2019-06-03,11602.727039244932,0.009594083383107138,0.028
2019-06-04,11828.52470675376,0.009594083383107138,0.028
2019-06-05,11540.884995344573,0.009594083383107138,0.028
2019-06-06,11504.218757720628,0.009594083383107138,0.028
2019-06-07,12080.645549940271,0.009594083383107138,0.028
2019-06-10,11388.251155291116,0.009594083383107138,0.028
2019-06-11,12025.673985909743,0.009594083383107138,0.028
2019-06-12,11587.020257871603,0.009594083383107138,0.028
2019-06-13,11407.041632923518,0.009594083383107138,0.028
2019-06-14,11657.680157064196,0.009594083383107138,0.028
2019-06-17,11546.664091088249,0.009594083383107138,0.028
2019-06-18,11783.476800642913,0.009594083383107138,0.028
2019-06-19,11048.12533320824,0.009594083383107138,0.028
2019-06-20,11221.60065690916,0.009594083383107138,0.028
2019-06-21,11219.968221196988,0.009594083383107138,0.028
2019-06-24,11636.95107928031,0.009594083383107138,0.028
2019-06-25,11870.691014784861,0.009594083383107138,0.028
2019-06-26,11794.076814306387,0.009594083383107138,0.028
2019-06-27,11750.270626190486,0.009594083383107138,0.028
2019-06-28,11468.358510310309,0.009594083383107138,0.028
2019-07-01,11675.825858919174,0.009594083383107138,0.028
2019-07-02,11450.20384975808,0.009594083383107138,0.028
2019-07-03,11399.488507873844,0.009594083383107138,0.028
2019-07-05,11484.137910720676,0.009594083383107138,0.028
2019-07-08,11552.53475239993,0.009594083383107138,0.028
2019-07-09,11630.125458237764,0.009594083383107138,0.028
2019-07-10,11595.20668386863,0.009594083383107138,0.028
2019-07-11,11372.242398848686,0.009594083383107138,0.028
2019-07-12,11576.768318576878,0.009594083383107138,0.028
2019-07-15,11555.341419704115,0.009594083383107138,0.028
2019-07-16,11273.948934525108,0.009594083383107138,0.028
2019-07-17,11780.046789155294,0.009594083383107138,0.028
2019-07-18,11541.669476936464,0.009594083383107138,0.028
2019-07-19,11653.042096070185,0.009594083383107138,0.028
2019-07-22,11373.082554382103,0.009594083383107138,0.028
2019-07-23,11618.222651711098,0.009594083383107138,0.028
2019-07-24,11434.05986373315,0.009594083383107138,0.028
2019-07-25,11793.40157241035,0.009594083383107138,0.028
2019-07-26,11553.724027206257,0.009594083383107138,0.028
2019-07-29,11478.949741717955,0.009594083383107138,0.028
2019-07-30,11687.437052238669,0.009594083383107138,0.028
2019-07-31,11791.254190114863,0.009594083383107138,0.028
2019-08-01,11480.222931382072,0.009594083383107138,0.028
2019-08-02,11850.574146101053,0.009594083383107138,0.028
2019-08-05,11815.726246694525,0.009594083383107138,0.028
2019-08-06,11849.922574950928,0.009594083383107138,0.028
2019-08-07,11745.301382626762,0.009594083383107138,0.028
2019-08-08,11683.022153173808,0.009594083383107138,0.028
2019-08-09,11633.2001021417,0.009594083383107138,0.028
2019-08-12,11935.700834802334,0.009594083383107138,0.028
2019-08-13,11686.074819747206,0.009594083383107138,0.028
2019-08-14,11388.009033453802,0.009594083383107138,0.028
2019-08-15,11906.618399493333,0.009594083383107138,0.028
2019-08-16,11947.945884163264,0.009594083383107138,0.028
2019-08-19,11966.097305676889,0.009594083383107138,0.028
2019-08-20,12005.036877973536,0.009594083383107138,0.028
2019-08-21,11390.232991704564,0.009594083383107138,0.028
2019-08-22,11588.835038603807,0.009594083383107138,0.028
2019-08-23,11810.067518935914,0.009594083383107138,0.028
2019-08-26,12074.468877025378,0.009594083383107138,0.028
2019-08-27,11496.245804107217,0.009594083383107138,0.028
2019-08-28,11890.917460635555,0.009594083383107138,0.028
2019-08-29,12091.47259813664,0.009594083383107138,0.028
2019-08-30,11915.126022133298,0.009594083383107138,0.028
2019-09-03,12099.552353054723,0.009594083383107138,0.028
2019-09-04,11593.780185933962,0.009594083383107138,0.028
2019-09-05,11851.819434106554,0.009594083383107138,0.028
2019-09-06,12059.029101349535,0.009594083383107138,0.028
2019-09-09,11848.74102242343,0.009594083383107138,0.028
2019-09-10,11732.299128285367,0.009594083383107138,0.028
2019-09-11,12134.49167209805,0.009594083383107138,0.028
2019-09-12,11605.786905100716,0.009594083383107138,0.028
2019-09-13,11803.433537790246,0.009594083383107138,0.028
2019-09-16,11560.49947506796,0.009594083383107138,0.028
2019-09-17,11734.780327917015,0.009594083383107138,0.028
2019-09-18,11699.24023577553,0.009594083383107138,0.028
2019-09-19,11804.96234530979,0.009594083383107138,0.028
2019-09-20,11719.280331361146,0.009594083383107138,0.028
2019-09-23,11585.108398172748,0.009594083383107138,0.028
2019-09-24,12052.32618663013,0.009594083383107138,0.028
2019-09-25,11659.623927704939,0.009594083383107138,0.028
2019-09-26,12271.43555795337,0.009594083383107138,0.028
2019-09-27,12006.727174035563,0.009594083383107138,0.028
2019-09-30,11901.444691487233,0.009594083383107138,0.028
2019-10-01,12128.889699879606,0.009594083383107138,0.028
2019-10-02,12097.977404857485,0.009594083383107138,0.028
2019-10-03,11812.532437274553,0.009594083383107138,0.028
2019-10-04,11979.271405480857,0.009594083383107138,0.028
2019-10-07,11637.610113150611,0.009594083383107138,0.028
2019-10-08,12075.772849568824,0.009594083383107138,0.028
2019-10-09,12000.652431637767,0.009594083383107138,0.028
2019-10-10,12003.599561338198,0.009594083383107138,0.028
2019-10-11,11913.90856490651,0.009594083383107138,0.028
2019-10-14,11836.699748971032,0.009594083383107138,0.028
2019-10-15,12098.031384495333,0.009594083383107138,0.028
2019-10-16,12059.446213445763,0.009594083383107138,0.028
2019-10-17,11918.974478628395,0.009594083383107138,0.028
2019-10-18,11870.111065952804,0.009594083383107138,0.028
2019-10-21,12247.233696981126,0.009594083383107138,0.028
2019-10-22,12038.821017387321,0.009594083383107138,0.028
2019-10-23,12097.312317146172,0.009594083383107138,0.028
2019-10-24,12017.106509619649,0.009594083383107138,0.028
2019-10-25,12042.097634890295,0.009594083383107138,0.028
2019-10-28,11882.869216655321,0.009594083383107138,0.028
2019-10-29,11821.615778993404,0.009594083383107138,0.028
2019-10-30,12159.6770307409,0.009594083383107138,0.028
2019-10-31,11916.269022903029,0.009594083383107138,0.028
2019-11-01,12139.166660600042,0.009594083383107138,0.028
2019-11-04,12104.952833836182,0.009594083383107138,0.028
2019-11-05,12127.56140706024,0.009594083383107138,0.028
2019-11-06,11979.671127794281,0.009594083383107138,0.028
2019-11-07,11717.160874470517,0.009594083383107138,0.028
2019-11-08,12121.729101466068,0.009594083383107138,0.028
2019-11-11,12104.978442061221,0.009594083383107138,0.028
2019-11-12,11916.707622374099,0.009594083383107138,0.028
2019-11-13,12216.07469587831,0.009594083383107138,0.028
2019-11-14,11956.342922919392,0.009594083383107138,0.028
2019-11-15,12112.986661586892,0.009594083383107138,0.028
2019-11-18,11954.676340681815,0.009594083383107138,0.028
2019-11-19,12425.343254711692,0.009594083383107138,0.028
2019-11-20,11907.591572406114,0.009594083383107138,0.028
2019-11-21,12378.543831370056,0.009594083383107138,0.028
2019-11-22,11706.098783852036,0.009594083383107138,0.028
2019-11-25,11749.034770938273,0.009594083383107138,0.028
2019-11-26,12218.108986365414,0.009594083383107138,0.028
2019-11-27,11805.43006206267,0.009594083383107138,0.028
2019-11-29,12143.937443463024,0.009594083383107138,0.028
2019-12-02,12083.117508735293,0.009594083383107138,0.028
2019-12-03,12228.354622924162,0.009594083383107138,0.028
2019-12-04,12448.99110513267,0.009594083383107138,0.028
2019-12-05,12216.984099728925,0.009594083383107138,0.028
2019-12-06,12060.296960846741,0.009594083383107138,0.028
2019-12-09,12076.326446634606,0.009594083383107138,0.028
2019-12-10,12112.421067632957,0.009594083383107138,0.028
2019-12-11,12437.762531571725,0.009594083383107138,0.028
2019-12-12,11935.908198053514,0.009594083383107138,0.028
2019-12-13,12610.13068324327,-0.01893291638762672,0.0
2019-12-16,12287.05996237467,-0.01893291638762672,0.0
2019-12-17,12483.129777956527,-0.01893291638762672,0.0
2019-12-18,12424.45068980193,-0.01893291638762672,0.0
2019-12-19,12061.029122700586,-0.01893291638762672,0.0
2019-12-20,12241.63840413822,-0.01893291638762672,0.0
2019-12-23,12324.919005038397,-0.01893291638762672,0.0
2019-12-24,12422.762102614566,-0.01893291638762672,0.0
2019-12-26,12656.927027356225,-0.01893291638762672,0.0
2019-12-27,12702.775117715113,-0.01893291638762672,0.0
2019-12-30,12494.193438993852,-0.01893291638762672,0.0
2019-12-31,12600.770273646884,-0.01893291638762672,0.0
2020-01-02,12447.14320551856,-0.01893291638762672,0.0
2020-01-03,12268.031216719886,-0.01893291638762672,0.0
2020-01-06,12666.758686294044,-0.01893291638762672,0.0
2020-01-07,12593.980131792096,-0.01893291638762672,0.0
2020-01-08,12340.539165238168,-0.01893291638762672,0.0
2020-01-09,12391.264910015838,-0.01893291638762672,0.0
2020-01-10,12383.946214164947,-0.01893291638762672,0.0
2020-01-13,12309.38897189888,-0.01893291638762672,0.0
2020-01-14,12542.186161454305,-0.01893291638762672,0.0
2020-01-15,12597.546714490494,-0.01893291638762672,0.0
2020-01-16,12361.35483580543,-0.01893291638762672,0.0
2020-01-17,12637.551060414466,-0.01893291638762672,0.0
2020-01-21,12194.06062183618,-0.01893291638762672,0.0
2020-01-22,12522.340403699367,-0.01893291638762672,0.0
2020-01-23,12660.785903824903,-0.01893291638762672,0.0
2020-01-24,12708.707777985985,-0.01893291638762672,0.0
2020-01-27,12378.813117344069,-0.01893291638762672,0.0
2020-01-28,12598.955901889562,-0.01893291638762672,0.0
2020-01-29,12514.073947711991,-0.01893291638762672,0.0
2020-01-30,12492.774333345486,-0.01893291638762672,0.0
2020-01-31,12620.064766106427,-0.01893291638762672,0.0
2020-02-03,12619.654671318742,-0.01893291638762672,0.0
2020-02-04,12544.883130432874,-0.01893291638762672,0.0
2020-02-05,12344.924160272012,-0.01893291638762672,0.0
2020-02-06,12554.383481034834,-0.01893291638762672,0.0
2020-02-07,12514.463047254885,-0.01893291638762672,0.0
2020-02-10,12344.097935136248,-0.01893291638762672,0.0
2020-02-11,12794.109165565933,-0.01893291638762672,0.0
2020-02-12,12386.008183917604,-0.01893291638762672,0.0
2020-02-13,12549.749084931784,-0.01893291638762672,0.0
2020-02-14,12885.58978633793,-0.01893291638762672,0.0
2020-02-18,12408.776328510678,-0.01893291638762672,0.0
2020-02-19,12338.101702677875,-0.01893291638762672,0.0
2020-02-20,12510.005440732059,-0.01893291638762672,0.0
2020-02-21,12621.127819232726,-0.01893291638762672,0.0
2020-02-24,12456.75768968287,-0.01893291638762672,0.0
2020-02-25,12228.84321573914,-0.01893291638762672,0.0
2020-02-26,12622.635039644761,-0.01893291638762672,0.0
2020-02-27,12460.045257083604,-0.01893291638762672,0.0
2020-02-28,12816.155138256088,-0.01893291638762672,0.0
2020-03-02,12742.282066802703,-0.01893291638762672,0.0
2020-03-03,13421.255394084006,-0.01893291638762672,0.0
2020-03-04,13605.902167212329,-0.01893291638762672,0.0
2020-03-05,14210.770524970194,-0.01893291638762672,0.0
2020-03-06,14213.57700862978,-0.01893291638762672,0.0
2020-03-09,14749.588088379629,-0.01893291638762672,0.0
2020-03-10,14445.811607515148,-0.01893291638762672,0.0
2020-03-11,14494.678807790517,-0.01893291638762672,0.0
2020-03-12,14454.544164757266,-0.01893291638762672,0.0
2020-03-13,15025.277241012534,-0.01893291638762672,0.0
2020-03-16,14794.040550081589,-0.01893291638762672,0.0
2020-03-17,15558.335439372546,-0.01893291638762672,0.0
2020-03-18,15083.142360372174,-0.01893291638762672,0.0
2020-03-19,15305.757301671387,-0.01893291638762672,0.0
2020-03-20,15627.758677576687,-0.01893291638762672,0.0
2020-03-23,15774.373695492464,-0.01893291638762672,0.0
2020-03-24,15319.71134479217,-0.01893291638762672,0.0
2020-03-25,17131.024336788363,-0.01893291638762672,0.0
2020-03-26,19259.151955829584,-0.01893291638762672,0.0
2020-03-27,16132.582366803868,-0.01893291638762672,0.0
2020-03-30,16353.216057941105,-0.01893291638762672,0.0
2020-03-31,17863.298237348812,-0.01893291638762672,0.0
2020-04-01,17524.9240339639,-0.01893291638762672,0.0
2020-04-02,17686.470317696443,-0.01893291638762672,0.0
2020-04-03,17830.161622084248,-0.01893291638762672,0.0
2020-04-06,16678.983952589286,-0.01893291638762672,0.0
2020-04-07,17328.50232794567,-0.01893291638762672,0.0
2020-04-08,15812.24206438036,-0.01893291638762672,0.0
2020-04-09,18719.419906064748,-0.01893291638762672,0.0
2020-04-13,18584.25656699123,-0.01893291638762672,0.0
2020-04-14,17588.774624935984,-0.01893291638762672,0.0
2020-04-15,17548.270259871246,-0.01893291638762672,0.0
2020-04-16,18317.03647805929,-0.01893291638762672,0.0
2020-04-17,18652.983978201562,-0.01893291638762672,0.0
2020-04-20,17969.34278490751,-0.01893291638762672,0.0
2020-04-21,18377.19228091762,-0.01893291638762672,0.0
2020-04-22,17659.654163644256,-0.01893291638762672,0.0
2020-04-23,17882.413565106217,-0.01893291638762672,0.0
2020-04-24,18325.96074739366,-0.01893291638762672,0.0
2020-04-27,18309.88375731722,-0.01893291638762672,0.0
2020-04-28,18434.019780307473,-0.01893291638762672,0.0
2020-04-29,17553.386240380223,-0.01893291638762672,0.0
2020-04-30,18725.07634770814,-0.01893291638762672,0.0
2020-05-01,17792.521492064832,-0.01893291638762672,0.0
2020-05-04,17800.959931831723,-0.01893291638762672,0.0
2020-05-05,18717.73289579847,-0.01893291638762672,0.0
2020-05-06,18289.54248799843,-0.01893291638762672,0.0
2020-05-07,17908.69439132917,-0.01893291638762672,0.0
2020-05-08,17901.311097879683,-0.01893291638762672,0.0
2020-05-11,18220.47878836986,-0.01893291638762672,0.0
2020-05-12,17249.946245809857,-0.01893291638762672,0.0
2020-05-13,18062.25823428562,-0.01893291638762672,0.0
2020-05-14,18404.88078415285,-0.01893291638762672,0.0
2020-05-15,18508.684081905736,-0.01893291638762672,0.0
2020-05-18,17869.126250061552,-0.01893291638762672,0.0
2020-05-19,17494.903569193208,-0.01893291638762672,0.0
2020-05-20,17609.27301153811,-0.01893291638762672,0.0
2020-05-21,17593.83541253197,-0.01893291638762672,0.0
2020-05-22,17742.56613413758,-0.01893291638762672,0.0
2020-05-26,16789.30982583462,-0.01893291638762672,0.0
2020-05-27,18488.755000158406,-0.01893291638762672,0.0
2020-05-28,18030.388846745074,-0.01893291638762672,0.0
2020-05-29,17993.535307929913,-0.01893291638762672,0.0
2020-06-01,18074.490319799646,-0.01893291638762672,0.0
2020-06-02,17490.592669629063,-0.01893291638762672,0.0
2020-06-03,17376.137741959956,-0.01893291638762672,0.0
2020-06-04,17617.232363295298,-0.01893291638762672,0.0
2020-06-05,17121.455327378488,-0.01893291638762672,0.0
2020-06-08,16933.857407977954,-0.01893291638762672,0.0
2020-06-09,17526.229737145422,-0.01893291638762672,0.0
2020-06-10,17423.536946934382,-0.01893291638762672,0.0
2020-06-11,18682.757631958106,-0.01893291638762672,0.0
2020-06-12,20316.24566151502,-0.01893291638762672,0.0
2020-06-15,19888.503865484035,-0.01893291638762672,0.0
2020-06-16,19452.87202725828,-0.01893291638762672,0.0
2020-06-17,19436.841070888746,-0.01893291638762672,0.0
2020-06-18,19061.865388850027,-0.01893291638762672,0.0
2020-06-19,19549.30806864718,-0.01893291638762672,0.0
2020-06-22,20703.439459896734,-0.01893291638762672,0.0
2020-06-23,19254.69874092547,-0.01893291638762672,0.0
2020-06-24,18341.108412791495,-0.01893291638762672,0.0
2020-06-25,20006.938808424027,-0.01893291638762672,0.0
2020-06-26,18965.908152642744,-0.01893291638762672,0.0
2020-06-29,17990.237142979197,-0.01893291638762672,0.0
2020-06-30,19165.822015337784,-0.01893291638762672,0.0
2020-07-01,19387.51770984352,-0.01893291638762672,0.0
2020-07-02,20500.858006033555,-0.01893291638762672,0.0
2020-07-06,19474.167648025043,-0.01893291638762672,0.0
2020-07-07,19328.785087495213,-0.01893291638762672,0.0
2020-07-08,18283.420124608903,-0.01893291638762672,0.0
2020-07-09,19755.424036890687,-0.01893291638762672,0.0
2020-07-10,19428.04876518129,-0.01893291638762672,0.0
2020-07-13,18514.17738618267,-0.01893291638762672,0.0
2020-07-14,19820.026242521373,-0.01893291638762672,0.0
2020-07-15,19432.584179964884,-0.01893291638762672,0.0
2020-07-16,18447.153760614707,-0.01893291638762672,0.0
2020-07-17,19524.020717363022,-0.01893291638762672,0.0
2020-07-20,18737.814099832376,-0.01893291638762672,0.0
2020-07-21,19783.454628159903,-0.01893291638762672,0.0
2020-07-22,20548.785908599173,-0.01893291638762672,0.0
2020-07-23,19683.170018981422,-0.01893291638762672,0.0
2020-07-24,19242.256684001288,-0.01893291638762672,0.0
2020-07-27,19164.35999091203,-0.01893291638762672,0.0
2020-07-28,19369.07122244391,-0.01893291638762672,0.0
2020-07-29,18714.649333261896,-0.01893291638762672,0.0
2020-07-30,19774.066905680986,-0.01893291638762672,0.0
2020-07-31,18950.15151422991,-0.01893291638762672,0.0
2020-08-03,19646.79118554063,-0.01893291638762672,0.0
2020-08-04,19520.909109475186,-0.01893291638762672,0.0
2020-08-05,18725.556104971696,-0.01893291638762672,0.0
2020-08-06,18764.481688784028,-0.01893291638762672,0.0
2020-08-07,19171.42686133628,-0.01893291638762672,0.0
2020-08-10,18978.44258451656,-0.01893291638762672,0.0
2020-08-11,20897.2794383912,-0.01893291638762672,0.0
2020-08-12,18872.502918456044,-0.01893291638762672,0.0
2020-08-13,19604.606444807883,-0.01893291638762672,0.0
2020-08-14,18111.668208612904,-0.01893291638762672,0.0
2020-08-17,20153.15020050381,-0.01893291638762672,0.0
2020-08-18,19142.40262910662,-0.01893291638762672,0.0
2020-08-19,19377.135342608926,-0.01893291638762672,0.0
2020-08-20,19131.24757099052,-0.01893291638762672,0.0
2020-08-21,18373.852193549057,-0.01893291638762672,0.0
2020-08-24,19920.367074575817,-0.01893291638762672,0.0
2020-08-25,20055.585911611626,-0.01893291638762672,0.0
2020-08-26,19495.325401854727,-0.01893291638762672,0.0
2020-08-27,21206.27576028483,-0.01893291638762672,0.0
2020-08-28,18476.85020063673,-0.01893291638762672,0.0
2020-08-31,21459.27161849649,-0.01893291638762672,0.0
2020-09-01,17726.838631095885,-0.01893291638762672,0.0
2020-09-02,20375.320254655097,-0.01893291638762672,0.0
2020-09-03,19136.16514160571,-0.01893291638762672,0.0
2020-09-04,19764.43855197606,-0.01893291638762672,0.0
2020-09-08,19945.282886663466,-0.01893291638762672,0.0
2020-09-09,19628.18643591551,-0.01893291638762672,0.0
2020-09-10,19274.689469638455,-0.01893291638762672,0.0
2020-09-11,19261.8672330392,-0.01893291638762672,0.0
2020-09-14,20031.158280485142,-0.01893291638762672,0.0
2020-09-15,20788.123165851146,-0.01893291638762672,0.0
2020-09-16,20488.53899123292,-0.01893291638762672,0.0
2020-09-17,19100.788217679645,-0.01893291638762672,0.0
2020-09-18,19967.55031458467,-0.01893291638762672,0.0
2020-09-21,19217.335898015728,-0.01893291638762672,0.0
2020-09-22,19596.309894183923,-0.01893291638762672,0.0
2020-09-23,19111.94811568154,-0.01893291638762672,0.0
2020-09-24,18699.945455852205,-0.01893291638762672,0.0
2020-09-25,20130.459105811657,-0.01893291638762672,0.0
2020-09-28,18590.633103180084,-0.01893291638762672,0.0
2020-09-29,19656.091779388364,-0.01893291638762672,0.0
2020-09-30,19942.462472564577,-0.01893291638762672,0.0
2020-10-01,20147.231214145268,-0.01893291638762672,0.0
2020-10-02,19430.965081444374,-0.01893291638762672,0.0
2020-10-05,19263.849380803313,-0.01893291638762672,0.0
2020-10-06,18979.861171159224,-0.01893291638762672,0.0
2020-10-07,19638.371431696178,-0.01893291638762672,0.0
2020-10-08,20029.882487134862,-0.01893291638762672,0.0
2020-10-09,18999.439956893955,-0.01893291638762672,0.0
2020-10-12,19423.494118310922,-0.01893291638762672,0.0
2020-10-13,19649.796610539543,-0.01893291638762672,0.0
2020-10-14,19336.474962146345,-0.01893291638762672,0.0
2020-10-15,19274.268797905333,-0.01893291638762672,0.0
2020-10-16,20868.343517693957,-0.01893291638762672,0.0
2020-10-19,20112.36492361873,-0.01893291638762672,0.0
2020-10-20,19290.13409938066,-0.01893291638762672,0.0
2020-10-21,20549.240417642355,-0.01893291638762672,0.0
2020-10-22,19734.22235390733,-0.01893291638762672,0.0
2020-10-23,19026.750713396148,-0.01893291638762672,0.0
2020-10-26,19068.983934240332,-0.01893291638762672,0.0
2020-10-27,18817.173823364777,-0.01893291638762672,0.0
2020-10-28,19774.620373971342,-0.01893291638762672,0.0
2020-10-29,19098.123278044477,-0.01893291638762672,0.0
2020-10-30,20132.15168992081,-0.01893291638762672,0.0
2020-11-02,20159.39192455957,-0.01893291638762672,0.0
2020-11-03,19972.968758291554,-0.01893291638762672,0.0
2020-11-04,19550.23443482594,-0.01893291638762672,0.0
2020-11-05,19460.597641357177,-0.01893291638762672,0.0
2020-11-06,20894.857604882083,-0.01893291638762672,0.0
2020-11-09,20598.75386466512,-0.01893291638762672,0.0
2020-11-10,19331.097998954643,-0.01893291638762672,0.0
2020-11-11,19695.74632442095,-0.01893291638762672,0.0
2020-11-12,20484.06823216062,-0.01893291638762672,0.0
2020-11-13,19193.546815322235,-0.01893291638762672,0.0
2020-11-16,19465.50019420005,-0.01893291638762672,0.0
2020-11-17,21490.347086431557,-0.01893291638762672,0.0
2020-11-18,19929.724826811762,-0.01893291638762672,0.0
2020-11-19,20725.396334171346,-0.01893291638762672,0.0
2020-11-20,20145.62072436743,-0.01893291638762672,0.0
2020-11-23,20883.02455020559,-0.01893291638762672,0.0
2020-11-24,19372.949007877327,-0.01893291638762672,0.0
2020-11-25,20418.83573851796,-0.01893291638762672,0.0
2020-11-27,19324.87117415613,-0.01893291638762672,0.0
2020-11-30,21184.139411821136,-0.01893291638762672,0.0
2020-12-01,20104.414054134024,-0.01893291638762672,0.0
2020-12-02,18621.609490078037,-0.01893291638762672,0.0
2020-12-03,19954.69883604815,-0.01893291638762672,0.0
2020-12-04,19666.61213317805,-0.01893291638762672,0.0
2020-12-07,19763.678372330935,-0.01893291638762672,0.0
2020-12-08,20448.84729012155,-0.01893291638762672,0.0
2020-12-09,20834.597858297642,-0.01893291638762672,0.0
2020-12-10,24017.33806414389,0.003948840648260422,0.846
2020-12-11,24355.535071442016,0.003948840648260422,0.846
2020-12-14,23932.633163541475,0.003948840648260422,0.846
2020-12-15,23382.181838737288,0.003948840648260422,0.846
2020-12-16,24676.875492503877,0.003948840648260422,0.846
2020-12-17,23002.547634506125,0.003948840648260422,0.846
2020-12-18,22975.65043985835,0.003948840648260422,0.846
2020-12-21,24367.62203882586,0.003948840648260422,0.846
2020-12-22,23585.25667019649,0.003948840648260422,0.846
2020-12-23,24815.2417279337,0.003948840648260422,0.846
2020-12-24,25002.715558183234,0.003948840648260422,0.846
2020-12-28,23809.602281715604,0.003948840648260422,0.846
2020-12-29,23744.958082765814,0.003948840648260422,0.846
2020-12-30,23630.506764194644,0.003948840648260422,0.846
2020-12-31,25274.15723338979,0.003948840648260422,0.846
2021-01-04,23528.712429050207,0.003948840648260422,0.846
2021-01-05,24156.427826906012,0.003948840648260422,0.846
2021-01-06,22546.31914499492,0.003948840648260422,0.846
2021-01-07,24804.954151683898,0.003948840648260422,0.846
2021-01-08,24008.90855554131,0.003948840648260422,0.846
2021-01-11,23661.457823089142,0.003948840648260422,0.846
2021-01-12,24392.78923390372,0.003948840648260422,0.846
2021-01-13,25540.82008721099,0.003948840648260422,0.846
2021-01-14,23194.523197548693,0.003948840648260422,0.846
2021-01-15,22773.572476983125,0.003948840648260422,0.846
2021-01-19,23822.01555810547,0.003948840648260422,0.846
2021-01-20,23402.609697538235,0.003948840648260422,0.846
2021-01-21,24173.291348757946,0.003948840648260422,0.846
2021-01-22,24878.822674004445,0.003948840648260422,0.846
2021-01-25,23843.96365482531,0.003948840648260422,0.846
2021-01-26,24241.46431648583,0.003948840648260422,0.846
2021-01-27,24150.442016821908,0.003948840648260422,0.846
2021-01-28,23915.88814394968,0.003948840648260422,0.846
2021-01-29,24637.56763281151,0.003948840648260422,0.846
2021-02-01,23928.164858923818,0.003948840648260422,0.846
2021-02-02,25135.21784561268,0.003948840648260422,0.846
2021-02-03,24506.62067783922,0.003948840648260422,0.846
2021-02-04,23413.849219320648,0.003948840648260422,0.846
2021-02-05,22879.064479223547,0.003948840648260422,0.846
2021-02-08,23032.60227671155,0.003948840648260422,0.846
2021-02-09,25100.970301445665,0.003948840648260422,0.846
2021-02-10,24206.22170498058,0.003948840648260422,0.846
2021-02-11,24277.783479853206,0.003948840648260422,0.846
2021-02-12,23722.62692238851,0.003948840648260422,0.846
2021-02-16,23289.38083299587,0.003948840648260422,0.846
2021-02-17,24597.553472298587,0.003948840648260422,0.846
2021-02-18,24486.45287706351,0.003948840648260422,0.846
2021-02-19,24613.512810437074,0.003948840648260422,0.846
2021-02-22,23970.414713262224,0.003948840648260422,0.846
2021-02-23,24152.390038143676,0.003948840648260422,0.846
2021-02-24,23432.918206727827,0.003948840648260422,0.846
2021-02-25,23910.66595647819,0.003948840648260422,0.846
2021-02-26,23833.47728432454,0.003948840648260422,0.846
2021-03-01,23597.38688524448,0.003948840648260422,0.846
2021-03-02,25490.101527427305,0.003948840648260422,0.846
2021-03-03,25284.373329695205,0.003948840648260422,0.846
2021-03-04,23907.086792122966,0.003948840648260422,0.846
2021-03-05,23811.727950547076,0.003948840648260422,0.846
2021-03-08,23551.53934708168,0.003948840648260422,0.846
2021-03-09,24725.516016783087,0.003948840648260422,0.846
2021-03-10,23559.181655895856,0.003948840648260422,0.846
2021-03-11,23853.17302171062,0.003948840648260422,0.846
2021-03-12,24900.41930109498,0.003948840648260422,0.846
2021-03-15,25054.471399450933,0.003948840648260422,0.846
2021-03-16,24315.5704155006,0.003948840648260422,0.846
2021-03-17,23765.343416711832,0.003948840648260422,0.846
2021-03-18,22950.32482000342,0.003948840648260422,0.846
2021-03-19,24093.21979853667,0.003948840648260422,0.846
2021-03-22,24411.430661902825,0.003948840648260422,0.846
2021-03-23,24922.96077390467,0.003948840648260422,0.846
2021-03-24,23242.941261453783,0.003948840648260422,0.846
2021-03-25,24647.51729847018,0.003948840648260422,0.846
2021-03-26,23545.63472280539,0.003948840648260422,0.846
2021-03-29,24120.482255129024,0.003948840648260422,0.846
2021-03-30,23172.940648225613,0.003948840648260422,0.846
2021-03-31,24212.558053793735,0.003948840648260422,0.846
2021-04-01,24106.360270717934,0.003948840648260422,0.846
2021-04-05,24337.756530552284,0.003948840648260422,0.846
2021-04-06,23692.01571618102,0.003948840648260422,0.846
2021-04-07,23567.505996472664,0.003948840648260422,0.846
2021-04-08,25167.893338911756,0.003948840648260422,0.846
2021-04-09,25357.547577083897,0.003948840648260422,0.846
2021-04-12,23541.482651043953,0.003948840648260422,0.846
2021-04-13,23435.00861085942,0.003948840648260422,0.846
2021-04-14,23561.700143537186,0.003948840648260422,0.846
2021-04-15,24667.523926917926,0.003948840648260422,0.846
2021-04-16,24597.06571887043,0.003948840648260422,0.846
2021-04-19,24203.025712041468,0.003948840648260422,0.846
2021-04-20,25053.471170796503,0.003948840648260422,0.846
2021-04-21,24590.18638500878,0.003948840648260422,0.846
2021-04-22,24276.554338984406,0.003948840648260422,0.846
2021-04-23,23868.29760014251,0.003948840648260422,0.846
2021-04-26,23770.484056110312,0.003948840648260422,0.846
2021-04-27,23526.494852771673,0.003948840648260422,0.846
2021-04-28,23636.81175232729,0.003948840648260422,0.846
2021-04-29,24107.214456290356,0.003948840648260422,0.846
2021-04-30,23810.591025169695,0.003948840648260422,0.846
2021-05-03,23995.837603075797,0.003948840648260422,0.846
2021-05-04,24359.784034021384,0.003948840648260422,0.846
2021-05-05,23989.145543735816,0.003948840648260422,0.846
2021-05-06,23714.77664366563,0.003948840648260422,0.846
2021-05-07,24353.43030285042,0.003948840648260422,0.846
2021-05-10,24615.688410613446,0.003948840648260422,0.846
2021-05-11,23927.692042727143,0.003948840648260422,0.846
2021-05-12,23698.140897493347,0.003948840648260422,0.846
2021-05-13,24727.28313356601,0.003948840648260422,0.846
2021-05-14,25119.433909159914,0.003948840648260422,0.846
2021-05-17,24092.488257886627,0.003948840648260422,0.846
2021-05-18,23905.115140296683,0.003948840648260422,0.846
2021-05-19,24336.640588778042,0.003948840648260422,0.846
2021-05-20,24433.74860549185,0.003948840648260422,0.846
2021-05-21,24427.40065433147,0.003948840648260422,0.846
2021-05-24,24971.80980882815,0.003948840648260422,0.846
2021-05-25,23699.99479804745,0.003948840648260422,0.846
2021-05-26,22518.97266274082,0.003948840648260422,0.846
2021-05-27,24996.142060893108,0.003948840648260422,0.846
2021-05-28,22730.555047790964,0.003948840648260422,0.846
2021-06-01,23781.864901956447,0.003948840648260422,0.846
2021-06-02,24543.706777019084,0.003948840648260422,0.846
2021-06-03,22927.410935489377,0.003948840648260422,0.846
2021-06-04,22543.747609645543,0.003948840648260422,0.846
2021-06-07,23646.186521697236,0.003948840648260422,0.846
2021-06-08,23440.841094920164,0.003948840648260422,0.846
2021-06-09,23905.60809756966,0.003948840648260422,0.846
2021-06-10,24450.851794652717,0.003948840648260422,0.846
2021-06-11,22810.993445202304,0.003948840648260422,0.846
2021-06-14,24290.02065939754,0.003948840648260422,0.846
2021-06-15,24426.124862714343,0.003948840648260422,0.846
2021-06-16,24646.84465827189,0.003948840648260422,0.846
2021-06-17,22742.947426153263,0.003948840648260422,0.846
2021-06-18,23217.661497702153,0.003948840648260422,0.846
2021-06-21,23994.94047062897,0.003948840648260422,0.846
2021-06-22,23475.451487563427,0.003948840648260422,0.846
2021-06-23,25127.826907221737,0.003948840648260422,0.846
2021-06-24,25152.821680366626,0.003948840648260422,0.846
2021-06-25,24423.156914767016,0.003948840648260422,0.846
2021-06-28,23960.943018373873,0.003948840648260422,0.846
2021-06-29,23843.909844662678,0.003948840648260422,0.846
2021-06-30,23695.094974834905,0.003948840648260422,0.846
2021-07-01,24548.06379079035,0.003948840648260422,0.846
2021-07-02,25186.482612490367,0.003948840648260422,0.846
2021-07-06,24722.691375748727,0.003948840648260422,0.846
2021-07-07,24402.522003798218,0.003948840648260422,0.846
2021-07-08,24365.121843332447,0.003948840648260422,0.846
2021-07-09,24002.420592524377,0.003948840648260422,0.846
2021-07-12,24948.42450835685,0.003948840648260422,0.846
2021-07-13,23092.10565116762,0.003948840648260422,0.846
2021-07-14,24463.655860062077,0.003948840648260422,0.846
2021-07-15,23336.346448093977,0.003948840648260422,0.846
2021-07-16,24046.301423890294,0.003948840648260422,0.846
2021-07-19,24698.175173605454,0.003948840648260422,0.846
2021-07-20,24052.795097581977,0.003948840648260422,0.846
2021-07-21,23927.04274768046,0.003948840648260422,0.846
2021-07-22,25518.954826293048,0.003948840648260422,0.846
2021-07-23,24594.799321233455,0.003948840648260422,0.846
2021-07-26,25054.273415012507,0.003948840648260422,0.846
2021-07-27,23980.596867459208,0.003948840648260422,0.846
2021-07-28,24064.725955349775,0.003948840648260422,0.846
2021-07-29,23441.05187446871,0.003948840648260422,0.846
2021-07-30,24205.69251776189,0.003948840648260422,0.846
2021-08-02,24123.299547053182,0.003948840648260422,0.846
2021-08-03,24575.700649078477,0.003948840648260422,0.846
2021-08-04,23439.1653052576,0.003948840648260422,0.846
2021-08-05,24816.378348031754,0.003948840648260422,0.846
2021-08-06,24913.467211668827,0.003948840648260422,0.846
2021-08-09,24260.203708921086,0.003948840648260422,0.846
2021-08-10,24829.24182739588,0.003948840648260422,0.846
2021-08-11,24228.35277203198,0.003948840648260422,0.846
2021-08-12,25304.3914860519,0.003948840648260422,0.846
2021-08-13,24061.22050907062,0.003948840648260422,0.846
2021-08-16,23876.4226426279,0.003948840648260422,0.846
2021-08-17,23514.83733885322,0.003948840648260422,0.846
2021-08-18,24856.489963886706,0.003948840648260422,0.846
2021-08-19,24226.332090170898,0.003948840648260422,0.846
2021-08-20,23432.922990391107,0.003948840648260422,0.846
2021-08-23,23976.271754263267,0.003948840648260422,0.846
2021-08-24,23494.959156464338,0.003948840648260422,0.846
2021-08-25,25099.421932924284,0.003948840648260422,0.846
2021-08-26,25079.14080157919,0.003948840648260422,0.846
2021-08-27,23880.771666127122,0.003948840648260422,0.846
2021-08-30,23811.643063111806,0.003948840648260422,0.846
2021-08-31,23764.2830625276,0.003948840648260422,0.846
2021-09-01,23690.666683406263,0.003948840648260422,0.846
2021-09-02,23504.4486793739,0.003948840648260422,0.846
2021-09-03,24478.530637792424,0.003948840648260422,0.846
2021-09-07,23183.813489971046,0.003948840648260422,0.846
2021-09-08,24320.234903547385,0.003948840648260422,0.846
2021-09-09,24162.59400147689,0.003948840648260422,0.846
2021-09-10,24433.46365900999,0.003948840648260422,0.846
2021-09-13,23172.858787000812,0.003948840648260422,0.846
2021-09-14,24693.480080588008,0.003948840648260422,0.846
2021-09-15,23838.44302203316,0.003948840648260422,0.846
2021-09-16,23878.605847034247,0.003948840648260422,0.846
2021-09-17,24415.220484763104,0.003948840648260422,0.846
2021-09-20,23130.362094651526,0.003948840648260422,0.846
2021-09-21,23857.87471078596,0.003948840648260422,0.846
2021-09-22,24384.885766188738,0.003948840648260422,0.846
2021-09-23,24165.60759204554,0.003948840648260422,0.846
2021-09-24,24467.695149135234,0.003948840648260422,0.846
2021-09-27,24659.633175203875,0.003948840648260422,0.846
2021-09-28,24903.8957509451,0.003948840648260422,0.846
2021-09-29,25464.36483014485,0.003948840648260422,0.846
2021-09-30,24522.140441861444,0.003948840648260422,0.846
2021-10-01,24694.678953784347,0.003948840648260422,0.846
2021-10-04,22892.59584271674,0.003948840648260422,0.846
2021-10-05,24177.330279426093,0.003948840648260422,0.846
2021-10-06,23380.540008260275,0.003948840648260422,0.846
2021-10-07,23630.250037474932,0.003948840648260422,0.846
2021-10-08,24339.656897743123,0.003948840648260422,0.846
2021-10-11,23292.817428997176,0.003948840648260422,0.846
2021-10-12,24138.236375703196,0.003948840648260422,0.846
2021-10-13,24029.44562094719,0.003948840648260422,0.846
2021-10-14,24256.182152274698,0.003948840648260422,0.846
2021-10-15,24413.23350269996,0.003948840648260422,0.846
2021-10-18,23986.90589272517,0.003948840648260422,0.846
2021-10-19,24870.86103991933,0.003948840648260422,0.846
2021-10-20,24077.741079822612,0.003948840648260422,0.846
2021-10-21,24602.595680051032,0.003948840648260422,0.846
2021-10-22,25325.17324677831,0.003948840648260422,0.846
2021-10-25,23362.041007452655,0.003948840648260422,0.846
2021-10-26,23249.641682435515,0.003948840648260422,0.846
2021-10-27,23313.177371610745,0.003948840648260422,0.846
2021-10-28,23327.552333667405,0.003948840648260422,0.846
2021-10-29,25759.66672698891,0.003948840648260422,0.846
2021-11-01,24529.16087276069,0.003948840648260422,0.846
2021-11-02,23057.190655239803,0.003948840648260422,0.846
2021-11-03,23378.360738070412,0.003948840648260422,0.846
2021-11-04,23556.746817441483,0.003948840648260422,0.846
2021-11-05,23407.928855413855,0.003948840648260422,0.846
2021-11-08,23899.78244259187,0.003948840648260422,0.846
2021-11-09,24274.14020590302,0.003948840648260422,0.846
2021-11-10,23887.233434156547,0.003948840648260422,0.846
2021-11-11,23836.7297791696,0.003948840648260422,0.846
2021-11-12,23719.62700870555,0.003948840648260422,0.846
2021-11-15,24352.688566002907,0.003948840648260422,0.846
2021-11-16,24582.102919260316,0.003948840648260422,0.846
2021-11-17,24187.577989081314,0.003948840648260422,0.846
2021-11-18,24392.594420917343,0.003948840648260422,0.846
2021-11-19,23360.025895172723,0.003948840648260422,0.846
2021-11-22,24617.329836108853,0.003948840648260422,0.846
2021-11-23,23922.110709687997,0.003948840648260422,0.846
2021-11-24,24039.589929172464,0.003948840648260422,0.846
2021-11-26,23301.974215234684,0.003948840648260422,0.846
2021-11-29,25255.210257359533,0.003948840648260422,0.846
2021-11-30,23822.507812786505,0.003948840648260422,0.846
2021-12-01,24042.72068428146,0.003948840648260422,0.846
2021-12-02,24435.173424174576,0.003948840648260422,0.846
2021-12-03,24815.819118501076,0.003948840648260422,0.846
2021-12-06,23900.385187784897,0.003948840648260422,0.846
2021-12-07,24120.48041697466,0.003948840648260422,0.846
2021-12-08,24594.53114138366,0.0358244438384816,0.322
2021-12-09,24249.419380864412,0.0358244438384816,0.322
2021-12-10,24389.466082842995,0.0358244438384816,0.322
2021-12-13,24168.61242263949,0.0358244438384816,0.322
2021-12-14,24671.033196104494,0.0358244438384816,0.322
2021-12-15,24570.84840746178,0.0358244438384816,0.322
2021-12-16,25468.419567121156,0.0358244438384816,0.322
2021-12-17,24618.183812293326,0.0358244438384816,0.322
2021-12-20,24971.65289947418,0.0358244438384816,0.322
2021-12-21,23884.100813572357,0.0358244438384816,0.322
2021-12-22,24296.147147069503,0.0358244438384816,0.322
2021-12-23,23469.480684557304,0.0358244438384816,0.322
2021-12-27,23976.454764119146,0.0358244438384816,0.322
2021-12-28,24995.72538141643,0.0358244438384816,0.322
2021-12-29,25200.656707347836,0.0358244438384816,0.322
2021-12-30,24976.52357332616,0.0358244438384816,0.322
2021-12-31,25024.063866158864,0.0358244438384816,0.322
2022-01-03,24721.118638995857,0.0358244438384816,0.322
2022-01-04,25248.22786515418,0.0358244438384816,0.322
2022-01-05,24715.729130069605,0.0358244438384816,0.322
2022-01-06,24535.52918817912,0.0358244438384816,0.322
2022-01-07,23572.642791280254,0.0358244438384816,0.322
2022-01-10,24606.062600548565,0.0358244438384816,0.322
2022-01-11,23127.781884289438,0.0358244438384816,0.322
2022-01-12,24839.586899891485,0.0358244438384816,0.322
2022-01-13,24916.005792332777,0.0358244438384816,0.322
2022-01-14,25072.319018557908,0.0358244438384816,0.322
2022-01-18,24513.362213236443,0.0358244438384816,0.322
2022-01-19,25085.96447737596,0.0358244438384816,0.322
2022-01-20,23211.339280695844,0.0358244438384816,0.322
2022-01-21,24943.97970959213,0.0358244438384816,0.322
2022-01-24,24341.84698530276,0.0358244438384816,0.322
2022-01-25,24527.22300074322,0.0358244438384816,0.322
2022-01-26,24280.51501804715,0.0358244438384816,0.322
2022-01-27,24537.644388551886,0.0358244438384816,0.322
2022-01-28,24646.95410604315,0.0358244438384816,0.322
2022-01-31,24684.104131018943,0.0358244438384816,0.322
2022-02-01,25692.215867374245,0.0358244438384816,0.322
2022-02-02,24608.10367219305,0.0358244438384816,0.322
2022-02-03,25520.540703999908,0.0358244438384816,0.322
2022-02-04,23460.018855981867,0.0358244438384816,0.322
2022-02-07,23733.00196380093,0.0358244438384816,0.322
2022-02-08,25209.928169980318,0.0358244438384816,0.322
2022-02-09,25022.0219066768,0.0358244438384816,0.322
2022-02-10,25017.60390041274,0.0358244438384816,0.322
2022-02-11,24486.945377686538,0.0358244438384816,0.322
2022-02-14,25684.48788469256,0.0358244438384816,0.322
2022-02-15,24902.492516337326,0.0358244438384816,0.322
2022-02-16,22865.486632355045,0.0358244438384816,0.322
2022-02-17,24383.83429885486,0.0358244438384816,0.322
2022-02-18,25450.381216226127,0.0358244438384816,0.322
2022-02-22,25151.446437738254,0.0358244438384816,0.322
2022-02-23,24325.657426656184,0.0358244438384816,0.322
2022-02-24,24536.230904392673,0.0358244438384816,0.322
2022-02-25,24581.140390221706,0.0358244438384816,0.322
2022-02-28,23101.126111986512,0.0358244438384816,0.322
2022-03-01,23275.30819540066,0.0358244438384816,0.322
2022-03-02,24196.294424917316,0.0358244438384816,0.322
2022-03-03,22581.326614716945,0.0358244438384816,0.322
2022-03-04,22951.79679895848,0.0358244438384816,0.322
2022-03-07,23794.524381756386,0.0358244438384816,0.322
2022-03-08,23573.21125187641,0.0358244438384816,0.322
2022-03-09,21779.995490148078,0.0358244438384816,0.322
2022-03-10,21910.035963223145,0.0358244438384816,0.322
2022-03-11,22642.396509328537,0.0358244438384816,0.322
2022-03-14,23175.84604663488,0.0358244438384816,0.322
2022-03-15,21866.824152478606,0.0358244438384816,0.322
2022-03-16,21469.300676128627,0.0358244438384816,0.322
2022-03-17,21090.38108539707,0.0358244438384816,0.322
2022-03-18,20800.81151508422,0.0358244438384816,0.322
2022-03-21,20700.58567274558,0.0358244438384816,0.322
2022-03-22,20574.331503185484,0.0358244438384816,0.322
2022-03-23,20006.067823964335,0.0358244438384816,0.322
2022-03-24,20828.11219018715,0.0358244438384816,0.322
2022-03-25,20500.069133849644,0.0358244438384816,0.322
2022-03-28,21313.741304062758,0.0358244438384816,0.322
2022-03-29,21038.818573128865,0.0358244438384816,0.322
2022-03-30,20775.753999465454,0.0358244438384816,0.322
2022-03-31,20543.067791767073,0.0358244438384816,0.322
2022-04-01,20227.790000836372,0.0358244438384816,0.322
2022-04-04,20439.58903901893,0.0358244438384816,0.322
2022-04-05,19523.184819062717,0.0358244438384816,0.322
2022-04-06,20798.94092570344,0.0358244438384816,0.322
2022-04-07,21365.946892012158,0.0358244438384816,0.322
2022-04-08,20298.539581732937,0.0358244438384816,0.322
2022-04-11,20012.507101161165,0.0358244438384816,0.322
2022-04-12,19822.290799322007,0.0358244438384816,0.322
2022-04-13,20346.69142032479,0.0358244438384816,0.322
2022-04-14,19407.24877727828,0.0358244438384816,0.322
2022-04-18,20487.633594851242,0.0358244438384816,0.322
2022-04-19,19720.50527971504,0.0358244438384816,0.322
2022-04-20,21241.775996533062,0.0358244438384816,0.322
2022-04-21,20394.1852600242,0.0358244438384816,0.322
2022-04-22,19847.503945802502,0.0358244438384816,0.322
2022-04-25,20511.46519664375,0.0358244438384816,0.322
2022-04-26,19857.745234625145,0.0358244438384816,0.322
2022-04-27,20075.8467022354,0.0358244438384816,0.322
2022-04-28,20453.149524092114,0.0358244438384816,0.322
2022-04-29,20337.373988487718,0.0358244438384816,0.322
2022-05-02,20117.89780002899,0.0358244438384816,0.322
2022-05-03,19611.24557823767,0.0358244438384816,0.322
2022-05-04,19655.219513242577,0.0358244438384816,0.322
2022-05-05,21477.54453774814,0.0358244438384816,0.322
2022-05-06,22116.66867689572,0.0358244438384816,0.322
2022-05-09,20744.476622473325,0.0358244438384816,0.322
2022-05-10,21717.299293776166,0.0358244438384816,0.322
2022-05-11,21313.668770560376,0.0358244438384816,0.322
2022-05-12,21956.974549993134,0.0358244438384816,0.322
2022-05-13,21883.44182663611,0.0358244438384816,0.322
2022-05-16,21050.79145253821,0.0358244438384816,0.322
2022-05-17,21149.23797847958,0.0358244438384816,0.322
2022-05-18,20404.566407548005,0.0358244438384816,0.322
2022-05-19,22107.62767368436,0.0358244438384816,0.322
2022-05-20,21146.883749091216,0.0358244438384816,0.322
2022-05-23,22026.079155137595,0.0358244438384816,0.322
2022-05-24,21526.67091934157,0.0358244438384816,0.322
2022-05-25,20982.397569064135,0.0358244438384816,0.322
2022-05-26,20849.198450460677,0.0358244438384816,0.322
2022-05-27,21005.722967578295,0.0358244438384816,0.322
2022-05-31,21708.373333952943,0.0358244438384816,0.322
2022-06-01,21996.182670908973,0.0358244438384816,0.322
2022-06-02,21492.241858825408,0.0358244438384816,0.322
2022-06-03,21011.810014362127,0.0358244438384816,0.322
2022-06-06,21711.81893892558,0.0358244438384816,0.322
2022-06-07,19928.854990699736,0.0358244438384816,0.322
2022-06-08,20463.850177451688,0.0358244438384816,0.322
2022-06-09,20281.90502358155,0.0358244438384816,0.322
2022-06-10,19526.928430563195,0.0358244438384816,0.322
2022-06-13,19956.989355772228,0.0358244438384816,0.322
2022-06-14,19680.606275535032,0.0358244438384816,0.322
2022-06-15,19781.803759147602,0.0358244438384816,0.322
2022-06-16,21088.178951057667,0.0358244438384816,0.322
2022-06-17,20898.78154456025,0.0358244438384816,0.322
2022-06-21,21917.784033948148,0.0358244438384816,0.322
2022-06-22,21419.334995262612,0.0358244438384816,0.322
2022-06-23,21425.95018945129,0.0358244438384816,0.322
2022-06-24,21141.813937247825,0.0358244438384816,0.322
2022-06-27,22001.725652919966,0.0358244438384816,0.322
2022-06-28,22225.809321412344,0.0358244438384816,0.322
2022-06-29,20664.130459916087,0.0358244438384816,0.322
2022-06-30,21560.150774501766,0.0358244438384816,0.322
2022-07-01,21601.60780140925,0.0358244438384816,0.322
2022-07-05,20908.014626119486,0.0358244438384816,0.322
2022-07-06,21986.78667267461,0.0358244438384816,0.322
2022-07-07,21838.31697702591,0.0358244438384816,0.322
2022-07-08,21324.24148896398,0.0358244438384816,0.322
2022-07-11,21403.73423539616,0.0358244438384816,0.322
2022-07-12,20777.15566546187,0.0358244438384816,0.322
2022-07-13,21773.46739170916,0.0358244438384816,0.322
2022-07-14,21680.941526007242,0.0358244438384816,0.322
2022-07-15,21508.260769942943,0.0358244438384816,0.322
2022-07-18,22627.460704327907,0.0358244438384816,0.322
2022-07-19,21767.442660158467,0.0358244438384816,0.322
2022-07-20,22657.770100410624,0.0358244438384816,0.322
2022-07-21,21492.02950186986,0.0358244438384816,0.322
2022-07-22,21430.15487055479,0.0358244438384816,0.322
2022-07-25,21365.09107653659,0.0358244438384816,0.322
2022-07-26,22644.751382517185,0.0358244438384816,0.322
2022-07-27,22013.91983573798,0.0358244438384816,0.322
2022-07-28,21684.245713492914,0.0358244438384816,0.322
2022-07-29,21535.648094824464,0.0358244438384816,0.322
2022-08-01,22222.15256100106,0.0358244438384816,0.322
2022-08-02,22182.949585627626,0.0358244438384816,0.322
2022-08-03,21930.29053807231,0.0358244438384816,0.322
2022-08-04,21189.907649619567,0.0358244438384816,0.322
2022-08-05,22118.814193339487,0.0358244438384816,0.322
2022-08-08,21845.75687974664,0.0358244438384816,0.322
2022-08-09,22698.827779171806,0.0358244438384816,0.322
2022-08-10,22251.530142667143,0.0358244438384816,0.322
2022-08-11,21529.986740571614,0.0358244438384816,0.322
2022-08-12,21653.211350506663,0.0358244438384816,0.322
2022-08-15,21642.662892724875,0.0358244438384816,0.322
2022-08-16,21861.13402510061,0.0358244438384816,0.322
2022-08-17,21618.038100190486,0.0358244438384816,0.322
2022-08-18,21938.479597479363,0.0358244438384816,0.322
2022-08-19,21687.02287356683,0.0358244438384816,0.322
2022-08-22,22097.533626486485,0.0358244438384816,0.322
2022-08-23,21522.09756618484,0.0358244438384816,0.322
2022-08-24,22054.348596662272,0.0358244438384816,0.322
2022-08-25,22680.383121943203,0.0358244438384816,0.322
2022-08-26,21809.49546380761,0.0358244438384816,0.322
2022-08-29,22147.01357309247,0.0358244438384816,0.322
2022-08-30,22040.365408116082,0.0358244438384816,0.322
2022-08-31,21850.28196634721,0.0358244438384816,0.322
2022-09-01,21743.10361087005,0.0358244438384816,0.322
2022-09-02,21007.848384274977,0.0358244438384816,0.322
2022-09-06,21723.711011956035,0.0358244438384816,0.322
2022-09-07,22062.6863025295,0.0358244438384816,0.322
2022-09-08,20949.99174179053,0.0358244438384816,0.322
2022-09-09,21749.74476521507,0.0358244438384816,0.322
2022-09-12,22076.470872745544,0.0358244438384816,0.322
2022-09-13,21782.04548238736,0.0358244438384816,0.322
2022-09-14,21722.92866457589,0.0358244438384816,0.322
2022-09-15,21835.723230154916,0.0358244438384816,0.322
2022-09-16,22191.723071032182,0.0358244438384816,0.322
2022-09-19,22014.057953872976,0.0358244438384816,0.322
2022-09-20,21295.410044324242,0.0358244438384816,0.322
2022-09-21,21835.14476252896,0.0358244438384816,0.322
2022-09-22,22257.39208794131,0.0358244438384816,0.322
2022-09-23,22928.147876100767,0.0358244438384816,0.322
2022-09-26,21932.416649176466,0.0358244438384816,0.322
2022-09-27,21889.47978678356,0.0358244438384816,0.322
2022-09-28,20751.40163169683,0.0358244438384816,0.322
2022-09-29,22393.146575489332,0.0358244438384816,0.322
2022-09-30,23297.936715421307,0.0358244438384816,0.322
2022-10-03,23245.540988900804,0.0358244438384816,0.322
2022-10-04,24229.177573740817,0.0358244438384816,0.322
2022-10-05,22710.92732934929,0.0358244438384816,0.322
2022-10-06,23398.078711656664,0.0358244438384816,0.322
2022-10-07,22758.980916349832,0.0358244438384816,0.322
2022-10-10,22702.709279402876,0.0358244438384816,0.322
2022-10-11,22287.92511934155,0.0358244438384816,0.322
2022-10-12,22153.27407237285,0.0358244438384816,0.322
2022-10-13,23010.905985825902,0.0358244438384816,0.322
2022-10-14,22304.9801128875,0.0358244438384816,0.322
2022-10-17,22644.48799779822,0.0358244438384816,0.322
2022-10-18,22859.69421203277,0.0358244438384816,0.322
2022-10-19,22915.767059707792,0.0358244438384816,0.322
2022-10-20,22735.211431215947,0.0358244438384816,0.322
2022-10-21,23173.048726394507,0.0358244438384816,0.322
2022-10-24,22691.56241105374,0.0358244438384816,0.322
2022-10-25,23047.257634462247,0.0358244438384816,0.322
2022-10-26,22934.292528097896,0.0358244438384816,0.322
2022-10-27,23351.910419810345,0.0358244438384816,0.322
2022-10-28,22456.909348174733,0.0358244438384816,0.322
2022-10-31,23131.32780688233,0.0358244438384816,0.322
2022-11-01,23401.121732168507,0.0358244438384816,0.322
2022-11-02,23532.339951997823,0.0358244438384816,0.322
2022-11-03,23494.7587671233,0.0358244438384816,0.322
2022-11-04,22612.055989523076,0.0358244438384816,0.322
2022-11-07,22853.923264320834,0.0358244438384816,0.322
2022-11-08,23217.876893632892,0.0358244438384816,0.322
2022-11-09,22688.58734982687,0.0358244438384816,0.322
2022-11-10,22171.201435057046,0.0358244438384816,0.322
2022-11-11,24229.141811064463,0.0358244438384816,0.322
2022-11-14,24992.695133585345,0.0358244438384816,0.322
2022-11-15,24317.28416529923,0.0358244438384816,0.322
2022-11-16,24221.426251936013,0.0358244438384816,0.322
2022-11-17,24846.064032964205,0.0358244438384816,0.322
2022-11-18,24309.06605449019,0.0358244438384816,0.322
2022-11-21,24570.640349584686,0.0358244438384816,0.322
2022-11-22,24129.68562166189,0.0358244438384816,0.322
2022-11-23,24275.081872677594,0.0358244438384816,0.322
2022-11-25,23577.8304638934,0.0358244438384816,0.322
2022-11-28,24213.22302037537,0.0358244438384816,0.322
2022-11-29,24457.200781733824,0.0358244438384816,0.322
2022-11-30,23558.18441234853,0.0358244438384816,0.322
2022-12-01,23895.72359850984,0.0358244438384816,0.322
2022-12-02,23370.99365918492,0.0358244438384816,0.322
2022-12-05,23523.633226000737,0.0358244438384816,0.322
2022-12-06,22908.701252769628,0.13177963879480706,0.098
2022-12-07,23467.987997435925,0.13177963879480706,0.098
2022-12-08,23940.260883248066,0.13177963879480706,0.098
2022-12-09,22560.843061214076,0.13177963879480706,0.098
2022-12-12,23172.086324832388,0.13177963879480706,0.098
2022-12-13,22781.856422741737,0.13177963879480706,0.098
2022-12-14,22892.383345436818,0.13177963879480706,0.098
2022-12-15,23796.61286196336,0.13177963879480706,0.098
2022-12-16,23576.30725124512,0.13177963879480706,0.098
2022-12-19,23298.944151154938,0.13177963879480706,0.098
2022-12-20,24122.000847206215,0.13177963879480706,0.098
2022-12-21,22971.663558277778,0.13177963879480706,0.098
2022-12-22,23876.44891959319,0.13177963879480706,0.098
2022-12-23,23200.462288155897,0.13177963879480706,0.098
2022-12-27,23436.530193331688,0.13177963879480706,0.098
2022-12-28,23261.273234149503,0.13177963879480706,0.098
2022-12-29,23457.84230079166,0.13177963879480706,0.098
2022-12-30,23494.414365937042,0.13177963879480706,0.098
2023-01-03,23202.59936405111,0.13177963879480706,0.098
2023-01-04,23812.728791431924,0.13177963879480706,0.098
2023-01-05,23250.842781706106,0.13177963879480706,0.098
2023-01-06,23153.525736498064,0.13177963879480706,0.098
2023-01-09,24249.177621566992,0.13177963879480706,0.098
2023-01-10,24024.90672466764,0.13177963879480706,0.098
2023-01-11,23490.458261727683,0.13177963879480706,0.098
2023-01-12,23374.258796079477,0.13177963879480706,0.098
2023-01-13,24138.589932361676,0.13177963879480706,0.098
2023-01-17,23731.76512257343,0.13177963879480706,0.098
2023-01-18,23414.342773306245,0.13177963879480706,0.098
2023-01-19,24223.16512538967,0.13177963879480706,0.098
2023-01-20,24239.839486943427,0.13177963879480706,0.098
2023-01-23,24284.621423127028,0.13177963879480706,0.098
2023-01-24,23948.29282189552,0.13177963879480706,0.098
2023-01-25,24022.787164184687,0.13177963879480706,0.098
2023-01-26,23824.173809942185,0.13177963879480706,0.098
2023-01-27,24198.619679781525,0.13177963879480706,0.098
2023-01-30,23785.70143631234,0.13177963879480706,0.098
2023-01-31,24516.37153741851,0.13177963879480706,0.098
2023-02-01,24107.25957533137,0.13177963879480706,0.098
2023-02-02,23798.29247015327,0.13177963879480706,0.098
2023-02-03,24111.609688368062,0.13177963879480706,0.098
2023-02-06,23855.62622103003,0.13177963879480706,0.098
2023-02-07,23852.842907287133,0.13177963879480706,0.098
2023-02-08,23845.10857912483,0.13177963879480706,0.098
2023-02-09,24500.80017139598,0.13177963879480706,0.098
2023-02-10,24535.525184392234,0.13177963879480706,0.098
2023-02-13,24142.765699475523,0.13177963879480706,0.098
2023-02-14,23722.011342379596,0.13177963879480706,0.098
2023-02-15,23982.356217570963,0.13177963879480706,0.098
2023-02-16,23935.93367118575,0.13177963879480706,0.098
2023-02-17,24481.743202414764,0.13177963879480706,0.098
2023-02-21,24060.99470891447,0.13177963879480706,0.098
2023-02-22,23869.4061733195,0.13177963879480706,0.098
2023-02-23,24781.167860062185,0.13177963879480706,0.098
2023-02-24,24621.95310682266,0.13177963879480706,0.098
2023-02-27,23793.29337425834,0.13177963879480706,0.098
2023-02-28,23911.72578244614,0.13177963879480706,0.098
2023-03-01,24101.584076054394,0.13177963879480706,0.098
2023-03-02,24276.276557829682,0.13177963879480706,0.098
2023-03-03,24046.610220476476,0.13177963879480706,0.098
2023-03-06,23737.191903224713,0.13177963879480706,0.098
2023-03-07,24343.372971614182,0.13177963879480706,0.098
2023-03-08,24399.322887859857,0.13177963879480706,0.098
2023-03-09,24219.90231904215,0.13177963879480706,0.098
2023-03-10,24495.27041894755,0.13177963879480706,0.098
2023-03-13,23953.586727139475,0.13177963879480706,0.098
2023-03-14,24054.801476522236,0.13177963879480706,0.098
2023-03-15,24068.03316279027,0.13177963879480706,0.098
2023-03-16,24717.53816731352,0.13177963879480706,0.098
2023-03-17,24378.186167453587,0.13177963879480706,0.098
2023-03-20,24234.038082868756,0.13177963879480706,0.098
2023-03-21,24182.170006359305,0.13177963879480706,0.098
2023-03-22,24465.18390581794,0.13177963879480706,0.098
2023-03-23,23956.650437020453,0.13177963879480706,0.098
2023-03-24,24570.13129960023,0.13177963879480706,0.098
2023-03-27,23713.234469168357,0.13177963879480706,0.098
2023-03-28,23719.09822429451,0.13177963879480706,0.098
2023-03-29,24013.6954579131,0.13177963879480706,0.098
2023-03-30,23433.163384535506,0.13177963879480706,0.098
2023-03-31,24380.81369491833,0.13177963879480706,0.098
2023-04-03,23861.239455203442,0.13177963879480706,0.098
2023-04-04,24594.190331710422,0.13177963879480706,0.098
2023-04-05,23911.91020138187,0.13177963879480706,0.098
2023-04-06,23955.768530055517,0.13177963879480706,0.098
2023-04-10,24382.02979632769,0.13177963879480706,0.098
2023-04-11,23495.779821569256,0.13177963879480706,0.098
2023-04-12,24205.087463973385,0.13177963879480706,0.098
2023-04-13,23684.17032680584,0.13177963879480706,0.098
2023-04-14,24401.1405281383,0.13177963879480706,0.098
2023-04-17,23661.472646046535,0.13177963879480706,0.098
2023-04-18,24100.579491412398,0.13177963879480706,0.098
2023-04-19,24493.025207678886,0.13177963879480706,0.098
2023-04-20,24590.84385843287,0.13177963879480706,0.098
2023-04-21,23826.26783566749,0.13177963879480706,0.098
2023-04-24,24450.079637632258,0.13177963879480706,0.098
2023-04-25,23570.487902709847,0.13177963879480706,0.098
2023-04-26,25059.68737660132,0.13177963879480706,0.098
2023-04-27,24421.485703839608,0.13177963879480706,0.098
2023-04-28,24610.475658763113,0.13177963879480706,0.098
2023-05-01,24179.659734690817,0.13177963879480706,0.098
2023-05-02,24243.046917527903,0.13177963879480706,0.098
2023-05-03,24709.766318947957,0.13177963879480706,0.098
2023-05-04,24895.061512399694,0.13177963879480706,0.098
2023-05-05,24265.32561277697,0.13177963879480706,0.098
2023-05-08,24574.523356797756,0.13177963879480706,0.098
2023-05-09,24468.532035935732,0.13177963879480706,0.098
2023-05-10,24652.354281582135,0.13177963879480706,0.098
2023-05-11,24192.307252226798,0.13177963879480706,0.098
2023-05-12,24931.38157848664,0.13177963879480706,0.098
2023-05-15,24467.580352818335,0.13177963879480706,0.098
2023-05-16,23981.757983906467,0.13177963879480706,0.098
2023-05-17,24274.78327281547,0.13177963879480706,0.098
2023-05-18,24610.843346446953,0.13177963879480706,0.098
2023-05-19,24359.194360013455,0.13177963879480706,0.098
2023-05-22,24899.07546972454,0.13177963879480706,0.098
2023-05-23,24714.870816956216,0.13177963879480706,0.098
2023-05-24,24873.997372593272,0.13177963879480706,0.098
2023-05-25,24772.018824625873,0.13177963879480706,0.098
2023-05-26,24163.115301591646,0.13177963879480706,0.098
2023-05-30,24189.499783859203,0.13177963879480706,0.098
2023-05-31,24580.250923390704,0.13177963879480706,0.098
2023-06-01,24321.953185924533,0.13177963879480706,0.098
2023-06-02,25097.203276703374,0.13177963879480706,0.098
2023-06-05,24569.614592627775,0.13177963879480706,0.098
2023-06-06,24520.490979865204,0.13177963879480706,0.098
2023-06-07,24594.827034451388,0.13177963879480706,0.098
2023-06-08,24164.386065774124,0.13177963879480706,0.098
2023-06-09,24716.202313891783,0.13177963879480706,0.098
2023-06-12,24614.829062322708,0.13177963879480706,0.098
2023-06-13,24089.185452319973,0.13177963879480706,0.098
2023-06-14,24710.381065469148,0.13177963879480706,0.098
2023-06-15,24090.252708536536,0.13177963879480706,0.098
2023-06-16,24507.580687939655,0.13177963879480706,0.098
2023-06-20,24734.37669665829,0.13177963879480706,0.098
2023-06-21,24075.822270388246,0.13177963879480706,0.098
2023-06-22,24252.20508874493,0.13177963879480706,0.098
2023-06-23,24479.92031113512,0.13177963879480706,0.098
2023-06-26,24995.75061982506,0.13177963879480706,0.098
2023-06-27,24096.129001522462,0.13177963879480706,0.098
2023-06-28,24174.358317821352,0.13177963879480706,0.098
2023-06-29,24528.641758850732,0.13177963879480706,0.098
2023-06-30,24822.346126048993,0.13177963879480706,0.098
2023-07-03,24335.294617327054,0.13177963879480706,0.098
2023-07-05,24236.68774107042,0.13177963879480706,0.098
2023-07-06,23854.821018379964,0.13177963879480706,0.098
2023-07-07,24602.385331818055,0.13177963879480706,0.098
2023-07-10,24856.045687803544,0.13177963879480706,0.098
2023-07-11,24123.425674426988,0.13177963879480706,0.098
2023-07-12,24461.767763838256,0.13177963879480706,0.098
2023-07-13,24294.61791566059,0.13177963879480706,0.098
2023-07-14,24399.970524260283,0.13177963879480706,0.098
2023-07-17,24588.636337489104,0.13177963879480706,0.098
2023-07-18,24754.686340749384,0.13177963879480706,0.098
2023-07-19,24210.576583050697,0.13177963879480706,0.098
2023-07-20,24137.58671396341,0.13177963879480706,0.098
2023-07-21,24836.981639885544,0.13177963879480706,0.098
2023-07-24,24499.20378499893,0.13177963879480706,0.098
2023-07-25,24523.857416300074,0.13177963879480706,0.098
2023-07-26,25219.94421499767,0.13177963879480706,0.098
2023-07-27,24156.678680669564,0.13177963879480706,0.098
2023-07-28,24351.129536384873,0.13177963879480706,0.098
2023-07-31,24395.679227020388,0.13177963879480706,0.098
2023-08-01,24435.35074215154,0.13177963879480706,0.098
2023-08-02,23940.642083361712,0.13177963879480706,0.098
2023-08-03,24634.005530814833,0.13177963879480706,0.098
2023-08-04,24479.30680182517,0.13177963879480706,0.098
2023-08-07,24783.728189429774,0.13177963879480706,0.098
2023-08-08,23978.470098041595,0.13177963879480706,0.098
2023-08-09,24148.53971051267,0.13177963879480706,0.098
2023-08-10,24364.29291018077,0.13177963879480706,0.098
2023-08-11,24441.694566834674,0.13177963879480706,0.098
2023-08-14,24210.572282132056,0.13177963879480706,0.098
2023-08-15,24770.566965120728,0.13177963879480706,0.098
2023-08-16,24119.252250054567,0.13177963879480706,0.098
2023-08-17,24774.718318724324,0.13177963879480706,0.098
2023-08-18,24386.414013598605,0.13177963879480706,0.098
2023-08-21,24414.116990320068,0.13177963879480706,0.098
2023-08-22,24475.307074003656,0.13177963879480706,0.098
2023-08-23,23911.11881431936,0.13177963879480706,0.098
2023-08-24,24266.71854439989,0.13177963879480706,0.098
2023-08-25,24583.33065439043,0.13177963879480706,0.098
2023-08-28,24006.93829037865,0.13177963879480706,0.098
2023-08-29,24924.09641034754,0.13177963879480706,0.098
2023-08-30,24802.625092376504,0.13177963879480706,0.098
2023-08-31,24631.764834613703,0.13177963879480706,0.098
2023-09-01,24307.773879555705,0.13177963879480706,0.098
2023-09-05,24826.313468246077,0.13177963879480706,0.098
2023-09-06,24451.742348739943,0.13177963879480706,0.098
2023-09-07,24364.65502689852,0.13177963879480706,0.098
2023-09-08,24457.34926516414,0.13177963879480706,0.098
2023-09-11,24592.073269209788,0.13177963879480706,0.098
2023-09-12,24168.95366081218,0.13177963879480706,0.098
2023-09-13,24766.351810874767,0.13177963879480706,0.098
2023-09-14,24606.849832076325,0.13177963879480706,0.098
2023-09-15,24035.337172305382,0.13177963879480706,0.098
2023-09-18,25354.466124762745,0.13177963879480706,0.098
2023-09-19,24710.73047781889,0.13177963879480706,0.098
2023-09-20,25150.308587851203,0.13177963879480706,0.098
2023-09-21,24025.904627218053,0.13177963879480706,0.098
2023-09-22,24678.776632786463,0.13177963879480706,0.098
2023-09-25,24639.3081864541,0.13177963879480706,0.098
2023-09-26,24566.406705653328,0.13177963879480706,0.098
2023-09-27,24663.294310197165,0.13177963879480706,0.098
2023-09-28,24954.77765729869,0.13177963879480706,0.098
2023-09-29,23695.842035403573,0.13177963879480706,0.098
2023-10-02,24635.80778212925,0.13177963879480706,0.098
2023-10-03,24837.312455267933,0.13177963879480706,0.098
2023-10-04,24385.719666682493,0.13177963879480706,0.098
2023-10-05,24997.551597797417,0.13177963879480706,0.098
2023-10-06,24351.016634480817,0.13177963879480706,0.098
2023-10-09,24675.561087285692,0.13177963879480706,0.098
2023-10-10,25145.044871471342,0.13177963879480706,0.098
2023-10-11,24673.54442558055,0.13177963879480706,0.098
2023-10-12,24816.95912288564,0.13177963879480706,0.098
2023-10-13,24899.87806583039,0.13177963879480706,0.098
2023-10-16,24846.478485867312,0.13177963879480706,0.098
2023-10-17,25023.52641681983,0.13177963879480706,0.098
2023-10-18,24574.59596388958,0.13177963879480706,0.098
2023-10-19,24876.034029373062,0.13177963879480706,0.098
2023-10-20,25293.490334948474,0.13177963879480706,0.098
2023-10-23,25333.83570292198,0.13177963879480706,0.098
2023-10-24,24385.08532468378,0.13177963879480706,0.098
2023-10-25,24654.807376687233,0.13177963879480706,0.098
2023-10-26,24591.83022148232,0.13177963879480706,0.098
2023-10-27,25420.106256767354,0.13177963879480706,0.098
2023-10-30,25015.159623020547,0.13177963879480706,0.098
2023-10-31,24676.968582330446,0.13177963879480706,0.098
2023-11-01,25215.08034340833,0.13177963879480706,0.098
2023-11-02,24906.405381528813,0.13177963879480706,0.098
2023-11-03,24733.5190237202,0.13177963879480706,0.098
2023-11-06,24402.731713335994,0.13177963879480706,0.098
2023-11-07,24935.115704384316,0.13177963879480706,0.098
2023-11-08,24977.863554380972,0.13177963879480706,0.098
2023-11-09,24779.66888681197,0.13177963879480706,0.098
2023-11-10,24658.46484605689,0.13177963879480706,0.098
2023-11-13,25025.10665859203,0.13177963879480706,0.098
2023-11-14,25366.438473511145,0.13177963879480706,0.098
2023-11-15,24370.441924185747,0.13177963879480706,0.098
2023-11-16,24626.195273359797,0.13177963879480706,0.098
2023-11-17,25292.520280207096,0.13177963879480706,0.098
2023-11-20,24883.615567842735,0.13177963879480706,0.098
2023-11-21,24668.50943790572,0.13177963879480706,0.098
2023-11-22,24539.334899162346,0.13177963879480706,0.098
2023-11-24,24521.50513683731,0.13177963879480706,0.098
2023-11-27,24569.83909604328,0.13177963879480706,0.098
2023-11-28,24962.285785301512,0.13177963879480706,0.098
2023-11-29,25111.61458084546,0.13177963879480706,0.098
2023-11-30,24392.117429925445,0.13177963879480706,0.098
2023-12-01,24593.23917936778,0.13177963879480706,0.098
2023-12-04,24988.011902374958,0.13177963879480706,0.098
2023-12-05,25146.842879301574,0.14108187552497728,0.196
2023-12-06,25002.988353509572,0.14108187552497728,0.196
2023-12-07,24924.94385697685,0.14108187552497728,0.196
2023-12-08,24706.942313044372,0.14108187552497728,0.196
2023-12-11,24821.85138187138,0.14108187552497728,0.196
2023-12-12,25225.9173559139,0.14108187552497728,0.196
2023-12-13,25113.12492276325,0.14108187552497728,0.196
2023-12-14,24661.974929597185,0.14108187552497728,0.196
2023-12-15,24850.358678462642,0.14108187552497728,0.196
2023-12-18,25035.370031401944,0.14108187552497728,0.196
2023-12-19,24093.795201030927,0.14108187552497728,0.196
2023-12-20,25055.285376207692,0.14108187552497728,0.196
2023-12-21,25346.058439965203,0.14108187552497728,0.196
2023-12-22,25258.472961808224,0.14108187552497728,0.196
2023-12-26,25427.448830031364,0.14108187552497728,0.196
2023-12-27,24686.76261980223,0.14108187552497728,0.196
2023-12-28,25022.811352611145,0.14108187552497728,0.196
2023-12-29,24669.857457921356,0.14108187552497728,0.196
2024-01-02,24493.351034207684,0.14108187552497728,0.196
2024-01-03,24903.105775629734,0.14108187552497728,0.196
2024-01-04,25098.56701045667,0.14108187552497728,0.196
2024-01-05,24568.39550648538,0.14108187552497728,0.196
2024-01-08,24475.693420614807,0.14108187552497728,0.196
2024-01-09,24597.57735961373,0.14108187552497728,0.196
2024-01-10,25454.328011617537,0.14108187552497728,0.196
2024-01-11,25321.897241060382,0.14108187552497728,0.196
2024-01-12,24971.56556298968,0.14108187552497728,0.196
2024-01-16,25412.715188865488,0.14108187552497728,0.196
2024-01-17,25092.746575658635,0.14108187552497728,0.196
2024-01-18,24537.72523577528,0.14108187552497728,0.196
2024-01-19,25720.134659058003,0.14108187552497728,0.196
2024-01-22,24985.170896447875,0.14108187552497728,0.196
2024-01-23,25238.99414833625,0.14108187552497728,0.196
2024-01-24,25190.74676090495,0.14108187552497728,0.196
2024-01-25,25058.721138586818,0.14108187552497728,0.196
2024-01-26,24933.35115537602,0.14108187552497728,0.196
2024-01-29,25111.79082489996,0.14108187552497728,0.196
2024-01-30,24861.067713258555,0.14108187552497728,0.196
2024-01-31,24976.958223968963,0.14108187552497728,0.196
2024-02-01,24743.216785199034,0.14108187552497728,0.196
2024-02-02,25270.698673587933,0.14108187552497728,0.196
2024-02-05,24446.961006211415,0.14108187552497728,0.196
2024-02-06,24832.481209349575,0.14108187552497728,0.196
2024-02-07,24810.897495202888,0.14108187552497728,0.196
2024-02-08,24548.425613835087,0.14108187552497728,0.196
2024-02-09,24912.782796586376,0.14108187552497728,0.196
2024-02-12,25058.982849208674,0.14108187552497728,0.196
2024-02-13,24484.868645798346,0.14108187552497728,0.196
2024-02-14,24691.06443949124,0.14108187552497728,0.196
2024-02-15,25040.075370141934,0.14108187552497728,0.196
2024-02-16,24144.804899430106,0.14108187552497728,0.196
2024-02-20,24766.805519805304,0.14108187552497728,0.196
2024-02-21,24412.309536772947,0.14108187552497728,0.196
2024-02-22,24548.46278506692,0.14108187552497728,0.196
2024-02-23,24638.42750206221,0.14108187552497728,0.196
2024-02-26,24768.53928376635,0.14108187552497728,0.196
2024-02-27,25159.67626104721,0.14108187552497728,0.196
2024-02-28,24858.46051492715,0.14108187552497728,0.196
2024-02-29,25170.75443036541,0.14108187552497728,0.196
2024-03-01,24670.76310221237,0.14108187552497728,0.196
2024-03-04,24467.481744807537,0.14108187552497728,0.196
2024-03-05,24660.04002266046,0.14108187552497728,0.196
2024-03-06,24184.207418673555,0.14108187552497728,0.196
2024-03-07,25021.71075109174,0.14108187552497728,0.196
2024-03-08,24488.4091616499,0.14108187552497728,0.196
2024-03-11,24351.987227859598,0.14108187552497728,0.196
2024-03-12,24733.201136331183,0.14108187552497728,0.196
2024-03-13,24723.311694962984,0.14108187552497728,0.196
2024-03-14,24710.22968305473,0.14108187552497728,0.196
2024-03-15,24850.98940741011,0.14108187552497728,0.196
2024-03-18,24619.438903010458,0.14108187552497728,0.196
2024-03-19,24204.300659634766,0.14108187552497728,0.196
2024-03-20,25070.534879308812,0.14108187552497728,0.196
2024-03-21,24707.380143589337,0.14108187552497728,0.196
2024-03-22,24451.331742537488,0.14108187552497728,0.196
2024-03-25,24593.691067542968,0.14108187552497728,0.196
2024-03-26,24882.177762706415,0.14108187552497728,0.196
2024-03-27,25000.673287181333,0.14108187552497728,0.196
2024-03-28,25270.63566294415,0.14108187552497728,0.196
2024-04-01,25284.711322193787,0.14108187552497728,0.196
2024-04-02,24625.235037393853,0.14108187552497728,0.196
2024-04-03,24186.772032775785,0.14108187552497728,0.196
2024-04-04,24305.640727699752,0.14108187552497728,0.196
2024-04-05,25155.208737124747,0.14108187552497728,0.196
2024-04-08,24876.566705357964,0.14108187552497728,0.196
2024-04-09,24514.358712827143,0.14108187552497728,0.196
2024-04-10,24676.67773216969,0.14108187552497728,0.196
2024-04-11,25086.784530719135,0.14108187552497728,0.196
2024-04-12,24896.17356248348,0.14108187552497728,0.196
2024-04-15,24921.44064352756,0.14108187552497728,0.196
2024-04-16,24486.315120396994,0.14108187552497728,0.196
2024-04-17,25096.322034594818,0.14108187552497728,0.196
2024-04-18,24727.678108241584,0.14108187552497728,0.196
2024-04-19,25017.875663748506,0.14108187552497728,0.196
2024-04-22,24209.963786085696,0.14108187552497728,0.196
2024-04-23,24930.346345070273,0.14108187552497728,0.196
2024-04-24,24512.376367956207,0.14108187552497728,0.196
2024-04-25,24678.967649226248,0.14108187552497728,0.196
2024-04-26,24507.473664941666,0.14108187552497728,0.196
2024-04-29,24686.578345860482,0.14108187552497728,0.196
2024-04-30,24656.764296756388,0.14108187552497728,0.196
2024-05-01,24733.372272550885,0.14108187552497728,0.196
2024-05-02,23810.985789569168,0.14108187552497728,0.196
2024-05-03,24361.84943135163,0.14108187552497728,0.196
2024-05-06,23797.877534587467,0.14108187552497728,0.196
2024-05-07,24151.694513937717,0.14108187552497728,0.196
2024-05-08,24167.02464327734,0.14108187552497728,0.196
2024-05-09,23951.701878586733,0.14108187552497728,0.196
2024-05-10,24272.617570947452,0.14108187552497728,0.196
2024-05-13,24262.241273058873,0.14108187552497728,0.196
2024-05-14,24025.740785887567,0.14108187552497728,0.196
2024-05-15,23713.531548723193,0.14108187552497728,0.196
2024-05-16,24087.836744428318,0.14108187552497728,0.196
2024-05-17,23992.840256878197,0.14108187552497728,0.196
2024-05-20,23708.889367046875,0.14108187552497728,0.196
2024-05-21,23736.67282057623,0.14108187552497728,0.196
2024-05-22,24512.444462205705,0.14108187552497728,0.196
2024-05-23,24242.574374449774,0.14108187552497728,0.196
2024-05-24,23891.633304734183,0.14108187552497728,0.196
2024-05-28,23992.385846228502,0.14108187552497728,0.196
2024-05-29,23798.152755177223,0.14108187552497728,0.196
2024-05-30,23977.830147967077,0.14108187552497728,0.196
2024-05-31,23956.279393125555,0.14108187552497728,0.196
2024-06-03,23435.321706556195,0.14108187552497728,0.196
2024-06-04,24414.65886166378,0.14108187552497728,0.196
2024-06-05,24623.077904748192,0.14108187552497728,0.196
2024-06-06,23830.15120387588,0.14108187552497728,0.196
2024-06-07,23575.832420734638,0.14108187552497728,0.196
2024-06-10,24674.304062710467,0.14108187552497728,0.196
2024-06-11,23828.926310553317,0.14108187552497728,0.196
2024-06-12,23638.030085446037,0.14108187552497728,0.196
2024-06-13,23040.048120500574,0.14108187552497728,0.196
2024-06-14,24062.94069602943,0.14108187552497728,0.196
2024-06-17,23571.29741251069,0.14108187552497728,0.196
2024-06-18,23189.811267954978,0.14108187552497728,0.196
2024-06-20,22768.62857217959,0.14108187552497728,0.196
2024-06-21,23169.107634577325,0.14108187552497728,0.196
2024-06-24,23609.7976602889,0.14108187552497728,0.196
2024-06-25,22659.9343595526,0.14108187552497728,0.196
2024-06-26,23591.161823053662,0.14108187552497728,0.196
2024-06-27,23278.942654691524,0.14108187552497728,0.196
2024-06-28,22946.499599158866,0.14108187552497728,0.196
2024-07-01,23156.20936596034,0.14108187552497728,0.196
2024-07-02,23003.916787454014,0.14108187552497728,0.196
2024-07-03,23267.86552589699,0.14108187552497728,0.196
2024-07-05,23714.24567369611,0.14108187552497728,0.196
2024-07-08,23630.36892032114,0.14108187552497728,0.196
2024-07-09,23030.80912021152,0.14108187552497728,0.196
2024-07-10,22951.84673297087,0.14108187552497728,0.196
2024-07-11,23021.80343879048,0.14108187552497728,0.196
2024-07-12,23349.20645038119,0.14108187552497728,0.196
2024-07-15,23258.07886458496,0.14108187552497728,0.196
2024-07-16,23013.47405215034,0.14108187552497728,0.196
2024-07-17,23524.47809805286,0.14108187552497728,0.196
2024-07-18,23259.34467141683,0.14108187552497728,0.196
2024-07-19,23283.10625843982,0.14108187552497728,0.196
2024-07-22,23458.880520003808,0.14108187552497728,0.196
2024-07-23,23186.23415077469,0.14108187552497728,0.196
2024-07-24,23506.059467691175,0.14108187552497728,0.196
2024-07-25,23341.896477976676,0.14108187552497728,0.196
2024-07-26,23226.659003071025,0.14108187552497728,0.196
2024-07-29,23490.0979699584,0.14108187552497728,0.196
2024-07-30,23308.27721366081,0.14108187552497728,0.196
2024-07-31,23419.171583243053,0.14108187552497728,0.196
2024-08-01,23370.74517204397,0.14108187552497728,0.196
2024-08-02,23150.350139771854,0.14108187552497728,0.196
2024-08-05,23569.017117390624,0.14108187552497728,0.196
2024-08-06,23293.83203869136,0.14108187552497728,0.196
2024-08-07,23010.96169483145,0.14108187552497728,0.196
2024-08-08,23508.560706202166,0.14108187552497728,0.196
2024-08-09,23756.80848774706,0.14108187552497728,0.196
2024-08-12,23515.903341725232,0.14108187552497728,0.196
2024-08-13,23422.19105189926,0.14108187552497728,0.196
2024-08-14,23785.98101128924,0.14108187552497728,0.196
2024-08-15,23347.815237307655,0.14108187552497728,0.196
2024-08-16,23049.173844030505,0.14108187552497728,0.196
2024-08-19,23011.24208004642,0.14108187552497728,0.196
2024-08-20,23067.752640023493,0.14108187552497728,0.196
2024-08-21,23732.748442384385,0.14108187552497728,0.196
2024-08-22,23789.702262457406,0.14108187552497728,0.196
2024-08-23,23706.582861382012,0.14108187552497728,0.196
2024-08-26,23603.847839226044,0.14108187552497728,0.196
2024-08-27,24606.45933722229,0.14108187552497728,0.196
2024-08-28,23892.629750033455,0.14108187552497728,0.196
2024-08-29,23688.41633985319,0.14108187552497728,0.196
2024-08-30,23809.337490596707,0.14108187552497728,0.196
2024-09-03,23629.007328806478,0.14108187552497728,0.196
2024-09-04,23701.9616228826,0.14108187552497728,0.196
2024-09-05,23474.023573880913,0.14108187552497728,0.196
2024-09-06,23627.03973843559,0.14108187552497728,0.196
2024-09-09,22978.897167296436,0.14108187552497728,0.196
2024-09-10,23470.913087609548,0.14108187552497728,0.196
2024-09-11,23494.91399936205,0.14108187552497728,0.196
2024-09-12,23445.744301001847,0.14108187552497728,0.196
2024-09-13,23639.97779930741,0.14108187552497728,0.196
2024-09-16,23760.0087419341,0.14108187552497728,0.196
2024-09-17,23708.048174747,0.14108187552497728,0.196
2024-09-18,22754.0650901557,0.14108187552497728,0.196
2024-09-19,23041.281333593757,0.14108187552497728,0.196
2024-09-20,23956.493664856884,0.14108187552497728,0.196
2024-09-23,23837.733545366133,0.14108187552497728,0.196
2024-09-24,23408.593977508855,0.14108187552497728,0.196
2024-09-25,23968.769266481344,0.14108187552497728,0.196
2024-09-26,22913.17682323026,0.14108187552497728,0.196
2024-09-27,23102.200285451065,0.14108187552497728,0.196
2024-09-30,23054.97607041715,0.14108187552497728,0.196
2024-10-01,22520.176340669088,0.14108187552497728,0.196
2024-10-02,23365.167300584857,0.14108187552497728,0.196
2024-10-03,22618.933002189668,0.14108187552497728,0.196
2024-10-04,22115.45388377104,0.14108187552497728,0.196
2024-10-07,23116.023593003232,0.14108187552497728,0.196
2024-10-08,22741.402696582754,0.14108187552497728,0.196
2024-10-09,22728.087477207202,0.14108187552497728,0.196
2024-10-10,22991.51664499184,0.14108187552497728,0.196
2024-10-11,22958.31886854463,0.14108187552497728,0.196
2024-10-14,23172.40672145909,0.14108187552497728,0.196
2024-10-15,23074.67513959141,0.14108187552497728,0.196
2024-10-16,22749.809546828517,0.14108187552497728,0.196
2024-10-17,22688.25572985134,0.14108187552497728,0.196
2024-10-18,22523.276213135054,0.14108187552497728,0.196
2024-10-21,22547.161238032382,0.14108187552497728,0.196
2024-10-22,22669.94253789684,0.14108187552497728,0.196
2024-10-23,23602.066954880254,0.14108187552497728,0.196
2024-10-24,22774.428404444745,0.14108187552497728,0.196
2024-10-25,22695.63304034295,0.14108187552497728,0.196
2024-10-28,22620.56044878741,0.14108187552497728,0.196
2024-10-29,22678.850353415528,0.14108187552497728,0.196
2024-10-30,22100.21115394138,0.14108187552497728,0.196
2024-10-31,22724.01192979617,0.14108187552497728,0.196
2024-11-01,22282.773856437096,0.14108187552497728,0.196
2024-11-04,22431.501301684766,0.14108187552497728,0.196
2024-11-05,23108.538710901856,0.14108187552497728,0.196
2024-11-06,22698.254346110272,0.14108187552497728,0.196
2024-11-07,23060.822187999718,0.14108187552497728,0.196
2024-11-08,21929.712456964407,0.14108187552497728,0.196
2024-11-11,22485.608473587286,0.14108187552497728,0.196
2024-11-12,21801.85024367418,0.14108187552497728,0.196
2024-11-13,22570.07122107196,0.14108187552497728,0.196
2024-11-14,22026.486541234648,0.14108187552497728,0.196
2024-11-15,22150.42403672587,0.14108187552497728,0.196
2024-11-18,21745.534665643234,0.14108187552497728,0.196
2024-11-19,21972.975637662075,0.14108187552497728,0.196
2024-11-20,21953.10656371562,0.14108187552497728,0.196
2024-11-21,22047.895865449813,0.14108187552497728,0.196
2024-11-22,21900.754115624193,0.14108187552497728,0.196
2024-11-25,21982.333830008876,0.14108187552497728,0.196
2024-11-26,22152.79317424512,0.14108187552497728,0.196
2024-11-27,22297.666911862583,0.14108187552497728,0.196
2024-11-29,21518.937323420992,0.14108187552497728,0.196
2024-12-02,22031.80388540452,0.14108187552497728,0.196
2024-12-03,20381.632326784307,0.08747892053920159,0.32
2024-12-04,20074.047422924185,0.08747892053920159,0.32
2024-12-05,19978.379596029987,0.08747892053920159,0.32
2024-12-06,19906.895627495425,0.08747892053920159,0.32
2024-12-09,20537.289108458055,0.08747892053920159,0.32
2024-12-10,19994.20224341068,0.08747892053920159,0.32
2024-12-11,20837.546351293866,0.08747892053920159,0.32
2024-12-12,20225.992741368926,0.08747892053920159,0.32
2024-12-13,19715.00298955722,0.08747892053920159,0.32
2024-12-16,19458.88976070001,0.08747892053920159,0.32
2024-12-17,19333.51407388737,0.08747892053920159,0.32
2024-12-18,20255.054400668898,0.08747892053920159,0.32
2024-12-19,19893.39551425779,0.08747892053920159,0.32
2024-12-20,19957.933400310463,0.08747892053920159,0.32
2024-12-23,19888.4013714588,0.08747892053920159,0.32
2024-12-24,20270.257811526117,0.08747892053920159,0.32
2024-12-26,20050.759071831148,0.08747892053920159,0.32
2024-12-27,19800.45131175186,0.08747892053920159,0.32
2024-12-30,19868.675901254086,0.08747892053920159,0.32
