,VaR_full,VaR_no_drift,mu_deltaV,sigma_deltaV
2007-12-05,13493.882795595451,13982.081170290594,488.1983746951425,6010.313988854931
2007-12-06,13488.471475963954,13968.498335790613,480.02685982665884,6004.475294370951
2007-12-07,13471.636070853823,13975.837095155186,504.2010243013637,6007.629921177399
2007-12-10,13473.106686083618,13948.254637634498,475.14795155087995,5995.77337219413
2007-12-11,13477.785965538402,13962.47185665417,484.68589111576875,6001.884762145014
2007-12-12,13544.497955578267,14015.757679163995,471.25972358572886,6024.790116543824
2007-12-13,13557.388840066396,14035.804974115385,478.4161340489874,6033.4076131680795
2007-12-14,13625.945375355994,14088.74234048772,462.7969651317274,6056.163180795368
2007-12-17,13759.232948690587,14179.600423059575,420.3674743689881,6095.219283962791
2007-12-18,13810.394788484304,14213.437051397848,403.04226291354394,6109.76424033662
2007-12-19,13787.024408836638,14222.436096222098,435.4116873854595,6113.632554669428
2007-12-20,13721.550866257623,14175.620880616547,454.07001435892397,6093.5086445148245
2007-12-21,13707.994496213962,14143.81351717892,435.8190209649592,6079.835984551731
2007-12-24,13650.36381995222,14131.00282915534,480.63900920312125,6074.329203658584
2007-12-25,13631.137267707398,14094.599226674045,463.4619589666476,6058.680812079872
2007-12-26,13634.599177212389,14093.24382404462,458.64464683223116,6058.09818097618
2007-12-27,13633.255839239275,14099.811575585336,466.55573634606185,6060.921383651069
2007-12-28,13636.846038103671,14085.127786705058,448.28174860138677,6054.609434761511
2007-12-31,13650.486059377079,14109.995542630257,459.50948325317773,6065.299046664654
2008-01-01,13670.629397572686,14117.357890448757,446.72849287607096,6068.4638131643915
2008-01-02,13670.542812949674,14117.35031017427,446.80749722459603,6068.460554720299
2008-01-03,13668.46509013657,14123.978600427445,455.51351029087454,6071.309780464711
2008-01-04,13635.643451742159,14107.853132298384,472.2096805562246,6064.378113748396
2008-01-07,13714.157178037649,14165.943162606567,451.78598456891825,6089.348596863322
2008-01-08,13719.489255398656,14168.210724332848,448.721468934193,6090.323327148326
2008-01-09,13672.943982992245,14160.896724234826,487.9527412425811,6087.17934331872
2008-01-10,13696.93887839729,14169.869814983584,472.9309365862934,6091.036501076116
2008-01-11,13696.896767357268,14169.75116262888,472.8543952716114,6090.985497373691
2008-01-14,13685.469006197787,14161.663366867422,476.19436066963465,6087.508891036476
2008-01-15,13659.55991857021,14168.337811063071,508.7778924928608,6090.377956437282
2008-01-16,13777.155136325731,14235.142419510928,457.9872831851975,6119.094473512529
2008-01-17,13858.463605474668,14299.049027271843,440.5854217971754,6146.5652608672635
2008-01-18,13905.177912197714,14316.081793571475,410.90388137376067,6153.88693725526
2008-01-21,13900.562897600397,14318.965969241926,418.4030716415294,6155.126724177343
2008-01-22,13907.515765935852,14321.59738918854,414.0816232526881,6156.257861947398
2008-01-23,13997.893812244678,14387.885014178573,389.9912019338955,6184.752149379523
2008-01-24,13999.492393943323,14377.97962032319,378.48722637986833,6180.494233370522
2008-01-25,14033.558960670776,14442.183304037504,408.62434336672857,6208.092721296918
2008-01-28,14040.847811039563,14433.633225501628,392.7854144620643,6204.417398860715
2008-01-29,14055.315829870751,14464.876419920383,409.5605900496328,6217.847546074462
2008-01-30,14046.213092095659,14464.800391403764,418.58729930810443,6217.814864583672
2008-01-31,14048.627781016507,14457.300960315271,408.6731792987651,6214.5911716991395
2008-02-01,14048.367743677396,14471.427895768556,423.0601520911598,6220.66375250742
2008-02-04,14014.849822430799,14453.81340994296,438.963587512162,6213.0920191384985
2008-02-05,13999.649072362208,14443.544026722979,443.8949543607714,6208.677639270993
2008-02-06,14215.968832513287,14627.403122854168,411.4342903408813,6287.711002330245
2008-02-07,14213.023060615644,14626.639260918046,413.6162003024028,6287.382649918017
2008-02-08,14217.795452012393,14626.835209621522,409.03975760912857,6287.466880099437
2008-02-11,14233.371566497108,14652.92655009013,419.55498359302106,6298.682460004641
2008-02-12,14273.023581402076,14665.84298177453,392.8194003724527,6304.234695690684
2008-02-13,14260.786552319407,14645.456890846364,384.670338526958,6295.471564795409
2008-02-14,14261.06334366682,14644.321973364526,383.25862969770526,6294.983711067897
2008-02-15,14266.046737422683,14642.2273987247,376.18066130201805,6294.083340722087
2008-02-18,14266.46506553095,14641.995901332763,375.53083580181215,6293.983829640997
2008-02-19,14270.502495273846,14640.63189703831,370.1294017644646,6293.397501039985
2008-02-20,14243.172731517881,14645.288917967506,402.1161864496238,6295.399360255094
2008-02-21,14247.879876250701,14640.600981089396,392.7211048386946,6293.384211561976
2008-02-22,14212.84004758853,14621.142158778475,408.30211118994595,6285.019674801134
2008-02-25,14204.119108356785,14602.013018885991,397.8939105292057,6276.796854772392
2008-02-26,14202.397808425801,14609.909725021862,407.51191659606036,6280.19131964327
2008-02-27,14189.314994074937,14628.99220959354,439.67721551860257,6288.394084493967
2008-02-28,14170.629661764237,14597.69264430969,427.0629825454541,6274.939705794584
2008-02-29,14159.529911108384,14567.302266604449,407.7723554960642,6261.876148944657
2008-03-03,14193.82376492085,14590.972871315831,397.1491063949811,6272.051155432516
2008-03-04,14193.552451276564,14582.905353210992,389.3529019344277,6268.583265614805
2008-03-05,14267.81527814288,14625.298288923046,357.4830107801663,6286.806221942664
2008-03-06,14278.230696801586,14645.091903104061,366.86120630247655,6295.3146717759355
2008-03-07,14303.28145418834,14658.659290453043,355.37783626470195,6301.146726173464
2008-03-10,14266.964850463766,14630.237100525354,363.2722500615865,6288.929211224456
2008-03-11,14281.737267581328,14625.872185369264,344.1349177879363,6287.052916107635
2008-03-12,14294.589861575227,14681.23999544295,386.65013386772256,6310.853230192867
2008-03-13,14290.577679503751,14687.684980608778,397.1073011050267,6313.623660719508
2008-03-14,14285.707441562829,14692.426257060737,406.7188154979078,6315.661737872485
2008-03-17,14403.320507420212,14780.059159083237,376.73865166302426,6353.3314703318365
2008-03-18,14397.367079264037,14765.337839971395,367.97076070735795,6347.003388759809
2008-03-19,14366.606663089959,14724.885711064633,358.27904797467545,6329.614704394003
2008-03-20,14544.17842233044,14849.351461678394,305.1730393479536,6383.117343445816
2008-03-21,14502.801625752161,14822.877115891608,320.075490139446,6371.737125516156
2008-03-24,14492.624943134875,14801.504373534222,308.8794303993479,6362.549874290371
2008-03-25,14487.699286687535,14820.22872020319,332.529433515654,6370.598690582167
2008-03-26,14503.773859968078,14851.516891288067,347.7430313199884,6384.048171390268
2008-03-27,14502.457809301763,14843.421081199778,340.963271898016,6380.568120027947
2008-03-28,14507.638792594633,14844.501224266383,336.86243167175144,6381.032428517085
2008-03-31,14521.703087755815,14838.381542385889,316.6784546300735,6378.401832315724
2008-04-01,14519.197288353225,14837.141505275202,317.94421692197557,6377.868792040655
2008-04-02,14503.750988614476,14813.856885178015,310.10589656353756,6367.859704252446
2008-04-03,14487.435339614032,14810.210290389163,322.7749507751304,6366.292185125344
2008-04-04,14480.790876696332,14790.615864994008,309.82498829767695,6357.869358249878
2008-04-07,14466.180962394514,14765.289204543027,299.1082421485134,6346.982482416046
2008-04-08,14459.848965282361,14766.06883561888,306.21987033651953,6347.317613324262
2008-04-09,14482.226861910822,14760.464750664147,278.23788875332554,6344.908650753673
2008-04-10,14478.78960428366,14762.378603382027,283.58899909836623,6345.731336276865
2008-04-11,14465.068291854848,14753.794426094077,288.72613423922894,6342.041356208218
2008-04-14,14450.01649625223,14743.415546458345,293.39905020611525,6337.579908394867
2008-04-15,14386.96850320883,14698.156481012496,311.18797780366793,6318.124922341025
2008-04-16,14387.292578461025,14696.999801674567,309.70722321354157,6317.62771409851
2008-04-17,14288.247620532553,14673.32502367876,385.07740314620725,6307.4509136896
2008-04-18,14319.240534136921,14690.388600605464,371.1480664685419,6314.7858342821355
2008-04-21,14308.40300313273,14690.27239988197,381.8693967492405,6314.735884433796
2008-04-22,14261.633128270405,14663.738151426667,402.10502315626286,6303.329916843398
2008-04-23,14279.371404457772,14672.984944337577,393.61353987980596,6307.304727753705
2008-04-24,14260.830175344623,14663.305290486483,402.4751151418606,6303.143847964786
2008-04-25,14299.933743988342,14664.737293985045,364.80354999670294,6303.759406589762
2008-04-28,14301.47983911496,14669.196076185512,367.7162370705513,6305.676051237031
2008-04-29,14299.167278455096,14675.740369142968,376.57309068787254,6308.48917004462
2008-04-30,14285.587982028397,14665.229447497642,379.6414654692459,6303.970962874224
2008-05-01,14284.835485687678,14667.291619078185,382.4561333905084,6304.857404495253
2008-05-02,14280.413371879593,14668.050286784703,387.63691490511036,6305.1835241246445
2008-05-05,14286.330690333329,14651.582203394884,365.2515130615553,6298.104581386294
2008-05-06,14204.249140345346,14603.554820529467,399.3056801841203,6277.459611044006
2008-05-07,14154.950531509247,14577.699329570667,422.74879806142116,6266.345413013989
2008-05-08,14173.807269335797,14592.393507028097,418.5862376922996,6272.661827519918
2008-05-09,14062.61597566152,14522.440997670732,459.8250220092118,6242.5921590331245
2008-05-12,14056.93067240842,14519.156896506032,462.22622409761266,6241.180460808046
2008-05-13,14011.427176785788,14497.570843916783,486.143667130995,6231.901516403332
2008-05-14,13753.127204686692,14276.536502033972,523.4092973472799,6136.888064481855
2008-05-15,13749.950999516052,14262.766199162532,512.8151996464808,6130.968785157769
2008-05-16,13660.085324680818,14154.430981574496,494.3456568936781,6084.399990010266
2008-05-19,13656.993629279255,14176.97152831346,519.9778990342035,6094.0892316711925
2008-05-20,13614.442758706555,14149.946200946086,535.5034422395313,6082.472169722314
2008-05-21,13613.368891306714,14138.739018615668,525.370127308954,6077.654669100212
2008-05-22,13615.440647219251,14110.227694501391,494.78704728214,6065.3988390790755
2008-05-23,13588.489968858039,14095.550825493698,507.0608566356584,6059.0898647543545
2008-05-26,13602.3694638775,14103.409225438267,501.03976156076726,6062.467863390009
2008-05-27,13605.86221332428,14098.700331273716,492.83811794943625,6060.443706032851
2008-05-28,13568.91781010057,14072.436017685448,503.5182075848795,6049.153772192196
2008-05-29,13580.598874042142,14074.925398665031,494.3265246228901,6050.223853329829
2008-05-30,13417.45394906335,13850.489306481693,433.03535741834344,5953.748130722834
2008-06-02,13398.516400313656,13822.664456425182,424.148056111526,5941.7873872901755
2008-06-03,13394.603674139149,13797.420486800123,402.81681266097416,5930.93605679625
2008-06-04,13412.504941687072,13806.650448363493,394.1455066764214,5934.9036326117
2008-06-05,13339.117314029716,13754.70832621078,415.5910121810642,5912.575878997411
2008-06-06,13345.013612004974,13764.286117972038,419.2725059670653,5916.692972519035
2008-06-09,13369.102434036351,13780.647823945303,411.5453899089516,5923.72618803931
2008-06-10,13384.110425846737,13786.444063672303,402.3336378255663,5926.217749938405
2008-06-11,13511.117895588706,13872.740456399812,361.62256081110485,5963.312972751153
2008-06-12,13489.397760972144,13857.619998575334,368.22223760318883,5956.813318080756
2008-06-13,13463.581229284826,13838.39460021042,374.8133709255951,5948.5491205463095
2008-06-16,13448.336344144267,13839.763005543717,391.4266613994494,5949.137340970506
2008-06-17,13367.921333952412,13795.35463626563,427.4333023132189,5930.048033746239
2008-06-18,13347.70787663851,13789.351207579402,441.64333094089255,5927.467409948216
2008-06-19,13286.977622206301,13693.140907892179,406.1632856858771,5886.110611697701
2008-06-20,13256.544542851309,13675.981471218844,419.43692836753485,5878.734484995064
2008-06-23,13310.860303917556,13716.50713322601,405.6468293084544,5896.1547781762265
2008-06-24,13321.751283508065,13705.789079540418,384.03779603235347,5891.547533573993
2008-06-25,13325.694861003534,13704.773461037592,379.078600034058,5891.1109615057485
2008-06-26,13329.877298391182,13713.632172480946,383.75487408976363,5894.918952366534
2008-06-27,13350.849187952419,13715.928692654026,365.0795047016081,5895.906130680966
2008-06-30,13320.701815874889,13667.61917081717,346.9173549422816,5875.13988055306
2008-07-01,13321.28608730663,13667.704084055604,346.41799674897493,5875.176381215485
2008-07-02,13313.991659868972,13667.409637490622,353.41797762165044,5875.049810908324
2008-07-03,13330.944088627393,13658.068843013878,327.12475438648386,5871.034592642399
2008-07-04,13335.517338126996,13660.540602443732,325.02326431673697,5872.097099010185
2008-07-07,13338.39979912042,13658.080403014317,319.6806038938977,5871.039561804822
2008-07-08,13322.675574249637,13648.105955654008,325.4303814043698,5866.751962571873
2008-07-09,13321.261490820652,13647.454132205074,326.19264138442117,5866.4717708360595
2008-07-10,13324.025477024792,13644.089634947324,320.06415792253233,5865.025513681103
2008-07-11,13316.602714956935,13655.81672161651,339.21400665957515,5870.066499511316
2008-07-14,13301.437110516641,13645.53985612719,344.1027456105488,5865.648903328047
2008-07-15,13301.33209471432,13645.56684297327,344.2347482589498,5865.660503848494
2008-07-16,13305.282291463098,13616.010786181116,310.7284947180181,5852.955586788597
2008-07-17,13296.675077288188,13601.70404400403,305.02896671584176,5846.805714563238
2008-07-18,13275.047637569523,13595.529910437,320.48227286747755,5844.151711851123
2008-07-21,13276.764619889913,13593.404636211528,316.6400163216146,5843.238145032855
2008-07-22,13276.77313362232,13597.041447507047,320.26831388472567,5844.801458643902
2008-07-23,13272.735009941103,13595.340068247848,322.605058306744,5844.070106605721
2008-07-24,13271.800102492543,13594.751259108398,322.9511566158552,5843.817002095419
2008-07-25,13288.573036730371,13604.243974099043,315.6709373686719,5847.89752465895
2008-07-28,13290.13630708818,13604.756538973274,314.6202318850942,5848.11785493713
2008-07-29,13314.787340931434,13617.771007869445,302.9836669380103,5853.7122327347915
2008-07-30,13314.834779301485,13617.229355203819,302.39457590233354,5853.47939882733
2008-07-31,13313.593784684164,13620.911433546878,307.3176488627144,5855.062170855602
2008-08-01,13324.562940648078,13621.538416167841,296.9754755197627,5855.331684554717
2008-08-04,13359.591460436346,13636.689649238162,277.0981888018159,5861.8445682207375
2008-08-05,13416.471082265542,13674.13831367837,257.66723141282904,5877.9421883824025
2008-08-08,13420.685273170518,13681.521304374617,260.83603120409936,5881.115828394987
2008-08-11,13457.098992507768,13710.89400940497,253.79501689720283,5893.741930173709
2008-08-12,13429.126352054289,13689.623935922782,260.4975838684933,5884.598812018624
2008-08-13,13437.769101897286,13694.391094744558,256.62199284727365,5886.648014923731
2008-08-26,13418.516866217793,13680.639202118138,262.12233590034515,5880.736649396729
2008-08-27,13505.070405250653,13732.637681043065,227.56727579241175,5903.088628438714
2008-08-28,13503.602212215737,13740.818291792906,237.21607957716853,5906.60513207135
2008-08-29,13494.359794440157,13753.267863389756,258.9080689495985,5911.956684062251
2008-09-01,13508.015673402631,13760.516777056248,252.50110365361664,5915.072689947433
2008-09-02,13513.18775510688,13755.159375544477,241.97162043759835,5912.769766308388
2008-09-03,13536.14210345233,13772.68619780539,236.54409435306025,5920.303816764251
2008-09-04,13536.915255598708,13763.96650334377,227.05124774506297,5916.5555835103505
2008-09-05,13752.278308022804,13930.280444309623,178.00213628681962,5988.047015562156
2008-09-08,13754.170257567464,13931.005063131573,176.83480556410822,5988.358498995067
2008-09-09,13837.207952285084,14042.65417395602,205.44622167093596,6036.351798737685
2008-09-10,14212.02330371609,14357.890876947404,145.8675732313126,6171.858919795991
2008-09-11,14228.746987880277,14353.0630044642,124.31601658392333,6169.78361861809
2008-09-12,14233.07683364131,14352.93108381332,119.85425017201139,6169.726911428099
2008-09-15,14261.087723157561,14411.284023707196,150.19630054963403,6194.810408417101
2008-09-16,14328.925172156012,14453.63637419569,124.71120203967888,6213.01591884875
2008-09-17,14321.795527567876,14448.9255326392,127.13000507132426,6210.990924388954
2008-09-18,14321.714298656592,14448.683211572732,126.96891291613996,6210.886760661262
2008-09-19,14342.981534494656,14486.932421096019,143.95088660136227,6227.328501791254
2008-09-22,14601.027650401094,14818.201437844158,217.1737874430642,6369.727246383451
2008-09-23,14614.082217547293,14823.935114958216,209.85289741092325,6372.191915222552
2008-09-24,14677.200264091032,14867.30267624492,190.10241215388808,6390.833822467222
2008-09-25,14669.48840083894,14863.95804506144,194.4696442224987,6389.39610490967
2008-09-26,14672.490140932972,14868.574926299516,196.084785366544,6391.380709744396
2008-09-29,14687.86313611633,14873.858278453374,185.99514233704434,6393.651802650497
2008-09-30,15288.258183343654,15387.97540968663,99.71722634297569,6614.6493314251775
2008-10-01,15272.557364205779,15388.899210722248,116.34184651646825,6615.046434990782
2008-10-02,15281.54023710934,15390.547276890824,109.00703978148267,6615.754869953139
2008-10-03,15666.530418338534,15705.481792291523,38.951373952988625,6751.132093159942
2008-10-06,15688.062941621105,15717.115842279349,29.05290065824454,6756.133086398162
2008-10-07,15903.099245496096,15890.33681881995,-12.762426676146465,6830.593565191352
2008-10-08,16007.324709578508,15960.842047037118,-46.48266254138923,6860.900824481298
2008-10-09,16005.6041950989,15953.177242638347,-52.42695246055281,6857.606044502645
2008-10-10,16850.675811025118,16689.992601953014,-160.68320907210466,7174.332260532763
2008-10-13,17250.531448477166,17029.033171781375,-221.49827669579136,7320.071671912993
2008-10-14,18565.031343141913,18481.411896964313,-83.61944617760098,7944.3887576720435
2008-10-15,18584.91318479894,18485.823114519757,-99.09007027918321,7946.284956260683
2008-10-16,19530.02854408909,19319.88020428077,-210.1483398083208,8304.811339639566
2008-10-17,19588.406643003967,19411.693292512682,-176.71335049128584,8344.27795994018
2008-10-20,19640.024461937144,19446.366478048127,-193.6579838890177,8359.18251738937
2008-10-21,19790.617066466897,19639.822271666642,-150.79479480025523,8442.341100753983
2008-10-22,20066.71063765504,19853.19308215734,-213.51755549770024,8534.060319909318
2008-10-23,20652.477260126587,20358.701941885378,-293.7753182412098,8751.35751151548
2008-10-24,20656.4738985906,20371.814377782564,-284.65952080803544,8756.994001244082
2008-10-27,20968.641477036068,20621.119313374795,-347.52216366127345,8864.15980321814
2008-10-28,21122.248140959695,20735.90458607162,-386.3435548880726,8913.50120824947
2008-10-29,22393.184411868853,22145.796348507123,-247.3880633617299,9519.554919376747
2008-10-30,22421.347436964974,22158.245301912044,-263.10213505293126,9524.9062056327
2008-10-31,22429.858632138377,22199.154194432464,-230.70443770591487,9542.491233640296
2008-11-03,22435.219745926875,22199.15822848986,-236.06151743701292,9542.492967713451
2008-11-04,22434.255782794713,22198.730499302597,-235.52528349211465,9542.309104761553
2008-11-05,22846.83927068115,22695.08363177815,-151.75563890299978,9755.670630788782
2008-11-06,23095.5705866248,22876.634577824727,-218.93600880007097,9833.711816319312
2008-11-07,23559.59434787662,23259.123712820267,-300.4706350563522,9998.127955136573
2008-11-10,23648.572057091595,23389.385586570956,-259.1864705206407,10054.12210597027
2008-11-11,23634.21705913702,23386.223212129233,-247.99384700778586,10052.76273299041
2008-11-12,23834.57589817065,23523.121563409124,-311.45433476152573,10111.609628937274
2008-11-13,24042.37596282335,23669.990298502962,-372.3856643203888,10174.742377367857
2008-11-14,24432.81107171498,24137.683111161186,-295.12796055379306,10375.784026330635
2008-11-17,24654.099155101132,24303.855024913253,-350.24413018787874,10447.214406802248
2008-11-18,24678.81072542725,24307.02267084813,-371.7880545791193,10448.576045777323
2008-11-19,24677.216125445917,24311.586980431235,-365.62914501468174,10450.538052248512
2008-11-20,25018.947694165516,24588.16605825924,-430.78163590627486,10569.427871313961
2008-11-21,25167.58802857027,24691.753740931894,-475.8342876383742,10613.955899055883
2008-11-24,25452.55442161851,25062.82830011351,-389.72612150500186,10773.465387435652
2008-11-25,25712.602214031132,25396.362384144093,-316.23982988704023,10916.8377900554
2008-11-26,25712.561589124914,25408.984834474984,-303.57675464993093,10922.263655409308
2008-11-27,25708.548299096445,25424.936229611765,-283.6120694846783,10929.120495400772
2008-11-28,25710.651658999086,25424.45144379096,-286.20021520812446,10928.912106179961
2008-12-01,25711.68142086686,25424.94719936271,-286.7342215041492,10929.125210839535
2008-12-02,26297.85948671571,25915.78970334816,-382.0697833675507,11140.117947335502
2008-12-03,26418.687442693288,26086.24920482873,-332.4382378645581,11213.391383085454
2008-12-04,26415.547532258228,26095.875375019357,-319.6721572388713,11217.529272477683
2008-12-05,26482.53338989998,26134.612160629975,-347.92122927000617,11234.18060224778
2008-12-08,26470.987110882288,26136.86135787536,-334.1257530069258,11235.14743840779
2008-12-09,26927.158869627896,26696.96771911437,-230.1911505135257,11475.91382055085
2008-12-10,27118.24524782227,26830.51000530172,-287.73524252054847,11533.318083979168
2008-12-11,27151.07510710788,26890.376123981012,-260.6989831268705,11559.052033465969
2008-12-12,27149.932911069893,26891.472422864696,-258.46048820519565,11559.52328666757
2008-12-15,27148.636386350125,26903.415028038675,-245.22135831145127,11564.656914921214
2008-12-16,27146.533825517137,26916.385948532406,-230.14787698473108,11570.232573075557
2008-12-17,27372.533557506453,27218.21652875782,-154.31702874863362,11699.976960659833
2008-12-18,27363.256630445074,27219.504941400977,-143.75168904409733,11700.530795560251
2008-12-19,27438.00059381677,27264.81173984602,-173.18885397074922,11720.006300041163
2008-12-22,27433.18456773661,27261.27056976335,-171.91399797326176,11718.484098601652
2008-12-23,27442.280413444932,27260.19070013483,-182.08971331010414,11718.019907652151
2008-12-24,27465.08347619062,27266.366345658917,-198.7171305317014,11720.674560291594
2008-12-25,27445.656721132596,27273.63419900028,-172.02252213231444,11723.79870755369
2008-12-26,27446.410374830448,27273.559810275972,-172.85056455447406,11723.766730941275
2008-12-29,27445.048368952044,27270.547155447726,-174.5012135043169,11722.471716183652
2008-12-30,27440.55270204667,27275.934001835663,-164.61870021100506,11724.78729694784
2008-12-31,27457.126021741537,27320.753302321733,-136.3727194198039,11744.053246372772
2009-01-01,27454.344431702473,27323.022495164536,-131.3219365379375,11745.028677806791
2009-01-02,27448.85465378123,27322.250604009,-126.60404977222939,11744.696873967758
2009-01-05,27449.55985041613,27317.540027258503,-132.01982315763033,11742.671993337022
2009-01-06,27520.593687005883,27363.495829539093,-157.09785746678864,11762.42647751946
2009-01-07,27525.284421071017,27353.10065529068,-172.18376578033644,11757.9580253312
2009-01-08,27585.72703180545,27380.219991355618,-205.5070404498336,11769.615497701328
2009-01-09,27554.45534011192,27383.259639083833,-171.1957010280852,11770.922115581712
2009-01-12,27658.6452869388,27449.91998677396,-208.72530016484134,11799.576620969308
2009-01-13,27744.745001477248,27502.02458457501,-242.72041690223813,11821.974216093613
2009-01-14,27780.877646612324,27509.556815885313,-271.32083072700925,11825.212008426544
2009-01-15,27915.339456992533,27592.0861943864,-323.253262606133,11860.687948814486
2009-01-16,27915.36017798212,27589.612126589116,-325.74805139300094,11859.624450175743
2009-01-19,27901.67970550072,27600.12286194852,-301.55684355220023,11864.142577269584
2009-01-20,27903.109186901456,27600.517566444403,-302.5916204570522,11864.31224428297
2009-01-21,28121.04918097425,27752.452412035807,-368.59676893844,11929.622702485205
2009-01-22,28172.801645536616,27843.737862582195,-329.0637829544198,11968.862513334228
2009-01-23,28216.89583576642,27864.915165089453,-351.98067067696576,11977.965753113442
2009-01-26,28208.806882340603,27867.71854880505,-341.0883335355554,11979.170810941154
2009-01-27,28205.44012459217,27892.30100799558,-313.13911659659186,11989.737785667867
2009-01-28,28207.592365042256,27897.316880933322,-310.275484108933,11991.893900406214
2009-01-29,28213.033084210103,27907.100189113728,-305.9328950963755,11996.099336871488
2009-01-30,28337.748937972705,27986.374510604976,-351.3744273677311,12030.176063906105
2009-02-02,28369.28741722831,28000.377256143533,-368.91016108477487,12036.195260645685
2009-02-03,28390.837168330843,28008.12295667551,-382.71421165533434,12039.524814500639
2009-02-04,28397.322333817516,28045.29455887698,-352.02777494053515,12055.5033371525
2009-02-05,28409.72935115554,28043.14588676995,-366.5834643855877,12054.579712560062
2009-02-06,28405.055100383055,28052.070963826718,-352.98413655633675,12058.416231232253
2009-02-09,28412.435807496087,28072.790240047652,-339.6455674484353,12067.32258459932
2009-02-10,28424.685228066035,28071.871556505797,-352.81367156023884,12066.927680831011
2009-02-11,28370.96064891079,28029.144750297346,-341.8158986134426,12048.561207490877
2009-02-12,28373.30579655696,28039.62855954655,-333.6772370104111,12053.067760172094
2009-02-13,28354.854495637122,28032.38744426749,-322.46705136963214,12049.95510648867
2009-02-16,28351.586325486493,28030.157206106975,-321.4291193795191,12048.996420049121
2009-02-17,28314.567534483816,28011.625123070986,-302.94241141283,12041.030249880514
2009-02-18,28405.291134870917,28035.364849644335,-369.92628522658026,12051.234968976163
2009-02-19,28405.91610197731,28035.17043033909,-370.7456716382169,12051.151396219306
2009-02-20,28424.21577087476,28032.808320468303,-391.4074504064588,12050.136023627292
2009-02-23,28419.60754649104,28032.630231410025,-386.97731508101276,12050.05947056304
2009-02-24,28590.2785084271,28144.24721785706,-446.03129057004116,12098.0389613746
2009-02-25,28562.344053640532,28170.91755291097,-391.42650072956155,12109.503426922302
2009-02-26,28657.32777878768,28228.74223218505,-428.5855466026308,12134.359846686228
2009-02-27,28673.733991121313,28231.597138447145,-442.13685267416713,12135.587051909468
2009-03-02,28696.28454339248,28236.564897586435,-459.7196458060454,12137.722484531014
2009-03-03,28872.370311665436,28349.08336430356,-523.286947361877,12186.0894841413
2009-03-04,28883.107526842134,28343.214547577314,-539.892979264818,12183.566724414892
2009-03-05,28897.77724918016,28367.0256795167,-530.7515696634599,12193.802137701567
2009-03-06,28955.286440027237,28399.896956858658,-555.3894831685784,12207.932129913292
2009-03-09,28950.893107390082,28400.591165744645,-550.3019416454365,12208.230541382072
2009-03-10,29003.89697868881,28426.660534748757,-577.2364439400521,12219.436676670355
2009-03-11,29068.156196135827,28539.732320436065,-528.4238756997617,12268.041525046236
2009-03-12,29055.275484693833,28554.15274979902,-501.12273489481146,12274.240266654862
2009-03-13,29079.226228848776,28606.758316542695,-472.4679123060821,12296.85320744961
2009-03-16,29074.29111369701,28609.296591313323,-464.99452238368775,12297.944305990353
2009-03-17,29073.42766390334,28610.136639525077,-463.29102437826276,12298.305407707396
2009-03-18,29082.730796436146,28634.338113134054,-448.39268330209245,12308.708612610255
2009-03-19,29210.792662961856,28814.019835253348,-396.7728277085093,12385.946296674758
2009-03-20,29211.458566122335,28813.21190170794,-398.24666441439535,12385.598999714392
2009-03-23,29259.996266024835,28838.49193028607,-421.50433573876563,12396.465830449479
2009-03-24,29381.650590775767,29028.86359217617,-352.7869985995956,12478.298674115902
2009-03-25,29480.26982568319,29081.313989372447,-398.95583631074265,12500.844913988949
2009-03-26,29479.804054481952,29111.09628734528,-368.70776713667016,12513.647082703768
2009-03-27,29479.931441563942,29119.92795459421,-360.00348696973043,12517.443448392443
2009-03-30,29573.93674172686,29173.09102253916,-400.8457191876975,12540.296035719637
2009-03-31,29718.959084442347,29254.453010429905,-464.50607401244366,12575.270163535448
2009-04-01,29715.489168024906,29267.79115454603,-447.69801347887585,12581.003675820933
2009-04-02,29723.812981484174,29296.281492027418,-427.5314894567582,12593.250484563212
2009-04-03,29738.11576786229,29354.900464244936,-383.21530361735466,12618.448337761194
2009-04-06,29741.786825940064,29346.10674785018,-395.68007808988455,12614.668285563119
2009-04-07,29793.527827756632,29378.07531861659,-415.4525091400446,12628.410241838506
2009-04-08,29820.928335163473,29389.863387476016,-431.06494768745586,12633.477441370858
2009-04-09,29821.250855922543,29392.9906020207,-428.2602539018414,12634.821700576276
2009-04-10,29820.592201352243,29428.710200873385,-391.88200047885675,12650.176067501048
2009-04-13,29822.94330954364,29427.904981992633,-395.0383275510067,12649.829937461884
2009-04-14,29814.60916945453,29445.881979260048,-368.72719019448067,12657.5574993919
2009-04-15,29838.327986412296,29455.013087336003,-383.31489907629475,12661.482582212851
2009-04-16,29835.631317274125,29459.231333135456,-376.39998413866954,12663.295830285731
2009-04-17,29838.78341325298,29457.899774467955,-380.8836387850239,12662.723448707568
2009-04-20,29851.03308057207,29453.773162689617,-397.25991788245346,12660.949590281498
2009-04-21,29938.252496828758,29503.876297399234,-434.3761994295239,12682.4868398342
2009-04-22,29923.835909826936,29513.962654582167,-409.8732552447673,12686.822544436029
2009-04-23,29922.539853954317,29514.904547998347,-407.6353059559715,12687.227425162033
2009-04-24,29871.5117475398,29508.798036507702,-362.7137110320985,12684.602490362391
2009-04-27,29875.190896677625,29517.307139794662,-357.8837568829628,12688.260199246737
2009-04-28,29896.779736661167,29527.689200349767,-369.09053631139807,12692.72301440476
2009-04-29,29914.612013335318,29532.393508845656,-382.2185044896599,12694.74520057407
2009-04-30,29914.06958529913,29556.85890174665,-357.21068355247803,12705.261853381675
2009-05-01,29907.0548725988,29554.450696439213,-352.6041761595891,12704.226666282484
2009-05-04,29907.26749660338,29553.21884922039,-354.0486473829933,12703.69714650061
2009-05-05,29951.93096428608,29643.409389504734,-308.5215747813459,12742.466301058601
2009-05-06,29970.22145897644,29649.185980410217,-321.03547856622487,12744.949416748195
2009-05-07,29978.696908787944,29676.13602041701,-302.5608883709352,12756.534115798377
2009-05-08,29995.300471623974,29686.10052118956,-309.19995043441133,12760.817439407774
2009-05-11,30048.375706974817,29778.570662342074,-269.8050446327425,12800.566499376133
2009-05-12,30081.646052403798,29793.258910011726,-288.3871423920724,12806.880364913422
2009-05-13,30080.599282634666,29795.433114512634,-285.16616812203137,12807.81496481792
2009-05-14,30140.006129198948,29825.65468062611,-314.3514485728372,12820.805956599808
2009-05-15,30139.676553864163,29819.64312979137,-320.03342407279354,12818.221841428633
2009-05-18,30154.362943148764,29817.797314623334,-336.56562852543095,12817.42840241264
2009-05-19,30158.08998802535,29839.8024768526,-318.28751117274965,12826.887504585113
2009-05-20,30147.20145746985,29841.210524472088,-305.9909329977622,12827.49276557604
2009-05-21,30121.808014404876,29847.596611081342,-274.2114033235341,12830.237878067821
2009-05-22,30071.439409102342,29817.10411335214,-254.33529575020162,12817.130424075465
2009-05-25,30069.21760918712,29818.215984950104,-251.00162423701337,12817.608371337941
2009-05-26,30072.959383610607,29816.639586343492,-256.3197972671162,12816.930743273711
2009-05-27,30036.415329595908,29819.49264331234,-216.9226862835669,12818.157153562854
2009-05-28,30095.65492100733,29839.187420442177,-256.46750056515407,12826.62311746688
2009-05-29,30095.608898515973,29842.714866643248,-252.89403187272504,12828.139419581637
2009-06-01,30118.58488733087,29882.908952565194,-235.6759347656754,12845.41718202227
2009-06-02,30117.31740192624,29895.804916087553,-221.51248583868895,12850.960619298467
2009-06-03,30116.446142106928,29901.566667046984,-214.87947505994444,12853.43735591371
2009-06-04,30158.108871315784,29930.049862227577,-228.0590090882069,12865.681094478536
2009-06-05,30155.52783909552,29935.568865909874,-219.95897318564718,12868.053484155884
2009-06-08,30209.39133755977,29967.084912451726,-242.3064251080434,12881.600919126178
2009-06-09,30205.90309702037,29965.899797466882,-240.00329955348826,12881.091487584117
2009-06-10,30190.958384304166,29969.124907454105,-221.83347685006208,12882.477827960469
2009-06-11,30197.88231680336,29965.985893121677,-231.89642368168143,12881.128496518058
2009-06-12,30197.1405619508,29976.907091774574,-220.23347017622476,12885.823064675626
2009-06-15,30212.150811672298,29974.432202205084,-237.71860946721486,12884.75921279126
2009-06-16,30310.27277646739,30016.69827617975,-293.57450028763907,12902.927636545206
2009-06-17,30321.923904865293,30018.72153600181,-303.20236886348226,12903.79735162292
2009-06-18,30317.38425629648,30021.82974492939,-295.55451136708984,12905.133441105607
2009-06-19,30322.934970491024,30023.660675107254,-299.2742953837691,12905.920481684661
2009-06-22,30320.155251140768,30030.256644233617,-289.89860690715096,12908.755813923646
2009-06-23,30412.388923920294,30082.20134960022,-330.18757432007766,12931.084677953932
2009-06-24,30405.020533729505,30094.884590166483,-310.13594356302315,12936.536674496578
2009-06-25,30404.279436227338,30095.22231101558,-309.05712521176054,12936.681846615016
2009-06-26,30413.444731452226,30112.556320172796,-300.88841127943016,12944.133014753128
2009-06-29,30414.5485210668,30112.26230535669,-302.2862157101107,12944.006630036814
2009-06-30,30407.697650605234,30115.810934188466,-291.8867164167679,12945.532037681722
2009-07-01,30426.14808214206,30124.212779865567,-301.93530227649205,12949.143640989574
2009-07-02,30423.836285437043,30141.128281339097,-282.70800409794595,12956.414910115867
2009-07-03,30526.418696573663,30198.927587800838,-327.4911087728262,12981.260423165188
2009-07-06,30520.473591379865,30198.08444376426,-322.38914761560426,12980.897990682071
2009-07-07,30526.242064357488,30197.19041116091,-329.05165319657857,12980.513683324894
2009-07-08,30541.792807020032,30206.52332915046,-335.2694778695721,12984.525515817228
2009-07-09,30539.39073072642,30205.977155349803,-333.41357537661753,12984.290738462238
2009-07-10,30467.789446116018,30173.765531762292,-294.0239143537252,12970.444303908336
2009-07-13,30433.81052306529,30154.06479527244,-279.7457277928506,12961.975778323798
2009-07-14,30429.847432457984,30146.725671584525,-283.1217608734572,12958.82099490993
2009-07-15,30422.564027426597,30146.87920541642,-275.6848220101782,12958.886992705704
2009-07-16,30440.96865862666,30197.807762102617,-243.16089652404327,12980.7790567665
2009-07-17,30439.587287742324,30198.503127604898,-241.08416013742678,12981.077965416423
2009-07-20,30423.9355901831,30193.08456132765,-230.8510288554497,12978.748749593755
2009-07-21,30428.7011672325,30203.332735806518,-225.36843142597917,12983.154012707335
2009-07-22,30423.33018529857,30207.754759806212,-215.57542549235984,12985.054856535997
2009-07-23,30425.218481660435,30204.169553104755,-221.04892855567874,12983.513725589304
2009-07-24,30340.28187090534,30164.319869017665,-175.96200188767372,12966.384007144457
2009-07-27,30330.181324536345,30166.27280043516,-163.90852410118555,12967.223490972
2009-07-28,30329.664561413978,30166.324048437575,-163.340512976405,12967.245520352466
2009-07-29,30340.593343968274,30171.801242927104,-168.79210104116956,12969.59993800025
2009-07-30,30305.301255464088,30153.079058914012,-152.22219655007646,12961.552051344086
2009-07-31,30299.790506028014,30163.059732464928,-136.7307735630845,12965.842326956898
2009-08-03,30304.742952975867,30178.092119485646,-126.65083349021995,12972.304123659129
2009-08-04,30302.772850941677,30203.047839117073,-99.72501182460576,12983.031547493672
2009-08-05,30304.639605234508,30202.313318102893,-102.32628713161564,12982.715807520999
2009-08-06,30316.620224127477,30187.063802789533,-129.5564213379435,12976.16067641463
2009-08-07,30325.703723345116,30188.379065144938,-137.3246582001769,12976.726052887376
2009-08-10,30337.09570367131,30175.14303430564,-161.95266936567035,12971.036434844007
2009-08-11,30325.63488260039,30170.436241468135,-155.19864113225353,12969.01318075977
2009-08-12,30305.76874408017,30160.114595416057,-145.65414866411547,12964.57633527881
2009-08-13,30301.342648136208,30144.671025068717,-156.67162306749077,12957.93778800062
2009-08-14,30291.5124750927,30157.514632060676,-133.99784303202136,12963.458719386368
2009-08-17,30303.583019448677,30140.04046133011,-163.542558118568,12955.947301629138
2009-08-18,30386.543723245864,30189.988122936964,-196.5556003089009,12977.417719774337
2009-08-19,30386.44423082335,30190.681652204286,-195.76257861906205,12977.715839103377
2009-08-20,30370.07658157614,30195.939348629756,-174.13723294638416,12979.975903681052
2009-08-21,30369.188185998148,30199.878713203067,-169.30947279508118,12981.669272337249
2009-08-24,30366.543532643318,30224.946466606736,-141.5970660365834,12992.444854821448
2009-08-25,30364.500533223174,30224.365839802667,-140.13469342050553,12992.195267556126
2009-08-26,30360.804522426082,30210.233636915567,-150.5708855105139,12986.12042249757
2009-08-27,30363.725314843996,30209.980801886184,-153.74451295781276,12986.011739255393
2009-08-28,30354.876051416708,30211.508656138165,-143.36739527854334,12986.668500124664
2009-08-31,30353.70054868675,30211.687978116766,-142.01257056998236,12986.745583169983
2009-09-01,30361.731045934066,30213.893445349247,-147.83760058481957,12987.693621619903
2009-09-02,30398.69636946626,30194.27748628054,-204.41888318571844,12979.261538315597
2009-09-03,30397.167252382245,30198.544556689696,-198.62269569254966,12981.095774053412
2009-09-04,30396.129925424477,30199.52213354511,-196.60779187936677,12981.515993602827
2009-09-07,30394.347757013744,30203.567381134973,-190.7803758787712,12983.254876955143
2009-09-08,30392.46797199521,30203.61881357674,-188.84915841847013,12983.2769856184
2009-09-09,30392.72308008616,30215.806342398522,-176.91673768763897,12988.515896340989
2009-09-10,30390.97099353425,30218.618997783466,-172.351995750785,12989.724939672955
2009-09-11,30391.34941198623,30219.667690432972,-171.68172155325618,12990.175728938484
2009-09-14,30392.465460450458,30218.40546969084,-174.05999075961833,12989.633152844763
2009-09-15,30399.356019269166,30209.86660073486,-189.48941853430904,12985.962648939796
2009-09-16,30379.206090301315,30205.097377785285,-174.10871251602848,12983.91255875217
2009-09-17,30367.101725260472,30216.12457597208,-150.9771492883927,12988.652691691808
2009-09-18,30375.62247625635,30214.41724957418,-161.20522668216864,12987.918783226547
2009-09-21,30383.407823883776,30207.774984938096,-175.63283894567758,12985.063550477307
2009-09-22,30381.362429412362,30206.790004107963,-174.57242530439902,12984.640148267723
2009-09-23,30384.13802431953,30220.768974897954,-163.36904942157676,12990.649125233713
2009-09-24,30406.24637703044,30228.955649523796,-177.29072750664153,12994.168235473928
2009-09-25,30434.56204262428,30237.262510548742,-197.2995320755377,12997.739008838325
2009-09-28,30443.960153064327,30237.29113232666,-206.66902073766602,12997.751312147833
2009-09-29,30434.828448714077,30247.286447213315,-187.5420015007621,13002.0478814607
2009-09-30,30428.62257406413,30244.374989676962,-184.24758438716975,13000.796367201443
2009-10-01,30427.46058698018,30245.921729741087,-181.53885723909445,13001.461246294284
2009-10-02,30512.153577022546,30286.91064797163,-225.24292905091673,13019.080674019573
2009-10-05,30478.408158674833,30269.20140104126,-209.20675763357136,13011.468206800899
2009-10-06,30466.9858029788,30283.704890587407,-183.28091239139468,13017.702652520727
2009-10-07,30475.19765752184,30303.20145659552,-171.99620092631991,13026.083413724016
2009-10-08,30472.716561537025,30305.27834367839,-167.43821785863548,13026.976180926224
2009-10-09,30472.694784422296,30315.542883033075,-157.15190138922094,13031.388478617908
2009-10-12,30480.358491805175,30297.670565815453,-182.68792598972252,13023.705914278733
2009-10-13,30480.255069143193,30295.810837865523,-184.44423127766973,13022.906494737621
2009-10-14,30467.673032958784,30293.121183110845,-174.55184984793965,13021.750324250528
2009-10-15,30469.13972179842,30297.890777407112,-171.24894439130668,13023.80057406462
2009-10-16,30426.94170529963,30274.490487995547,-152.45121730408152,13013.741764858705
2009-10-19,30452.5803179816,30268.68386477931,-183.89645320229076,13011.24573953032
2009-10-20,30424.08569898469,30275.157212809012,-148.92848617567955,13014.028362070112
2009-10-21,30435.297165868684,30257.66209338721,-177.6350724814742,13006.50793934356
2009-10-22,30419.673673270183,30251.465707404845,-168.20796586533808,13003.844371245466
2009-10-23,30413.989551882725,30254.65931203815,-159.33023984457324,13005.217168783161
2009-10-26,30430.787518220983,30263.97646893423,-166.81104928675177,13009.22222623826
2009-10-27,30416.528898169185,30253.83950369997,-162.6893944692167,13004.864767344267
2009-10-28,30417.92338714013,30222.50876656141,-195.4146205787237,12991.396989163637
2009-10-29,30479.18400108448,30253.149708323188,-226.0342927612919,13004.56825305916
2009-10-30,30441.80416890388,30272.393878333813,-169.4102905700673,13012.840519741785
2009-11-02,30513.768906186557,30313.51805080717,-200.25085537938398,13030.518087629313
2009-11-03,30480.318128379902,30309.57385085517,-170.74427752473304,13028.82264044533
2009-11-04,30462.933893294383,30266.071763322056,-196.86212997232573,13010.12290597374
2009-11-05,30435.651615637984,30261.37337150498,-174.2782441330067,13008.103263138073
2009-11-06,30431.097120831088,30271.76177077949,-159.33535005159916,13012.568803047401
2009-11-09,30428.960117326456,30247.23675484809,-181.72336247836563,13002.02652078383
2009-11-10,30428.703409496196,30286.276858317695,-142.4265511785013,13018.808234260667
2009-11-11,30440.456738265406,30285.935047831386,-154.52169043401904,13018.661304177629
2009-11-12,30436.404639083186,30271.18854593383,-165.21609314935623,13012.32239757552
2009-11-13,30470.846380573566,30289.72491845495,-181.12146211861614,13020.290411615022
2009-11-16,30465.850372336598,30299.7538906366,-166.09648169999758,13024.601448796331
2009-11-17,30471.02829955256,30327.774036284747,-143.25426326781076,13036.646141664847
2009-11-18,30480.43807785564,30329.29328821845,-151.14478963718926,13037.299204755995
2009-11-19,30484.233526675,30327.82225041538,-156.41127625962446,13036.666866910271
2009-11-20,30522.461354068488,30332.764530601875,-189.69682346661372,13038.791347191853
2009-11-23,30512.175535247683,30329.742345873816,-182.43318937386616,13037.49223592746
2009-11-24,30517.01381453141,30342.72914233933,-174.28467219207812,13043.074718500437
2009-11-25,30461.912370060414,30312.74696182331,-149.16540823710153,13030.18662861045
2009-11-26,30463.576749755262,30316.444773166317,-147.13197658894725,13031.776163599721
2009-11-27,30416.866336633295,30290.74935960336,-126.11697702993591,13020.730776170918
2009-11-30,30383.953130003178,30267.632056259732,-116.32107374344396,13010.793610882101
2009-12-01,30346.29450566887,30260.32106609343,-85.9734395754379,13007.650920896704
2009-12-02,30354.84371198421,30277.10054132471,-77.74317065949882,13014.863718010376
2009-12-03,30349.783802570586,30276.964502264505,-72.81930030607951,13014.80524048785
2009-12-04,30357.303609784303,30278.172880301176,-79.13072948312663,13015.3246718464
2009-12-07,30390.238952663534,30271.02265552333,-119.21629714020462,13012.251088201567
2009-12-08,30400.49177905171,30271.904689662766,-128.58708938894517,13012.630237919146
2009-12-09,30436.735549568493,30288.589487177756,-148.1460623907352,13019.8023370283
2009-12-10,30439.42068199214,30285.022085865243,-154.39859612689676,13018.26885987627
2009-12-11,30436.085047190387,30284.43960420147,-151.64544298891718,13018.018475284065
2009-12-14,30443.92613052225,30270.020858651453,-173.9052718707967,13011.820457476448
2009-12-15,30427.306843712006,30271.281389699197,-156.02545401280724,13012.362307240968
2009-12-16,30443.538612019503,30276.223641140612,-167.31497087888974,13014.486775166237
2009-12-17,30444.025550200826,30282.001579942218,-162.02397025860844,13016.9704702602
2009-12-18,30522.8425934574,30324.902965700647,-197.93962775675283,13035.411988073229
2009-12-21,30468.978474688687,30301.986337836905,-166.99213685178225,13025.561084810022
2009-12-22,30474.25672325289,30303.807785766778,-170.44893748611116,13026.34404936584
2009-12-23,30474.24514996725,30286.284111061865,-187.96103890538603,13018.811351913126
2009-12-24,30456.120340195317,30284.821834816637,-171.29850537867955,13018.182780295982
2009-12-25,30456.00534024674,30287.39300338428,-168.61233686245833,13019.288018509205
2009-12-28,30441.44929382831,30283.19551227383,-158.25378155448283,13017.48369201217
2009-12-29,30444.073112499227,30267.576282570746,-176.49682992847988,13010.769636097588
2009-12-30,30372.729088720545,30224.787414144026,-147.94167457652034,12992.376484796276
2009-12-31,30324.725290143168,30195.44578869264,-129.2795014505266,12979.763742833302
2010-01-01,30306.38192916414,30185.768325596797,-120.61360356734482,12975.603804758764
2010-01-04,30309.551485671967,30183.78783898611,-125.7636466858567,12974.752476102038
2010-01-05,30315.28237158679,30224.14084209409,-91.14152949270024,12992.098550418037
2010-01-06,30258.92345131198,30194.676653715072,-64.24679759690832,12979.433123760313
2010-01-07,30253.31921132864,30198.077879917946,-55.241331410692055,12980.895169158091
2010-01-08,30257.70344288404,30167.302434335805,-90.40100854823784,12967.66608767567
2010-01-11,30247.382821103038,30170.969688889203,-76.41313221383287,12969.242487574551
2010-01-12,30245.353528233743,30165.39796088199,-79.95556735175161,12966.847433907218
2010-01-13,30267.80657315322,30170.44718743422,-97.35938571899878,12969.017885974416
2010-01-14,30262.37075876812,30175.114028027765,-87.25673074035377,12971.02396625399
2010-01-15,30262.37549495804,30170.46725446867,-91.90824048937071,12969.026511956226
2010-01-18,30293.796864497337,30182.27315515176,-111.523709345578,12974.101376646428
2010-01-19,30283.148959127266,30179.738760656586,-103.41019847068098,12973.01194607439
2010-01-20,30140.40182339821,30087.237307966945,-53.164515431265386,12933.249426581135
2010-01-21,30216.276563872732,30131.568334738902,-84.70822913382904,12952.305487485282
2010-01-22,30249.751354394088,30147.60855139184,-102.14280300224709,12959.200508144886
2010-01-25,30280.28073861716,30142.0924703178,-138.1882682993597,12956.829374775027
2010-01-26,30250.109173305893,30135.340456355007,-114.76871695088468,12953.926965364062
2010-01-27,30264.12391884937,30132.33600210753,-131.78791674183933,12952.635475694353
2010-01-28,30275.37021318352,30132.947392090868,-142.4228210926514,12952.898286768379
2010-01-29,30299.32386805269,30142.890119661934,-156.43374839075534,12957.172250985861
2010-02-01,30326.09016709897,30152.279247242255,-173.8109198567159,12961.208245638722
2010-02-02,30325.98959176933,30174.86268179659,-151.1269099727412,12970.915922984117
2010-02-03,30327.137523789068,30177.698962514445,-149.43856127462143,12972.135121862111
2010-02-04,30344.17166756557,30183.87304841764,-160.29861914792704,12974.789104085532
2010-02-05,30481.537929819595,30274.108263827595,-207.4296659920004,13013.577462618177
2010-02-08,30490.780814043304,30273.29476361745,-217.4860504258528,13013.227772780632
2010-02-09,30511.18452034984,30273.01484530135,-238.16967504849123,13013.107447562197
2010-02-10,30512.700842402002,30276.180962355145,-236.51988004685853,13014.468429335013
2010-02-11,30522.48655668725,30273.678306684167,-248.80825000308442,13013.392641960774
2010-02-12,30517.17908520227,30277.709326228316,-239.46975897395387,13015.125409269194
2010-02-15,30498.611034875037,30268.316309119284,-230.2947257557517,13011.087742670037
2010-02-16,30501.470162387126,30267.93908499323,-233.53107739389407,13010.925589739145
2010-02-17,30469.986023621153,30289.380636191694,-180.60538742945835,13020.142419018086
2010-02-18,30480.80316802805,30277.50725104045,-203.2959169876015,13015.038545567457
2010-02-19,30463.291710418624,30272.136866897967,-191.1548435206565,13012.730041236522
2010-02-22,30440.759383696466,30262.891855899637,-177.86752779682908,13008.755996296171
2010-02-23,30428.551104573384,30260.89880837893,-167.65229619445222,13007.899268227706
2010-02-24,30443.93364378148,30232.024943144337,-211.90870063714632,12995.487596887924
2010-02-25,30446.40621032443,30228.316162059942,-218.0900482644881,12993.893346463996
2010-02-26,30448.8995116002,30225.39361489117,-223.50589670903025,12992.637065233925
2010-03-01,30374.093146039744,30191.186411986993,-182.9067340527518,12977.93281429799
2010-03-02,30372.882990007605,30194.362091262497,-178.52089874510762,12979.297906471409
2010-03-03,30370.454673035998,30186.74712270947,-183.70755032652897,12976.02454884592
2010-03-04,30260.497393671878,30124.91495765287,-135.58243601900827,12949.445477956924
2010-03-05,30269.08057543353,30127.363330265318,-141.71724516821428,12950.497931306558
2010-03-08,30267.9171448188,30133.32370551984,-134.59343929895758,12953.060048228552
2010-03-09,30274.21990490604,30120.403530380325,-153.81637452571653,12947.506203387164
2010-03-10,30277.12425103826,30102.658257259634,-174.46599377862813,12939.878250010668
2010-03-11,30280.53589507115,30101.867253856715,-178.66864121443209,12939.538230612992
2010-03-12,30272.587693967092,30104.719919487674,-167.8677744794197,12940.764472682284
2010-03-15,30258.161726872066,30103.94239260595,-154.21933426611506,12940.430246279431
2010-03-16,30259.86456692114,30104.425219153396,-155.43934776774438,12940.637793290278
2010-03-17,30263.680533589697,30115.544751233676,-148.1357823560209,12945.417616722689
2010-03-18,30265.731710553955,30114.356250025383,-151.37546052857078,12944.906729584289
2010-03-19,30276.559974325963,30115.934965838405,-160.62500848755914,12945.585353718985
2010-03-22,30305.744393524765,30122.153122144056,-183.59127138070852,12948.258279971777
2010-03-23,30306.043024840812,30121.920853182928,-184.1221716578849,12948.158437225247
2010-03-24,30283.296361279114,30117.047006098303,-166.2493551808106,12946.063373482197
2010-03-25,30338.257676559744,30142.183516539826,-196.07416001991768,12956.868511751505
2010-03-26,30331.381140143363,30140.789530852027,-190.59160929133438,12956.269295398975
2010-03-29,30315.760566666442,30152.149237315116,-163.61132935132684,12961.152359789236
2010-03-30,30305.525688643436,30158.090517827906,-147.4351708155303,12963.706268677535
2010-03-31,30311.20555087232,30157.387687369803,-153.81786350251795,12963.40415115421
2010-04-01,30284.469074070057,30095.957381198437,-188.5116928716214,12936.997822652418
2010-04-02,30261.718923544162,30103.99433016853,-157.72459337563018,12940.452572073076
2010-04-05,30268.006090192877,30102.280675260037,-165.72541493284172,12939.715943244853
2010-04-06,30270.377304502963,30101.55858616748,-168.8187183354819,12939.405547237182
2010-04-07,30258.37934187851,30097.919895898194,-160.45944598031582,12937.841425933619
2010-04-08,30257.84616992737,30097.915241169467,-159.93092875790026,12937.839425059727
2010-04-09,30223.855437259932,30083.4720614943,-140.383375765631,12931.630904040005
2010-04-12,30224.435845718144,30088.00804734528,-136.42779837286596,12933.58073531915
2010-04-13,30226.329317279815,30084.860378023986,-141.46893925582813,12932.227683457726
2010-04-14,30198.81136739642,30073.354802660255,-125.45656473616567,12927.281916106196
2010-04-15,30197.817110820622,30076.678015223766,-121.13909559685808,12928.710426691649
2010-04-16,30199.75521860124,30075.939869734768,-123.81534886647168,12928.3931287083
2010-04-19,30245.77898016054,30102.917358064173,-142.86162209636814,12939.989626648457
2010-04-20,30253.785488287052,30098.196472705513,-155.5890155815389,12937.960314776687
2010-04-21,30254.311119247133,30097.503681122555,-156.80743812457888,12937.662512547413
2010-04-22,30215.338478534424,30079.659290323474,-135.67918821094867,12929.991952611728
2010-04-23,30234.88534697834,30076.7295640885,-158.15578288984167,12928.732585400287
2010-04-26,30223.80026685473,30084.80784003136,-138.9924268233713,12932.205099564228
2010-04-27,30226.98874233061,30081.885213350473,-145.1035289801374,12930.948784155213
2010-04-28,30264.602048024008,30105.4243176697,-159.17773035430895,12941.06726410479
2010-04-29,30268.820270916854,30105.157603587344,-163.66266732951118,12940.952614836153
2010-04-30,30263.053491758317,30090.79649597959,-172.25699577872768,12934.779373177842
2010-05-03,30267.534028426624,30074.987656431123,-192.54637199550177,12927.983811892758
2010-05-04,30263.728787713546,30076.144858827272,-187.58392888627407,12928.481244976203
2010-05-05,30371.29846558709,30142.95312544866,-228.3453401384304,12957.199334547795
2010-05-06,30378.59307498489,30146.548249863106,-232.0448251217821,12958.744728705979
2010-05-07,30408.780092479315,30158.780456235763,-249.99963624355334,12964.002844445742
2010-05-10,30408.653741993036,30158.726638122545,-249.92710387048896,12963.97971028175
2010-05-11,30434.103217115775,30221.10720992717,-212.99600718860523,12990.794518376753
2010-05-12,30430.920819720544,30220.13391013007,-210.78690959047367,12990.37613735646
2010-05-13,30421.49359872732,30232.618325899326,-188.87527282799442,12995.74266740494
2010-05-14,30427.09820981395,30235.504605936167,-191.5936038777837,12996.983358906433
2010-05-17,30475.772957821668,30249.53117637145,-226.24178145021992,13003.012796976209
2010-05-18,30472.786821904436,30249.057191970696,-223.72962993373798,13002.809050835727
2010-05-19,30493.442919144873,30260.261063944377,-233.18185520049605,13007.625128473428
2010-05-20,30493.471034377944,30260.261859468923,-233.2091749090216,13007.625470436276
2010-05-21,30547.670239021943,30274.063595983145,-273.606643038797,13013.55826177339
2010-05-24,30520.957699497492,30272.406776313073,-248.55092318441757,13012.846064045543
2010-05-25,30544.703528462644,30284.787341347117,-259.91618711552604,13018.167952990958
2010-05-26,30476.84043771444,30244.88114141193,-231.95929630250828,13001.013940738323
2010-05-27,30488.389541746634,30250.405360840523,-237.98418090611048,13003.388572447637
2010-05-28,30507.10647655367,30320.47306143456,-186.63341511910917,13033.507756846457
2010-05-31,30533.867455184718,30324.028061374185,-209.83939381053227,13035.03590316511
2010-06-01,30538.536928636386,30316.53722983048,-221.99969880590677,13031.815906866494
2010-06-02,30552.340438830895,30317.00011841878,-235.34032041211586,13032.014883379621
2010-06-03,30544.604573282788,30327.576457321098,-217.02811596169127,13036.56121070252
2010-06-04,30554.69648761127,30329.531888344016,-225.16459926725443,13037.401769006263
2010-06-07,30588.530216746134,30353.074471480668,-235.45574526546528,13047.521744354472
2010-06-08,30586.86857079671,30352.46339640364,-234.4051743930674,13047.259068645544
2010-06-09,30581.2678029696,30356.056556899293,-225.21124607030737,13048.803618596885
2010-06-10,30585.80679825192,30348.38071160323,-237.4260866486911,13045.504092596619
2010-06-11,30576.036470885658,30371.988601851506,-204.04786903415075,13055.652140750426
2010-06-14,30575.80158760804,30372.232815472707,-203.5687721353298,13055.757118008525
2010-06-15,30571.317655503546,30373.932660208375,-197.38499529517154,13056.487810418992
2010-06-16,30585.156963375222,30413.525487316812,-171.63147605840874,13073.507116753288
2010-06-17,30571.075262372895,30408.80074551919,-162.27451685370465,13071.476147159125
2010-06-18,30557.84125334124,30412.499277628478,-145.3419757127623,13073.065991975784
2010-06-21,30555.57632132921,30412.976546282247,-142.59977504696158,13073.271149879763
2010-06-22,30558.673974832713,30414.04907721724,-144.62489761547246,13073.73218623076
2010-06-23,30566.828306731848,30416.791046952803,-150.03725977904355,13074.910844747897
2010-06-24,30567.98856516917,30416.78451191621,-151.20405325296036,13074.908035608014
2010-06-25,30585.656464789,30411.9714639645,-173.68500082450115,13072.839106878388
2010-06-28,30571.097323557547,30412.628967887496,-158.46835567005098,13073.121740413266
2010-06-29,30588.597016226133,30417.427309205228,-171.16970702090654,13075.184347373848
2010-06-30,30644.936512829765,30454.194887444755,-190.74162538500846,13090.989196962255
2010-07-01,30652.438966670074,30449.179317207163,-203.2596494629117,13088.833212342088
2010-07-02,30657.130517006288,30447.143761134932,-209.9867558713561,13087.958211618874
2010-07-05,30656.578279956782,30447.282449595223,-209.29583036155998,13088.017828008082
2010-07-06,30662.187531110227,30444.510827346825,-217.6767037634004,13086.826423111452
2010-07-07,30655.3670771606,30452.953191835823,-202.4138853247793,13090.455443767907
2010-07-08,30651.793253211818,30484.23309394331,-167.5601592685089,13103.901370087238
2010-07-09,30634.65246190188,30481.78119993817,-152.8712619637084,13102.847403037642
2010-07-12,30630.524133756062,30481.791571336253,-148.73256241980872,13102.851861269448
2010-07-13,30622.919173577986,30478.552766491874,-144.36640708611336,13101.45963404474
2010-07-14,30625.229905853143,30496.311798136754,-128.91810771638976,13109.093501637395
2010-07-15,30625.944445158977,30495.408857226947,-130.53558793202893,13108.705364970527
2010-07-16,30615.302584032084,30497.10551751739,-118.19706651469562,13109.434688520703
2010-07-19,30658.129572911283,30524.76783653985,-133.3617363714316,13121.325566635338
2010-07-20,30622.747305799632,30509.418212333298,-113.32909346633625,13114.727402887846
2010-07-21,30624.117746284774,30501.709769357396,-122.40797692737792,13111.413864503533
2010-07-22,30612.291935631645,30493.90566400664,-118.38627162500357,13108.059204851019
2010-07-23,30605.88005586639,30530.60466746075,-75.2753884056397,13123.834576997044
2010-07-26,30590.68878600752,30531.051466309906,-59.637319697611034,13124.026637201858
2010-07-27,30572.663288204032,30529.698965722906,-42.96432248112454,13123.44525356526
2010-07-28,30532.551573904926,30506.114280805104,-26.437293099822092,13113.307180415935
2010-07-29,30537.61220728256,30501.987896648585,-35.62431063397549,13111.533419835
2010-07-30,30538.8905440636,30493.99553622514,-44.89500783846304,13108.097837172307
2010-08-02,30525.343378272057,30491.135152843297,-34.208225428761544,13106.868277563548
2010-08-03,30530.08772939206,30526.20536784974,-3.8823615423214455,13121.943501436032
2010-08-04,30494.012516362294,30510.987228469694,16.974712107400954,13115.401857535797
2010-08-05,30491.225521112112,30511.60718619674,20.38166508462658,13115.668351525781
2010-08-06,30372.108955914115,30434.955870279635,62.84691436552007,13082.719145273166
2010-08-09,30363.038117387554,30436.81741102211,73.77929363455615,13083.519344058244
2010-08-10,30340.820608142196,30383.821181145056,43.000573002859845,13060.738473463425
2010-08-11,30145.326490191208,30239.00242377945,93.67593358824186,12998.486925024947
2010-08-12,30233.26476721635,30298.70016259155,65.43539537519877,13024.148495024108
2010-08-13,30248.339096726675,30304.33504448496,55.995947758284245,13026.570695915165
2010-08-16,30248.375237950815,30275.567874968707,27.192637017892334,13014.204888618131
2010-08-17,30201.54224604454,30257.48057386544,55.93832782089991,13006.429911666017
2010-08-18,30183.25173195845,30258.919834826735,75.66810286828373,13007.048589971766
2010-08-19,30184.36737165543,30257.269720246783,72.90234859135423,13006.339274482727
2010-08-20,30205.075947216854,30244.96159153503,39.88564431817419,13001.048522893467
2010-08-23,30121.126683811177,30085.002603416313,-36.124080394864116,12932.288820226613
2010-08-24,30121.195859080766,30085.03042046904,-36.16543861172579,12932.300777618299
2010-08-25,30089.28790126511,30066.934243557742,-22.35365770736685,12924.521985326213
2010-08-26,30086.680951680217,30066.860717319665,-19.82023436055025,12924.490379460685
2010-08-27,30093.064360154698,30054.14652978068,-38.91783037401824,12919.025080104188
2010-08-30,30077.631807563776,30058.829743143593,-18.80206442018176,12921.038198354976
2010-08-31,29752.48862649801,29800.338602293457,47.849975795447456,12809.923629577634
2010-09-01,29757.618419515387,29796.850970021977,39.232550506588595,12808.424441811952
2010-09-02,29760.87982978872,29833.88815117071,73.00832138199256,12824.345182455269
2010-09-03,29526.187785739396,29667.6576808519,141.46989511250203,12752.889630955968
2010-09-06,29502.53808908634,29664.020419442397,161.4823303560567,12751.326123859679
2010-09-07,29361.449242067367,29569.734498221616,208.28525615425036,12710.796535712998
2010-09-08,29300.54832870467,29531.59903443218,231.05070572750907,12694.40368913361
2010-09-09,29305.42472183271,29530.94153560042,225.51681376771143,12694.121057787243
2010-09-10,28784.36856624604,29106.043332489724,321.674766243683,12511.47502799435
2010-09-13,28510.647710392383,28901.963043737185,391.3153333448033,12423.74941694975
2010-09-14,27749.865729681267,28019.167703991614,269.3019743103469,12044.272491079602
2010-09-15,27730.721544544504,28026.732122852274,296.0105783077715,12047.52411949901
2010-09-16,27040.076723443937,27447.38054532595,407.3038218820117,11798.48502092258
2010-09-17,27017.18233135137,27386.594976086537,369.412644735165,11772.355837958285
2010-09-20,26966.87356100035,27357.80479038233,390.93122938198115,11759.980136961256
2010-09-21,26877.930646997804,27232.505183114463,354.5745361166602,11706.119057684997
2010-09-22,26653.307955262564,27069.81330405433,416.5053487917634,11636.184599096248
2010-09-23,26169.34746803003,26677.282252713718,507.9347846836857,11467.451858941273
2010-09-24,26182.004807708185,26669.72148343281,487.7166757246251,11464.201799324104
2010-09-27,25915.797025044212,26486.216084816308,570.4190597720967,11385.320476085995
2010-09-28,25770.1660268601,26388.169014129267,618.0029872691651,11343.174126530486
2010-09-29,24763.60294182496,25240.83712326354,477.2341814385788,10849.983961951693
2010-09-30,24732.40264295698,25227.66896963998,495.2663266830019,10844.323521494573
2010-10-01,24731.335359497145,25195.692350738485,464.35699124134203,10830.57810566132
2010-10-04,24721.997936871965,25197.37453585997,475.3765989880041,10831.301206939617
2010-10-05,24733.12194213904,25203.22625609874,470.1043139596982,10833.816617598559
2010-10-06,24403.9565923117,24813.60638565215,409.64979334045114,10666.335272785831
2010-10-07,24161.777096115176,24643.51091643596,481.7338203207834,10593.218319335212
2010-10-08,23706.803409288983,24268.79474950416,561.9913402151761,10432.14345554843
2010-10-11,23629.32998302854,24153.115050579043,523.7850675505016,10382.417573956962
2010-10-12,23629.725964289206,24153.04302876515,523.3170644759442,10382.386614780695
2010-10-13,23432.433525481345,24002.261732346018,569.8282068646745,10317.572019293208
2010-10-14,23215.71976209688,23853.9378917718,638.2181296749178,10253.813781658446
2010-10-15,22835.78594086033,23389.3473987889,553.5614579285711,10054.105690634247
2010-10-18,22601.98887264764,23206.565889954687,604.5770173070499,9975.535537445281
2010-10-19,22572.339560742254,23197.702025451363,625.3624647091079,9971.72533149877
2010-10-20,22655.422594191226,23243.844561868624,588.4219676773959,9991.560084904379
2010-10-21,22266.500327345457,22938.880624950292,672.3802976048358,9860.468797861133
2010-10-22,22101.281476197502,22815.798298019778,714.516821822274,9807.560834996266
2010-10-25,21792.34560746498,22429.036347045047,636.6907395800655,9641.30799066008
2010-10-26,21503.660196563826,22069.453541617724,565.7933450538967,9486.738328297963
2010-10-27,21520.600592102757,22062.99952694145,542.3989348386914,9483.964016361087
2010-10-28,21548.44586423409,22060.51625933913,512.0703951050372,9482.896563109563
2010-10-29,21543.162395542047,22064.831538310875,521.6691427688289,9484.751521699334
2010-11-01,21523.216576998482,22058.470856502943,535.254279504462,9482.017329672892
2010-11-02,20828.274445064362,21457.96556079606,629.6911157316987,9223.885129236414
2010-11-03,20683.1674626312,21268.36380867793,585.1963460467274,9142.383237694805
2010-11-04,20682.78556831613,21260.861304074937,578.0757357588071,9139.158223634478
2010-11-05,20642.83188706615,21285.304341171224,642.4724541050736,9149.665266613321
2010-11-08,20644.996824330865,21282.82953651684,637.832712185975,9148.601451230421
2010-11-09,20069.744221208355,20600.64881998261,530.9045987742536,8855.360391221073
2010-11-10,19885.036438856256,20446.674314474396,561.6378756181397,8789.173168223868
2010-11-11,19839.246059883073,20373.426081357367,534.1800214742948,8757.686805442794
2010-11-12,19852.869309533377,20375.519538942834,522.6502294094582,8758.586695613489
2010-11-15,19918.461311572413,20402.491851870804,484.03054029839103,8770.180968864257
2010-11-16,19928.581838067243,20391.227260743806,462.64542267656225,8765.338790593029
2010-11-17,19673.951198681,20036.589712846024,362.638514165023,8612.894888348184
2010-11-18,19675.79229925561,20034.780801712728,358.9885024571181,8612.117312838744
2010-11-19,19601.7391959415,20019.410730373947,417.6715344324472,8605.510359721244
2010-11-22,19514.55504454828,19966.797259126444,452.24221457816446,8582.894021109722
2010-11-23,19504.87829527632,19965.5830721573,460.70477688098026,8582.37209273319
2010-11-24,19548.40577174105,19997.10204691006,448.6962751690078,8595.920786419321
2010-11-25,19544.857983986883,19984.29933876079,439.4413547739062,8590.417435741578
2010-11-26,19545.845769472864,19984.43365821435,438.5878887414878,8590.475174076872
2010-11-29,19571.870279090625,19979.94801834024,408.07773924961634,8588.546984435003
2010-11-30,19584.362923957764,19976.821456461246,392.45853250348176,8587.203005783364
2010-12-01,19569.124768209662,19924.197668094166,355.07289988450543,8564.582232272103
2010-12-02,19577.163900607917,19944.47498937955,367.31108877163047,8573.298607630944
2010-12-03,19577.574784655248,19960.584763497784,383.00997884253536,8580.223528146058
2010-12-06,19582.832807318424,19977.295196753017,394.4623894345941,8587.406646991567
2010-12-07,19476.829590098263,19911.049532335346,434.21994223708333,8558.930396660784
2010-12-08,19520.986226777837,19937.26707748031,416.28085070247266,8570.200226696747
2010-12-09,19459.82463139032,19894.709741016664,434.8851096263462,8551.906601337216
2010-12-10,19455.4533605943,19875.771158598276,420.3177980039765,8543.765694025064
2010-12-13,19320.266891711522,19777.244661442815,456.9777697312945,8501.413259010982
2010-12-14,19204.080086528764,19704.95608530552,500.8759987767538,8470.339412771584
2010-12-15,19160.171863750013,19681.68696866662,521.515104916609,8460.336989273985
2010-12-16,19019.07974769434,19567.941310304584,548.8615626102443,8411.442471119028
2010-12-17,19022.02001624763,19564.47891961469,542.4589033670597,8409.95413365732
2010-12-20,19020.878986061387,19549.297292636365,528.4183065749774,8403.428184916924
2010-12-21,19012.025076541326,19546.748022169257,534.72294562793,8402.33235978451
2010-12-22,18713.45096676447,19310.979007131984,597.528040367514,8300.985085944616
2010-12-23,18634.992679196763,19189.33761417313,554.3449349763682,8248.696520542933
2010-12-24,18579.82893100899,19153.525650642703,573.6967196337154,8233.302449892517
2010-12-27,18584.207969831565,19150.803846397048,566.5958765654823,8232.13245967909
2010-12-28,18575.39480659567,19119.009896728472,543.6150901328054,8218.46556573629
2010-12-29,18567.454707513418,19098.719008400196,531.2643008867767,8209.743358471118
2010-12-30,18547.75107735954,19062.654965675167,514.9038883156269,8194.240929480398
2010-12-31,18385.39208046628,18936.76002916177,551.3679486954893,8140.123942971962
2011-01-03,18338.30738084349,18918.7746135517,580.4672327082128,8132.392762347275
2011-01-04,18304.85399130975,18907.353995232337,602.5000039225877,8127.4835144885155
2011-01-05,18297.090566110237,18864.702254017026,567.6116879067893,8109.149308460581
2011-01-06,18308.46989708387,18871.396399753205,562.9265026693365,8112.026842732594
2011-01-07,18324.23495115015,18866.784504246938,542.5495530967902,8110.044381056192
2011-01-10,18323.164572093352,18838.168774277663,515.0042021843109,8097.743671309127
2011-01-11,18317.56616515033,18835.552221787602,517.986056637273,8096.618924439041
2011-01-12,18182.11264891804,18745.976788005886,563.864139087849,8058.114178531833
2011-01-13,18182.996326936045,18747.538639489565,564.5423125535216,8058.785553394169
2011-01-14,18176.802801940146,18747.962324251228,571.1595223110834,8058.967677816054
2011-01-17,18109.931781576463,18710.305742991568,600.3739614151049,8042.780682878683
2011-01-18,18106.91033378689,18709.69806609598,602.787732309091,8042.519467906337
2011-01-19,17955.83852369119,18598.836815143815,642.9982914526269,7994.864836288581
2011-01-20,17957.858029630286,18599.065630825353,641.2076011950658,7994.963194614131
2011-01-21,17964.972459897,18603.653070588116,638.6806106911165,7996.9351437856
2011-01-24,17963.683762954686,18603.739174299382,640.0554113446967,7996.972156182683
2011-01-25,17716.417104431668,18414.084647205495,697.6675427738246,7915.447578878403
2011-01-26,17676.71255817628,18348.039815815326,671.3272576390444,7887.057658296384
2011-01-27,17535.46458278084,18248.337493304694,712.8729105238539,7844.1997849648915
2011-01-28,17521.07867628877,18240.53176694775,719.4530906589808,7840.844428509374
2011-01-31,17513.94252588003,18235.847522154363,721.9049962743339,7838.830866889609
2011-02-01,17256.239311224035,18028.40745657188,772.1681453478436,7749.661027805241
2011-02-02,17258.46455989836,18059.4591158003,800.9945559019392,7763.008842022933
2011-02-03,17222.401266088928,17995.63847804507,773.2372119561456,7735.575009590825
2011-02-04,17128.918319892757,17932.55532516415,803.6370052713919,7708.458191171339
2011-02-07,17146.23062669795,17939.161826130126,792.9311994321756,7711.298050609258
2011-02-08,17066.01541055045,17886.773898519146,820.7584879686954,7688.778663807497
2011-02-09,16947.543414667187,17729.911197066194,782.367782399008,7621.34992573984
2011-02-10,16941.872182521754,17708.86625259437,766.9940700726145,7612.303581164008
2011-02-11,16904.386522144447,17635.69581616278,731.3092940183345,7580.850659935812
2011-02-14,16908.65775186946,17633.925773986175,725.2680221167126,7580.08979257098
2011-02-15,16910.10317221613,17633.02106172254,722.9178895064068,7579.7008944729205
2011-02-16,16899.069250128483,17595.95578927991,696.8865391514249,7563.768078553069
2011-02-17,16672.75561877912,17318.449132470203,645.6935136910835,7444.479531940444
2011-02-18,16672.035550246186,17322.635762650116,650.6002124039294,7446.27918977607
2011-02-21,16593.767369276837,17273.409804058065,679.6424347812272,7425.1190016798055
2011-02-22,16351.955514702244,16970.582885008436,618.6273703061929,7294.946329557634
2011-02-23,16256.28345213384,16891.996790428107,635.7133382942686,7261.165442590018
2011-02-24,16239.611398903742,16848.006661091862,608.3952621881194,7242.255919286507
2011-02-25,16242.104782034832,16834.36636463778,592.2615826029465,7236.392524303199
2011-02-28,16099.935295212395,16742.164025669637,642.2287304572424,7196.758581333188
2011-03-01,15863.334987961947,16561.568818940734,698.2338309787871,7119.128228304681
2011-03-02,15867.786360778895,16546.13839739178,678.3520366128857,7112.495333146938
2011-03-03,15852.135436658979,16503.46518928528,651.329752626304,7094.151899397119
2011-03-04,15787.117150890897,16413.587175324003,626.4700244331045,7055.517086880812
2011-03-07,15789.363349325438,16414.03866746681,624.6753181413733,7055.711164536972
2011-03-08,15708.924234127866,16352.106053353242,643.1818192253766,7029.08891478462
2011-03-09,15663.212714713589,16324.808029860824,661.5953151472356,7017.3546321362555
2011-03-10,15667.613996743825,16314.902566686758,647.288569942933,7013.096686330042
2011-03-11,15709.830674344266,16305.71608084004,595.8854064957746,7009.14779891332
2011-03-14,15716.674382171645,16308.020440205144,591.3460580334998,7010.138346969704
2011-03-15,15787.625368614696,16334.472046806994,546.8466781922988,7021.50879027142
2011-03-16,15805.820690679553,16348.140429506562,542.3197388270091,7027.384258361163
2011-03-17,15908.927044779983,16413.64285219185,504.7158074118675,7055.541020045954
2011-03-18,15948.135527606673,16482.598780324246,534.4632527175735,7085.182299796871
2011-03-21,15948.706457684342,16510.244120686442,561.5376630020993,7097.065879493048
2011-03-22,15842.140657890886,16465.31497080226,623.174312911375,7077.752710389865
2011-03-23,15845.882136983368,16449.5470883963,603.6649514129316,7070.974754873447
2011-03-24,15850.221095169905,16448.6339767756,598.4128816056952,7070.582246241833
2011-03-25,15836.391119037235,16421.158067441058,584.7669484038238,7058.771497883369
2011-03-28,15841.903733406998,16397.05961981769,555.1558864106911,7048.412579558094
2011-03-29,15813.256317807316,16377.509592870254,564.2532750629388,7040.008837724987
2011-03-30,15787.004881828347,16365.021154970002,578.0162731416556,7034.6405787300155
2011-03-31,15774.048798040663,16345.542451464169,571.493653423506,7026.2674958720345
2011-04-01,15768.334177550274,16343.469679453674,575.1355019034008,7025.376497567944
2011-04-04,15768.36546445107,16341.886372818655,573.5209083675852,7024.695900030195
2011-04-05,15660.758071916222,16190.570527154416,529.8124552381938,6959.651524099692
2011-04-06,15640.994702557466,16178.644932994086,537.6502304366203,6954.525208171879
2011-04-07,15616.936423608979,16132.367501216806,515.4310776078264,6934.632468872792
2011-04-08,15559.884244307574,16094.29449888815,534.410254580577,6918.266471872299
2011-04-11,15438.392852346193,15936.494957081339,498.10210473514616,6850.435025179541
2011-04-12,15390.803874843177,15904.98749319228,514.183618349104,6836.891279533998
2011-04-13,15403.76260916945,15903.941942747742,500.179333578294,6836.441840971432
2011-04-14,15308.194049512394,15840.876353086935,532.6823035745408,6809.332572248322
2011-04-15,15308.08223859806,15838.987517002724,530.9052784046656,6808.520640333372
2011-04-18,15290.277760521507,15833.456082904408,543.1783223829,6806.142907338217
2011-04-19,15304.887515874318,15813.456466741487,508.5689508671703,6797.545905838101
2011-04-20,15307.107716429264,15810.64719467048,503.539478241217,6796.338316851796
2011-04-21,15326.73169496616,15838.118966527345,511.3872715611849,6808.147286681035
2011-04-22,15310.256009814606,15839.67042368198,529.414413867375,6808.814193454501
2011-04-25,15312.927257278103,15838.452181651393,525.5249243732902,6808.290521976051
2011-04-26,15311.618612649874,15838.380067448352,526.7614547984768,6808.259523085539
2011-04-27,15297.142152702058,15812.694727732387,515.5525750303298,6797.218465983727
2011-04-28,15216.012037741384,15775.10695152878,559.0949137873951,6781.061047472488
2011-04-29,15222.490255772105,15786.507807565178,564.017551793073,6785.961800349398
2011-05-02,15161.303371301696,15702.153360253105,540.8499889514096,6749.701338939751
2011-05-03,15166.55907788512,15685.05834254831,518.4992646631885,6742.352903267014
2011-05-04,15171.0180925367,15674.723929386724,503.70583685002384,6737.91056973775
2011-05-05,15075.633281740049,15599.150841971232,523.5175602311829,6705.424848982572
2011-05-06,15145.875770076374,15636.266134474467,490.3903643980916,6721.37916644188
2011-05-09,15048.891198480873,15567.067493395789,518.1762949149164,6691.633554510471
2011-05-10,15037.570029425844,15564.493529656409,526.9235002305643,6690.527114769407
2011-05-11,15036.82217148512,15562.360900867478,525.5387293823575,6689.6103865308105
2011-05-12,15081.600319887604,15591.620655053537,510.02033516593315,6702.187935448821
2011-05-13,15080.713795493453,15573.359508773648,492.64571328019565,6694.338229700313
2011-05-16,15112.513455563829,15595.607213575982,483.09375801215356,6703.901590816933
2011-05-17,14966.57718215088,15478.240736321884,511.66355417100465,6653.450633518688
2011-05-18,14951.416434070457,15471.514086203902,520.0976521334444,6650.559126967564
2011-05-19,14952.893242447179,15476.236090195822,523.3428477486441,6652.588919693154
2011-05-20,14938.846411725239,15469.454956771957,530.6085450467186,6649.673993039434
2011-05-23,14958.890273301411,15468.380194773004,509.4899214715926,6649.211997647023
2011-05-24,14874.074261963098,15397.414263859824,523.3400018967264,6618.706701467947
2011-05-25,14865.81685739393,15378.992686288486,513.1758288945567,6610.788032993253
2011-05-26,14865.128123976854,15379.84534018449,514.7172162076363,6611.15455336861
2011-05-27,14828.532285137035,15322.323983132263,493.79169799522805,6586.428519186838
2011-05-30,14826.020227563384,15327.18839236559,501.16816480220626,6588.51952599094
2011-05-31,14826.466584426522,15323.044399860812,496.5778154342889,6586.738196314918
2011-06-01,14803.161764122815,15335.561453995258,532.3996898724427,6592.118756236382
2011-06-02,14833.680855147248,15331.776923102592,498.09606795534444,6590.4919441267675
2011-06-03,14669.81073171238,15202.301664981193,532.4909332688125,6534.835926569727
2011-06-06,14666.882379257446,15202.684025426975,535.8016461695289,6535.000287390415
2011-06-07,14677.36749084711,15208.134802790917,530.7673119438078,6537.343349416849
2011-06-08,14611.619241432569,15168.069997201339,556.4507557687707,6520.121159203317
2011-06-09,14612.992729114143,15168.683162767808,555.6904336536642,6520.384733526535
2011-06-10,14612.26299060144,15166.260955058295,553.9979644568547,6519.343527378244
2011-06-13,14660.735016633744,15202.23927893286,541.5042622991161,6534.809109407502
2011-06-14,14654.987112410652,15168.235100085803,513.2479876751516,6520.19213005265
2011-06-15,14668.33370129061,15197.485875063869,529.1521737732577,6532.765819183354
2011-06-16,14661.50973819914,15139.0051615898,477.49542339065897,6507.627397657218
2011-06-17,14676.107176301397,15142.883471822444,466.77629552104753,6509.294521596816
2011-06-20,14671.65231793246,15149.499212122922,477.8468941904632,6512.138352639586
2011-06-21,14647.278392971619,15106.767812639371,459.48941966775214,6493.769904841911
2011-06-22,14665.300113066392,15136.298652735553,470.9985396691612,6506.463982295119
2011-06-23,14674.659990164213,15137.55218730136,462.892197137148,6507.002824563636
2011-06-24,14700.01317310703,15139.27920154068,439.2660284336492,6507.745196011428
2011-06-27,14731.624486935598,15151.02425233962,419.3997654040214,6512.7939038723625
2011-06-28,14732.62506021271,15151.082947442066,418.4578872293569,6512.819134450774
2011-06-29,14699.974769020124,15147.073624953846,447.0988559337213,6511.095693802468
2011-06-30,14694.792400914806,15161.08972974889,466.2973288340831,6517.1206331296635
2011-07-01,14690.396917822884,15152.656430255274,462.2595124323915,6513.495509136936
2011-07-04,14670.766842722513,15119.62268939328,448.8558466707671,6499.29568062865
2011-07-05,14647.139144754852,15073.425639032685,426.28649427783296,6479.437493950683
2011-07-06,14645.09082932735,15076.29561162821,431.20478230085985,6480.671175562771
2011-07-07,14629.989177133051,15069.827894911137,439.83871777808525,6477.890973689593
2011-07-08,14615.983756615802,15067.847738096374,451.8639814805718,6477.039786798389
2011-07-11,14610.012544288302,15064.719061609647,454.70651732134456,6475.694899165014
2011-07-12,14683.574939852573,15118.720143629895,435.14520377732185,6498.90771381876
2011-07-13,14676.78176182017,15114.95866275866,438.1769009384901,6497.290809952745
2011-07-14,14684.044199575648,15128.495987264892,444.45178768924404,6503.109941587051
2011-07-15,14680.884255721661,15105.291793159055,424.4075374373932,6493.135425580753
2011-07-18,14661.105746728796,15102.032557144903,440.9268104161079,6491.734415847634
2011-07-19,14540.321325533032,15004.931718085856,464.61039255282464,6449.994811834592
2011-07-20,14541.37895855308,15007.450131341138,466.07117278805805,6451.077372737622
2011-07-21,14537.485689697478,14998.160108212143,460.67441851466555,6447.083978958187
2011-07-22,14538.810913857875,15000.846894304259,462.0359804463842,6448.238916326797
2011-07-25,14512.917008362474,14960.820509657098,447.90350129462377,6431.033241675209
2011-07-26,14508.326784334145,14959.049676692559,450.72289235841316,6430.2720343836
2011-07-27,14507.981034076267,14953.034852970193,445.05381889392584,6427.686512334432
2011-07-28,14571.971792233702,14996.825806222536,424.85401398883397,6446.510418140178
2011-07-29,14591.79095694077,15001.670755981902,409.87979904113365,6448.593060127402
2011-08-01,14589.996146167208,15003.819310867784,413.82316470057657,6449.516634331354
2011-08-02,14608.586111501176,15016.296318533645,407.71020703246836,6454.879979944918
2011-08-03,14572.11492849183,14987.172989227856,415.05806073602605,6442.3610743973995
2011-08-04,14571.227804303275,14978.92809262424,407.7002883209653,6438.816936955352
2011-08-05,14942.159528270155,15285.829502667768,343.6699743976134,6570.7410629505075
2011-08-08,14943.083600909267,15277.713067872099,334.62946696283177,6567.252145886023
2011-08-09,15252.519546443014,15533.018328038352,280.49878159533813,6676.99723732963
2011-08-10,15432.623073172987,15749.3111835775,316.6881104045132,6769.972521874434
2011-08-11,15574.976381295117,15848.481540954328,273.5051596592103,6812.6017255646675
2011-08-12,15592.727664398764,15873.352641439162,280.6249770403965,6823.292775154613
2011-08-15,15594.035714456368,15881.119135939578,287.0834214832094,6826.631267470006
2011-08-16,15611.48673356905,15923.524237288817,312.03750371976696,6844.859453298285
2011-08-17,15620.66662665727,15924.612314739248,303.9456880819783,6845.327172448363
2011-08-18,15614.206883621877,15902.964376116757,288.75749249488007,6836.021625817072
2011-08-19,15775.991321743752,16029.965118776961,253.97379703320973,6890.613952303311
2011-08-22,15811.058526822448,16051.662068881053,240.60354205860568,6899.940566927977
2011-08-23,15788.83099518245,16049.494975491903,260.66398030945334,6899.009023794067
2011-08-24,15782.54331113959,16039.839620068009,257.29630892841897,6894.858588886357
2011-08-25,15764.442039989544,16027.970886260306,263.5288462707606,6889.756714854471
2011-08-26,15776.695557411644,16037.076752068426,260.38119465678136,6893.670947076457
2011-08-29,15800.372425885518,16092.72923077584,292.35680489032154,6917.593628343703
2011-08-30,15803.25318081163,16097.43185140378,294.17867059215223,6919.615088968924
2011-08-31,15784.537157784753,16096.404029602088,311.8668718173351,6919.1732712110725
2011-09-01,15784.62671887969,16094.387850098863,309.7611312191728,6918.306599667352
2011-09-02,15687.886282579651,16016.989236022835,329.1029534431834,6885.036161080028
2011-09-05,15714.92018943031,16034.178093675482,319.2579042451717,6892.4249346355455
2011-09-06,15708.951794195005,16006.943676521758,297.9918823267519,6880.717993701377
2011-09-07,15795.093400203057,16038.242233687042,243.1488334839858,6894.171939052602
2011-09-08,15800.88380022931,16051.713540358372,250.82974012906186,6899.962692370992
2011-09-09,15807.491967259612,16035.708126547835,228.2161592882236,6893.08263200292
2011-09-12,15972.941786764266,16166.970605579758,194.02881881549214,6949.506901346576
2011-09-13,15997.339107182357,16169.529547015483,172.19043983312616,6950.606883625357
2011-09-14,16004.60223538215,16192.035862872024,187.43362748987502,6960.281410856509
2011-09-15,16006.214291740536,16194.484316126629,188.2700243860918,6961.333898870846
2011-09-16,16002.75116108935,16211.395015427406,208.64385433805467,6968.603103743204
2011-09-19,15970.436979571688,16205.028442980469,234.59146340878115,6965.866379576547
2011-09-20,16048.450454525559,16237.099713044148,188.6492585185897,6979.652481999816
2011-09-21,16031.529768345928,16233.67362632782,202.14385798189107,6978.17975010337
2011-09-22,16119.764346792328,16297.401353835705,177.6370070433768,7005.5736442922
2011-09-23,16287.188363000412,16418.06035437351,130.87199137309602,7057.439920133491
2011-09-26,16282.214242957169,16414.359806022083,132.14556306491448,7055.849208618366
2011-09-27,16206.54125706295,16381.398531889316,174.8572748263648,7041.680530536908
2011-09-28,16220.275909103791,16425.544906976254,205.26899787246313,7060.6572173770655
2011-09-29,16191.699719175002,16402.635488073734,210.9357688987321,7050.809412945853
2011-09-30,16156.645003572146,16356.96563021524,200.3206266430939,7031.177844353678
2011-10-03,16158.70440256938,16358.691825741735,199.98742317235488,7031.919863870947
2011-10-04,16245.845049281748,16406.254915422556,160.40986614080808,7052.365253922695
2011-10-05,16245.822487882411,16406.352935672057,160.53044778964633,7052.407388742941
2011-10-06,16264.452751568484,16437.95930758582,173.50655601733683,7065.993650826292
2011-10-07,16274.29598271251,16453.154060589124,178.8580778766133,7072.525241897797
2011-10-10,16291.780368497768,16460.711502676153,168.93113417838524,7075.7738712929795
2011-10-11,16350.773410817565,16531.6810441008,180.90763328323456,7106.280719480465
2011-10-12,16338.818951788884,16528.99822782149,190.1792760326037,7105.127488568938
2011-10-13,16344.590977884794,16540.519932939507,195.92895505471208,7110.0801894296255
2011-10-14,16283.747466635297,16501.791247694535,218.04378105923772,7093.432341669135
2011-10-17,16279.483605350975,16493.140073979503,213.65646862852665,7089.713562628575
2011-10-18,16294.37792544168,16466.907804445098,172.52987900341677,7078.437403191235
2011-10-19,16283.890471635585,16475.3555197949,191.46504815931374,7082.068723959753
2011-10-20,16339.757937706661,16510.67270175419,170.9147640475276,7097.250108632864
2011-10-21,16300.552119039281,16484.212543272864,183.660424233583,7085.875989234562
2011-10-24,16329.52728995682,16541.440632467795,211.91334251097416,7110.475959786484
2011-10-25,16320.648462683159,16528.377078371257,207.728615688099,7104.860482306822
2011-10-26,16320.993043287735,16528.45100785681,207.45796456907308,7104.8922615116335
2011-10-27,16303.957177324142,16498.967340994946,195.0101636708034,7092.218461865904
2011-10-28,16448.22625254687,16696.432302091533,248.20604954466498,7177.100419246418
2011-10-31,16382.814516683644,16658.78130763384,275.96679095019476,7160.915825842382
2011-11-01,16645.309938453327,16858.42431567854,213.11437722521612,7246.734034835316
2011-11-02,16747.859722349895,16899.845212613625,151.98549026372967,7264.539152202882
2011-11-03,16748.254676171822,16909.84401119354,161.58933502172027,7268.837219010296
2011-11-04,16768.822288537252,16962.510913742142,193.68862520489066,7291.4765255114
2011-11-07,16741.04422254916,16943.122027065438,202.07780451627727,7283.142051165126
2011-11-08,16730.32264833249,16950.170936878716,219.8482885462272,7286.172083729014
2011-11-09,16675.54770520597,16919.032826738086,243.48512153211797,7272.787107867024
2011-11-10,16867.15265385615,17065.251709070828,198.0990552146796,7335.640511678364
2011-11-11,16864.7300953721,17065.04655752316,200.31646215106338,7335.552325577758
2011-11-14,16894.81692825892,17128.44663071724,233.62970245832219,7362.805374832147
2011-11-15,16913.649156114538,17129.00010879766,215.3509526831219,7363.043291992601
2011-11-16,16899.58992691707,17121.039933890148,221.4500069730797,7359.621544541869
2011-11-17,16972.273166583564,17154.640064685016,182.36689810145302,7374.064840477875
2011-11-18,16902.111682880848,17098.647114220556,196.53543133970743,7349.995804591509
2011-11-21,16903.50045950707,17095.713218046407,192.2127585393353,7348.734644896999
2011-11-22,16983.12210150123,17155.04160634393,171.91950484269773,7374.237446502706
2011-11-23,16984.17237861638,17154.823170745276,170.65079212889694,7374.143550142197
2011-11-24,17061.09486351154,17200.177468118425,139.08260460688697,7393.639472432773
2011-11-25,17068.279872367362,17191.45284120841,123.17296884104898,7389.889118924869
2011-11-28,17083.718427231815,17197.817378498497,114.09895126668256,7392.624968262411
2011-11-29,17187.083425093988,17344.592742775705,157.50931768171645,7455.717580470172
2011-11-30,17180.298324236654,17345.527052069352,165.22872783269707,7456.1192010979685
2011-12-01,17310.910217157572,17535.17341516351,224.26319800593808,7537.6402690390005
2011-12-02,17305.50282144643,17532.259756723386,226.75693527695785,7536.387808702936
2011-12-05,17305.55349319847,17532.250743814617,226.69725061614756,7536.383934429072
2011-12-06,17265.774365084126,17464.297919447527,198.5235543633992,7507.173847182293
2011-12-07,17274.235273618422,17466.587983075813,192.35270945738964,7508.158250097196
2011-12-08,17275.183235645778,17469.688975266454,194.50573962067685,7509.491237405434
2011-12-09,17397.79984297653,17564.641485986187,166.8416430096577,7550.307364597453
2011-12-12,17412.582302091094,17590.65575550029,178.07345340919775,7561.489814911264
2011-12-13,17534.970410089423,17663.43565840459,128.46524831516658,7592.774862051649
2011-12-14,17577.22736332423,17694.445173314994,117.21780999076452,7606.1045601833985
2011-12-15,17654.26902397448,17736.314855265988,82.04583129150811,7624.102591526092
2011-12-16,17656.446684851966,17730.907114939913,74.46043008794713,7621.778029328659
2011-12-19,17614.53142885613,17711.7320508102,97.20062195406814,7613.535468384234
2011-12-20,17638.28593962006,17723.108862095884,84.82292247582377,7618.425885424882
2011-12-21,17699.833524737955,17815.3959870824,115.56246234444386,7658.096274370717
2011-12-22,17596.905442884046,17739.864591210204,142.95914832615836,7625.628475072498
2011-12-23,17545.814575874774,17712.138260457697,166.32368458292243,7613.710080982818
2011-12-26,17503.735652005675,17692.9958301397,189.26017813402257,7605.481547954029
2011-12-27,17507.542115279055,17688.2674571695,180.72534189044262,7603.449017470106
2011-12-28,17506.511273455217,17687.737370435287,181.2260969800699,7603.221155274547
2011-12-29,17562.821187389934,17727.03291446001,164.21172707007486,7620.1126720004895
2011-12-30,17526.76450785446,17717.097963759337,190.3334559048796,7615.842050735488
2012-01-02,17489.967964066967,17703.545785966813,213.57782189984525,7610.016534292417
2012-01-03,17475.90960132274,17667.498484813026,191.5888834902871,7594.521301805467
2012-01-04,17512.90734896896,17717.36850391634,204.4611549473773,7615.9583446741635
2012-01-05,17488.323779462462,17705.430471271924,217.10669180946067,7610.826681960418
2012-01-06,17295.206011013623,17549.75968147762,254.5536704639948,7543.910297041637
2012-01-09,17319.2779373068,17564.271603362045,244.99366605524318,7550.148367472273
2012-01-10,17300.41658205875,17554.893802224822,254.47722016607062,7546.117241585269
2012-01-11,17295.06433399071,17546.978530491124,251.9141965004121,7542.71479613761
2012-01-12,17286.440804092348,17545.577617767314,259.1368136749658,7542.1126021409855
2012-01-13,17286.406924717907,17541.623179486945,255.21625476903893,7540.4127539263245
2012-01-16,17286.948130156157,17541.921466822634,254.9733366664777,7540.540975220748
2012-01-17,17292.549988503713,17543.762535070706,251.21254656699296,7541.332373733676
2012-01-18,17253.881912756657,17489.12153146476,235.23961870810146,7517.844483459108
2012-01-19,17251.968666025095,17511.875663968334,259.9069979432376,7527.625536739008
2012-01-20,17249.1910975944,17517.132831380295,267.9417337858955,7529.885373915823
2012-01-23,17243.77288523613,17521.70681707068,277.933931834553,7531.851539742277
2012-01-24,17243.606638094763,17521.789878853007,278.1832407582435,7531.8872445408815
2012-01-25,17212.527178682845,17503.2767633478,290.7495846649549,7523.929227723281
2012-01-26,17228.987794308345,17538.727310340764,309.73951603241835,7539.167940466354
2012-01-27,17227.873122905236,17539.986656163324,312.11353325809006,7539.709280751963
2012-01-30,17227.101681789838,17537.097655786692,309.9959739968547,7538.467419889763
2012-01-31,17240.67275364001,17534.29860504711,293.6258514071003,7537.264224627861
2012-02-01,17238.18644710639,17522.604424052726,284.41797694633783,7532.2373835758945
2012-02-02,17238.810623241807,17524.54002930378,285.7294060619716,7533.069419606555
2012-02-03,17222.489077941635,17526.04963046186,303.56055252022645,7533.71833423146
2012-02-06,17222.53563429365,17514.99113788798,292.4555035943287,7528.964749139015
2012-02-07,17223.164597434767,17515.200619583433,292.0360221486666,7529.054796589696
2012-02-08,17218.467843618044,17521.113921642278,302.6460780242344,7531.596678706653
2012-02-09,17214.48015060614,17522.618991701,308.1388410948616,7532.243645600778
2012-02-10,17219.089701590714,17518.539163667247,299.44946207653317,7530.489897556781
2012-02-13,17255.34115195649,17534.283087934225,278.9419359777365,7537.25755446771
2012-02-14,17243.83351349333,17537.06651996989,293.23300647656083,7538.454035899711
2012-02-15,17244.150576719698,17510.76461080156,266.6140340818623,7527.1479412859935
2012-02-16,17243.104468352696,17511.411044625485,268.3065762727897,7527.4258162466285
2012-02-17,17228.46777548196,17512.220202700064,283.75242721810486,7527.7736395810525
2012-02-20,17191.62714468639,17495.527008690944,303.89986400455405,7520.597931168999
2012-02-21,17192.58898892065,17494.80034678117,302.2113578605188,7520.285569497778
2012-02-22,17192.46900900312,17497.025761694542,304.5567526914184,7521.24218262439
2012-02-23,17115.18913132632,17448.26245426194,333.0733229356232,7500.280868980485
2012-02-24,17110.723933725872,17451.449824239335,340.72589051346165,7501.650986499434
2012-02-27,17101.807222090272,17431.54761019809,329.74038810781707,7493.095854112173
2012-02-28,17105.52810223907,17422.068391192675,316.5402889536039,7489.021132910245
2012-02-29,17100.826127414693,17431.890452018568,331.064324603873,7493.243227522788
2012-03-01,17205.654936164265,17504.704263115404,299.04932695113916,7524.542850382012
2012-03-02,17196.444293368284,17484.85024467402,288.4059513057363,7516.00843527457
2012-03-05,17206.03451258955,17489.120655198833,283.0861426092798,7517.844106788904
2012-03-06,17226.6174147917,17498.528743360574,271.9113285688734,7521.888251805532
2012-03-07,17312.88530968572,17558.426589008115,245.54127932239436,7547.6358393937535
2012-03-08,17308.977957521987,17562.108635966517,253.13067844452823,7549.218597931069
2012-03-09,17328.143047004767,17603.792414008938,275.6493670041725,7567.136716931051
2012-03-12,17324.004106710523,17591.304061416744,267.29995470622043,7561.768494606459
2012-03-13,17340.86515644845,17595.975832466436,255.11067601798467,7563.776694283653
2012-03-14,17336.897113846713,17598.301899376263,261.40478552954875,7564.776573508847
2012-03-15,17375.271673674128,17610.6264440818,235.3547704076738,7570.074381649695
2012-03-16,17374.3794247587,17619.555476643316,245.17605188461806,7573.91260062853
2012-03-19,17292.927369149205,17569.972440783986,277.0450716347811,7552.598919896333
2012-03-20,17286.35063279023,17570.403200804863,284.0525680146343,7552.784085677293
2012-03-21,17309.450381586706,17577.76431379739,268.31393221068436,7555.948321376805
2012-03-22,17311.340486272267,17577.902554112068,266.56206783980207,7556.007745126891
2012-03-23,17306.649004486382,17575.092706679705,268.44370219332177,7554.799908816716
2012-03-26,17303.448997241085,17567.5524015836,264.1034043425184,7551.558645899745
2012-03-27,17317.93044780553,17601.712636442255,283.7821886367227,7566.242707230313
2012-03-28,17237.829641607044,17547.572128173906,309.7424865668613,7542.969959043126
2012-03-29,17253.85653333547,17555.609104772386,301.7525714369136,7546.424720340077
2012-03-30,17260.31049326709,17543.77750727051,283.46701400342084,7541.338809658404
2012-04-02,17254.25609678469,17545.614665943904,291.3585691592127,7542.128527608111
2012-04-03,17255.222285564047,17553.21454480206,297.99225923801197,7545.395398802638
2012-04-04,17156.401766776245,17471.379727912627,314.9779611363812,7510.218021505542
2012-04-05,17221.37308132237,17521.23687475399,299.86379343162133,7531.649531125281
2012-04-06,17183.617879975955,17497.917208003335,314.299328027379,7521.625378241322
2012-04-09,17170.674854586832,17491.68165766828,321.0068030814458,7518.944975020189
2012-04-10,17108.90756448948,17390.55331333962,281.6457488501387,7475.474114338893
2012-04-11,17123.006617707022,17398.350594674943,275.3439769679213,7478.825840631564
2012-04-12,17116.637481684014,17386.187596693908,269.5501150098938,7473.597474695085
2012-04-13,17090.758737535685,17390.40252041648,299.64378288079564,7475.409294745562
2012-04-16,17077.364922338536,17380.106547437896,302.7416250993587,7470.983485048967
2012-04-17,17074.851513572543,17379.83159469319,304.98008112064804,7470.865294322733
2012-04-18,17029.411008243726,17367.969416825523,338.5584085817974,7465.766238416248
2012-04-19,17037.653348580734,17371.143196134548,333.4898475538127,7467.13051387326
2012-04-20,16975.392214579402,17326.273519860835,350.8813052814333,7447.842909996641
2012-04-23,16974.03743088817,17320.325642304237,346.28821141606863,7445.286165314141
2012-04-24,16962.015450547726,17311.525936872073,349.51048632434805,7441.503538678479
2012-04-25,16956.009054559294,17311.28225664803,355.27320208873925,7441.398790705589
2012-04-26,16927.16335214275,17311.38186426113,384.21851211837753,7441.441607867291
2012-04-27,16842.00976094323,17198.3994157256,356.3896547823673,7392.875161809814
2012-04-30,16810.182653002877,17182.035581094304,371.852928091425,7385.841031268164
2012-05-01,16812.105349597918,17182.33660533953,370.23125574161315,7385.970429045936
2012-05-02,16801.178197946003,17177.3685324206,376.1903344745974,7383.834861543602
2012-05-03,16814.39486321524,17167.219588998712,352.8247257834743,7379.4722537259395
2012-05-04,16836.161636779216,17181.347921452056,345.1862846728386,7385.545435046325
2012-05-07,16754.57435576731,17117.259799492847,362.68544372553816,7357.996622302388
2012-05-08,16747.288773210963,17113.974080748398,366.6853075374349,7356.584228747188
2012-05-09,16778.4526798396,17123.758062428322,345.30538258872224,7360.789954721838
2012-05-10,16806.187179281962,17138.196327778576,332.0091484966157,7366.996363278085
2012-05-11,16784.514419420702,17094.55318027147,310.0387608507664,7348.235993002379
2012-05-14,16796.935817144415,17095.756232096366,298.82041495195057,7348.753134844457
2012-05-15,16851.02678346998,17124.80809201414,273.7813085441588,7361.24131868057
2012-05-16,16854.94098467903,17081.804443927584,226.86345924855328,7342.755842554483
2012-05-17,16869.92009114641,17088.917344064736,218.99725291832584,7345.813381891795
2012-05-18,16871.323067923444,17080.7205974009,209.3975294774555,7342.2899421022
2012-05-21,16881.396792518997,17082.618972248045,201.22217972904846,7343.1059743338055
2012-05-22,16876.746876122652,17103.629944274435,226.88306815178117,7352.1377155711525
2012-05-23,16873.010961694246,17101.50341677823,228.49245508398144,7351.223610024027
2012-05-24,16888.622128521514,17108.74331546611,220.12118694459554,7354.335740745605
2012-05-25,16892.396244047122,17111.085227831885,218.68898378476257,7355.342431271948
2012-05-28,16895.621578512,17106.8285606795,211.20698216749824,7353.512667460661
2012-05-29,16873.624268050444,17096.628041130476,223.00377308003405,7349.1278892153905
2012-05-30,16758.999840350287,17021.632107461093,262.63226711080796,7316.890262802659
2012-05-31,16794.390015089353,17043.062932337893,248.67291724853843,7326.102481282938
2012-06-01,16793.76195927896,17043.009073795078,249.24711451611856,7326.07932973995
2012-06-04,16826.649211379266,17059.637199072466,232.98798769319882,7333.227067815985
2012-06-05,16823.230272284534,17059.91683882174,236.6865665372068,7333.347273290151
2012-06-06,16819.698244913045,17049.777129813654,230.07888490061032,7328.988634962138
2012-06-07,16801.301957449785,17024.583713420197,223.28175597041292,7318.159035195661
2012-06-08,16811.565360488945,17024.954723866238,213.38936337729328,7318.318517124473
2012-06-11,16812.56831225694,17024.809119109286,212.24080685234637,7318.25592770757
2012-06-12,16810.697631294286,17023.863991657854,213.16636036356817,7317.849656804589
2012-06-13,16796.34549810308,16998.51895679497,202.17345869189015,7306.954882576839
2012-06-14,16802.94330653004,16997.36093824279,194.41763171274977,7306.45709866193
2012-06-15,16803.94993143581,17001.20473672916,197.25480529335036,7308.1093874400885
2012-06-18,16717.182609781816,16961.449446198007,244.2668364161895,7291.020244851066
2012-06-19,16717.653857612644,16961.416778468203,243.76292085556074,7291.006202355457
2012-06-20,16717.53343577677,16964.806805971682,247.27337019491193,7292.463433899075
2012-06-21,16661.220143118513,16931.371056200278,270.1509130817658,7278.090798514442
2012-06-22,16721.245875872013,16930.625969519904,209.380093647891,7277.7705168021985
2012-06-25,16722.73584847743,16926.24694342489,203.51109494745762,7275.88815598081
2012-06-26,16764.364365832243,16944.369978300445,180.00561246819976,7283.678493392417
2012-06-27,16749.277345259885,16939.152782812493,189.87543755260924,7281.435838479896
2012-06-28,16746.56010444785,16944.903878174515,198.34377372666512,7283.907994697888
2012-06-29,16752.924260728545,16943.853951761972,190.9296910334267,7283.456675089045
2012-07-02,16840.458672879526,17069.259457864457,228.80078498493214,7337.363275860949
2012-07-03,16804.74215303542,17015.21384106486,210.47168802944017,7314.131317561555
2012-07-04,16805.545019814494,17025.986621794975,220.44160198047962,7318.7620870394685
2012-07-05,16807.81278372455,17025.09551129149,217.28272756693877,7318.379035771242
2012-07-06,16857.251643426625,17054.639909128888,197.38826570226388,7331.078941132379
2012-07-09,16908.377001200282,17079.530058842593,171.15305764230945,7341.778179191934
2012-07-10,16917.10263901572,17080.04879185131,162.94615283558835,7342.001160894072
2012-07-11,16927.529872539406,17086.167985027783,158.63811248837692,7344.631547021941
2012-07-12,16773.137170140286,16972.215140247456,199.07797010717132,7295.647968060299
2012-07-13,16767.021196430887,16968.379201037314,201.35800460642744,7293.999057657454
2012-07-16,16768.91048390338,16991.0984843475,222.1880004441239,7303.765130721464
2012-07-17,16771.928448836105,16987.194792967246,215.26634413114246,7302.087096484273
2012-07-18,16772.246510552373,16978.805016508017,206.55850595564195,7298.480681230198
2012-07-19,16772.145934723518,16980.51606533254,208.37013060902163,7299.21618981153
2012-07-20,16743.533617542,16971.276122438918,227.74250489691747,7295.244323438178
2012-07-23,16760.42317195163,16983.67433947099,223.25116751936127,7300.573800241893
2012-07-24,16818.628030649576,17025.58601895961,206.9579883100337,7318.589884575755
2012-07-25,16821.89369708578,17027.489902565292,205.5962054795136,7319.408284793078
2012-07-26,16819.30987614907,17031.769312300654,212.45943615158558,7321.247824692985
2012-07-27,16840.541959194776,17080.614553381478,240.07259418670196,7342.244358197657
2012-07-30,16867.346394790377,17120.913713459704,253.56731866932617,7359.567287639086
2012-07-31,16853.471739441746,17113.83864160233,260.36690216058446,7356.5260091027485
2012-08-01,16861.458809587468,17116.409896854402,254.95108726693468,7357.631284577996
2012-08-02,16836.163069263737,17055.501172701002,219.33810343726648,7331.4491624486855
2012-08-03,16874.744304146472,17070.924794436134,196.1804902896633,7338.079134649852
2012-08-06,16911.992000918744,17128.305325186426,216.3133242676796,7362.744633473388
2012-08-07,16915.67625910499,17145.450204105025,229.77394500003814,7370.114502403962
2012-08-08,16902.16914786734,17143.12529334416,240.95614547682132,7369.115120159024
2012-08-09,16903.286942849685,17143.38626463514,240.09932178545475,7369.227300840981
2012-08-10,16904.27184370193,17143.40419650037,239.13235279844224,7369.23500900253
2012-08-13,16906.45809248565,17142.33159671035,235.87350422470092,7368.7739430536285
2012-08-14,16911.35955899005,17126.574699507644,215.21514051759283,7362.000709618279
2012-08-15,16908.366402716638,17105.418405595625,197.05200287898802,7352.90650055862
2012-08-16,16916.153551756055,17106.259114358014,190.10556260196034,7353.267886218852
2012-08-17,16912.130556087923,17115.794983431748,203.6644273438235,7357.366958924247
2012-08-20,16906.15287349411,17119.24958683095,213.09671333684128,7358.851948954221
2012-08-21,16900.96447615429,17096.75907522077,195.7945990664765,7349.184215309934
2012-08-22,16900.840173979635,17098.1078364352,197.26766245556593,7349.763991546102
2012-08-23,16901.165600509903,17104.366996386474,203.20139587657016,7352.454543557312
2012-08-24,16894.69817328072,17101.92224457727,207.2240712965485,7351.403646640094
2012-08-27,16881.433088415495,17069.42516044661,187.99207203111533,7337.434504495326
2012-08-28,16885.14761554669,17067.850528676514,182.70291312982155,7336.75763592048
2012-08-29,16890.20414825689,17063.09741191188,172.8932636549894,7334.714469110532
2012-08-30,16892.70057542486,17062.45875426939,169.75817884453224,7334.439936806221
2012-08-31,16920.660790566657,17079.911695016344,159.2509044496861,7341.94222867826
2012-09-03,16926.90095980896,17093.86665278705,166.96569297808588,7347.940883448006
2012-09-04,16901.1871519583,17081.91542593938,180.72827398108106,7342.803549096155
2012-09-05,16868.44757521804,17013.87131730972,145.42374209168128,7313.55422254919
2012-09-06,16871.147600420598,16997.094341729742,125.94674130914557,7306.3424999314375
2012-09-07,16885.818748338595,17034.757057545972,148.93830920737506,7322.532131859019
2012-09-10,16902.80602798099,17064.139263935795,161.3332359548039,7335.162317876205
2012-09-11,16908.401000575355,17064.673289961273,156.27228938591867,7335.391873408908
2012-09-12,16899.155772387407,17068.92500811072,169.7692357233141,7337.219509850083
2012-09-13,16892.027464459996,17053.94619531991,161.91873085991557,7330.7807424765715
2012-09-14,16915.56218292018,17094.661105011888,179.09892209170587,7348.282385350498
2012-09-17,16906.80071678934,17099.165839392932,192.36512260359146,7350.218782925131
2012-09-18,16915.84217814418,17096.155804471517,180.313626327339,7348.92489435627
2012-09-19,16823.378464858026,17032.340697430616,208.96223257259058,7321.493439347756
2012-09-20,16822.882234135595,17021.1930750449,198.31084090930446,7316.701541063708
2012-09-21,16827.479110392505,17022.97943769873,195.50032730622593,7317.46942392154
2012-09-24,16827.707138493013,17022.731065750162,195.02392725714768,7317.362659171806
2012-09-25,16837.601129320225,17020.739240708997,183.13811138877352,7316.506456596348
2012-09-26,16835.22466500725,17019.393504307143,184.16883929989612,7315.927980601045
2012-09-27,16828.620254571648,17014.970774539062,186.3505199674138,7314.026833391967
2012-09-28,16832.658164017295,17023.836130874573,191.17796685727632,7317.837680614962
2012-10-01,16865.842975474618,17039.043231165302,173.20025569068477,7324.374579270756
2012-10-02,16861.67017835925,17038.348254961027,176.6780766017771,7324.075837963823
2012-10-03,16859.938539715375,17027.060757755604,167.12221804022906,7319.223813324095
2012-10-04,16861.92582129869,17024.74031656383,162.81449526514362,7318.22635236064
2012-10-05,16792.661471437896,16930.405639473876,137.7441680359791,7277.675806097714
2012-10-08,16794.037940308557,16929.809247294488,135.77130698592993,7277.419441954567
2012-10-09,16802.136653852493,16933.583199508685,131.44654565619254,7279.041706731176
2012-10-10,16791.621499454846,16925.522832776853,133.90133332200693,7275.576890990686
2012-10-11,16807.76747158755,16926.486095278033,118.71862369048316,7275.990957395771
2012-10-12,16795.122085478033,16926.446570316537,131.3244848385045,7275.973967262035
2012-10-15,16727.20371406312,16881.011874222902,153.80816015978243,7256.443484912155
2012-10-16,16715.304771014627,16879.491535237423,164.18676422279583,7255.789954542753
2012-10-17,16652.759917905605,16855.330129648173,202.57021174256946,7245.403973211732
2012-10-18,16651.499608758906,16859.07762385518,207.5780150962743,7247.014864793694
2012-10-19,16618.55953555284,16796.9772298504,178.4176942975627,7220.320493458373
2012-10-22,16667.360667640914,16820.775038125033,153.41437048411862,7230.550179456837
2012-10-23,16667.12218955211,16821.25280282482,154.13061327271092,7230.755550590329
2012-10-24,16654.323583401096,16811.134961723445,156.81137832234717,7226.406312364061
2012-10-25,16666.970140418485,16811.299985772708,144.32984535422167,7226.477249325427
2012-10-26,16662.785963691123,16814.164182582943,151.3782188918212,7227.708448168126
2012-10-29,16634.19270268042,16799.15431092999,164.96160824957082,7221.256329884164
2012-10-30,16626.284563387442,16796.41389689684,170.12933350939934,7220.078340098659
2012-10-31,16614.068255291575,16791.376648551784,177.3083932602109,7217.913036963533
2012-11-01,16601.816340487232,16764.508504051133,162.69216356390268,7206.363541378429
2012-11-02,16594.340222081613,16748.27477547195,153.9345533903375,7199.385338006384
2012-11-05,16626.989854668635,16747.32300690525,120.33315223661835,7198.976212364721
2012-11-06,16630.49767464124,16741.89504198901,111.39736734776974,7196.642956458839
2012-11-07,16579.997551700675,16720.66331762208,140.6657659214031,7187.516322990194
2012-11-08,16606.327432718248,16737.80688408132,131.47945136307268,7194.885627749188
2012-11-09,16617.98461122214,16740.336740518822,122.35212929668225,7195.973107599355
2012-11-12,16621.5033233569,16741.202184114292,119.6988607573904,7196.345125733499
2012-11-13,16626.75260411325,16732.700834687246,105.94823057399576,7192.690749910385
2012-11-14,16635.7057715925,16733.88131492791,98.1755433354066,7193.1981891690775
2012-11-15,16622.60322297086,16724.886963942245,102.28374097138192,7189.331892521861
2012-11-16,16621.71154968559,16725.41589763054,103.70434794494818,7189.559259071033
2012-11-19,16620.047533713627,16728.340541481815,108.29300776818857,7190.816441577532
2012-11-20,16637.148852954087,16765.96331277065,128.8144598165651,7206.988903017483
2012-11-21,16640.56852951383,16763.631087239362,123.06255772553246,7205.986376457584
2012-11-22,16637.52110859353,16764.36534263894,126.84423404540793,7206.302002253609
2012-11-23,16633.49538728621,16763.93459175009,130.4392044638791,7206.11684039813
2012-11-26,16650.918567679328,16803.46588404054,152.54731636121082,7223.109695478648
2012-11-27,16648.586504092204,16803.585239740893,154.99873564868759,7223.161001520057
2012-11-28,16658.30715232215,16802.347714828153,144.04056250599965,7222.629041134188
2012-11-29,16660.892750734565,16797.05936590034,136.16661516577543,7220.355800323205
2012-11-30,16651.10231012213,16801.498585066147,150.39627494401665,7222.264035637167
2012-12-03,16653.644258788816,16791.717854717677,138.07359592886274,7218.059707274409
2012-12-04,16657.989431015685,16786.300589650597,128.31115863491104,7215.731050787764
2012-12-05,16646.004393907126,16781.205939870448,135.2015459633229,7213.541073167908
2012-12-06,16621.86247713471,16771.233524258016,149.37104712330546,7209.254347298698
2012-12-07,16606.417764668386,16767.545941186163,161.12817651777877,7207.66920901693
2012-12-10,16600.757596263265,16765.283088941003,164.52549267773705,7206.696503141592
2012-12-11,16596.228538295312,16764.077475195565,167.84893690025123,7206.178260036641
2012-12-12,16595.023029992142,16757.93943113754,162.91640114539604,7203.539770700409
2012-12-13,16585.75185045944,16735.68907809585,149.93722763640827,7193.975271216055
2012-12-14,16599.847052754656,16738.073216991026,138.2261642363719,7195.000113167588
2012-12-17,16600.435845157204,16735.503087469853,135.0672423126476,7193.895321597138
2012-12-18,16598.49457974947,16742.413574084298,143.91899433482763,7196.865851796665
2012-12-19,16597.168848171772,16744.61957847763,147.45073030585797,7197.8141211496495
2012-12-20,16593.82779940088,16745.55579462919,151.72799522830974,7198.2165614561945
2012-12-21,16565.415740108285,16733.32222301053,167.90648290224516,7192.9578588540735
2012-12-24,16573.920296881348,16734.894094485266,160.97379760391914,7193.633540892978
2012-12-25,16581.71013662124,16731.617026929205,149.9068903079649,7192.224866123127
2012-12-26,16585.008268048205,16729.67866168675,144.67039363854724,7191.391643687185
2012-12-27,16588.563720144557,16727.083838460738,138.52011831618,7190.276237322141
2012-12-28,16581.519228752142,16727.027756649284,145.50852789714222,7190.252130088618
2012-12-31,16582.92437978111,16727.919948629187,144.995568848075,7190.635646238485
2013-01-01,16584.421113723216,16745.47308494529,161.0519712220734,7198.18100801003
2013-01-02,16565.96800501112,16703.199844295334,137.23183928421457,7180.009503601049
2013-01-03,16582.553491309165,16737.980896842553,155.42740553338714,7194.960428583221
2013-01-04,16619.520047410515,16756.743681097763,137.22363368724757,7203.02576759145
2013-01-07,16610.555999413595,16752.400951292635,141.8449518790414,7201.159009032427
2013-01-08,16622.075750192314,16754.888015885816,132.81226569350144,7202.228094452081
2013-01-09,16628.99478667423,16749.329357641847,120.33457096761934,7199.838658931282
2013-01-10,16628.268906888352,16750.19654248706,121.92763559871047,7200.211425556125
2013-01-11,16623.746775295247,16760.82071522291,137.07393992766444,7204.778314650573
2013-01-14,16620.926864764082,16765.742778183358,144.81591341927458,7206.894104389231
2013-01-15,16619.820881022428,16768.466252477174,148.64537145474657,7208.064812486763
2013-01-16,16618.45785246716,16768.116157499488,149.6583050323274,7207.91432124614
2013-01-17,16630.7659187706,16763.214788651938,132.44886988133484,7205.807427044184
2013-01-18,16630.26669112325,16761.15080592161,130.88411479835887,7204.920206885343
2013-01-21,16631.018720854656,16759.949766451016,128.93104559636095,7204.403930070513
2013-01-22,16634.37684523957,16759.863035684346,125.48619044477671,7204.366648128445
2013-01-23,16586.30845344459,16730.101611460832,143.7931580162399,7191.573452168539
2013-01-24,16587.29468011352,16730.425254970145,143.13057485662736,7191.71257302528
2013-01-25,16583.623854387544,16730.367907173844,146.74405278629976,7191.687921597632
2013-01-28,16578.75667992138,16720.237105871296,141.48042594991668,7187.333112321
2013-01-29,16590.702157753058,16716.548654334885,125.84649658182708,7185.747600722511
2013-01-30,16582.344592109064,16719.897426061387,137.55283395232303,7187.1870981269485
2013-01-31,16575.846946051068,16721.41477701492,145.56783096385414,7187.839344065944
2013-02-01,16578.72163437204,16712.567104760135,133.8454703880947,7184.0360984922645
2013-02-04,16574.157955236864,16716.89869141462,142.7407361777547,7185.898067075217
2013-02-05,16580.07770463176,16720.69743686014,140.61973222838196,7187.53098942871
2013-02-06,16581.17612349909,16720.561137714387,139.38501421529566,7187.472400106248
2013-02-07,16576.176159174014,16721.59012567017,145.41396649615507,7187.914719145143
2013-02-08,16513.14025492337,16677.697925974684,164.55767105131412,7169.047291712957
2013-02-11,16509.520076945504,16676.43699380282,166.91691685731774,7168.505269521894
2013-02-12,16435.473305698408,16625.627230362537,190.15392466412806,7146.664269726783
2013-02-13,16382.524097883386,16593.882569404544,211.35847152115804,7133.018562946544
2013-02-14,16286.964391278738,16526.35305336677,239.388662088031,7103.990438309072
2013-02-15,16259.842824120962,16460.947859836364,201.10503571540164,7075.875471385919
2013-02-18,16268.07161581618,16437.233594722828,169.16197890664841,7065.68169711073
2013-02-19,16234.48505115457,16375.85414411393,141.36909295936016,7039.2972292958275
2013-02-20,16229.968410770896,16387.986108832858,158.01769806196256,7044.5122553262445
2013-02-21,16261.624033358969,16405.672002573487,144.04796921451896,7052.114683981898
2013-02-22,16290.269134182652,16415.451139801447,125.18200561879503,7056.318327528544
2013-02-25,16273.316611037246,16418.219176718736,144.90256568149076,7057.508191240749
2013-02-26,16284.84367624846,16425.345031741806,140.50135549334723,7060.571299343619
2013-02-27,16284.385676108332,16431.67311171389,147.2874356055608,7063.29147719952
2013-02-28,16276.923484444369,16413.640572589316,136.71708814494812,7055.540040139827
2013-03-01,16277.632006762768,16413.74432925137,136.11232248860384,7055.584640804764
2013-03-04,16281.819278588011,16410.877729568256,129.0584509802443,7054.3524090671535
2013-03-05,16279.851912891272,16411.22905044656,131.37713755528833,7054.503427271363
2013-03-06,16271.48946420604,16416.02102361854,144.5315594125007,7056.563296831481
2013-03-07,16270.601673755104,16421.41665199779,150.81497824268726,7058.882652607742
2013-03-08,16274.170733657056,16422.569427617454,148.39869396039754,7059.378182804463
2013-03-11,16274.1907406597,16418.132179517845,143.94143885814532,7057.470794769713
2013-03-12,16269.784056218748,16417.620424508867,147.8363682901174,7057.250812618854
2013-03-13,16261.967950658702,16414.84755065379,152.87959999508828,7056.058869708674
2013-03-14,16265.778681501088,16412.279619213314,146.5009377122266,7054.955023001509
2013-03-15,16265.792491163511,16411.843591729605,146.05110056609442,7054.767592957804
2013-03-18,16265.535241807112,16413.478254275808,147.9430124686945,7055.470266261501
2013-03-19,16251.249683088145,16404.389881060986,153.1401979728411,7051.563553376366
2013-03-20,16250.672150440696,16404.647257452765,153.97510701206883,7051.674188760976
2013-03-21,16221.514718724378,16353.22929443689,131.71457571251057,7029.571749315165
2013-03-22,16226.765159437675,16345.168620455433,118.403461017759,7026.106801500867
2013-03-25,16224.702188018817,16346.557315008215,121.8551269893987,7026.703743414962
2013-03-26,16238.676710990589,16351.578450444482,112.90173945389346,7028.86212028211
2013-03-27,16239.869353088798,16345.62842798283,105.75907489403345,7026.304453594317
2013-03-28,16233.246049282485,16320.002204378901,86.75615509641733,7015.288808045392
2013-03-29,16228.906661276287,16296.613348596473,67.70668732018507,7005.234913680143
2013-04-01,16229.40215497882,16287.434543418703,58.032388439883164,7001.289327862908
2013-04-02,16255.211824597272,16303.84587233351,48.634047736236724,7008.343874217706
2013-04-03,16249.299158851423,16306.993575939388,57.69441708796542,7009.696940816645
2013-04-04,16243.060335589309,16303.09565354625,60.035317956941604,7008.021386426593
2013-04-05,16185.56363848707,16283.897414551133,98.33377606406233,6999.768863573349
2013-04-08,16183.217155282038,16285.296848951122,102.07969366908434,7000.3704221001735
2013-04-09,16182.758368541714,16286.51247164985,103.75410310813598,7000.892967637018
2013-04-10,16182.99916139766,16280.317035568929,97.3178741712686,6998.229807861967
2013-04-11,16138.241186930916,16264.660866663125,126.41967973220925,6991.499873323583
2013-04-12,16133.106017766237,16268.368753493352,135.26273572711594,6993.093739344913
2013-04-15,16125.605121451134,16262.87157381203,137.26645236089576,6990.7307308960635
2013-04-16,16354.025132107434,16451.34873531757,97.32360321013545,7071.749207800876
2013-04-17,16359.073179859877,16471.597726405256,112.52454654537948,7080.453405188396
2013-04-18,16394.784286874776,16481.25897167538,86.47468480060485,7084.606371895537
2013-04-19,16404.45544873728,16484.970520201743,80.51507146446285,7086.201811927435
2013-04-22,16385.89063824907,16485.658598346803,99.76796009773018,7086.497588046192
2013-04-23,16324.205278148986,16454.213274961796,130.00799681280967,7072.980554013621
2013-04-24,16325.335730226,16459.142002617536,133.80627239153773,7075.099208627034
2013-04-25,16325.510782270934,16462.7481951735,137.23741290256504,7076.6493605179885
2013-04-26,16328.802817594338,16472.614172802172,143.8113552078343,7080.890333133807
2013-04-29,16332.597368616733,16467.256606032533,134.65923741579994,7078.5873384572915
2013-04-30,16335.933066701913,16479.999715391208,144.06664868929485,7084.065070098751
2013-05-01,16318.851602194161,16450.528018462086,131.6764162679249,7071.396415828256
2013-05-02,16302.991305555766,16439.640508512533,136.6492029567675,7066.716329040273
2013-05-03,16296.049907172006,16443.631440910576,147.5815337385694,7068.431864555221
2013-05-06,16296.341919818598,16450.45845402522,154.11653420662267,7071.366512975961
2013-05-07,16283.92564088198,16445.41273771981,161.4870968378293,7069.197569817582
2013-05-08,16288.835414406482,16443.70465028379,154.86923587730882,7068.46333421375
2013-05-09,16285.57797840091,16458.62233899296,173.04436059204906,7074.875826891923
2013-05-10,16303.781565574005,16459.97271090174,156.19114532773452,7075.456295498466
2013-05-13,16253.887454555888,16425.080296808792,171.19284225290411,7060.457500828802
2013-05-14,16246.261427856081,16421.833611033846,175.57218317776469,7059.061885920483
2013-05-15,16232.620405972388,16394.089539299785,161.46913332739646,7047.135865722194
2013-05-16,16190.83458202359,16366.51802110601,175.68343908242076,7035.284019099667
2013-05-17,16195.879541334903,16369.374462927013,173.49492159211044,7036.511884395685
2013-05-20,16196.646391765933,16362.1030885035,165.4566967375672,7033.386223567117
2013-05-21,16199.141988693747,16371.952602932064,172.8106142383161,7037.620119339315
2013-05-22,16184.460892446592,16336.535484857937,152.07459241134472,7022.395776295294
2013-05-23,16203.811332455234,16347.767044685143,143.9557122299075,7027.223755787328
2013-05-24,16202.923567558475,16347.185429150999,144.2618615925245,7026.973743508152
2013-05-27,16190.58991544355,16339.37499568722,148.78508024366886,7023.616363663576
2013-05-28,16190.274647412405,16339.36860167509,149.09395426268608,7023.613615144233
2013-05-29,16190.18516872535,16323.148746485758,132.96357776040946,7016.641375364307
2013-05-30,16199.940315395294,16310.904587406892,110.96427201159842,7011.3781216542775
2013-05-31,16199.768513577661,16310.488192964218,110.71967938655743,7011.1991310367
2013-06-03,16267.499592837992,16347.849045983216,80.34945314522277,7027.259004727947
2013-06-04,16265.275661255202,16351.395764423029,86.1201031678259,7028.783591174966
2013-06-05,16265.947238115112,16348.836703020052,82.88946490494071,7027.683557327263
2013-06-06,16317.979543612251,16380.439493389867,62.45994977761538,7041.268279854132
2013-06-07,16319.140216356449,16385.531762415616,66.39154605916728,7043.457234086889
2013-06-10,16315.644172599461,16399.59746415339,83.9532915539299,7049.503493072801
2013-06-11,16238.662207738735,16353.246827045381,114.58461930664666,7029.579285852881
2013-06-12,16263.503385719127,16368.472863253426,104.9694775342988,7036.124324270371
2013-06-13,16262.190962454648,16348.34672391925,86.15576146460229,7027.472935731814
2013-06-14,16272.83613331288,16382.353468816704,109.51733550382392,7042.091018124789
2013-06-17,16304.301801569532,16392.450715788957,88.14891421942467,7046.431403793213
2013-06-18,16286.322502098375,16397.588981557834,111.26647945945855,7048.640130108917
2013-06-19,16284.37638904372,16391.624566303617,107.24817725989621,7046.076276559424
2013-06-20,16360.475748818079,16435.81494405396,75.33919523588148,7065.071878310758
2013-06-21,16671.364489369927,16678.42912723812,7.064637868192509,7169.361604663138
2013-06-24,16670.519266587882,16675.085430268213,4.566163680329662,7167.924288685068
2013-06-25,16746.611768191608,16727.003985652806,-19.60778253880027,7190.241911927893
2013-06-26,16747.699571736208,16734.602232973288,-13.097338762918731,7193.50808179237
2013-06-27,16708.58726326689,16706.538576011582,-2.048687255307261,7181.4446852235
2013-06-28,16691.286770594535,16703.24482087881,11.958050284273662,7180.028837159876
2013-07-01,16691.652209138218,16706.142757745994,14.490548607777376,7181.274539446935
2013-07-02,16664.03227409701,16705.32873906722,41.296464970207,7180.924626741334
2013-07-03,16628.26881032902,16682.26856016013,53.99974983110958,7171.012016867113
2013-07-04,16632.502963312018,16681.636022217313,49.13305890529621,7170.740115166651
2013-07-05,16296.397410832367,16404.363421819286,107.96601098691806,7051.552179651054
2013-07-08,16319.544401210285,16415.067781662397,95.52338045211161,7056.153537841099
2013-07-09,16025.505326939752,16183.106210489654,157.6008835499016,6956.44292544252
2013-07-10,15841.23734964261,15956.552151319465,115.31480167685503,6859.056777094609
2013-07-11,15705.278603038396,15854.308676597364,149.03007355896824,6815.106568330472
2013-07-12,15817.661288855275,15989.03924835348,171.377959498204,6873.021626202746
2013-07-15,15824.567081038822,15981.194485019038,156.62740398021646,6869.649489377475
2013-07-16,15800.430185730263,15939.878941937299,139.44875620703542,6851.889659240818
2013-07-17,15795.292792710468,15938.240589314599,142.94779660412988,6851.185399727019
2013-07-18,15793.587395749422,15939.600267650409,146.0128719009858,6851.769868778695
2013-07-19,15624.201656366506,15814.303078967188,190.10142260068332,6797.909829151183
2013-07-22,15583.20775650807,15792.687434743995,209.4796782359248,6788.618164536274
2013-07-23,15585.84302390655,15798.310497851993,212.46747394544437,6791.035285024032
2013-07-24,15579.012643760125,15778.458524166013,199.44588040588835,6782.501748871721
2013-07-25,15586.081650285252,15782.81978127828,196.73813099302703,6784.376471547953
2013-07-26,15539.022137661437,15753.276097307009,214.25395964557117,6771.676873048114
2013-07-29,15518.23969843618,15698.207500405852,179.96780196967103,6748.005178235978
2013-07-30,15532.144445086182,15684.816156214056,152.67171112787366,6742.248797455087
2013-07-31,15533.70267042014,15678.137268816048,144.43459839590753,6739.377822106758
2013-08-01,15535.60476058485,15676.093594673324,140.48883408847286,6738.4993317633625
2013-08-02,15505.952330702676,15671.947096087251,165.99476538457552,6736.716924827434
2013-08-05,15468.795256372125,15655.90523276931,187.1099763971856,6729.82119633517
2013-08-06,15467.784783696663,15655.602498341746,187.8177146450839,6729.691063421283
2013-08-07,15375.566901775563,15583.5720130088,208.00511123323696,6698.728159662684
2013-08-08,15378.871325503533,15567.748107412519,188.8767819089865,6691.926122111528
2013-08-09,15367.278957855908,15574.424768733617,207.14581087770878,6694.7961405621645
2013-08-12,15187.768970165816,15435.042583271412,247.27361310559564,6634.881547814649
2013-08-13,15162.09718111426,15423.306529917654,261.20934880339274,6629.836707580427
2013-08-14,15157.137531863023,15400.255294635615,243.11776277259196,6619.927942197888
2013-08-15,15148.42387631934,15372.451318230438,224.02744191109826,6607.976171478025
2013-08-16,15151.384473295082,15354.877833428282,203.49336013319888,6600.422062740353
2013-08-19,15149.88449134854,15343.273832473706,193.38934112516426,6595.433986329227
2013-08-20,15072.598058595571,15284.575659878486,211.9776012829147,6570.202088189565
2013-08-21,15073.731221184575,15282.547448891895,208.8162277073199,6569.3302448125605
2013-08-22,14996.32039601601,15222.74593402543,226.42553800941965,6543.624065812516
2013-08-23,14818.926065847167,15094.262234316664,275.3361684694977,6488.394277893656
2013-08-26,14778.911968131157,15085.822855391809,306.9108872606519,6484.766540606801
2013-08-27,14775.920853091211,15062.808363244687,286.88751015347634,6474.873569566685
2013-08-28,14774.840288833197,15025.494628394496,250.65433956129846,6458.833950012548
2013-08-29,14715.435886154866,14984.062769809856,268.6268836549898,6441.024120688667
2013-08-30,14704.856444786305,14947.926574095663,243.07012930935977,6425.4906761348975
2013-09-02,14627.94019894354,14885.133685621642,257.19348667810283,6398.498630287107
2013-09-03,14534.413046769288,14817.590985803976,283.177939034687,6369.4648384920965
2013-09-04,14539.537572226294,14830.980006281352,291.44243405505745,6375.220220405
2013-09-05,14517.784352966046,14791.66967164929,273.88531868324424,6358.322345813363
2013-09-06,14521.09453579294,14765.20534254746,244.1108067545204,6346.946433639119
2013-09-09,14500.240145874068,14761.417826986064,261.1776811119971,6345.318338544804
2013-09-10,14391.399778727335,14628.37237233966,236.97259361232548,6288.127642290376
2013-09-11,14390.766459345292,14630.653239188,239.88677984270655,6289.108091892858
2013-09-12,14382.932821005135,14610.352992972752,227.42017196761734,6280.38186206207
2013-09-13,14416.627951835811,14629.364616302475,212.73666446666434,6288.554166618009
2013-09-16,14414.949019690923,14622.0638683584,207.1148486674767,6285.415879337098
2013-09-17,14370.68590831253,14603.481598381768,232.79569006923876,6277.428135894259
2013-09-18,14368.529650946188,14589.959980016094,221.43032906990604,6271.615755675222
2013-09-19,14420.1982401994,14703.235670477708,283.03743027830956,6320.308254215802
2013-09-20,14412.792712958184,14699.902417529935,287.1097045717507,6318.875427687591
2013-09-23,14414.179549911649,14659.109121230336,244.9295713186874,6301.3400896778285
2013-09-24,14407.217870992412,14633.11492447984,225.89705348742817,6290.166267808554
2013-09-25,14405.413096890972,14632.812238151677,227.39914126070434,6290.036155570595
2013-09-26,14405.69808645202,14627.06722803212,221.3691415801002,6287.566615144735
2013-09-27,14225.03312574134,14400.628621727376,175.5954959860349,6190.230095172155
2013-09-30,14228.366093441511,14397.591188074375,169.22509463286494,6188.924429030434
2013-10-01,13947.182741067601,14158.52220834765,211.33946728004685,6086.158637897285
2013-10-02,13802.601598916728,14043.921464979845,241.31986606311602,6036.896554334201
2013-10-03,13799.267862861238,14033.676224801986,234.40836194074762,6032.492552554337
2013-10-04,13766.967704471104,13969.855076431988,202.8873719608832,6005.058500630219
2013-10-07,13745.276188472002,13959.7727871485,214.4965986764976,6000.724544648831
2013-10-08,13762.4032335915,13956.001276412664,193.59804282116394,5999.103329362019
2013-10-09,13779.999386968193,13961.526717776682,181.52733080848873,6001.4784863304485
2013-10-10,13555.41981405718,13783.240925758744,227.82111170156318,5924.84085444083
2013-10-11,13556.971478792828,13795.518663571642,238.5471847788147,5930.11854224922
2013-10-14,13505.200665102531,13714.67704003478,209.4763749322491,5895.368097382846
2013-10-15,13485.418245342342,13706.73299576932,221.3147504269775,5891.953283822885
2013-10-16,13482.21510281038,13705.25338868457,223.0382858741899,5891.317262400096
2013-10-17,13395.45831687179,13654.11847650869,258.6601596368983,5869.336494714195
2013-10-18,13363.13160491576,13659.289743920983,296.15813900522335,5871.559407061054
2013-10-21,13362.17353969398,13661.808934852545,299.6353951585651,5872.642302254706
2013-10-22,13249.93945545104,13578.825840963305,328.8863855122657,5836.971328530085
2013-10-23,13261.375349207932,13606.923768018898,345.5484188109664,5849.049456384105
2013-10-24,13188.664566664094,13550.745489474753,362.08092281065956,5824.900755679871
2013-10-25,13180.127111076292,13555.856858104231,375.72974702793937,5827.097920036291
2013-10-28,13162.84085054669,13546.942702768056,384.10185222136596,5823.266096156619
2013-10-29,13020.939910153278,13362.47138361724,341.53147346396173,5743.969563935755
2013-10-30,13021.70744813035,13361.064428587642,339.3569804572926,5743.364772603686
2013-10-31,12825.946935365891,13109.291949974224,283.3450146083322,5635.1382767202085
2013-11-01,12839.163761095533,13117.81042315448,278.6466620589472,5638.800013331191
2013-11-04,12868.386855133567,13133.732091857024,265.34523672345694,5645.644075167432
2013-11-05,12868.734688581097,13133.624288233596,264.88959965249904,5645.597734882459
2013-11-06,12878.511659576076,13139.572069323236,261.0604097471611,5648.154438097834
2013-11-07,12878.096456992274,13138.768488737463,260.6720317451895,5647.809012293405
2013-11-08,12746.345145799372,13027.767253260066,281.4221074606936,5600.0942071621375
2013-11-11,12728.184881808626,12985.577274707422,257.3923928987966,5581.958493658825
2013-11-12,12569.960671364839,12860.368954104433,290.40828273959323,5528.1366547154075
2013-11-13,12486.067480943975,12799.762624265384,313.6951433214089,5502.0845192994875
2013-11-14,12389.350481669677,12738.221736019415,348.871254349738,5475.630656172357
2013-11-15,12392.603516668478,12752.91488752455,360.31137085607173,5481.946629664151
2013-11-18,12392.960619350539,12754.597315630901,361.63669628036257,5482.669835391516
2013-11-19,12367.458163831318,12738.503729573018,371.04556574170107,5475.751873448908
2013-11-20,12278.82071936214,12612.045616326199,333.22489696405785,5421.392800733286
2013-11-21,12303.21197404384,12628.0920148283,324.8800407844605,5428.290478712215
2013-11-22,12303.647065745798,12627.31857664075,323.6715108949523,5427.958009868591
2013-11-25,12303.531750601283,12626.4032490459,322.87149844461607,5427.56454868204
2013-11-26,12301.028090524442,12626.675464918633,325.64737439419184,5427.681562941073
2013-11-27,12290.948052666843,12621.811360222542,330.86330755569827,5425.590687044837
2013-11-28,12203.624341726914,12560.700073617021,357.0757318901074,5399.321491759194
2013-11-29,12203.151048000094,12549.442038808658,346.2909908085643,5394.482131776111
2013-12-02,12202.249215224521,12545.892083068113,343.6428678435921,5392.956153748422
2013-12-03,12238.5036936028,12568.298743196427,329.79504959362794,5402.587843135184
2013-12-04,12176.108782386109,12466.939071216131,290.8302888300231,5359.017544337079
2013-12-05,12177.048703134387,12467.01993068595,289.97122755156266,5359.052302453319
2013-12-06,12183.603935659356,12471.433906645065,287.82997098570945,5360.94968676474
2013-12-09,12154.886541766331,12472.46640788646,317.57986612012996,5361.393516018704
2013-12-10,12150.482778753403,12475.18442534742,324.7016465940155,5362.561878451205
2013-12-11,12129.213456949426,12440.29267764331,311.0792206938848,5347.563370234331
2013-12-12,12162.380112054869,12458.183631396085,295.80351934121677,5355.253945643287
2013-12-13,12186.110521755276,12467.23680555152,281.126283796244,5359.14552791972
2013-12-16,12170.850968774685,12460.054747265269,289.2037784905833,5356.058260376291
2013-12-17,12160.565162183299,12459.71269102597,299.14752884267193,5355.9112246542845
2013-12-18,12159.06404228763,12440.117465876368,281.05342358873827,5347.488053997711
2013-12-19,12144.715513612202,12419.512996534677,274.7974829224755,5338.631051323428
2013-12-20,12181.026462333712,12433.55505754365,252.5285952099393,5344.66714814526
2013-12-23,12181.168957518283,12433.884144621918,252.7151871036346,5344.8086089654325
2013-12-24,12181.079349266953,12438.130077914,257.0507286470471,5346.633758737512
2013-12-25,12179.298373126809,12437.4840502997,258.18567717289045,5346.356058389464
2013-12-26,12150.722808914956,12386.311516493884,235.58870757892942,5324.359118732745
2013-12-27,12153.704866969156,12394.323378769152,240.61851179999513,5327.8030844287905
2013-12-30,12152.591046669439,12388.876873962197,236.28582729275794,5325.461858996546
2013-12-31,12139.04795223642,12383.844247200666,244.79629496424675,5323.298542487571
2014-01-01,12138.96475403971,12384.581422061312,245.61666802160022,5323.6154232382405
2014-01-02,12140.18008342436,12373.456582942861,233.27649951850034,5318.833318531292
2014-01-03,12170.330353619458,12381.223165280086,210.8928116606271,5322.171848604068
2014-01-06,12170.094918552208,12381.308674886206,211.2137563339987,5322.208605620108
2014-01-07,12166.852876005223,12380.261570043476,213.40869403825295,5321.758498886539
2014-01-08,12164.700548892302,12372.739502200457,208.0389533081539,5318.525075404627
2014-01-09,12174.181459407004,12372.75900179046,198.57754238345674,5318.53345746572
2014-01-10,12174.441863104346,12372.813332588608,198.37146948426232,5318.556812011596
2014-01-13,12143.297147512805,12371.346089585377,228.04894207257178,5317.926105392176
2014-01-14,12150.838299625953,12365.717596796603,214.87929717065003,5315.506650910935
2014-01-15,12137.045809728477,12361.46404355001,224.41823382153157,5313.678225637975
2014-01-16,12137.722610621388,12366.049660932867,228.32705031147955,5315.649391444271
2014-01-17,12142.418440229778,12359.664675768696,217.24623553891746,5312.904752417829
2014-01-20,12144.270172221974,12357.070614089422,212.80044186744843,5311.7896734099895
2014-01-21,12149.304127330484,12357.34442850114,208.04030117065437,5311.907374814313
2014-01-22,12150.854724505158,12351.187127980022,200.33240347486475,5309.260607927114
2014-01-23,12156.04305602743,12350.490635763466,194.4475797360351,5308.96121494968
2014-01-24,12157.913153053258,12345.418136738526,187.50498368526831,5306.78075901635
2014-01-27,12209.860884701799,12373.596750785628,163.73586608382948,5318.893570845372
2014-01-28,12235.868598058429,12389.20583030863,153.33723225020105,5325.60326362055
2014-01-29,12231.891361776557,12382.10967249781,150.21831072125397,5322.552921111588
2014-01-30,12107.119659643224,12283.115422892744,175.99576324952108,5279.999418813106
2014-01-31,12111.748376278416,12278.39791856713,166.64954228871508,5277.971560306537
2014-02-03,12150.199799120013,12306.709559985336,156.50976086532367,5290.141555058452
2014-02-04,12174.468238316447,12324.96147525126,150.49323693481313,5297.987292778761
2014-02-05,12060.092603103645,12241.596515869302,181.50391276565713,5262.152170993147
2014-02-06,12062.209608677302,12236.078020788324,173.86841211102183,5259.779999942309
2014-02-07,12032.105408704783,12196.393989261947,164.28858055716432,5242.721488629705
2014-02-10,12051.378507738607,12227.669424835369,176.2909170967611,5256.165494972186
2014-02-11,12034.763250802796,12219.818704201456,185.0554533986596,5252.790797352145
2014-02-12,12054.53006009064,12251.826342224496,197.29628213385655,5266.549547013022
2014-02-13,12011.57984525606,12223.612922086142,212.03307683008234,5254.421773495922
2014-02-14,12007.568361310814,12215.33599334393,207.7676320331148,5250.863866772438
2014-02-17,12008.226008649062,12217.383025988545,209.157017339483,5251.743800795831
2014-02-18,12010.355538112159,12215.5650040225,205.20946591033967,5250.962308919085
2014-02-19,11988.11065098352,12214.367226352975,226.25657536945428,5250.4474342166
2014-02-20,12014.15451853949,12229.828523622451,215.6740050829605,5257.0936015598445
2014-02-21,11995.416432834645,12222.222120296623,226.80568746197824,5253.823925768573
2014-02-24,11993.289247183895,12213.810614348218,220.5213671643226,5250.208169912681
2014-02-25,11966.34153674827,12176.233333058957,209.89179631068666,5234.055262727742
2014-02-26,11966.790225178727,12176.283317320811,209.4930921420839,5234.076748878808
2014-02-27,11954.158024990676,12168.170556802988,214.01253181231272,5230.5894112332435
2014-02-28,11946.623701195931,12165.603745267445,218.9800440715136,5229.486045926538
2014-03-03,11946.529664795535,12163.792726470467,217.2630616749324,5228.707564420317
2014-03-04,11972.350277367645,12166.668805543139,194.31852817549404,5229.943870952442
2014-03-05,11898.482520842113,12127.62725644967,229.1447356075569,5213.161536062152
2014-03-06,11782.454255891334,12036.639908550982,254.18565265964799,5174.049867117883
2014-03-07,11780.554743887908,12048.656047491653,268.1013036037456,5179.215104473292
2014-03-10,11791.426514222814,12054.453248779078,263.02673455626365,5181.70707970714
2014-03-11,11795.241139265425,12056.276470714323,261.03533144889934,5182.490806833934
2014-03-12,11776.38492812039,12044.393017014329,268.0080888939385,5177.382605333806
2014-03-13,11774.522869783883,12031.76964042506,257.24677064117645,5171.956341820025
2014-03-14,11803.76575472871,12029.570754287572,225.80499955886003,5171.011132308574
2014-03-17,11741.047764024092,11986.082667997385,245.03490397329313,5152.317416387813
2014-03-18,11740.773517803147,11993.451375602071,252.67785779892523,5155.484916694586
2014-03-19,11729.047612906203,11970.224100151567,241.17648724536366,5145.500478980136
2014-03-20,11769.22033500942,11999.458723333091,230.23838832367073,5158.067225126637
2014-03-21,11765.52867975409,11997.213823588838,231.68514383474817,5157.102236283265
2014-03-24,11769.317304347524,11993.146081863393,223.82877751587006,5155.353683639511
2014-03-25,11739.710226608011,11971.772110821385,232.06188421337288,5146.165904253411
2014-03-26,11741.685216194117,11979.780504104157,238.09528791004084,5149.608378774155
2014-03-27,11733.222497848794,11955.245580473687,222.02308262489407,5139.061837603658
2014-03-28,11727.844568706962,11938.324782265594,210.48021355863256,5131.7882916319195
2014-03-31,11727.545098476801,11943.722560239223,216.17746176242161,5134.108571429219
2014-04-01,11725.021568858869,11943.437803418545,218.4162345596759,5133.986166339312
2014-04-02,11720.365698482387,11945.130983317124,224.76528483473734,5134.713993814073
2014-04-03,11700.989119985525,11939.205755822073,238.216635836549,5132.1669854490865
2014-04-04,11667.767609579822,11915.873680173852,248.10607059403046,5122.137498497209
2014-04-07,11632.322797503093,11893.123565097334,260.80076759424026,5112.358172141774
2014-04-08,11658.01330478264,11909.448571809296,251.43526702665665,5119.375612179066
2014-04-09,11625.81117746151,11889.259404681421,263.4482272199106,5110.697130618692
2014-04-10,11599.492003500896,11889.928930085674,290.43692658477875,5110.984931687365
2014-04-11,11660.604205811323,11930.462860924485,269.8586551131611,5128.408779294647
2014-04-14,11661.009967452355,11930.701754064188,269.6917866118323,5128.511469499482
2014-04-15,11595.863044059717,11893.611275862855,297.7482318031372,5112.56781867442
2014-04-16,11562.223103991366,11868.121070900414,305.897966909048,5101.610641870864
2014-04-17,11549.347269594333,11878.871651833128,329.52438223879534,5106.231868581055
2014-04-18,11549.287036164713,11878.877416783276,329.5903806185638,5106.234346692869
2014-04-21,11540.780870941837,11875.151938128292,334.3710671864561,5104.632918679219
2014-04-22,11522.545792237124,11839.050871882577,316.50507964545193,5089.11457481992
2014-04-23,11507.217365759067,11832.320276942144,325.1029111830783,5086.221372554025
2014-04-24,11486.818824088474,11821.227208241324,334.40838415284975,5081.452924625577
2014-04-25,11461.058363154258,11806.63787547918,345.5795123249231,5075.181578484726
2014-04-28,11471.000628942093,11810.888421477996,339.8877925359038,5077.008711067194
2014-04-29,11469.293557931507,11811.781721995703,342.4881640641961,5077.392703731264
2014-04-30,11468.101028690096,11808.16479740162,340.0637687115231,5075.837938584382
2014-05-01,11418.555564330974,11775.686951512253,357.13138718127874,5061.8770661577855
2014-05-02,11415.891548721855,11778.636094602962,362.7445458811071,5063.144779866306
2014-05-05,11376.4722308943,11753.38386578449,376.91163489018936,5052.289899089335
2014-05-06,11376.798708311653,11753.159430030759,376.360721719105,5052.193423512215
2014-05-07,11390.864820943762,11754.30545596757,363.44063502380703,5052.686052301571
2014-05-08,11366.37912470887,11709.762109946869,343.382985237999,5033.538724200839
2014-05-09,11362.274821414288,11707.686180344319,345.41135893002956,5032.646368579518
2014-05-12,11362.657131180757,11707.705098368137,345.04796718737964,5032.654500649544
2014-05-13,11350.288091947343,11707.968605473845,357.6805135265028,5032.7677713725725
2014-05-14,11348.09985260779,11701.12796378879,353.02811118099913,5029.8272645973875
2014-05-15,11344.994352631313,11700.070053810343,355.07570117903003,5029.37251318628
2014-05-16,11365.91959632288,11701.251136953444,335.33154063056486,5029.880211607604
2014-05-19,11348.49051298877,11664.025799977502,315.53528698873254,5013.878590615606
2014-05-20,11347.324166320703,11664.25518509897,316.93101877826615,5013.97719371965
2014-05-21,11359.8297089476,11662.488825570603,302.6591166230034,5013.2179093718205
2014-05-22,11360.088376582997,11667.408135131956,307.3197585489588,5015.3325155389575
2014-05-23,11219.132813708473,11560.316044857916,341.1832311494428,4969.2980890161425
2014-05-26,11218.205614203951,11562.24968043757,344.0440662336188,4970.129278367155
2014-05-27,11169.364941840278,11528.96648535692,359.60154351664005,4955.822219886328
2014-05-28,11168.381700189695,11530.26941785661,361.887717666915,4956.382296267952
2014-05-29,11176.435656180794,11525.269777316105,348.8341211353117,4954.233159160688
2014-05-30,11170.01569177544,11526.13553467116,356.11984289572166,4954.605312167002
2014-06-02,11025.37005606339,11341.603653085083,316.23359702169427,4875.282746679172
2014-06-03,11024.21051902704,11331.524045299255,307.3135262722155,4870.949943361877
2014-06-04,11026.065520860298,11317.553134606327,291.48761374602816,4864.944431095708
2014-06-05,11024.618054298198,11318.006179000258,293.3881247020606,4865.139175999936
2014-06-06,10959.270645778342,11280.119060363173,320.8484145848309,4848.853082651706
2014-06-09,10892.725405958088,11235.93329771244,343.2078917543517,4829.859464739358
2014-06-10,10888.619012952977,11233.973589089699,345.3545761367226,4829.0170676737225
2014-06-11,10866.561757123116,11219.704573524661,353.14281640154496,4822.883412546618
2014-06-12,10875.492763261751,11221.775794451027,346.2830311892752,4823.773744104284
2014-06-13,10852.687243066708,11211.183631447033,358.49638838032405,4819.220614659548
2014-06-16,10833.623580448922,11176.554601437363,342.9310209884411,4804.335037830697
2014-06-17,10835.43287570776,11176.883060211687,341.4501845039268,4804.476228569188
2014-06-18,10837.26774522275,11176.68336591034,339.4156206875891,4804.390388311342
2014-06-19,10842.708927070926,11186.822215075907,344.1132880049807,4808.74865702889
2014-06-20,10865.038739163136,11220.626387358476,355.5876481953394,4823.279661896985
2014-06-23,10798.428609917073,11173.164725170082,374.73611525300794,4802.877871297218
2014-06-24,10708.628595072985,11102.741769834114,394.113174761129,4772.605977690161
2014-06-25,10689.03449223417,11091.266499618949,402.23200738477794,4767.673237259026
2014-06-26,10688.451986619099,11085.933931875374,397.48194525627525,4765.380988621976
2014-06-27,10643.699757058737,11013.06571385542,369.36595679668255,4734.057978493924
2014-06-30,10589.676614108432,10933.59687717418,343.9202630657474,4699.897637485593
2014-07-01,10583.4310354027,10936.778722520305,353.34768711760495,4701.2653801958
2014-07-02,10573.312405960052,10940.758287103406,367.44588114335494,4702.976029160862
2014-07-03,10563.90901151879,10935.440520460841,371.53150894205095,4700.690142900296
2014-07-04,10515.485022928166,10903.203082224873,387.7180592967073,4686.8326117048555
2014-07-07,10449.515834343218,10807.730848562618,358.2150142194011,4645.793077279413
2014-07-08,10455.90213003113,10790.831250589983,334.92912055885193,4638.528644405374
2014-07-09,10468.429470304953,10793.26465276566,324.835182460708,4639.574662588136
2014-07-10,10464.243441028977,10798.608928872862,334.36548784388486,4641.87194416276
2014-07-11,10484.234176384944,10809.873915127366,325.6397387424223,4646.714292282836
2014-07-14,10484.43670568318,10809.864909728532,325.42820404535314,4646.71042123718
2014-07-15,10474.942632250584,10805.780717464415,330.8380852138304,4644.95479719243
2014-07-16,10481.975780445411,10809.203764689613,327.22798424420216,4646.426222538311
2014-07-17,10472.977547015978,10809.414830301552,336.437283285573,4646.516950848678
2014-07-18,10477.882502576773,10797.985810658978,320.1033080822046,4641.604091611198
2014-07-21,10477.258430334718,10792.793652008117,315.5352216733987,4639.372198991526
2014-07-22,10483.445192666328,10795.210684814743,311.76549214841606,4640.411180664731
2014-07-23,10483.240631477145,10790.785238179982,307.5446067028368,4638.508865587891
2014-07-24,10482.070896017232,10779.676729658639,297.6058336414067,4633.733780724057
2014-07-25,10490.077962959924,10783.691640315003,293.61367735507935,4635.4596234929595
2014-07-28,10491.478089648053,10783.648247513642,292.1701578655881,4635.440970736059
2014-07-29,10492.422321118043,10783.885769256254,291.4634481382103,4635.543071434438
2014-07-30,10495.224394739793,10785.065431282734,289.8410365429417,4636.050158976952
2014-07-31,10503.988361547208,10788.841350262432,284.8529887152236,4637.673269184085
2014-08-01,10556.183634974406,10832.446306499638,276.2626715252319,4656.41722262449
2014-08-04,10546.807094274023,10805.122746877785,258.31565260376254,4644.671963058305
2014-08-05,10545.878602875775,10806.552698016032,260.674095140258,4645.286639459115
2014-08-06,10578.22374500325,10829.835687151755,251.61194214850602,4655.29502616496
2014-08-07,10569.37134907129,10827.905257584609,258.53390851331744,4654.465214945113
2014-08-08,10539.535142272523,10772.050953102593,232.51581083006872,4630.455777188498
2014-08-11,10504.728577399437,10723.8500157542,219.12143835476346,4609.736203006901
2014-08-12,10498.566117384838,10727.029007660016,228.46289027517813,4611.102719142036
2014-08-13,10507.80089878777,10721.869596982218,214.06869819444955,4608.884903511205
2014-08-14,10510.049113450685,10725.921658725645,215.87254527496006,4610.626715984156
2014-08-15,10461.878404125935,10658.773989390706,196.8955852647705,4581.762731330689
2014-08-18,10465.98177245081,10650.58467502962,184.6029025788106,4578.242486378304
2014-08-19,10457.247359875459,10651.535500732361,194.28814085690263,4578.651206722046
2014-08-20,10456.459782977567,10651.736690074404,195.27690709683762,4578.737689635581
2014-08-21,10469.372052630128,10656.888878287484,187.51682565735686,4580.952400629827
2014-08-22,10460.305592512528,10653.203176485607,192.89758397307966,4579.368071027619
2014-08-25,10468.484334136834,10654.198811343407,185.71447720657392,4579.796052959689
2014-08-26,10458.692720100405,10652.296881997687,193.60416189728167,4578.9784927972805
2014-08-27,10442.11003839834,10645.078161590607,202.96812319226856,4575.87546573601
2014-08-28,10414.954478663474,10628.016418815072,213.06194015159758,4568.541333568623
2014-08-29,10406.599258895576,10603.799853871858,197.20059497628324,4558.13164153011
2014-09-01,10367.775953554268,10577.767653229148,209.99169967487887,4546.941483371394
2014-09-02,10370.479814633323,10578.191281030724,207.7114663974008,4547.123583308511
2014-09-03,10379.899593688611,10580.259467735194,200.3598740465815,4548.012610580635
2014-09-04,10379.55541592724,10584.87361140389,205.31819547664944,4549.996038648373
2014-09-05,10387.000259041519,10574.916939486156,187.91668044463725,4545.716080337393
2014-09-08,10390.081904815177,10575.297261538166,185.21535672298955,4545.879564937548
2014-09-09,10391.143882338214,10576.007927520795,184.86404518258192,4546.185050626322
2014-09-10,10337.99575548555,10534.815428828133,196.81967334258349,4528.478112144627
2014-09-11,10319.39928782244,10527.896815693308,208.49752787086865,4525.504088692663
2014-09-12,10328.74696561473,10526.189063576354,197.44209796162366,4524.769997228523
2014-09-15,10345.681583750384,10535.813755040794,190.13217129040984,4528.907250977989
2014-09-16,10345.996626177499,10534.197923102065,188.20129692456553,4528.212672167675
2014-09-17,10329.262361617895,10505.836005543022,176.57364392512739,4516.021065798083
2014-09-18,10347.71556824583,10508.51467052819,160.799102282359,4517.1725122412645
2014-09-19,10344.474771108442,10511.76641145269,167.29164034424824,4518.570300147702
2014-09-22,10283.207544246592,10468.012016754987,184.80447250839478,4499.76210934101
2014-09-23,10297.051550405846,10470.915776531965,173.86422612611892,4501.010314654317
2014-09-24,10218.996097439516,10410.262794095672,191.2666966561547,4474.938125231099
2014-09-25,10205.44760353628,10405.923585903323,200.47598236704235,4473.072880466647
2014-09-26,10244.32665987765,10425.273631037366,180.9469711597163,4481.390658452461
2014-09-29,10242.371972030636,10426.506263212948,184.13429118231232,4481.920515654531
2014-09-30,10257.098009175274,10434.221265241078,177.12325606580424,4485.236873502048
2014-10-01,10267.182743587413,10438.97019606875,171.7874524813386,4487.278240952147
2014-10-02,10298.453278537108,10454.489834615824,156.0365560787155,4493.9494867792455
2014-10-03,10324.789510160797,10462.965996266492,138.17648610569475,4497.593035426999
2014-10-06,10271.087825669292,10427.22875720513,156.1409315358383,4482.231085711677
2014-10-07,10272.459062495991,10427.576705785645,155.11764328965427,4482.380654305608
2014-10-08,10282.2181375731,10420.368974468705,138.15083689560626,4479.282350996215
2014-10-09,10256.445969215589,10428.781176680019,172.33520746442952,4482.898406146515
2014-10-10,10333.387710969237,10489.514182498355,156.1264715291189,4509.004994286682
2014-10-13,10377.47263128276,10521.009572566296,143.53694128353519,4522.543549899705
2014-10-14,10382.862635487161,10523.868450462809,141.00581497564764,4523.772462363062
2014-10-15,10374.340123306669,10527.487584052958,153.14746074629042,4525.328177065293
2014-10-16,10355.739692276933,10514.625873777022,158.8861815000889,4519.7994638322225
2014-10-17,10357.218121493319,10513.559180973773,156.34105948045325,4519.340937050758
2014-10-20,10363.694297923297,10525.229189367563,161.53489144426553,4524.357387309128
2014-10-21,10328.313038507684,10478.292317436817,149.97927892913395,4504.181182170377
2014-10-22,10332.438853471635,10493.810839543019,161.37198607138444,4510.851948086072
2014-10-23,10363.10340800061,10509.880252125004,146.77684412439282,4517.759518858827
2014-10-24,10362.928645882623,10515.182675487215,152.2540296045922,4520.038809682603
2014-10-27,10319.858696280842,10453.587356511343,133.7286602305013,4493.561549053099
2014-10-28,10324.674387031166,10454.179146365655,129.50475933449044,4493.815934848498
2014-10-29,10325.571605813706,10472.701105178354,147.12949936464824,4501.777753035442
2014-10-30,10339.719570809946,10479.421558774035,139.7019879640882,4504.66659595987
2014-10-31,10337.760929634875,10468.810887659682,131.04995802480735,4500.105510649821
2014-11-03,10353.43906785862,10501.727852092623,148.28878423400153,4514.255141837939
2014-11-04,10362.432455650713,10506.154031205024,143.7215755543111,4516.157771776389
2014-11-05,10388.1010878066,10521.869180795928,133.76809298932628,4522.913059653265
2014-11-06,10395.580937371955,10522.773765786435,127.19282841447907,4523.301903041909
2014-11-07,10406.916896233273,10524.605239654298,117.68834342102436,4524.089177330635
2014-11-10,10402.329307674947,10527.989736395464,125.66042872051752,4525.5440314300295
2014-11-11,10404.210850078385,10528.438245448362,124.22739536997632,4525.7368267801585
2014-11-12,10406.224265893774,10533.232377190914,127.00811129714081,4527.797624219806
2014-11-13,10424.430294736334,10539.255877481184,114.82558274484981,4530.386875963917
2014-11-14,10409.054267496098,10535.483504676988,126.42923718088979,4528.7652901098445
2014-11-17,10414.450171619608,10547.8028916584,133.3527200387925,4534.0608811600405
2014-11-18,10421.0484798442,10540.056773930573,119.00829408637435,4530.7311479699765
2014-11-19,10438.652865002934,10567.72764440118,129.07477939824642,4542.625701995787
2014-11-20,10449.459405036998,10569.706295497537,120.24689046053928,4543.476241641399
2014-11-21,10450.329571472586,10568.337778150822,118.00820667823602,4542.8879730673025
2014-11-24,10445.649427934106,10578.587641896984,132.93821396287794,4547.293962326491
2014-11-25,10439.487181471912,10576.963142161196,137.47596068928343,4546.595657591453
2014-11-26,10437.873389694349,10581.861154481974,143.98776478762647,4548.701108962435
2014-11-27,10435.43977800858,10584.29235097574,148.85257296715966,4549.746179014465
2014-11-28,10437.001766499558,10582.800255425123,145.79848892556518,4549.10478932066
2014-12-01,10442.006001257661,10586.545748295859,144.53974703819833,4550.714820611564
2014-12-02,10433.312000406077,10574.08759055924,140.7755901531632,4545.359577797007
2014-12-03,10434.309654662515,10574.339688873104,140.03003421058938,4545.467944355885
2014-12-04,10398.238758460027,10518.178074225943,119.93931576591689,4521.326406766492
2014-12-05,10358.891003190442,10489.90642321228,131.0154200218382,4509.1736022228815
2014-12-08,10354.467969628126,10488.383161620815,133.91519199269032,4508.518815546967
2014-12-09,10359.124548646676,10491.387560485517,132.26301183884067,4509.81028140993
2014-12-10,10354.187311708796,10497.860189071254,143.67287736245808,4512.592594690745
2014-12-11,10382.418947418771,10511.044331074025,128.6253836552532,4518.259907885769
2014-12-12,10374.1222130465,10495.348075292486,121.2258622459866,4511.512741670136
2014-12-15,10424.119941327162,10521.26989250493,97.14995117776752,4522.655450592434
2014-12-16,10528.484090463877,10594.462008217444,65.97791775356743,4554.117690840012
2014-12-17,10524.910672323364,10597.269703460253,72.3590311368893,4555.324602013589
2014-12-18,10521.35200089958,10613.585417358017,92.2334164584378,4562.338047457338
2014-12-19,10533.15416541263,10632.103925264444,98.94975985181352,4570.2983822434935
2014-12-22,10536.85286596586,10631.34923226366,94.49636629779856,4569.97397117445
2014-12-23,10540.82946533093,10632.963680997887,92.1342156669575,4570.667955402794
2014-12-24,10544.2483958717,10634.09614426595,89.84774839424908,4571.154754166083
2014-12-25,10539.623536669138,10632.756927548005,93.13339087886793,4570.579080711185
2014-12-26,10540.583963316152,10632.36456728862,91.78060397246827,4570.410421387373
2014-12-29,10541.720674015036,10634.268989324268,92.54831530923163,4571.229053053299
2014-12-30,10548.4068023739,10638.645307715049,90.23850534114891,4573.110249945482
2014-12-31,10558.771679656442,10635.437519934354,76.66584027791285,4571.731355663809
2015-01-01,10592.342781492809,10651.31697740787,58.97419591506196,4578.557272651854
2015-01-02,10593.458450024347,10651.618150963586,58.15970093923833,4578.686734611983
2015-01-05,10592.40206123167,10644.569126898024,52.16706566635396,4575.656652935799
2015-01-06,10626.21881950714,10671.496220398267,45.27740089112829,4587.231488239115
2015-01-07,10633.049338062592,10673.8015081159,40.752170053306536,4588.222435355561
2015-01-08,10634.979074600293,10679.314454368467,44.33537976817351,4590.592221196314
2015-01-09,10635.133657375714,10696.115792337703,60.982134961988386,4597.8144161899
2015-01-12,10639.737201176902,10698.167362379774,58.43016120287274,4598.6963006513615
2015-01-13,10636.0117155178,10701.009522071272,64.99780655347328,4599.9180266551175
2015-01-14,10636.338512612083,10700.820659796236,64.48214718415339,4599.836842633956
2015-01-15,10639.053041138679,10701.524270508486,62.471229369807574,4600.139295556023
2015-01-16,10624.05524507491,10704.87053332517,80.81528825025966,4601.57771448469
2015-01-19,10604.018221852846,10708.653433564397,104.6352117115509,4603.203825644349
2015-01-20,10606.466868399579,10709.274945756799,102.8080773572197,4603.470987834208
2015-01-21,10599.880488065823,10698.987920540414,99.10743247459128,4599.049024407682
2015-01-22,10557.419888023356,10672.310421339575,114.89053331621791,4587.581479291783
2015-01-23,10526.582382868764,10663.360924292185,136.77854142342062,4583.734463483333
2015-01-26,10553.073797824187,10667.100443996924,114.02664617273665,4585.341927159108
2015-01-27,10521.579502928462,10649.260907453925,127.68140452546297,4577.673453865812
2015-01-28,10519.211071078464,10638.904639151406,119.69356807294186,4573.221725722277
2015-01-29,10531.73280578396,10640.263782160788,108.53097637682785,4573.805964659433
2015-01-30,10528.375456710004,10641.207176858681,112.83172014867617,4574.211490723879
2015-02-02,10533.500015313812,10643.235988470376,109.73597315656397,4575.0835922845845
2015-02-03,10538.803840817127,10657.06528573103,118.26144491390306,4581.028230837989
2015-02-04,10535.828074229024,10649.9632305595,114.1351563304755,4577.975353299432
2015-02-05,10535.129006297435,10640.9421913549,105.8131850574639,4574.097584499132
2015-02-06,10527.827974306181,10643.998788192997,116.17081388681561,4575.411488095497
2015-02-09,10603.96720783033,10695.708883357216,91.74167552688546,4597.639502977208
2015-02-10,10635.260718437716,10713.73174028585,78.47102184813363,4605.386778064372
2015-02-11,10636.098661476817,10724.491197618456,88.39253614163908,4610.011820368951
2015-02-12,10643.173249217112,10727.374374361145,84.20112514403216,4611.25117789362
2015-02-13,10660.236314803982,10754.40717133079,94.17085652680662,4622.871450713217
2015-02-16,10662.03275000393,10758.318389259175,96.2856392552464,4624.552720299778
2015-02-17,10646.641393745138,10750.496379023947,103.8549852788089,4621.19036408362
2015-02-18,10676.37440886758,10766.360392446455,89.98598357887633,4628.009642317769
2015-02-19,10682.797074296488,10781.05764411154,98.26056981505192,4634.327378297452
2015-02-20,10679.216284313048,10779.985827378006,100.76954306495833,4633.866648951899
2015-02-23,10679.867823883706,10782.711864287461,102.84404040375483,4635.038458611097
2015-02-24,10665.03282683695,10775.04458728886,110.01176045190917,4631.742615764823
2015-02-25,10664.464906062085,10778.375502217548,113.91059615546297,4633.174437276068
2015-02-26,10662.291553579535,10778.160645385056,115.86909180552252,4633.082079277984
2015-02-27,10658.479729140201,10777.701840142647,119.22211100244641,4632.88485802508
2015-03-02,10666.438398521666,10780.298041648419,113.85964312675287,4634.000856855153
2015-03-03,10622.842024826537,10750.875137541067,128.03311271452952,4621.353176585286
2015-03-04,10639.366852287654,10753.15970348499,113.79285119733466,4622.3352162748
2015-03-05,10627.902112807285,10745.895223942593,117.99311113530705,4619.212519268277
2015-03-06,10611.395429415621,10713.244532080982,101.84910266536176,4605.177347561606
2015-03-09,10716.82294991951,10789.578779904163,72.75582998465289,4637.990259454526
2015-03-10,10719.333490703757,10786.15305931676,66.81956861300365,4636.517684941647
2015-03-11,10782.355357228795,10828.055641945975,45.70028471718098,4654.529858914764
2015-03-12,10776.530758637784,10811.693647906335,35.16288926855063,4647.496519566758
2015-03-13,10779.26475811904,10816.916282979977,37.65152486093825,4649.741512730472
2015-03-16,10735.090396387823,10787.653707270312,52.56331088248885,4637.162750957051
2015-03-17,10392.03601012903,10503.280273267163,111.24426313813287,4514.922463003386
2015-03-18,10378.924010149824,10472.146110364925,93.22210021510243,4501.539183894678
2015-03-19,10383.802104740782,10516.33649366105,132.53438892026833,4520.534788029913
2015-03-20,10379.303814861878,10513.607615696068,134.30380083418976,4519.361757119345
2015-03-23,10394.553813864899,10535.352116984774,140.79830311987462,4528.708812016572
2015-03-24,10393.188892386175,10532.73736088926,139.54846850308482,4527.584837341636
2015-03-25,10388.766865440835,10522.944284447805,134.1774190069692,4523.37520190803
2015-03-26,10411.673999534754,10527.623689348235,115.94968981347965,4525.386683059515
2015-03-27,10411.330344907168,10510.259496268349,98.92915136118104,4517.92254011097
2015-03-30,10409.642687979413,10510.20743350802,100.56474552860753,4517.90016050003
2015-03-31,10398.847799493196,10490.524310606655,91.67651111345965,4509.439206263133
2015-04-01,10449.866843232036,10516.667384845305,66.80054161326939,4520.677024360062
2015-04-02,10424.032737733878,10508.773490821055,84.74075308717663,4517.283768298776
2015-04-03,10422.422905517717,10504.945850613813,82.52294509609514,4515.638425291415
2015-04-06,10418.075828843032,10493.797956199525,75.72212735649418,4510.84641007362
2015-04-07,10440.15273759888,10533.815991452491,93.66325385361073,4528.048495668607
2015-04-08,10447.703419446276,10537.43487215854,89.73145271226382,4529.604101666502
2015-04-09,10444.683400122425,10514.910459426095,70.22705930367059,4519.9217953425905
2015-04-10,10431.719985327953,10506.910982190995,75.19099686304233,4516.483153459162
2015-04-13,10418.338846255792,10505.479519183617,87.14067292782399,4515.86782716882
2015-04-14,10442.566682394881,10520.74280032257,78.17611792768986,4522.428875629918
2015-04-15,10442.784471403758,10518.063060018061,75.27858861430245,4521.276966951766
2015-04-16,10436.216304082061,10524.079635011467,87.86333092940512,4523.863241799369
2015-04-17,10421.820111224317,10515.353833186971,93.53372196265524,4520.112383244694
2015-04-20,10442.564820430973,10525.484578655627,82.91975822465481,4524.467168520663
2015-04-21,10434.393425728525,10510.515050491334,76.12162476280919,4518.032392221154
2015-04-22,10433.598013797122,10516.34299334556,82.74497954843841,4520.537581973408
2015-04-23,10408.856128235215,10499.44129820557,90.58516997035446,4513.272247614522
2015-04-24,10379.837367369533,10483.844351757818,104.00698438828482,4506.5677703427455
2015-04-27,10361.544298822584,10476.442457209638,114.898158387054,4503.386004352037
2015-04-28,10366.20115854289,10491.971509950847,125.77035140795708,4510.061296948856
2015-04-29,10362.477041867382,10491.771707700373,129.29466583299111,4509.975410288179
2015-04-30,10373.584512390375,10499.613307812571,126.02879542219681,4513.346187376034
2015-05-01,10410.000624133796,10511.871913277124,101.87128914332702,4518.615650985214
2015-05-04,10327.18912555603,10463.44902303853,136.25989748250143,4497.800668506054
2015-05-05,10326.315462581448,10459.52638581971,133.21092323826306,4496.114490242437
2015-05-06,10386.089864342108,10498.571743391556,112.4818790494489,4512.898462238862
2015-05-07,10315.255403530537,10448.864792000673,133.60938847013668,4491.531515383857
2015-05-08,10310.901901187177,10439.131589187538,128.22968800036062,4487.347617127821
2015-05-11,10329.446379907535,10463.388644082219,133.94226417468326,4497.774714109041
2015-05-12,10387.553883955234,10497.91558978519,110.36170582995746,4512.616409148829
2015-05-13,10348.268506843895,10471.487803577214,123.21929673332025,4501.256205241719
2015-05-14,10345.351548081904,10480.438798114088,135.0872500321847,4505.10386475849
2015-05-15,10344.662857366557,10479.58825304768,134.925395681123,4504.73825088109
2015-05-18,10305.474594754498,10459.72750673124,154.25291197674306,4496.200943740546
2015-05-19,10295.356431942935,10439.204717685403,143.84828574246833,4487.379052021407
2015-05-20,10315.159002383569,10443.222115337185,128.06311295361562,4489.105963845993
2015-05-21,10221.227446228928,10368.720071453696,147.49262522476693,4457.080640069253
2015-05-22,9743.451997909619,9949.27869658036,205.8266986707428,4276.780273321106
2015-05-25,9757.840959572808,9950.056637000038,192.21567742723016,4277.11467748669
2015-05-26,9647.618657335708,9861.58084888867,213.96219155296174,4239.0826234251945
2015-05-27,9725.988265812231,9908.826898859978,182.8386330477453,4259.391731318521
2015-05-28,9699.597628013118,9899.552610002289,199.95498198917147,4255.405101046592
2015-05-29,9702.921612689122,9896.200174408641,193.27856171951836,4253.96402869836
2015-06-01,9723.16175366256,9899.215499854714,176.05374619215394,4255.260191443288
2015-06-02,9714.300776161032,9876.418772448773,162.1179962877407,4245.4608283900125
2015-06-03,9706.265611314979,9872.940286648725,166.67467533374585,4243.965572311219
2015-06-04,9705.47544322387,9882.6360176209,177.1605743970307,4248.133362984475
2015-06-05,9720.463060155012,9889.872027988507,169.40896783349484,4251.243822279214
2015-06-08,9735.52554925376,9901.67038532215,166.14483606839005,4256.3154443978565
2015-06-09,9745.17387615002,9896.75854779159,151.5846716415708,4254.204050145359
2015-06-10,9741.106597205451,9881.438774849626,140.3321776441761,4247.618718212455
2015-06-11,9782.837414602905,9945.868255037532,163.03084043462775,4275.314266632732
2015-06-12,9526.96127215047,9647.070747588064,120.10947543759409,4146.873670630871
2015-06-15,9548.190654156906,9661.495267880935,113.3046137240296,4153.074170759777
2015-06-16,9554.71919929855,9658.80807035859,104.08887106003876,4151.919056534458
2015-06-17,9552.312666642103,9659.149214848901,106.8365482067991,4152.065700333573
2015-06-18,9558.442833605348,9657.977162289897,99.53432868454917,4151.561883784
2015-06-19,9586.927516813037,9698.89815739364,111.97064058060226,4169.152114187789
2015-06-22,9594.012919766432,9699.067813824742,105.05489405830983,4169.225042417052
2015-06-23,9589.690809669306,9692.84855118856,103.15774151925406,4166.55164059887
2015-06-24,9592.306695477404,9692.024977695608,99.71828221820323,4166.197620676854
2015-06-25,9613.399962622336,9708.518066153929,95.11810353159322,4173.287312052062
2015-06-26,9611.961582070177,9708.464149378195,96.50256730801794,4173.264135477167
2015-06-29,9595.134801286073,9700.547236482691,105.41243519661815,4169.860984562445
2015-06-30,9732.896386952745,9818.002720881057,85.10633392831224,4220.350202322619
2015-07-01,9731.718547410725,9819.937413262187,88.21886585146291,4221.181845948544
2015-07-02,9731.161640507646,9820.397014828293,89.23537432064697,4221.379409507818
2015-07-03,9729.700936680048,9802.919355822476,73.21841914242754,4213.866492286432
2015-07-06,9729.281489589925,9797.585672556124,68.30418296620006,4211.57376413263
2015-07-07,9755.687146059454,9814.607352189185,58.920206129731426,4218.890674824707
2015-07-08,9729.498036151468,9801.074792586647,71.57675643517989,4213.07359142392
2015-07-09,9824.159401744027,9876.45009214451,52.29069040048287,4245.474291421955
2015-07-10,9823.749006344646,9875.84771482613,52.09870848148471,4245.215354516989
2015-07-13,9874.311543767753,9949.017494151178,74.70595038342378,4276.667993282468
2015-07-14,9875.14028138456,9953.702637842734,78.56235645817407,4278.681941301093
2015-07-15,9872.909408295433,9953.449848715813,80.54044042037951,4278.5732777904705
2015-07-16,9873.972235072448,9953.737313992682,79.76507892023379,4278.696847132819
2015-07-17,9863.392992873976,9951.458934293743,88.06594141976728,4277.717466652211
2015-07-20,9875.177103907727,9955.723611018471,80.54650711074437,4279.550673444848
2015-07-21,9880.86075586127,9959.774508426037,78.91375256476687,4281.2919854183365
2015-07-22,9888.065884209222,9960.945083015422,72.87919880620048,4281.795166650364
2015-07-23,9868.27161464034,9948.356315907868,80.08470126752742,4276.383780310415
2015-07-24,9868.95936055564,9935.750452736871,66.7910921812315,4270.965045085274
2015-07-27,9865.033678460282,9910.98482374738,45.95114528709669,4260.31933329563
2015-07-28,9877.654248458686,9918.622961308434,40.968712849747526,4263.602650312094
2015-07-29,9854.554457567689,9919.828674940041,65.27421737235193,4264.120936353946
2015-07-30,9847.952603515214,9919.11059584677,71.15799233155636,4263.81226407785
2015-07-31,9852.453642674338,9921.813813873048,69.3601711987111,4264.9742648501515
2015-08-03,9796.079424199248,9890.299032244853,94.21960804560429,4251.427373613523
2015-08-04,9796.198466659696,9890.32344090527,94.12497424557246,4251.437865879399
2015-08-05,9789.040926570322,9866.867677174921,77.82675060460004,4241.355210575743
2015-08-06,9789.328437966842,9865.466395322303,76.13795735546074,4240.752857906025
2015-08-07,9767.567496594751,9852.643005939915,85.07550934516466,4235.24061722806
2015-08-10,9765.666912767974,9845.140407453044,79.47349468506872,4232.015562810966
2015-08-11,9759.6335657886,9837.496033966007,77.86246817740644,4228.729565229805
2015-08-12,9789.21922084093,9849.843636566338,60.624415725407516,4234.0372849986825
2015-08-13,9791.009908375809,9848.689297738263,57.67938936245413,4233.541082843813
2015-08-14,9749.974749527637,9821.625081433045,71.65033190540774,4221.90730416126
2015-08-17,9750.550685726883,9819.135955417922,68.58526969103939,4220.837332622223
2015-08-18,9749.329538366874,9807.493970685213,58.16443231833979,4215.83292856786
2015-08-19,9767.669426780343,9816.583411924188,48.91398514384539,4219.740100552069
2015-08-20,9579.80741732289,9582.714522686118,2.9071053632270587,4119.209611605098
2015-08-21,9636.304071819692,9623.863546412511,-12.440525407180026,4136.897862010623
2015-08-24,9667.474955554993,9649.864859149762,-17.610096405231566,4148.074742746042
2015-08-25,9805.335150948222,9761.069679375882,-44.26547157234008,4195.877060476347
2015-08-26,9805.072140185488,9761.098070471911,-43.97406971357668,4195.889264625325
2015-08-27,9877.911215064387,9857.89500410171,-20.01621096267656,4237.498232359658
2015-08-28,9883.600723714097,9869.643263305345,-13.957460408751517,4242.54831938006
2015-08-31,9885.141478355514,9869.947912284406,-15.193566071108595,4242.6792752798465
2015-09-01,9888.196876222117,9872.114101520854,-16.082774701262178,4243.6104297561915
2015-09-02,10040.643789288753,9998.225213558313,-42.41857573044048,4297.82034111326
2015-09-03,10061.538924349314,10030.515436669164,-31.023487680149834,4311.700562326591
2015-09-04,10053.626874839068,10027.387923019482,-26.23895181958673,4310.3561745484
2015-09-07,10169.477296450103,10115.726283490447,-53.75101295965585,4348.329154194614
2015-09-08,10148.792293674782,10104.933145849294,-43.85914782548671,4343.689634129025
2015-09-09,10201.677864674659,10192.611610132566,-9.066254542092276,4381.378951905465
2015-09-10,10237.921361317569,10212.215221558772,-25.706139758795928,4389.805727472851
2015-09-11,10230.588378602151,10199.748057533445,-30.84032106870724,4384.446613230116
2015-09-14,10228.801137497465,10202.001253972647,-26.799883524817584,4385.41516847688
2015-09-15,10232.559361725023,10201.136821878079,-31.42253984694348,4385.04358514482
2015-09-16,10226.52907919069,10201.634348451285,-24.894730739405098,4385.257451084114
2015-09-17,10224.972299717798,10199.230631687731,-25.741668030065927,4384.224193422878
2015-09-18,10191.850162667793,10153.963922914292,-37.886239753502025,4364.765921821042
2015-09-21,10275.734308223693,10210.307085471637,-65.42722275205628,4388.985499290975
2015-09-22,10286.903985628142,10214.561262408604,-72.34272321953635,4390.814192662434
2015-09-23,10375.791021427967,10260.188534746705,-115.60248668126226,4410.427455514153
2015-09-24,10361.436765857417,10252.336290567095,-109.10047529032269,4407.052102985311
2015-09-25,10357.24893432004,10243.968701773409,-113.2802325466305,4403.455225283976
2015-09-28,10356.494278424349,10250.277524870964,-106.21675355338488,4406.167125412049
2015-09-29,10450.746136595155,10320.274156240306,-130.47198035484922,4436.255760112997
2015-09-30,10454.787258141889,10319.4754744322,-135.3117837096893,4435.9124400889295
2015-10-01,10461.024772425451,10346.054699176928,-114.97007324852372,4447.337741111755
2015-10-02,10439.311260652064,10332.610317626168,-106.70094302589695,4441.558561780589
2015-10-05,10455.000754625373,10382.854124448651,-72.14663017672228,4463.156280412072
2015-10-06,10481.935232159456,10426.604576283902,-55.33065587555317,4481.962776346516
2015-10-07,10461.550585823084,10417.001481222718,-44.549104600366476,4477.834805990774
2015-10-08,10466.747201910577,10424.736967784307,-42.01023412626974,4481.159969285528
2015-10-09,10421.360473454504,10397.901937573035,-23.458535881469473,4469.624708153383
2015-10-12,10421.335770530606,10411.579061018616,-9.7567095119904,4475.503933525564
2015-10-13,10418.636488511469,10415.38848896695,-3.2479995445196606,4477.14144784182
2015-10-14,10432.593738136338,10422.17681638799,-10.416921748349505,4480.0594668951135
2015-10-15,10427.603778949198,10410.741492810881,-16.86228613831732,4475.143897858895
2015-10-16,10441.634741256503,10429.637075723953,-11.997665532550437,4483.266321475725
2015-10-19,10448.218181887438,10424.724601873959,-23.49358001347855,4481.154653696021
2015-10-20,10448.644611104077,10424.899845004167,-23.744766099909253,4481.229983414402
2015-10-21,10448.453565519296,10424.825127646913,-23.62843787238381,4481.197865536381
2015-10-22,10414.361166416586,10405.303566808001,-9.057599608584942,4472.806360096997
2015-10-23,10430.390022784744,10433.272998739221,2.882975954476655,4484.829253252112
2015-10-26,10430.440650685654,10429.763639292582,-0.6770113930729819,4483.3207258793145
2015-10-27,10435.03605570262,10429.609790105415,-5.426265597205401,4483.254592525449
2015-10-28,10439.25795672778,10431.219342166612,-8.03861456116775,4483.946471878128
2015-10-29,10439.173366921003,10432.311804830908,-6.861562090094556,4484.416076048891
2015-10-30,10476.208992694968,10455.739755352335,-20.469237342633473,4494.486775613154
2015-11-02,10478.768508956588,10451.758510305983,-27.009998650604818,4492.775404286975
2015-11-03,10442.464874419098,10438.39028120739,-4.074593211707581,4487.028959721325
2015-11-04,10445.12462946281,10440.131804423698,-4.992825039113873,4487.77756797366
2015-11-05,10482.44088676739,10464.107805114,-18.333081653390064,4498.083851465412
2015-11-06,10461.230774382162,10451.515348508898,-9.715425873265023,4492.670879164229
2015-11-09,10459.74729702585,10426.85994612303,-32.88735090282009,4482.072549197764
2015-11-10,10501.124872200897,10448.059149023697,-53.06572317720068,4491.1852030434
2015-11-11,10500.699695939407,10446.156469873684,-54.543226065724326,4490.367320571375
2015-11-12,10469.627086903589,10426.55954741946,-43.067539484129554,4481.94342031428
2015-11-13,10468.014121538698,10425.419314783314,-42.59480675538407,4481.453281823442
2015-11-16,10481.003365908884,10431.135077355308,-49.86828855357567,4483.910249947503
2015-11-17,10483.325183989999,10436.344179150876,-46.98100483912278,4486.149425718975
2015-11-18,10482.121683367763,10435.810573556357,-46.31110981140533,4485.920050912019
2015-11-19,10476.58830640762,10427.369273767059,-49.21903264056101,4482.291487925592
2015-11-20,10440.591575121372,10413.257051432234,-27.33452368913879,4476.225231673766
2015-11-23,10438.3780825846,10403.466941779052,-34.91114080554783,4472.016871538797
2015-11-24,10456.81237622886,10406.10789860165,-50.70447762721059,4473.152108814385
2015-11-25,10453.452405468895,10406.613226351257,-46.839179117638636,4473.369328154299
2015-11-26,10452.236926362726,10406.722509233827,-45.51441712890002,4473.4163043111275
2015-11-27,10449.106534173632,10392.729946711634,-56.37658746199781,4467.401484825902
2015-11-30,10453.384588801036,10390.929468943334,-62.455119857703444,4466.62753446861
2015-12-01,10456.471835933564,10390.542976424622,-65.92885950894272,4466.461397441975
2015-12-02,10463.397201441805,10403.574464895604,-59.82273654620072,4472.063091245554
2015-12-03,10510.302795179303,10436.055365005821,-74.2474301734826,4486.025276554407
2015-12-04,10502.451875305087,10430.214683714621,-72.23719159046655,4483.514611078976
2015-12-07,10587.615010731171,10543.06995220398,-44.54505852719179,4532.026387734859
2015-12-08,10598.304066684997,10548.063049752274,-50.24101693272267,4534.172712282451
2015-12-09,10635.42492657032,10567.822685437957,-67.60224113236255,4542.666556176641
2015-12-10,10639.901637736455,10570.372807144146,-69.5288305923104,4543.762747221259
2015-12-11,10638.24621741649,10576.38941253027,-61.85680488622069,4546.349035133425
2015-12-14,10679.461318230884,10585.116455748652,-94.34486248223295,4550.100427311596
2015-12-15,10674.731166601967,10583.232806975573,-91.49835962639364,4549.290725205518
2015-12-16,10674.747846732582,10584.450459819174,-90.29738691340697,4549.8141434170375
2015-12-17,10706.540366518026,10628.503755259426,-78.03661125860042,4568.750819196199
2015-12-18,10757.833166537872,10665.006709773503,-92.8264567643685,4584.441918073286
2015-12-21,10776.475015994281,10674.073043495615,-102.4019724986673,4588.339157099005
2015-12-22,10777.980945519519,10688.439333443757,-89.5416120757611,4594.514626429475
2015-12-23,10776.745501555713,10692.521363366974,-84.22413818874023,4596.269320973987
2015-12-24,10781.421882850887,10711.399749053735,-70.02213379715324,4604.384352219924
2015-12-25,10785.47572782662,10712.3318601944,-73.14386763222156,4604.785027953363
2015-12-28,10731.363331635519,10677.009261883628,-54.35406975189072,4589.601315016477
2015-12-29,10708.011085335691,10661.568117746967,-46.44296758872394,4582.963810665144
2015-12-30,10710.217981914659,10665.217462717519,-45.00051919713946,4584.532511980744
2015-12-31,10739.446096175028,10685.342930958108,-54.10316521692114,4593.183612044137
2016-01-01,10764.35854566527,10700.928451253681,-63.43009441158972,4599.883177689279
2016-01-04,10711.892929285783,10663.576394104546,-48.31653518123676,4583.827084975916
2016-01-05,10691.88301453524,10647.898618014835,-43.98439652040614,4577.087862409654
2016-01-06,10692.507815496274,10646.479221127931,-46.02859436834209,4576.477722841646
2016-01-07,10712.932495207611,10657.638277889171,-55.294217318439266,4581.274536287202
2016-01-08,10737.952334234194,10654.765971355066,-83.18636287912899,4580.039851412185
2016-01-11,10736.748059373407,10625.197471250569,-111.55058812283863,4567.329585490891
2016-01-12,10736.129644439365,10625.545250650302,-110.58439378906193,4567.479081361055
2016-01-13,10708.780493511398,10583.363954455983,-125.41653905541456,4549.347100041748
2016-01-14,10762.036055337901,10620.22647516357,-141.80958017433142,4565.192761440426
2016-01-15,10763.570672492475,10623.21830907482,-140.35236341765457,4566.478826153548
2016-01-18,10865.357969319779,10692.28491927203,-173.07305004774926,4596.1676835114295
2016-01-19,10864.531961247993,10692.812620060613,-171.71934118737866,4596.394520088397
2016-01-20,10858.672452728073,10681.919979530603,-176.75247319746998,4591.712227877692
2016-01-21,10882.259677978751,10700.238851949605,-182.0208260291457,4599.5867476876565
2016-01-22,10882.363225463176,10699.880901822009,-182.48232364116691,4599.432879845452
2016-01-25,10940.435370450152,10779.684742614054,-160.75062783609872,4633.737225159649
2016-01-26,10966.55897253347,10782.228552383258,-184.33042015021286,4634.830702965608
2016-01-27,11002.52795146302,10839.578690140743,-162.94926132227695,4659.483137108172
2016-01-28,10999.320342879546,10837.920856888224,-161.3994859913219,4658.770503683473
2016-01-29,11000.732828624032,10837.853349719626,-162.87947890440557,4658.741485165068
2016-02-01,11043.49868128176,10898.53577250594,-144.9629087758209,4684.826329767828
2016-02-02,11020.106898693275,10883.577074952223,-136.52982374105247,4678.396209096436
2016-02-03,11046.212929422918,10883.48450755731,-162.72842186560715,4678.356418231129
2016-02-04,11042.668587447573,10891.187095195424,-151.48149225214834,4681.667439649751
2016-02-05,11038.082437310677,10883.57966717364,-154.50277013703558,4678.397323384393
2016-02-08,11045.836836592312,10888.755982659282,-157.08085393303045,4680.6224056876035
2016-02-09,11055.221127911895,10894.410309935927,-160.81081797596764,4683.052965338523
2016-02-10,11061.264972953222,10897.648277438277,-163.6166955149461,4684.4448326247875
2016-02-11,11060.587907408808,10897.920906036088,-162.66700137271982,4684.562024297131
2016-02-12,11018.364735602117,10871.473487643481,-146.89124795863648,4673.193381332024
2016-02-15,11021.437377098917,10884.370837953526,-137.06653914539058,4678.737414730452
2016-02-16,11023.679856304545,10875.310466672881,-148.36938963166378,4674.842738709833
2016-02-17,11027.561165649822,10884.827207381251,-142.73395826857038,4678.9335889281365
2016-02-18,10992.408397499123,10882.12265395518,-110.28574354394225,4677.771014123117
2016-02-19,10983.266197770521,10886.547199669547,-96.71899810097482,4679.672941931824
2016-02-22,10990.216787024578,10889.507782814864,-100.70900420971412,4680.945573243054
2016-02-23,10977.880139222314,10891.906853080241,-85.97328614207338,4681.976833568368
2016-02-24,11009.846668177794,10901.393451906948,-108.4532162708451,4686.054727047915
2016-02-25,11007.704604643875,10901.811209568024,-105.8933950758515,4686.234303656271
2016-02-26,11017.501118711705,10923.595593660257,-93.9055250514479,4695.598502508608
2016-02-29,11025.115283201992,10918.96177441036,-106.15350879163347,4693.606616728496
2016-03-01,11048.129820833356,10930.882639297279,-117.24718153607769,4698.730899738764
2016-03-02,11089.31149449592,10989.369057007545,-99.94243748837509,4723.871773278315
2016-03-03,11090.757218858955,10993.118367120216,-97.6388517387379,4725.483445442444
2016-03-04,11091.022113913867,11011.160118277056,-79.8619956368115,4733.238842370893
2016-03-07,11089.013881359902,11016.887188647583,-72.12669271231951,4735.700671246287
2016-03-08,11062.548771090333,11000.418099330238,-62.13067176009532,4728.621296101615
2016-03-09,11081.169798481917,11010.628093639873,-70.54170484204332,4733.010147151609
2016-03-10,11072.107584525384,10985.677766751174,-86.4298177742094,4722.28504143242
2016-03-11,11011.664967951589,10944.829562038145,-66.83540591344293,4704.726100584044
2016-03-14,11053.012029235058,11016.721215538722,-36.290813696335974,4735.629326323753
2016-03-15,11054.075311105855,11007.33922951095,-46.73608159490493,4731.596401526708
2016-03-16,11051.296008456886,11005.459342881415,-45.83666557547109,4730.7883166093525
2016-03-17,11058.533709364654,11015.204121761371,-43.329587603283265,4734.977190934081
2016-03-18,11057.783773434148,11018.894032661257,-38.88974077289038,4736.563329852108
2016-03-21,11055.522204678502,11020.251272960775,-35.270931717726185,4737.146750893588
2016-03-22,11059.9222763859,11021.18994781731,-38.73232856858916,4737.550248094935
2016-03-23,11060.391476437799,11020.978844738067,-39.412631699731314,4737.459503678935
2016-03-24,11099.246641283517,11045.50015191451,-53.74648936900742,4748.000191703314
2016-03-25,11115.410845716666,11053.081907600083,-62.32893811658412,4751.259272501236
2016-03-28,11106.961016348158,11049.65387929164,-57.30713705651712,4749.785705995257
2016-03-29,11108.138318656745,11054.453275697884,-53.685042958860684,4751.84876649442
2016-03-30,11142.041073082177,11103.142699001723,-38.898374080454964,4772.778320430506
2016-03-31,11141.293870410826,11103.652074297755,-37.64179611306992,4772.997279641945
2016-04-01,11150.581029951834,11102.234581817309,-48.346448134525936,4772.387958698907
2016-04-04,11171.08040831844,11113.101481205735,-57.97892711270424,4777.059185865612
2016-04-05,11178.84201435132,11114.433073063836,-64.40894128748438,4777.631581711031
2016-04-06,11201.475572233094,11130.193222022865,-71.2823502102297,4784.406212940905
2016-04-07,11205.459116448916,11144.671829684146,-60.787286764769384,4790.6299629753885
2016-04-08,11212.320290026757,11148.168992572932,-64.15129745382596,4792.1332475562585
2016-04-11,11223.192653615824,11172.924197477725,-50.26845613809927,4802.774478466317
2016-04-12,11222.051398354852,11168.284618303249,-53.76678005160286,4800.780116734674
2016-04-13,11233.912278027668,11189.353168446078,-44.55910958159,4809.836608404698
2016-04-14,11239.782217104841,11208.093921729313,-31.688295375528032,4817.89247721622
2016-04-15,11229.988397655674,11201.730934049408,-28.25746360626457,4815.157293991515
2016-04-18,11229.598737911101,11201.659352979577,-27.93938493152452,4815.126524272751
2016-04-19,11231.60339147211,11210.266404563052,-21.336986909059156,4818.8263370477525
2016-04-20,11247.475334542316,11251.533668615304,4.058334072988688,4836.565414041673
2016-04-21,11247.670059828057,11244.831019466172,-2.8390403618849542,4833.684224506812
2016-04-22,11255.770436981724,11244.833250240466,-10.937186741257312,4833.685183423713
2016-04-25,11264.289486443697,11244.018520026946,-20.270966416750248,4833.334964858978
2016-04-26,11272.76525509945,11247.597006928401,-25.168248171049513,4834.8732072437
2016-04-27,11273.895829130483,11245.46519910886,-28.43063002162299,4833.95683190563
2016-04-28,11266.033432845388,11247.75725265802,-18.27618018736733,4834.942090204588
2016-04-29,11299.949097331799,11264.11948594128,-35.82961139051772,4841.975532393454
2016-05-02,11299.731875518146,11264.144672361586,-35.587203156560385,4841.986358985894
2016-05-03,11309.244502851507,11286.326029215985,-22.91847363552147,4851.521199884762
2016-05-04,11323.602941864878,11295.026956062185,-28.575985802691786,4855.261365722938
2016-05-05,11350.878620065861,11308.709414060571,-42.16920600529002,4861.142884197051
2016-05-06,11350.617063642425,11299.658598789381,-50.958464853044454,4857.252315906649
2016-05-09,11350.698087748167,11301.095252097604,-49.6028356505629,4857.869873291016
2016-05-10,11357.604775625961,11304.360768751934,-53.244006874026866,4859.273582809601
2016-05-11,11370.696691374207,11337.163346132667,-33.53334524153922,4873.37404377108
2016-05-12,11383.756637204953,11345.09602254491,-38.66061466004296,4876.783970764701
2016-05-13,11388.967765193513,11344.522772018607,-44.44499317490542,4876.537554253782
2016-05-16,11406.79376301679,11351.955963096261,-54.83779992053006,4879.732773318222
2016-05-17,11405.127087094334,11358.75456912014,-46.372517974194025,4882.655210714513
2016-05-18,11421.833637707752,11366.9845323918,-54.84910531595189,4886.192928939502
2016-05-19,11432.606584220264,11357.545443986053,-75.06114023421068,4882.13545820992
2016-05-20,11429.523663543183,11326.162439958578,-103.3612235846058,4868.6452126719805
2016-05-23,11428.421787905236,11331.433940047646,-96.98784785759071,4870.911210869365
2016-05-24,11427.259139901947,11330.866734595413,-96.39240530653524,4870.66739288386
2016-05-25,11424.769548802069,11335.149818670834,-89.61973013123426,4872.5085122294295
2016-05-26,11424.670067467514,11336.414929835059,-88.25513763245456,4873.052330795149
2016-05-27,11419.300777480039,11337.059126257267,-82.24165122277138,4873.3292439900315
2016-05-30,11423.57262832475,11337.846193745114,-85.72643457963524,4873.667571501849
2016-05-31,11427.633945327223,11332.682147363596,-94.95179796362795,4871.447763175182
2016-06-01,11424.733509333406,11324.704931488552,-100.0285778448535,4868.0186905226965
2016-06-02,11421.693358884448,11324.090163185225,-97.60319569922332,4867.754427249698
2016-06-03,11421.935531044699,11324.026056049212,-97.90947499548763,4867.726870263605
2016-06-06,11428.708692973083,11344.909109369022,-83.79958360406005,4876.703624580033
2016-06-07,11416.581604037709,11351.570698771086,-65.01090526662244,4879.567164240802
2016-06-08,11407.218813444453,11354.828228871886,-52.39058457256718,4880.967440672866
2016-06-09,11407.915397945604,11356.264695533579,-51.65070241202476,4881.584917825669
2016-06-10,11401.739236379957,11352.272640107998,-49.466596271959624,4879.868899567985
2016-06-13,11472.505490921956,11401.799489494366,-70.70600142759068,4901.158428077038
2016-06-14,11505.80721662987,11421.656038644667,-84.15117798520197,4909.693931030777
2016-06-15,11504.464496925886,11420.967649874774,-83.49684705111177,4909.398021387351
2016-06-16,11504.365818296028,11420.501513675088,-83.86430462093995,4909.197648861433
2016-06-17,11497.29691403699,11418.033918984112,-79.26299505287626,4908.136932741324
2016-06-20,11497.134931458573,11419.194889270819,-77.94004218775471,4908.635985483892
2016-06-21,11509.518934020072,11452.385131269384,-57.133802750687465,4922.90308730857
2016-06-22,11513.752370274296,11451.893947640814,-61.85842263348247,4922.691947936832
2016-06-23,11519.078894450464,11453.41752997806,-65.66136447240412,4923.346872487991
2016-06-24,11541.57208619836,11502.214908983855,-39.35717721450454,4944.322832081271
2016-06-27,11769.917634023226,11690.342834560379,-79.57479946284698,5025.191187014684
2016-06-28,11833.667840639804,11735.292872082427,-98.3749685573767,5044.513334842889
2016-06-29,11837.480336517483,11755.649296764906,-81.83103975257634,5053.263713455492
2016-06-30,11844.738234095872,11784.134569181282,-60.60366491459055,5065.508344937411
2016-07-01,11757.267035256744,11731.042024875063,-26.22501038168013,5042.686072783419
2016-07-04,11752.669734498228,11735.191131885696,-17.47860261253146,5044.469600972359
2016-07-05,11754.114666872885,11733.270130229614,-20.84453664327091,5043.643842418568
2016-07-06,11731.53503067903,11717.036850609888,-14.49818006914225,5036.665832035483
2016-07-07,11732.898131282709,11716.113333103842,-16.78479817886728,5036.2688503474255
2016-07-08,11731.210748418247,11715.362244005555,-15.84850441269224,5035.945988445872
2016-07-11,11746.234745119875,11738.659483722295,-7.57526139758015,5045.960500882601
2016-07-12,11748.10970358379,11742.953350864154,-5.156352719636325,5047.806255419046
2016-07-13,11737.716082226414,11740.383474825037,2.6673925986241223,5046.701572809969
2016-07-14,11733.72194517781,11730.171019652797,-3.5509255250130525,5042.311663937698
2016-07-15,11733.691841304077,11729.8102206012,-3.881620702875409,5042.156571461795
2016-07-18,11737.597610353952,11731.719059426112,-5.878550927839712,5042.977101721353
2016-07-19,11738.896749711195,11728.125523669036,-10.771226042159757,5041.432390460765
2016-07-20,11747.007532722055,11730.07563761918,-16.931895102875025,5042.270663176512
2016-07-21,11735.645140588771,11725.960894953714,-9.68424563505676,5040.501906787418
2016-07-22,11734.261467908107,11726.644267112637,-7.617200795469951,5040.7956599988565
2016-07-25,11729.343192459193,11725.043400465045,-4.299791994148507,5040.10751414352
2016-07-26,11739.358388894923,11726.635589432977,-12.722799461945712,5040.791929826015
2016-07-27,11738.8419320489,11729.148673915266,-9.69325813363284,5041.872200111612
2016-07-28,11738.963873236326,11740.341427101386,1.377553865060556,5046.683498245919
2016-07-29,11735.008584725083,11741.69205187424,6.68346714915797,5047.26407554819
2016-08-01,11743.177715687438,11765.431271381278,22.253555693839445,5057.4685766771645
2016-08-02,11740.221081383925,11765.414524683702,25.193443299777556,5057.461377969798
2016-08-03,11747.810704676902,11769.819964102107,22.009259425205972,5059.355092778132
2016-08-04,11750.444977908333,11765.075033028166,14.630055119832845,5057.315444655472
2016-08-05,11737.856190145225,11763.13197641165,25.27578626642555,5056.480205593336
2016-08-08,11738.549525707293,11763.336947352256,24.787421644963022,5056.568314058494
2016-08-09,11722.986785825486,11756.518529341887,33.53174351640122,5053.6373603148795
2016-08-10,11717.63255596245,11771.882328473446,54.24977251099789,5060.2416172718895
2016-08-11,11717.646467628601,11773.020580710585,55.37411308198295,5060.730904471728
2016-08-12,11708.372375850666,11772.324231520854,63.95185567018851,5060.431572975565
2016-08-15,11696.148692866864,11765.265582637163,69.11688977029944,5057.397353991183
2016-08-16,11695.883638508012,11767.816108985378,71.93247047736597,5058.493718974545
2016-08-17,11701.851842458096,11767.034231451804,65.18238899370695,5058.157622407776
2016-08-18,11683.346775612952,11761.903366327217,78.55659071426408,5055.952077320629
2016-08-19,11683.226414885805,11760.749251670728,77.52283678492397,5055.455971527782
2016-08-22,11693.335962322722,11765.265820824914,71.92985850219203,5057.397456378171
2016-08-23,11683.824714329985,11760.87049462648,77.0457802964958,5055.5080888216335
2016-08-24,11674.971247235528,11759.612615037604,84.64136780207559,5054.967378808778
2016-08-25,11691.3535492076,11765.310150620608,73.95660141300777,5057.416511909886
2016-08-26,11667.200673958954,11748.681776348136,81.4811023891819,5050.26866680124
2016-08-29,11680.57664964731,11752.281276070036,71.70462642272639,5051.815941721757
2016-08-30,11664.426365364048,11747.095844509879,82.6694791458305,5049.586940798025
2016-08-31,11659.489847254166,11744.518422271913,85.0285750177459,5048.479014392552
2016-09-01,11639.155947142204,11731.364415325988,92.20846818378455,5042.82465500258
2016-09-02,11613.33048933325,11721.702569358687,108.3720800254374,5038.671430080755
2016-09-05,11616.644250811763,11734.061994097783,117.41774328601959,5043.984231694397
2016-09-06,11616.16390775662,11733.934307476538,117.77039971991833,5043.929344537291
2016-09-07,11607.568790961694,11743.527518306322,135.9587273446278,5048.053066073881
2016-09-08,11585.667493323243,11708.11064448629,122.44315116304743,5032.828828024517
2016-09-09,11520.337040850958,11657.12268726207,136.7856464111111,5010.911230147955
2016-09-12,11565.24024454961,11694.051312889247,128.81106833963625,5026.785307296629
2016-09-13,11555.743663858359,11698.63599100223,142.89232714387066,5028.756069349949
2016-09-14,11617.100607450822,11733.837012811782,116.73640536095907,5043.8875216156885
2016-09-15,11609.324380372313,11730.283227082407,120.95884671009401,5042.359897235418
2016-09-16,11607.964920059057,11734.701298273436,126.73637821437875,5044.25904191637
2016-09-19,11633.985020411168,11737.055536676107,103.07051626493907,5045.271030892284
2016-09-20,11631.805337645177,11725.37569713046,93.57035948528176,5040.2503546314465
2016-09-21,11627.592413349405,11717.45898351731,89.86657016790551,5036.8472893799035
2016-09-22,11635.633906401028,11759.162163631321,123.52825723029265,5054.773748521878
2016-09-23,11645.892801865863,11776.91372297189,131.02092110602814,5062.404404082318
2016-09-26,11661.150426731841,11781.35069674118,120.20027000933739,5064.311674193896
2016-09-27,11678.476978719107,11791.53233282149,113.05535410238343,5068.688335222938
2016-09-28,11670.147164165477,11773.495547686258,103.34838352078009,5060.935072980218
2016-09-29,11655.531745312812,11768.148065005853,112.61631969304139,5058.636413033408
2016-09-30,11685.804185989444,11785.621349031879,99.81716304243423,5066.14744963331
2016-10-03,11670.778054342323,11761.595892841951,90.81783849962802,5055.819907283337
2016-10-04,11667.890421007021,11760.010922444444,92.12050143742275,5055.138594563432
2016-10-05,11689.64459415253,11776.510289360267,86.86569520773702,5062.230984785864
2016-10-06,11682.19089846508,11776.35516000889,94.16426154381016,5062.164301142757
2016-10-07,11685.850204374292,11778.506381100351,92.65617672605848,5063.089021437372
2016-10-10,11695.546039391582,11777.56514801061,82.01910861902766,5062.684424558184
2016-10-11,11691.73527174479,11782.25913407713,90.5238623323398,5064.702173545298
2016-10-12,11730.382394490904,11798.346133918572,67.96373942766824,5071.617304347941
2016-10-13,11722.165219985298,11793.511256204987,71.34603621968951,5069.538991913444
2016-10-14,11729.410149591391,11792.516269902795,63.106120311403295,5069.1112887684
2016-10-17,11727.201647058571,11779.777135437396,52.57548837882568,5063.635265767906
2016-10-18,11723.78247586,11778.129361891046,54.34688603104571,5062.926956591648
2016-10-19,11713.370776280955,11762.714918358046,49.344142077089835,5056.300929717076
2016-10-20,11703.110866319443,11760.97834570199,57.86747938254646,5055.554449504278
2016-10-21,11703.536837691196,11760.833410954257,57.296573263061184,5055.492148096415
2016-10-24,11704.055031614504,11749.074738355845,45.01970674134055,5050.437584791577
2016-10-25,11704.75955783968,11748.952625788772,44.19306794909166,5050.385093688061
2016-10-26,11705.250503630612,11744.474584896025,39.22408126541214,5048.46017053159
2016-10-27,11715.676187536654,11745.11697384939,29.44078631273535,5048.736306770943
2016-10-28,11716.460520892082,11745.078023505239,28.61750261315669,5048.719563641257
2016-10-31,11686.47893953379,11728.638697941282,42.15975840749185,5041.652982693756
2016-11-01,11680.959810217908,11716.551175720775,35.59136550286663,5036.457060641259
2016-11-02,11686.227859446404,11718.721426283591,32.493566837186336,5037.389960912553
2016-11-03,11688.016853921348,11718.675882609039,30.659028687690785,5037.3703835849055
2016-11-04,11681.696064003083,11716.671371081431,34.9753070783475,5036.508727617637
2016-11-07,11690.079152218415,11720.032841765411,29.95368954699574,5037.953683774664
2016-11-08,11674.22503923405,11718.769889513233,44.54485027918158,5037.41079323526
2016-11-09,11677.19138921466,11711.642903199001,34.45151398434081,5034.347198837466
2016-11-10,11662.363443206104,11701.948750689957,39.585307483852425,5030.1800866797275
2016-11-11,11686.116806533517,11710.989871911395,24.873065377879293,5034.066487902144
2016-11-14,11663.457582535915,11693.892878019722,30.435295483807355,5026.717202749028
2016-11-15,11588.07216049303,11633.697945499607,45.62578500657808,5000.8419098954455
2016-11-16,11588.117550935674,11633.99003058035,45.87247964467475,5000.967465098947
2016-11-17,11595.473042826887,11620.422885147262,24.949842320374355,4995.13551469098
2016-11-18,11583.860098260593,11597.689378629128,13.829280368534365,4985.363327662629
2016-11-21,11627.600677646373,11626.926513077055,-0.6741645693191441,4997.931153297899
2016-11-22,11621.491418385296,11632.133402332247,10.64198394695095,5000.169377990472
2016-11-23,11615.412131975194,11633.257245912768,17.8451139375734,5000.652471509314
2016-11-24,11642.936679543898,11648.963376578404,6.026697034505344,5007.403882526082
2016-11-25,11647.23436371943,11649.826629898636,2.5922661792057773,5007.7749591521815
2016-11-28,11646.391063673595,11637.602838992836,-8.788224680757748,5002.520460870905
2016-11-29,11627.62634453317,11631.6758289001,4.049484366931991,4999.972686241464
2016-11-30,11616.211671248819,11628.83062354161,12.618952292790881,4998.749651032396
2016-12-01,11603.228368190856,11619.646771568376,16.41840337751929,4994.8018958081175
2016-12-02,11621.969386747882,11630.39407624153,8.424689493648025,4999.421714190863
2016-12-05,11622.373588976678,11636.559775968788,14.186186992110228,5002.072091546744
2016-12-06,11560.459479434578,11598.476437309397,38.01695787481864,4985.7016513884355
2016-12-07,11556.57493451229,11609.460634954785,52.88570044249556,4990.423300187379
2016-12-08,11577.129339063653,11640.221104901135,63.09176583748168,5003.645944268085
2016-12-09,11570.001052458345,11623.40437936671,53.40332690836556,4996.417134801505
2016-12-12,11574.65032006798,11626.007811819056,51.3574917510767,4997.536241914158
2016-12-13,11583.567126322641,11625.415361542811,41.848235220170096,4997.281572230894
2016-12-14,11587.730287722448,11639.362653486316,51.632365763868094,5003.2769317810025
2016-12-15,11652.309607337575,11686.098718219868,33.789110882292704,5023.366818274363
2016-12-16,11665.691192156837,11681.656837265473,15.965645108636345,5021.457438768417
2016-12-19,11663.025150106545,11663.689335246698,0.6641851401533496,5013.733958450073
2016-12-20,11659.083735396744,11668.672690855157,9.588955458414377,5015.876095343729
2016-12-21,11660.525416955474,11658.96943392301,-1.5559830324642556,5011.705069573927
2016-12-22,11662.343752831144,11658.763620365087,-3.580132466057027,5011.616598902701
2016-12-23,11662.427350999558,11648.16634371859,-14.261007280968036,5007.061271316165
2016-12-26,11632.54263545131,11633.31262274182,0.7699872905099719,5000.676275700282
2016-12-27,11633.528629919421,11632.911858926742,-0.6167709926795665,5000.504004038098
2016-12-28,11633.852460667664,11632.796717759991,-1.0557429076729496,5000.454509649046
2016-12-29,11628.476228094745,11630.037538738354,1.5613106436084054,4999.268453577025
2016-12-30,11628.72429465653,11629.541981509936,0.817686853405785,4999.055434176983
2017-01-02,11620.89280369259,11629.971468718288,9.078665025697857,4999.240052828881
2017-01-03,11619.808109467174,11616.49800637794,-3.31010308923411,4993.448372878219
2017-01-04,11620.038708312462,11617.625451607715,-2.4132567047474436,4993.933014595976
2017-01-05,11623.2720869576,11631.436162464446,8.16407550684568,4999.869663628926
2017-01-06,11636.287746992262,11653.018571906538,16.73082491427493,5009.147041996506
2017-01-09,11568.769016250459,11604.715064316366,35.94604806590677,4988.383377142603
2017-01-10,11539.858694238044,11588.150919652422,48.29222541437833,4981.263141665881
2017-01-11,11537.716548156573,11578.264097855561,40.54754969898756,4977.013209010845
2017-01-12,11528.804963466066,11580.599183081207,51.794219615142396,4978.016964834169
2017-01-13,11515.049827581317,11551.284346608005,36.234519026687856,4965.415738336481
2017-01-16,11513.016229188554,11545.88549374048,32.86926455192639,4963.0949964870915
2017-01-17,11512.537561193556,11545.892645857999,33.35508466444332,4963.098070884347
2017-01-18,11484.888106795595,11530.945759047607,46.05765225201115,4956.673027159296
2017-01-19,11483.163229825175,11516.242483856651,33.07925403147677,4950.352701916874
2017-01-20,11494.780196889731,11521.483874996173,26.70367810644177,4952.605757531646
2017-01-23,11495.540383845137,11523.4190973585,27.878713513362943,4953.4376289744005
2017-01-24,11493.00120032287,11526.71929324628,33.718092923411305,4954.856245650181
2017-01-25,11493.014723783139,11524.18107052802,31.166346744882325,4953.765169484581
2017-01-26,11492.021318354526,11528.765780098149,36.744461743623916,4955.735945060018
2017-01-27,11497.977437761389,11529.969640028647,31.99220226725785,4956.253434273016
2017-01-30,11497.877096010587,11529.918543740707,32.04144773012103,4956.23147010828
2017-01-31,11501.597523747274,11531.187473491022,29.589949743747553,4956.776930125018
2017-02-01,11485.124188039303,11526.369740244778,41.245552205474496,4954.705987382532
2017-02-02,11475.876123442496,11525.942449334056,50.066325891559934,4954.522312827454
2017-02-03,11475.27084795885,11526.002391043556,50.73154308470733,4954.548079270284
2017-02-06,11375.184096998877,11456.122956971396,80.93885997251924,4924.509822803172
2017-02-07,11374.224007141944,11456.071121022114,81.84711388017104,4924.48754068885
2017-02-08,11317.676314537592,11415.89715222064,98.22083768304691,4907.218425759924
2017-02-09,11316.607028702952,11416.629004018252,100.0219753152996,4907.533018347635
2017-02-10,11317.05096437323,11406.151705340915,89.10074096768648,4903.029264289934
2017-02-13,11314.560778633502,11407.44301365983,92.88223502632725,4903.584343920682
2017-02-14,11311.877152632102,11394.84182639958,82.96467376748014,4898.167618674702
2017-02-15,11312.388580143259,11395.030244030211,82.641663886952,4898.248611561765
2017-02-16,11265.666565553605,11326.298777520129,60.63221196652402,4868.703818507794
2017-02-17,11255.994179527848,11327.411278923582,71.4170993957344,4869.182036497402
2017-02-20,11239.47404579557,11295.283807557613,55.809761762042044,4855.37177547648
2017-02-21,11241.882128120737,11288.481392841273,46.59926472053664,4852.447700882029
2017-02-22,11242.87073556839,11291.960116252369,49.08938068398018,4853.943059099909
2017-02-23,11221.160122055026,11280.028465051777,58.86834299675054,4848.814139502916
2017-02-24,11212.32884130981,11278.882935886993,66.55409457718204,4848.321724255151
2017-02-27,11212.6899672727,11278.82757202769,66.13760475499062,4848.297925639337
2017-02-28,11219.498849501866,11278.070105229297,58.57125572743184,4847.9723222303
2017-03-01,11171.865754832983,11245.580406196492,73.7146513635096,4834.006354631322
2017-03-02,11174.508088958268,11250.730546211797,76.2224572535291,4836.220185190705
2017-03-03,11211.257091588825,11268.488061163975,57.230969575149885,4843.853400820374
2017-03-06,11211.493639656665,11268.066360324994,56.572720668328834,4843.67212920417
2017-03-07,11194.85953728386,11231.139816030183,36.28027874632329,4827.798946733541
2017-03-08,11200.556560070483,11234.626374909598,34.06981483911431,4829.297673092707
2017-03-09,11203.850642275522,11236.555691714657,32.70504943913429,4830.127005982507
2017-03-10,11199.448469680277,11234.99997066722,35.55150098694369,4829.458266339225
2017-03-13,11202.059097178555,11241.030723452404,38.9716262738495,4832.0506356286505
2017-03-14,11174.366734374356,11228.950222800579,54.58348842622221,4826.857731855905
2017-03-15,11192.163599971078,11236.39729180976,44.23369183868252,4830.058916464743
2017-03-16,11214.166841547249,11268.449865154691,54.283023607442956,4843.83698194781
2017-03-17,11208.110936963163,11270.997854049527,62.88691708636321,4844.9322561857125
2017-03-20,11187.834217670084,11261.901272010315,74.06705434022942,4841.022014669077
2017-03-21,11189.538438592075,11258.705212876177,69.16677428410136,4839.648162043766
2017-03-22,11198.398189014537,11255.997447008056,57.59925799351946,4838.484206343788
2017-03-23,11189.704543699394,11256.67953917654,66.97499547714617,4838.7774093406815
2017-03-24,11191.422035042073,11256.055436583561,64.63340154148823,4838.50913364557
2017-03-27,11191.23912663228,11257.292523387414,66.05339675513439,4839.040905706686
2017-03-28,11185.611082002712,11245.848636877165,60.23755487445258,4834.121655822372
2017-03-29,11184.995891188417,11248.71687104176,63.720979853343486,4835.3545901554535
2017-03-30,11160.28839009902,11234.628496455125,74.34010635610532,4829.298585056713
2017-03-31,11138.018302837918,11218.485886502407,80.46758366448857,4822.359549784796
2017-04-03,11137.904974434809,11203.022561315816,65.11758688100745,4815.712510724498
2017-04-04,11137.944633273279,11202.8192305835,64.87459731022142,4815.625107316528
2017-04-05,11083.66342895273,11165.540034974721,81.8766060219921,4799.600334742843
2017-04-06,11092.920809191819,11168.253364202064,75.33255501024466,4800.7666818990965
2017-04-07,11098.581321754358,11166.800919585827,68.21959783146889,4800.142336489519
2017-04-10,11074.45643310077,11121.535547120846,47.07911402007676,4780.684639310999
2017-04-11,11025.0578586167,11086.214468503536,61.156609886837074,4765.501579626998
2017-04-12,11023.323943964744,11094.00746182549,70.68351786074581,4768.851462681426
2017-04-13,11021.086020742383,11084.535394143342,63.44937340096014,4764.779815535338
2017-04-14,10995.678577693074,11035.12622126157,39.44764356849566,4743.540871251416
2017-04-17,10999.450952039871,11031.21417556848,31.763223528608954,4741.859245843307
2017-04-18,10999.782107922985,11035.167096238358,35.384988315373185,4743.558441700464
2017-04-19,10980.293521351508,11026.427764830814,46.13424347930611,4739.801767341885
2017-04-20,10977.259428745534,11024.911779832846,47.652351087312205,4739.150108570261
2017-04-21,10977.575730177527,11029.070754925828,51.49502474830148,4740.937878636549
2017-04-24,10964.28345530308,11023.67224983666,59.38879453357963,4738.617286282581
2017-04-25,11000.506477936044,11086.579636611625,86.07315867558053,4765.658550178206
2017-04-26,10925.863281553955,11033.081823585731,107.21854203177575,4742.662069891288
2017-04-27,10925.275691690676,11028.255793177728,102.9801014870509,4740.587560544747
2017-04-28,10926.173000661887,11028.513310647682,102.34030998579524,4740.698256572984
2017-05-01,10910.023114989574,11019.054087914434,109.03097292485977,4736.6321309351115
2017-05-02,10907.76809201825,11019.265726636371,111.49763461812084,4736.723105601583
2017-05-03,10905.541492536562,11020.152266501707,114.61077396514598,4737.1041921429505
2017-05-04,10913.000690687872,11013.852527953046,100.85183726517359,4734.396197083845
2017-05-05,10898.636405774563,11007.715505767768,109.07909999320547,4731.75814700812
2017-05-08,10861.801447314447,10997.030155861645,135.22870854719835,4727.164960397743
2017-05-09,10864.512801005936,10998.701650944238,134.1888499383029,4727.8834664738315
2017-05-10,10874.37563871376,11003.15299395539,128.77735524162856,4729.796913323644
2017-05-11,10841.404329007642,10945.489609005224,104.08527999758257,4705.009827267591
2017-05-12,10845.14972816866,10943.99420023739,98.84447206872997,4704.3670133597825
2017-05-15,10817.693740388499,10933.060855462634,115.36711507413575,4699.66722409062
2017-05-16,10811.801234281147,10938.05532521703,126.25409093588256,4701.814138492429
2017-05-17,10811.778831433116,10942.522458953757,130.74362752064195,4703.734373117085
2017-05-18,10806.907897289031,10941.339807705484,134.43191041645372,4703.226000632699
2017-05-19,10783.700973444964,10901.768058754804,118.06708530984018,4686.2157549199865
2017-05-22,10778.9876152888,10909.106463993769,130.1188487049688,4689.370229502594
2017-05-23,10773.720482282175,10898.747510716557,125.0270284343825,4684.917347200336
2017-05-24,10774.468600466267,10898.919338134163,124.45073766789632,4684.99120864622
2017-05-25,10729.986271157493,10870.194112402238,140.20784124474457,4672.6434312340525
2017-05-26,10728.541706255264,10871.2954415433,142.75373528803615,4673.116846733666
2017-05-29,10729.032878363187,10871.157870594123,142.12499223093593,4673.057710715913
2017-05-30,10578.249983672753,10750.123715270169,171.8737315974159,4621.030171466713
2017-05-31,10581.71705762741,10748.660478897955,166.9434212705451,4620.4011871309895
2017-06-01,10581.259432082054,10750.71258368284,169.45315160078624,4621.283301456102
2017-06-02,10575.831173589682,10758.443633659868,182.61246007018664,4624.606557648049
2017-06-05,10594.537189570763,10792.396009253845,197.85881968308306,4639.201268943312
2017-06-06,10568.833078867148,10776.19825646191,207.36517759476214,4632.238530062906
2017-06-07,10570.235061075633,10775.605508189496,205.3704471138619,4631.983732283507
2017-06-08,10474.604510686766,10702.43096107156,227.8264503847946,4600.529044042564
2017-06-09,10478.94872971114,10690.556079908867,211.6073501977289,4595.42452751896
2017-06-12,10453.018303654111,10633.24722685948,180.22892320536855,4570.789839951858
2017-06-13,10455.621968461015,10628.529358005799,172.90738954478383,4568.761824749864
2017-06-14,10454.352473465937,10632.571408426622,178.2189349606858,4570.499333772452
2017-06-15,10451.375229979052,10632.132368760387,180.7571387813347,4570.3106089170105
2017-06-16,10481.879065469095,10648.09402898022,166.2149635111263,4577.171861439879
2017-06-19,10469.557728375963,10644.279413082597,174.72168470663343,4575.532117040432
2017-06-20,10444.38649092647,10633.37215789685,188.98566697038095,4570.843542598296
2017-06-21,10453.07946050869,10638.528984187742,185.44952367905177,4573.0602473089
2017-06-22,10449.132968586104,10637.36510284892,188.23213426281626,4572.559943226347
2017-06-23,10442.68776068776,10636.4790779301,193.79131724233906,4572.1790780390265
2017-06-26,10430.424292098518,10631.428478109745,201.0041860112264,4570.008035661094
2017-06-27,10415.37466935273,10622.864122056242,207.4894527035125,4566.326575915082
2017-06-28,10415.779668414081,10606.822300780517,191.04263236643527,4559.430865495015
2017-06-29,10422.843613258245,10623.184103734295,200.34049047605092,4566.464122703171
2017-06-30,10448.294189198357,10641.562115880562,193.26792668220443,4574.364064217226
2017-07-03,10448.30878165643,10634.24307160455,185.93428994812075,4571.217912105719
2017-07-04,10464.560302772727,10643.196334091708,178.63603131898108,4575.0665465198
2017-07-05,10462.56629693466,10642.424029001868,179.85773206720873,4574.7345647476595
2017-07-06,10462.572685609191,10642.41763877323,179.84495316403888,4574.731817854682
2017-07-07,10479.416961907182,10651.639266027609,172.22230412042632,4578.695811098031
2017-07-10,10479.643808288149,10651.468776311038,171.82496802288912,4578.622524674073
2017-07-11,10461.958311897504,10617.830351646406,155.8720397489018,4564.162767799362
2017-07-12,10432.242638166703,10604.924268556242,172.68163038953995,4558.614980542701
2017-07-13,10436.070389960361,10619.852980087991,183.7825901276306,4565.032211472922
2017-07-14,10438.855675557232,10620.554756271546,181.6990807143143,4565.333875807559
2017-07-17,10439.032053074148,10626.44922662357,187.41717354942125,4567.867662958569
2017-07-18,10436.14196827059,10626.481396548133,190.33942827754444,4567.88149146845
2017-07-19,10416.571500597312,10619.113628679448,202.54212808213572,4564.714395115019
2017-07-20,10406.113568236386,10618.680093593504,212.5665253571184,4564.528036449241
2017-07-21,10346.928371420649,10580.031669356253,233.10329793560334,4547.914689551075
2017-07-24,10267.737095057852,10524.207072478963,256.46997742111046,4523.918021855661
2017-07-25,10131.668944715435,10416.381076511376,284.71213179594105,4477.568119860868
2017-07-26,10139.278506282262,10419.360067933374,280.08156165111154,4478.848664123075
2017-07-27,10076.153850493469,10336.900528788798,260.7466782953293,4443.402744763926
2017-07-28,10074.811160727359,10325.077566429238,250.26640570187837,4438.320545970062
2017-07-31,10070.323158673,10326.073310197364,255.75015152436447,4438.748574718143
2017-08-01,10045.972347737179,10314.119954861197,268.14760712401784,4433.610325417791
2017-08-02,9885.110259695739,10192.571146765229,307.46088706949064,4381.3615583901665
2017-08-03,9871.134948852075,10161.120133300752,289.9851844486762,4367.842078429568
2017-08-04,9869.309345114883,10161.301511557738,291.99216644285497,4367.920045383268
2017-08-07,9751.039650522285,10068.259386946469,317.219736424184,4327.925113563524
2017-08-08,9757.079653037892,10070.27652993651,313.19687689861775,4328.792199270073
2017-08-09,9692.896615376336,9978.063515038799,285.1668996624626,4289.153667162862
2017-08-10,9656.580613285498,9953.936052445924,297.3554391604271,4278.7822765114
2017-08-11,9684.014768661082,9964.72861394991,280.7138452888282,4283.421548919631
2017-08-14,9684.01401245558,9965.064010647537,281.04999819195564,4283.5657219822115
2017-08-15,9680.80400688948,9971.139698506562,290.3356916170806,4286.177406987203
2017-08-16,9694.386621906595,9975.4530666879,281.06644478130573,4288.031544207809
2017-08-17,9689.80046277344,9966.273206668156,276.4727438947149,4284.08550495797
2017-08-18,9708.076281367481,9968.758450440346,260.6821690728642,4285.153807682564
2017-08-21,9619.196365761081,9902.117365789862,282.92100002878004,4256.507582672918
2017-08-22,9606.494618451397,9896.390079136194,289.8954606847973,4254.045660826415
2017-08-23,9483.176659134304,9805.69982827322,322.5231691389156,4215.061701516217
2017-08-24,9480.635569499058,9805.049689305406,324.4141198063473,4214.782233868636
2017-08-25,9488.8003120321,9804.467277987551,315.6669659554511,4214.531879515207
2017-08-28,9488.67310893071,9804.1437150591,315.47060612838806,4214.392793296821
2017-08-29,9388.283398448883,9737.424733876787,349.1413354279045,4185.713083814498
2017-08-30,9392.00550805635,9739.306876922046,347.30136886569585,4186.522138670936
2017-08-31,9378.596030318766,9711.156397885637,332.5603675668718,4174.421420910478
2017-09-01,9374.662359473676,9717.59611160352,342.9337521298433,4177.189585461336
2017-09-04,9329.416958025971,9649.928976957053,320.51201893108146,4148.102304319273
2017-09-05,9304.902453833041,9606.376767290752,301.47431345771116,4129.381024431475
2017-09-06,9305.120066994432,9606.2779485403,301.1578815458688,4129.338546368949
2017-09-07,9294.932432670787,9589.470031007222,294.5375983364356,4122.113523095072
2017-09-08,9301.037716911565,9602.645955336831,301.6082384252655,4127.777303854879
2017-09-11,9295.479150045228,9588.815156728862,293.3360066836337,4121.832019934833
2017-09-12,9295.955562092015,9585.630700447038,289.6751383550242,4120.46315489218
2017-09-13,9279.309765979258,9576.972827466525,297.6630614872656,4116.741496116584
2017-09-14,9290.363460449407,9579.725501414645,289.3620409652377,4117.9247559286
2017-09-15,9268.026309303816,9539.913674432262,271.8873651284462,4100.811310675362
2017-09-18,9259.569537536041,9536.860996646179,277.29145911013853,4099.499091716131
2017-09-19,9258.684177996873,9536.440768860028,277.7565908631555,4099.318453303948
2017-09-20,9252.616612746233,9537.17130162808,284.55468888184646,4099.632478895823
2017-09-21,9259.619059048913,9538.857365026242,279.2383059773285,4100.357247283637
2017-09-22,9264.557721329016,9520.476143126381,255.91842179736554,4092.4559260302794
2017-09-25,9264.182838430219,9523.302979797014,259.1201413667944,4093.6710653059554
2017-09-26,9260.272025046708,9522.205162468272,261.933137421563,4093.199159388104
2017-09-27,9268.39183832931,9527.245686860182,258.85384853087356,4095.3658707592435
2017-09-28,9277.636932210795,9528.308175357066,250.6712431462703,4095.822590284616
2017-09-29,9234.735566589037,9500.713071080752,265.9775044917148,4083.9606049881604
2017-10-02,9231.164429541406,9502.467943887224,271.30351434581763,4084.7149516729596
2017-10-03,9231.377765237394,9492.225738481258,260.8479732438643,4080.3122544150574
2017-10-04,9211.825468938578,9482.911993924052,271.08652498547366,4076.3086637822303
2017-10-05,9167.844013656946,9454.343678106703,286.49966444975774,4064.0283354030844
2017-10-06,9166.211131718466,9453.89046562605,287.67933390758327,4063.8335182453793
2017-10-09,9149.988443369586,9444.633507598062,294.64506422847614,4059.854337774874
2017-10-10,9101.851308541898,9414.32296207757,312.4716535356714,4046.825097454145
2017-10-11,9102.734155392429,9417.666803054683,314.9326476622544,4048.2624753349114
2017-10-12,9100.893352903799,9424.431402013528,323.53804910972906,4051.1702945111965
2017-10-13,9077.303011419168,9410.659827426136,333.3568160069683,4045.250468529422
2017-10-16,9061.505222853486,9408.800988949324,347.2957660958378,4044.4514313357354
2017-10-17,9064.708692056498,9401.596279356145,336.88758729964775,4041.3544269394565
2017-10-18,9066.313111998159,9402.443108515026,336.1299965168664,4041.7184435030717
2017-10-19,9065.661320525258,9391.236524701368,325.5752041761093,4036.901200158381
2017-10-20,9063.997975545482,9382.682404912823,318.6844293673396,4033.224140556075
2017-10-23,9067.212804059935,9383.300358364464,316.0875543045304,4033.489772991592
2017-10-24,9051.825594053656,9373.192909053467,321.3673149998098,4029.145001762928
2017-10-25,9051.77576231643,9373.2436616788,321.4678993623696,4029.166818201432
2017-10-26,9062.108592594488,9377.743120778336,315.634528183848,4031.1009481523924
2017-10-27,9060.132026465993,9377.575431767253,317.44340530125993,4031.0288656350035
2017-10-30,9054.837628323538,9377.480208119516,322.6425797959776,4030.9879329573077
2017-10-31,9051.737069410397,9376.874854337244,325.13778492684696,4030.7277165945584
2017-11-01,9044.650460534258,9362.331205164115,317.68074462985766,4024.4760079247512
2017-11-02,8986.851850871995,9327.040761374528,340.1889105025323,4009.306116876476
2017-11-03,8957.117264086357,9309.648575465502,352.53131137914505,4001.8299409772903
2017-11-06,8864.189859299115,9187.942540185666,323.75268088655207,3949.513588535798
2017-11-07,8848.943185818047,9180.907135758871,331.96394994082357,3946.4893613747186
2017-11-08,8809.239388715452,9152.979569067353,343.7401803519011,3934.4844643414085
2017-11-09,8793.422047737471,9147.570294082405,354.14824634493397,3932.159242458083
2017-11-10,8808.944576007394,9149.815837839826,340.87126183243083,3933.1245081358775
2017-11-13,8756.474811024176,9108.400776084332,351.92596506015593,3915.321899068835
2017-11-14,8756.131761244209,9108.275143707186,352.143382462977,3915.2678949456567
2017-11-15,8757.93716607236,9106.266544061313,348.32937798895324,3914.40448166672
2017-11-16,8725.441213030028,9051.595439181621,326.15422615159275,3890.903652109045
2017-11-17,8662.44736014368,9015.578209812986,353.1308496693059,3875.4213462292832
2017-11-20,8640.780405184712,9002.358393181019,361.57798799630655,3869.738697997914
2017-11-21,8643.059572974571,8990.354472601368,347.29489962679736,3864.578712806705
2017-11-22,8646.823740532476,8997.838861760007,351.01512122753024,3867.795939792469
2017-11-23,8637.506386216239,8978.042023012937,340.5356367966971,3859.286103852635
2017-11-24,8630.847488629604,8976.461014784914,345.61352615530967,3858.606494304268
2017-11-27,8633.213102953727,8985.49303247471,352.27992952098316,3862.488982297822
2017-11-28,8626.336583722348,8982.462261981957,356.12567825960775,3861.1861803710026
2017-11-29,8619.91899898785,8970.240928276346,350.32192928849463,3855.9327383376826
2017-11-30,8591.107586531076,8948.250846001169,357.1432594700925,3846.480118409013
2017-12-01,8556.698887954728,8926.052131568647,369.3532436139194,3836.9378162106914
2017-12-04,8554.85440577627,8925.254503670878,370.40009789460754,3836.594949218755
2017-12-05,8527.974144917824,8905.330029043342,377.35588412551766,3828.030247933161
2017-12-06,8536.118212102225,8908.189308594152,372.07109649192705,3829.2593330509612
2017-12-07,8515.200870587243,8894.070931241115,378.8700606538719,3823.1904310133164
2017-12-08,8471.288367977824,8862.72755302871,391.4391850508848,3809.717218961861
2017-12-11,8439.83276635961,8844.9619400353,405.12917367568934,3802.0805223217535
2017-12-12,8441.118122851676,8844.885997396323,403.7678745446462,3802.047877746183
2017-12-13,8442.482781921437,8843.804163382065,401.3213814606275,3801.58284238912
2017-12-14,8372.570897974387,8795.770897637622,423.19999966323496,3780.935343242309
2017-12-15,8377.29634032589,8789.00565029881,411.7093099729207,3778.0272453544976
2017-12-18,8246.508406338971,8686.45320706613,439.94480072715834,3733.9442239039927
2017-12-19,8253.357960286376,8702.521022458623,449.163062172247,3740.851108111548
2017-12-20,8265.453842011157,8704.098617249292,438.6447752381359,3741.5292503654528
2017-12-21,8202.29749891142,8656.432904237345,454.1354053259247,3721.039746820503
2017-12-22,8202.122930188929,8656.64470971887,454.52177952994106,3721.130793169971
2017-12-25,8133.2847214231615,8564.788327236556,431.5036058133946,3681.6455624754058
2017-12-26,8092.250813126573,8536.282794315632,444.0319811890581,3669.3922218469424
2017-12-27,8046.3047163925785,8471.935337970777,425.63062157819854,3641.731932058432
2017-12-28,8036.774789374339,8469.023436086214,432.248646711875,3640.4802267923983
2017-12-29,8033.555921714319,8468.770381323846,435.2144596095271,3640.371449096168
2018-01-01,7980.5999403335645,8395.476241687786,414.87630135422154,3608.8653530157276
2018-01-02,7973.1720759357095,8392.998487358975,419.82641142326486,3607.800269690719
2018-01-03,7930.239225177738,8373.33452757556,443.09530239782185,3599.3475528796
2018-01-04,7932.065502603415,8376.3648311666,444.29932856318544,3600.650154104831
2018-01-05,7936.990434259835,8383.980373303084,446.98993904324936,3603.9237582899423
2018-01-08,7908.658010312988,8372.714408517117,464.05639820412836,3599.0809895399707
2018-01-09,7886.18936742034,8359.004025344773,472.81465792443333,3593.187467197361
2018-01-10,7879.454011941365,8354.506646470965,475.05263452960054,3591.2542314487464
2018-01-11,7883.683118390747,8355.674347282436,471.99122889168973,3591.7561773634147
2018-01-12,7884.95228872464,8364.3703348039,479.4180460792598,3595.494219991733
2018-01-15,7894.119506204366,8377.21965909374,483.10015288937416,3601.0176090055706
2018-01-16,7886.674575761521,8376.626888151884,489.9523123903634,3600.7628014815236
2018-01-17,7882.828455625103,8365.60406535294,482.77560972783726,3596.0245493387783
2018-01-18,7861.042000047174,8331.511969555428,470.46996950825337,3581.3697781508845
2018-01-19,7873.722135895612,8330.66188737884,456.9397514832274,3581.004363250527
2018-01-22,7864.716185986605,8336.19674803906,471.4805620524552,3583.3835691818426
2018-01-23,7863.96447230589,8334.78233224429,470.81785993839947,3582.775570777754
2018-01-24,7817.566441801427,8308.661394440789,491.094952639362,3571.547268211755
2018-01-25,7816.683265490989,8310.04748701409,493.36422152310104,3572.1430916433096
2018-01-26,7811.603164682683,8288.729562070135,477.1263973874521,3562.9794041390305
2018-01-29,7801.116985305051,8290.775519547757,489.6585342427062,3563.8588759929403
2018-01-30,7800.333370530652,8290.162418198022,489.8290476673703,3563.5953292738204
2018-01-31,7798.903903255087,8252.769663242207,453.86575998711913,3547.521742269455
2018-02-01,7797.315614860609,8245.744211976691,448.42859711608276,3544.501793557609
2018-02-02,7790.190822524684,8223.699898537137,433.50907601245297,3535.0258619114693
2018-02-05,7913.066550126746,8316.214411743482,403.14786161673567,3574.793995576555
2018-02-06,8252.313571154067,8614.795479051232,362.48190789716546,3703.1415529816813
2018-02-07,8254.710828947218,8644.158607950158,389.4477790029395,3715.76353838059
2018-02-08,8293.074048224255,8671.55864857858,378.48460035432583,3727.541673944137
2018-02-09,8539.374367337366,8880.577841123684,341.2034737863178,3817.3903138992787
2018-02-12,8477.749139215737,8803.618864489543,325.869725273805,3784.3088571262356
2018-02-13,8500.510414681889,8845.354512378834,344.84409769694554,3802.249272811701
2018-02-14,8480.622169163073,8833.50471835327,352.88254919019704,3797.155540202837
2018-02-15,8503.227717793012,8860.908191383824,357.6804735908112,3808.9351512130143
2018-02-16,8507.620008235708,8869.347077167187,361.72706893147983,3812.562676518894
2018-02-19,8508.441931891473,8873.342057912527,364.90012602105276,3814.2799522496302
2018-02-20,8507.517204608326,8872.870129044677,365.35292443635007,3814.077089697079
2018-02-21,8551.39920103615,8902.652023057408,351.25282202125726,3826.8790847662863
2018-02-22,8537.735972028047,8891.644885604497,353.90891357644966,3822.1475751001108
2018-02-23,8515.764230466102,8881.980873763674,366.21664329757175,3817.9934191595216
2018-02-26,8529.84324709987,8911.059095196908,381.21584809703774,3830.49293471251
2018-02-27,8533.436075866277,8917.34090945029,383.90483358401275,3833.193224864073
2018-02-28,8569.964995332472,8914.31839213572,344.3533968032484,3831.893970634601
2018-03-01,8601.566803813674,8933.146343898816,331.57954008514184,3839.987322438599
2018-03-02,8687.6946557031,9002.667234269851,314.9725785667515,3869.8714559109844
2018-03-05,8662.862685127355,8995.554539201597,332.6918540742433,3866.814004724245
2018-03-06,8658.823219721398,9006.040293403918,347.21707368251964,3871.3213934597516
2018-03-07,8618.859850934361,8988.010860284921,369.15100935055995,3863.571291542414
2018-03-08,8614.790486215199,8972.89636616468,358.1058799494797,3857.0742004199296
2018-03-09,8599.465767517228,8966.735662658008,367.2698951407809,3854.4259707310607
2018-03-12,8583.918814575549,8941.405823968022,357.48700939247266,3843.537728704735
2018-03-13,8584.352114129326,8940.502335326413,356.1502211970873,3843.1493565907913
2018-03-14,8585.051121469038,8921.065784433937,336.0146629648984,3834.794393384573
2018-03-15,8574.361983303954,8901.11670414315,326.7547208391978,3826.2191151497946
2018-03-16,8563.613742648384,8894.984997527079,331.3712548786949,3823.583350015743
2018-03-19,8570.519319685473,8898.408976259398,327.8896565739247,3825.055175777713
2018-03-20,8611.119286020712,8917.287064642325,306.16777862161393,3833.1700792251227
2018-03-21,8574.767806847012,8863.660841808385,288.89303496137364,3810.118400913232
2018-03-22,8573.136347931386,8865.251711896604,292.11536396521757,3810.802249664303
2018-03-23,8627.727122698196,8907.250691359557,279.5235686613613,3828.855860618885
2018-03-26,8667.31927119011,8936.924217079717,269.60494588960626,3841.6112726753877
2018-03-27,8704.089226063172,9001.304184502951,297.2149584397794,3869.285537621587
2018-03-28,8717.9616857822,9008.036718073938,290.0750322917376,3872.1795732239634
2018-03-29,8725.726857942185,9006.25146584884,280.5246079066541,3871.412167693166
2018-03-30,8693.27882304684,8998.174546505328,304.89572345848836,3867.940236674749
2018-04-02,8694.057673745689,8998.270965636895,304.2132918912074,3867.981683241121
2018-04-03,8731.309054047193,9007.410282316298,276.1012282691054,3871.910294598599
2018-04-04,8706.094916006146,8997.835040259015,291.7401242528692,3867.7942970884546
2018-04-05,8672.2889825892,8979.416674013639,307.12769142443864,3859.8770090289595
2018-04-06,8670.361620715892,8983.682581158717,313.3209604428256,3861.710744728027
2018-04-09,8708.24872785568,9004.612286247035,296.363558391355,3870.707552695514
2018-04-10,8697.691873656262,9008.32033867797,310.62846502170834,3872.301489901687
2018-04-11,8686.23428785432,8993.423774485236,307.189486630915,3865.898077772761
2018-04-12,8663.686508010069,8979.371124442634,315.6846164325654,3859.8574291666723
2018-04-13,8659.945579552079,8977.946797098746,318.00121754666804,3859.2451702006847
2018-04-16,8638.380688704203,8965.94364973077,327.56296102656694,3854.0855173809514
2018-04-17,8636.494172106102,8960.718600244598,324.22442813849557,3851.839486361912
2018-04-18,8620.288564477512,8963.689121510299,343.4005570327858,3853.1163896569215
2018-04-19,8598.248482654075,8951.657926067815,353.4094434137412,3847.9446801388667
2018-04-20,8585.673468395318,8942.55072594451,356.8772575491915,3844.02987435039
2018-04-23,8616.07852334002,8956.134427188821,340.0559038488005,3849.8689414116357
2018-04-24,8623.857753924853,8961.13423875004,337.27648482518896,3852.0181520335773
2018-04-25,8649.220063200093,8971.532516055882,322.31245285578905,3856.487938096906
2018-04-26,8654.33600027,8970.380480001108,316.04447973110905,3855.9927258083094
2018-04-27,8654.339030839019,8971.714458266028,317.3754274270077,3856.566147470566
2018-04-30,8648.68043928344,8969.88753075922,321.20709147578117,3855.7808274729887
2018-05-01,8660.561000182293,8977.23219190238,316.67119172008654,3858.937991208093
2018-05-02,8672.478430349145,8980.368931313162,307.89050096401604,3860.286344756496
2018-05-03,8678.722225990501,8983.023703426723,304.30147743622206,3861.4275206499146
2018-05-04,8678.083493207703,8983.0788144544,304.9953212466966,3861.451210583949
2018-05-07,8671.491722339066,8973.663187140282,302.1714648012171,3857.4038247999115
2018-05-08,8665.056305504713,8958.388529416909,293.3322239121951,3850.8378860192934
2018-05-09,8667.335214583296,8952.120865844023,284.78565126072766,3848.1436786555428
2018-05-10,8670.418230053421,8944.266924393785,273.8486943403648,3844.767596540792
2018-05-11,8660.16118894862,8951.10607558302,290.944886634401,3847.7074626139415
2018-05-14,8569.572356797402,8885.591923758015,316.0195669606136,3819.5456590608005
2018-05-15,8527.375321730426,8856.767532124439,329.3922103940137,3807.155254360274
2018-05-16,8577.833698211442,8895.481572212959,317.6478740015173,3823.796806778345
2018-05-17,8583.403578287878,8893.82627479865,310.42269651077135,3823.0852634048115
2018-05-18,8581.838410039838,8893.851270147845,312.0128601080071,3823.0960078637436
2018-05-21,8587.405597286592,8893.065326767255,305.65972948066405,3822.758163558788
2018-05-22,8561.330504157322,8855.11193138105,293.78142722372905,3806.4435805982093
2018-05-23,8560.710482707987,8854.845980506736,294.135497798748,3806.329259400902
2018-05-24,8562.426307523967,8855.854976703216,293.42866917924965,3806.7629848156344
2018-05-25,8526.798524389824,8795.405043217579,268.60651882775517,3780.7780776741943
2018-05-28,8229.03300317044,8535.887733404654,306.85473023421446,3669.222401625562
2018-05-29,8143.2263096806455,8469.02780445427,325.8014947736242,3640.482104571773
2018-05-30,8184.195063010009,8481.623691901783,297.42862889177354,3645.8965516491285
2018-05-31,8167.363675199255,8459.500654658003,292.13697945874753,3636.3867799203836
2018-06-01,8170.832157623929,8448.079882310425,277.24772468649627,3631.4774658513147
2018-06-04,8170.013408897283,8446.05157405443,276.0381651571479,3630.6055806622467
2018-06-05,8168.6730388465185,8447.20570413417,278.5326652876518,3631.101693084907
2018-06-06,8147.167971920839,8436.43268092971,289.2647090088725,3626.470819377379
2018-06-07,8149.682301328132,8447.121338578767,297.4390372506349,3631.0654278485918
2018-06-08,8146.154353240647,8445.490090844625,299.33573760397843,3630.3642224302857
2018-06-11,8120.635657101356,8407.014648068625,286.3789909672697,3613.8252330532723
2018-06-12,8116.2773139102765,8397.885387188353,281.6080732780765,3609.900944264762
2018-06-13,8127.264162645345,8401.706494377424,274.44233173207874,3611.5434789998762
2018-06-14,8128.917822441376,8399.784911795445,270.8670893540681,3610.7174707302524
2018-06-15,8129.173282086005,8400.684465143084,271.51118305707894,3611.1041512253228
2018-06-18,8178.877461132132,8439.52771446256,260.6502533304271,3627.801245306959
2018-06-19,8198.569045080045,8450.680104425564,252.11105934551966,3632.5951929737944
2018-06-20,8209.94792944485,8458.47137042709,248.52344098223983,3635.944333525157
2018-06-21,8216.90989048151,8460.865241993126,243.95535151161633,3636.973359146281
2018-06-22,8238.282891031842,8471.781541536535,233.49865050469305,3641.665821380851
2018-06-25,8237.589297651864,8478.5909479766,241.00165032473586,3644.592901425951
2018-06-26,8275.938265042772,8507.840276494266,231.90201145149283,3657.165968783611
2018-06-27,8276.622074492432,8504.492887066115,227.8708125736836,3655.7270655716266
2018-06-28,8302.780090621565,8510.030464304804,207.2503736832394,3658.1074392468117
2018-06-29,8309.810117194866,8510.196926927618,200.3868097327528,3658.178994590993
2018-07-02,8291.39703765085,8482.720342031846,191.32330438099652,3646.3679558369113
2018-07-03,8306.966229253507,8490.226212871707,183.25998361819933,3649.5944169021795
2018-07-04,8287.543696643545,8481.045075612514,193.50137896896953,3645.647828620331
2018-07-05,8285.943729000024,8480.796693063136,194.85296406311153,3645.5410593137494
2018-07-06,8290.659369428222,8489.99806054076,199.33869111253793,3649.4963437234032
2018-07-09,8288.876618322234,8498.21073571942,209.33411739718582,3653.026630517697
2018-07-10,8296.608533827892,8515.866855849552,219.25832202166026,3660.6162607390206
2018-07-11,8281.950288618367,8487.918631390121,205.96834277175373,3648.6024837922023
2018-07-12,8353.721513946073,8536.866778388314,183.14526444224063,3669.6432522621258
2018-07-13,8354.51240306752,8539.414922792195,184.9025197246755,3670.7385933468863
2018-07-16,8347.325488480927,8538.541905612803,191.2164171318756,3670.363319644645
2018-07-17,8347.572565687336,8534.517863325284,186.94529763794648,3668.633551568072
2018-07-18,8341.341939994534,8534.514965577697,193.17302558316172,3668.632305947149
2018-07-19,8344.574802625562,8531.309049677666,186.73424705210402,3667.254216308963
2018-07-20,8353.117794241673,8531.485476248934,178.36768200726186,3667.3300547393355
2018-07-23,8339.172222615562,8524.836346995151,185.66412437958937,3664.4718711770324
2018-07-24,8336.347735659001,8524.865692411706,188.51795675270455,3664.484485548633
2018-07-25,8336.45640451074,8526.128960516871,189.67255600613126,3665.0275118600725
2018-07-26,8321.847748715181,8528.03066254021,206.18291382502832,3665.8449743060632
2018-07-27,8313.752842597145,8523.313272947433,209.5604303502871,3663.817165118358
2018-07-30,8304.246575623876,8517.523670411716,213.27709478784033,3661.3284562711897
2018-07-31,8314.070171783207,8519.463576959257,205.3934051760489,3662.162341249953
2018-08-01,8306.746297380252,8517.601655963545,210.85535858329294,3661.361979009856
2018-08-02,8308.427159111032,8518.626910551531,210.19975144049863,3661.8026932295256
2018-08-03,8325.433355243746,8522.927080122885,197.49372487913953,3663.6511569177546
2018-08-06,8317.723884274417,8506.522416878817,188.79853260439992,3656.5994758570137
2018-08-07,8325.352024192662,8510.471704148702,185.11967995603973,3658.2971098669373
2018-08-08,8315.735116877508,8495.131137176886,179.39602029937873,3651.702839447196
2018-08-09,8316.304817760523,8492.035902073068,175.73108431254528,3650.3723268706563
2018-08-10,8299.433512364141,8481.66343378988,182.22992142573838,3645.9136350305694
2018-08-13,8259.203665745139,8446.538390515332,187.334724770193,3630.8148427706074
2018-08-14,8302.189591160684,8467.083820281972,164.8942291212886,3639.6464667920627
2018-08-15,8223.771833411693,8411.21040120637,187.43856779467777,3615.62881246827
2018-08-16,8308.340165259211,8477.101986923635,168.7618216644238,3643.9528591220546
2018-08-17,8308.284805547144,8476.987998677374,168.7031931302301,3643.903860325472
2018-08-20,8274.447493583963,8464.082450033298,189.6349564493352,3638.356302804911
2018-08-21,8279.659857890107,8478.3752052958,198.71534740569464,3644.500162638598
2018-08-22,8279.546111312007,8478.172610888147,198.6264995761397,3644.413075745913
2018-08-23,8222.940805651622,8404.947098514958,182.00629286333566,3612.9364796657246
2018-08-24,8220.12154311154,8381.274647508422,161.1531043968833,3602.760679532524
2018-08-27,8213.467826899228,8393.148474104504,179.6806472052759,3607.8647427418914
2018-08-28,8213.87602612605,8419.693016280975,205.81699015492518,3619.275135174027
2018-08-29,8221.300000891735,8420.398978648453,199.09897775671766,3619.5785989746714
2018-08-30,8222.105634918393,8424.889426601672,202.78379168327947,3621.5088554093722
2018-08-31,8203.217283535068,8410.360380081678,207.1430965466101,3615.2634238115793
2018-09-03,8214.62484361313,8408.764550245447,194.13970663231663,3614.5774430715364
2018-09-04,8209.025472773399,8405.78607655842,196.76060378502035,3613.2971213620176
2018-09-05,8179.014647738448,8381.302807779153,202.2881600407054,3602.772784459326
2018-09-06,8199.029619431993,8389.936202933466,190.90658350147427,3606.4839212375573
2018-09-07,8183.900381304386,8381.679431806358,197.77905050197185,3602.934679432734
2018-09-10,8195.29782116149,8389.553939613485,194.25611845199404,3606.319602167204
2018-09-11,8193.7400435697,8383.40214038545,189.66209681574878,3603.675200056633
2018-09-12,8143.477897402443,8349.047572638932,205.56967523648925,3588.907603116437
2018-09-13,8133.759438369755,8348.758316123423,214.99887775366818,3588.7832637952474
2018-09-14,8128.582129116472,8354.667326792043,226.085197675571,3591.323301222391
2018-09-17,8126.905837501639,8355.229289069423,228.3234515677835,3591.5648653855374
2018-09-18,8124.916758987049,8354.247658441293,229.33089945424348,3591.1429032881724
2018-09-19,8127.157262790009,8357.36491844153,230.20765565152132,3592.4828834497907
2018-09-20,8127.157962041496,8357.335901697343,230.17793965584653,3592.4704103607432
2018-09-21,8134.212881446418,8374.116376664875,239.9034952184574,3599.683637219367
2018-09-24,8130.183022698202,8373.335543063222,243.1525203650201,3599.3479893954254
2018-09-25,8142.729299680937,8379.748863187582,237.01956350664477,3602.1048084403865
2018-09-26,8142.0405133171325,8381.095417792896,239.05490447576358,3602.6836361472565
2018-09-27,8133.546344941672,8376.501955077127,242.95561013545458,3600.709097959298
2018-09-28,8141.102894642648,8379.998133661822,238.89523901917406,3602.211959428861
2018-10-01,8160.34682174075,8390.129122079212,229.7823003384616,3606.566849138366
2018-10-02,8160.187817914687,8388.099942124005,227.91212420931777,3605.694589242136
2018-10-03,8150.907891001085,8384.125723743695,233.21783274260977,3603.98623838685
2018-10-04,8162.882077879018,8390.779193158665,227.89711527964772,3606.8462876035705
2018-10-05,8210.478099952776,8424.201356967642,213.72325701486554,3621.2130829491534
2018-10-08,8206.108429666825,8421.52228788071,215.41385821388562,3620.061462799465
2018-10-09,8220.241191203473,8422.189868653339,201.9486774498648,3620.348427952045
2018-10-10,8221.82741265205,8422.933437785332,201.10602513328112,3620.6680573334843
2018-10-11,8345.583945535855,8526.46955501497,180.8856094791162,3665.1739192404552
2018-10-12,8330.486647836204,8515.546488437141,185.0598406009376,3660.478548139806
2018-10-15,8300.717644002536,8502.544130658569,201.82648665603287,3654.889376406867
2018-10-16,8276.261177091696,8487.30597853396,211.044801442263,3648.3391298617785
2018-10-17,8318.778256159294,8544.538081837962,225.75982567866777,3672.9408259119014
2018-10-18,8310.983207429628,8539.202629038755,228.21942160912727,3670.64733710967
2018-10-19,8391.786088846593,8597.766849504224,205.98076065763027,3695.821654811237
2018-10-22,8333.171831091533,8555.78384684244,222.61201575090664,3677.774911617641
2018-10-23,8341.210216526522,8551.573695063225,210.36347853670287,3675.9651428267416
2018-10-24,8362.596990860264,8560.58377605897,197.98678519870577,3679.8382011497397
2018-10-25,8506.574520210459,8685.86787025246,179.2933500420005,3733.6926120018334
2018-10-26,8517.228235100807,8713.333183081588,196.1049479807809,3745.498805364231
2018-10-29,8544.289296215054,8731.07636922107,186.78707300601425,3753.1258616344794
2018-10-30,8553.89402189485,8731.922524219739,178.02850232488888,3753.489588404715
2018-10-31,8558.54005180041,8742.7937091303,184.2536573298886,3758.1626577387856
2018-11-01,8536.785166155263,8735.252062010646,198.4668958553827,3754.920817941819
2018-11-02,8516.672391201062,8735.536760889314,218.86436968825268,3755.043198124871
2018-11-05,8514.492851749237,8728.66858919843,214.17573744919414,3752.0908573474994
2018-11-06,8518.211059847996,8725.795733513078,207.5846736650819,3750.8559364152475
2018-11-07,8510.919911055726,8713.165374723694,202.24546366796918,3745.4266715446224
2018-11-08,8498.942689717938,8698.242636335031,199.29994661709364,3739.012008219682
2018-11-09,8530.003188868182,8716.029711710507,186.02652284232477,3746.6579306433905
2018-11-12,8548.317425872476,8729.571189062572,181.2537631900968,3752.478847413049
2018-11-13,8649.768767151434,8812.163903671933,162.39513652049908,3787.9820133543917
2018-11-14,8642.101541655378,8794.299281743995,152.19774008861734,3780.302756899549
2018-11-15,8556.279011674336,8734.427599238925,178.14858756458926,3754.5664157559204
2018-11-16,8538.273103131141,8731.479120679303,193.20601754816275,3753.2989877016203
2018-11-19,8532.512593323863,8733.030667056228,200.5180737323652,3753.965932828029
2018-11-20,8551.623622551002,8737.306619792062,185.68299724105975,3755.80398670791
2018-11-21,8620.171327927368,8789.52732378259,169.35599585522135,3778.2514910443197
2018-11-22,8623.638203611632,8803.485393620338,179.8471900087069,3784.2514835619922
2018-11-23,8621.753308574638,8803.161008650795,181.40770007615666,3784.1120439823994
2018-11-26,8638.109603370278,8809.54540816113,171.43580479085105,3786.856431260663
2018-11-27,8651.5705019883,8835.91747448442,184.34697249611978,3798.1926835114855
2018-11-28,8658.091625791694,8838.093788650282,180.00216285858681,3799.1281902730266
2018-11-29,8676.950947861555,8876.8629723657,199.91202450414514,3815.793446638179
2018-11-30,8678.546293271904,8876.19924165531,197.65294838340628,3815.508136466903
2018-12-03,8680.36004658829,8873.797934323053,193.4378877347632,3814.4759145197677
2018-12-04,8699.4928747675,8910.496130176902,211.00325540940136,3830.250939512098
2018-12-05,8865.282643635417,9040.954551613055,175.6719079776376,3886.3295780046064
2018-12-06,8859.886419441691,9024.314211232204,164.42779179051317,3879.176589164659
2018-12-07,8850.21868573918,8994.914985172809,144.69629943362892,3866.5390871008217
2018-12-10,8882.06967616976,9016.194584760384,134.12490859062376,3875.68630013161
2018-12-11,8890.11527571066,9019.376608925237,129.26133321457723,3877.0541197085363
2018-12-12,8892.933252797928,9019.373309113878,126.44005631595148,3877.052701257154
2018-12-13,8897.091872513136,9026.578818597698,129.4869460845623,3880.1500494930833
2018-12-14,8898.590220945298,9026.792891417754,128.2026704724557,3880.2420704768947
2018-12-17,8955.126072618667,9062.189118823459,107.0630462047922,3895.457433493184
2018-12-18,8982.279711410447,9078.67165407505,96.39194266460252,3902.542588484626
2018-12-19,8982.064928350765,9082.330383207078,100.26545485631293,3904.115323660158
2018-12-20,9017.565359411243,9106.704282082093,89.13892267085116,3914.592646999027
2018-12-21,9010.028563503582,9102.074310923539,92.04574741995667,3912.6024153530125
2018-12-24,9088.756509198258,9153.295612192867,64.53910299461009,3934.6203181099017
2018-12-25,9152.963137466091,9194.678166164842,41.715028698751304,3952.408953435578
2018-12-26,9153.899854588064,9193.50868310619,39.60882851812715,3951.906241407123
2018-12-27,9251.277100194573,9313.987136638429,62.71003644385489,4003.694907615057
2018-12-28,9246.708963120233,9320.500826755739,73.79186363550531,4006.494871537046
2018-12-31,9240.16488542622,9326.0919784109,85.92709298467871,4008.8982746211464
2019-01-01,9233.844159816705,9329.065505943496,95.22134612679079,4010.176470185008
2019-01-02,9234.437137877901,9327.061542481482,92.62440460358131,4009.315049808298
2019-01-03,9236.126978409942,9324.600559632445,88.47358122250313,4008.257175843489
2019-01-04,9274.588912693043,9349.339748139037,74.75083544599296,4018.891521971448
2019-01-07,9382.490752571819,9482.892434469193,100.4016818973748,4076.300255987731
2019-01-08,9381.064788013638,9485.840570448683,104.77578243504394,4077.56753678111
2019-01-09,9377.998826061466,9491.795533562086,113.79670750061949,4080.127327249188
2019-01-10,9384.62884300728,9506.23353795564,121.60469494836119,4086.3336236310256
2019-01-11,9381.080495782484,9507.704317472595,126.62382169011157,4086.9658504503095
2019-01-14,9397.285973196029,9513.48580509396,116.1998318979321,4089.4510710339896
2019-01-15,9405.754198804187,9516.792459529344,111.03826072515758,4090.872463970223
2019-01-16,9401.852728855492,9522.38537208446,120.53264322896744,4093.2766239918287
2019-01-17,9401.9960231443,9522.229008755123,120.23298561082323,4093.2094099130222
2019-01-18,9402.472598694701,9517.628574542492,115.15597584779103,4091.231874969101
2019-01-21,9410.226009314067,9536.135775894398,125.90976658033122,4099.187349538672
2019-01-22,9409.345994543091,9535.890072877408,126.54407833431662,4099.081732051394
2019-01-23,9455.213004101057,9560.05902985902,104.84602575796256,4109.4709594112865
2019-01-24,9453.849319577082,9560.285709184192,106.43638960711068,4109.568399406268
2019-01-25,9453.864248239011,9561.200940628645,107.33669238963337,4109.96181926177
2019-01-28,9468.756359955127,9590.144795995693,121.3884360405661,4122.40357644264
2019-01-29,9465.053724144145,9588.655230181124,123.60150603697977,4121.763274176934
2019-01-30,9461.832124524874,9588.958716984589,127.12659245971481,4121.893730505865
2019-01-31,9470.191895851598,9601.025603064247,130.83370721264814,4127.080781941426
2019-02-01,9429.046648666175,9577.138674110025,148.09202544384945,4116.81278667693
2019-02-04,9438.604830787144,9579.739634175665,141.1348033885207,4117.930831013576
2019-02-05,9433.932103674564,9578.752271754804,144.82016808024025,4117.50640505739
2019-02-06,9417.6322227023,9577.72671755306,160.09449485075965,4117.065562046253
2019-02-07,9425.260238693614,9583.010407419828,157.75016872621407,4119.33680012106
2019-02-08,9481.640905288157,9623.49542442823,141.85451914007308,4136.739621711144
2019-02-11,9488.595327372432,9616.389205455122,127.79387808268983,4133.684954327815
2019-02-12,9492.927766433439,9614.20837078377,121.28060435033102,4132.747504389356
2019-02-13,9489.110350527153,9632.931594200043,143.82124367289077,4140.795837841632
2019-02-14,9461.069800143221,9586.763700543781,125.69390040056061,4120.950184415746
2019-02-15,9464.006037379248,9582.904328429235,118.89829104998628,4119.291201183869
2019-02-18,9489.690150650435,9623.602958695916,133.91280804548143,4136.785846211307
2019-02-19,9490.015297444661,9623.6054212517,133.59012380703862,4136.786904761411
2019-02-20,9483.062619011378,9629.980654634886,146.91803562350785,4139.527351903615
2019-02-21,9482.835969473048,9628.547303731651,145.71133425860302,4138.911214085523
2019-02-22,9498.4326647013,9636.731763394537,138.29909869323635,4142.429372205473
2019-02-25,9498.96099794686,9638.671410814504,139.71041286764293,4143.2631457960915
2019-02-26,9498.892004339881,9635.663112788334,136.77110844845257,4141.9700038461115
2019-02-27,9499.125921664176,9636.386595718044,137.26067405386854,4142.280999006286
2019-02-28,9512.098796127493,9642.87868364466,130.77988751716737,4145.071677046772
2019-03-01,9505.383702346207,9638.46908689156,133.08538454535227,4143.176175173511
2019-03-04,9500.52760550032,9636.660379843228,136.13277434290768,4142.39868739169
2019-03-05,9511.009897042646,9638.855557621937,127.84566057929018,4143.3423028342495
2019-03-06,9510.350344485054,9638.795983497641,128.44563901258638,4143.316694400979
2019-03-07,9512.96122333023,9640.391436051692,127.43021272146201,4144.002512963136
2019-03-08,9542.91778171773,9660.78997427114,117.87219255341012,4152.77099443019
2019-03-11,9540.096386144854,9660.316484055433,120.22009791057815,4152.567460719264
2019-03-12,9539.570412997262,9673.410499448208,133.84008645094616,4158.1960322406985
2019-03-13,9537.144545142908,9668.03787102442,130.8933258815116,4155.886563186762
2019-03-14,9540.846428472063,9679.206933511909,138.36050503984592,4160.687677677041
2019-03-15,9549.329062138051,9684.332799606302,135.00373746825053,4162.891073889445
2019-03-18,9551.23911123636,9698.47144181335,147.23233057698994,4168.968686943286
2019-03-19,9550.679284220823,9694.040871248424,143.36158702760093,4167.06416930241
2019-03-20,9550.325781083651,9696.049836320715,145.7240552370639,4167.927739662935
2019-03-21,9543.729003216918,9694.814171783291,151.08516856637348,4167.396578974883
2019-03-22,9542.844333899679,9691.785229428933,148.94089552925422,4166.094562888571
2019-03-25,9607.005917817349,9736.934670298408,129.92875248105943,4185.502425905657
2019-03-26,9555.505203817856,9664.325861803038,108.82065798518173,4154.290925121276
2019-03-27,9554.494235407994,9668.647425911402,114.15319050340858,4156.148585429344
2019-03-28,9565.195734461022,9671.61126304694,106.41552858591837,4157.4226154953585
2019-03-29,9572.524859383375,9675.366166296564,102.8413069131891,4159.036691915969
2019-04-01,9567.671104599514,9675.479620476657,107.80851587714244,4159.085461139763
2019-04-02,9570.886283114382,9685.874045532062,114.98776241768012,4163.553591281172
2019-04-03,9571.81985425936,9684.945741527132,113.12588726777192,4163.154552076722
2019-04-04,9562.254250905906,9686.410736739339,124.15648583343251,4163.784292464458
2019-04-05,9561.398161748963,9687.556845911815,126.15868416285291,4164.2769570333585
2019-04-08,9553.592448848389,9669.475838123039,115.88338927465063,4156.504685314869
2019-04-09,9540.256356107615,9662.6246696612,122.36831355358466,4153.55965351705
2019-04-10,9534.046403263528,9659.096837616566,125.0504343530374,4152.043185544224
2019-04-11,9528.65714214494,9662.092383427791,133.43524128285043,4153.330845848451
2019-04-12,9537.303990332417,9666.473670434143,129.16968010172636,4155.2141785414
2019-04-15,9537.218509765682,9666.228012233678,129.00950246799542,4155.108580318878
2019-04-16,9536.238755255292,9658.910069550879,122.67131429558692,4151.962901736385
2019-04-17,9538.21424415244,9653.536462406648,115.32221825420928,4149.653011971318
2019-04-18,9538.405398063147,9653.50706212793,115.101664064784,4149.640374016761
2019-04-19,9538.328379960054,9653.573718860956,115.24533890090247,4149.669026968355
2019-04-22,9539.281774751864,9643.99378133148,104.71200657961508,4145.551011070398
2019-04-23,9540.855511327578,9639.469255855416,98.61374452783757,4143.606106128816
2019-04-24,9537.421056938038,9641.7615409161,104.34048397806316,4144.591463944928
2019-04-25,9544.924998964043,9644.327314195814,99.40231523177138,4145.694382948722
2019-04-26,9550.662962272798,9644.11928435875,93.45632208595245,4145.6049595914565
2019-04-29,9551.98656883292,9652.573421637577,100.58685280465772,4149.239040879626
2019-04-30,9549.168896850559,9652.833934986646,103.66503813608774,4149.351024711441
2019-05-01,9546.189444465088,9653.539836788845,107.35039232375652,4149.654462477597
2019-05-02,9563.235531596176,9658.446294261548,95.210762665373,4151.763544067437
2019-05-03,9566.564675925314,9648.887882080366,82.3232061550509,4147.654781019639
2019-05-06,9555.450506746538,9634.308029138081,78.85752239154264,4141.387509858271
2019-05-07,9566.07131199208,9640.063291170638,73.9919791785587,4143.861457154279
2019-05-08,9621.64249329456,9678.59355381245,56.95106051789083,4160.424011306976
2019-05-09,9620.955206713756,9678.43202403567,57.47681732191439,4160.354576387726
2019-05-10,9618.192650533496,9676.927450612116,58.73480007862082,4159.707822976363
2019-05-13,9600.58310221068,9674.871623833802,74.28852162312276,4158.824108721391
2019-05-14,9678.98858780445,9733.654137916965,54.66555011251513,4184.092261751771
2019-05-15,9683.182998007462,9741.508308085342,58.32531007787986,4187.468442182918
2019-05-16,9682.6711275658,9745.753571928597,63.082444362797645,4189.2933041868455
2019-05-17,9651.583377886685,9730.431475723457,78.84809783677152,4182.706973579925
2019-05-20,9676.138008021997,9742.578458131316,66.44045010931929,4187.928455088948
2019-05-21,9697.826441645122,9750.974364939822,53.14792329470009,4191.537505524695
2019-05-22,9683.234501217623,9750.729272763454,67.49477154583037,4191.432150612343
2019-05-23,9690.633651926679,9753.594782273938,62.9611303472595,4192.663913730173
2019-05-24,9705.633572134155,9759.316809671527,53.683237537372904,4195.123574841668
2019-05-27,9709.31804358501,9771.173262677525,61.855219092514325,4200.220169868707
2019-05-28,9706.721993172938,9770.84854943247,64.12655625953204,4200.080589177152
2019-05-29,9720.911532171076,9780.039381983313,59.127849812238274,4204.031345060828
2019-05-30,9732.324775004958,9770.979722540906,38.654947535947535,4200.136975029801
2019-05-31,9693.209048383462,9751.786600391992,58.57755200852939,4191.886651695494
2019-06-03,9705.117306279559,9757.019459642226,51.90215336266755,4194.136039806631
2019-06-04,9693.797018357238,9765.151941617549,71.35492326031151,4197.6318548848785
2019-06-05,9720.262916572565,9811.702194489988,91.43927791742382,4217.6418686028965
2019-06-06,9720.061810797366,9812.11938464908,92.05757385171522,4217.8212012658005
2019-06-07,9700.10298987774,9803.791583040791,103.68859316305091,4214.241426417328
2019-06-10,9716.512379325226,9833.297157811548,116.78477848632232,4226.924643360075
2019-06-11,9717.300053703333,9833.298122135318,115.99806843198485,4226.925057882675
2019-06-12,9716.964640799248,9830.051618241667,113.0869774424195,4225.529521157545
2019-06-13,9717.53852115583,9815.674342946866,98.13582179103732,4219.3493296843635
2019-06-14,9712.870709362804,9817.057489710354,104.18678034755068,4219.943886835047
2019-06-17,9722.58235463777,9814.250164454004,91.66780981623454,4218.737134703229
2019-06-18,9725.694103578118,9814.160618936672,88.46651535855398,4218.698642817157
2019-06-19,9740.035031154575,9838.384104585772,98.34907343119619,4229.111309778707
2019-06-20,9740.981209626052,9840.885294782964,99.90408515691082,4230.186467206839
2019-06-21,9776.428365940028,9892.900469449998,116.47210350997071,4252.545623052557
2019-06-24,9780.410044198805,9892.401474816665,111.99143061786013,4252.3311260553955
2019-06-25,9780.763819914542,9900.995413514976,120.23159360043442,4256.025302147548
2019-06-26,9784.273137750373,9903.054682350898,118.78154460052428,4256.9104959996375
2019-06-27,9792.832875992503,9899.71886605382,106.88599006131702,4255.476567594388
2019-06-28,9790.342902238759,9902.08981280496,111.74691056620036,4256.495738792985
2019-07-01,9792.279478617927,9907.729274697696,115.4497960797684,4258.91990843488
2019-07-02,9793.02935100637,9906.825732781808,113.79638177543883,4258.531513420545
2019-07-03,9792.46422984063,9905.794139728696,113.32990988806507,4258.088074558875
2019-07-04,9790.617686596881,9913.010024291389,122.39233769450765,4261.189882608829
2019-07-05,9792.326898238021,9912.64451835037,120.31762011234872,4261.032766837324
2019-07-08,9821.120916886164,9930.687303923583,109.56638703741892,4268.788608418262
2019-07-09,9840.955656212102,9943.639275693853,102.6836194817514,4274.35612130608
2019-07-10,9844.079863006384,9944.875477954156,100.79561494777144,4274.887513138788
2019-07-11,9843.713992893652,9953.156705501187,109.44271260753506,4278.44726773931
2019-07-12,9823.017555093567,9939.793960376395,116.77640528282826,4272.703180505451
2019-07-15,9822.983905059178,9939.227660382785,116.24375532360594,4272.459751738873
2019-07-16,9821.09535177308,9933.40078400422,112.30543223114084,4269.95502042006
2019-07-17,9829.3461023433,9938.910737105027,109.56463476172682,4272.323519629611
2019-07-18,9830.575134304712,9934.944464229367,104.36932992465528,4270.618584215644
2019-07-19,9811.980784400768,9930.053393671356,118.07260927058738,4268.516116819176
2019-07-22,9828.85343272555,9938.562122287494,109.70868956194565,4272.173664648151
2019-07-23,9828.48506608249,9938.721235066823,110.23616898433279,4272.2420606009255
2019-07-24,9828.135701160632,9937.898538886913,109.76283772628112,4271.888417799223
2019-07-25,9826.427445626028,9939.80753729877,113.38009167274116,4272.7090166585585
2019-07-26,9861.083537086517,9964.268694649354,103.18515756283695,4283.2238487795585
2019-07-29,9860.369387002187,9962.196951927333,101.82756492514667,4282.333292923688
2019-07-30,9855.286818853912,9948.423616219025,93.13679736511166,4276.412709909427
2019-07-31,9868.973187333024,9957.189361042356,88.21617370933168,4280.180738294667
2019-08-01,9889.561072411108,9968.620096793255,79.05902438214596,4285.094335215597
2019-08-02,9887.65886579169,9964.492434675154,76.83356888346486,4283.320025292236
2019-08-05,9905.269273578228,9973.760842905886,68.49156932765804,4287.3041277277125
2019-08-06,9961.323772626069,10013.557924412129,52.23415178606126,4304.411234515279
2019-08-07,9984.209392023673,10051.923289898721,67.71389787504772,4320.902906253071
2019-08-08,9986.46245846852,10056.50337397187,70.04091550334883,4322.871693520124
2019-08-09,9991.0206343633,10063.191714844459,72.17108048115992,4325.7467325232
2019-08-12,10015.440258121585,10075.53374444435,60.09348632276569,4331.052056691444
2019-08-13,10024.533084842762,10078.167085496587,53.634000653824614,4332.184020264743
2019-08-14,10027.119442274838,10089.198543612512,62.079101337675354,4336.925984370379
2019-08-15,10135.511065600793,10176.438419213204,40.92735361241046,4374.426771150456
2019-08-16,10133.663925124229,10179.992925415745,46.32900029151655,4375.954705232115
2019-08-19,10136.305179075478,10190.381317654,54.07613857852305,4380.420242116851
2019-08-20,10132.235431258503,10189.639631622242,57.40420036373951,4380.101422201723
2019-08-21,10135.615134576834,10187.485066589947,51.86993201311281,4379.175264486303
2019-08-22,10130.665140734847,10193.21775292444,62.552612189593596,4381.63950743056
2019-08-23,10118.080364532694,10185.439750915813,67.35938638311926,4378.2960685169655
2019-08-26,10137.251026595099,10191.195484747717,53.94445815261872,4380.77021861985
2019-08-27,10146.725275167108,10213.071174302233,66.34589913512515,4390.173665885249
2019-08-28,10132.396760612392,10206.956983676904,74.56022306451284,4387.545430145635
2019-08-29,10125.816908135854,10204.62373474812,78.80682661226558,4386.5424636698035
2019-08-30,10126.723975062456,10210.95825211373,84.23427705127465,4389.265408692901
2019-09-02,10128.568731277483,10208.626410775867,80.0576794983847,4388.263047281745
2019-09-03,10129.846525810468,10209.047675912956,79.20115010248806,4388.444131607863
2019-09-04,10130.369878831321,10208.564503081441,78.19462425012007,4388.236435743927
2019-09-05,10141.777016157725,10231.636109129568,89.85909297184293,4398.153957669851
2019-09-06,10141.276822596468,10231.621571664818,90.34474906834983,4398.147708619607
2019-09-09,10140.461160295623,10231.547516476683,91.08635618106025,4398.115875380494
2019-09-10,10141.770771038233,10230.039926586298,88.26915554806455,4397.467825315752
2019-09-11,10145.681010503098,10225.27620604886,79.59519554576134,4395.42010038579
2019-09-12,10146.04844398784,10225.997284716073,79.94884072823402,4395.730062053715
2019-09-13,10144.669553932297,10228.17584577794,83.50629184564285,4396.6665346622085
2019-09-16,10144.914312589133,10221.636550856343,76.72223826720926,4393.855564301943
2019-09-17,10143.939792074287,10221.304118632605,77.3643265583176,4393.712665543142
2019-09-18,10136.683689292198,10220.244807484936,83.5611181927383,4393.2573118277805
2019-09-19,10136.48368799025,10220.202061824582,83.71837383433203,4393.238937249829
2019-09-20,10135.781412387065,10221.124020632877,85.34260824581263,4393.635248918682
2019-09-23,10132.286663052177,10221.285759072991,88.99909602081381,4393.704773533603
2019-09-24,10128.416222415179,10219.80792194806,91.39169953288226,4393.069512942777
2019-09-25,10132.396922283931,10219.616612498483,87.21969021455153,4392.987276983266
2019-09-26,10136.851143858576,10222.348714805301,85.49757094672584,4394.161693904013
2019-09-27,10138.406027136814,10222.251632940939,83.84560580412396,4394.1199624564315
2019-09-30,10156.486547578954,10229.381666975862,72.89511939690725,4397.184866942336
2019-10-01,10157.594431864127,10229.283013175587,71.6885813114606,4397.142459785017
2019-10-02,10174.135494213662,10234.900096029987,60.764601816325495,4399.557009610982
2019-10-03,10204.901419959098,10247.568420002579,42.66700004348024,4405.002594131662
2019-10-04,10209.679465221447,10260.491904506944,50.81243928549787,4410.55786153108
2019-10-07,10218.362291457246,10281.07854883266,62.71625737541342,4419.407201973856
2019-10-08,10235.565682215472,10288.725276570412,53.15959435494054,4422.694211549286
2019-10-09,10249.47044759439,10296.396169648715,46.92572205432392,4425.991608797522
2019-10-10,10252.821171289499,10304.548427552016,51.727256262516484,4429.495924723042
2019-10-11,10240.886459240659,10298.799803532562,57.91334429190195,4427.024830832226
2019-10-14,10237.713794371446,10315.045803068195,77.33200869674818,4434.008308977055
2019-10-15,10235.039190005253,10315.10356179463,80.06437178937823,4434.033137046442
2019-10-16,10236.055986538317,10323.93402475243,87.8780382141143,4437.828985060549
2019-10-17,10231.136306564422,10324.597809531942,93.46150296752003,4438.114318473888
2019-10-18,10226.839752628463,10314.172662616304,87.33290998784142,4433.632982285104
2019-10-21,10226.085306195375,10314.159727472033,88.0744212766577,4433.627422005657
2019-10-22,10218.774092754995,10316.10949486397,97.33540210897392,4434.465545750473
2019-10-23,10217.908930665179,10305.425863432483,87.5169327673048,4429.873097840725
2019-10-24,10217.326114780451,10307.945810217258,90.61969543680591,4430.956317944173
2019-10-25,10216.908183233496,10309.150074094385,92.24189086088965,4431.473980796993
2019-10-28,10216.475070023114,10300.00994888677,83.53487886365572,4427.545021886932
2019-10-29,10216.267509383979,10300.00753534502,83.74002596103979,4427.543984405917
2019-10-30,10218.026714425147,10297.20659898448,79.17988455933384,4426.339978594149
2019-10-31,10204.810638259198,10297.648527286108,92.83788902691134,4426.529945153562
2019-11-01,10203.630697968048,10300.595575984638,96.96487801658999,4427.796758570169
2019-11-04,10203.004043204417,10309.993247506673,106.98920430225492,4431.836425907501
2019-11-05,10191.863342760545,10308.59056140515,116.72721864460463,4431.233469609702
2019-11-06,10208.75350267623,10319.477816390627,110.72431371439636,4435.913446799255
2019-11-07,10204.655135573645,10318.381300561567,113.72616498792165,4435.4421003418765
2019-11-08,10208.198298131612,10319.75822393631,111.55992580469687,4436.0339823171
2019-11-11,10217.663388479898,10321.329968216582,103.66657973668427,4436.709609680406
2019-11-12,10222.072724120653,10322.564961073247,100.49223695259344,4437.2404816408925
2019-11-13,10221.040043030238,10323.492283894273,102.45224086403506,4437.6390990752725
2019-11-14,10223.333500452403,10320.946670708108,97.61317025570578,4436.54484605552
2019-11-15,10217.746643128896,10319.803782175552,102.05713904665632,4436.0535659055
2019-11-18,10218.19270756145,10322.987903467974,104.79519590652407,4437.42228695017
2019-11-19,10211.798930082823,10308.28775516732,96.4888250844954,4431.103305827574
2019-11-20,10203.097801142696,10304.944140223077,101.84633908038042,4429.66602510892
2019-11-21,10205.637244324673,10305.879678193518,100.24243386884464,4430.0681738936655
2019-11-22,10211.10797010048,10305.944848327552,94.83687822707095,4430.096187818307
2019-11-25,10212.955127012523,10305.511333726303,92.55620671378043,4429.909837958045
2019-11-26,10210.843796167937,10307.033976974752,96.19018080681357,4430.564358834066
2019-11-27,10210.768307396596,10307.189602746193,96.42129534959751,4430.631255867472
2019-11-28,10212.685799910681,10306.304169844492,93.61836993381041,4430.250645163638
2019-11-29,10214.899470045802,10305.897986839125,90.99851679332254,4430.076044017395
2019-12-02,10222.752533938728,10307.835773404668,85.08323946593897,4430.909017704248
2019-12-03,10240.276622117484,10315.80980258421,75.53318046672568,4434.336720529145
2019-12-04,10238.105627619689,10312.027576878201,73.92194925851307,4432.710899323205
2019-12-05,10235.434077882646,10306.8581916264,71.42411374375249,4430.488796038702
2019-12-06,10234.778097173898,10292.450794265409,57.67269709151225,4424.29565634461
2019-12-09,10233.167227265865,10287.413936490446,54.2467092245803,4422.130521099289
2019-12-10,10245.453777065712,10292.869637581975,47.4158605162636,4424.475699631015
2019-12-11,10238.072669839592,10290.625244363055,52.55257452346351,4423.510928521774
2019-12-12,10237.300771718448,10300.6549189519,63.35414723345125,4427.822267638663
2019-12-13,10234.805154014093,10293.89623833601,59.09108432191679,4424.916992511367
2019-12-16,10223.680381680706,10276.124950835178,52.444569154471694,4417.277856637004
2019-12-17,10223.680500996084,10275.648128366358,51.967627370274236,4417.072890529338
2019-12-18,10229.564665705913,10276.38759987713,46.82293417121657,4417.390758514184
2019-12-19,10237.776715181331,10277.23649649554,39.45978131420858,4417.755663792489
2019-12-20,10226.760319218012,10273.069008312748,46.30868909473614,4415.964234303677
2019-12-23,10223.135632486124,10262.287350050145,39.15171756402054,4411.3296487445205
2019-12-24,10223.736732295583,10255.62666698707,31.88993469148675,4408.46649868111
2019-12-25,10222.50597117671,10249.815933095999,27.309961919289723,4405.968706344929
2019-12-26,10224.55740415864,10247.765450966197,23.20804680755711,4405.087289531612
2019-12-27,10219.503403161258,10252.891572940605,33.388169779348324,4407.29079573617
2019-12-30,10218.204357050803,10245.394286632007,27.189929581203945,4404.06802480313
2019-12-31,10205.597049568074,10236.844399656018,31.247350087944067,4400.39278471054
2020-01-01,10163.982419841073,10213.154999551456,49.172579710382614,4390.209698866454
2020-01-02,10165.033195189853,10212.641717539242,47.60852234938893,4389.989060320542
2020-01-03,10179.591186147281,10245.240685642939,65.64949949565786,4404.001998139284
2020-01-06,10096.126785428025,10177.908431426069,81.78164599804475,4375.058668137691
2020-01-07,9806.197600047806,9936.211480736207,130.01388068840146,4271.163221808747
2020-01-08,9781.342452634692,9894.613728813712,113.27127617902079,4253.282081852563
2020-01-09,9745.39739821518,9871.66778039288,126.27038217769905,4243.418574903804
2020-01-10,9524.081133706331,9691.153558546814,167.07242484048297,4165.823033901368
2020-01-13,9524.02467851269,9680.190011275849,156.16533276315909,4161.110261837781
2020-01-14,9498.923326206888,9640.144617581951,141.2212913750625,4143.896415989207
2020-01-15,9498.50262396948,9640.125302799446,141.62267882996574,4143.888113369156
2020-01-16,9454.084008733314,9575.109829357676,121.02582062436153,4115.940670870438
2020-01-17,9449.362574790921,9564.076019766519,114.71344497559723,4111.197695963598
2020-01-20,9448.921393569217,9558.933923054694,110.01252948547719,4108.987322885176
2020-01-21,9447.150574400272,9558.26841276586,111.11783836558826,4108.701247747291
2020-01-22,9409.29862077152,9532.643908942124,123.34528817060288,4097.6863414601985
2020-01-23,9376.867605730135,9512.827037702851,135.95943197271734,4089.1678943868246
2020-01-24,9378.019717242547,9510.564329676372,132.54461243382534,4088.195250505087
2020-01-27,9366.542836016228,9482.106630086655,115.5637940704265,4075.9624714322454
2020-01-28,9413.641342816223,9503.969930092551,90.32858727632751,4085.3605929470295
2020-01-29,9341.432199925875,9455.341909835895,113.90970991002037,4064.4574336219416
2020-01-30,9312.74942553832,9438.890173547768,126.1407480094471,4057.385517821339
2020-01-31,9223.715586503473,9370.668864096882,146.95327759340947,4028.0600200262106
2020-02-03,9262.856411699748,9388.32106641339,125.46465471364196,4035.6479661427325
2020-02-04,9256.768251155272,9376.963361593402,120.19511043812949,4030.765762175422
2020-02-05,9256.57468038387,9376.640873654309,120.06619327043798,4030.6271380501607
2020-02-06,9258.421943902145,9387.805508256084,129.38356435393862,4035.426349176905
2020-02-07,9258.727457339843,9390.340888082337,131.61343074249405,4036.516203301709
2020-02-10,9273.162413695349,9394.08593789842,120.92352420307228,4038.126044141883
2020-02-11,9273.053887740096,9394.269618090117,121.21573035002056,4038.2050006013815
2020-02-12,9259.3280831102,9388.68459942613,129.35651631592947,4035.8042338345927
2020-02-13,9259.67674888579,9387.972059388521,128.29531050273226,4035.497942567685
2020-02-14,9267.214213510706,9391.769078191086,124.55486468037947,4037.1301227093286
2020-02-17,9260.4169495383,9388.83546433681,128.41851479851056,4035.8690843723666
2020-02-18,9221.71115513271,9363.0816815792,141.37052644649057,4024.79860645933
2020-02-19,9230.451347135408,9365.483704536262,135.03235740085378,4025.831136023745
2020-02-20,9230.619198474773,9366.650617845631,136.03141937085857,4026.3327434240787
2020-02-21,9176.060542867079,9326.190278926886,150.12973605980704,4008.940529916274
2020-02-24,9135.335696597334,9296.80998480024,161.47428820290506,3996.3111659013334
2020-02-25,9251.743144766617,9361.10007902185,109.35693425523311,4023.946798103639
2020-02-26,9342.02499125342,9434.302613851894,92.27762259847526,4055.4135170956242
2020-02-27,9335.081202871916,9432.542064843212,97.46086197129705,4054.6567304480523
2020-02-28,9525.003426064717,9577.088221648271,52.084795583553614,4116.791099266239
2020-03-02,9551.08309156546,9592.889100156961,41.80600859150108,4123.5832384321
2020-03-03,9579.179944250935,9662.279824695688,83.09988044475418,4153.411419037865
2020-03-04,9581.787620284675,9657.20319031082,75.41557002614569,4151.229185485645
2020-03-05,9694.374605986819,9797.660078159197,103.2854721723775,4211.605748000521
2020-03-06,9766.420803213136,9844.56011511937,78.13931190623437,4231.766119320529
2020-03-09,9745.611541868971,9829.646496389965,84.03495452099396,4225.355376157039
2020-03-10,10402.903613888398,10411.948922536481,9.045308648083612,4475.662921578036
2020-03-11,10446.394433373498,10466.613643162234,20.219209788735665,4499.161006811007
2020-03-12,10873.689389290666,10840.313252079393,-33.376137211273544,4659.79889467257
2020-03-13,12886.131018864908,12724.824837132637,-161.30618173227123,5469.871887659586
2020-03-16,13013.3074516969,12889.97407261843,-123.3333790784713,5540.862661364866
2020-03-17,14100.187230339681,13873.703793092654,-226.48343724702684,5963.727071048142
2020-03-18,14229.01484739266,14033.399928916508,-195.61491847615298,6032.37378446786
2020-03-19,14690.054739968331,14427.866448821209,-262.1882911471216,6201.938501897467
2020-03-20,14680.264181795876,14424.933601456009,-255.33058033986737,6200.677793042215
2020-03-23,14674.176016989999,14421.152672200204,-253.02334478979498,6199.052529126187
2020-03-24,14668.849231782533,14435.998843518146,-232.85038826438677,6205.4342794583745
2020-03-25,15487.344880772063,15364.668561156566,-122.6763196154974,6604.63068856005
2020-03-26,15493.23788101491,15388.87481045264,-104.36307056226889,6615.035946331764
2020-03-27,15671.672678579293,15613.427950879206,-58.24472770008699,6711.561983100512
2020-03-30,15720.96234494773,15643.081957192187,-77.88038775554242,6724.309004577344
2020-03-31,15742.57428458979,15697.581267045178,-44.99301754461102,6747.735986612634
2020-04-01,15832.927175000268,15764.489367364005,-68.4378076362628,6776.496990530165
2020-04-02,16042.943803186718,15933.390355670716,-109.55344751600215,6849.100486418049
2020-04-03,16060.585383141934,15970.579969261735,-90.00541388019947,6865.086751415648
2020-04-06,16109.045145972252,15990.158366486117,-118.886779486134,6873.502688448477
2020-04-07,16440.00334589129,16388.014080180703,-51.989265710588384,7044.524279042971
2020-04-08,16436.354471478462,16388.75702035,-47.59745112846133,7044.843638059559
2020-04-09,16435.291118042016,16403.91731686909,-31.373801172926868,7051.360417724485
2020-04-10,16479.133359380994,16466.817975370046,-12.3153840109476,7078.398789415515
2020-04-13,16480.330193837184,16465.414765306858,-14.915428530325864,7077.795607888434
2020-04-14,16486.90187017506,16467.115936658865,-19.78593351619579,7078.526870555978
2020-04-15,16482.93695319291,16506.232861534292,23.29590834138,7095.34160635363
2020-04-16,16547.6602085124,16550.003840867197,2.3436323547960436,7114.156926203828
2020-04-17,16555.1494215008,16551.501261676574,-3.6481598242228257,7114.800605004443
2020-04-20,16560.90339239326,16577.310938296443,16.40754590318547,7125.895109359477
2020-04-21,16590.203311647456,16588.66535208092,-1.5379595665354515,7130.775898647776
2020-04-22,16651.676307534788,16629.400924148213,-22.27538338657616,7148.28642341574
2020-04-23,16663.884723628562,16668.323010571396,4.438286942832021,7165.017406282707
2020-04-24,16659.35215305479,16667.096247470537,7.744094415746478,7164.490071951265
2020-04-27,16654.58264189346,16673.306210635852,18.723568742393876,7167.159476314478
2020-04-28,16654.922702135715,16688.26073505829,33.338032922575685,7173.587803130649
2020-04-29,16618.89634421588,16671.03784309786,52.14149888198278,7166.184399644603
2020-04-30,16663.575669219368,16734.928810019555,71.35314080018902,7193.648463654392
2020-05-01,16728.580350640423,16780.391119429194,51.81076878877225,7213.19081581803
2020-05-04,16774.303454248544,16803.392159150837,29.088704902294523,7223.078004221067
2020-05-05,16778.10966181661,16802.707960853957,24.598299037348497,7222.783895887349
2020-05-06,16777.164043045967,16804.854367212203,27.690324166236273,7223.706546528811
2020-05-07,16817.709895327298,16820.321908746904,2.6120134196046183,7230.355398021445
2020-05-08,16832.51757633637,16857.938665420395,25.42108908402544,7246.525274028918
2020-05-11,16838.839758730468,16876.55522911888,37.71547038841064,7254.527758913584
2020-05-12,16843.953785064812,16875.57877138683,31.624986322018437,7254.108020428663
2020-05-13,16869.961389837805,16891.474131549072,21.51274171126708,7260.940773319841
2020-05-14,16875.65427186957,16892.760588768175,17.106316898604387,7261.4937676649515
2020-05-15,16880.246462112802,16890.779964817757,10.533502704954708,7260.6423799715985
2020-05-18,16840.42613009187,16872.7214996408,32.29536954892994,7252.879798382461
2020-05-19,16882.694668531432,16956.142615175333,73.447946643899,7288.7390593577475
2020-05-20,16874.110108783447,16951.927740880714,77.8176320972666,7286.927260554287
2020-05-21,16883.54050152967,16985.89854898205,102.35804745238138,7301.529895216287
2020-05-22,16898.37576053297,16995.323167574337,96.94740704136758,7305.581145976095
2020-05-25,16898.885178655768,16992.62981723153,93.74463857576252,7304.423386909679
2020-05-26,16869.885977122234,16976.4008441039,106.51486698166478,7297.447227708071
2020-05-27,16885.97977968482,17013.161546886535,127.18176720171375,7313.2491218240975
2020-05-28,16876.695674657785,17034.65223263841,157.95655798062407,7322.487071999858
2020-05-29,16869.242027984797,17036.141863915927,166.89983593113016,7323.127402405357
2020-06-01,16869.407625036725,17035.650915963517,166.24329092679287,7322.916364340978
2020-06-02,16865.768386166965,17056.578224020992,190.80983785402697,7331.912141924803
2020-06-03,16864.559659578335,17058.538400391815,193.9787408134813,7332.754740055846
2020-06-04,16865.379542783212,17072.552301157393,207.17275837418055,7338.778731962626
2020-06-05,16869.920339834975,17066.816009692506,196.8956698575304,7336.312939323057
2020-06-08,16874.011662566438,17076.914925488534,202.90326292209653,7340.6540423492725
2020-06-09,16880.688550624214,17089.445106233008,208.7565556087928,7346.040244853332
2020-06-10,16892.720033509082,17093.96410558218,201.2440720730993,7347.982774343268
2020-06-11,16845.574159696724,17069.006767085575,223.43260738885232,7337.25465462605
2020-06-12,17145.10302938498,17307.816314656888,162.71328527190866,7439.908926687478
2020-06-15,17146.458139032366,17318.30978383066,171.85164479829393,7444.419631767689
2020-06-16,17146.53153694414,17318.29892555889,171.76738861474843,7444.414964249175
2020-06-17,17155.549076623338,17341.793301060465,186.24422443712504,7454.5142171441275
2020-06-18,17154.62869463096,17341.641685583047,187.0129909520878,7454.4490439689935
2020-06-19,17153.443052485545,17341.19323660273,187.75018411718395,7454.256274441563
2020-06-22,17159.288550424608,17342.346026540967,183.0574761163602,7454.751810793243
2020-06-23,17158.64613560333,17350.66502891384,192.01889331051456,7458.32780321712
2020-06-24,17160.24375901197,17359.777583084804,199.5338240728349,7462.244910487553
2020-06-25,17236.99364124683,17402.841407541506,165.84776629467487,7480.756253927303
2020-06-26,17231.400841302046,17409.479362505976,178.07852120393127,7483.609634128322
2020-06-29,17266.37555540761,17430.65295221157,164.2773968039605,7492.711277928833
2020-06-30,17258.167223969893,17437.6360288253,179.46880485540922,7495.7130115438495
2020-07-01,17257.169593884006,17438.287221345032,181.1176274610249,7495.992932069493
2020-07-02,17251.33003571504,17436.328760941724,184.99872522668477,7495.15107156137
2020-07-03,17238.132794096,17441.595462300258,203.46266820425674,7497.415006984487
2020-07-06,17240.358851658326,17441.457021466824,201.09816980849823,7497.355497039745
2020-07-07,17240.35294112296,17464.84161783281,224.48867670984882,7507.40756045938
2020-07-08,17259.25668481183,17469.077590652858,209.8209058410277,7509.228428639635
2020-07-09,17256.757607985386,17472.82510942398,216.06750143859284,7510.8393307806855
2020-07-10,17260.23179046332,17473.92944629541,213.6976558320882,7511.314039178236
2020-07-13,17210.0603611748,17450.465062879906,240.40470170510454,7501.227678631158
2020-07-14,17189.829374529905,17437.998502206992,248.16912767708638,7495.868823744481
2020-07-15,17195.344607761905,17455.50012352058,260.15551575867505,7503.392041363343
2020-07-16,17141.65492517246,17434.74982265848,293.0948974860185,7494.472351795997
2020-07-17,17159.57397508501,17438.090839529337,278.5168644443264,7495.90851571118
2020-07-20,17159.336852759032,17435.160588548264,275.82373578923205,7494.648922933258
2020-07-21,17159.47078791043,17435.58093147957,276.1101435691377,7494.829610841545
2020-07-22,17159.52689006778,17436.12283732908,276.5959472612998,7495.062553582206
2020-07-23,17160.98507739264,17443.279584528347,282.2945071357066,7498.138940944186
2020-07-24,17156.73594934729,17441.22187772547,284.4859283781789,7497.254418545004
2020-07-27,17162.03432456753,17432.46830203531,270.4339774677811,7493.4916211629625
2020-07-28,17171.75077289736,17447.312437356162,275.56166445879944,7499.87249630485
2020-07-29,17168.429473108088,17446.34133920504,277.91186609695075,7499.455061680408
2020-07-30,17169.256669376453,17451.537186206264,282.2805168298105,7501.688539768189
2020-07-31,17190.675652219645,17465.494877582867,274.8192253632223,7507.688369601187
2020-08-03,17193.631442709608,17467.031758145455,273.40031543584826,7508.349010505213
2020-08-04,17192.82953421063,17483.286709703585,290.45717549295574,7515.336336751438
2020-08-05,17171.40581758036,17485.254291877005,313.84847429664796,7516.182118328378
2020-08-06,17154.588441946195,17482.724335815506,328.1358938693128,7515.094595654005
2020-08-07,17151.575112979925,17489.91533951231,338.34022653238486,7518.185708456629
2020-08-10,17147.793251576324,17487.80725458432,340.0140030079967,7517.279530600981
2020-08-11,17151.77308296089,17488.005544905296,336.2324619444042,7517.364767346176
2020-08-12,17204.320088539564,17519.368878959187,315.04879041962386,7530.846557582223
2020-08-13,17211.372921423343,17538.25828546729,326.8853640439481,7538.96632621996
2020-08-14,17211.560088500417,17536.30277557556,324.742687075143,7538.125734013802
2020-08-17,17217.075494127326,17536.885304999105,319.8098108717772,7538.376139135944
2020-08-18,17214.42118056704,17550.447368791836,336.02618822479894,7544.205905158502
2020-08-19,17212.713147995844,17543.653738935816,330.94059093997106,7541.28560680939
2020-08-20,17244.59519542161,17558.55461810713,313.95942268551994,7547.6908737677795
2020-08-21,17248.620343508508,17550.962065503416,302.34172199490786,7544.427151824712
2020-08-24,17256.822732498465,17553.091430153087,296.2686976546201,7545.342476945874
2020-08-25,17244.383206932,17555.85524381637,311.4720368843707,7546.53052525719
2020-08-26,17245.784303556567,17555.26398738479,309.47968382822205,7546.276368757993
2020-08-27,17242.741691761552,17565.991413659216,323.2497218976656,7550.8876422455605
2020-08-28,17260.552752479758,17576.17876729125,315.62601481149187,7555.266761011809
2020-08-31,17245.490682247546,17580.20278404845,334.7121018009058,7556.996518113961
2020-09-01,17247.625076153647,17579.831794087037,332.20671793338965,7556.837044990637
2020-09-02,17244.561134674816,17582.30257176403,337.7414370892139,7557.899129343783
2020-09-03,17231.781465519645,17585.875863478977,354.0943979593319,7559.435138534334
2020-09-04,17308.88786827363,17646.06116844885,337.17330017522045,7585.3062929052985
2020-09-07,17307.400881636757,17645.507854075102,338.106972438344,7585.06844611552
2020-09-08,17297.204814227884,17641.631056729726,344.4262425018409,7583.4019725031085
2020-09-09,17329.293754976465,17660.93411468502,331.64035970855434,7591.69955265898
2020-09-10,17256.26296171616,17632.470856041466,376.207894325307,7579.464383980568
2020-09-11,17262.846659467912,17636.101597445086,373.2549379771736,7581.025088398052
2020-09-14,17262.79639422527,17637.397882200497,374.60148797522555,7581.5823071914565
2020-09-15,17259.14563485094,17643.924714237557,384.7790793866186,7584.387920277053
2020-09-16,17247.688490218246,17616.012801777062,368.32431155881517,7572.389752345267
2020-09-17,17241.662603777102,17613.705411579682,372.0428078025801,7571.397901460399
2020-09-18,17197.384125752378,17584.976889211426,387.5927634590495,7559.048706961661
2020-09-21,17207.690118747152,17588.516223972456,380.82610522530257,7560.570119472886
2020-09-22,17298.624515780382,17654.93093115921,356.30641537883,7589.119034245205
2020-09-23,17284.493322394035,17649.01239412292,364.51907172888673,7586.574901829614
2020-09-24,17232.64427984935,17607.597146017106,374.9528661677533,7568.772212658335
2020-09-25,17231.380617120783,17594.08510728772,362.7044901669367,7562.963950325704
2020-09-28,17208.43157408142,17585.15813649039,376.72656240896873,7559.126617613368
2020-09-29,17211.548439622973,17613.094683727926,401.5462441049546,7571.135375009145
2020-09-30,17212.508075626483,17608.27676733004,395.7686917035573,7569.0643535374
2020-10-01,17221.974515391114,17608.05107292521,386.07655753409745,7568.967336918626
2020-10-02,17221.08819365744,17603.555833901395,382.4676402439529,7567.035021002345
2020-10-05,17234.381741723584,17607.42197962783,373.04023790424475,7568.696915927681
2020-10-06,17232.308668400692,17621.096649262745,388.7879808620545,7574.57508650892
2020-10-07,17255.58051452312,17628.78409039358,373.2035758704579,7577.879597075296
2020-10-08,17250.74048477529,17616.61715999672,365.87667522142857,7572.649540757139
2020-10-09,17226.624995998867,17612.202731602607,385.5777356037404,7570.7519619627665
2020-10-12,17201.257493214318,17608.481176093617,407.2236828792993,7569.152220346082
2020-10-13,17129.45562270607,17569.26561265574,439.80998994967,7552.295083941217
2020-10-14,17159.961243701106,17585.30957547993,425.348331778824,7559.191714923719
2020-10-15,17167.484836692227,17584.3238609746,416.8390242823727,7558.767997337743
2020-10-16,17188.46135876164,17588.83844626007,400.37708749842847,7560.708629405648
2020-10-19,17191.43104525752,17587.647861369594,396.2168161120756,7560.196846579116
2020-10-20,17189.750932756655,17586.700474875197,396.9495421185412,7559.789604607711
2020-10-21,17140.28483936684,17560.18950629146,419.90466692461894,7548.3936440639045
2020-10-22,17142.235731501045,17553.87499357716,411.6392620761132,7545.679298206709
2020-10-23,17146.65822947538,17554.932875788276,408.27464631289786,7546.134037681797
2020-10-26,17132.67085125298,17551.051945946954,418.38109469397483,7544.465787681603
2020-10-27,17200.89969907639,17582.73302346103,381.83332438463776,7558.084162589156
2020-10-28,17202.23616478539,17583.287247593522,381.0510828081328,7558.322400446304
2020-10-29,17354.91862480402,17680.923011812858,326.00438700883814,7600.291946492633
2020-10-30,17352.34250027942,17681.465265618088,329.1227653386656,7600.525038804956
2020-11-02,17369.907952263457,17689.36625334617,319.4583010827117,7603.921344153887
2020-11-03,17367.960767488414,17685.8495757396,317.8888082511885,7602.4096710091235
2020-11-04,17287.927436080307,17659.97169390106,372.04425782075555,7591.285848073051
2020-11-05,17291.128949815444,17680.801655705603,389.67270589016096,7600.239780559665
2020-11-06,17318.98833237515,17743.125819459994,424.1374870848463,7627.030341184691
2020-11-09,17293.115702498355,17731.23344493977,438.11774244141696,7621.918304995725
2020-11-10,17282.52145939826,17732.55243051963,450.0309711213713,7622.4852819274965
2020-11-11,17281.31802956331,17732.319862825487,451.0018332621756,7622.385310768093
2020-11-12,17281.185426585078,17728.197923061696,447.0124964766195,7620.61346064637
2020-11-13,17301.16963367477,17738.34269067611,437.17305700134034,7624.974273458424
2020-11-16,17266.143675663196,17736.057731547833,469.9140558846375,7623.992064755343
2020-11-17,17243.023029346794,17734.538303904177,491.5152745573823,7623.338926133812
2020-11-18,17251.19972623658,17734.35605097535,483.15632473877207,7623.260583195139
2020-11-19,17241.218791645202,17727.910248115295,486.69145647009105,7620.489801175827
2020-11-20,17232.197481579526,17727.25382977758,495.05634819805243,7620.207634288819
2020-11-23,17176.265183796244,17694.189368815754,517.9241850195094,7605.994600489884
2020-11-24,17139.762521972163,17670.473392391264,530.710870419101,7595.800090593436
2020-11-25,17136.38044544672,17674.456787018644,538.0763415719231,7597.512385934915
2020-11-26,17104.733572078614,17612.683153653594,507.9495815749801,7570.958475380794
2020-11-27,17108.45809083741,17609.25591726441,500.79782642700155,7569.4852492879
2020-11-30,17109.004776778715,17606.80002773927,497.7952509605553,7568.42956473077
2020-12-01,17143.081891062386,17621.322370375226,478.24047931284144,7574.6721146082
2020-12-02,17154.87929560965,17652.794403228447,497.9151076187937,7588.200629928032
2020-12-03,17151.235605783048,17653.906048077777,502.6704422947284,7588.67847972072
2020-12-04,17119.720004772593,17640.095871166555,520.375866393964,7582.742060208692
2020-12-07,17077.789693935072,17571.236688989196,493.44699505412314,7553.142367511937
2020-12-08,17082.834795222116,17570.464543992384,487.6297487702699,7552.810454557116
2020-12-09,17083.44288135051,17568.64861385231,485.20573250180126,7552.0298618691795
2020-12-10,17100.306053544577,17567.203535120512,466.89748157593624,7551.408682746348
2020-12-11,17102.944980382465,17566.58700926994,463.64202888747434,7551.1436639770345
2020-12-14,17091.498219127963,17561.92041431302,470.42219518505755,7549.137689286408
2020-12-15,17085.281438039918,17559.72498493625,474.4435468963298,7548.193965692328
2020-12-16,17092.730684316164,17577.399014131668,484.668329815503,7555.791294274453
2020-12-17,17090.375568863394,17580.275505427388,489.8999365639947,7557.027778004088
2020-12-18,17088.945037358262,17590.44249445339,501.4974570951268,7561.398142874901
2020-12-21,17094.712167872087,17582.409292319702,487.6971244476156,7557.9450040630645
2020-12-22,17124.135159656307,17598.86852233388,474.7333626775728,7565.020141104193
2020-12-23,17095.775062633387,17581.749184060605,485.9741214272168,7557.661251032633
2020-12-24,17093.084184312323,17584.277449592126,491.19326527980104,7558.74804701862
2020-12-25,17094.005243294694,17583.693862971326,489.68861967663037,7558.497187451438
2020-12-28,17094.62725132431,17569.603878645758,474.97662732144806,7552.440490393015
2020-12-29,17089.37259751103,17574.72591034905,485.3533128380211,7554.642238360484
2020-12-30,17087.781949357046,17575.869847569815,488.0878982127689,7555.13396929786
2020-12-31,17085.75613918284,17564.198220631097,478.4420814482576,7550.116823294478
2021-01-01,17087.766384417613,17563.484643745884,475.7182593282692,7549.810086329997
2021-01-04,17085.579115832144,17562.549618868576,476.9705030364294,7549.408158102606
2021-01-05,17083.06860740799,17563.727580661576,480.65897325358765,7549.914514785604
2021-01-06,17083.065739279853,17563.27468048391,480.2089412040603,7549.719831873939
2021-01-07,17064.300773699702,17556.135150640832,491.83437694112837,7546.650845535848
2021-01-08,17019.72311666797,17533.236039843614,513.5129231756423,7536.807472129512
2021-01-11,17019.713571605345,17533.23144907353,513.5178774681842,7536.805498748775
2021-01-12,17050.84809570261,17551.546837998027,500.69874229541495,7544.678521149626
2021-01-13,17047.94664071106,17538.194720429758,490.2480797186971,7538.939002259411
2021-01-14,17045.669928597887,17538.37684015214,492.7069115542536,7539.017287938184
2021-01-15,17042.87172483837,17538.0329648995,495.1612400611303,7538.86947029815
2021-01-18,17089.730188308273,17548.40098982489,458.67080151661753,7543.326252123897
2021-01-19,17092.836870457828,17549.13989502042,456.3030245625915,7543.643876673422
2021-01-20,17094.121791995516,17553.43787856005,459.31608656453164,7545.491400677716
2021-01-21,17098.82099410156,17570.18838133082,471.3673872292601,7552.691743738049
2021-01-22,17086.197374631218,17564.94333393355,478.7459593023302,7550.437116450445
2021-01-25,17094.490235885132,17564.31206169862,469.8218258134859,7550.165758825056
2021-01-26,17096.826477986524,17564.20437190853,467.3778939220075,7550.119467472292
2021-01-27,17098.89748244821,17562.48058777133,463.5831053231192,7549.378484510785
2021-01-28,17169.50801879566,17613.701772074397,444.1937532787393,7571.396336988753
2021-01-29,17157.253197065806,17612.202828918922,454.94963185311667,7570.752003794994
2021-02-01,17205.112042760786,17641.66155584857,436.5495130877825,7583.4150828032425
2021-02-02,17199.14199882886,17656.383895398045,457.2418965691829,7589.743603018881
2021-02-03,17195.395296849496,17658.00674228889,462.6114454393946,7590.44119726476
2021-02-04,17183.770665249987,17654.660540881363,470.8898756313749,7589.002804733331
2021-02-05,17162.55958007168,17642.66462089062,480.1050408189406,7583.846258661868
2021-02-08,17159.16737917617,17644.705568921334,485.5381897451611,7584.723577163322
2021-02-09,17162.45621192933,17652.18833495035,489.7321230210223,7587.940106433306
2021-02-10,17163.337711897093,17651.227390379612,487.88967848251866,7587.527036409917
2021-02-11,17166.00111943934,17645.85232361793,479.851204178589,7585.216519216139
2021-02-12,17152.108633791453,17641.32789978849,489.2192659970393,7583.271657968204
2021-02-15,17153.31503450699,17634.478621196336,481.16358668934583,7580.327438546601
2021-02-16,17155.96603064362,17634.42229756609,478.4562669224694,7580.303227365257
2021-02-17,17168.19562720974,17636.64087163433,468.4452444245884,7581.256899897639
2021-02-18,17189.259065444054,17645.605587640057,456.3465221960036,7585.110457702026
2021-02-19,17201.90443353781,17648.177280706735,446.2728471689255,7586.215921375528
2021-02-22,17154.302586686474,17622.055899291547,467.7533126050734,7574.98742811935
2021-02-23,17154.753071369945,17621.992680433632,467.2396090636883,7574.960252966992
2021-02-24,17162.145600952335,17621.092101277853,458.9465003255162,7574.573131519754
2021-02-25,17151.5116052512,17618.832509974345,467.3209047231449,7573.6018273873315
2021-02-26,17240.957034540545,17684.595512136886,443.63847759633984,7601.870601329687
2021-03-01,17276.039919381394,17702.407167638612,426.36724825721683,7609.527089725289
2021-03-02,17280.654945188508,17713.356019072486,432.7010738839794,7614.233544660963
2021-03-03,17286.542550706035,17714.751175133406,428.2086244273715,7614.833264108122
2021-03-04,17316.078376247155,17725.75145142601,409.6730751788582,7619.561824447423
2021-03-05,17358.46999570014,17748.29240486605,389.8224091659104,7629.251240932191
2021-03-08,17355.973952214474,17750.110596317765,394.1366441032901,7630.032805663762
2021-03-09,17369.618207481024,17755.985362572592,386.36715509156784,7632.55812284456
2021-03-10,17371.073433197183,17779.20797907057,408.13454587338543,7642.540557869482
2021-03-11,17371.375837895397,17783.75459122737,412.37875333197417,7644.494956954646
2021-03-12,17359.421917617154,17781.525581586262,422.10366396910706,7643.536798604392
2021-03-15,17360.585255054008,17780.160905690183,419.57565063617756,7642.950181309831
2021-03-16,17359.04705899776,17780.54812611823,421.50106712047057,7643.116631234352
2021-03-17,17357.34238274511,17780.336285438814,422.99390269370144,7643.025569754779
2021-03-18,17354.077364200002,17785.80454170484,431.7271775048398,7645.376145232783
2021-03-19,17368.167830604667,17790.70305636607,422.53522576140267,7647.4818125389875
2021-03-22,17366.60284816365,17790.328986258355,423.7261380947074,7647.321015389134
2021-03-23,17364.138635256855,17790.413169038744,426.2745337818871,7647.357202058088
2021-03-24,17388.63125971415,17799.651597532236,411.02033781808376,7651.328417453937
2021-03-25,17401.412352133266,17806.60797731152,405.1956251782542,7654.318675212421
2021-03-26,17394.438364690286,17806.639764240215,412.20139954992953,7654.332339088341
2021-03-29,17396.072549601304,17812.36226738733,416.2897177860262,7656.79220470473
2021-03-30,17409.628892169563,17816.88891402656,407.2600218569971,7658.738021445958
2021-03-31,17427.294682250955,17823.265412475528,395.97073022457465,7661.47901238722
2021-04-01,17412.817529979493,17818.447028358114,405.629498378621,7659.407789862342
2021-04-02,17411.204317686806,17837.89281857718,426.68850089037375,7667.766724670011
2021-04-05,17411.203021053203,17825.953083510904,414.75006245769936,7662.634330156056
2021-04-06,17400.362425011506,17836.160682148166,435.7982571366588,7667.022151406338
2021-04-07,17365.451340909305,17814.553474809265,449.10213389996017,7657.734113456378
2021-04-08,17362.12631826743,17814.58195578834,452.4556375209115,7657.746356242331
2021-04-09,17352.903711536215,17816.555144828806,463.65143329259087,7658.594547977747
2021-04-12,17354.26284975971,17813.743217089133,459.4803673294214,7657.385817430158
2021-04-13,17306.830002785115,17781.729184660337,474.89918187522375,7643.624319080735
2021-04-14,17306.600480947574,17780.614730119843,474.01424917227035,7643.14526151891
2021-04-15,17316.037745241643,17780.572998386353,464.535253144709,7643.127322785862
2021-04-16,17320.995782910162,17797.092577193856,476.09679428369554,7650.228401258192
2021-04-19,17298.709551762622,17791.611549029625,492.901997267004,7647.872335673423
2021-04-20,17295.40783740691,17789.69377943072,494.28594202380816,7647.0479664463155
2021-04-21,17319.951703809664,17796.58773892776,476.6360351180951,7650.011392326841
2021-04-22,17309.812297498873,17801.473747689724,491.66145019085184,7652.11168386814
2021-04-23,17306.063737423436,17799.565639543373,493.5019021199364,7651.291467696841
2021-04-26,17305.80721491583,17797.032773120132,491.22555820430284,7650.202693979247
2021-04-27,17304.13694183824,17797.23101276886,493.094070930625,7650.287908942555
2021-04-28,17299.424398254516,17794.50591106118,495.08151280666334,7649.116501287625
2021-04-29,17281.326493989956,17787.833310532213,506.5068165422574,7646.248228402291
2021-04-30,17286.18527543958,17785.62427277286,499.43899733328044,7645.29865513167
2021-05-03,17297.282884527653,17792.140674404724,494.8577898770698,7648.099784620763
2021-05-04,17296.846691524934,17790.857845579536,494.0111540546006,7647.5483499709835
2021-05-05,17331.651088247603,17790.541567714183,458.8904794665806,7647.412395297616
2021-05-06,17330.395990584315,17795.900872495222,465.5048819109054,7649.716137072801
2021-05-07,17331.757999901205,17807.22810138637,475.47010148516375,7654.585240708394
2021-05-10,17331.738080936135,17807.19050366041,475.4524227242772,7654.569079012897
2021-05-11,17337.92870661087,17809.216114874467,471.2874082635964,7655.439804856036
2021-05-12,17371.838781437145,17826.182322523615,454.34354108646846,7662.732870454035
2021-05-13,17449.902083215504,17881.51672869552,431.6146454800129,7686.5188255940075
2021-05-14,17449.891228896424,17888.306657740155,438.41542884373246,7689.437533118537
2021-05-17,17450.311406519348,17914.455915757582,464.1445092382357,7700.678009364252
2021-05-18,17446.779629743884,17914.143544757433,467.3639150135482,7700.543734089418
2021-05-19,17445.72695696127,17901.30324339688,455.5762864356115,7695.024223656848
2021-05-20,17459.385260467632,17902.202152292728,442.81689182509507,7695.410627128951
2021-05-21,17450.727521803994,17887.47173559188,436.744213787887,7689.078634882554
2021-05-24,17445.829828922615,17887.4309072829,441.60107836028203,7689.061084494052
2021-05-25,17445.81996767338,17887.317276521535,441.4973088481556,7689.012239365327
2021-05-26,17434.087515537958,17884.45386677099,450.3663512330317,7687.781378846788
2021-05-27,17427.643983005997,17882.2209745573,454.57699155130604,7686.821551540389
2021-05-28,17433.96297584042,17881.976352841077,448.0133770006564,7686.7163988592465
2021-05-31,17434.570004077726,17879.5951097476,445.0251056698727,7685.692801692181
2021-06-01,17436.106796327484,17879.64724500769,443.5404486802084,7685.715212467746
2021-06-02,17439.470221233943,17875.723370643314,436.25314940937045,7684.0285024068135
2021-06-03,17439.79914962943,17873.744473662773,433.9453240333425,7683.177857065837
2021-06-04,17459.243990965,17883.06506946729,423.82107850229244,7687.184392764356
2021-06-07,17434.532174603664,17882.1793533515,447.64717874783713,7686.803660318588
2021-06-08,17411.361160277596,17874.345465029164,462.98430475156744,7683.436198207804
2021-06-09,17410.350022585142,17873.979075331205,463.6290527460638,7683.27870254602
2021-06-10,17422.1094832179,17872.733739350664,450.62425613276497,7682.743384507632
2021-06-11,17414.253135105002,17873.630553871753,459.37741876675074,7683.1288876953095
2021-06-14,17420.77116276422,17873.829681184186,453.05851841996775,7683.2144842282505
2021-06-15,17428.834915908243,17874.71089161485,445.8759757066068,7683.593279867758
2021-06-16,17412.92770853405,17867.98841538963,455.0607068555806,7680.703567499185
2021-06-17,17445.65790999021,17885.84650821439,440.1885982241819,7688.380017364672
2021-06-18,17488.55287738519,17906.577456142164,418.0245787569743,7697.29138791209
2021-06-21,17532.482278492484,17937.17501348731,404.6927349948265,7710.444002654957
2021-06-22,17534.57011269037,17952.98168429377,418.41157160339964,7717.238631688233
2021-06-23,17536.357247086176,17950.88110236783,414.5238552816551,7716.3356790604785
2021-06-24,17549.574333817513,17953.893759596504,404.31942577898974,7717.630694849944
2021-06-25,17515.834358070322,17941.60921379707,425.7748557267468,7712.350080571868
2021-06-28,17516.44747247114,17940.873510899266,424.42603842812485,7712.033832556679
2021-06-29,17519.036490348226,17941.020671871996,421.98418152377224,7712.09709092589
2021-06-30,17505.842451909597,17934.592213577183,428.7497616675867,7709.333764612338
2021-07-01,17497.79015977132,17930.173614128442,432.3834543571208,7707.43439285541
2021-07-02,17499.857520251197,17928.3816686693,428.5241484181028,7706.664110182239
2021-07-05,17481.603290802937,17927.090184321733,445.4868935187948,7706.108954884109
2021-07-06,17439.969822532286,17902.767849878364,462.7980273460788,7695.653796945447
2021-07-07,17439.911844266888,17883.70076485632,443.7889205894327,7687.457651719357
2021-07-08,17440.04771932492,17880.9716128742,440.9238935492797,7686.284503020242
2021-07-09,17468.672938336942,17884.022293513957,415.3493551770143,7687.5958634895
2021-07-12,17457.345936564627,17901.897272400904,444.5513358362773,7695.279571969391
2021-07-13,17446.94061729084,17900.49680092074,453.55618362990083,7694.677567645021
2021-07-14,17459.889701686272,17898.557553249073,438.6678515628014,7693.843965889536
2021-07-15,17375.493421310133,17846.09502811546,470.60160680532505,7671.292512721662
2021-07-16,17389.320482056137,17848.4971349942,459.17665293806334,7672.325078360509
2021-07-19,17419.924578074515,17857.437570462815,437.5129923883002,7676.168198973888
2021-07-20,17450.743671826767,17873.589401811667,422.84572998489904,7683.1111981397
2021-07-21,17445.227077556483,17878.120224724134,432.893147167652,7685.058810086745
2021-07-22,17445.293297655302,17877.2376538046,431.94435614929904,7684.679429629772
2021-07-23,17437.65003885672,17876.08235366198,438.43231480525935,7684.182814245843
2021-07-26,17419.196010574964,17871.69591782118,452.4999072462155,7682.297268283544
2021-07-27,17422.983120554294,17861.064832939664,438.0817123853701,7677.727407945738
2021-07-28,17426.157634158535,17861.42254326662,435.2649091080868,7677.881172707642
2021-07-29,17422.73745434706,17862.506776004917,439.7693216578549,7678.347239176202
2021-07-30,17422.788735459948,17863.60159257047,440.81285711052334,7678.817855191017
2021-08-02,17437.9740400463,17870.159185743192,432.18514569689177,7681.636691206858
2021-08-03,17432.19546196854,17870.007904469698,437.812442501158,7681.571661692063
2021-08-04,17429.60244620469,17872.03330785332,442.430861648626,7682.442298197557
2021-08-05,17437.310245772773,17862.012966789218,424.7027210164464,7678.134971173979
2021-08-06,17435.487639712093,17862.14161552404,426.6539758119477,7678.190271903615
2021-08-09,17461.902180514753,17875.791520818155,413.889340303402,7684.057797326804
2021-08-10,17482.75962645443,17885.411394282015,402.65176782758425,7688.192980018613
2021-08-11,17479.486511419407,17884.77693255617,405.2904211367656,7687.920251364001
2021-08-12,17480.366035367202,17888.502319292664,408.136283925462,7689.521639865722
2021-08-13,17481.787525722528,17887.722418656904,405.9348929343745,7689.186393084937
2021-08-16,17478.812798620715,17894.92513058612,416.1123319654077,7692.282538768733
2021-08-17,17476.087912047045,17894.520458162748,418.43254611570376,7692.108586958735
2021-08-18,17495.082382467077,17901.775757499032,406.6933750319553,7695.227337777236
2021-08-19,17505.55381438541,17906.106201193423,400.55238680801267,7697.088815049278
2021-08-20,17519.108897462876,17909.888945087023,390.7800476241475,7698.714859002468
2021-08-23,17518.529385417063,17910.10336000177,391.57397458470496,7698.80702703853
2021-08-24,17517.053655922788,17924.08235545717,407.0286995343822,7704.816014607151
2021-08-25,17511.18712995372,17924.84189305359,413.65476309987196,7705.142508165959
2021-08-26,17506.184243213003,17922.418838707632,416.2345954946278,7704.100938083944
2021-08-27,17513.038284579223,17924.792884183644,411.75459960442186,7705.121441295224
2021-08-30,17498.803039984792,17932.404125380985,433.6010853961928,7708.39319668584
2021-08-31,17496.521959193724,17932.45585870519,435.93389951146634,7708.4154346859195
2021-09-01,17484.717664502357,17927.552845575694,442.8351810733379,7706.30783367568
2021-09-02,17457.13741323411,17918.502008949345,461.3645957152324,7702.417256205583
2021-09-03,17457.369390195785,17912.922604743555,455.55321454777095,7700.018902860389
2021-09-06,17457.150406854962,17912.411543843333,455.26113698836974,7699.799219077958
2021-09-07,17443.600292435407,17906.8243897924,463.2240973569923,7697.397534397313
2021-09-08,17440.195836262686,17904.976760302314,464.7809240396277,7696.603315479884
2021-09-09,17456.723809503008,17905.22822306588,448.5044135628715,7696.711408842175
2021-09-10,17454.005674791628,17905.298449181893,451.29277439026646,7696.741596122762
2021-09-13,17465.536816002063,17897.76486796196,432.22805195989594,7693.503223519936
2021-09-14,17463.08745376071,17902.638563130924,439.55110937021453,7695.598221960776
2021-09-15,17468.14495088485,17898.570277297495,430.42532641264603,7693.849435427675
2021-09-16,17468.41067684195,17898.422554797828,430.0118779558752,7693.785935681435
2021-09-17,17491.47714894734,17907.472745498286,415.9955965509476,7697.6762354949105
2021-09-20,17521.448563920905,17923.310977642104,401.8624137211975,7704.484431431792
2021-09-21,17563.26606776669,17943.320853142497,380.0547853758086,7713.085842993526
2021-09-22,17558.570739509803,17947.799164572956,389.2284250631545,7715.010882442884
2021-09-23,17559.710977299303,17946.855049564198,387.1440722648946,7714.605046746817
2021-09-24,17560.52002372755,17946.392527069034,385.872503341483,7714.40622760187
2021-09-27,17565.898886439165,17948.006830102673,382.1079436635072,7715.100149199605
2021-09-28,17567.895275559837,17948.348112502706,380.45283694286906,7715.246852280361
2021-09-29,17649.912702642847,18003.7702854786,353.85758283575524,7739.070534711667
2021-09-30,17657.477453515647,18001.523710937086,344.04625742143827,7738.104825942751
2021-10-01,17670.40399052869,18003.490266142173,333.0862756134829,7738.950166068803
2021-10-04,17671.08663151294,17999.339935590448,328.25330407750863,7737.16611193054
2021-10-05,17705.42411471935,18014.880790828538,309.4566761091866,7743.846477928895
2021-10-06,17684.740779155334,18007.616799022435,322.8760198671016,7740.72399057988
2021-10-07,17692.38880434007,18009.970330430322,317.58152609025325,7741.7356756481995
2021-10-08,17684.911123032474,18009.56031671237,324.6491936798953,7741.559427838263
2021-10-11,17681.359627662907,18008.217867937095,326.85824027418994,7740.982365056614
2021-10-12,17684.18329541503,18009.33808416957,325.15478875453715,7741.463899329702
2021-10-13,17686.91328745943,18008.97047185559,322.05718439616123,7741.305878116245
2021-10-14,17683.882975856042,18017.484371945786,333.6013960897421,7744.965648946394
2021-10-15,17687.469185321523,18036.03353300244,348.56434768091464,7752.939160244357
2021-10-18,17690.00380638913,18033.949836463144,343.9460300740155,7752.043465940616
2021-10-19,17697.405350760786,18034.98614687672,337.5807961159334,7752.4889325989525
2021-10-20,17693.982385024912,18037.349471873036,343.367086848125,7753.504827522789
2021-10-21,17686.726583299307,18037.65711925027,350.930535950964,7753.637072308991
2021-10-22,17693.536968878972,18040.634516185113,347.0975473061403,7754.91693116762
2021-10-25,17689.235888966108,18043.366931461645,354.1310424955375,7756.091482621004
2021-10-26,17688.473972943375,18044.360159297215,355.88618635384205,7756.518429874532
2021-10-27,17691.916335504437,18044.172163681684,352.2558281772476,7756.437618394171
2021-10-28,17695.97322634997,18045.190776441254,349.2175500912835,7756.875477568605
2021-10-29,17691.287369004796,18048.339042650136,357.05167364534094,7758.228786007128
2021-11-01,17689.87453962924,18047.78353037703,357.9089907477905,7757.989994432014
2021-11-02,17672.575800108414,18045.920884338262,373.34508422984624,7757.189320526123
2021-11-03,17673.46391297451,18042.384988780825,368.9210758063153,7755.669386385193
2021-11-04,17674.937543658412,18040.00911641536,365.07157275694715,7754.648097870274
2021-11-05,17667.37235184027,18044.220116986366,376.84776514609797,7756.45823152139
2021-11-08,17666.619064473773,18045.574230294857,378.9551658210841,7757.040308399745
2021-11-09,17657.910737514645,18042.054905210996,384.1441676963497,7755.527497214827
2021-11-10,17658.197902169202,18042.050695124697,383.85279295549515,7755.5256874741835
2021-11-11,17685.036441646822,18048.277311576072,363.2408699292502,7758.202250391045
2021-11-12,17687.693722138756,18047.467149344106,359.7734272053502,7757.853995411208
2021-11-15,17687.699273759856,18048.441455294826,360.7421815349687,7758.272808935011
2021-11-16,17695.926602109692,18049.27873846348,353.35213635378733,7758.632722075259
2021-11-17,17696.655472079685,18049.550306261506,352.89483418182084,7758.749457753984
2021-11-18,17689.495230932494,18047.90483256216,358.40960162966286,7758.042137186106
2021-11-19,17688.57436638049,18048.07364043696,359.4992740564698,7758.114700656378
2021-11-22,17697.351632482518,18050.0308967931,352.67926431058544,7758.956043594802
2021-11-23,17744.379676017143,18078.382847654226,334.0031716370814,7771.143365696324
2021-11-24,17756.081845691755,18081.47685423617,325.39500854441604,7772.4733501825085
2021-11-25,17765.11741199481,18084.684091333547,319.5666793387403,7773.852007748372
2021-11-26,17770.588198410933,18081.8587025484,311.2705041374668,7772.637490858326
2021-11-29,17834.458440572995,18121.707791237273,287.24935066428026,7789.766953366294
2021-11-30,17821.546518298866,18121.56473962777,300.01822132890356,7789.705461441075
2021-12-01,17852.081258895872,18134.849061844623,282.76780294875107,7795.415837935101
2021-12-02,17856.376723599948,18135.727589694336,279.3508660943883,7795.793480444856
2021-12-03,17851.257702546383,18124.622429966566,273.36472742018236,7791.019835087818
2021-12-06,17837.83161780063,18119.781782030135,281.95016422950306,7788.939042274994
2021-12-07,17838.063597866287,18119.202478518844,281.1388806525592,7788.6900238380895
2021-12-08,17851.681282577185,18154.036375849202,302.35509327201663,7803.6636645902145
2021-12-09,17852.68335352517,18154.13726358399,301.4539100588201,7803.707032022881
2021-12-10,17871.102585789577,18159.19621497543,288.0936291858534,7805.881664393169
2021-12-13,17865.575301051864,18160.550662253692,294.97536120182957,7806.463884831212
2021-12-14,17873.77430505272,18162.085517406314,288.3112123535938,7807.123655095904
2021-12-15,17892.848600407557,18170.679323682547,277.8307232749909,7810.817774265323
2021-12-16,17894.36888275947,18185.932931249994,291.5640484905234,7817.374664461179
2021-12-17,17894.66932342708,18185.762176446668,291.0928530195895,7817.301264087471
2021-12-20,17918.373743599008,18196.335935860294,277.9621922612876,7821.846482595683
2021-12-21,17941.77114005502,18208.63676641561,266.86562636058954,7827.134097011642
2021-12-22,17937.802977827556,18216.89330205367,279.0903242261142,7830.683237589538
2021-12-23,17935.9802225385,18225.109520723854,289.12929818535486,7834.215047583163
2021-12-24,17932.921894802068,18228.137824744223,295.215929942153,7835.516789276295
2021-12-27,17929.9707488355,18227.514059972622,297.54331113712044,7835.248658796515
2021-12-28,17891.393530231893,18212.511415557245,321.1178853253524,7828.799647200791
2021-12-29,17896.226502780635,18211.45565207512,315.22914929448467,7828.345818478997
2021-12-30,17903.10441880729,18212.844999798926,309.74058099163796,7828.943041164094
2021-12-31,17900.42095925351,18212.85960132806,312.4386420745456,7828.9493177529475
2022-01-03,17872.353727427075,18198.374381359758,326.02065393268396,7822.7227253632445
2022-01-04,17876.856550641056,18197.061344798785,320.20479415772775,7822.158305666765
2022-01-05,17876.971346000217,18193.766171739877,316.7948257396598,7820.74184809579
2022-01-06,17904.723516600785,18200.409717302682,295.6862007018988,7823.597631462044
2022-01-07,17921.952340012802,18204.279168083925,282.3268280711253,7825.260947092704
2022-01-10,17915.660587364946,18201.567815481372,285.9072281164264,7824.09544960507
2022-01-11,17919.94127930257,18201.635541604242,281.6942623016728,7824.124562242792
2022-01-12,17921.430613358316,18215.44224364556,294.0116302872445,7830.059488053065
2022-01-13,17919.960253091594,18222.05405245579,302.0937993641951,7832.901629112022
2022-01-14,17924.868723925516,18224.547964192505,299.6792402669899,7833.973657833325
2022-01-17,17928.41720704873,18225.468758120445,297.05155107171555,7834.36946876866
2022-01-18,17929.882865020707,18225.711528268657,295.8286632479487,7834.473825537879
2022-01-19,17978.29589992701,18257.632958241098,279.33705831409117,7848.195517950542
2022-01-20,17985.44056110534,18257.139344269228,271.69878316388855,7847.983333875504
2022-01-21,17992.84876753197,18260.36335005395,267.5145825219806,7849.369199601219
2022-01-24,18016.809161484627,18273.84813596045,257.03897447582034,7855.165747081056
2022-01-25,17920.174779060526,18204.96263248605,284.78785342552516,7825.554739955651
2022-01-26,17868.15046977986,18168.209675280017,300.0592055001577,7809.756175340206
2022-01-27,17892.191319747468,18179.108300715703,286.91698096823626,7814.4410402124395
2022-01-28,17798.51315714291,18105.766617306843,307.25346016393325,7782.914507045469
2022-01-31,17774.823998157925,18099.549357151576,324.7253589936507,7780.241966010379
2022-02-01,17759.846988421967,18078.469378851973,318.62239043000653,7771.180561852028
2022-02-02,17754.24446132412,18081.473551561838,327.2290902377175,7772.471930500453
2022-02-03,17709.55287012961,18016.893854358892,307.34098422928207,7744.7118100457365
2022-02-04,17709.36524957101,18016.75348782489,307.3882382538824,7744.651472322576
2022-02-07,17696.312858489666,18014.92915629495,318.6162978052837,7743.867268227265
2022-02-08,17285.86650750142,17673.1185506387,387.2520431372782,7596.937133886467
2022-02-09,17263.42957706434,17631.705147708704,368.27557064436496,7579.1352378793745
2022-02-10,16976.545306506858,17414.73632346021,438.1910169533519,7485.869382557564
2022-02-11,15552.260475481304,16099.109561408406,546.8490859271028,6920.336266580986
2022-02-14,15480.396714801724,15981.112971208882,500.716256407159,6869.614449987595
2022-02-15,14519.923802746747,15112.917137367216,592.9933346204685,6496.413243267974
2022-02-16,14413.544177342017,14977.892159730936,564.3479823889191,6438.3716325772475
2022-02-17,13944.676065771282,14580.401117720567,635.7250519492853,6267.506799142026
2022-02-18,13972.430564441305,14595.864433534278,623.4338690929724,6274.153834173314
2022-02-21,13968.274483844118,14593.317981730297,625.0434978861791,6273.059220666712
2022-02-22,13969.889099810833,14579.967686329777,610.0785865189446,6267.320485050473
2022-02-23,13148.22817347754,13642.977797189566,494.74962371202446,5864.547580965122
2022-02-24,13176.456234487905,13640.947929589145,464.4916951012409,5863.675025478871
2022-02-25,12990.217733188798,13397.318444762586,407.10071157378786,5758.948863263339
2022-02-28,12947.228219780047,13391.935977106106,444.70775732605983,5756.635164733321
2022-03-01,12926.65817011533,13337.04626354896,410.38809343363044,5733.040364415773
2022-03-02,12838.870017799696,13265.959982532451,427.0899647327552,5702.483334742892
2022-03-03,12581.300523201331,13051.813325189265,470.5128019879337,5610.430611359258
2022-03-04,12587.088789269497,13025.754905937392,438.66611666789476,5599.229182913129
2022-03-07,12585.1924450117,13024.23596726092,439.0435222492189,5598.576254478211
2022-03-08,12361.912319381729,12694.25812407401,332.3458046922813,5456.732531590051
2022-03-09,12363.677086081507,12702.899266226394,339.2221801448866,5460.446998479895
2022-03-10,12430.719407990151,12788.09311987454,357.3737118843886,5497.06828569098
2022-03-11,12390.38329911631,12709.426934141024,319.04363502471256,5463.252970874424
2022-03-14,12433.938109694505,12735.849479822391,301.9113701278856,5474.610922097545
2022-03-15,12434.122544905853,12735.94672111506,301.8241762092074,5474.652722076712
2022-03-16,12385.76038763386,12670.459560773688,284.6991731398279,5446.502521037509
2022-03-17,12370.743818486817,12709.837539681874,339.09372119505764,5463.429473084361
2022-03-18,12362.390539567563,12715.833022920346,353.4424833527825,5466.006681465521
2022-03-21,12346.4089451448,12689.979368394628,343.57042324982774,5454.893272841552
2022-03-22,12333.695575979242,12680.896971525926,347.2013955466853,5450.989128938549
2022-03-23,12250.854293069477,12625.220625978674,374.36633290919843,5427.0561883115115
2022-03-24,12237.793342728262,12582.404295177541,344.6109524492788,5408.651232079939
2022-03-25,12236.669875722895,12592.247145658528,355.57726993563307,5412.882263298796
2022-03-28,12242.975745069227,12586.42267354467,343.4469284754425,5410.378565473182
2022-03-29,12247.213469849505,12571.873235613779,324.65976576427465,5404.12436845766
2022-03-30,12282.325587713483,12626.571951506903,344.2463637934191,5427.637066839314
2022-03-31,12222.744093237174,12533.812062386825,311.067969149651,5387.763456295009
2022-04-01,12176.52864760058,12496.12685273219,319.5982051316102,5371.564155203733
2022-04-04,12125.34773302846,12460.749391808124,335.40165877966234,5356.356859115803
2022-04-05,12120.78551905266,12463.478814041135,342.69329498847424,5357.530123984513
2022-04-06,12237.430580394093,12546.679515999342,309.2489356052491,5393.294638349121
2022-04-07,12238.843729756341,12547.791714634459,308.94798487811784,5393.772726191239
2022-04-08,12211.623328907664,12499.703289377234,288.0799604695695,5373.101516268668
2022-04-11,12205.057033448966,12475.667463427773,270.61042997880696,5362.769516391233
2022-04-12,12241.771910584272,12499.77716059523,258.005250010957,5373.133270426685
2022-04-13,12210.152498656866,12477.80267485267,267.6501761958042,5363.687354797399
2022-04-14,12207.097925304603,12491.331620379728,284.2336950751243,5369.502884657754
2022-04-15,12224.233219119655,12500.845410243452,276.61219112379786,5373.592466430921
2022-04-18,12230.25470486066,12498.789704125273,268.5349992646128,5372.7088040427125
2022-04-19,12153.865005930786,12384.338631442764,230.4736255119785,5323.511057669679
2022-04-20,12147.768188571208,12382.44386231316,234.67567374195153,5322.696575385774
2022-04-21,12123.753045078593,12348.65615953848,224.90311445988684,5308.172650072751
2022-04-22,12111.027022511273,12339.401170201894,228.37414769062246,5304.194315860633
2022-04-25,12206.312196401646,12406.306704265928,199.99450786428108,5332.954216652176
2022-04-26,12208.690208129461,12407.155242753499,198.46503462403854,5333.318967984958
2022-04-27,12316.496800180345,12462.531009413091,146.03420923274626,5357.12270227488
2022-04-28,12301.086891156094,12422.453185995706,121.36629483961258,5339.894916239694
2022-04-29,12323.693142376991,12458.49844887752,134.8053065005292,5355.38927255847
2022-05-02,12413.44574669728,12519.639914415817,106.19416771853692,5381.6714405096
2022-05-03,12408.369047977638,12490.084223694008,81.71517571636976,5368.966680808089
2022-05-04,12408.520772473288,12490.754023072059,82.23325059877057,5369.25459964668
2022-05-05,12467.066423384913,12565.315604345089,98.24918096017544,5401.30551606595
2022-05-06,12630.545548522727,12695.345202112278,64.79965358955039,5457.19982113449
2022-05-09,12643.6338386294,12684.83787489227,41.20403626287067,5452.68315905774
2022-05-10,12754.973146462651,12749.568757853249,-5.404388609402231,5480.508267969136
2022-05-11,12740.09344716185,12747.076952154046,6.983504992196359,5479.437144545589
2022-05-12,12751.214443728726,12748.240977848905,-2.9734658798198024,5479.9375106807865
2022-05-13,12375.373610176603,12424.110517289619,48.736907113016265,5340.607333893307
2022-05-16,12380.53114748816,12431.929412462468,51.39826497430759,5343.968351073971
2022-05-17,12379.952596967816,12432.195140798762,52.24254383094578,5344.082576611457
2022-05-18,12371.465791005872,12420.358224393647,48.89243338777409,5338.994379554946
2022-05-19,12448.628148081929,12475.575822570621,26.94767448869203,5362.730123805896
2022-05-20,12444.553977820333,12484.175893911699,39.62191609136637,5366.426936065594
2022-05-23,12441.91418117264,12496.394158338724,54.47997716608347,5371.679058743964
2022-05-24,12452.151983221675,12512.020027411305,59.86804418963055,5378.395968646797
2022-05-25,12446.952866218671,12497.706234839488,50.75336862081747,5372.24306575057
2022-05-26,12353.054117126629,12432.207919323217,79.15380219658772,5344.088069566573
2022-05-27,12357.263435687,12439.321387060083,82.05795137308355,5347.145852891347
2022-05-30,12324.461967792748,12439.905784570337,115.4438167775889,5347.397061026113
2022-05-31,12322.985945506103,12427.488106182645,104.50216067654246,5342.059218596673
2022-06-01,12353.575188034829,12442.348183664442,88.77299562961359,5348.446946609159
2022-06-02,12366.272554885547,12448.536633793618,82.26407890806969,5351.107103414695
2022-06-03,12386.790727709282,12477.644337469985,90.85360976070382,5363.6192921553275
2022-06-06,12437.345212323411,12511.17598299776,73.8307706743486,5378.033149129147
2022-06-07,12419.050869954362,12474.329511813206,55.27864185884476,5362.194386751554
2022-06-08,12399.686595405752,12470.380122800405,70.69352739465366,5360.49670900659
2022-06-09,12435.906022743318,12485.451114712256,49.545091968936525,5366.975100342652
2022-06-10,12499.953534530947,12532.21453923482,32.26100470387197,5387.0767476690835
2022-06-13,12614.658155592928,12610.635176490954,-4.0229791019740135,5420.786511428499
2022-06-14,12956.757520989704,12905.620520962286,-51.13700002741893,5547.588417438775
2022-06-15,12979.619800849203,12898.648728834187,-80.97107201501642,5544.591534553848
2022-06-16,13019.364634369249,12951.223621511632,-68.14101285761755,5567.191289845872
2022-06-17,13072.562845587892,12991.295700294326,-81.26714529356607,5584.416606502014
2022-06-20,13075.02753041274,12987.065857352654,-87.96167306008677,5582.598373301007
2022-06-21,13076.050694657943,12976.199578597952,-99.85111605998969,5577.927412918875
2022-06-22,13082.310095685316,12987.529332031167,-94.78076365414942,5582.797601749892
2022-06-23,13078.314534234309,12973.58146724833,-104.73306698597916,5576.801995960029
2022-06-24,13071.592851134425,12971.827086330088,-99.76576480433738,5576.04786071748
2022-06-27,13097.642540966186,13022.278092888884,-75.3644480773025,5597.7346458805105
2022-06-28,13077.612585890462,12975.092530820839,-102.52005506962266,5577.451539215949
2022-06-29,13098.309687471025,12986.177873341103,-112.1318141299222,5582.2166659813665
2022-06-30,13108.327687404279,12978.934338117491,-129.39334928678687,5579.102972064631
2022-07-01,13085.605715512862,12962.821915148075,-122.78380036478633,5572.176912918787
2022-07-04,13073.819960257446,12967.624289748159,-106.19567050928623,5574.241253619364
2022-07-05,13065.568232289092,12942.744036609569,-122.8241956795219,5563.546269685008
2022-07-06,13127.38729303662,12970.520753751587,-156.86653928503267,5575.486322783675
2022-07-07,13162.334160471242,12984.854566796443,-177.47959367479905,5581.647831646904
2022-07-08,13164.12439899606,12987.957170309293,-176.16722868676771,5582.981511595406
2022-07-11,13151.879671059427,12984.550680920958,-167.32899013846873,5581.517203773542
2022-07-12,13197.1706389047,13014.153263336408,-183.01737556829218,5594.242120259927
2022-07-13,13155.486945878263,12983.24178320037,-172.2451626778935,5580.954563192056
2022-07-14,13142.848670705393,12952.290002338526,-190.5586683668661,5567.649682521704
2022-07-15,13191.200451786313,12978.004247613082,-213.19620417323222,5578.703164918508
2022-07-18,13207.70932592591,13015.87158994433,-191.83773598158123,5594.980757257041
2022-07-19,13198.296599708374,12994.393955415859,-203.9026442925142,5585.748417258309
2022-07-20,13263.806537954735,13082.76868208943,-181.03785586530427,5623.737029219454
2022-07-21,13234.030315839273,13064.927141937671,-169.10317390160162,5616.067694658253
2022-07-22,13244.674575709629,13092.547709945524,-152.12686576410456,5627.94062575169
2022-07-25,13236.392577041828,13091.185719854016,-145.20685718781203,5627.355162972583
2022-07-26,13237.258503688154,13081.535136322613,-155.72336736554135,5623.206779302585
2022-07-27,13279.493689399998,13106.312262093641,-173.18142730635654,5633.857433079482
2022-07-28,13315.84788605874,13155.032247129097,-160.8156389296441,5654.800124230324
2022-07-29,13306.62037144178,13175.58903017015,-131.03134127163133,5663.636628551299
2022-08-01,13313.706930469203,13186.54913979648,-127.1577906727242,5668.347922914722
2022-08-02,13312.689974909623,13192.622790344212,-120.06718456541022,5670.958732164494
2022-08-03,13365.745534081942,13221.152722896544,-144.59281118539693,5683.222561177639
2022-08-04,13364.06846332969,13217.793000175674,-146.27546315401645,5681.778356397108
2022-08-05,13238.26515759242,13133.529312515513,-104.73584507690582,5645.556908779389
2022-08-08,13261.976937704061,13147.738549870428,-114.23838783363298,5651.664867745231
2022-08-09,13260.177737857559,13148.403040281737,-111.774697575821,5651.950504480272
2022-08-10,13231.493598430767,13128.533298363112,-102.96030006765506,5643.409330505241
2022-08-11,13250.731013751387,13153.274391288987,-97.45662246240039,5654.044495263683
2022-08-12,13235.291671030163,13145.795380565925,-89.49629046423789,5650.829580243226
2022-08-15,13251.933452593072,13172.497124290478,-79.43632830259408,5662.307547069474
2022-08-16,13263.22917133411,13166.695978651578,-96.53319268253169,5659.813876323308
2022-08-17,13268.74992007356,13165.913260754036,-102.83665931952444,5659.477418519093
2022-08-18,13301.818881312287,13186.126687707243,-115.69219360504451,5668.1663283673415
2022-08-19,13300.169339527552,13185.538304735128,-114.6310347924245,5667.913407048617
2022-08-22,13374.89713814931,13241.892045243423,-133.0050929058876,5692.137531538824
2022-08-23,13369.607702641772,13237.376904821773,-132.2307978199986,5690.196660841009
2022-08-24,13371.850954337611,13237.621494669087,-134.22945966852387,5690.301799823035
2022-08-25,13310.633357489189,13199.336581427217,-111.29677606197251,5673.844711152384
2022-08-26,13322.281080671035,13224.913043517685,-97.36803715335076,5684.838966300494
2022-08-29,13501.286193694112,13363.055345142395,-138.23084855171757,5744.220584658697
2022-08-30,13486.649987892466,13322.151299484158,-164.49868840830877,5726.637640115159
2022-08-31,13491.505892181083,13321.240298337485,-170.26559384359857,5726.246038688374
2022-09-01,13502.941102356323,13327.580342072153,-175.3607602841701,5728.971359267216
2022-09-02,13532.582297377685,13337.459783696237,-195.1225136814474,5733.218119493546
2022-09-05,13536.584834726102,13339.817477808332,-196.7673569177699,5734.231593934924
2022-09-06,13530.472557098625,13317.988275937723,-212.48428116090219,5724.848129787452
2022-09-07,13525.818005658855,13314.978033170099,-210.83997248875764,5723.554151874168
2022-09-08,13542.0149889652,13340.869725201053,-201.14526376414713,5734.683911236418
2022-09-09,13540.352565666559,13332.302243655984,-208.0503220105749,5731.001107971836
2022-09-12,13572.668891918469,13377.458508124897,-195.21038379357284,5750.411904169946
2022-09-13,13583.11936344588,13394.355288058368,-188.76407538751124,5757.675125686392
2022-09-14,13792.149311970546,13572.442308022639,-219.70700394790754,5834.227313754007
2022-09-15,13789.414078893724,13571.948276367759,-217.4658025259653,5834.0149501344495
2022-09-16,13816.26950901501,13591.15354231962,-225.11596669538963,5842.270493583548
2022-09-19,13822.66566465753,13592.589958051733,-230.07570660579736,5842.887948843847
2022-09-20,13809.324695287487,13593.355319178492,-215.96937610899556,5843.216945695651
2022-09-21,13863.785411480158,13624.187830434674,-239.59758104548308,5856.470557333117
2022-09-22,13898.374124422411,13642.79112802964,-255.58299639277163,5864.467339672747
2022-09-23,13916.211749467471,13652.72728011123,-263.48446935624054,5868.7384773613385
2022-09-26,14041.639657123967,13743.635115067147,-298.0045420568198,5907.815967005228
2022-09-27,14072.446938273873,13769.258877268425,-303.1880610054479,5918.830554499733
2022-09-28,14090.412488589975,13779.850007697269,-310.5624808927053,5923.383240083444
2022-09-29,14010.79133935072,13775.208777313059,-235.58256203766186,5921.3881685655515
2022-09-30,14047.258432201043,13793.626044209033,-253.63238799201005,5929.304984060555
2022-10-03,14036.785549883907,13787.647356263036,-249.13819362087105,5926.734995275682
2022-10-04,14108.065974962952,13877.790856300513,-230.27511866243862,5965.483929191958
2022-10-05,14223.047992112355,14012.581363880492,-210.4666282318626,6023.424750977072
2022-10-06,14228.431040492289,13990.796583899795,-237.634456592494,6014.0603819487815
2022-10-07,14218.870191554985,13932.801660979054,-286.06853057593037,5989.130781536095
2022-10-10,14334.275416424216,14015.904272708469,-318.371143715748,6024.853130999276
2022-10-11,14360.216492016425,14022.129596464189,-338.0868955522372,6027.529138240147
2022-10-12,14380.649723695074,14031.958814174448,-348.69090952062726,6031.754309299017
2022-10-13,14383.997353156039,14028.111388891337,-355.88596426470156,6030.100461512087
2022-10-14,14380.333673110517,14053.700222144464,-326.6334509660536,6041.1000345074535
2022-10-17,14429.415569733917,14064.745845014968,-364.66972471894957,6045.848087450764
2022-10-18,14463.905907548846,14112.53821604338,-351.3676915054654,6066.392035998492
2022-10-19,14465.843109912474,14130.87430920734,-334.9688007051335,6074.273958289035
2022-10-20,14493.902454328265,14150.725204408376,-343.17724991988916,6082.807030845615
2022-10-21,14516.561446121212,14157.869968979741,-358.6914771414711,6085.8782673752385
2022-10-24,14569.699875290667,14236.190103177918,-333.50977211274864,6119.544829058525
2022-10-25,14562.050769712418,14240.075261052738,-321.9755086596803,6121.214896514116
2022-10-26,14602.863026388844,14298.290422832497,-304.57260355634793,6146.239168433792
2022-10-27,14603.03220081288,14309.327289767569,-293.7049110453117,6150.983457565366
2022-10-28,14607.309089911727,14309.852669820719,-297.456420091008,6151.209296554888
2022-10-31,14607.32628327969,14310.188219168196,-297.13806411149443,6151.3535352352765
2022-11-01,14609.253446578168,14311.568008704984,-297.6854378731837,6151.946649254115
2022-11-02,14583.238175305512,14268.847339212516,-314.39083609299604,6133.582813832432
2022-11-03,14647.250188001894,14306.598370086193,-340.65181791570154,6149.810408722659
2022-11-04,14681.999231758353,14321.970919754556,-360.0283120037961,6156.418427170761
2022-11-07,14775.612750093867,14447.568694730633,-328.04405536323424,6210.407676318574
2022-11-08,14777.194977610498,14461.976812585426,-315.21816502507136,6216.601125722926
2022-11-09,14812.85542203398,14517.278436974411,-295.5769850595678,6240.372989340609
2022-11-10,14835.666273642893,14532.553905596666,-303.1123680462287,6246.939276692861
2022-11-11,15264.5985154695,15034.4078190341,-230.19069643540084,6462.665359209368
2022-11-14,15303.74205895459,15100.319689537248,-203.42236941734262,6490.99812544723
2022-11-15,15310.978462695963,15102.639020463872,-208.33944223208985,6491.995109153969
2022-11-16,15299.647602199564,15083.758344408352,-215.88925779121251,6483.879093373954
2022-11-17,15302.279719776981,15078.577644115874,-223.7020756611076,6481.652126225022
2022-11-18,15304.71605188422,15064.601502772732,-240.1145491114878,6475.644365520314
2022-11-21,15304.661294645026,15064.589058714677,-240.0722359303482,6475.639016338365
2022-11-22,15294.557210029187,15057.74753727796,-236.8096727512264,6472.698131394604
2022-11-23,15295.331972111591,15075.819917349769,-219.51205476182207,6480.466694417131
2022-11-24,15302.620102511579,15090.656659557673,-211.9634429539048,6486.844391567874
2022-11-25,15302.38171171194,15091.056306616849,-211.32540509509175,6487.016183183236
2022-11-28,15299.85219472771,15093.345707325507,-206.50648740220302,6488.000301136618
2022-11-29,15344.634365653605,15111.180017033817,-233.45434861978782,6495.666527631512
2022-11-30,15349.01462252933,15108.61956494745,-240.395057581879,6494.565895986976
2022-12-01,15391.359450918662,15173.8832380865,-217.47621283216105,6522.6200291917785
2022-12-02,15403.408176025878,15202.078752368692,-201.32942365718515,6534.740105727545
2022-12-05,15397.445456125717,15202.382535160174,-195.06292096554304,6534.870689289389
2022-12-06,15485.885773286333,15259.62500812571,-226.26076516062298,6559.476842824847
2022-12-07,15502.112439934665,15260.08037345319,-242.03206648147525,6559.672585401682
2022-12-08,15501.817452347817,15263.596187639083,-238.22126470873516,6561.183887397882
2022-12-09,15501.827567102304,15264.117386069094,-237.71018103320938,6561.4079288818875
2022-12-12,15496.28769211515,15262.369415275965,-233.9182768391847,6560.656549084982
2022-12-13,15463.194124006652,15244.59569981535,-218.59842419130095,6553.016369531894
2022-12-14,15488.13762654084,15287.518304635776,-200.61932190506406,6571.467008535367
2022-12-15,15489.921848205837,15286.68925078808,-203.23259741775593,6571.110632837242
2022-12-16,15601.915447532825,15366.791843881081,-235.12360365174428,6605.543399315053
2022-12-19,15561.29603595554,15339.010532119464,-222.285503836075,6593.601371180902
2022-12-20,15577.808706581642,15347.42775015932,-230.38095642232085,6597.2195824268565
2022-12-21,15576.012877905701,15343.797847760814,-232.21503014488752,6595.659238662705
2022-12-22,15566.63042042409,15326.798029651385,-239.83239077270534,6588.351725328554
2022-12-23,15596.582617592303,15342.770964089668,-253.81165350263433,6595.217824168079
2022-12-26,15591.30854501868,15342.925815582097,-248.38272943658401,6595.284388371204
2022-12-27,15589.825906158367,15343.463216273418,-246.36268988494814,6595.515394532113
2022-12-28,15594.297091529945,15343.325594506518,-250.97149702342702,6595.456236669939
2022-12-29,15539.738053570552,15301.153097076924,-238.5849564936291,6577.328037572896
2022-12-30,15563.278675655316,15340.823251493335,-222.45542416198052,6594.380583694257
2023-01-02,15525.028886866829,15314.65624609656,-210.37264077026956,6583.132478589786
2023-01-03,15516.157998853669,15291.442114092704,-224.71588476096363,6573.153690695294
2023-01-04,15518.343556197386,15298.230892255458,-220.11266394192648,6576.071903503666
2023-01-05,15519.888326066817,15307.558210543159,-212.33011552365787,6580.081328917544
2023-01-06,15544.050096150593,15321.435840392982,-222.6142557576122,6586.046743636762
2023-01-09,15606.76090807229,15409.94264291363,-196.81826515866098,6624.0921295002745
2023-01-10,15601.613975503085,15400.862296807642,-200.75167869544396,6620.188867134696
2023-01-11,15601.43079647633,15403.63554757238,-197.79524890395012,6621.380972062632
2023-01-12,15605.232951032587,15419.132073935036,-186.100877097551,6628.042282924855
2023-01-13,15629.918824321423,15463.656088405522,-166.2627359159013,6647.181301197796
2023-01-16,15629.80340293371,15469.111928422875,-160.69147451083575,6649.526539447945
2023-01-17,15630.69173779787,15469.163921689844,-161.52781610802523,6649.548889186584
2023-01-18,15623.118614067478,15466.810323265763,-156.30829080171435,6648.537175310795
2023-01-19,15611.401581008264,15460.349615949477,-151.05196505878698,6645.759986486896
2023-01-20,15603.105578786017,15457.699388149213,-145.4061906368038,6644.6207640043785
2023-01-23,15605.436592393897,15467.125817978658,-138.31077441523772,6648.672793339558
2023-01-24,15604.10579111363,15469.080261549807,-135.0255295638242,6649.5129271789365
2023-01-25,15598.591552129501,15470.893108586413,-127.69844354308684,6650.292194569181
2023-01-26,15599.067134264918,15476.599943053585,-122.4671912113339,6652.74532487306
2023-01-27,15497.513096981074,15403.812649811158,-93.70044716991737,6621.457100934309
2023-01-30,15465.335731363863,15385.752760391206,-79.58297097265638,6613.693907122464
2023-01-31,15479.28104713788,15373.90739780757,-105.37364933030976,6608.602079405803
2023-02-01,15474.564803314988,15383.132201603703,-91.43260171128495,6612.56743811207
2023-02-02,15458.552730028063,15396.621035259242,-61.93169476881949,6618.36572555053
2023-02-03,15415.412988673763,15375.630973193885,-39.782015479876705,6609.342972634004
2023-02-06,15514.106234081746,15440.701762443174,-73.40447163857324,6637.314193093075
2023-02-07,15534.26245668991,15454.095107144087,-80.16734954582374,6643.071433809464
2023-02-08,15519.392758154903,15427.937867359311,-91.45489079559228,6631.827526534607
2023-02-09,15528.130831244558,15421.268377591276,-106.8624536532826,6628.960590835755
2023-02-10,15541.686727379141,15423.610728270569,-118.0759991085717,6629.967469774813
2023-02-13,15545.79158957801,15422.825265528227,-122.96632404978382,6629.62983207621
2023-02-14,15545.525464970628,15423.344322423516,-122.18114254711107,6629.852953003687
2023-02-15,15546.368413223287,15423.272241217823,-123.09617200546391,6629.821968297359
2023-02-16,15556.35373153649,15418.006163059226,-138.34756847726416,6627.5583007619225
2023-02-17,15562.900558401283,15421.88924814386,-141.0113102574227,6629.227477211397
2023-02-20,15561.152589110707,15422.113576966723,-139.0390121439834,6629.323906823394
2023-02-21,15562.371723924523,15421.575318997015,-140.79640492750912,6629.092532154234
2023-02-22,15602.692991320122,15451.22113583568,-151.47185548444298,6641.836033317355
2023-02-23,15595.041626538972,15446.740229120905,-148.3013974180669,6639.909878263429
2023-02-24,15595.384633236652,15450.37813329648,-145.00649994017107,6641.473661658067
2023-02-27,15658.961428053624,15479.519208696604,-179.44221935702146,6654.000195511967
2023-02-28,15648.018747240209,15486.18912178588,-161.82962545432906,6656.867313178978
2023-03-01,15634.542368896451,15480.286243107943,-154.25612578850817,6654.329911639077
2023-03-02,15636.411087027835,15479.66783070376,-156.74325632407385,6654.064081918989
2023-03-03,15624.151018404213,15453.004502016975,-171.1465163872373,6642.602628116523
2023-03-06,15651.74279893508,15502.715401478958,-149.02739745612297,6663.9712720827565
2023-03-07,15646.444680224671,15483.418817403812,-163.02586282085926,6655.676474778161
2023-03-08,15689.441410476486,15511.181570003813,-178.25984047267292,6667.61052510219
2023-03-09,15689.65976907223,15510.975327594466,-178.68444147776452,6667.5218700856085
2023-03-10,15696.87695110936,15506.493059884091,-190.3838912252684,6665.595129996394
2023-03-13,15697.14031774742,15506.125186529585,-191.01513121783512,6665.436996572493
2023-03-14,15687.968007071906,15508.657660807095,-179.31034626481005,6666.525601722982
2023-03-15,15687.113490552574,15505.749661512456,-181.36382904011774,6665.275574017715
2023-03-16,15711.236388954743,15520.040237590572,-191.196151364171,6671.4184971108525
2023-03-17,15702.958806592915,15505.595600652081,-197.36320594083315,6665.209349674359
2023-03-20,15702.806389608797,15502.150473673484,-200.65591593531255,6663.7284331626715
2023-03-21,15695.620950862343,15516.688656236034,-178.93229462631004,6669.977791964413
2023-03-22,15673.825685359905,15511.06659740052,-162.75908795938386,6667.5611031715425
2023-03-23,15671.51842559312,15502.559931855158,-168.95849373796216,6663.904442170715
2023-03-24,15665.384158373516,15512.716154465157,-152.66800390835843,6668.270179007983
2023-03-27,15675.497583770464,15510.183708231396,-165.31387553906907,6667.181585912333
2023-03-28,15680.272957684982,15509.835392804076,-170.43756488090568,6667.031859626249
2023-03-29,15667.077469801801,15507.318625621603,-159.75884418019882,6665.950006301319
2023-03-30,15667.929871999371,15514.713130266884,-153.2167417324866,6669.128595680747
2023-03-31,15669.96235944771,15530.283970168748,-139.67838927896204,6675.8218508364425
2023-04-03,15650.627103265253,15533.187431499362,-117.43967176589165,6677.069927860095
2023-04-04,15648.516909291828,15525.033725167663,-123.48318412416442,6673.5649893155705
2023-04-05,15608.855170776837,15513.108366107028,-95.74680466980803,6668.438774447318
2023-04-06,15620.445936085283,15508.460710316986,-111.98522576829713,6666.440940915238
2023-04-07,15619.481725508895,15492.409863601291,-127.07186190760315,6659.541350834665
2023-04-10,15613.759597897926,15472.29106190318,-141.4685359947449,6650.893116440054
2023-04-11,15617.283143713123,15473.933997074668,-143.349146638454,6651.599345800598
2023-04-12,15584.501174048433,15457.774905206885,-126.72626884154843,6644.653225640282
2023-04-13,15494.653694904557,15400.209140329196,-94.44455457536031,6619.9081023850495
2023-04-14,15507.9589154411,15421.574046206337,-86.3848692347639,6629.0919850345645
2023-04-17,15508.195394356679,15391.725443029592,-116.46995132708614,6616.261314475867
2023-04-18,15517.337829189582,15393.619765423431,-123.71806376615154,6617.075604726683
2023-04-19,15516.478998204217,15395.231042774572,-121.24795542964468,6617.768225709608
2023-04-20,15512.298403121014,15393.372268571764,-118.92613454925063,6616.969216144636
2023-04-21,15509.127074796572,15375.846817638247,-133.280257158325,6609.435755165271
2023-04-24,15509.950388568055,15375.084350351737,-134.86603821631863,6609.108002254789
2023-04-25,15509.383869651612,15371.056492662894,-138.3273769887191,6607.376594096195
2023-04-26,15518.25581701277,15371.850776864403,-146.4050401483673,6607.718023772458
2023-04-27,15529.057873655589,15375.988305339102,-153.06956831648705,6609.496574831338
2023-04-28,15531.03923757737,15394.376216730205,-136.66302084716548,6617.400771618194
2023-05-01,15531.25845780694,15393.598067189603,-137.66039061733764,6617.0662775602395
2023-05-02,15541.270573459147,15397.1023159728,-144.16825748634872,6618.5726080718105
2023-05-03,15543.6894545614,15397.148027516268,-146.5414270451307,6618.5922575593095
2023-05-04,15544.192099237596,15400.059581611598,-144.13251762599808,6619.843813325246
2023-05-05,15524.334541378492,15391.380832441955,-132.95370893653674,6616.113180745962
2023-05-08,15520.045425995884,15381.453775223505,-138.59165077237887,6611.845952560005
2023-05-09,15526.53825855379,15379.537917428557,-147.00034112523247,6611.0224051377445
2023-05-10,15522.596029610439,15379.308479604992,-143.28755000544703,6610.9237793792645
2023-05-11,15515.185756215285,15377.44847328798,-137.7372829273064,6610.124240179745
2023-05-12,15522.196077796458,15374.947364647156,-147.2487131493014,6609.049117809299
2023-05-15,15526.027475113564,15376.373059709389,-149.65441540417487,6609.661964700403
2023-05-16,15519.667919232075,15376.302519711022,-143.3653995210526,6609.6316424948745
2023-05-17,15538.092399089433,15384.228812324123,-153.8635867653095,6613.03882535929
2023-05-18,15503.403783702419,15369.869665459393,-133.53411824302597,6606.86642654269
2023-05-19,15467.131110932763,15347.363049029636,-119.76806190312637,6597.191770107639
2023-05-22,15405.829173608938,15309.956951832066,-95.87222177687138,6581.112447829584
2023-05-23,15399.422248100365,15288.662207865964,-110.76004023440163,6571.958724861611
2023-05-24,15426.647986906877,15301.055528569257,-125.59245833761973,6577.28609693764
2023-05-25,15456.280042417495,15320.637173883444,-135.64286853405054,6585.703430188911
2023-05-26,15460.264894135857,15315.0968944248,-145.16799971105613,6583.3218949419825
2023-05-29,15461.726198889904,15322.498680179639,-139.22751871026628,6586.503614166967
2023-05-30,15460.97896340164,15322.481829688517,-138.49713371312268,6586.496370843082
2023-05-31,15458.295723795347,15322.241189807597,-136.0545339877496,6586.392929786994
2023-06-01,15462.799024636137,15324.591024938969,-138.2079996971687,6587.403025980084
2023-06-02,15478.383557909947,15357.280101761637,-121.10345614831054,6601.454697781811
2023-06-05,15477.788777404883,15355.498425251053,-122.29035215383088,6600.688829301665
2023-06-06,15483.417946329331,15356.768487876197,-126.64945845313318,6601.23477629408
2023-06-07,15480.04221898076,15364.861768848517,-115.18045013224223,6604.713740494847
2023-06-08,15529.146242152427,15390.045608607477,-139.10063354494955,6615.539223665262
2023-06-09,15509.875181244513,15399.429725253438,-110.44545599107627,6619.573064326272
2023-06-12,15493.494111946628,15365.523787701733,-127.97032424489475,6604.998314810066
2023-06-13,15494.467556955082,15371.02197465332,-123.44558230176187,6607.361756242424
2023-06-14,15483.55099346253,15371.224498017427,-112.32649544510214,6607.448812596449
2023-06-15,15483.519585301716,15370.500534837985,-113.01905046372964,6607.137610996929
2023-06-16,15478.778742078559,15386.423362284942,-92.35537979361597,6613.982170929103
2023-06-19,15456.69205700281,15373.607305656946,-83.0847513458646,6608.473082296655
2023-06-20,15426.816449998007,15357.344274522438,-69.47217547556785,6601.482282977266
2023-06-21,15461.92911014284,15368.881294479004,-93.04781566383706,6606.441567048795
2023-06-22,15463.422597477478,15365.08139213641,-98.34120534106802,6604.808147393464
2023-06-23,15472.606033903265,15366.277520000918,-106.32851390234667,6605.3223129135295
2023-06-26,15507.846369033734,15381.09019933122,-126.75616970251468,6611.689666436016
2023-06-27,15508.41432896331,15381.204713880712,-127.20961508259762,6611.738891468423
2023-06-28,15504.35920593005,15384.392659042867,-119.96654688718317,6613.109256235331
2023-06-29,15504.337942211683,15385.623989005475,-118.71395320620896,6613.638553670314
2023-06-30,15517.37647766864,15383.266141346647,-134.1103363219935,6612.625013225594
2023-07-03,15505.975141264586,15393.692896395612,-112.28224486897373,6617.107040683875
2023-07-04,15508.353910185744,15392.465991436602,-115.88791874914125,6616.579645373526
2023-07-05,15510.761960922318,15388.964974609135,-121.79698631318335,6615.07470414503
2023-07-06,15530.599560953908,15400.631187864266,-129.9683730896416,6620.089523031454
2023-07-07,15579.978347291506,15429.250396017593,-150.72795127391396,6632.391727904887
2023-07-10,15553.796384106989,15426.17623306008,-127.62015104690963,6631.070273365857
2023-07-11,15531.870313815543,15421.968082704443,-109.90223111110086,6629.261364903545
2023-07-12,15531.675182690527,15431.41933803032,-100.25584466020759,6633.324065685032
2023-07-13,15549.931524252255,15459.697745132738,-90.23377911951668,6645.479774389637
2023-07-14,15567.736788156793,15495.67833480705,-72.05845334974428,6660.946330391776
2023-07-17,15578.084327462822,15489.017524089508,-89.06680337331457,6658.083125455031
2023-07-18,15576.756908536732,15489.76425213912,-86.99265639761185,6658.404112723507
2023-07-19,15561.847619910794,15496.270189304028,-65.57743060676444,6661.200743974364
2023-07-20,15550.54992703344,15492.249630919112,-58.30029611432833,6659.472473482328
2023-07-21,15570.648490482767,15505.106495164431,-65.54199531833628,6664.999103608796
2023-07-24,15575.550554458147,15504.694982309746,-70.85557214840124,6664.822211382453
2023-07-25,15574.156259405656,15486.347211511582,-87.80904789407421,6656.935269363634
2023-07-26,15575.710900368082,15484.27994510126,-91.43095526682269,6656.046637687611
2023-07-27,15567.993467465169,15484.069253969703,-83.92421349546572,6655.956070350753
2023-07-28,15571.525898314789,15485.823544871122,-85.70235344366688,6656.710166898821
2023-07-31,15567.04219409088,15477.45933710802,-89.58285698286149,6653.114742561628
2023-08-01,15568.082806345448,15477.041918007955,-91.04088833749314,6652.935311486542
2023-08-02,15605.433354849143,15498.797332040574,-106.6360228085685,6662.287057317586
2023-08-03,15660.714093565724,15527.42625438174,-133.28783918398318,6674.593437915531
2023-08-04,15678.816787476495,15532.179778769112,-146.6370087073823,6676.636779945506
2023-08-07,15675.029704943714,15523.539866897645,-151.48983804606902,6672.922841902156
2023-08-08,15673.458274463026,15530.08321740063,-143.37505706239676,6675.735555587843
2023-08-09,15680.76551200143,15534.209664291979,-146.55584770945117,6677.509343135868
2023-08-10,15679.407507009148,15533.476514379841,-145.9309926293061,6677.194192542822
2023-08-11,15680.122389703787,15533.038416734746,-147.08397296904204,6677.005872623009
2023-08-14,15678.751281841849,15532.373540165403,-146.37774167644628,6676.720069894724
2023-08-15,15684.9857724067,15525.95419491509,-159.0315774916103,6673.9606608992135
2023-08-16,15714.121873096505,15541.9598590089,-172.16201408760367,6680.840828853635
2023-08-17,15738.01287673629,15551.49370872362,-186.51916801266995,6684.939033520745
2023-08-18,15732.053856481998,15547.872044550995,-184.1818119310027,6683.382231026571
2023-08-21,15701.89003171438,15532.686428570301,-169.2036031440782,6676.854567580297
2023-08-22,15661.60753433732,15511.722912102128,-149.88462223519159,6667.843225509707
2023-08-23,15662.06184536483,15505.094972002276,-156.9668733625533,6664.9941502816155
2023-08-24,15669.104274490972,15524.196330787116,-144.90794370385538,6673.205028369965
2023-08-25,15705.630870582389,15542.940389432611,-162.69048114977727,6681.26231801897
2023-08-28,15698.239999186322,15543.181076219384,-155.0589229669384,6681.36577923793
2023-08-29,15696.604367163034,15553.740292829774,-142.86407433326002,6685.904746401104
2023-08-30,15624.352543227025,15527.052931211458,-97.29961201556813,6674.432961842949
2023-08-31,15619.353280923362,15527.055737268516,-92.29754365484656,6674.434168049936
2023-09-01,15608.024199158852,15525.387350212923,-82.63684894592875,6673.716997985127
2023-09-04,15618.520213016267,15526.407837213374,-92.11237580289371,6674.155662817605
2023-09-05,15589.3809438029,15509.415879954024,-79.96506384887658,6666.8515285353
2023-09-06,15608.50233205237,15515.438177834862,-93.0641542175091,6669.440263413707
2023-09-07,15611.772882307416,15517.055467488068,-94.71741481934741,6670.135468834725
2023-09-08,15615.588995132039,15515.77560569141,-99.81338944062948,6669.585309586858
2023-09-11,15616.958635053688,15516.19817231905,-100.76046273463986,6669.766953369524
2023-09-12,15610.37996325574,15524.902585424656,-85.47737783108396,6673.508617805329
2023-09-13,15617.207391545007,15526.892874368776,-90.31451717623246,6674.364160076684
2023-09-14,15618.786224343885,15515.486522416639,-103.29970192724647,6669.461044734642
2023-09-15,15609.727735695287,15499.425453816895,-110.30228187839207,6662.557060692116
2023-09-18,15621.419479931441,15502.952119777628,-118.46736015381182,6664.073027414069
2023-09-19,15615.41887608581,15502.327314394954,-113.0915616908565,6663.804449618956
2023-09-20,15618.833195973135,15498.634141212571,-120.19905476056401,6662.21690838164
2023-09-21,15634.733348263979,15501.749081990607,-132.98426627337128,6663.555891606288
2023-09-22,15683.81739168719,15536.170803938598,-147.64658774859163,6678.352355339031
2023-09-25,15684.096966885423,15532.82224848196,-151.2747184034625,6676.912950899995
2023-09-26,15697.569286989961,15533.930544871919,-163.63874211804168,6677.389361329547
2023-09-27,15753.375350508135,15569.848825662055,-183.52652484608006,6692.829133339116
2023-09-28,15758.857063170792,15572.18126425515,-186.67579891564142,6693.831751485405
2023-09-29,15758.967602886716,15568.121170414139,-190.84643247257802,6692.086486348442
2023-10-02,15764.014453282796,15570.263967548266,-193.75048573453097,6693.0075855348705
2023-10-03,15799.78331798922,15583.31740574541,-216.4659122438098,6698.618714610966
2023-10-04,15855.247859263058,15614.92507052245,-240.3227887406076,6712.205532442358
2023-10-05,15855.149007905966,15615.080891427659,-240.06811647830742,6712.272513355638
2023-10-06,15854.462543856585,15613.11637224536,-241.34617161122458,6711.428048430929
2023-10-09,15856.934778089986,15620.181139729211,-236.75363836077466,6714.464897546525
2023-10-10,15856.902497495084,15633.037311962466,-223.86518553261922,6719.9912302058465
2023-10-11,15857.32567293641,15643.184754936126,-214.14091800028342,6724.3531930433455
2023-10-12,15832.717558904544,15637.135811140188,-195.58174776435652,6721.753004196511
2023-10-13,15849.29314898451,15643.888776051805,-205.40437293270654,6724.655822380743
2023-10-16,15852.301892830788,15637.926805550549,-214.37508728024017,6722.0930197286625
2023-10-17,15845.353260027437,15638.536394811481,-206.8168652159567,6722.355056747173
2023-10-18,15842.359972940782,15637.781535749866,-204.57843719091622,6722.030574295499
2023-10-19,15866.44193733712,15648.616218624222,-217.8257187128977,6726.687952925436
2023-10-20,15873.481112897158,15649.179411196956,-224.30170170020162,6726.930045941282
2023-10-23,15875.155777021364,15649.924257667926,-225.23151935343856,6727.250224397514
2023-10-24,15826.948094790325,15620.83174553395,-206.1163492563758,6714.744565867845
2023-10-25,15816.646718319947,15625.310248309728,-191.33647001021876,6716.669687568582
2023-10-26,15834.971448535463,15636.52933961204,-198.44210892342446,6721.492307361392
2023-10-27,15853.116484566328,15645.376275163884,-207.74020940244293,6725.29523625718
2023-10-30,15785.784753780712,15605.408749086664,-180.37600469404796,6708.1148624518655
2023-10-31,15786.083672215782,15606.592905397527,-179.49076681825494,6708.623881899935
2023-11-01,15756.072508694648,15596.084293442407,-159.98821525223988,6704.106667569103
2023-11-02,15755.28950387833,15611.37475144916,-143.9147524291697,6710.6793982330655
2023-11-03,15778.062510625477,15646.481800279946,-131.58071034553197,6725.770455431577
2023-11-06,15786.903784731188,15670.812014185187,-116.0917705460008,6736.22900042252
2023-11-07,15797.841097395469,15671.096394012242,-126.74470338322666,6736.35124345858
2023-11-08,15779.023424653957,15627.787540888774,-151.235883765182,6717.73457240661
2023-11-09,15786.326467547795,15630.151314207,-156.17515334079573,6718.750660045352
2023-11-10,15774.795228285791,15624.615213296218,-150.18001498957406,6716.370920982008
2023-11-13,15774.811312526239,15624.304137524066,-150.50717500217334,6716.23720247171
2023-11-14,15767.17547381586,15623.734747424498,-143.4407263913609,6715.992445397361
2023-11-15,15811.280669151538,15711.043472270925,-100.23719688061276,6753.522827598873
2023-11-16,15804.910758846234,15691.789389971575,-113.12136887465935,6745.2463000364205
2023-11-17,15804.985903566754,15697.596869188941,-107.38903437781279,6747.742693324016
2023-11-20,15781.758966546317,15695.825131077478,-85.93383546883803,6746.9810969474665
2023-11-21,15753.544618064987,15685.172187309992,-68.37243075499454,6742.401840385557
2023-11-22,15752.688049782302,15674.174470331052,-78.51357945124936,6737.674380188541
2023-11-23,15751.493321172573,15663.483105354531,-88.01021581804116,6733.0786079500795
2023-11-24,15754.905572307713,15659.087116129487,-95.81845617822542,6731.188955386034
2023-11-27,15752.256363078792,15661.004477586055,-91.25188549273604,6732.013149169759
2023-11-28,15751.953874524206,15656.439574790911,-95.51429973329573,6730.050887701437
2023-11-29,15748.57475510144,15662.170609111285,-86.40414599015438,6732.514420513672
2023-11-30,15740.944189511554,15664.890468535752,-76.05372097580238,6733.683574729522
2023-12-01,15746.955335428598,15665.430581189916,-81.52475423868276,6733.915746650236
2023-12-04,15752.428134432399,15685.863348548106,-66.56478588429339,6742.698941797528
2023-12-05,15791.970520907164,15709.461974916414,-82.50854599074883,6752.843007795413
2023-12-06,15795.966377755902,15706.855310201337,-89.11106755456454,6751.722511267716
2023-12-07,15769.148281014766,15696.276075069421,-72.87220594534413,6747.1749389764145
2023-12-08,15752.931362114568,15693.90867585004,-59.02268626452783,6746.157292713876
2023-12-11,15756.878182546305,15695.47205924178,-61.40612330452519,6746.8293260796445
2023-12-12,15755.895136210034,15695.313586260672,-60.58154994936113,6746.7612051494625
2023-12-13,15750.4696008708,15677.909757560841,-72.55984330995877,6739.280024499725
2023-12-14,15789.481205666863,15734.176123261328,-55.30508240553509,6763.46659020142
2023-12-15,15774.781809481794,15734.991228413779,-39.79058106801471,6763.816969936775
2023-12-18,15782.112062687926,15738.37061329247,-43.74144939545409,6765.26962665953
2023-12-19,15782.07103975679,15738.363350754713,-43.70768900207632,6765.266504797216
2023-12-20,15723.883809872315,15711.508855557908,-12.37495431440769,6753.722876478998
2023-12-21,15737.09848660663,15718.251277456995,-18.847209149635624,6756.621162661526
2023-12-22,15729.035577031698,15730.670131469737,1.6345544380383998,6761.95951044318
2023-12-25,15697.382451193862,15716.900332397003,19.517881203140945,6756.040447681163
2023-12-26,15694.04443395973,15716.462491273809,22.41805731407883,6755.852238029425
2023-12-27,15677.671969293418,15713.773143097562,36.10117380414286,6754.696199327623
2023-12-28,15652.362871190988,15709.133804714864,56.770933523875414,6752.70194110233
2023-12-29,15624.838299047173,15693.60481991043,68.76652086325639,6746.0266777087
2024-01-01,15631.116384038447,15690.213798746277,59.09741470783131,6744.56901903177
2024-01-02,15615.653638278975,15653.74290560175,38.08926732277453,6728.891702001288
2024-01-03,15641.183886521887,15660.59652652284,19.41264000095391,6731.837788009132
2024-01-04,15672.489441324416,15665.280863119675,-7.208578204741457,6733.851389091372
2024-01-05,15625.124688147911,15634.307982543689,9.183294395777027,6720.537438533243
2024-01-08,15626.105936494167,15632.489542245636,6.383605751468273,6719.755766833003
2024-01-09,15628.63395538802,15645.017134628239,16.383179240217594,6725.140856708165
2024-01-10,15638.942370221836,15644.730745995006,5.7883757731712695,6725.017750170046
2024-01-11,15630.649403350402,15628.261936141354,-2.387467209047769,6717.93849515517
2024-01-12,15575.115813911578,15597.528005614304,22.412191702726076,6704.727259264784
2024-01-15,15561.551079403638,15598.94862587922,37.397546475582324,6705.337924712016
2024-01-16,15552.031196048498,15595.052620439168,43.021424390669615,6703.663194340205
2024-01-17,15588.583795645283,15602.695693244688,14.111897599405587,6706.948632812589
2024-01-18,15625.793173634871,15618.421959568683,-7.371214066187825,6713.708699309727
2024-01-19,15601.877793074327,15617.227772439748,15.349979365420127,6713.195368031005
2024-01-22,15589.116644146288,15618.597462541875,29.480818395585896,6713.784140723778
2024-01-23,15584.566022788682,15620.624646849561,36.05862406087834,6714.655542774309
2024-01-24,15555.780145064917,15603.40036934879,47.6202242838728,6707.251543702213
2024-01-25,15523.216916788795,15586.883994983737,63.66707819494113,6700.151842686146
2024-01-26,15510.03901250203,15583.83398977056,73.7949772685296,6698.840772554627
2024-01-29,15503.785281796429,15554.533432535241,50.74815073881336,6686.245684106216
2024-01-30,15488.89166553586,15559.667192301762,70.77552676590057,6688.452473479296
2024-01-31,15466.441127400534,15547.621313751757,81.18018635122323,6683.274452305239
2024-02-01,15472.738819277252,15549.98686083668,77.24804155942694,6684.291302412362
2024-02-02,15458.400144832875,15563.803263015134,105.40311818226003,6690.230397907334
2024-02-05,15421.832233185629,15538.522757767447,116.69052458181739,6679.36336227187
2024-02-06,15283.65646908168,15425.58820447528,141.93173539360012,6630.817504383471
2024-02-07,15282.23894348278,15419.835857811055,137.5969143282742,6628.34481028281
2024-02-08,15223.508001283444,15332.826693452698,109.3186921692538,6590.943196650872
2024-02-09,15208.339061626964,15325.659082052518,117.32002042555321,6587.862139221687
2024-02-12,15170.797552568,15304.690144834669,133.89259226667016,6578.848466996722
2024-02-13,15161.921496877689,15302.931737639556,141.01024076186644,6578.0926010255425
2024-02-14,15224.337764700736,15334.445996031627,110.10823133088982,6591.639267344768
2024-02-15,15167.496869729575,15253.8131684629,86.3162987333251,6556.978575163479
2024-02-16,15170.631179619093,15260.097813607445,89.46663398835109,6559.680082197175
2024-02-19,15173.510197146583,15254.62959963311,81.11940248652714,6557.329524898607
2024-02-20,15156.172761763257,15246.830217047573,90.65745528431522,6553.976895366038
2024-02-21,15156.920363906449,15245.552490412405,88.63212650595551,6553.427653935113
2024-02-22,15143.135331354337,15240.429996812434,97.29466545809797,6551.225707417513
2024-02-23,15154.698116575431,15259.738519789262,105.04040321383118,6559.525636758385
2024-02-26,15147.6789001384,15260.406921209324,112.72802107092342,6559.812954673096
2024-02-27,15142.01370924183,15258.181272042428,116.16756280059782,6558.856240850658
2024-02-28,15114.736035659285,15211.429752178703,96.6937165194178,6538.759710840931
2024-02-29,15113.233370495527,15210.948183897273,97.71481340174691,6538.552704706207
2024-03-01,15072.86678848481,15193.287550681202,120.4207621963932,6530.961134497322
2024-03-04,15079.02594221664,15218.33219812057,139.30625590393007,6541.726784690414
2024-03-05,15079.808727020185,15215.990093994153,136.18136697396815,6540.720011734163
2024-03-06,14981.504653775051,15146.923404462268,165.41875068721612,6511.031120273611
2024-03-07,14939.525664578357,15133.921424981221,194.39576040286437,6505.442111155012
2024-03-08,14940.01543785838,15145.267756380406,205.2523185220262,6510.3194261627095
2024-03-11,14938.569693829619,15144.930967336655,206.36127350703734,6510.174654588557
2024-03-12,14917.145331612586,15130.507457600876,213.36212598828982,6503.974588856029
2024-03-13,14906.291455536437,15128.954515422116,222.66305988567964,6503.307043732581
2024-03-14,14908.244404860945,15116.238524806195,207.99411994525008,6497.840969308452
2024-03-15,14905.529243487303,15114.569293504039,209.04005001673545,6497.1234363372305
2024-03-18,14907.34604843932,15115.245793548873,207.89974510955363,6497.41423551322
2024-03-19,14897.056431127228,15114.985649459966,217.92921833273792,6497.30241041096
2024-03-20,14894.602192692744,15116.315382479705,221.7131897869604,6497.874007219234
2024-03-21,14897.91317958454,15122.383192967238,224.47001338269675,6500.482306070512
2024-03-22,14875.694360578958,15113.351073573638,237.65671299467965,6496.59977435873
2024-03-25,14801.195963087803,15059.133303676112,257.9373405883088,6473.293814617055
2024-03-26,14804.403965430956,15060.537003821913,256.133038390957,6473.897206810229
2024-03-27,14682.283916724671,14973.965146316783,291.6812295921123,6436.683573169635
2024-03-28,14673.815673393634,14980.883596183003,307.06792278936877,6439.65752643923
2024-03-29,14660.633193020749,14949.256797607528,288.62360458677944,6426.062483785296
2024-04-01,14582.864936147664,14894.813004282194,311.94806813453033,6402.659365991582
2024-04-02,14580.751727790563,14893.657393810883,312.9056660203212,6402.1626172102815
2024-04-03,14592.794468119457,14893.922925133704,301.1284570142478,6402.276758059887
2024-04-04,14543.308842229926,14824.834630563537,281.52578833361076,6372.578579493772
2024-04-05,14412.415041890099,14719.456585723192,307.04154383309356,6327.280949669688
2024-04-08,14390.02722454587,14714.288726933268,324.26150238739945,6325.059502547531
2024-04-09,14271.13814153704,14630.585719428116,359.44757789107695,6289.079067961985
2024-04-10,14271.721966387839,14629.378358284019,357.6563918961797,6288.560073723174
2024-04-11,14324.869925911948,14667.5176097001,342.6476837881534,6304.9545484454065
2024-04-12,14316.885562163903,14669.174845343661,352.28928317975743,6305.66692498292
2024-04-15,14368.607187148842,14686.831130455545,318.22394330670267,6313.256626123022
2024-04-16,14376.12967743825,14688.52602953781,312.3963520995594,6313.985192603203
2024-04-17,14392.458010479691,14680.412274423226,287.9542639435354,6310.49742742194
2024-04-18,14327.537709082,14633.575994392551,306.03828531055103,6290.3644625488405
2024-04-19,14331.487264585783,14626.57381754782,295.086552962037,6287.354518540523
2024-04-22,14339.123608441867,14618.334100496126,279.210492054259,6283.812607571987
2024-04-23,14330.358784239736,14596.057340534337,265.69855629460153,6274.236756853198
2024-04-24,14331.101649815451,14604.144481146079,273.04283133062773,6277.713081568854
2024-04-25,14334.259924508679,14603.26917523545,269.0092507267713,6277.336824036437
2024-04-26,14345.248967546859,14594.406845552474,249.1578780056159,6273.52727784523
2024-04-29,14337.091764676949,14581.100089799824,244.00832512287457,6267.807258109086
2024-04-30,14334.046402644832,14582.47024566965,248.42384302481793,6268.396231015983
2024-05-01,14372.875501448092,14612.01559113992,239.14008969182765,6281.096543724997
2024-05-02,14359.450707439904,14606.185676351184,246.73496891128062,6278.590506320278
2024-05-03,14349.459173234987,14591.678414324973,242.21924108998678,6272.3544389684885
2024-05-06,14302.928613388487,14575.032437473154,272.10382408466705,6265.199027244572
2024-05-07,14304.948922072273,14590.529245313348,285.5803232410749,6271.860459102258
2024-05-08,14308.62438179171,14587.165542100956,278.54116030924774,6270.414543274308
2024-05-09,14285.688122247893,14572.053129883203,286.3650076353096,6263.918347074939
2024-05-10,14223.234114414408,14544.322920098708,321.08880568430027,6251.998285551068
2024-05-13,14115.309581388492,14467.097967054618,351.7883856661265,6218.802496604013
2024-05-14,13796.743871691964,14196.404338298182,399.6604666062168,6102.442586817071
2024-05-15,13760.507134858379,14184.688059157357,424.18092429897865,6097.4062466928945
2024-05-16,13739.484062585956,14156.955909980847,417.4718473948905,6085.48535150522
2024-05-17,13685.789621690528,14116.86679494931,431.0771732587822,6068.252711675691
2024-05-20,13681.766188465417,14120.514077134017,438.7478886686004,6069.820526285624
2024-05-21,13676.542379288925,14120.459935717623,443.9175564286986,6069.7972531470705
2024-05-22,13677.562676495254,14106.83363301215,429.27095651689586,6063.9398734930965
2024-05-23,13715.50345223492,14128.90634537518,413.4028931402603,6073.4280126529075
2024-05-24,13752.283071569136,14150.79674053406,398.5136689649247,6082.837781244763
2024-05-27,13729.307586231816,14115.69365955729,386.38607332547326,6067.748429661332
2024-05-28,13719.11700743987,14112.004243368328,392.8872359284586,6066.162503398914
2024-05-29,13693.291314888213,14100.486278568833,407.19496368062084,6061.211410345282
2024-05-30,13739.149267377083,14133.854201128588,394.70493375150505,6075.554889638341
2024-05-31,13720.294895250554,14125.467278311164,405.17238306061,6071.94970104595
2024-06-03,13721.541957507818,14128.261100513955,406.71914300613827,6073.150648777786
2024-06-04,13717.37892552219,14134.965833844119,417.58690832192923,6076.032734215213
2024-06-05,13650.846453754328,14088.583701226089,437.7372474717617,6056.0949883881185
2024-06-06,13613.91706522278,14076.0660286827,462.1489634599196,6050.714162638423
2024-06-07,13612.226232267225,14065.257739617793,453.0315073505686,6046.068129607201
2024-06-10,13686.376136211364,14115.230089162776,428.8539529514122,6067.549160068127
2024-06-11,13636.408531562438,14083.678409497841,447.2698779354032,6053.986407903237
2024-06-12,13624.780596003297,14076.928108463011,452.14751245971485,6051.084734808617
2024-06-13,13623.571900326899,14089.93394895207,466.36204862517053,6056.675403613652
2024-06-14,13601.878213343349,14073.724564390443,471.8463510470947,6049.707664720211
2024-06-17,13595.730235040004,14045.077992035149,449.3477569951441,6037.393697116761
2024-06-18,13599.43927018368,14045.393505196851,445.9542350131704,6037.529323075898
2024-06-19,13545.614094325985,13967.008785766808,421.39469144082335,6003.834998893036
2024-06-20,13543.458256080468,13966.494228221052,423.0359721405838,6003.613812048413
2024-06-21,13534.900732253958,13944.34844186138,409.44770960742215,5994.09426142282
2024-06-24,13562.1950266055,13958.209818407217,396.0147918017168,6000.052689524013
2024-06-25,13557.334384864474,13960.224378830959,402.8899939664839,6000.918665092939
2024-06-26,13510.788335419547,13935.678431468205,424.8900960486576,5990.367385279349
2024-06-27,13493.072507702078,13885.620860463463,392.5483527613857,5968.8497216644955
2024-06-28,13479.200414784815,13861.553902763648,382.35348797883336,5958.504339545006
2024-07-01,13472.10222182109,13840.5051104271,368.4028886060112,5949.456340932491
2024-07-02,13476.13792041737,13836.285548456188,360.14762803881854,5947.642527092353
2024-07-03,13419.477267752505,13803.961926644572,384.48465889206574,5933.747949169459
2024-07-04,13428.438654579166,13820.12900501399,391.69035043482455,5940.697502393989
2024-07-05,13428.154844484496,13810.57319111253,382.4183466280345,5936.58985623836
2024-07-08,13403.345872194666,13812.524952044245,409.17907984957895,5937.428836922846
2024-07-09,13416.990049224003,13817.434001978154,400.4439527541512,5939.539032903717
2024-07-10,13406.67644044362,13812.372001947639,405.69556150401894,5937.363090050543
2024-07-11,13380.789445103366,13776.808759938276,396.0193148349091,5922.075934416511
2024-07-12,13376.536315476023,13780.1623866269,403.62607115087746,5923.517518766834
2024-07-15,13365.048490716126,13761.715539239898,396.6670485237714,5915.587987851512
2024-07-16,13357.413430534634,13757.533358933875,400.11992839924153,5913.79024283122
2024-07-17,13357.773497826154,13775.3887547536,417.6152569274457,5921.4655333666415
2024-07-18,13340.620382154802,13763.142600148256,422.52221799345347,5916.201421862943
2024-07-19,13368.572731967759,13780.61636226582,412.04363029806103,5923.712663974473
2024-07-22,13325.089769688262,13745.604975248732,420.51520556047103,5908.662727802944
2024-07-23,13210.540415152931,13669.514018830627,458.9736036776956,5875.954396745845
2024-07-24,13207.275522369422,13668.753232324845,461.47770995542345,5875.627366332951
2024-07-25,13279.487890853277,13716.67403903375,437.18614818047416,5896.226524027139
2024-07-26,13305.113928481627,13713.651901810887,408.5379733292596,5894.927433183251
2024-07-29,13133.732650857317,13597.070809543238,463.33815868592194,5844.814080159592
2024-07-30,13126.444351896496,13593.486515896235,467.0421639997376,5843.273341696957
2024-07-31,13120.874837323201,13592.487904509797,471.61306718659614,5842.844080279272
2024-08-01,13130.754780629406,13635.383838238124,504.6290576087173,5861.2832544917765
2024-08-02,13217.281093321899,13705.670765081679,488.38967175977984,5891.496675118962
2024-08-05,13263.18710035272,13740.004995916343,476.81789556362395,5906.255530068297
2024-08-06,13339.508563387782,13794.95671514379,455.4481517560063,5929.876984039408
2024-08-07,13328.009245992343,13788.253090337903,460.2438443455589,5926.995375110369
2024-08-08,13316.30783057587,13761.080450223792,444.77261964792126,5915.314989550959
2024-08-09,13346.392198812626,13812.809513605795,466.4173147931692,5937.551158078992
2024-08-12,13317.27125082074,13764.227639890307,446.9563890695663,5916.6678352287845
2024-08-13,13308.130291896105,13747.186966601425,439.05667470531955,5909.342759955634
2024-08-14,13077.965387726994,13582.628137419359,504.6627496923645,5838.605777315016
2024-08-15,13074.899750175198,13582.720523412994,507.820773237796,5838.645490203474
2024-08-16,13031.755427726763,13572.078909725537,540.3234819987729,5834.071103970785
2024-08-19,13025.393849023443,13583.019994542132,557.6261455186878,5838.774220361366
2024-08-20,13030.290692010974,13594.216509680322,563.925817669348,5843.587135602087
2024-08-21,12969.958682097244,13554.430911379115,584.4722292818718,5826.484964965802
2024-08-22,12929.167566557857,13537.889548643283,608.7219820854267,5819.374522490532
2024-08-23,12932.668012704014,13540.391663149843,607.7236504458284,5820.45007724074
2024-08-26,12815.053720412237,13475.155725800336,660.1020053880984,5792.407866495967
2024-08-27,12703.430428408737,13388.65396147076,685.2235330620227,5755.224362990396
2024-08-28,12670.92823019292,13373.500139560263,702.5719093673436,5748.710366489875
2024-08-29,12592.741855391392,13252.55798350198,659.8161281105876,5696.722373890897
2024-08-30,12551.579829486356,13226.346415463226,674.7665859768703,5685.455113163796
2024-09-02,12540.50185903469,13222.207949294836,681.7060902601469,5683.676159029477
2024-09-03,12470.06870990567,13117.369224115582,647.3005142099112,5638.610360251434
2024-09-04,12363.816377319627,12951.379163896303,587.5627865766771,5567.25815103478
2024-09-05,12345.460322990233,12940.160581505213,594.7002585149804,5562.435750001695
2024-09-06,12282.271333984687,12902.361811414341,620.0904774296544,5546.187634011538
2024-09-09,12245.347143127645,12870.694255101533,625.3471119738878,5532.575071304911
2024-09-10,12216.463265854565,12867.459912285676,650.9966464311105,5531.18476212031
2024-09-11,12192.490433768224,12852.833703014676,660.3432692464513,5524.897564305137
2024-09-12,12186.395333763186,12854.530512507294,668.1351787441064,5525.626951991112
2024-09-13,12177.453616692863,12841.497957324222,664.0443406313586,5520.024799652461
2024-09-16,12099.33327142027,12793.271209372298,693.9379379520291,5499.294130568068
2024-09-17,12062.958624575771,12739.18207449713,676.2234499213587,5476.043465661613
2024-09-18,12071.532349709936,12728.876821758544,657.3444720486075,5471.613666982928
2024-09-19,12029.639945223971,12697.938210719783,668.2982654958117,5458.314447470663
2024-09-20,12034.028844317607,12737.353023265921,703.3241789483151,5475.257232763421
2024-09-23,11984.445518931669,12660.661510685442,676.2159917537742,5442.290747640426
2024-09-24,11984.734815263984,12658.233268538568,673.4984532745841,5441.246947539001
2024-09-25,11943.121206869546,12596.366330696303,653.2451238267573,5414.652929278609
2024-09-26,11950.5827642608,12590.222186836507,639.6394225757068,5412.011817891806
2024-09-27,11958.325854193205,12619.604048301204,661.2781941079996,5424.641855640055
2024-09-30,11976.328189443944,12625.471013891123,649.1428244471782,5427.163819640104
2024-10-01,11938.284228119977,12600.385515955617,662.1012878356399,5416.380609521174
2024-10-02,11947.691751550423,12601.780443971847,654.0886924214244,5416.980230941425
2024-10-03,11883.808278544311,12552.81608734913,669.0078088048203,5395.932494629458
2024-10-04,11857.937903592558,12533.970955890563,676.0330522980054,5387.831757990344
2024-10-07,11758.7526633652,12403.636243676297,644.8835803110978,5331.8062969367165
2024-10-08,11800.029338108463,12418.675415930858,618.6460778223959,5338.2710103282
2024-10-09,11763.205805260051,12361.235877427951,598.0300721678991,5313.580146530974
2024-10-10,11719.396975866048,12331.966664842872,612.5696889768234,5300.998531841406
2024-10-11,11204.728706934075,11743.516708350735,538.7880014166609,5048.048419324482
2024-10-14,11153.434522986741,11673.934474037498,520.4999510507572,5018.137916647866
2024-10-15,11140.078286766136,11669.762191584017,529.683904817881,5016.344426301887
2024-10-16,11162.601749889498,11673.311853168098,510.7101032785997,5017.870277883971
2024-10-17,11158.62403462387,11674.050711319842,515.4266766959719,5018.187882211332
2024-10-18,11154.787418278174,11672.209740873583,517.4223225954092,5017.3965257393265
2024-10-21,11149.534175448878,11677.59146428597,528.057288837091,5019.709904349826
2024-10-22,11153.650576879818,11680.626502552746,526.975925672929,5021.014540814838
2024-10-23,11156.72267957712,11664.970377992482,508.247698415361,5014.284625338753
2024-10-24,11208.894345331257,11685.132835408942,476.23849007768496,5022.951625507321
2024-10-25,11210.550101800158,11692.90006555816,482.3499637580019,5026.290434047476
2024-10-28,11214.033560195356,11691.501588106279,477.4680279109241,5025.689286872762
2024-10-29,11153.242410423862,11653.144359399561,499.90194897569864,5009.201112797536
2024-10-30,11147.424680181468,11655.846711268267,508.42203108679917,5010.362741244794
2024-10-31,11100.477414093788,11579.16729591117,478.6898818173814,4977.401456213976
2024-11-01,11129.114907165445,11575.704437740547,446.58953057510274,4975.912917801788
2024-11-04,11132.096256389936,11575.351639831317,443.25538344138033,4975.76126468354
2024-11-05,11017.278245683894,11488.124712413257,470.846466729363,4938.2660437875575
2024-11-06,11005.096650579806,11498.880833546958,493.7841829671531,4942.889651999264
2024-11-07,11039.300872428035,11514.583188890412,475.2823164623774,4949.639440162364
2024-11-08,11050.49162777341,11535.222557732468,484.73092995905716,4958.511444677409
2024-11-11,11062.355954401384,11541.568526881369,479.2125724799848,4961.2393123448865
2024-11-12,11082.799574419194,11552.588561359576,469.78898694038196,4965.97636590475
2024-11-13,11122.606985123715,11550.577141044432,427.9701559207171,4965.111740137646
2024-11-14,11154.97226634917,11570.613958107344,415.64169175817324,4973.724732754313
2024-11-15,11009.570444482635,11454.661091327438,445.09064684480325,4923.8814276864005
2024-11-18,11011.61286993177,11455.970532734224,444.3576628024536,4924.444301975925
2024-11-19,10986.698099570152,11452.080167635751,465.38206806559924,4922.771996151897
2024-11-20,10984.11202996549,11444.84981386023,460.73778389474006,4919.663968390356
2024-11-21,10989.21259657864,11439.435041213552,450.2224446349118,4917.336383291368
2024-11-22,10946.774630914639,11413.576584906828,466.80195399218906,4906.22091058186
2024-11-25,10946.237019347633,11417.594811510166,471.3577921625321,4907.948178738173
2024-11-26,10947.484044788822,11417.466850949972,469.9828061611503,4907.89317382613
2024-11-27,10947.895981681559,11417.65902599368,469.7630443121208,4907.975781868484
2024-11-28,10906.738946383408,11393.35351750807,486.6145711246632,4897.527856707837
2024-11-29,10875.839041000214,11343.208507948342,467.36946694812826,4875.9726069022145
2024-12-02,10888.658249619479,11383.511936195448,494.85368657596973,4893.297371051567
2024-12-03,10887.546240798894,11384.043935854004,496.4976950551091,4893.52605553358
2024-12-04,10884.624864373507,11375.503218119082,490.8783537455755,4889.854756915593
2024-12-05,10882.00107200077,11369.698271693995,487.69719969322426,4887.359452369844
2024-12-06,10844.13847818522,11345.684000426652,501.545522241433,4877.036717951956
2024-12-09,10758.185425732796,11231.654823413339,473.46939768054233,4828.020326944516
2024-12-10,10766.647075607729,11224.320032385398,457.6729567776686,4824.867405960605
2024-12-11,10770.018814458079,11220.875494733289,450.85668027521,4823.386742775813
2024-12-12,10764.792655487603,11212.17524230272,447.3825868151162,4819.646866840811
2024-12-13,10770.394926549086,11181.772240501514,411.37731395242685,4806.57788341814
2024-12-16,10795.063097460177,11188.723684153856,393.66058669367834,4809.566019341366
2024-12-17,10792.90508358074,11188.29639899739,395.39131541665125,4809.382347259802
2024-12-18,10804.650282392086,11194.102411541033,389.45212914894813,4811.878110085488
2024-12-19,10987.868810121796,11346.725299693846,358.8564895720498,4877.484329110551
2024-12-20,10998.926899816879,11351.965833319553,353.03893350267333,4879.7370161158715
2024-12-23,10996.48224410218,11347.436077212666,350.95383311048465,4877.7898627440845
2024-12-24,10996.797388148676,11346.244628481096,349.447240332419,4877.277708588266
2024-12-25,10996.905381778879,11347.378436859435,350.4730550805561,4877.765085558405
2024-12-26,10998.219688934376,11339.997430296437,341.7777413620605,4874.592298442015
2024-12-27,10995.850160612441,11345.264059612728,349.4138990002863,4876.856202897174
2024-12-30,11007.226598889358,11350.812711704466,343.5861128151088,4879.2413371901375
