,VaR_GARCH_EVT,sigma_hat,q_EVT,xi
2007-12-31,26371.402769370052,0.009288979054958523,2.838999056122622,0.07844386107653863
2008-01-02,26594.68754833125,0.009367628175492628,2.838999056122622,0.07844386107653863
2008-01-03,25978.386465709806,0.009150544241881477,2.838999056122622,0.07844386107653863
2008-01-04,25303.981328836755,0.008912993920961636,2.838999056122622,0.07844386107653863
2008-01-07,25015.03856692617,0.008811217641294533,2.838999056122622,0.07844386107653863
2008-01-08,24478.257443410963,0.00862214356521917,2.838999056122622,0.07844386107653863
2008-01-09,27098.628631344975,0.009545134780127426,2.838999056122622,0.07844386107653863
2008-01-10,29638.274953450906,0.010319621260952799,2.8720312697517,0.04846067369673462
2008-01-11,30556.571970656358,0.010639359080967845,2.8720312697517,0.04846067369673462
2008-01-14,30050.144436644125,0.010463028293992807,2.8720312697517,0.04846067369673462
2008-01-15,29422.242476960666,0.01020164409893827,2.8840687041829627,0.0352429071526211
2008-01-16,31451.918780740772,0.010854107140262576,2.897697468276502,0.025797518921307785
2008-01-17,30889.063958081915,0.010659865046731111,2.897697468276502,0.025797518921307785
2008-01-18,30906.713054494117,0.010665955777942847,2.897697468276502,0.025797518921307785
2008-01-22,30047.391396066854,0.010369402508377971,2.897697468276502,0.025797518921307785
2008-01-23,29410.683486233327,0.01014967359712892,2.897697468276502,0.025797518921307785
2008-01-24,28587.646777550886,0.009865642321368455,2.897697468276502,0.025797518921307785
2008-01-25,31966.09043760136,0.011031548595932002,2.897697468276502,0.025797518921307785
2008-01-28,31568.492449787944,0.010894336898656405,2.897697468276502,0.025797518921307785
2008-01-29,31092.61477437005,0.010730110756822165,2.897697468276502,0.025797518921307785
2008-01-30,30426.772739947985,0.010500327612890962,2.897697468276502,0.025797518921307785
2008-01-31,30337.80249230309,0.010469623839077813,2.897697468276502,0.025797518921307785
2008-02-01,29977.25608917496,0.01031479389967357,2.90623897876657,0.018074665686788553
2008-02-04,29606.0572749242,0.010187069092125809,2.90623897876657,0.018074665686788553
2008-02-05,28762.933324564525,0.009904872827817397,2.9039174782522297,0.017465626783458414
2008-02-06,30495.312934629772,0.01048826814812633,2.907564194959831,0.017271468403866244
2008-02-07,29648.272838004323,0.010196945226316464,2.907564194959831,0.017271468403866244
2008-02-08,29620.80907483452,0.010187499600587062,2.907564194959831,0.017271468403866244
2008-02-11,30184.68749876023,0.010311758850355093,2.92721037572759,-0.0003594095509224693
2008-02-12,31764.51107204652,0.010848865052135117,2.9279109768072087,0.001104023546445084
2008-02-13,30870.748868396106,0.010543609116852197,2.9279109768072087,0.001104023546445084
2008-02-14,30116.67044037454,0.010286060839601,2.9279109768072087,0.001104023546445084
2008-02-15,30602.661945371012,0.010452046591506076,2.9279109768072087,0.001104023546445084
2008-02-19,30473.39835473711,0.010407897848030666,2.9279109768072087,0.001104023546445084
2008-02-20,32273.153839774946,0.011022587126254695,2.9279109768072087,0.001104023546445084
2008-02-21,31799.046274557644,0.010860660220357336,2.9279109768072087,0.001104023546445084
2008-02-22,32002.95207528784,0.010977213708554605,2.915398472232326,0.01194766171165236
2008-02-25,31131.748637869245,0.010678385453783822,2.915398472232326,0.01194766171165236
2008-02-26,30968.688416134395,0.010622454772853611,2.915398472232326,0.01194766171165236
2008-02-27,30211.187303770974,0.010362627130224917,2.915398472232326,0.01194766171165236
2008-02-28,29379.01632926589,0.01007718725556247,2.915398472232326,0.01194766171165236
2008-02-29,29146.017443277695,0.009997267173210986,2.915398472232326,0.01194766171165236
2008-03-03,30993.948483572214,0.010624875039747479,2.9171118123859694,0.013898802337165039
2008-03-04,30159.48983757581,0.010338818590881404,2.9171118123859694,0.013898802337165039
2008-03-05,29321.02569708427,0.010051389039181862,2.9171118123859694,0.013898802337165039
2008-03-06,30016.49060158464,0.010289797763025578,2.9171118123859694,0.013898802337165039
2008-03-07,30004.915230366405,0.010285829669938065,2.9171118123859694,0.013898802337165039
2008-03-10,29796.45200860542,0.010214367471994244,2.9171118123859694,0.013898802337165039
2008-03-11,29766.375139720512,0.01020405697626446,2.9171118123859694,0.013898802337165039
2008-03-12,30870.029678247094,0.010582395075558595,2.9171118123859694,0.013898802337165039
2008-03-13,30106.853507061467,0.010320774602889292,2.9171118123859694,0.013898802337165039
2008-03-14,30069.68886522161,0.010308034384402618,2.9171118123859694,0.013898802337165039
2008-03-17,29979.796738817116,0.010277218929875707,2.9171118123859694,0.013898802337165039
2008-03-18,29506.912285371316,0.01011511185827223,2.9171118123859694,0.013898802337165039
2008-03-19,29219.315576052864,0.010016522319092646,2.9171118123859694,0.013898802337165039
2008-03-20,31987.94875108692,0.010847680683558219,2.948828388686893,-0.006701776134377387
2008-03-24,32325.51043924924,0.010978674125319592,2.9443911049967735,-0.0030873951726372692
2008-03-25,33381.24357386175,0.011337231496594378,2.9443911049967735,-0.0030873951726372692
2008-03-26,32688.77284199779,0.011102048497063916,2.9443911049967735,-0.0030873951726372692
2008-03-27,31853.10165489418,0.010818230499622803,2.9443911049967735,-0.0030873951726372692
2008-03-28,30996.361392405302,0.010527256837518286,2.9443911049967735,-0.0030873951726372692
2008-03-31,31701.67347362179,0.01080372635100309,2.9343276980241537,0.004811328075114914
2008-04-01,31032.25132957701,0.010575591591379774,2.9343276980241537,0.004811328075114914
2008-04-02,30385.753168616397,0.01035526917769846,2.9343276980241537,0.004811328075114914
2008-04-03,29969.247145054072,0.01021332660467133,2.9343276980241537,0.004811328075114914
2008-04-04,29142.80875363256,0.009931681718185748,2.9343276980241537,0.004811328075114914
2008-04-07,28652.825437130265,0.009764698556478135,2.9343276980241537,0.004811328075114914
2008-04-08,28214.945329417988,0.009615471833093721,2.9343276980241537,0.004811328075114914
2008-04-09,27666.14027678683,0.009400589035659827,2.9430219927537706,-0.0020821238339421913
2008-04-10,26899.314628384767,0.009140031809009764,2.9430219927537706,-0.0020821238339421913
2008-04-11,26167.626549729757,0.008891413864442393,2.9430219927537706,-0.0020821238339421913
2008-04-14,26322.905999402592,0.008944175770420384,2.9430219927537706,-0.0020821238339421913
2008-04-15,25620.8811488571,0.008705636998955544,2.9430219927537706,-0.0020821238339421913
2008-04-16,25275.560793084747,0.008588301703255209,2.9430219927537706,-0.0020821238339421913
2008-04-17,28981.227495641815,0.009953400137679683,2.911691190423483,0.01705143214620315
2008-04-18,28172.261260749012,0.009675566335264962,2.911691190423483,0.01705143214620315
2008-04-21,27468.94347528384,0.009434016754808636,2.911691190423483,0.01705143214620315
2008-04-22,26704.55706971405,0.009171493583366606,2.911691190423483,0.01705143214620315
2008-04-23,25976.25971766536,0.008921364945259637,2.911691190423483,0.01705143214620315
2008-04-24,25348.83563920878,0.008705880528326902,2.911691190423483,0.01705143214620315
2008-04-25,24649.04538488025,0.008465542453798212,2.911691190423483,0.01705143214620315
2008-04-28,24291.12007099662,0.008342615504999233,2.911691190423483,0.01705143214620315
2008-04-29,23713.58289139277,0.008144264394997125,2.911691190423483,0.01705143214620315
2008-04-30,23836.376870598964,0.008186437129389448,2.911691190423483,0.01705143214620315
2008-05-01,23518.125822839833,0.00807713603014999,2.911691190423483,0.01705143214620315
2008-05-02,22875.320578967738,0.007856369059399015,2.911691190423483,0.01705143214620315
2008-05-05,22898.552421889763,0.007864347873566683,2.911691190423483,0.01705143214620315
2008-05-06,22382.435502182827,0.007687091122780597,2.911691190423483,0.01705143214620315
2008-05-07,22598.994821637054,0.0077614669082919484,2.911691190423483,0.01705143214620315
2008-05-08,25111.56484127434,0.008523440254033107,2.9461771412537434,-0.0030967099354138818
2008-05-09,24459.534122041045,0.008302126094031232,2.9461771412537434,-0.0030967099354138818
2008-05-12,23174.051038822712,0.00808425619790545,2.866565639622712,0.01597160871118839
2008-05-13,22718.076838989193,0.007925189824705801,2.866565639622712,0.01597160871118839
2008-05-14,22224.91226127242,0.007753149606648319,2.866565639622712,0.01597160871118839
2008-05-15,21653.36073635117,0.007553764140981301,2.866565639622712,0.01597160871118839
2008-05-16,21106.675426740607,0.007383769123476509,2.8585232113545453,0.023444198226831088
2008-05-19,21591.19785042402,0.007553270081789112,2.8585232113545453,0.023444198226831088
2008-05-20,21008.70184974998,0.0073494949302142475,2.8585232113545453,0.023444198226831088
2008-05-21,20598.030710228988,0.00716137423847533,2.876267881597869,0.007196372420419103
2008-05-22,20047.360860764595,0.006969921330702887,2.876267881597869,0.007196372420419103
2008-05-23,19817.434469472875,0.006889982187077647,2.876267881597869,0.007196372420419103
2008-05-27,19908.850841163945,0.006921765169558502,2.876267881597869,0.007196372420419103
2008-05-28,19407.41261597417,0.0067474287565985214,2.876267881597869,0.007196372420419103
2008-05-29,19498.448516809603,0.006779079459725957,2.876267881597869,0.007196372420419103
2008-05-30,19310.791991013226,0.006713836397006734,2.876267881597869,0.007196372420419103
2008-06-02,18863.2609725994,0.006558242051543609,2.876267881597869,0.007196372420419103
2008-06-03,18968.83466988498,0.0065949471505231,2.876267881597869,0.007196372420419103
2008-06-04,19703.158818538926,0.006893736616235064,2.8581246884508307,0.02367384723278064
2008-06-05,19449.722381631305,0.006763259810708677,2.8757911016275597,0.007484489646158348
2008-06-06,20799.755553047547,0.007232707390072903,2.8757911016275597,0.007484489646158348
2008-06-09,20633.99316402344,0.00717506676766111,2.8757911016275597,0.007484489646158348
2008-06-10,19573.059452863068,0.006983337389787257,2.8028231145594624,0.005851143853793364
2008-06-11,19261.689512587574,0.006872245848313213,2.8028231145594624,0.005851143853793364
2008-06-12,18787.65606440512,0.006703118711563107,2.8028231145594624,0.005851143853793364
2008-06-13,18528.45014578655,0.006610638412941298,2.8028231145594624,0.005851143853793364
2008-06-16,18218.300829217707,0.006499982369412275,2.8028231145594624,0.005851143853793364
2008-06-17,17837.799638339053,0.006364225964057219,2.8028231145594624,0.005851143853793364
2008-06-18,17380.22825824071,0.006200972215463005,2.8028231145594624,0.005851143853793364
2008-06-19,17130.062087181188,0.0061117171462579545,2.8028231145594624,0.005851143853793364
2008-06-20,16870.091894291632,0.006018964167470558,2.8028231145594624,0.005851143853793364
2008-06-23,16620.49457406387,0.005929912054645024,2.8028231145594624,0.005851143853793364
2008-06-24,16483.724855887314,0.005881114926682831,2.8028231145594624,0.005851143853793364
2008-06-25,16525.456730647056,0.005896004155526049,2.8028231145594624,0.005851143853793364
2008-06-26,16253.507639293322,0.0057989773078662476,2.8028231145594624,0.005851143853793364
2008-06-27,16062.743397431022,0.005730915844810887,2.8028231145594624,0.005851143853793364
2008-06-30,15941.98548061215,0.005687831457433179,2.8028231145594624,0.005851143853793364
2008-07-01,15533.752486445246,0.005542180812536501,2.8028231145594624,0.005851143853793364
2008-07-02,15448.393878567402,0.0055117263013565254,2.8028231145594624,0.005851143853793364
2008-07-03,15065.476549453104,0.0053751078586423895,2.8028231145594624,0.005851143853793364
2008-07-07,15153.393932974463,0.005406475297802095,2.8028231145594624,0.005851143853793364
2008-07-08,15212.462761279001,0.005427550059173121,2.8028231145594624,0.005851143853793364
2008-07-09,15550.000290607335,0.005579243685401651,2.787116169758749,0.017351911796700068
2008-07-10,15156.675433604238,0.005438121165547323,2.787116169758749,0.017351911796700068
2008-07-11,15159.93546096564,0.005439290843150566,2.787116169758749,0.017351911796700068
2008-07-14,17660.29390320505,0.006319910556923466,2.7943898484224885,0.010933861476165055
2008-07-15,17523.38709039817,0.006270917102096765,2.7943898484224885,0.010933861476165055
2008-07-16,17288.48228076051,0.006186854096439099,2.7943898484224885,0.010933861476165055
2008-07-17,17052.987719540313,0.006120292253083689,2.7863028454153023,0.017359169366711558
2008-07-18,17856.477294522152,0.0064086634817546615,2.7863028454153023,0.017359169366711558
2008-07-21,17533.199388321857,0.006292639515898893,2.7863028454153023,0.017359169366711558
2008-07-22,17100.437249524504,0.006137321819723319,2.7863028454153023,0.017359169366711558
2008-07-23,16691.78941930426,0.00599065871348824,2.7863028454153023,0.017359169366711558
2008-07-24,16666.216970795915,0.005981480799267458,2.7863028454153023,0.017359169366711558
2008-07-25,18549.732179388408,0.006568233258310333,2.824158559825614,-0.0010863979183628307
2008-07-28,18836.95981427096,0.006669937050359559,2.824158559825614,-0.0010863979183628307
2008-07-29,18910.522161482953,0.006695984577668557,2.824158559825614,-0.0010863979183628307
2008-07-30,18407.946117193635,0.006518028548060803,2.824158559825614,-0.0010863979183628307
2008-07-31,17925.953955323886,0.006347361019429015,2.824158559825614,-0.0010863979183628307
2008-08-01,18078.00990519425,0.006401202171279834,2.824158559825614,-0.0010863979183628307
2008-08-04,17906.47621024832,0.006340464188155925,2.824158559825614,-0.0010863979183628307
2008-08-05,17796.5820477797,0.0063015520094872445,2.824158559825614,-0.0010863979183628307
2008-08-08,17523.959422372227,0.0062050196726398735,2.824158559825614,-0.0010863979183628307
2008-08-11,21601.44702345099,0.007495072134567893,2.882086607789047,-0.004408782483182326
2008-08-12,21141.477150948216,0.007335476003327537,2.882086607789047,-0.004408782483182326
2008-08-13,21821.728381198292,0.0076261100153576285,2.8614494594561597,0.012619915201786649
2008-08-26,21337.775906528797,0.007456981578344635,2.8614494594561597,0.012619915201786649
2008-08-27,26168.81474438662,0.008913926528636098,2.9357225079563967,-0.010396691760592956
2008-08-28,25493.01006494461,0.008683726066020695,2.9357225079563967,-0.010396691760592956
2008-08-29,25324.35356167338,0.008626276323133165,2.9357225079563967,-0.010396691760592956
2008-09-02,24713.522340442276,0.008418207876753908,2.9357225079563967,-0.010396691760592956
2008-09-03,27575.020254629213,0.009280029248434185,2.9714367828400903,-0.028408931898865314
2008-09-04,26993.12901696083,0.009084201007689242,2.9714367828400903,-0.028408931898865314
2008-09-05,28891.376476779536,0.009694305931229257,2.980241874120023,-0.03163757523529084
2008-09-08,28180.212846178154,0.009455679785889504,2.980241874120023,-0.03163757523529084
2008-09-09,29851.39941285791,0.010016435133028303,2.980241874120023,-0.03163757523529084
2008-09-10,37251.3622068207,0.012189429031313405,3.056038319032478,-0.05117058835717629
2008-09-11,36650.122389378324,0.01199269072024644,3.056038319032478,-0.05117058835717629
2008-09-12,35650.76794603914,0.011665680932078738,3.056038319032478,-0.05117058835717629
2008-09-15,38071.573187397895,0.012457819311457818,3.056038319032478,-0.05117058835717629
2008-09-16,40152.07141957941,0.013131394162478653,3.0577158009854757,-0.05096085004884225
2008-09-17,39048.333805401926,0.01277042614386104,3.0577158009854757,-0.05096085004884225
2008-09-18,40053.22471427011,0.01320254034263227,3.0337513595724,-0.043035109831677285
2008-09-19,39051.20221931869,0.012872248774145707,3.0337513595724,-0.043035109831677285
2008-09-22,45890.98514033309,0.01513650139821497,3.0318092624590887,-0.0414759221056232
2008-09-23,45870.82862157453,0.015129853051629272,3.0318092624590887,-0.0414759221056232
2008-09-24,44766.92002070793,0.014765744196057258,3.0318092624590887,-0.0414759221056232
2008-09-25,44028.45979496658,0.01452217339004211,3.0318092624590887,-0.0414759221056232
2008-09-26,43123.264308446174,0.014223607283747481,3.0318092624590887,-0.0414759221056232
2008-09-29,41947.368140371495,0.013835754333156217,3.0318092624590887,-0.0414759221056232
2008-09-30,43697.08749194675,0.014594962890378961,2.9939841450883025,-0.030944880762698405
2008-10-01,42606.86406645511,0.014230824881405141,2.9939841450883025,-0.030944880762698405
2008-10-02,41531.98811083207,0.013871812975017326,2.9939841450883025,-0.030944880762698405
2008-10-03,45122.85815117941,0.014943680095546667,3.0195278447259035,-0.04433666174081121
2008-10-06,43893.794681225074,0.014536641799111977,3.0195278447259035,-0.04433666174081121
2008-10-07,44338.11335833061,0.014711880870966048,3.0137623970183203,-0.04064494854116683
2008-10-08,43359.65784689593,0.014387218411708235,3.0137623970183203,-0.04064494854116683
2008-10-09,52661.885964790694,0.017473801523601187,3.0137623970183203,-0.04064494854116683
2008-10-10,53170.81891562553,0.01771215843222765,3.001938985532113,-0.03270353046666231
2008-10-13,54282.30897183853,0.018098040451645606,2.99934731148768,-0.031121363474653885
2008-10-14,53343.61891727157,0.01787074873069729,2.984968325677431,-0.02256001036532152
2008-10-15,52963.66837497244,0.01774346076618835,2.984968325677431,-0.02256001036532152
2008-10-16,54892.76461940742,0.018365601341304872,2.9888901321162678,-0.0254006000174124
2008-10-17,53482.9536159987,0.01789391755866596,2.9888901321162678,-0.0254006000174124
2008-10-20,52283.86664667252,0.01749273621163626,2.9888901321162678,-0.0254006000174124
2008-10-21,51005.8692562701,0.01706515361946599,2.9888901321162678,-0.0254006000174124
2008-10-22,55349.45194339732,0.018388089819156926,3.0100707842819876,-0.036193175331186905
2008-10-23,60527.51520713563,0.020017263861458988,3.0237656667789956,-0.040319045472257835
2008-10-24,58786.59330086383,0.01944151755763701,3.0237656667789956,-0.040319045472257835
2008-10-27,57093.67034912859,0.01888164515405271,3.0237656667789956,-0.040319045472257835
2008-10-28,55873.526536788086,0.018478127174552588,3.0237656667789956,-0.040319045472257835
2008-10-29,62375.78253180842,0.020628510739806417,3.0237656667789956,-0.040319045472257835
2008-10-30,60724.92053959931,0.020082548461595996,3.0237656667789956,-0.040319045472257835
2008-10-31,59120.83451534006,0.01955205562550001,3.0237656667789956,-0.040319045472257835
2008-11-03,57642.08257868958,0.019063012458928944,3.0237656667789956,-0.040319045472257835
2008-11-04,56265.36787322052,0.018607714377931957,3.0237656667789956,-0.040319045472257835
2008-11-05,56452.65594957025,0.01866965306531352,3.0237656667789956,-0.040319045472257835
2008-11-06,57231.91209491664,0.019415197253545388,2.947789370744898,0.015167772713450597
2008-11-07,57251.41689828971,0.019421814009670045,2.947789370744898,0.015167772713450597
2008-11-10,56507.822099029065,0.01916955894469139,2.947789370744898,0.015167772713450597
2008-11-11,54881.017192170904,0.01861768609956777,2.947789370744898,0.015167772713450597
2008-11-12,54666.21068014107,0.01854481572620878,2.947789370744898,0.015167772713450597
2008-11-13,55569.03213559665,0.018851086406337952,2.947789370744898,0.015167772713450597
2008-11-14,58659.10535736181,0.019899354390622157,2.947789370744898,0.015167772713450597
2008-11-17,58761.44318636157,0.01993407119570172,2.947789370744898,0.015167772713450597
2008-11-18,57291.377990550034,0.019435370301261606,2.947789370744898,0.015167772713450597
2008-11-19,56072.53182889978,0.01902189226455159,2.947789370744898,0.015167772713450597
2008-11-20,57521.69822142141,0.019619374462710244,2.9318823763087143,0.02832768195330524
2008-11-21,60038.08134156984,0.020444444915339408,2.9366452153720957,0.023727366573330036
2008-11-24,63099.64096990636,0.02148698134851511,2.9366452153720957,0.023727366573330036
2008-11-25,65618.79261253467,0.022344814507741027,2.9366452153720957,0.023727366573330036
2008-11-26,64743.784528225275,0.022046852711154533,2.9366452153720957,0.023727366573330036
2008-11-28,63063.92462349614,0.021474819053177812,2.9366452153720957,0.023727366573330036
2008-12-01,61398.51069275886,0.02090770460502468,2.9366452153720957,0.023727366573330036
2008-12-02,70594.97192466565,0.023749606159808784,2.972469162210058,0.009863839369106057
2008-12-03,68943.59390274095,0.023194048496530326,2.972469162210058,0.009863839369106057
2008-12-04,66959.56181710503,0.022526579137769752,2.972469162210058,0.009863839369106057
2008-12-05,66013.31307049199,0.022208241521809592,2.972469162210058,0.009863839369106057
2008-12-08,64522.187279824815,0.02170659601792201,2.972469162210058,0.009863839369106057
2008-12-09,76052.84001408034,0.025585745676007066,2.972469162210058,0.009863839369106057
2008-12-10,80714.32401819405,0.02722386842500007,2.9648366924985914,0.017247531297625577
2008-12-11,79030.77761032144,0.026656030603735857,2.9648366924985914,0.017247531297625577
2008-12-12,76750.15017075562,0.02588680528844746,2.9648366924985914,0.017247531297625577
2008-12-15,74529.95841764401,0.025137964126730538,2.9648366924985914,0.017247531297625577
2008-12-16,72388.58578367015,0.024415707606028472,2.9648366924985914,0.017247531297625577
2008-12-17,70699.71057528525,0.02384607245119584,2.9648366924985914,0.017247531297625577
2008-12-18,69001.68016125952,0.02327334936721554,2.9648366924985914,0.017247531297625577
2008-12-19,68856.80333709896,0.02322448434050864,2.9648366924985914,0.017247531297625577
2008-12-22,67113.29457411896,0.022636422014043478,2.9648366924985914,0.017247531297625577
2008-12-23,65184.29499146535,0.021985796100132526,2.9648366924985914,0.017247531297625577
2008-12-24,63360.220309231176,0.02137055996019628,2.9648366924985914,0.017247531297625577
2008-12-26,61678.10920409512,0.020803206247463298,2.9648366924985914,0.017247531297625577
2008-12-29,60462.18530443341,0.02023153732179634,2.9885116658581747,-0.0011491256361547564
2008-12-30,58725.13203734615,0.01965029372588471,2.9885116658581747,-0.0011491256361547564
2008-12-31,57092.98298285642,0.01910415262389873,2.9885116658581747,-0.0011491256361547564
2009-01-02,56185.058726729956,0.018800347801418392,2.9885116658581747,-0.0011491256361547564
2009-01-05,57108.2892956814,0.01905683814115786,2.996734761174374,-0.007095504244701683
2009-01-06,55782.80922032572,0.018614530035506144,2.996734761174374,-0.007095504244701683
2009-01-07,54218.64864784535,0.01809257507547912,2.996734761174374,-0.007095504244701683
2009-01-08,53632.52044410167,0.017896986126020677,2.996734761174374,-0.007095504244701683
2009-01-09,52129.93108540805,0.017395577266564335,2.996734761174374,-0.007095504244701683
2009-01-12,51946.619449358055,0.01733440680916351,2.996734761174374,-0.007095504244701683
2009-01-13,52754.02306509317,0.017773715118072672,2.968092079491688,0.010268619980190899
2009-01-14,51224.79296719635,0.01729024850456908,2.962640644156145,0.015137938836550296
2009-01-15,51316.612211133914,0.017254340404348673,2.9741277272007687,0.005984664142315973
2009-01-16,49843.0162504862,0.016758868758268885,2.9741277272007687,0.005984664142315973
2009-01-20,50357.35717851606,0.016931807170874974,2.9741277272007687,0.005984664142315973
2009-01-21,49029.19310225422,0.0164852345290497,2.9741277272007687,0.005984664142315973
2009-01-22,49770.97390895564,0.016734645742938477,2.9741277272007687,0.005984664142315973
2009-01-23,48358.1909149911,0.01625962142537353,2.9741277272007687,0.005984664142315973
2009-01-26,47980.76095637064,0.01613271700389608,2.9741277272007687,0.005984664142315973
2009-01-27,47167.12946672041,0.015859147216624025,2.9741277272007687,0.005984664142315973
2009-01-28,46260.25753409352,0.015554226911980475,2.9741277272007687,0.005984664142315973
2009-01-29,45874.66731943755,0.01542457874282841,2.9741277272007687,0.005984664142315973
2009-01-30,44770.06731674698,0.015053175728563717,2.9741277272007687,0.005984664142315973
2009-02-02,43503.370000346986,0.014627270242119728,2.9741277272007687,0.005984664142315973
2009-02-03,43843.34663713847,0.014741581619429494,2.9741277272007687,0.005984664142315973
2009-02-04,43890.99315627506,0.014757601953291025,2.9741277272007687,0.005984664142315973
2009-02-05,42663.04244893883,0.014344724356910197,2.9741277272007687,0.005984664142315973
2009-02-06,41575.91499161647,0.013979196189649688,2.9741277272007687,0.005984664142315973
2009-02-09,41806.663151197194,0.01405678134427178,2.9741277272007687,0.005984664142315973
2009-02-10,40629.64060002486,0.013661027476538553,2.9741277272007687,0.005984664142315973
2009-02-11,41492.233360723905,0.014035280023909823,2.9562811208639763,0.020837563853972122
2009-02-12,40432.68534022859,0.01367687431850598,2.9562811208639763,0.020837563853972122
2009-02-13,39287.71189924777,0.013289572369141231,2.9562811208639763,0.020837563853972122
2009-02-17,38479.142552912985,0.013016063418781842,2.9562811208639763,0.020837563853972122
2009-02-18,41137.589709745196,0.013848321421617682,2.9705831094827184,0.009894023440205733
2009-02-19,40643.60217838582,0.01368202830233667,2.9705831094827184,0.009894023440205733
2009-02-20,39716.23892984581,0.013369846076032454,2.9705831094827184,0.009894023440205733
2009-02-23,38638.42468788471,0.013007016893263425,2.9705831094827184,0.009894023440205733
2009-02-24,38185.18240581565,0.01285444002018345,2.9705831094827184,0.009894023440205733
2009-02-25,37128.896751179964,0.012498858097138172,2.9705831094827184,0.009894023440205733
2009-02-26,36117.281831326916,0.012158313873135899,2.9705831094827184,0.009894023440205733
2009-02-27,35138.71326144269,0.01182889418218013,2.9705831094827184,0.009894023440205733
2009-03-02,34238.514873244494,0.01152585657810685,2.9705831094827184,0.009894023440205733
2009-03-03,37457.66940100472,0.012538424993662884,2.9874301931810745,0.0009308932839763233
2009-03-04,36493.627327124654,0.01221572554579611,2.9874301931810745,0.0009308932839763233
2009-03-05,36080.73312667833,0.012077515052580643,2.9874301931810745,0.0009308932839763233
2009-03-06,36902.09734951841,0.012359122174624709,2.985818638906607,0.0021732078814021808
2009-03-09,32363.08088812406,0.012012488120588069,2.6941196997029566,-0.35004717519793344
2009-03-10,31463.98578165337,0.011678763116992341,2.6941196997029566,-0.35004717519793344
2009-03-11,31717.14066258378,0.011772728830898194,2.6941196997029566,-0.35004717519793344
2009-03-12,30875.536289238647,0.011470372347433882,2.6917640817602604,-0.34813965097882815
2009-03-13,30632.64780675717,0.011380138406009625,2.6917640817602604,-0.34813965097882815
2009-03-16,29819.00499313953,0.011077867185760053,2.6917640817602604,-0.34813965097882815
2009-03-17,29149.379555728017,0.010829098936733707,2.6917640817602604,-0.34813965097882815
2009-03-18,29025.701009925044,0.010783151913871993,2.6917640817602604,-0.34813965097882815
2009-03-19,30589.808077165726,0.011351917160467982,2.6946821091764086,-0.351061903700103
2009-03-20,30712.306017689145,0.011397376303906928,2.6946821091764086,-0.351061903700103
2009-03-23,30036.651505665086,0.01114664004461935,2.6946821091764086,-0.351061903700103
2009-03-24,31309.191663712878,0.011618881335610341,2.6946821091764086,-0.351061903700103
2009-03-25,31457.623792096547,0.011673964689553354,2.6946821091764086,-0.351061903700103
2009-03-26,32698.280088125506,0.012134373838300086,2.6946821091764086,-0.351061903700103
2009-03-27,31777.036254976727,0.011792499065757679,2.6946821091764086,-0.351061903700103
2009-03-30,31851.673563928827,0.011820197067202052,2.6946821091764086,-0.351061903700103
2009-03-31,33108.3582861186,0.012277112755151592,2.696754436194782,-0.35409538963397946
2009-04-01,32207.677073272116,0.011943125647998678,2.696754436194782,-0.35409538963397946
2009-04-02,31458.916390754588,0.011665473121514265,2.696754436194782,-0.35409538963397946
2009-04-03,31957.923901172428,0.011850513147302434,2.696754436194782,-0.35409538963397946
2009-04-06,31822.548757793036,0.011800313862724484,2.696754436194782,-0.35409538963397946
2009-04-07,31330.26042013041,0.011617765414465598,2.696754436194782,-0.35409538963397946
2009-04-08,30891.6591299181,0.011455124988505571,2.696754436194782,-0.35409538963397946
2009-04-09,30152.93340210188,0.01118119358492602,2.696754436194782,-0.35409538963397946
2009-04-13,30833.703479855703,0.011433634099574588,2.696754436194782,-0.35409538963397946
2009-04-14,29986.495127501246,0.011119475590745028,2.696754436194782,-0.35409538963397946
2009-04-15,30612.345868455977,0.011351551130347302,2.696754436194782,-0.35409538963397946
2009-04-16,29846.289314782887,0.011067485016135574,2.696754436194782,-0.35409538963397946
2009-04-17,29012.23451385618,0.010758204056129594,2.696754436194782,-0.35409538963397946
2009-04-20,28493.65612142276,0.010565906831928063,2.696754436194782,-0.35409538963397946
2009-04-21,29428.527993217245,0.010951955613729471,2.6870569084780964,-0.3285070679018071
2009-04-22,29174.34331789191,0.0108573596732701,2.6870569084780964,-0.3285070679018071
2009-04-23,28475.46324146626,0.010597268391161199,2.6870569084780964,-0.3285070679018071
2009-04-24,27998.120125198082,0.010419623059288216,2.6870569084780964,-0.3285070679018071
2009-04-27,28704.869204187584,0.010682642825173932,2.6870569084780964,-0.3285070679018071
2009-04-28,29620.007278594596,0.01103761100736576,2.683552379117926,-0.3188103758519541
2009-04-29,29001.863037211388,0.010807265497364427,2.683552379117926,-0.3188103758519541
2009-04-30,29751.456201928595,0.011086594185170252,2.683552379117926,-0.3188103758519541
2009-05-01,28913.76944116541,0.01077443826554608,2.683552379117926,-0.3188103758519541
2009-05-04,28265.504122094775,0.010532868425465778,2.683552379117926,-0.3188103758519541
2009-05-05,29445.41759123315,0.010972551838511813,2.683552379117926,-0.3188103758519541
2009-05-06,28709.87223860914,0.010698457932856138,2.683552379117926,-0.3188103758519541
2009-05-07,28317.027888133107,0.010552068261637886,2.683552379117926,-0.3188103758519541
2009-05-08,27565.22857702389,0.010306241904072734,2.6746149404984267,-0.30465796095351794
2009-05-11,28310.773955220633,0.010584990581838592,2.6746149404984267,-0.30465796095351794
2009-05-12,29782.27143879038,0.011128604564902516,2.676191005359104,-0.30536337240431394
2009-05-13,28977.842034792764,0.010828017124623874,2.676191005359104,-0.30536337240431394
2009-05-14,29512.458884509862,0.011027784947117309,2.676191005359104,-0.30536337240431394
2009-05-15,28724.954157352124,0.01073352167309062,2.676191005359104,-0.30536337240431394
2009-05-18,27924.467907547718,0.010434407653126641,2.676191005359104,-0.30536337240431394
2009-05-19,28585.981904439686,0.01068159254970812,2.676191005359104,-0.30536337240431394
2009-05-20,27775.352699708026,0.010445249693481986,2.65913726476451,-0.2785218757640521
2009-05-21,27015.111256024225,0.010159351912364197,2.65913726476451,-0.2785218757640521
2009-05-22,28068.539375402965,0.010555506008407836,2.65913726476451,-0.2785218757640521
2009-05-26,28011.146894030313,0.01053392288739594,2.65913726476451,-0.2785218757640521
2009-05-27,27640.58017767619,0.010394566893531165,2.65913726476451,-0.2785218757640521
2009-05-28,27424.21296451008,0.010313199445512164,2.65913726476451,-0.2785218757640521
2009-05-29,26803.36802328753,0.010079723366842142,2.65913726476451,-0.2785218757640521
2009-06-01,26132.883043984344,0.009827579565095765,2.65913726476451,-0.2785218757640521
2009-06-02,29843.625266974323,0.011223048039837551,2.65913726476451,-0.2785218757640521
2009-06-03,29006.735249304296,0.010908325656469297,2.65913726476451,-0.2785218757640521
2009-06-04,30571.23081665458,0.011487320032446005,2.6613022646105406,-0.28056678066741747
2009-06-05,32218.603789279023,0.01210633012931883,2.6613022646105406,-0.28056678066741747
2009-06-08,31323.083420816434,0.011769833076589784,2.6613022646105406,-0.28056678066741747
2009-06-09,30466.24447908286,0.011447870797773263,2.6613022646105406,-0.28056678066741747
2009-06-10,29611.817071265985,0.011126814667028974,2.6613022646105406,-0.28056678066741747
2009-06-11,29148.519215862834,0.010952727769210566,2.6613022646105406,-0.28056678066741747
2009-06-12,28486.67837244492,0.010704037174301849,2.6613022646105406,-0.28056678066741747
2009-06-15,28474.707398089642,0.010699539010183301,2.6613022646105406,-0.28056678066741747
2009-06-16,29845.891663148028,0.011203554379520163,2.663966331765714,-0.2847343576306339
2009-06-17,29453.010154598876,0.011056074471886066,2.663966331765714,-0.2847343576306339
2009-06-18,28662.953835154538,0.010759503036270107,2.663966331765714,-0.2847343576306339
2009-06-19,29038.279850855677,0.010900392960900786,2.663966331765714,-0.2847343576306339
2009-06-22,28315.649131610026,0.010629131755145727,2.663966331765714,-0.2847343576306339
2009-06-23,29946.31436290556,0.011266533415483518,2.6579883322185465,-0.264063295946467
2009-06-24,29116.586697343013,0.010954369642789303,2.6579883322185465,-0.264063295946467
2009-06-25,28582.677725823156,0.010753500073480766,2.6579883322185465,-0.264063295946467
2009-06-26,27891.98128785885,0.010493643237545069,2.6579883322185465,-0.264063295946467
2009-06-29,27160.316935342686,0.010218373273547347,2.6579883322185465,-0.264063295946467
2009-06-30,26440.893432019406,0.00994770861539108,2.6579883322185465,-0.264063295946467
2009-07-01,25897.119109079005,0.009743127460406655,2.6579883322185465,-0.264063295946467
2009-07-02,25660.6745056568,0.009654171237177166,2.6579883322185465,-0.264063295946467
2009-07-06,27859.653539236137,0.010432980180255364,2.670344720098397,-0.287841402221351
2009-07-07,27078.091407098596,0.010140298068371047,2.670344720098397,-0.287841402221351
2009-07-08,26984.581729843303,0.010105280238443887,2.670344720098397,-0.287841402221351
2009-07-09,27612.518720533466,0.01046845058057777,2.6376891697576785,-0.19595268530208734
2009-07-10,27844.63029996915,0.010556448659387416,2.6376891697576785,-0.19595268530208734
2009-07-13,28144.930476342237,0.010670298380505493,2.6376891697576785,-0.19595268530208734
2009-07-14,28391.829729882746,0.010763902758296221,2.6376891697576785,-0.19595268530208734
2009-07-15,28567.371387650648,0.010830454063802786,2.6376891697576785,-0.19595268530208734
2009-07-16,31375.231035151737,0.011894969049000623,2.6376891697576785,-0.19595268530208734
2009-07-17,30552.99851128306,0.011583244478381785,2.6376891697576785,-0.19595268530208734
2009-07-20,30103.868066993764,0.011413142230745008,2.637649427157686,-0.2415752211969609
2009-07-21,29355.47935787881,0.011129409032007747,2.637649427157686,-0.2415752211969609
2009-07-22,28864.929825876403,0.010943429224778011,2.637649427157686,-0.2415752211969609
2009-07-23,28357.95636703869,0.010751222689058053,2.637649427157686,-0.2415752211969609
2009-07-24,29563.419743431587,0.011208244522202837,2.637649427157686,-0.2415752211969609
2009-07-27,28738.889165686196,0.01089564400400816,2.637649427157686,-0.2415752211969609
2009-07-28,28175.139171574283,0.010681912039362878,2.637649427157686,-0.2415752211969609
2009-07-29,28110.69406666515,0.010657479260599486,2.637649427157686,-0.2415752211969609
2009-07-30,27967.21372074285,0.010549140254257834,2.6511367795545944,-0.2763916095570001
2009-07-31,27370.960057062624,0.010324235349962251,2.6511367795545944,-0.2763916095570001
2009-08-03,26640.09764915535,0.010072299890180826,2.644887259078332,-0.26570124399850054
2009-08-04,28934.540749878568,0.010939801176992866,2.644887259078332,-0.26570124399850054
2009-08-05,27538.122515616484,0.010730360924369943,2.566374300893653,-0.2857125854274579
2009-08-06,27084.53575352497,0.010553618676782143,2.566374300893653,-0.2857125854274579
2009-08-07,26448.92426524075,0.010305949625520646,2.566374300893653,-0.2857125854274579
2009-08-10,26092.10890388559,0.010166914816283774,2.566374300893653,-0.2857125854274579
2009-08-11,26227.680580306784,0.010219740967314817,2.566374300893653,-0.2857125854274579
2009-08-12,26487.124549756227,0.010320834548776843,2.566374300893653,-0.2857125854274579
2009-08-13,25990.352792440728,0.010127265061604798,2.566374300893653,-0.2857125854274579
2009-08-14,25405.625517605346,0.009899423287070283,2.566374300893653,-0.2857125854274579
2009-08-17,25326.514793797713,0.009868597415808991,2.566374300893653,-0.2857125854274579
2009-08-18,26484.980952530183,0.010319887956409235,2.566401986572103,-0.28303737617872404
2009-08-19,25735.321181117757,0.010109311476724605,2.545704644709982,-0.25548616300129323
2009-08-20,25015.141920311962,0.00982641170580957,2.545704644709982,-0.25548616300129323
2009-08-21,24318.698577485105,0.00955283584371022,2.545704644709982,-0.25548616300129323
2009-08-24,26831.144252289538,0.010539771103472319,2.545704644709982,-0.25548616300129323
2009-08-25,26795.637666159826,0.010525823457894701,2.545704644709982,-0.25548616300129323
2009-08-26,26096.833494726485,0.010232677825387565,2.5503425339923727,-0.27208434187532354
2009-08-27,25383.937718903744,0.009953148402841035,2.5503425339923727,-0.27208434187532354
2009-08-28,24933.954328272233,0.009776708028799555,2.5503425339923727,-0.27208434187532354
2009-08-31,24243.53531658179,0.009505991839704107,2.5503425339923727,-0.27208434187532354
2009-09-01,24232.35621840902,0.00950160846844171,2.5503425339923727,-0.27208434187532354
2009-09-02,24083.87509813178,0.009443388398667475,2.5503425339923727,-0.27208434187532354
2009-09-03,23435.86904846903,0.009189302509801265,2.5503425339923727,-0.27208434187532354
2009-09-04,23208.888074892864,0.009100302318434483,2.5503425339923727,-0.27208434187532354
2009-09-08,24125.586472883268,0.009459743603584278,2.5503425339923727,-0.27208434187532354
2009-09-09,23786.988748026724,0.009326978016082394,2.5503425339923727,-0.27208434187532354
2009-09-10,23200.681549677473,0.009097084505491316,2.5503425339923727,-0.27208434187532354
2009-09-11,22694.251598252496,0.008898511198308066,2.5503425339923727,-0.27208434187532354
2009-09-14,22079.341126916275,0.008657402224458335,2.5503425339923727,-0.27208434187532354
2009-09-15,21844.244916974236,0.008565220014889014,2.5503425339923727,-0.27208434187532354
2009-09-16,21831.156543197096,0.008560088008657424,2.5503425339923727,-0.27208434187532354
2009-09-17,22005.631025239258,0.00862850018455798,2.5503425339923727,-0.27208434187532354
2009-09-18,21731.60463895753,0.008521053289629417,2.5503425339923727,-0.27208434187532354
2009-09-21,21234.882549146776,0.008326286475685734,2.5503425339923727,-0.27208434187532354
2009-09-22,20712.82873294916,0.008121586985621402,2.5503425339923727,-0.27208434187532354
2009-09-23,20402.223902277423,0.007999797529290802,2.5503425339923727,-0.27208434187532354
2009-09-24,20473.353357182546,0.008027687686772422,2.5503425339923727,-0.27208434187532354
2009-09-25,21122.45541432808,0.008318586674910616,2.5391879942820985,-0.24262622676556195
2009-09-28,21067.8833735591,0.00829709474879413,2.5391879942820985,-0.24262622676556195
2009-09-29,20602.82972555632,0.008113944210492115,2.5391879942820985,-0.24262622676556195
2009-09-30,20041.820203694177,0.007893003688118246,2.5391879942820985,-0.24262622676556195
2009-10-01,19620.634748306817,0.007727129614857105,2.5391879942820985,-0.24262622676556195
2009-10-02,21980.164358105972,0.00858655985557542,2.559833592009939,-0.27046394512369515
2009-10-05,21512.905659229862,0.00840402506099558,2.559833592009939,-0.27046394512369515
2009-10-06,21350.41024686795,0.008340546164215291,2.559833592009939,-0.27046394512369515
2009-10-07,21945.593246208755,0.008573054637109218,2.559833592009939,-0.27046394512369515
2009-10-08,21485.577242100167,0.008393349204090274,2.559833592009939,-0.27046394512369515
2009-10-09,21841.000030610176,0.008532195256278742,2.559833592009939,-0.27046394512369515
2009-10-12,21815.351162267973,0.008522175515768164,2.559833592009939,-0.27046394512369515
2009-10-13,21364.469182291406,0.008346038292870584,2.559833592009939,-0.27046394512369515
2009-10-14,20884.113193035406,0.008158387036650123,2.559833592009939,-0.27046394512369515
2009-10-15,22180.021512763615,0.008664634131685188,2.559833592009939,-0.27046394512369515
2009-10-16,21573.31577237331,0.008427624295466136,2.559833592009939,-0.27046394512369515
2009-10-19,21446.163887440653,0.008377952361583582,2.559833592009939,-0.27046394512369515
2009-10-20,21017.153357866955,0.008210359229392186,2.559833592009939,-0.27046394512369515
2009-10-21,21269.442814224883,0.008308916204793012,2.559833592009939,-0.27046394512369515
2009-10-22,20925.94885065088,0.008174730152759723,2.559833592009939,-0.27046394512369515
2009-10-23,20546.935250427985,0.008026668340692752,2.559833592009939,-0.27046394512369515
2009-10-26,19985.702932714008,0.007807422714935765,2.559833592009939,-0.27046394512369515
2009-10-27,19537.216837715394,0.007632221445447591,2.559833592009939,-0.27046394512369515
2009-10-28,19876.53080432616,0.007764774580022383,2.559833592009939,-0.27046394512369515
2009-10-29,20698.59396645883,0.0081214955789146,2.5486185106346015,-0.25089882907262173
2009-10-30,22885.150188669253,0.008979433404087961,2.5486185106346015,-0.25089882907262173
2009-11-02,24807.141152352266,0.009686738069853179,2.560938571215879,-0.2718413829081035
2009-11-03,24596.10341662698,0.009604331666943995,2.560938571215879,-0.2718413829081035
2009-11-04,24555.49219925611,0.009588473724146255,2.560938571215879,-0.2718413829081035
2009-11-05,24550.062004304193,0.009586353331641354,2.560938571215879,-0.2718413829081035
2009-11-06,23957.139883081036,0.009354828012023223,2.560938571215879,-0.2718413829081035
2009-11-09,23311.21376280239,0.009102605593438628,2.560938571215879,-0.2718413829081035
2009-11-10,23496.65508112134,0.009175017060235702,2.560938571215879,-0.2718413829081035
2009-11-11,22656.175578442642,0.008931794867072712,2.5365758971878325,-0.23714275505395663
2009-11-12,22192.53614928088,0.008749013255974155,2.5365758971878325,-0.23714275505395663
2009-11-13,22778.32211386223,0.008990600385501289,2.533570744685276,-0.22944772578014105
2009-11-16,22236.514185418608,0.008776748875895652,2.533570744685276,-0.22944772578014105
2009-11-17,21626.218837113975,0.008535865391751834,2.533570744685276,-0.22944772578014105
2009-11-18,21033.743076200266,0.008302015296128274,2.533570744685276,-0.22944772578014105
2009-11-19,20553.66263779706,0.008112527617755654,2.533570744685276,-0.22944772578014105
2009-11-20,20051.491115094308,0.007967705816951992,2.5165953130991614,-0.2009803520813352
2009-11-23,19503.73722881166,0.007750049095018383,2.5165953130991614,-0.2009803520813352
2009-11-24,19537.44835779173,0.0077634446254020726,2.5165953130991614,-0.2009803520813352
2009-11-25,18867.317352404945,0.0075763844955999415,2.4902798113483184,-0.17103007026993772
2009-11-27,18537.298845650806,0.007443861834792818,2.4902798113483184,-0.17103007026993772
2009-11-30,19344.88618154311,0.007770968218537122,2.4893791400918595,-0.16688664258015384
2009-12-01,18893.610872729583,0.00758968795409461,2.4893791400918595,-0.16688664258015384
2009-12-02,19695.137478234876,0.00791166647178867,2.4893791400918595,-0.16688664258015384
2009-12-03,19479.746289047,0.007825142412147067,2.4893791400918595,-0.16688664258015384
2009-12-04,18958.259639438875,0.007630534185037471,2.484525877180875,-0.1598428686865886
2009-12-07,18810.28292589747,0.007570974848223756,2.484525877180875,-0.1598428686865886
2009-12-08,18564.59830686244,0.007472088931481443,2.484525877180875,-0.1598428686865886
2009-12-09,19677.06709886574,0.007894591544258452,2.4924743716698554,-0.1766246298633329
2009-12-10,19364.585839686373,0.007769221645682518,2.4924743716698554,-0.1766246298633329
2009-12-11,18970.789408692148,0.007611227471110363,2.4924743716698554,-0.1766246298633329
2009-12-14,18455.821561145007,0.0074046183868203075,2.4924743716698554,-0.1766246298633329
2009-12-15,18223.39920464688,0.007311368739345533,2.4924743716698554,-0.1766246298633329
2009-12-16,17738.656623809948,0.007116886265885966,2.4924743716698554,-0.1766246298633329
2009-12-17,17393.783554513826,0.006978520522504191,2.4924743716698554,-0.1766246298633329
2009-12-18,23216.074820997408,0.008943864932111585,2.5957541842613954,-0.10287162366310162
2009-12-21,22666.990636355902,0.00890714149237188,2.5448108863845964,-0.0841813559872299
2009-12-22,22539.635698000104,0.00885709654049071,2.5448108863845964,-0.0841813559872299
2009-12-23,22057.54334614467,0.008667655213264881,2.5448108863845964,-0.0841813559872299
2009-12-24,21548.585058141172,0.008467656741580183,2.5448108863845964,-0.0841813559872299
2009-12-28,21749.002015023314,0.008546411889145147,2.5448108863845964,-0.0841813559872299
2009-12-29,21211.56157663326,0.008335221171097884,2.5448108863845964,-0.0841813559872299
2009-12-30,20921.075113140465,0.008221072624717886,2.5448108863845964,-0.0841813559872299
2009-12-31,20431.463693389436,0.00802867663082672,2.5448108863845964,-0.0841813559872299
2010-01-04,19910.50751425367,0.007823963509736654,2.5448108863845964,-0.0841813559872299
2010-01-05,20348.911426326744,0.00799623718021592,2.5448108863845964,-0.0841813559872299
2010-01-06,20290.871123674584,0.007973429865549558,2.5448108863845964,-0.0841813559872299
2010-01-07,20824.974744764586,0.008183309359522016,2.5448108863845964,-0.0841813559872299
2010-01-08,20291.42315806257,0.00797364679105508,2.5448108863845964,-0.0841813559872299
2010-01-11,19762.879542182898,0.007765952137315771,2.5448108863845964,-0.0841813559872299
2010-01-12,19678.098873859606,0.00773263702192669,2.5448108863845964,-0.0841813559872299
2010-01-13,21986.409053606283,0.008563736490561568,2.5673850518215238,-0.10537770012291267
2010-01-14,22189.877721621826,0.008642987815901794,2.5673850518215238,-0.10537770012291267
2010-01-15,21594.21538179238,0.008410976517321228,2.5673850518215238,-0.10537770012291267
2010-01-19,22380.27967843056,0.008718072658790727,2.567113231829259,-0.10461327831660554
2010-01-20,21854.695322616906,0.008568903581512435,2.550465776014659,-0.08223461048808553
2010-01-21,23410.936631451143,0.009139076917245586,2.5616303313165387,-0.09894065783380794
2010-01-22,24056.343364010536,0.009423212299232623,2.5528813954419296,-0.08153139954570374
2010-01-25,23483.461635517568,0.00919880636736449,2.5528813954419296,-0.08153139954570374
2010-01-26,22940.173237788793,0.008999536889089145,2.5490393028557934,-0.07849839670784303
2010-01-27,22372.060476845047,0.00877666360490429,2.5490393028557934,-0.07849839670784303
2010-01-28,21813.803736487975,0.008557656883536113,2.5490393028557934,-0.07849839670784303
2010-01-29,21238.81487388221,0.008332086072618611,2.5490393028557934,-0.07849839670784303
2010-02-01,21292.389008238417,0.008353103455244365,2.5490393028557934,-0.07849839670784303
2010-02-02,21937.441533591784,0.008606160567635959,2.5490393028557934,-0.07849839670784303
2010-02-03,21438.866984461012,0.008410567448074327,2.5490393028557934,-0.07849839670784303
2010-02-04,20855.697875705402,0.008181787488462775,2.5490393028557934,-0.07849839670784303
2010-02-05,25783.52709331133,0.00988304072676075,2.6088658142929764,-0.08197447761465737
2010-02-08,25107.104415010366,0.009623762279170573,2.6088658142929764,-0.08197447761465737
2010-02-09,24422.26277066802,0.009361256771761813,2.6088658142929764,-0.08197447761465737
2010-02-10,24815.937074655187,0.00951215541201781,2.6088658142929764,-0.08197447761465737
2010-02-11,24148.888440914303,0.0092564701137988,2.6088658142929764,-0.08197447761465737
2010-02-12,23776.64260274691,0.009113785183003202,2.6088658142929764,-0.08197447761465737
2010-02-16,23324.632937005103,0.008947099008625321,2.606949237347137,-0.0810978554435694
2010-02-17,23643.50776155765,0.009069416244413554,2.606949237347137,-0.0810978554435694
2010-02-18,23095.416273145704,0.008859173758461012,2.606949237347137,-0.0810978554435694
2010-02-19,22606.78742034277,0.008671740552703555,2.606949237347137,-0.0810978554435694
2010-02-22,21946.47343731228,0.008436844004952891,2.6012657605650285,-0.06926984234677236
2010-02-23,21344.235451873872,0.008205326720341572,2.6012657605650285,-0.06926984234677236
2010-02-24,23290.172692515862,0.008895518307058476,2.6181917555085485,-0.0972531929098776
2010-02-25,22707.930769915678,0.008673135083455708,2.6181917555085485,-0.0972531929098776
2010-02-26,22186.476968131607,0.008473969456764324,2.6181917555085485,-0.0972531929098776
2010-03-01,21599.490747928703,0.008249774181927058,2.6181917555085485,-0.0972531929098776
2010-03-02,21063.412827711523,0.008045022975645357,2.6181917555085485,-0.0972531929098776
2010-03-03,20874.860861609024,0.007973006873041033,2.6181917555085485,-0.0972531929098776
2010-03-04,20426.107280873348,0.007801608586497841,2.6181917555085485,-0.0972531929098776
2010-03-05,20053.94447760294,0.007659463610872052,2.6181917555085485,-0.0972531929098776
2010-03-08,20997.533681005232,0.008019860897058986,2.6181917555085485,-0.0972531929098776
2010-03-09,20423.787366531556,0.00780072251146651,2.6181917555085485,-0.0972531929098776
2010-03-10,19868.454618725962,0.007588617058671771,2.6181917555085485,-0.0972531929098776
2010-03-11,19269.52407107105,0.0073864272545417445,2.608774635832589,-0.07919051203111338
2010-03-12,18806.873277639013,0.007209083153185751,2.608774635832589,-0.07919051203111338
2010-03-15,18326.129911379012,0.007024803775558878,2.608774635832589,-0.07919051203111338
2010-03-16,17840.940948247084,0.006838820304059402,2.608774635832589,-0.07919051203111338
2010-03-17,17707.236452448367,0.00678756846575868,2.608774635832589,-0.07919051203111338
2010-03-18,17240.34770494365,0.006608599864526589,2.608774635832589,-0.07919051203111338
2010-03-19,16801.19741348573,0.006440264016183842,2.608774635832589,-0.07919051203111338
2010-03-22,16875.48763927366,0.00646874107386737,2.608774635832589,-0.07919051203111338
2010-03-23,16433.909451119427,0.006299474559968861,2.608774635832589,-0.07919051203111338
2010-03-24,16058.09428091173,0.006155416439713581,2.608774635832589,-0.07919051203111338
2010-03-25,15792.537143125783,0.006053622618914187,2.608774635832589,-0.07919051203111338
2010-03-26,15827.991729551823,0.006067213132229924,2.608774635832589,-0.07919051203111338
2010-03-29,15434.257740583695,0.005916286339413085,2.608774635832589,-0.07919051203111338
2010-03-30,15203.98060097597,0.0058578753633807224,2.5954769703740133,-0.059459992163803634
2010-03-31,14914.02572770414,0.005746159915090674,2.5954769703740133,-0.059459992163803634
2010-04-01,14532.767960533258,0.005599266773089132,2.5954769703740133,-0.059459992163803634
2010-04-05,15422.509307428925,0.005942071335430309,2.5954769703740133,-0.059459992163803634
2010-04-06,16719.21598744845,0.0064416737957182415,2.5954769703740133,-0.059459992163803634
2010-04-07,16398.825507438316,0.006318231945273324,2.5954769703740133,-0.059459992163803634
2010-04-08,16564.935053963276,0.006340139642068873,2.612708235012615,-0.10311021093719508
2010-04-09,16225.559380487415,0.006210245431560433,2.612708235012615,-0.10311021093719508
2010-04-12,16181.973053503436,0.006193562999745091,2.612708235012615,-0.10311021093719508
2010-04-13,15794.965809603027,0.0060454380622897074,2.612708235012615,-0.10311021093719508
2010-04-14,15471.282955281024,0.0059215501937614256,2.612708235012615,-0.10311021093719508
2010-04-15,15887.198027999742,0.006080739446945186,2.612708235012615,-0.10311021093719508
2010-04-16,15500.514801882538,0.005932738525550556,2.612708235012615,-0.10311021093719508
2010-04-19,18558.9595282485,0.006999274431999345,2.65155477307769,-0.10515142432629362
2010-04-20,18176.696361437535,0.006855108763353824,2.65155477307769,-0.10515142432629362
2010-04-21,17711.149001501657,0.006679533525511195,2.65155477307769,-0.10515142432629362
2010-04-22,17394.97465002436,0.006560292409058485,2.65155477307769,-0.10515142432629362
2010-04-23,16934.72976324331,0.006386716931208998,2.65155477307769,-0.10515142432629362
2010-04-26,17720.648178546104,0.006683116018749085,2.65155477307769,-0.10515142432629362
2010-04-27,17355.39547630135,0.006545365629447943,2.65155477307769,-0.10515142432629362
2010-04-28,20136.09694096925,0.007500170564156194,2.6847518691376133,-0.1379783752615537
2010-04-29,20372.287001860044,0.007588145197345167,2.6847518691376133,-0.1379783752615537
2010-04-30,19834.12456831381,0.00738769373673436,2.6847518691376133,-0.1379783752615537
2010-05-03,19999.97644717518,0.007449469232923751,2.6847518691376133,-0.1379783752615537
2010-05-04,19721.422310812195,0.007345715087311604,2.6847518691376133,-0.1379783752615537
2010-05-05,23993.020602629906,0.008782505730491776,2.7319106117208785,-0.1585916868707301
2010-05-06,23830.327526003148,0.008722952875457372,2.7319106117208785,-0.1585916868707301
2010-05-07,24976.057136040363,0.009147206587262934,2.7304573147848634,-0.1521938669582958
2010-05-10,24492.133202166457,0.008969974761936986,2.7304573147848634,-0.1521938669582958
2010-05-11,25175.687175938718,0.009220318896624958,2.7304573147848634,-0.1521938669582958
2010-05-12,24497.042499268002,0.008971772738076353,2.7304573147848634,-0.1521938669582958
2010-05-13,23901.153221683868,0.00875353483545194,2.7304573147848634,-0.1521938669582958
2010-05-14,23670.612745970746,0.008669101918495212,2.7304573147848634,-0.1521938669582958
2010-05-17,24951.30686862435,0.009194557755337292,2.7137038596707406,-0.09057654686329192
2010-05-18,24304.328099989918,0.008939988284334753,2.7186084955589473,-0.1310734705948032
2010-05-19,24838.42244121549,0.00922125525811165,2.6936053439542205,-0.03693042340049467
2010-05-20,24301.136287540783,0.009021787969824356,2.6936053439542205,-0.03693042340049467
2010-05-21,24893.29026019321,0.009241624915864544,2.6936053439542205,-0.03693042340049467
2010-05-24,24319.196537272423,0.009028492830940026,2.6936053439542205,-0.03693042340049467
2010-05-25,23655.18138598034,0.008781977448579927,2.6936053439542205,-0.03693042340049467
2010-05-26,23140.633219727733,0.008590951629817163,2.6936053439542205,-0.03693042340049467
2010-05-27,22502.74875996152,0.008354137257140803,2.6936053439542205,-0.03693042340049467
2010-05-28,24536.822480064413,0.009109286382705303,2.6936053439542205,-0.03693042340049467
2010-06-01,24034.8672844648,0.008922935699697397,2.6936053439542205,-0.03693042340049467
2010-06-02,23431.755671562096,0.008699030733716993,2.6936053439542205,-0.03693042340049467
2010-06-03,23155.93978554923,0.008596634186787083,2.6936053439542205,-0.03693042340049467
2010-06-04,22543.4126699304,0.008369233718862692,2.6936053439542205,-0.03693042340049467
2010-06-07,25715.427307724134,0.009448316301764197,2.721694160781062,-0.09050763698398764
2010-06-08,25000.17843461172,0.009185520840239176,2.721694160781062,-0.09050763698398764
2010-06-09,24313.714296737417,0.008933301414645337,2.721694160781062,-0.09050763698398764
2010-06-10,23644.75501864407,0.008687513593319604,2.721694160781062,-0.09050763698398764
2010-06-11,24201.038197855498,0.008891902163948638,2.721694160781062,-0.09050763698398764
2010-06-14,23710.94595517777,0.008713063539828952,2.7213098867913503,-0.08864347118350017
2010-06-15,23237.52174595238,0.008539094301146036,2.7213098867913503,-0.08864347118350017
2010-06-16,23441.13286151235,0.008613915296927607,2.7213098867913503,-0.08864347118350017
2010-06-17,23092.48329883397,0.008485797009344613,2.7213098867913503,-0.08864347118350017
2010-06-18,22457.307965271586,0.00825238906979117,2.7213098867913503,-0.08864347118350017
2010-06-21,21986.4659781348,0.008079368720501972,2.7213098867913503,-0.08864347118350017
2010-06-22,21662.575773905355,0.007960348756696477,2.7213098867913503,-0.08864347118350017
2010-06-23,21727.20968541044,0.007984099786235157,2.7213098867913503,-0.08864347118350017
2010-06-24,21383.183774479363,0.007857680552394533,2.7213098867913503,-0.08864347118350017
2010-06-25,20809.980623029594,0.007647045536429621,2.7213098867913503,-0.08864347118350017
2010-06-28,20294.790961407056,0.007457728743026871,2.7213098867913503,-0.08864347118350017
2010-06-29,20955.06939016124,0.007708647813618436,2.718384585314832,-0.07642258614638078
2010-06-30,21896.080081719545,0.008067789774091038,2.714012225756896,-0.05642580913125854
2010-07-01,21297.391645996733,0.00784719812382467,2.714012225756896,-0.05642580913125854
2010-07-02,21141.840577815514,0.007789884060643603,2.714012225756896,-0.05642580913125854
2010-07-06,20914.575745584076,0.007706146474617049,2.714012225756896,-0.05642580913125854
2010-07-07,20709.62456018017,0.007630630534246977,2.714012225756896,-0.05642580913125854
2010-07-08,21273.337053052866,0.007838335012334023,2.714012225756896,-0.05642580913125854
2010-07-09,20886.6805520061,0.007695868262414007,2.714012225756896,-0.05642580913125854
2010-07-12,20520.85380506766,0.007561076405742687,2.714012225756896,-0.05642580913125854
2010-07-13,20012.681858180935,0.00737383629603942,2.714012225756896,-0.05642580913125854
2010-07-14,21127.164086165434,0.00778447638726955,2.714012225756896,-0.05642580913125854
2010-07-15,20963.747683609494,0.007724264277314752,2.714012225756896,-0.05642580913125854
2010-07-16,20443.106115558257,0.0075324296337158135,2.714012225756896,-0.05642580913125854
2010-07-19,21058.116855090117,0.0077590353703057965,2.714012225756896,-0.05642580913125854
2010-07-20,20493.12968270809,0.007550861226129102,2.714012225756896,-0.05642580913125854
2010-07-21,19958.842702261027,0.007353998818739592,2.714012225756896,-0.05642580913125854
2010-07-22,20960.578716427808,0.0077237835771188715,2.713770849111043,-0.055412229405007306
2010-07-23,21826.113759404616,0.008042725407915062,2.713770849111043,-0.055412229405007306
2010-07-26,21425.054872706216,0.007894938837494137,2.713770849111043,-0.055412229405007306
2010-07-27,20927.958744631913,0.007711763412702049,2.713770849111043,-0.055412229405007306
2010-07-28,20371.485113004488,0.007506707915179216,2.713770849111043,-0.055412229405007306
2010-07-29,20094.490359888925,0.007404637855282191,2.713770849111043,-0.055412229405007306
2010-07-30,19574.888355432136,0.0072131692187070015,2.713770849111043,-0.055412229405007306
2010-08-02,19425.3505399383,0.007158065886919491,2.713770849111043,-0.055412229405007306
2010-08-03,20407.976871914652,0.00752015479811044,2.713770849111043,-0.055412229405007306
2010-08-04,19853.01497454481,0.007355096286032751,2.6992189092405865,-0.01808789808974371
2010-08-05,19674.703311428766,0.007289035818500604,2.6992189092405865,-0.01808789808974371
2010-08-06,19312.606092024907,0.007154886928922125,2.6992189092405865,-0.01808789808974371
2010-08-09,19113.072289679356,0.007080964135308588,2.6992189092405865,-0.01808789808974371
2010-08-10,18664.392315487054,0.006914738279133573,2.6992189092405865,-0.01808789808974371
2010-08-11,18807.59857660549,0.006967792983451248,2.6992189092405865,-0.01808789808974371
2010-08-12,20311.842928454793,0.007503138189659244,2.707112999257882,-0.042814656770608445
2010-08-13,19912.941756894536,0.007355785208210147,2.707112999257882,-0.042814656770608445
2010-08-16,19734.54354432973,0.007289885405500134,2.707112999257882,-0.042814656770608445
2010-08-17,19355.416854596675,0.007306945285360212,2.648906772762636,-0.018177178778037394
2010-08-18,19372.206062808862,0.007313283450366553,2.648906772762636,-0.018177178778037394
2010-08-19,18951.899147068296,0.007134920111067711,2.6562174280928597,-0.04587499819310543
2010-08-20,19211.48693377997,0.00723264847621064,2.6562174280928597,-0.04587499819310543
2010-08-23,18290.413805140382,0.0070378175106063,2.5988758272825243,-0.01597672200803814
2010-08-24,18056.87201948694,0.006947954892622875,2.5988758272825243,-0.01597672200803814
2010-08-25,18721.677877092123,0.007209683080391628,2.5967407538356273,-0.009212883120904968
2010-08-26,18461.89343157153,0.007109640577058607,2.5967407538356273,-0.009212883120904968
2010-08-27,18002.989254580774,0.006991576720187742,2.5749541162293568,0.03046666250365237
2010-08-30,19785.63745663638,0.0076838796201967085,2.5749541162293568,0.03046666250365237
2010-08-31,20316.201382459203,0.007927564301305421,2.5627293088135232,0.07327262019918555
2010-09-01,20040.246399668762,0.007819884187825858,2.5627293088135232,0.07327262019918555
2010-09-02,20946.709941326902,0.008173594405499144,2.5627293088135232,0.07327262019918555
2010-09-03,20537.27671135182,0.00820419901444348,2.503264081624053,0.027450233609252007
2010-09-07,20697.00874211714,0.00826800851498235,2.503264081624053,0.027450233609252007
2010-09-08,21046.906984069712,0.008407785314610124,2.503264081624053,0.027450233609252007
2010-09-09,20486.359300516833,0.008183858607209276,2.503264081624053,0.027450233609252007
2010-09-10,20506.53106328101,0.008171745622359056,2.509443148495987,0.004043479745059263
2010-09-13,20047.78791478633,0.007988938871479036,2.509443148495987,0.004043479745059263
2010-09-14,19589.260698629125,0.00780621816850873,2.509443148495987,0.004043479745059263
2010-09-15,19137.117443512532,0.0076260414407005785,2.509443148495987,0.004043479745059263
2010-09-16,19208.984727311024,0.007654680178279297,2.509443148495987,0.004043479745059263
2010-09-17,18789.08996873091,0.007487354308063121,2.509443148495987,0.004043479745059263
2010-09-20,18282.21121917596,0.0072853657713398455,2.509443148495987,0.004043479745059263
2010-09-21,17817.29020945227,0.007100097174997133,2.509443148495987,0.004043479745059263
2010-09-22,17720.226223416506,0.007061417683057283,2.509443148495987,0.004043479745059263
2010-09-23,17292.69624011906,0.006891049215633073,2.509443148495987,0.004043479745059263
2010-09-24,16824.667381352847,0.006711125404748568,2.506981521973688,0.008592228246626438
2010-09-27,17168.671592476574,0.006848343891645472,2.506981521973688,0.008592228246626438
2010-09-28,16902.089254612456,0.006742007911293193,2.506981521973688,0.008592228246626438
2010-09-29,16491.62435668279,0.006594830291289389,2.5006897263854273,0.009532465017145608
2010-09-30,16347.108518296334,0.006537039899757953,2.5006897263854273,0.009532465017145608
2010-10-01,15917.820889509734,0.006365372209737445,2.5006897263854273,0.009532465017145608
2010-10-04,15631.730417949353,0.006250967584268813,2.5006897263854273,0.009532465017145608
2010-10-05,15349.94249422706,0.006138283503253453,2.5006897263854273,0.009532465017145608
2010-10-06,15757.60381355203,0.006301303055428851,2.5006897263854273,0.009532465017145608
2010-10-07,15454.430779198186,0.006180067289489963,2.5006897263854273,0.009532465017145608
2010-10-08,15081.982988304826,0.006031129263727084,2.5006897263854273,0.009532465017145608
2010-10-11,14892.135018996876,0.005955211021129926,2.5006897263854273,0.009532465017145608
2010-10-12,14662.331750994445,0.005821281309376285,2.518746470365203,-0.043150113844773755
2010-10-13,14291.398380748982,0.005674012271142484,2.518746470365203,-0.043150113844773755
2010-10-14,14981.543326594709,0.005948015611282415,2.518746470365203,-0.043150113844773755
2010-10-15,14867.14520199764,0.005902596937373373,2.518746470365203,-0.043150113844773755
2010-10-18,14845.24592784685,0.005926359390156331,2.5049520203760793,-0.02192774235981896
2010-10-19,14723.762783022836,0.005871854499557194,2.5075149229486486,-0.05404358020533222
2010-10-20,16963.309245899145,0.006715780445451836,2.5258880012057716,-0.023883704806222136
2010-10-21,16632.60361616735,0.006584853963527885,2.5258880012057716,-0.023883704806222136
2010-10-22,16541.397117622357,0.006548745276800106,2.5258880012057716,-0.023883704806222136
2010-10-25,16162.828523182774,0.0063988698293302,2.5258880012057716,-0.023883704806222136
2010-10-26,15878.300148365335,0.0062862249398174365,2.5258880012057716,-0.023883704806222136
2010-10-27,15889.050278907813,0.006290480920501198,2.5258880012057716,-0.023883704806222136
2010-10-28,15488.976095571603,0.006132091402381143,2.5258880012057716,-0.023883704806222136
2010-10-29,15164.649389307388,0.006003690338632714,2.5258880012057716,-0.023883704806222136
2010-11-01,14821.277831203588,0.0058677494109510885,2.5258880012057716,-0.023883704806222136
2010-11-02,14830.675045568207,0.005824329793843544,2.5463316073283804,-0.08266896172034616
2010-11-03,14450.985601689574,0.005675217461896723,2.5463316073283804,-0.08266896172034616
2010-11-04,14411.386144904089,0.005659665890894927,2.5463316073283804,-0.08266896172034616
2010-11-05,14201.248789668938,0.005577140364906728,2.5463316073283804,-0.08266896172034616
2010-11-08,14478.171266693113,0.005685893865914683,2.5463316073283804,-0.08266896172034616
2010-11-09,14119.221615717393,0.005544926503320331,2.5463316073283804,-0.08266896172034616
2010-11-10,13763.99347052317,0.00540542065727425,2.5463316073283804,-0.08266896172034616
2010-11-11,13602.75504220577,0.0053420988071847504,2.5463316073283804,-0.08266896172034616
2010-11-12,13272.993811651082,0.005212594374374181,2.5463316073283804,-0.08266896172034616
2010-11-15,13261.23330009527,0.005207975764794044,2.5463316073283804,-0.08266896172034616
2010-11-16,14446.760675128633,0.005620965452979129,2.570156460839268,-0.13858367327924756
2010-11-17,16463.63863026042,0.006333910999775915,2.5992848069451684,-0.16637091805940069
2010-11-18,16030.905350385894,0.006167429328079808,2.5992848069451684,-0.16637091805940069
2010-11-19,16249.393507702494,0.006251486356664291,2.5992848069451684,-0.16637091805940069
2010-11-22,15833.932977632066,0.006091649878199008,2.5992848069451684,-0.16637091805940069
2010-11-23,15526.263796642856,0.005973283018143067,2.5992848069451684,-0.16637091805940069
2010-11-24,15726.013262410073,0.006050130874612468,2.5992848069451684,-0.16637091805940069
2010-11-26,16782.23480448672,0.006505325674414955,2.579768584144867,-0.16879586280100178
2010-11-29,17348.673024315245,0.006766104689787784,2.5640562509326736,-0.13531541667413022
2010-11-30,17007.204989290905,0.0066329297507043946,2.5640562509326736,-0.13531541667413022
2010-12-01,16657.165225774304,0.00649641177712668,2.5640562509326736,-0.13531541667413022
2010-12-02,18621.041859830584,0.007262337498663375,2.5640562509326736,-0.13531541667413022
2010-12-03,19029.881855261527,0.007421787976897707,2.5640562509326736,-0.13531541667413022
2010-12-06,19459.577907142662,0.007570783306017228,2.570351986124906,-0.1561307888044094
2010-12-07,18945.59288969138,0.00737081652316965,2.570351986124906,-0.1561307888044094
2010-12-08,19032.950595891096,0.007404803193739005,2.570351986124906,-0.1561307888044094
2010-12-09,18771.874539115022,0.00730323109070199,2.570351986124906,-0.1561307888044094
2010-12-10,18268.75357078936,0.007107490985439529,2.570351986124906,-0.1561307888044094
2010-12-13,18420.833196399195,0.007166657833571919,2.570351986124906,-0.1561307888044094
2010-12-14,17960.06596076992,0.006987395523150406,2.570351986124906,-0.1561307888044094
2010-12-15,21372.811411550894,0.008315130194978785,2.570351986124906,-0.1561307888044094
2010-12-16,20822.522063734843,0.008101039147999,2.570351986124906,-0.1561307888044094
2010-12-17,20714.24493536927,0.008058913739125012,2.570351986124906,-0.1561307888044094
2010-12-20,20966.98976316102,0.008228334463335478,2.5481450537271595,-0.1083509751136679
2010-12-21,20512.799420816307,0.008050090943925007,2.5481450537271595,-0.1083509751136679
2010-12-22,19959.38423023123,0.00783290739317871,2.5481450537271595,-0.1083509751136679
2010-12-23,19416.00967378253,0.007619664212358252,2.5481450537271595,-0.1083509751136679
2010-12-27,18985.774976964974,0.007450821902463743,2.5481450537271595,-0.1083509751136679
2010-12-28,18612.747612235602,0.007304430171669711,2.5481450537271595,-0.1083509751136679
2010-12-29,20757.064147359477,0.008145950764065891,2.5481450537271595,-0.1083509751136679
2010-12-30,21460.201840241793,0.008463998819019559,2.5354684350874788,-0.0759970790676423
2010-12-31,20942.843184622223,0.008259950269859958,2.5354684350874788,-0.0759970790676423
2011-01-03,20405.85765381675,0.00804816079404779,2.5354684350874788,-0.0759970790676423
2011-01-04,20443.425283937268,0.00806297763404494,2.5354684350874788,-0.0759970790676423
2011-01-05,20187.382029757187,0.007961993038600255,2.5354684350874788,-0.0759970790676423
2011-01-06,20850.32111992483,0.008167385786380788,2.552875750609575,-0.11785968180985998
2011-01-07,21062.220916620907,0.008250390138098838,2.552875750609575,-0.11785968180985998
2011-01-10,21759.22661957577,0.00856686692226042,2.5399281694263163,-0.08647314055530947
2011-01-11,21208.78455347327,0.008350151318753087,2.5399281694263163,-0.08647314055530947
2011-01-12,21137.795066913142,0.008322201911594789,2.5399281694263163,-0.08647314055530947
2011-01-13,20995.85995991001,0.008266320367891452,2.5399281694263163,-0.08647314055530947
2011-01-14,20618.991399711696,0.008117942722911265,2.5399281694263163,-0.08647314055530947
2011-01-18,20272.203054120586,0.00798140801702254,2.5399281694263163,-0.08647314055530947
2011-01-19,19822.20908271214,0.007804240025885971,2.5399281694263163,-0.08647314055530947
2011-01-20,19394.21014576994,0.007635731742032073,2.5399281694263163,-0.08647314055530947
2011-01-21,19016.975552697084,0.007487209985545525,2.5399281694263163,-0.08647314055530947
2011-01-24,18522.877971514547,0.0072926778774607,2.5399281694263163,-0.08647314055530947
2011-01-25,18044.25800264302,0.007104239489858726,2.5399281694263163,-0.08647314055530947
2011-01-26,17992.995652182268,0.007084056891359363,2.5399281694263163,-0.08647314055530947
2011-01-27,18739.94603877034,0.007378140163311414,2.5399281694263163,-0.08647314055530947
2011-01-28,18760.698979350138,0.007386310843423396,2.5399281694263163,-0.08647314055530947
2011-01-31,18358.410980911154,0.007227925262570593,2.5399281694263163,-0.08647314055530947
2011-02-01,17935.61871799655,0.007061466908352609,2.5399281694263163,-0.08647314055530947
2011-02-02,18978.03410449179,0.007471878273147499,2.5399281694263163,-0.08647314055530947
2011-02-03,18588.64718853526,0.007318572002268002,2.5399281694263163,-0.08647314055530947
2011-02-04,18762.719859308436,0.0073388820386451415,2.5566182642679856,-0.12503632659728542
2011-02-07,18401.835076035448,0.007197724953007127,2.5566182642679856,-0.12503632659728542
2011-02-08,17917.882266437202,0.0070084308310171105,2.5566182642679856,-0.12503632659728542
2011-02-09,18297.749170094845,0.0071570126153870225,2.5566182642679856,-0.12503632659728542
2011-02-10,18591.626256218675,0.007255194136523653,2.562526364749614,-0.1454217419998669
2011-02-11,18353.906845651898,0.007162426540514937,2.562526364749614,-0.1454217419998669
2011-02-14,18191.86830470879,0.007099192638545332,2.562526364749614,-0.1454217419998669
2011-02-15,17728.034632294573,0.006918186238457215,2.562526364749614,-0.1454217419998669
2011-02-16,17256.288938544752,0.006734092252054107,2.562526364749614,-0.1454217419998669
2011-02-17,16929.43205869156,0.00660653966006931,2.562526364749614,-0.1454217419998669
2011-02-18,16497.45205211439,0.0064379638309502284,2.562526364749614,-0.1454217419998669
2011-02-22,16173.314550348825,0.006311472448764104,2.562526364749614,-0.1454217419998669
2011-02-23,18900.36086457361,0.007297290359457569,2.5900519142804854,-0.1416911977137193
2011-02-24,18408.616078384242,0.007115052754112989,2.587277524786137,-0.15328515334586496
2011-02-25,18026.508553816962,0.006967365650233839,2.587277524786137,-0.15328515334586496
2011-02-28,17634.21409226117,0.00681574122734236,2.587277524786137,-0.15328515334586496
2011-03-01,17185.726484448507,0.006638922196378799,2.5886320062347568,-0.15654529399576128
2011-03-02,16771.11457179393,0.006478755779655224,2.5886320062347568,-0.15654529399576128
2011-03-03,16411.439081546476,0.006339811546028672,2.5886320062347568,-0.15654529399576128
2011-03-04,18500.212271724267,0.007146713873260565,2.5886320062347568,-0.15654529399576128
2011-03-07,18258.61627033227,0.00705338426873968,2.5886320062347568,-0.15654529399576128
2011-03-08,17780.291573448485,0.006868605321507421,2.5886320062347568,-0.15654529399576128
2011-03-09,17524.955959941082,0.006769968044021699,2.5886320062347568,-0.15654529399576128
2011-03-10,17691.875713048925,0.006834449883350662,2.5886320062347568,-0.15654529399576128
2011-03-11,19748.396834254254,0.007550939647340644,2.615356201556904,-0.18966636583274168
2011-03-14,19173.453907651106,0.00735639949049318,2.606363878474699,-0.17562196838041222
2011-03-15,18663.870928120956,0.007160884588012115,2.606363878474699,-0.17562196838041222
2011-03-16,18642.06234457277,0.007152517151781013,2.606363878474699,-0.17562196838041222
2011-03-17,19207.72485329596,0.007367675278486408,2.60702652156542,-0.1762101229259038
2011-03-18,18749.3986572145,0.007191871084593416,2.60702652156542,-0.1762101229259038
2011-03-21,18798.03588097239,0.007210527290564305,2.60702652156542,-0.1762101229259038
2011-03-22,19178.516729273382,0.00735647166249671,2.60702652156542,-0.1762101229259038
2011-03-23,18662.453709029458,0.007158520849194648,2.60702652156542,-0.1762101229259038
2011-03-24,18215.78546269896,0.006998555859922917,2.602792036998843,-0.1692353900615673
2011-03-25,17804.136971885633,0.006840399355307212,2.602792036998843,-0.1692353900615673
2011-03-28,17568.61448385551,0.006749910954896362,2.602792036998843,-0.1692353900615673
2011-03-29,17210.167940565403,0.006612194787720973,2.602792036998843,-0.1692353900615673
2011-03-30,16875.669301867314,0.006483679472650398,2.602792036998843,-0.1692353900615673
2011-03-31,16435.83512434088,0.0063146939481543325,2.602792036998843,-0.1692353900615673
2011-04-01,16013.605342638371,0.0061524720819043635,2.602792036998843,-0.1692353900615673
2011-04-04,15595.851266102954,0.005991969794131457,2.602792036998843,-0.1692353900615673
2011-04-05,15228.942162039997,0.005851002287374358,2.602792036998843,-0.1692353900615673
2011-04-06,15408.595461712202,0.005920025588936075,2.602792036998843,-0.1692353900615673
2011-04-07,15613.866429038762,0.005919970471636077,2.6374905928751406,-0.23769074180693134
2011-04-08,15319.816071921727,0.005808481786932754,2.6374905928751406,-0.23769074180693134
2011-04-11,14926.13451780593,0.005659218106076686,2.6374905928751406,-0.23769074180693134
2011-04-12,14545.996354164297,0.005515089378312299,2.6374905928751406,-0.23769074180693134
2011-04-13,15480.980877433163,0.005853257732536218,2.644848661178849,-0.24675906790442537
2011-04-14,15107.035093488455,0.005711871274613883,2.644848661178849,-0.24675906790442537
2011-04-15,14845.33687785973,0.0056129248889586515,2.644848661178849,-0.24675906790442537
2011-04-18,14645.1366699124,0.005537230498241378,2.644848661178849,-0.24675906790442537
2011-04-19,14419.058833989038,0.005451751945444866,2.644848661178849,-0.24675906790442537
2011-04-20,14191.75167005921,0.0053722784521220675,2.641663457420645,-0.2434996934025403
2011-04-21,14872.55935892322,0.005629997764153116,2.641663457420645,-0.2434996934025403
2011-04-25,14678.47099000668,0.005556525737134939,2.641663457420645,-0.2434996934025403
2011-04-26,14348.663298562822,0.005431677248006848,2.641663457420645,-0.2434996934025403
2011-04-27,14029.246335852637,0.005310762162546996,2.641663457420645,-0.2434996934025403
2011-04-28,15714.875494733431,0.005948855994729035,2.641663457420645,-0.2434996934025403
2011-04-29,15312.258208511128,0.005796445480402799,2.641663457420645,-0.2434996934025403
2011-05-02,15177.240308672443,0.005745334541399797,2.641663457420645,-0.2434996934025403
2011-05-03,15174.239758171749,0.005744198684940768,2.641663457420645,-0.2434996934025403
2011-05-04,14982.582214215034,0.005671646845145152,2.641663457420645,-0.2434996934025403
2011-05-05,15393.227030101294,0.005844521496937662,2.633787391862078,-0.23287326731298313
2011-05-06,18109.106139954303,0.006762294078107963,2.6779530630855213,-0.2699511310973055
2011-05-09,17642.59490948383,0.006583353236992951,2.6798797321625045,-0.2738758461018946
2011-05-10,17182.926503398005,0.006411827477620572,2.6798797321625045,-0.2738758461018946
2011-05-11,17495.392480275055,0.006528424492451871,2.6798797321625045,-0.2738758461018946
2011-05-12,17811.541250452316,0.006652136659719844,2.6775669475200545,-0.2694440787305062
2011-05-13,17338.690276137568,0.006475539404232843,2.6775669475200545,-0.2694440787305062
2011-05-16,17398.144426371084,0.006497743947162604,2.6775669475200545,-0.2694440787305062
2011-05-17,17584.400116920595,0.006567305490982085,2.6775669475200545,-0.2694440787305062
2011-05-18,17189.057801360552,0.006419655656894386,2.6775669475200545,-0.2694440787305062
2011-05-19,17847.278801716555,0.006665483684076168,2.6775669475200545,-0.2694440787305062
2011-05-20,17376.220631370852,0.006489555993161851,2.6775669475200545,-0.2694440787305062
2011-05-23,16917.23918056052,0.006318138635610645,2.6775669475200545,-0.2694440787305062
2011-05-24,17077.76668021526,0.0064583281681810725,2.644301471757675,-0.204136520014394
2011-05-25,16652.846189487096,0.0062976352610876465,2.644301471757675,-0.204136520014394
2011-05-26,16273.831311642538,0.00615430255795504,2.644301471757675,-0.204136520014394
2011-05-27,16242.947705439477,0.006090751239377914,2.6668217215022016,-0.25454661980199766
2011-05-31,16023.12509958926,0.006008322555046367,2.6668217215022016,-0.25454661980199766
2011-06-01,15616.666262056335,0.005855909353123004,2.6668217215022016,-0.25454661980199766
2011-06-02,15922.444603568729,0.006039752268459011,2.6362744523015342,-0.18973346565489624
2011-06-03,15659.130410361558,0.005939871092211489,2.6362744523015342,-0.18973346565489624
2011-06-06,15329.230579073,0.005814732440201814,2.6362744523015342,-0.18973346565489624
2011-06-07,15072.340019843059,0.005717287897200735,2.6362744523015342,-0.18973346565489624
2011-06-08,14709.680068734866,0.005579722572470762,2.6362744523015342,-0.18973346565489624
2011-06-09,14532.64590901696,0.005461646485045482,2.6608543685148343,-0.24598440611876482
2011-06-10,14231.336543456007,0.005348408658456299,2.6608543685148343,-0.24598440611876482
2011-06-13,14413.343606437476,0.005436179998218386,2.651373503298493,-0.2272177293457575
2011-06-14,14396.802657846334,0.0054299413643289825,2.651373503298493,-0.2272177293457575
2011-06-15,16067.036704373135,0.006059891857704931,2.651373503298493,-0.2272177293457575
2011-06-16,16859.22339488942,0.006367398313939853,2.647741285161994,-0.22194523319831522
2011-06-17,17104.55247523517,0.00651890537333193,2.62383812859255,-0.1653667314956136
2011-06-20,16726.91098062284,0.006374978242120181,2.62383812859255,-0.1653667314956136
2011-06-21,16475.311220070453,0.006279088271694548,2.62383812859255,-0.1653667314956136
2011-06-22,16305.856401284187,0.006214505469524064,2.62383812859255,-0.1653667314956136
2011-06-23,15926.283143117644,0.006069842102515922,2.62383812859255,-0.1653667314956136
2011-06-24,17407.958002533265,0.006584420201409691,2.6438103082798863,-0.19910632425395178
2011-06-27,17825.0240142746,0.006763801961678643,2.6353556942182825,-0.17843518348106852
2011-06-28,17438.426505745974,0.006642435082271156,2.6253062754485352,-0.16765520568457332
2011-06-29,18438.697877803523,0.007023446388042195,2.6253062754485352,-0.16765520568457332
2011-06-30,18942.45146218576,0.007215330127129426,2.6253062754485352,-0.16765520568457332
2011-07-01,18567.310621125373,0.007083929351054659,2.6210468372840365,-0.15818055861627378
2011-07-05,18246.31260471127,0.00696145995758639,2.6210468372840365,-0.15818055861627378
2011-07-06,17757.88570965136,0.006775111935066493,2.6210468372840365,-0.15818055861627378
2011-07-07,17418.508458353917,0.006645630368209371,2.6210468372840365,-0.15818055861627378
2011-07-08,17220.703451633428,0.00657016242772592,2.6210468372840365,-0.15818055861627378
2011-07-11,18152.86232372686,0.006902724611938611,2.6298111751887894,-0.17649210447437444
2011-07-12,18894.327983404593,0.007193532845891289,2.6265714480189546,-0.1657098880003715
2011-07-13,18490.827514846795,0.007039910347305868,2.6265714480189546,-0.1657098880003715
2011-07-14,18035.30171032795,0.00686648053070506,2.6265714480189546,-0.1657098880003715
2011-07-15,18239.77607126744,0.006944328921653538,2.6265714480189546,-0.1657098880003715
2011-07-18,17824.661224703068,0.006786284545256519,2.6265714480189546,-0.1657098880003715
2011-07-19,17350.20847309187,0.006605648776917133,2.6265714480189546,-0.1657098880003715
2011-07-20,16942.549276566202,0.006450442948865839,2.6265714480189546,-0.1657098880003715
2011-07-21,16945.40949509349,0.006451531904024262,2.6265714480189546,-0.1657098880003715
2011-07-22,17269.6384686343,0.006574973805361214,2.6265714480189546,-0.1657098880003715
2011-07-25,16842.91028649468,0.0064125079480317005,2.6265714480189546,-0.1657098880003715
2011-07-26,16515.73485030006,0.006287944256287704,2.6265714480189546,-0.1657098880003715
2011-07-27,16223.867223358555,0.006176823111206482,2.6265714480189546,-0.1657098880003715
2011-07-28,15832.878064494693,0.0060279639742662865,2.6265714480189546,-0.1657098880003715
2011-07-29,15754.88797699111,0.0059982712402032535,2.6265714480189546,-0.1657098880003715
2011-08-01,17266.28640002354,0.00657940278132184,2.6242938719362976,-0.13561074374276333
2011-08-02,17234.591055872053,0.006567325115596051,2.6242938719362976,-0.13561074374276333
2011-08-03,17606.692709983723,0.006709116268671877,2.6242938719362976,-0.13561074374276333
2011-08-04,17255.901886416195,0.00657544571168174,2.6242938719362976,-0.13561074374276333
2011-08-05,19660.650577762757,0.007400355182418605,2.656717156559127,-0.18359845848690204
2011-08-08,19301.681637849033,0.007265237697658336,2.656717156559127,-0.18359845848690204
2011-08-09,19231.601285520785,0.0072388591454081545,2.656717156559127,-0.18359845848690204
2011-08-10,21003.081041448288,0.007889728942821372,2.6620789121733215,-0.18118420328566184
2011-08-11,21247.100383688816,0.007955579377767554,2.670716911337141,-0.20553403023052086
2011-08-12,21048.157158954884,0.007881088807879962,2.670716911337141,-0.20553403023052086
2011-08-15,20969.543384622593,0.007851653350307287,2.670716911337141,-0.20553403023052086
2011-08-16,21109.649513922195,0.0079041134701743,2.670716911337141,-0.20553403023052086
2011-08-17,20534.528548375703,0.007688770180473653,2.670716911337141,-0.20553403023052086
2011-08-18,20153.567506629242,0.007546126443082658,2.670716911337141,-0.20553403023052086
2011-08-19,19909.16837016895,0.007454615757160529,2.670716911337141,-0.20553403023052086
2011-08-22,19376.106155818732,0.007255020580267247,2.670716911337141,-0.20553403023052086
2011-08-23,19779.303311031985,0.007405990214488563,2.670716911337141,-0.20553403023052086
2011-08-24,19363.838643535048,0.00725042723971827,2.670716911337141,-0.20553403023052086
2011-08-25,19311.574583438975,0.007230857939851925,2.670716911337141,-0.20553403023052086
2011-08-26,19187.546939848573,0.007184418108260674,2.670716911337141,-0.20553403023052086
2011-08-29,18900.409405934268,0.007076904828700638,2.670716911337141,-0.20553403023052086
2011-08-30,19466.976426358626,0.007289045253625231,2.670716911337141,-0.20553403023052086
2011-08-31,18962.30864660352,0.007100081841736537,2.670716911337141,-0.20553403023052086
2011-09-01,18453.02224426793,0.006909389072999542,2.670716911337141,-0.20553403023052086
2011-09-02,18957.893880012693,0.007134232900589843,2.6573135674397865,-0.17030234985270348
2011-09-06,19759.182357778456,0.007467883257664875,2.6458879545951732,-0.1330100514817545
2011-09-07,19668.40405881517,0.00743357405768321,2.6458879545951732,-0.1330100514817545
2011-09-08,19174.973517713846,0.007247084474764791,2.6458879545951732,-0.1330100514817545
2011-09-09,18675.402378461702,0.007058274083763717,2.6458879545951732,-0.1330100514817545
2011-09-12,20771.505764570702,0.007819394375749434,2.656408510228121,-0.13458439190854588
2011-09-13,21098.954764767965,0.007942661937548182,2.656408510228121,-0.13458439190854588
2011-09-14,21441.35841741864,0.008071559150206664,2.656408510228121,-0.13458439190854588
2011-09-15,21002.816592375206,0.007906470902915295,2.656408510228121,-0.13458439190854588
2011-09-16,20644.212455746543,0.00777147504845695,2.656408510228121,-0.13458439190854588
2011-09-19,20331.56816574372,0.007653780692035855,2.656408510228121,-0.13458439190854588
2011-09-20,23221.59220592792,0.008643169059308908,2.6866988307856463,-0.18452285674502233
2011-09-21,22585.284128953906,0.008406332660050886,2.6866988307856463,-0.18452285674502233
2011-09-22,23797.56623350038,0.008871874619053843,2.6823605219116944,-0.16814233835360087
2011-09-23,30012.61524164382,0.010925270063934657,2.747082229181527,-0.18002724042572157
2011-09-26,29389.405939239427,0.010698407796841156,2.747082229181527,-0.18002724042572157
2011-09-27,28776.662664448504,0.010540702687532561,2.7300516405310677,-0.14892979347864987
2011-09-28,29190.654125791323,0.010692345043009137,2.7300516405310677,-0.14892979347864987
2011-09-29,28781.27375153385,0.010542391698471727,2.7300516405310677,-0.14892979347864987
2011-09-30,28002.340697847343,0.010257073632643865,2.7300516405310677,-0.14892979347864987
2011-10-03,27806.729245871888,0.010185422441482734,2.7300516405310677,-0.14892979347864987
2011-10-04,28380.83262608491,0.010395712742109186,2.7300516405310677,-0.14892979347864987
2011-10-05,27945.012900916303,0.010236074836840907,2.7300516405310677,-0.14892979347864987
2011-10-06,29099.38086639545,0.010658912247071944,2.7300516405310677,-0.14892979347864987
2011-10-07,29350.378978133813,0.010750851208230033,2.7300516405310677,-0.14892979347864987
2011-10-10,28701.33530913082,0.010513110771614433,2.7300516405310677,-0.14892979347864987
2011-10-11,28622.900139055924,0.01048438048354573,2.7300516405310677,-0.14892979347864987
2011-10-12,28739.552517325315,0.01052710948417617,2.7300516405310677,-0.14892979347864987
2011-10-13,28463.523585374376,0.010426001897838629,2.7300516405310677,-0.14892979347864987
2011-10-14,27780.251228295198,0.01017572371740602,2.7300516405310677,-0.14892979347864987
2011-10-17,27820.857979350414,0.010190597703836296,2.7300516405310677,-0.14892979347864987
2011-10-18,27704.37570954453,0.010147931012819703,2.7300516405310677,-0.14892979347864987
2011-10-19,26965.954640216423,0.009877452221002978,2.7300516405310677,-0.14892979347864987
2011-10-20,26584.666508818034,0.009737788880669894,2.7300516405310677,-0.14892979347864987
2011-10-21,25843.443903709023,0.009466283904681665,2.7300516405310677,-0.14892979347864987
2011-10-24,26039.946356133227,0.00951389912267615,2.737042512261628,-0.17671069217603447
2011-10-25,25962.448886433085,0.009485584812849772,2.737042512261628,-0.17671069217603447
2011-10-26,25641.704162145026,0.009371572694744298,2.7361153775742713,-0.18611670194552765
2011-10-27,26081.914079544615,0.009532461347689139,2.7361153775742713,-0.18611670194552765
2011-10-28,32173.425239498116,0.011758796980272728,2.7361153775742713,-0.18611670194552765
2011-10-31,31275.57131290412,0.011430647833510506,2.7361153775742713,-0.18611670194552765
2011-11-01,35115.78846998329,0.012772963395674465,2.7492279890095954,-0.19546666010343838
2011-11-02,38516.71883164975,0.013970729761193063,2.756958261309932,-0.20278303287858013
2011-11-03,37559.71356289518,0.013623606164080693,2.756958261309932,-0.20278303287858013
2011-11-04,37850.65616397698,0.013729136452719726,2.756958261309932,-0.20278303287858013
2011-11-07,36853.91222503739,0.013367598901380085,2.756958261309932,-0.20278303287858013
2011-11-08,36147.1696396626,0.013056344915260549,2.7685519855877105,-0.23706990739854453
2011-11-09,35434.280066345855,0.012798849453001632,2.7685519855877105,-0.23706990739854453
2011-11-10,37584.89001441671,0.013618534669043579,2.7598336331919233,-0.20600679878725728
2011-11-11,36521.93139922848,0.013233381519808692,2.7598336331919233,-0.20600679878725728
2011-11-14,36316.88614565225,0.013159085282850713,2.7598336331919233,-0.20600679878725728
2011-11-15,35286.62879139894,0.012785781130795086,2.7598336331919233,-0.20600679878725728
2011-11-16,34289.02304126197,0.012424307983233226,2.7598336331919233,-0.20600679878725728
2011-11-17,34881.43229317912,0.01263896195541197,2.7598336331919233,-0.20600679878725728
2011-11-18,35503.30897191397,0.012864293175111476,2.7598336331919233,-0.20600679878725728
2011-11-21,34553.15559704163,0.012520013953550782,2.7598336331919233,-0.20600679878725728
2011-11-22,34768.63973304246,0.012529341565685826,2.774977404101068,-0.24987661073372933
2011-11-23,33808.38544411005,0.012183301166397069,2.774977404101068,-0.24987661073372933
2011-11-25,33298.30362463836,0.011999486401376692,2.774977404101068,-0.24987661073372933
2011-11-28,32421.302788241635,0.011683447490537048,2.774977404101068,-0.24987661073372933
2011-11-29,32076.098175982985,0.011559048419125337,2.774977404101068,-0.24987661073372933
2011-11-30,31212.32902916802,0.01124777772353754,2.774977404101068,-0.24987661073372933
2011-12-01,33122.311439660225,0.011936065277760319,2.774977404101068,-0.24987661073372933
2011-12-02,32354.666289258264,0.01163159113349545,2.781619979409924,-0.2700307933055107
2011-12-05,31588.834383224985,0.011356272466063482,2.781619979409924,-0.2700307933055107
2011-12-06,30742.197567951396,0.011051904212477242,2.781619979409924,-0.2700307933055107
2011-12-07,29976.305757088,0.010776564009094798,2.781619979409924,-0.2700307933055107
2011-12-08,29149.59202650804,0.010479358159014827,2.781619979409924,-0.2700307933055107
2011-12-09,29675.409611392944,0.010668391020720274,2.781619979409924,-0.2700307933055107
2011-12-12,29428.424959895176,0.010579599362145056,2.781619979409924,-0.2700307933055107
2011-12-13,28974.358927315174,0.01083229031089171,2.6748137370526233,-0.35573289574675593
2011-12-14,30432.107132848003,0.0113581748713664,2.679313135912917,-0.36514963903574366
2011-12-15,31465.425568332274,0.011790502791992811,2.6687093946240474,-0.33090031741277903
2011-12-16,30590.914136938238,0.01146281202388007,2.6687093946240474,-0.33090031741277903
2011-12-19,29728.317111271277,0.01113958573801897,2.6687093946240474,-0.33090031741277903
2011-12-20,29173.66907251836,0.01093175192896122,2.6687093946240474,-0.33090031741277903
2011-12-21,30914.64508439472,0.011584118205852758,2.6687093946240474,-0.33090031741277903
2011-12-22,30187.67666415996,0.01131171371636462,2.6687093946240474,-0.33090031741277903
2011-12-23,29338.30672363399,0.010993443790745527,2.6687093946240474,-0.33090031741277903
2011-12-27,29033.483232707327,0.010879222477799011,2.6687093946240474,-0.33090031741277903
2011-12-28,28272.923800405508,0.01059423100070753,2.6687093946240474,-0.33090031741277903
2011-12-29,29774.944589237963,0.011198190174615895,2.6589068523529753,-0.2914997246733677
2011-12-30,28955.18647908344,0.010889883733031043,2.6589068523529753,-0.2914997246733677
2012-01-03,28140.591282683374,0.01058351903444102,2.6589068523529753,-0.2914997246733677
2012-01-04,29037.206358674794,0.010920730951134517,2.6589068523529753,-0.2914997246733677
2012-01-05,28413.072422429577,0.010685997667532312,2.6589068523529753,-0.2914997246733677
2012-01-06,27580.14567233636,0.010390378169271694,2.6543928645351285,-0.300724635697304
2012-01-09,27255.8565221938,0.01026820742564315,2.6543928645351285,-0.300724635697304
2012-01-10,26546.731163950117,0.010001055803998073,2.6543928645351285,-0.300724635697304
2012-01-11,26473.206444995812,0.00993026588047549,2.665911141115206,-0.3399226624288903
2012-01-12,25872.339143918787,0.009704876784863823,2.665911141115206,-0.3399226624288903
2012-01-13,25070.056214634948,0.009437973678626272,2.6562964751014198,-0.31744828475524384
2012-01-17,24704.002258560187,0.009260255557708085,2.667745193921455,-0.35438825077158065
2012-01-18,24048.693003014385,0.009014613936072353,2.667745193921455,-0.35438825077158065
2012-01-19,24191.858903937347,0.0090682794440261,2.667745193921455,-0.35438825077158065
2012-01-20,24363.299521397796,0.009132543684048377,2.667745193921455,-0.35438825077158065
2012-01-23,24060.438227456958,0.009019016614585026,2.667745193921455,-0.35438825077158065
2012-01-24,23441.274778447558,0.008786924190458395,2.667745193921455,-0.35438825077158065
2012-01-25,22794.653842259137,0.008544539371375311,2.667745193921455,-0.35438825077158065
2012-01-26,22297.275177789543,0.00835809777807664,2.667745193921455,-0.35438825077158065
2012-01-27,21779.046117513113,0.008163840447407566,2.667745193921455,-0.35438825077158065
2012-01-30,21184.15702949508,0.007940847228499888,2.667745193921455,-0.35438825077158065
2012-01-31,20493.688450482827,0.007835945974201888,2.6153432550394995,-0.3408938416867596
2012-02-01,20013.231485486187,0.007652238935337735,2.6153432550394995,-0.3408938416867596
2012-02-02,19715.51456813058,0.007538404196137847,2.6153432550394995,-0.3408938416867596
2012-02-03,19303.552787835048,0.007380886906771825,2.6153432550394995,-0.3408938416867596
2012-02-06,19548.19733702587,0.007474428948994932,2.6153432550394995,-0.3408938416867596
2012-02-07,19225.377010934342,0.007350995695838015,2.6153432550394995,-0.3408938416867596
2012-02-08,19645.26315915895,0.007511542938505121,2.6153432550394995,-0.3408938416867596
2012-02-09,19194.68723928604,0.00733926118581178,2.6153432550394995,-0.3408938416867596
2012-02-10,18719.448012346333,0.007157549195990189,2.6153432550394995,-0.3408938416867596
2012-02-13,19291.556865767852,0.007403700366842748,2.6056641827598153,-0.3138587628648064
2012-02-14,19095.411681206166,0.007328423903413781,2.6056641827598153,-0.3138587628648064
2012-02-15,19399.699358378428,0.007445203217949231,2.6056641827598153,-0.3138587628648064
2012-02-16,18861.752177283826,0.0072523672301269704,2.6007718002654983,-0.31402364767496477
2012-02-17,18593.131202096392,0.007149082130234696,2.6007718002654983,-0.31402364767496477
2012-02-21,18125.362485370857,0.006969224475411699,2.6007718002654983,-0.31402364767496477
2012-02-22,18307.077502275104,0.00703909412598454,2.6007718002654983,-0.31402364767496477
2012-02-23,17821.764410452422,0.006852490637061313,2.6007718002654983,-0.31402364767496477
2012-02-24,17354.77308996858,0.006672931892062552,2.6007718002654983,-0.31402364767496477
2012-02-27,16903.021158074243,0.006499232710977837,2.6007718002654983,-0.31402364767496477
2012-02-28,16590.704818000813,0.006379146688804901,2.6007718002654983,-0.31402364767496477
2012-02-29,16344.426021393256,0.006284452184434153,2.6007718002654983,-0.31402364767496477
2012-03-01,17150.490582437837,0.006607353083691478,2.595667336859799,-0.29482852869729886
2012-03-02,17036.689732061834,0.00656351046612644,2.595667336859799,-0.29482852869729886
2012-03-05,16822.380583624596,0.0064809462848872115,2.595667336859799,-0.29482852869729886
2012-03-06,16598.98539205547,0.0063948816384678505,2.595667336859799,-0.29482852869729886
2012-03-07,17217.19183492886,0.006657536178907841,2.586120656689141,-0.26250002322170113
2012-03-08,16795.23486623884,0.006494374043530048,2.586120656689141,-0.26250002322170113
2012-03-09,17286.784400200246,0.0066844462014898805,2.586120656689141,-0.26250002322170113
2012-03-12,17172.266987813065,0.006640164658750963,2.586120656689141,-0.26250002322170113
2012-03-13,17056.919526264166,0.006595562152966653,2.586120656689141,-0.26250002322170113
2012-03-14,17938.424134925022,0.00693642196798758,2.586120656689141,-0.26250002322170113
2012-03-15,17753.54595028943,0.006864933352730052,2.586120656689141,-0.26250002322170113
2012-03-16,17403.29187802871,0.006729497261859826,2.586120656689141,-0.26250002322170113
2012-03-19,17079.981667988133,0.006604479811802221,2.586120656689141,-0.26250002322170113
2012-03-20,17733.006404461656,0.00685699113016799,2.586120656689141,-0.26250002322170113
2012-03-21,17398.34048581013,0.006727582659690832,2.586120656689141,-0.26250002322170113
2012-03-22,17353.040631017444,0.006710066131730113,2.586120656689141,-0.26250002322170113
2012-03-23,17336.641605855057,0.006703724963880898,2.586120656689141,-0.26250002322170113
2012-03-26,16886.922108796287,0.006529827626223606,2.586120656689141,-0.26250002322170113
2012-03-27,18183.815940915734,0.007031309963780039,2.586120656689141,-0.26250002322170113
2012-03-28,18118.822766438916,0.0070061784316109155,2.586120656689141,-0.26250002322170113
2012-03-29,17906.781498878903,0.006924186407375094,2.586120656689141,-0.26250002322170113
2012-03-30,17524.5210429655,0.0067763741021275945,2.586120656689141,-0.26250002322170113
2012-04-02,17393.336387387306,0.0067256476771099215,2.586120656689141,-0.26250002322170113
2012-04-03,17075.18017912096,0.006602623174195327,2.586120656689141,-0.26250002322170113
2012-04-04,16627.429798663285,0.0064294872536807355,2.586120656689141,-0.26250002322170113
2012-04-05,17943.449572416503,0.006906010588044889,2.5982366148523885,-0.2899809361465449
2012-04-09,17710.018237223365,0.006816168372036243,2.5982366148523885,-0.2899809361465449
2012-04-10,18224.273311669327,0.007049590219504475,2.5851535683942686,-0.24670517319064955
2012-04-11,17597.360521012353,0.006906649808411479,2.547886603368953,-0.2416475129900824
2012-04-12,17235.885160380843,0.006764777183407859,2.547886603368953,-0.2416475129900824
2012-04-13,17275.161952144215,0.006780192622898549,2.547886603368953,-0.2416475129900824
2012-04-16,17426.692668095548,0.006839665723369727,2.547886603368953,-0.2416475129900824
2012-04-17,17286.741248480917,0.006784737289965517,2.547886603368953,-0.2416475129900824
2012-04-18,17202.83697704784,0.0067518063615159786,2.547886603368953,-0.2416475129900824
2012-04-19,16986.48952833358,0.0066668938507204855,2.547886603368953,-0.2416475129900824
2012-04-20,16423.965397842676,0.006544474183218614,2.50959281647976,-0.19060690302099126
2012-04-23,16007.266373910821,0.006378431699674863,2.50959281647976,-0.19060690302099126
2012-04-24,15712.362942541093,0.00626092122967623,2.50959281647976,-0.19060690302099126
2012-04-25,15380.718209335719,0.006128770415796162,2.50959281647976,-0.19060690302099126
2012-04-26,15157.53722448351,0.006039839261950548,2.50959281647976,-0.19060690302099126
2012-04-27,14505.120594656417,0.005898067760613472,2.459300432511088,-0.20799244070364448
2012-04-30,14171.5633154458,0.0057624368003610735,2.459300432511088,-0.20799244070364448
2012-05-01,13843.034635221484,0.005614429480455066,2.465617331807588,-0.22734444214225863
2012-05-02,13575.16556069918,0.005505787692831874,2.465617331807588,-0.22734444214225863
2012-05-03,13410.932791505391,0.005439178504506049,2.465617331807588,-0.22734444214225863
2012-05-04,13581.287957182665,0.005508270801789822,2.465617331807588,-0.22734444214225863
2012-05-07,13654.274986802717,0.005537872730961266,2.465617331807588,-0.22734444214225863
2012-05-08,13467.323895047559,0.005462049492154739,2.465617331807588,-0.22734444214225863
2012-05-09,13717.80075472642,0.005587828322346959,2.4549431305657525,-0.2083200600472658
2012-05-10,13686.414439323707,0.005575043376328483,2.4549431305657525,-0.2083200600472658
2012-05-11,13332.303497725625,0.005436960715886677,2.452161086757337,-0.20169075600874659
2012-05-14,13534.907101010007,0.0055195831848502885,2.452161086757337,-0.20169075600874659
2012-05-15,14772.993514223692,0.005978115798450317,2.471178881823138,-0.2348720146259252
2012-05-16,15021.375270669942,0.006078627241904788,2.471178881823138,-0.2348720146259252
2012-05-17,14744.409304904275,0.005966548764784859,2.471178881823138,-0.2348720146259252
2012-05-18,14403.019804934742,0.00582840032782603,2.471178881823138,-0.2348720146259252
2012-05-21,14054.903123240243,0.00568752963479159,2.471178881823138,-0.2348720146259252
2012-05-22,14177.756600629773,0.005737244156995217,2.471178881823138,-0.2348720146259252
2012-05-23,13814.476756096039,0.005590237460229615,2.471178881823138,-0.2348720146259252
2012-05-24,14511.173519055465,0.005854807811867456,2.4785055266275196,-0.24800184144096313
2012-05-25,14143.151117458889,0.0057063222032445295,2.4785055266275196,-0.24800184144096313
2012-05-29,13784.531582085265,0.005561630359098595,2.4785055266275196,-0.24800184144096313
2012-05-30,13340.008770614395,0.005463541322397304,2.441641415967371,-0.20562538569154354
2012-05-31,14288.65941656097,0.0058198088854020955,2.455176741697035,-0.22877056106188232
2012-06-01,14391.070336783403,0.005861521124884963,2.455176741697035,-0.22877056106188232
2012-06-04,14215.714702016736,0.005790098309660076,2.455176741697035,-0.22877056106188232
2012-06-05,14087.313973421868,0.005737800352281204,2.455176741697035,-0.22877056106188232
2012-06-06,14055.149921254297,0.005724699848508372,2.455176741697035,-0.22877056106188232
2012-06-07,14585.857447767856,0.005940858431921285,2.455176741697035,-0.22877056106188232
2012-06-08,14251.207886687676,0.005804554777933072,2.455176741697035,-0.22877056106188232
2012-06-11,13885.978313319856,0.005655795803817273,2.455176741697035,-0.22877056106188232
2012-06-12,13699.559729109602,0.005579867019936157,2.455176741697035,-0.22877056106188232
2012-06-13,13670.565880963704,0.005568057748671289,2.455176741697035,-0.22877056106188232
2012-06-14,13522.394659780153,0.005507707217213773,2.455176741697035,-0.22877056106188232
2012-06-15,13532.92377541481,0.005511995753943465,2.455176741697035,-0.22877056106188232
2012-06-18,13189.814933200738,0.00537224661230859,2.455176741697035,-0.22877056106188232
2012-06-19,12858.049115482063,0.0052371175146415285,2.455176741697035,-0.22877056106188232
2012-06-20,12637.409491515295,0.005147250410485817,2.455176741697035,-0.22877056106188232
2012-06-21,12322.221291376853,0.005025688679359014,2.451847314376117,-0.22263178367259528
2012-06-22,14150.167401571814,0.005701356947097065,2.4818946669838997,-0.25081669515073085
2012-06-25,13929.332469453864,0.00561237858107063,2.4818946669838997,-0.25081669515073085
2012-06-26,14126.604585473977,0.005691863064696942,2.4818946669838997,-0.25081669515073085
2012-06-27,13769.467762401882,0.005547966215316907,2.4818946669838997,-0.25081669515073085
2012-06-28,13448.314914851117,0.005418567956872264,2.4818946669838997,-0.25081669515073085
2012-06-29,14003.87080878761,0.005631900805625514,2.486526537328147,-0.25856674987184497
2012-07-02,17360.535159246578,0.006981841898176978,2.486526537328147,-0.25856674987184497
2012-07-03,16895.59331693585,0.006794857429951547,2.486526537328147,-0.25856674987184497
2012-07-05,17074.17563606895,0.006866677423204059,2.486526537328147,-0.25856674987184497
2012-07-06,17358.455552191692,0.006981005547941553,2.486526537328147,-0.25856674987184497
2012-07-09,18789.928606218826,0.007511756460163689,2.5014027951871824,-0.2784547380759471
2012-07-10,18568.749799166686,0.007423334552473453,2.5014027951871824,-0.2784547380759471
2012-07-11,18301.32600881,0.00731708754493327,2.5011763077076727,-0.27898672515230766
2012-07-12,17808.24771842918,0.0071199489870230025,2.5011763077076727,-0.27898672515230766
2012-07-13,17680.217228986305,0.007068760876433464,2.5011763077076727,-0.27898672515230766
2012-07-16,17784.45080818384,0.00713478999534745,2.492638300465881,-0.26618659334397715
2012-07-17,17321.699040686082,0.0069491426162586875,2.492638300465881,-0.26618659334397715
2012-07-18,16996.433101775237,0.006818651987574193,2.492638300465881,-0.26618659334397715
2012-07-19,16576.81367978313,0.006650308501111002,2.492638300465881,-0.26618659334397715
2012-07-20,16205.28237892903,0.006501257072034967,2.492638300465881,-0.26618659334397715
2012-07-23,16373.564141783578,0.0065687685769424764,2.492638300465881,-0.26618659334397715
2012-07-24,16869.483895228754,0.006762989586405341,2.494382651296556,-0.26879628046678516
2012-07-25,16647.484831268062,0.006673989984100819,2.494382651296556,-0.26879628046678516
2012-07-26,16209.928038240907,0.006498573115802879,2.494382651296556,-0.26879628046678516
2012-07-27,16839.72505543354,0.00675105924372927,2.494382651296556,-0.26879628046678516
2012-07-30,21128.779706525012,0.008470544683889008,2.494382651296556,-0.26879628046678516
2012-07-31,20679.055463272438,0.00829024987506374,2.494382651296556,-0.26879628046678516
2012-08-01,20558.39510797734,0.008241877042117528,2.494382651296556,-0.26879628046678516
2012-08-02,20027.816108690688,0.008029167496927715,2.494382651296556,-0.26879628046678516
2012-08-03,20411.140826402672,0.008182842682855077,2.494382651296556,-0.26879628046678516
2012-08-06,22184.388241616958,0.008955566075833745,2.4771620301569417,-0.24289965398725746
2012-08-07,21859.724467435528,0.008824503282916295,2.4771620301569417,-0.24289965398725746
2012-08-08,21528.1292253146,0.008690642341207963,2.4771620301569417,-0.24289965398725746
2012-08-09,20953.207874830452,0.008458553626991834,2.4771620301569417,-0.24289965398725746
2012-08-10,20390.097561161434,0.00823123288381326,2.4771620301569417,-0.24289965398725746
2012-08-13,20013.445163014523,0.00807918291955515,2.4771620301569417,-0.24289965398725746
2012-08-14,19563.714915990036,0.007897632321915805,2.4771620301569417,-0.24289965398725746
2012-08-15,19425.13617145727,0.007841689778454492,2.4771620301569417,-0.24289965398725746
2012-08-16,19251.2111754186,0.007771478385771533,2.4771620301569417,-0.24289965398725746
2012-08-17,18900.14659072051,0.007645240515572272,2.4721454547078787,-0.2330958154029079
2012-08-20,18387.453587843458,0.007437852636391985,2.4721454547078787,-0.2330958154029079
2012-08-21,17910.539182900135,0.007244937448478951,2.4721454547078787,-0.2330958154029079
2012-08-22,17428.965985183222,0.00705013774654401,2.4721454547078787,-0.2330958154029079
2012-08-23,16992.178019683135,0.006876507622233859,2.47104765284375,-0.23164878544497702
2012-08-24,16565.38490036388,0.006703790143949662,2.47104765284375,-0.23164878544497702
2012-08-27,16151.891557677867,0.006536454907735115,2.47104765284375,-0.23164878544497702
2012-08-28,15906.151559154625,0.006437007210625576,2.47104765284375,-0.23164878544497702
2012-08-29,15499.75780070344,0.006272545081381126,2.47104765284375,-0.23164878544497702
2012-08-30,15125.51494914176,0.0061210939949842315,2.47104765284375,-0.23164878544497702
2012-08-31,15076.399670602259,0.006101217697381076,2.47104765284375,-0.23164878544497702
2012-09-04,14716.510263856413,0.005955575258502297,2.47104765284375,-0.23164878544497702
2012-09-05,14361.824727107536,0.005812038756346747,2.47104765284375,-0.23164878544497702
2012-09-06,14007.065414354967,0.005668472398027309,2.47104765284375,-0.23164878544497702
2012-09-07,15914.656939695646,0.006440449224595332,2.47104765284375,-0.23164878544497702
2012-09-10,15908.934851825396,0.006438133572016287,2.47104765284375,-0.23164878544497702
2012-09-11,15490.324063364737,0.006268727373807641,2.47104765284375,-0.23164878544497702
2012-09-12,15154.30820489444,0.006132746241236765,2.47104765284375,-0.23164878544497702
2012-09-13,15546.853584824195,0.006291604116550502,2.47104765284375,-0.23164878544497702
2012-09-14,16491.71974238714,0.0066739788378455634,2.47104765284375,-0.23164878544497702
2012-09-17,18209.831640302924,0.007369275788488557,2.47104765284375,-0.23164878544497702
2012-09-18,17862.399183355905,0.007228674510910123,2.47104765284375,-0.23164878544497702
2012-09-19,17392.489022657486,0.0070385081415333,2.47104765284375,-0.23164878544497702
2012-09-20,17072.555922722237,0.006909035486658732,2.47104765284375,-0.23164878544497702
2012-09-21,16623.174360688758,0.0067271767671328985,2.47104765284375,-0.23164878544497702
2012-09-24,16327.023158357324,0.006607328328762796,2.47104765284375,-0.23164878544497702
2012-09-25,16095.912024021194,0.006513800737714456,2.47104765284375,-0.23164878544497702
2012-09-26,16062.448807290652,0.0065002586205917725,2.47104765284375,-0.23164878544497702
2012-09-27,16279.617200604418,0.0065881437704648806,2.47104765284375,-0.23164878544497702
2012-09-28,16160.32041630097,0.006539865954306152,2.47104765284375,-0.23164878544497702
2012-10-01,15770.311993595697,0.006382034751716254,2.47104765284375,-0.23164878544497702
2012-10-02,15375.053871798817,0.006222079065980285,2.47104765284375,-0.23164878544497702
2012-10-03,14978.140907778326,0.0060614536876863,2.47104765284375,-0.23164878544497702
2012-10-04,14623.7685343602,0.005918043918550402,2.47104765284375,-0.23164878544497702
2012-10-05,14959.8641550956,0.006054057329845247,2.47104765284375,-0.23164878544497702
2012-10-08,14735.301381172068,0.005963179772844233,2.47104765284375,-0.23164878544497702
2012-10-09,14362.81174734858,0.005812438190262927,2.47104765284375,-0.23164878544497702
2012-10-10,14396.680146576227,0.005826144279333556,2.47104765284375,-0.23164878544497702
2012-10-11,14382.315031811768,0.005820330909143011,2.47104765284375,-0.23164878544497702
2012-10-12,13877.99294178474,0.005681895779936918,2.4424933999649703,-0.22075281672620917
2012-10-15,13572.466395839574,0.005556807807969605,2.4424933999649703,-0.22075281672620917
2012-10-16,13229.276097027032,0.005416299629393784,2.4424933999649703,-0.22075281672620917
2012-10-17,13621.20728132969,0.005576763188602697,2.4424933999649703,-0.22075281672620917
2012-10-18,14428.350081443612,0.005907221727457089,2.4424933999649703,-0.22075281672620917
2012-10-19,14057.804489008293,0.0057555138078202814,2.4424933999649703,-0.22075281672620917
2012-10-22,15573.697685846042,0.006343531260487403,2.455051775791114,-0.22578890831900958
2012-10-23,15239.74864799357,0.00620750600792634,2.455051775791114,-0.22578890831900958
2012-10-24,15325.828262565701,0.006242568247925084,2.455051775791114,-0.22578890831900958
2012-10-25,15014.000606447446,0.006115553551455893,2.455051775791114,-0.22578890831900958
2012-10-26,15089.917973273621,0.006146476470302162,2.455051775791114,-0.22578890831900958
2012-10-31,15278.899980039381,0.0062234532610278325,2.455051775791114,-0.22578890831900958
2012-11-01,14959.917622512154,0.0060935242873611005,2.455051775791114,-0.22578890831900958
2012-11-02,14596.68163593966,0.005945569775707087,2.455051775791114,-0.22578890831900958
2012-11-05,14879.901395489303,0.006060931806904323,2.455051775791114,-0.22578890831900958
2012-11-06,14592.217624190846,0.005943751479330271,2.455051775791114,-0.22578890831900958
2012-11-07,15412.509710174527,0.006277875628593621,2.455051775791114,-0.22578890831900958
2012-11-08,16875.6262341218,0.006820751701208295,2.4741592970071444,-0.2524687404689281
2012-11-09,16884.991177531752,0.0068245368024429974,2.4741592970071444,-0.2524687404689281
2012-11-12,16459.375821169557,0.006652512569049036,2.4741592970071444,-0.2524687404689281
2012-11-13,15842.547845285624,0.006491532647084202,2.4404942109320844,-0.21645106781498566
2012-11-14,15546.216594681562,0.006370110006835084,2.4404942109320844,-0.21645106781498566
2012-11-15,15169.91724121766,0.006215920190781316,2.4404942109320844,-0.21645106781498566
2012-11-16,14852.372466641784,0.006085805243917911,2.4404942109320844,-0.21645106781498566
2012-11-19,14470.802971515754,0.005929455971128488,2.4404942109320844,-0.21645106781498566
2012-11-20,14730.890733654875,0.006036027730640994,2.4404942109320844,-0.21645106781498566
2012-11-21,14458.787890940228,0.005924532754952966,2.4404942109320844,-0.21645106781498566
2012-11-23,14309.683217104232,0.005843015387629868,2.449023709127821,-0.23717203256355382
2012-11-26,14471.878268091268,0.005909243840373104,2.449023709127821,-0.23717203256355382
2012-11-27,14186.707238719202,0.005792801101044286,2.449023709127821,-0.23717203256355382
2012-11-28,13960.473547784153,0.005700424008045208,2.449023709127821,-0.23717203256355382
2012-11-29,13739.456757162501,0.005610177110966223,2.449023709127821,-0.23717203256355382
2012-11-30,13407.29238848823,0.005474545770429889,2.449023709127821,-0.23717203256355382
2012-12-03,13090.45739354097,0.005345173811405411,2.449023709127821,-0.23717203256355382
2012-12-04,12761.219160108467,0.005210737287902029,2.449023709127821,-0.23717203256355382
2012-12-05,12625.437595867006,0.005155294147953899,2.449023709127821,-0.23717203256355382
2012-12-06,12314.678351437053,0.00502840307569857,2.449023709127821,-0.23717203256355382
2012-12-07,12012.813396967464,0.004905143773085654,2.449023709127821,-0.23717203256355382
2012-12-10,11882.46867293836,0.004851920636231857,2.449023709127821,-0.23717203256355382
2012-12-11,11614.74228337165,0.004742600996504052,2.449023709127821,-0.23717203256355382
2012-12-12,11634.22618460382,0.004750556779520586,2.449023709127821,-0.23717203256355382
2012-12-13,11903.810276442138,0.004860634967344389,2.449023709127821,-0.23717203256355382
2012-12-14,11707.830940194555,0.004773630536265207,2.452605171525178,-0.24474687720491767
2012-12-17,11605.859014497742,0.004732053552378559,2.452605171525178,-0.24474687720491767
2012-12-18,12450.183386439478,0.005076309685303811,2.452605171525178,-0.24474687720491767
2012-12-19,12337.886458375944,0.005030522891176773,2.452605171525178,-0.24474687720491767
2012-12-20,12113.448573101912,0.004939012896873669,2.452605171525178,-0.24474687720491767
2012-12-21,11910.98459652117,0.004856462318031483,2.452605171525178,-0.24474687720491767
2012-12-24,11934.49583285092,0.004866048547646717,2.452605171525178,-0.24474687720491767
2012-12-26,11616.849230725044,0.0047476206821264475,2.4468781329686777,-0.2354181464896548
2012-12-27,11378.273647566735,0.004650118652931043,2.4468781329686777,-0.2354181464896548
2012-12-28,11148.314062310525,0.004556137844423342,2.4468781329686777,-0.2354181464896548
2012-12-31,10945.950913975053,0.004473435258786209,2.4468781329686777,-0.2354181464896548
2013-01-02,11346.908509164585,0.004637300221976292,2.4468781329686777,-0.2354181464896548
2013-01-03,13779.685214301726,0.005631537193715286,2.4468781329686777,-0.2354181464896548
2013-01-04,13428.085661482251,0.005487844073865097,2.4468781329686777,-0.2354181464896548
2013-01-07,13117.436093184728,0.005366257316253533,2.44442920272461,-0.23265495023544538
2013-01-08,12907.33343805624,0.005280305694134838,2.44442920272461,-0.23265495023544538
2013-01-09,12594.766312991904,0.00515243652749424,2.44442920272461,-0.23265495023544538
2013-01-10,12296.435131602484,0.00503039119230642,2.44442920272461,-0.23265495023544538
2013-01-11,12598.817403724086,0.005154093802218199,2.44442920272461,-0.23265495023544538
2013-01-14,12304.821223741854,0.005033821887754676,2.44442920272461,-0.23265495023544538
2013-01-15,12045.015131514374,0.004927536914584705,2.44442920272461,-0.23265495023544538
2013-01-16,11753.568024747245,0.004808307809302263,2.44442920272461,-0.23265495023544538
2013-01-17,11609.58670046551,0.004749405991192231,2.44442920272461,-0.23265495023544538
2013-01-18,12039.606558465339,0.004925324302723005,2.44442920272461,-0.23265495023544538
2013-01-22,11749.483632987063,0.004806636911345541,2.44442920272461,-0.23265495023544538
2013-01-23,11539.552005489768,0.004720755255512229,2.44442920272461,-0.23265495023544538
2013-01-24,11262.180060881914,0.004607284207016043,2.44442920272461,-0.23265495023544538
2013-01-25,11020.260826582686,0.004508316630442511,2.44442920272461,-0.23265495023544538
2013-01-28,12374.752249922441,0.005062430213208586,2.44442920272461,-0.23265495023544538
2013-01-29,12120.199202450242,0.004958294226292512,2.44442920272461,-0.23265495023544538
2013-01-30,12169.248587223721,0.004978360008814995,2.44442920272461,-0.23265495023544538
2013-01-31,11878.36858848259,0.00485936290371704,2.44442920272461,-0.23265495023544538
2013-02-01,11638.665843857105,0.0047613020785729505,2.44442920272461,-0.23265495023544538
2013-02-04,11608.617802395323,0.004749009621328417,2.44442920272461,-0.23265495023544538
2013-02-05,11501.60989606162,0.004705233386690723,2.44442920272461,-0.23265495023544538
2013-02-06,11319.002978839146,0.004630530091124242,2.44442920272461,-0.23265495023544538
2013-02-07,11080.935412656812,0.004533138206786999,2.44442920272461,-0.23265495023544538
2013-02-08,10992.350257502347,0.004496898599169922,2.44442920272461,-0.23265495023544538
2013-02-11,10765.55933386299,0.004404119915546534,2.44442920272461,-0.23265495023544538
2013-02-12,10750.781205427225,0.00439807427985404,2.44442920272461,-0.23265495023544538
2013-02-13,10721.103782297274,0.0043859334401451745,2.44442920272461,-0.23265495023544538
2013-02-14,10525.615119541337,0.00430596030672898,2.44442920272461,-0.23265495023544538
2013-02-15,10702.703288424673,0.004378405918443138,2.44442920272461,-0.23265495023544538
2013-02-19,10956.275331435445,0.004488641190528821,2.440889094578008,-0.22452105321104388
2013-02-20,10665.87313102488,0.004454956727877325,2.3941586377892614,-0.1937800344981778
2013-02-21,11836.288839612407,0.00489706838472026,2.4170152241581455,-0.2206153861340892
2013-02-22,11857.323647820302,0.004905771188077744,2.4170152241581455,-0.2206153861340892
2013-02-25,11568.953192559298,0.004786462690398983,2.4170152241581455,-0.2206153861340892
2013-02-26,12345.318754300977,0.005081145747254683,2.429632875807802,-0.23847928328483683
2013-02-27,12043.497638522347,0.004956920758869027,2.429632875807802,-0.23847928328483683
2013-02-28,11861.137647631993,0.004881864155582934,2.429632875807802,-0.23847928328483683
2013-03-01,11723.598019874795,0.00482525493320753,2.429632875807802,-0.23847928328483683
2013-03-04,11692.627522156477,0.0048125079466044525,2.429632875807802,-0.23847928328483683
2013-03-05,11445.983675273601,0.00471099308428153,2.429632875807802,-0.23847928328483683
2013-03-06,11614.181459294874,0.0047802207382600555,2.429632875807802,-0.23847928328483683
2013-03-07,11852.895913928745,0.004878471983133627,2.429632875807802,-0.23847928328483683
2013-03-08,11498.961592216643,0.004790134274548931,2.4005509935939022,-0.20563913365299347
2013-03-11,12306.42239733183,0.005126499053830843,2.4005509935939022,-0.20563913365299347
2013-03-12,12011.346656617892,0.005003579048589807,2.4005509935939022,-0.20563913365299347
2013-03-13,11755.945889780745,0.004897186488082361,2.4005509935939022,-0.20563913365299347
2013-03-14,11474.286530962321,0.004778571332682141,2.401196033736295,-0.2079753776504732
2013-03-15,11217.977298276091,0.004671829013818901,2.401196033736295,-0.2079753776504732
2013-03-18,10968.636836013655,0.004567988902991107,2.401196033736295,-0.2079753776504732
2013-03-19,11006.735205122985,0.004583855316467581,2.401196033736295,-0.2079753776504732
2013-03-20,10767.279900678475,0.0044841319698185715,2.401196033736295,-0.2079753776504732
2013-03-21,10521.647713132037,0.004381836203835554,2.401196033736295,-0.2079753776504732
2013-03-22,10291.41355873037,0.004285953089268094,2.401196033736295,-0.2079753776504732
2013-03-25,10132.720571884214,0.00421986394676721,2.401196033736295,-0.2079753776504732
2013-03-26,9910.030364764072,0.004127122577886289,2.401196033736295,-0.2079753776504732
2013-03-27,9881.609321795344,0.004115286375190042,2.401196033736295,-0.2079753776504732
2013-03-28,9793.183761076141,0.004078460743514476,2.401196033736295,-0.2079753776504732
2013-04-01,9736.612322137591,0.004054901051534424,2.401196033736295,-0.2079753776504732
2013-04-02,9541.274789945504,0.0039735509537299814,2.401196033736295,-0.2079753776504732
2013-04-03,9336.989229112554,0.0038884743677441726,2.401196033736295,-0.2079753776504732
2013-04-04,10780.804964233996,0.004422210882466752,2.4378767206642933,-0.23878105787482892
2013-04-05,10719.59000751483,0.00439710093486346,2.4378767206642933,-0.23878105787482892
2013-04-08,10485.288679453826,0.004300992166903626,2.4378767206642933,-0.23878105787482892
2013-04-09,10548.785002971714,0.004327037915230304,2.4378767206642933,-0.23878105787482892
2013-04-10,10727.464686126677,0.004400331073018149,2.4378767206642933,-0.23878105787482892
2013-04-11,10867.626668834808,0.004475590355575012,2.4281995905406237,-0.22608755218924073
2013-04-12,10620.232149123463,0.004373706424503158,2.4281995905406237,-0.22608755218924073
2013-04-15,15379.579366160044,0.005948305043505746,2.585539788843075,-0.05464986572192732
2013-04-16,26109.904573389627,0.009342735521444075,2.794674484090919,0.08901105776469323
2013-04-17,25758.61278471758,0.009217035089901217,2.794674484090919,0.08901105776469323
2013-04-18,25107.11888015897,0.008983915308593113,2.794674484090919,0.08901105776469323
2013-04-19,24460.48852971639,0.008752535820884038,2.794674484090919,0.08901105776469323
2013-04-22,23921.089675667587,0.00855952627464908,2.794674484090919,0.08901105776469323
2013-04-23,23415.280423224074,0.008378535874757106,2.794674484090919,0.08901105776469323
2013-04-24,22845.83519218729,0.00817477503095278,2.794674484090919,0.08901105776469323
2013-04-25,22220.84862857054,0.007951140197209326,2.794674484090919,0.08901105776469323
2013-04-26,22280.99344676262,0.007972661422144273,2.794674484090919,0.08901105776469323
2013-04-29,21991.098823168413,0.007868930334590258,2.794674484090919,0.08901105776469323
2013-04-30,21600.13082623996,0.007729032826256429,2.794674484090919,0.08901105776469323
2013-05-01,21055.40869884579,0.007534118488112548,2.794674484090919,0.08901105776469323
2013-05-02,20920.29321092452,0.0074942016808102405,2.7915305861721493,0.09531592697122973
2013-05-03,20075.92410574271,0.007331731766800507,2.7382240300511755,0.12066956924585599
2013-05-06,20605.98674090595,0.007525310754255866,2.7382240300511755,0.12066956924585599
2013-05-07,20162.364567412325,0.007363299841845119,2.7382240300511755,0.12066956924585599
2013-05-08,19624.91194229578,0.00716702202848209,2.7382240300511755,0.12066956924585599
2013-05-09,19312.594403188057,0.007052963596564126,2.7382240300511755,0.12066956924585599
2013-05-10,18862.151428659152,0.006888461726160014,2.7382240300511755,0.12066956924585599
2013-05-13,18508.559591602854,0.00675932991182498,2.7382240300511755,0.12066956924585599
2013-05-14,18054.22861529303,0.006593408142340934,2.7382240300511755,0.12066956924585599
2013-05-15,18059.43852541311,0.00659531080262837,2.7382240300511755,0.12066956924585599
2013-05-16,17977.735013336285,0.006565472662585717,2.7382240300511755,0.12066956924585599
2013-05-17,18671.758429318204,0.006813906447271755,2.740242850970497,0.11539472474671517
2013-05-20,18460.789221305822,0.0067369172096435415,2.740242850970497,0.11539472474671517
2013-05-21,18771.942256766935,0.006835893720052094,2.7460845685330346,0.10706356333206915
2013-05-22,18535.267339556853,0.0067497074022954935,2.7460845685330346,0.10706356333206915
2013-05-23,18084.132168244545,0.006585424343979739,2.7460845685330346,0.10706356333206915
2013-05-24,17621.982485549575,0.006417130297980329,2.7460845685330346,0.10706356333206915
2013-05-28,17185.746822204943,0.006258272967676889,2.7460845685330346,0.10706356333206915
2013-05-29,18667.44216832426,0.006797839506558407,2.7460845685330346,0.10706356333206915
2013-05-30,18295.971107799254,0.0066659121332890035,2.7447063120485367,0.11114984180486669
2013-05-31,18344.449412057264,0.006683574607428843,2.7447063120485367,0.11114984180486669
2013-06-03,18523.83143005003,0.006748930240272082,2.7447063120485367,0.11114984180486669
2013-06-04,18157.3293230016,0.006615399703529559,2.7447063120485367,0.11114984180486669
2013-06-05,17786.464502562994,0.006480279665800711,2.7447063120485367,0.11114984180486669
2013-06-06,18104.78178632053,0.006596254654585561,2.7447063120485367,0.11114984180486669
2013-06-07,17772.21701372564,0.006475088768408589,2.7447063120485367,0.11114984180486669
2013-06-10,18355.421299601152,0.006687572079761574,2.7447063120485367,0.11114984180486669
2013-06-11,18145.554186683985,0.006611109577381663,2.7447063120485367,0.11114984180486669
2013-06-12,17936.154799472413,0.006534817485112132,2.7447063120485367,0.11114984180486669
2013-06-13,17668.694707523817,0.006437814388493751,2.7445175709170675,0.11069587012054033
2013-06-14,17285.912583586516,0.006269129058940526,2.757306863691814,0.09248581805825165
2013-06-17,17070.07551931621,0.0061908508422093955,2.757306863691814,0.09248581805825165
2013-06-18,16864.043663000193,0.00611612870698787,2.757306863691814,0.09248581805825165
2013-06-19,16424.3723250479,0.005956671903778231,2.757306863691814,0.09248581805825165
2013-06-20,16065.201141794529,0.005826410311213785,2.757306863691814,0.09248581805825165
2013-06-21,17693.080582317983,0.006402673717320637,2.7633893844151887,0.09054331015804988
2013-06-24,18247.130131292237,0.006599780226545704,2.7648087519488063,0.09009046802651213
2013-06-25,17830.158860765598,0.006448966442325463,2.7648087519488063,0.09009046802651213
2013-06-26,17442.5953160138,0.006308789099325294,2.7648087519488063,0.09009046802651213
2013-06-27,19700.701576993517,0.007030047071048148,2.802356993899364,0.06417064608523582
2013-06-28,20180.98203897228,0.007227510125632276,2.792245418986087,0.07670356170530811
2013-07-01,20400.159931616334,0.007306005336387655,2.792245418986087,0.07670356170530811
2013-07-02,19923.002193210665,0.0071351185886966385,2.792245418986087,0.07670356170530811
2013-07-03,19530.78990696369,0.00699465375577755,2.792245418986087,0.07670356170530811
2013-07-05,19091.590720102722,0.006837361282890102,2.792245418986087,0.07670356170530811
2013-07-08,19808.818349047982,0.007095711107495564,2.7916607721138633,0.0765396955858311
2013-07-09,19369.907486044845,0.006953507396532623,2.7856312478654557,0.08591778083063732
2013-07-10,19193.331721090926,0.006890119334997478,2.7856312478654557,0.08591778083063732
2013-07-11,18759.808531518156,0.0067344909868789085,2.7856312478654557,0.08591778083063732
2013-07-12,20014.784624581855,0.007185008654651822,2.7856312478654557,0.08591778083063732
2013-07-15,19493.543093769615,0.00699789073256086,2.7856312478654557,0.08591778083063732
2013-07-16,19023.776648509014,0.006829251597133093,2.7856312478654557,0.08591778083063732
2013-07-17,18585.071337161102,0.006671762944719361,2.7856312478654557,0.08591778083063732
2013-07-18,18151.90461072679,0.006516262561541856,2.7856312478654557,0.08591778083063732
2013-07-19,18102.31660393667,0.006498461207960645,2.7856312478654557,0.08591778083063732
2013-07-22,17657.852160957533,0.0063389051133340805,2.7856312478654557,0.08591778083063732
2013-07-23,18175.636834845343,0.006524782075435426,2.7856312478654557,0.08591778083063732
2013-07-24,17850.242479048567,0.006407970363172319,2.7856312478654557,0.08591778083063732
2013-07-25,17405.823236538832,0.006248430494838964,2.7856312478654557,0.08591778083063732
2013-07-26,17017.4228760238,0.006109000568206482,2.7856312478654557,0.08591778083063732
2013-07-29,16378.969580262126,0.005954881293390512,2.7505115170711463,0.12249890461235015
2013-07-30,15977.918325506522,0.005809071594988427,2.7505115170711463,0.12249890461235015
2013-07-31,15567.622529084709,0.005660466975886599,2.750236437276688,0.12476402761639502
2013-08-01,15298.515162078686,0.005562618164286787,2.750236437276688,0.12476402761639502
2013-08-02,16809.152282698673,0.006149226137016271,2.7335394581625865,0.1064356737899862
2013-08-05,17731.49384827117,0.006516109256535055,2.7211781064732947,0.13432825405255544
2013-08-06,17317.977887595436,0.006364147148765617,2.7211781064732947,0.13432825405255544
2013-08-07,17207.34675971652,0.006327159283570358,2.719600691008141,0.11338715726323151
2013-08-08,17027.375573484383,0.006260983691386115,2.719600691008141,0.11338715726323151
2013-08-09,16784.51167769076,0.006171682384544782,2.719600691008141,0.11338715726323151
2013-08-12,16356.16840409199,0.006014180117754289,2.719600691008141,0.11338715726323151
2013-08-13,16387.165543153467,0.006025577797996086,2.719600691008141,0.11338715726323151
2013-08-14,16184.853803330587,0.005951187561042628,2.719600691008141,0.11338715726323151
2013-08-15,15770.982747127426,0.005799006743626473,2.719600691008141,0.11338715726323151
2013-08-16,15951.376208390488,0.005865337606778368,2.719600691008141,0.11338715726323151
2013-08-19,16361.249902946267,0.006016048590163154,2.719600691008141,0.11338715726323151
2013-08-20,15937.193799762172,0.005860122720388904,2.719600691008141,0.11338715726323151
2013-08-21,15664.717903454433,0.005759933050188926,2.719600691008141,0.11338715726323151
2013-08-22,15411.666346810007,0.005666885729866831,2.719600691008141,0.11338715726323151
2013-08-23,15153.593868984488,0.005571992211609247,2.719600691008141,0.11338715726323151
2013-08-26,14844.14682902716,0.005458208213472882,2.719600691008141,0.11338715726323151
2013-08-27,14498.51270425863,0.005331118186649714,2.719600691008141,0.11338715726323151
2013-08-28,14430.964207101011,0.005306280534055729,2.719600691008141,0.11338715726323151
2013-08-29,14395.98734893665,0.005293419506964507,2.719600691008141,0.11338715726323151
2013-08-30,14471.492695069865,0.005316238137910172,2.7221302582127462,0.11090701527631334
2013-09-03,14089.169914854587,0.005205831942058171,2.7064204284098174,0.13764996697532822
2013-09-04,14887.459893508536,0.005500793497282239,2.7064204284098174,0.13764996697532822
2013-09-05,14516.818744450158,0.005363844653278667,2.7064204284098174,0.13764996697532822
2013-09-06,14192.301359933897,0.0052439381594058965,2.7064204284098174,0.13764996697532822
2013-09-09,13630.780665816254,0.005113649903933397,2.6655678276550603,0.17646810938829338
2013-09-10,13366.629143694925,0.004987707409701607,2.6799144468048484,0.14637454061965852
2013-09-11,13232.038520393611,0.004937485424644666,2.6799144468048484,0.14637454061965852
2013-09-12,12928.369527740364,0.004824172481757515,2.6799144468048484,0.14637454061965852
2013-09-13,13786.02424341551,0.005130018473082972,2.687324483479016,0.14200638309746505
2013-09-16,13464.537241013571,0.0050103875895114655,2.687324483479016,0.14200638309746505
2013-09-17,12958.130697233539,0.004891811919433122,2.6489429501073634,0.15132380802693512
2013-09-18,12642.554406591127,0.004772679006197063,2.6489429501073634,0.15132380802693512
2013-09-19,12343.824284787268,0.004679313738371771,2.637956113855803,0.16444388477735827
2013-09-20,12494.699503094052,0.00487828619716718,2.5612887391374706,0.1441439094888604
2013-09-23,14071.808926444082,0.005432858779954724,2.5901297082051804,0.14236784909692157
2013-09-24,13994.421508558542,0.005402980964322408,2.5901297082051804,0.14236784909692157
2013-09-25,14079.167284358406,0.005435699702512006,2.5901297082051804,0.14236784909692157
2013-09-26,13844.771617132159,0.005345203976956751,2.5901297082051804,0.14236784909692157
2013-09-27,13584.489791256525,0.005244714096063491,2.5901297082051804,0.14236784909692157
2013-09-30,13278.310265598928,0.005126503982999398,2.5901297082051804,0.14236784909692157
2013-10-01,13139.612924568533,0.005043671656036309,2.6051681831514415,0.1201674339255872
2013-10-02,12934.774777224771,0.004965044046245692,2.6051681831514415,0.1201674339255872
2013-10-03,12672.782407134388,0.004864477652189146,2.6051681831514415,0.1201674339255872
2013-10-04,12472.078959226741,0.004787437156605917,2.6051681831514415,0.1201674339255872
2013-10-07,12489.672158645135,0.004794190348024489,2.6051681831514415,0.1201674339255872
2013-10-08,12275.89020486965,0.00471212963687421,2.6051681831514415,0.1201674339255872
2013-10-09,12168.769254941782,0.004671011005600938,2.6051681831514415,0.1201674339255872
2013-10-10,11899.9065674048,0.004567807423860682,2.6051681831514415,0.1201674339255872
2013-10-11,11826.284000566919,0.0045395472265674615,2.6051681831514415,0.1201674339255872
2013-10-14,11573.805271321102,0.0044426326661645334,2.6051681831514415,0.1201674339255872
2013-10-15,11363.458206555088,0.0043618904453258155,2.6051681831514415,0.1201674339255872
2013-10-16,11237.93250900629,0.004313707107927249,2.6051681831514415,0.1201674339255872
2013-10-17,11004.328994793997,0.004224037843684314,2.6051681831514415,0.1201674339255872
2013-10-18,10814.242379845156,0.004151072644670216,2.6051681831514415,0.1201674339255872
2013-10-21,10638.41749020582,0.004083581842818551,2.6051681831514415,0.1201674339255872
2013-10-22,10569.279872620184,0.004057043203957239,2.6051681831514415,0.1201674339255872
2013-10-23,10346.774741113626,0.003971634080298514,2.6051681831514415,0.1201674339255872
2013-10-24,10368.292973703012,0.003979893905030197,2.6051681831514415,0.1201674339255872
2013-10-25,10496.32173678193,0.004029038050082683,2.6051681831514415,0.1201674339255872
2013-10-28,10440.357031506059,0.004007555864925573,2.6051681831514415,0.1201674339255872
2013-10-29,10071.378898855346,0.003931874392063034,2.5614701525525962,0.1406234829018156
2013-10-30,9753.87804806443,0.0038490375979481264,2.5341082802787116,0.14996884512075745
2013-10-31,9613.680443068472,0.003793713361771234,2.5341082802787116,0.14996884512075745
2013-11-01,9644.498826422794,0.003805874792912185,2.5341082802787116,0.14996884512075745
2013-11-04,9556.685976084485,0.0037712224258362793,2.5341082802787116,0.14996884512075745
2013-11-05,9464.598749356925,0.00373488332089581,2.5341082802787116,0.14996884512075745
2013-11-06,9463.34374505373,0.0037343880759558197,2.5341082802787116,0.14996884512075745
2013-11-07,9325.413183572251,0.003659542881255661,2.5482453645610836,0.11557528538995196
2013-11-08,10646.203911064298,0.004153317894518835,2.5633009996933236,0.14996702831650396
2013-11-11,11813.310263412372,0.00460863170764016,2.5633009996933236,0.14996702831650396
2013-11-12,11625.155281905672,0.004535228318210198,2.5633009996933236,0.14996702831650396
2013-11-13,11350.823352961803,0.00442820540947779,2.5633009996933236,0.14996702831650396
2013-11-14,11260.32473840304,0.004328322323985551,2.601544870169108,0.09545536674393222
2013-11-15,11096.992401101144,0.004238674660496936,2.6180335340481515,0.07683172986131154
2013-11-18,11001.440309284464,0.00420217700278018,2.6180335340481515,0.07683172986131154
2013-11-19,11608.958600757434,0.004433172853633069,2.6186568816606544,0.08092723617190965
2013-11-20,11411.055191339861,0.004357598458681382,2.6186568816606544,0.08092723617190965
2013-11-21,11159.899253439517,0.00426168824621358,2.6186568816606544,0.08092723617190965
2013-11-22,10905.664999541596,0.004164602501350093,2.6186568816606544,0.08092723617190965
2013-11-25,10659.162444405933,0.004070469300142251,2.6186568816606544,0.08092723617190965
2013-11-26,10443.766015440642,0.00398821475565657,2.6186568816606544,0.08092723617190965
2013-11-27,10527.890751021489,0.004020339902013086,2.6186568816606544,0.08092723617190965
2013-11-29,10513.076378718277,0.004014682661308142,2.6186568816606544,0.08092723617190965
2013-12-02,10572.955261090498,0.004037548918736358,2.6186568816606544,0.08092723617190965
2013-12-03,10470.287281886634,0.00399834256836534,2.6186568816606544,0.08092723617190965
2013-12-04,10367.876938911704,0.003959234602868927,2.6186568816606544,0.08092723617190965
2013-12-05,11411.235420234902,0.004357667283618433,2.6186568816606544,0.08092723617190965
2013-12-06,11248.24645961011,0.004268479103594567,2.6351883625569936,0.06355560527942597
2013-12-09,11235.438816909296,0.004263618865562707,2.6351883625569936,0.06355560527942597
2013-12-10,11021.430024655061,0.00418393700919255,2.6342246550174675,0.06526208295344556
2013-12-11,10711.614237044609,0.004089160965560827,2.6195139607509956,0.07773610064660327
2013-12-12,10440.613797864862,0.00399849737350966,2.61113433937326,0.08612525803895905
2013-12-13,10456.019431300765,0.00400439735085039,2.61113433937326,0.08612525803895905
2013-12-16,10237.526698395133,0.003920720027316712,2.61113433937326,0.08612525803895905
2013-12-17,10118.930109644618,0.0038753004612062294,2.61113433937326,0.08612525803895905
2013-12-18,10525.830463461827,0.004023229937090835,2.616263705542261,0.08024292132696978
2013-12-19,10485.131974738622,0.004007673978936851,2.616263705542261,0.08024292132696978
2013-12-20,10571.996238529106,0.0040423105766763615,2.6153349768640326,0.08140402373516517
2013-12-23,10353.736090602573,0.003958856583265452,2.6153349768640326,0.08140402373516517
2013-12-24,10540.104940855934,0.004030116613778572,2.6153349768640326,0.08140402373516517
2013-12-26,10748.528707695668,0.004154004119056327,2.587510363407495,0.10948128716028888
2013-12-27,10726.570641908465,0.004145517944045113,2.587510363407495,0.10948128716028888
2013-12-30,10618.646450022174,0.004103808278486841,2.587510363407495,0.10948128716028888
2013-12-31,10829.545675551162,0.004178442478952002,2.5917661257999,0.10178170396951082
2014-01-02,11675.459542951834,0.0045048275871529195,2.5917661257999,0.10178170396951082
2014-01-03,11536.123336242497,0.004451066483740731,2.5917661257999,0.10178170396951082
2014-01-06,11284.273958625532,0.004353893604170342,2.5917661257999,0.10178170396951082
2014-01-07,11350.018034001663,0.004394355751938612,2.5828628073624884,0.11389938466781951
2014-01-08,11086.812361468219,0.0042924511243357935,2.5828628073624884,0.11389938466781951
2014-01-09,10873.096049013751,0.004209707158281823,2.5828628073624884,0.11389938466781951
2014-01-10,10816.505999563678,0.0041877973420543545,2.5828628073624884,0.11389938466781951
2014-01-13,10593.61062669698,0.004101499544032976,2.5828628073624884,0.11389938466781951
2014-01-14,11418.688632522137,0.004383626842996169,2.604849600911187,0.09587681940004436
2014-01-15,11237.88508739382,0.004314216484307871,2.604849600911187,0.09587681940004436
2014-01-16,11087.343491786793,0.004256423667573128,2.604849600911187,0.09587681940004436
2014-01-17,11145.326519254435,0.0042998010021119215,2.5920563565105024,0.11346428989781454
2014-01-21,10890.09674466474,0.004201334865776332,2.5920563565105024,0.11346428989781454
2014-01-22,10648.274459788778,0.004108041259613575,2.5920563565105024,0.11346428989781454
2014-01-23,10410.461981661843,0.004016294613160608,2.5920563565105024,0.11346428989781454
2014-01-24,10334.125530149753,0.003986844462001527,2.5920563565105024,0.11346428989781454
2014-01-27,10120.909424936122,0.00390458695063296,2.5920563565105024,0.11346428989781454
2014-01-28,9984.433729213433,0.003851935435020692,2.5920563565105024,0.11346428989781454
2014-01-29,9801.471970076678,0.003781349871293574,2.5920563565105024,0.11346428989781454
2014-01-30,9968.73182102787,0.003851160586208735,2.5885006864493185,0.11711621659496768
2014-01-31,9811.097285270363,0.0037902625781136567,2.5885006864493185,0.11711621659496768
2014-02-03,10215.994116649745,0.003935388687086113,2.5959301428530535,0.10652486830528554
2014-02-04,10205.708674886258,0.00399117313957518,2.5570698934831357,0.17170290148961798
2014-02-05,10018.475364877311,0.003917951320145792,2.5570698934831357,0.17170290148961798
2014-02-06,10297.182438287118,0.004026946023075153,2.5570698934831357,0.17170290148961798
2014-02-07,10168.303273393616,0.00397654491154435,2.5570698934831357,0.17170290148961798
2014-02-10,10100.32553996828,0.003912390428601429,2.581625153289946,0.12628758258168313
2014-02-11,9900.425285244626,0.0038349584844367592,2.581625153289946,0.12628758258168313
2014-02-12,10881.059396537468,0.004211366573380959,2.5837359932792463,0.1251525874021837
2014-02-13,10884.308612234427,0.004212624138281324,2.5837359932792463,0.1251525874021837
2014-02-14,10881.44794589362,0.004211516956143425,2.5837359932792463,0.1251525874021837
2014-02-18,11526.311170030198,0.00446110252750752,2.5837359932792463,0.1251525874021837
2014-02-19,11375.263159609078,0.004402641442159008,2.5837359932792463,0.1251525874021837
2014-02-20,11141.874311882992,0.004312311451659525,2.5837359932792463,0.1251525874021837
2014-02-21,11353.569405128492,0.004394245168492884,2.5837359932792463,0.1251525874021837
2014-02-24,11322.574873459978,0.004382249155065377,2.5837359932792463,0.1251525874021837
2014-02-25,11578.507079792209,0.004481304246993481,2.5837359932792463,0.1251525874021837
2014-02-26,11639.58635228693,0.004504944151632964,2.5837359932792463,0.1251525874021837
2014-02-27,11661.282719488476,0.004542728453862165,2.567021744294272,0.14565072345643681
2014-02-28,11435.761888419036,0.004454875348772305,2.567021744294272,0.14565072345643681
2014-03-03,11171.254271053596,0.004351834687759845,2.567021744294272,0.14565072345643681
2014-03-04,10933.025159810804,0.004259030989554988,2.567021744294272,0.14565072345643681
2014-03-05,11284.774802841332,0.00441211260614365,2.5576805966211826,0.1595532336762084
2014-03-06,11027.06326498399,0.004311352746527953,2.5576805966211826,0.1595532336762084
2014-03-07,11320.697481105151,0.004426157627367674,2.5576805966211826,0.1595532336762084
2014-03-10,11413.262552450527,0.0044623486480399426,2.5576805966211826,0.1595532336762084
2014-03-11,11155.98711798262,0.00436175929579331,2.5576805966211826,0.1595532336762084
2014-03-12,10954.968188189927,0.004283165068641471,2.5576805966211826,0.1595532336762084
2014-03-13,10703.853920541922,0.0041849846046774644,2.5576805966211826,0.1595532336762084
2014-03-14,11096.380218712395,0.004331308052948669,2.5619004889661907,0.15100220004678633
2014-03-17,10840.1301259301,0.004231284615705133,2.5619004889661907,0.15100220004678633
2014-03-18,10701.668026751404,0.004177237981272985,2.5619004889661907,0.15100220004678633
2014-03-19,10519.440787006553,0.004106108270915505,2.5619004889661907,0.15100220004678633
2014-03-20,10296.53103092724,0.004019098741451204,2.5619004889661907,0.15100220004678633
2014-03-21,10070.277782574052,0.003930784129182837,2.5619004889661907,0.15100220004678633
2014-03-24,10155.334031588898,0.003974975409385006,2.5548168191460823,0.1653966525844001
2014-03-25,10794.303882254319,0.004192570441427231,2.5746267195882178,0.13642887714493088
2014-03-26,10657.628905204581,0.004139485085010362,2.5746267195882178,0.13642887714493088
2014-03-27,11400.412210817094,0.004389068495441699,2.597455980160045,0.11026470601177152
2014-03-28,11399.002839162198,0.004452381368393526,2.560203607013812,0.17556951877520144
2014-03-31,11272.842903497294,0.0044031040627451465,2.560203607013812,0.17556951877520144
2014-04-01,11011.81706045345,0.004301148951702903,2.560203607013812,0.17556951877520144
2014-04-02,11215.039884409909,0.004380526554093479,2.560203607013812,0.17556951877520144
2014-04-03,11769.734675381205,0.004589415826386456,2.564538738832972,0.14091194480578934
2014-04-04,11738.27240103898,0.004577147626313744,2.564538738832972,0.14091194480578934
2014-04-07,12254.634512758212,0.004772783477255896,2.567607470809464,0.13800355146082655
2014-04-08,12653.615510306588,0.004970572548421502,2.5457058290648993,0.1833306206918779
2014-04-09,12371.816119030505,0.004859876572453377,2.5457058290648993,0.1833306206918779
2014-04-10,12633.132254785169,0.004962526349490125,2.5457058290648993,0.1833306206918779
2014-04-11,13254.20340152246,0.0051931415942656125,2.5522514957339233,0.1745377506515728
2014-04-14,13031.953093685297,0.0051060614972576746,2.5522514957339233,0.1745377506515728
2014-04-15,12887.261218315589,0.005049369640827555,2.5522514957339233,0.1745377506515728
2014-04-16,12861.542565243306,0.005039292791772799,2.5522514957339233,0.1745377506515728
2014-04-17,12646.531770685837,0.004955049215104568,2.5522514957339233,0.1745377506515728
2014-04-21,12652.122880139443,0.0049572398728289155,2.5522514957339233,0.1745377506515728
2014-04-22,12342.041192021805,0.004835746482136055,2.5522514957339233,0.1745377506515728
2014-04-23,12042.640988768857,0.004718438213827311,2.5522514957339233,0.1745377506515728
2014-04-24,11914.591215171198,0.004668266914560099,2.5522514957339233,0.1745377506515728
2014-04-25,11706.82863530622,0.004586863267540103,2.5522514957339233,0.1745377506515728
2014-04-28,11552.877197231408,0.0045265434133516975,2.5522514957339233,0.1745377506515728
2014-04-29,11313.940627973932,0.0044329254569485535,2.5522514957339233,0.1745377506515728
2014-04-30,11175.181347841713,0.004378558056101046,2.5522514957339233,0.1745377506515728
2014-05-01,11222.741045010724,0.004397192464680493,2.5522514957339233,0.1745377506515728
2014-05-02,11357.393059636364,0.004365420452962189,2.6016722059222777,0.0956351600779955
2014-05-05,11113.921159928648,0.004271837602996119,2.6016722059222777,0.0956351600779955
2014-05-06,11414.674107034025,0.004387437464662305,2.6016722059222777,0.0956351600779955
2014-05-07,11739.823070938794,0.0045096243667474955,2.6032818071288673,0.09375213335783875
2014-05-08,11468.528647261568,0.0044054118981110574,2.6032818071288673,0.09375213335783875
2014-05-09,11258.120848482586,0.004324587840491634,2.6032818071288673,0.09375213335783875
2014-05-12,11006.243550024832,0.004225670933272616,2.6046144443862147,0.09347408212125555
2014-05-13,11598.895901005504,0.0045156165706372745,2.5686184200020747,0.12207475198870232
2014-05-14,11640.128493435448,0.004528422358662515,2.570459990590056,0.12125338333111584
2014-05-15,12137.56047772806,0.004704821125828527,2.579813377196272,0.10900404145953543
2014-05-16,13336.87775575883,0.0050992438007487805,2.615461875700162,0.08189802049596759
2014-05-19,13071.227205953926,0.004997674532133926,2.615461875700162,0.08189802049596759
2014-05-20,12902.015107384414,0.004932977699753521,2.615461875700162,0.08189802049596759
2014-05-21,12873.848559554,0.004922208455478885,2.615461875700162,0.08189802049596759
2014-05-22,12850.716049257626,0.004948469984007508,2.5969069410926284,0.10195150964466872
2014-05-23,12668.574571688187,0.004878332130899532,2.5969069410926284,0.10195150964466872
2014-05-27,12418.922368428657,0.004782197687531881,2.5969069410926284,0.10195150964466872
2014-05-28,12506.915632524397,0.0048160815601895265,2.5969069410926284,0.10195150964466872
2014-05-29,13207.538734548789,0.005093941011851972,2.5927938120639933,0.1038926301344702
2014-05-30,12923.963334998063,0.0049706005793387735,2.600080841079632,0.09419628298662988
2014-06-02,12668.491066471142,0.00487234506955207,2.600080841079632,0.09419628298662988
2014-06-03,12582.787449227824,0.004839383164718475,2.600080841079632,0.09419628298662988
2014-06-04,12565.478393949239,0.004832726042753222,2.600080841079632,0.09419628298662988
2014-06-05,12284.107178011676,0.004724509709056178,2.600080841079632,0.09419628298662988
2014-06-06,12052.331356125931,0.004635367933837565,2.600080841079632,0.09419628298662988
2014-06-09,11913.373083590377,0.004581924106114942,2.600080841079632,0.09419628298662988
2014-06-10,11676.857589677264,0.004490959436795312,2.600080841079632,0.09419628298662988
2014-06-11,11455.781363780468,0.0044059327628535126,2.600080841079632,0.09419628298662988
2014-06-12,11213.325223417467,0.004312683300555131,2.600080841079632,0.09419628298662988
2014-06-13,11606.319270733004,0.004458747693753206,2.6030446367247215,0.09014757165274925
2014-06-16,11495.3922426174,0.004416133354163863,2.6030446367247215,0.09014757165274925
2014-06-17,11227.880623859903,0.004313364613673077,2.6030446367247215,0.09014757165274925
2014-06-18,11365.998782475384,0.004366424848087369,2.6030446367247215,0.09014757165274925
2014-06-19,11106.242441619806,0.004266635417975093,2.6030446367247215,0.09014757165274925
2014-06-20,12792.044527732256,0.0050116698955022755,2.552451537004159,0.10664159076330174
2014-06-23,12478.5165538895,0.004888835839968846,2.552451537004159,0.10664159076330174
2014-06-24,12204.335486065913,0.004769871196797011,2.5586299886380948,0.100365239918149
2014-06-25,12349.594928395216,0.004839436687263039,2.55186620395267,0.10747303549381348
2014-06-26,12051.603405163203,0.004722662726790329,2.55186620395267,0.10747303549381348
2014-06-27,11957.906055266902,0.004701175667689952,2.543599069792416,0.11640850304619617
2014-06-30,11698.073486095862,0.004599024124918613,2.543599069792416,0.11640850304619617
2014-07-01,11481.346802811127,0.004513819390470262,2.543599069792416,0.11640850304619617
2014-07-02,12139.680292043537,0.004772639067301696,2.543599069792416,0.11640850304619617
2014-07-03,12198.765703738189,0.004800935648141354,2.540914229596235,0.1221761957704849
2014-07-07,11801.304938497742,0.004698331153672423,2.5118078212246324,0.1431797195628612
2014-07-08,11775.3409847767,0.004687994394027975,2.5118078212246324,0.1431797195628612
2014-07-09,11824.458811218126,0.004724815960439224,2.502628443144463,0.15848348698069176
2014-07-10,11576.282916920081,0.004625649863698862,2.502628443144463,0.15848348698069176
2014-07-11,11301.831359543463,0.0045159845403751255,2.502628443144463,0.15848348698069176
2014-07-14,11102.780576586938,0.004436447850259662,2.502628443144463,0.15848348698069176
2014-07-15,11037.570225651887,0.004410391105354647,2.502628443144463,0.15848348698069176
2014-07-16,10849.282487084261,0.00433515511134067,2.502628443144463,0.15848348698069176
2014-07-17,10601.62101668321,0.0042361945680448885,2.502628443144463,0.15848348698069176
2014-07-18,10630.445068661555,0.004247712079586525,2.502628443144463,0.15848348698069176
2014-07-21,10435.122357465087,0.004159670948570295,2.5086413051618193,0.1497675025223714
2014-07-22,10153.990994634558,0.004068588423722671,2.4957036537364656,0.17425169229874682
2014-07-23,9952.55181779971,0.003987874042216172,2.4957036537364656,0.17425169229874682
2014-07-24,9764.256017911992,0.0039124260620019315,2.4957036537364656,0.17425169229874682
2014-07-25,9552.3871572897,0.003827532625112864,2.4957036537364656,0.17425169229874682
2014-07-28,9390.640022674117,0.003762722392386145,2.4957036537364656,0.17425169229874682
2014-07-29,9193.453854827789,0.003683712143091879,2.4957036537364656,0.17425169229874682
2014-07-30,9389.455176229743,0.0037560988977731746,2.4997891247742006,0.1628938252966362
2014-07-31,9925.648006795474,0.003970594122691062,2.4997891247742006,0.1628938252966362
2014-08-01,10171.503161735905,0.004068419444512687,2.5001117265464847,0.1626114610325855
2014-08-04,10139.371264761028,0.004055567260094808,2.5001117265464847,0.1626114610325855
2014-08-05,9936.502099151607,0.003974423220228377,2.5001117265464847,0.1626114610325855
2014-08-06,9898.001769377295,0.003959023776529317,2.5001117265464847,0.1626114610325855
2014-08-07,9771.621495652249,0.0039084739261433825,2.5001117265464847,0.1626114610325855
2014-08-08,9849.006709231804,0.003952617729971506,2.4917680843633727,0.1776936076132264
2014-08-11,9639.984120015657,0.0038687324797639015,2.4917680843633727,0.1776936076132264
2014-08-12,9434.569943682247,0.003786295363074572,2.4917680843633727,0.1776936076132264
2014-08-13,9240.604263826897,0.003708452773680902,2.4917680843633727,0.1776936076132264
2014-08-14,9130.1927950512,0.0036641422820791495,2.4917680843633727,0.1776936076132264
2014-08-15,9022.518144120062,0.003620930134204382,2.4917680843633727,0.1776936076132264
2014-08-18,9925.538255273279,0.003923659417668358,2.52966356115882,0.13980851570986055
2014-08-19,10151.685397779753,0.004013057528143917,2.52966356115882,0.13980851570986055
2014-08-20,9934.715106454823,0.003927287113984361,2.52966356115882,0.13980851570986055
2014-08-21,9726.217698788003,0.003844866111101547,2.52966356115882,0.13980851570986055
2014-08-22,9915.646928661818,0.003916822681165621,2.5315536943610084,0.13461124902758576
2014-08-25,9718.246830774637,0.003838846812699198,2.5315536943610084,0.13461124902758576
2014-08-26,9559.02875859603,0.003775953391740653,2.5315536943610084,0.13461124902758576
2014-08-27,9370.501545282392,0.0037014824398767525,2.5315536943610084,0.13461124902758576
2014-08-28,9251.9792091181,0.0036546644180317895,2.5315536943610084,0.13461124902758576
2014-08-29,9086.297307298519,0.00358921769170375,2.5315536943610084,0.13461124902758576
2014-09-02,8935.807009431492,0.0035297718667140444,2.5315536943610084,0.13461124902758576
2014-09-03,8760.49379271698,0.0034605206329341646,2.5315536943610084,0.13461124902758576
2014-09-04,8587.902622642045,0.0033923446465984304,2.5315536943610084,0.13461124902758576
2014-09-05,8459.282867857348,0.0033415379996483,2.5315536943610084,0.13461124902758576
2014-09-08,8318.467676016682,0.0032859139802351115,2.5315536943610084,0.13461124902758576
2014-09-09,8218.47888153594,0.0032464169730400975,2.5315536943610084,0.13461124902758576
2014-09-10,8117.567449707019,0.0032065555108662155,2.5315536943610084,0.13461124902758576
2014-09-11,8228.298635999885,0.003250295916823047,2.5315536943610084,0.13461124902758576
2014-09-12,8206.22704194163,0.0032415773207658434,2.5315536943610084,0.13461124902758576
2014-09-15,8204.915637484082,0.0032410592972056595,2.5315536943610084,0.13461124902758576
2014-09-16,8058.134887921306,0.003183078796973835,2.5315536943610084,0.13461124902758576
2014-09-17,7948.901410574656,0.0031399300075209526,2.5315536943610084,0.13461124902758576
2014-09-18,7829.196442340622,0.003092644829054987,2.5315536943610084,0.13461124902758576
2014-09-19,7706.990985472268,0.0030443719217330668,2.5315536943610084,0.13461124902758576
2014-09-22,7892.650649678954,0.0031228684251575394,2.5273721384149552,0.13884852644766932
2014-09-23,8745.150741739237,0.0034178400684973286,2.5586775760353495,0.11963304271716925
2014-09-24,8710.548513053203,0.003404316587066874,2.5586775760353495,0.11963304271716925
2014-09-25,8708.675145169516,0.003394625133528978,2.565430585885095,0.11184814460016615
2014-09-26,10366.689873317751,0.003948068190048871,2.62576261966474,0.09584536583211589
2014-09-29,10165.97119294183,0.0038716261389385733,2.62576261966474,0.09584536583211589
2014-09-30,10661.659756645278,0.004034139221612237,2.642858654834516,0.07504229835917242
2014-10-01,10461.55963528413,0.003958425705493957,2.642858654834516,0.07504229835917242
2014-10-02,13010.442416929378,0.004776829177816493,2.7236566208709396,0.05636771692053914
2014-10-03,12697.386298445444,0.004661889535247369,2.7236566208709396,0.05636771692053914
2014-10-06,12411.46129440313,0.004556911175695244,2.7236566208709396,0.05636771692053914
2014-10-07,12160.055942106403,0.0044646068263252655,2.7236566208709396,0.05636771692053914
2014-10-08,12183.413421804982,0.004548543680343378,2.678530597486805,0.11799756442648433
2014-10-09,12435.771859191698,0.004642758933147845,2.678530597486805,0.11799756442648433
2014-10-10,12273.524533834434,0.004582185674992983,2.678530597486805,0.11799756442648433
2014-10-13,12263.759810823985,0.0045785401228310586,2.678530597486805,0.11799756442648433
2014-10-14,12002.362496827443,0.004480950304651716,2.678530597486805,0.11799756442648433
2014-10-15,13123.958054953204,0.004848191172282039,2.7069803125720737,0.09076713839267331
2014-10-16,13213.443180042468,0.004881248348454939,2.7069803125720737,0.09076713839267331
2014-10-17,13230.844300723435,0.004887676589029926,2.7069803125720737,0.09076713839267331
2014-10-20,12827.124765172788,0.004806788330751701,2.6685437099675324,0.11996391831994624
2014-10-21,12578.668827052355,0.004713682890060436,2.6685437099675324,0.11996391831994624
2014-10-22,12787.309390391667,0.004791868067451384,2.6685437099675324,0.11996391831994624
2014-10-23,12550.03447596688,0.004702952561387714,2.6685437099675324,0.11996391831994624
2014-10-24,12279.685699861813,0.004601643081203724,2.6685437099675324,0.11996391831994624
2014-10-27,12256.585811511006,0.004512441019680056,2.716176401654116,0.05588904297809902
2014-10-28,12102.788931913245,0.004455818452933618,2.716176401654116,0.05588904297809902
2014-10-29,12424.857726177632,0.004574392781930899,2.716176401654116,0.05588904297809902
2014-10-30,12128.676328256286,0.004467710974518843,2.7147405903002717,0.05887000249291344
2014-10-31,12135.927193003974,0.004470381898132538,2.7147405903002717,0.05887000249291344
2014-11-03,11916.402525021318,0.0043895179405348895,2.7147405903002717,0.05887000249291344
2014-11-04,11561.361100219236,0.0043218924033754285,2.675069164421986,0.09178725849143493
2014-11-05,11465.209557645221,0.004285948830830532,2.675069164421986,0.09178725849143493
2014-11-06,11202.11865286115,0.004187599633627283,2.675069164421986,0.09178725849143493
2014-11-07,11107.725139493956,0.0041523132512702905,2.675069164421986,0.09178725849143493
2014-11-10,10857.0601522805,0.004058609136794574,2.675069164421986,0.09178725849143493
2014-11-11,10733.451538795734,0.004012401504061656,2.675069164421986,0.09178725849143493
2014-11-12,10699.456152674664,0.003999693277084498,2.675069164421986,0.09178725849143493
2014-11-13,10530.127788532858,0.003936394590682723,2.675069164421986,0.09178725849143493
2014-11-14,10336.74315621394,0.0038641031393472198,2.675069164421986,0.09178725849143493
2014-11-17,10415.27546889344,0.0038934602541926856,2.675069164421986,0.09178725849143493
2014-11-18,10269.530335881409,0.0038389775010173963,2.675069164421986,0.09178725849143493
2014-11-19,10053.415403839885,0.0037581889610738984,2.675069164421986,0.09178725849143493
2014-11-20,9867.619238280671,0.00368873424639576,2.675069164421986,0.09178725849143493
2014-11-21,9687.758245942294,0.003621498230695493,2.675069164421986,0.09178725849143493
2014-11-24,9489.668891578776,0.0035474480502373294,2.675069164421986,0.09178725849143493
2014-11-25,9661.394186975327,0.003608537308575551,2.677371289473824,0.08755870717714362
2014-11-26,9506.695683503705,0.003550757312173923,2.677371289473824,0.08755870717714362
2014-11-28,9359.044717088607,0.0034956095756625196,2.677371289473824,0.08755870717714362
2014-12-01,12727.49031571718,0.004558511079836952,2.7920279435127346,0.08479228092744528
2014-12-02,14087.74534991964,0.0050457035656295834,2.7920279435127346,0.08479228092744528
2014-12-03,13924.32734737674,0.004987173348221624,2.7920279435127346,0.08479228092744528
2014-12-04,13725.461467550294,0.004915947026762876,2.7920279435127346,0.08479228092744528
2014-12-05,13806.058218067055,0.005019534305004982,2.7504659554375435,0.1542448169982798
2014-12-08,13593.03630373058,0.0049420849135971955,2.7504659554375435,0.1542448169982798
2014-12-09,13642.07792455926,0.004959915209126478,2.7504659554375435,0.1542448169982798
2014-12-10,13400.597828632635,0.004872119141173253,2.7504659554375435,0.1542448169982798
2014-12-11,13513.446453266613,0.0049131480528058005,2.7504659554375435,0.1542448169982798
2014-12-12,13333.451760013231,0.004847706525381132,2.7504659554375435,0.1542448169982798
2014-12-15,15682.127648228941,0.00558419599409921,2.808305379109215,0.11945743340753497
2014-12-16,15769.45566841134,0.005615292334558487,2.808305379109215,0.11945743340753497
2014-12-17,15498.512675348631,0.0055188131570878905,2.808305379109215,0.11945743340753497
2014-12-18,15478.815344973984,0.005511799201083969,2.808305379109215,0.11945743340753497
2014-12-19,16461.574214438202,0.005861746495553755,2.808305379109215,0.11945743340753497
2014-12-22,16325.95130295168,0.005813452989977257,2.808305379109215,0.11945743340753497
2014-12-23,16190.560090128809,0.005765241989197201,2.808305379109215,0.11945743340753497
2014-12-24,16511.87509707278,0.00587965796736475,2.808305379109215,0.11945743340753497
2014-12-26,16085.295933737378,0.005727758830430179,2.808305379109215,0.11945743340753497
2014-12-29,15868.368376998518,0.005650513827677783,2.808305379109215,0.11945743340753497
2014-12-30,15790.920255698435,0.005622935587121676,2.808305379109215,0.11945743340753497
2014-12-31,15388.597894821427,0.005479673973242411,2.808305379109215,0.11945743340753497
2015-01-02,15483.209271686119,0.005513363819641773,2.808305379109215,0.11945743340753497
2015-01-05,15374.623748067343,0.00547469796640995,2.808305379109215,0.11945743340753497
2015-01-06,15693.435008503444,0.005611964063624679,2.796424715230144,0.14028933011051822
2015-01-07,15442.068010197729,0.0055220753579010105,2.796424715230144,0.14028933011051822
2015-01-08,15268.896353330618,0.005460149264942395,2.796424715230144,0.14028933011051822
2015-01-09,15225.804416509784,0.005444739611113296,2.796424715230144,0.14028933011051822
2015-01-12,14992.472068847072,0.0053613000869266025,2.796424715230144,0.14028933011051822
2015-01-13,14626.979764255313,0.005230600232000711,2.796424715230144,0.14028933011051822
2015-01-14,14361.700971847606,0.005135736676059826,2.796424715230144,0.14028933011051822
2015-01-15,14525.811125973607,0.005194422380428053,2.796424715230144,0.14028933011051822
2015-01-16,14185.925859558376,0.005072879588818426,2.796424715230144,0.14028933011051822
2015-01-20,14098.040254207071,0.005041451742800382,2.796424715230144,0.14028933011051822
2015-01-21,13874.242570714065,0.004961421809480833,2.796424715230144,0.14028933011051822
2015-01-22,13614.29199845258,0.004868463622247785,2.796424715230144,0.14028933011051822
2015-01-23,13879.521418558583,0.004963309522679679,2.796424715230144,0.14028933011051822
2015-01-26,17794.239553310996,0.006163378638831687,2.8870917391315785,0.11545820696670481
2015-01-27,17910.17790885348,0.006203536128104042,2.8870917391315785,0.11545820696670481
2015-01-28,17738.92741944671,0.006144220212684508,2.8870917391315785,0.11545820696670481
2015-01-29,17942.586903355896,0.006214761609464107,2.8870917391315785,0.11545820696670481
2015-01-30,17779.368781148558,0.006158227859602582,2.8870917391315785,0.11545820696670481
2015-02-02,17315.10662019963,0.005997421691008655,2.8870917391315785,0.11545820696670481
2015-02-03,17045.54569886167,0.005904054058215996,2.8870917391315785,0.11545820696670481
2015-02-04,17135.2880980566,0.005935138071923826,2.8870917391315785,0.11545820696670481
2015-02-05,17087.057345254438,0.005918432418913759,2.8870917391315785,0.11545820696670481
2015-02-06,16693.596797170267,0.005782149756762357,2.8870917391315785,0.11545820696670481
2015-02-09,16605.930460544954,0.005751784827433274,2.8870917391315785,0.11545820696670481
2015-02-10,16235.114625275004,0.005623345599041629,2.8870917391315785,0.11545820696670481
2015-02-11,16093.011843831504,0.00556886870494086,2.8898170699469574,0.11046925161410662
2015-02-12,15966.063624159879,0.005532742307244149,2.885741416739243,0.12229953976303257
2015-02-13,15565.912505765753,0.005394077381803158,2.885741416739243,0.12229953976303257
2015-02-17,15591.637100887267,0.005442563300837619,2.8647599006313236,0.13419110323341057
2015-02-18,15637.444618010526,0.0054585533030410026,2.8647599006313236,0.13419110323341057
2015-02-19,15481.231290375015,0.005404024011563178,2.8647599006313236,0.13419110323341057
2015-02-20,15027.099062619764,0.005280543630485182,2.8457484899597465,0.1721702342046617
2015-02-23,14663.029489266944,0.005152609073149101,2.8457484899597465,0.1721702342046617
2015-02-24,14731.353658324375,0.005176618281727614,2.8457484899597465,0.1721702342046617
2015-02-25,14979.023047162733,0.005264242267810222,2.8454281328875064,0.16969161655656756
2015-02-26,14681.942631888813,0.005159836040908809,2.8454281328875064,0.16969161655656756
2015-02-27,14847.667277000957,0.005218078469595267,2.8454281328875064,0.16969161655656756
2015-03-02,15271.24029681681,0.005381547382999313,2.8377043273947065,0.18903902141461487
2015-03-03,15450.118212387091,0.005444583518879794,2.8377043273947065,0.18903902141461487
2015-03-04,15095.108871553635,0.005319479103523248,2.8377043273947065,0.18903902141461487
2015-03-05,14805.807124251272,0.005217529881925531,2.8377043273947065,0.18903902141461487
2015-03-06,14609.850914513348,0.005148475397338748,2.8377043273947065,0.18903902141461487
2015-03-09,14352.82699937443,0.0050579008041164554,2.8377043273947065,0.18903902141461487
2015-03-10,14551.694521991501,0.005128554346552659,2.8373872125919735,0.1888682226689442
2015-03-11,15886.406104161679,0.005547488006653264,2.8637116628478783,0.1465396646453701
2015-03-12,16291.910680551038,0.005701919423447206,2.857267784871896,0.15857940168070922
2015-03-13,15998.23314568184,0.00559913678038375,2.857267784871896,0.15857940168070922
2015-03-16,15711.395035920612,0.005498747831444515,2.857267784871896,0.15857940168070922
2015-03-17,15412.942776193986,0.005394294107748467,2.857267784871896,0.15857940168070922
2015-03-18,15287.570604659966,0.005350415766279105,2.857267784871896,0.15857940168070922
2015-03-19,14915.385989109309,0.005220156846369243,2.857267784871896,0.15857940168070922
2015-03-20,15231.970414870166,0.005330956550701139,2.857267784871896,0.15857940168070922
2015-03-23,14883.530502919237,0.005209007913686512,2.857267784871896,0.15857940168070922
2015-03-24,14661.029543426856,0.005131135982791397,2.857267784871896,0.15857940168070922
2015-03-25,14481.33497549066,0.005068245633875693,2.857267784871896,0.15857940168070922
2015-03-26,14124.949707379083,0.004943516243792447,2.857267784871896,0.15857940168070922
2015-03-27,14959.975230076274,0.00523576239835952,2.857267784871896,0.15857940168070922
2015-03-30,15279.796695617502,0.0054295101201523276,2.814212766434409,0.18303305404333034
2015-03-31,14911.226774892966,0.0052985427941844646,2.814212766434409,0.18303305404333034
2015-04-01,14956.43923739991,0.005314608552625405,2.814212766434409,0.18303305404333034
2015-04-02,14975.888825402355,0.00532151975288518,2.814212766434409,0.18303305404333034
2015-04-06,14906.35950829899,0.0052968132637623054,2.814212766434409,0.18303305404333034
2015-04-07,15489.986121799555,0.0055041986542564356,2.814212766434409,0.18303305404333034
2015-04-08,15722.00622370052,0.005590459859978136,2.812292122201555,0.1860161906510221
2015-04-09,14601.028181399688,0.005453094914873161,2.6775672181270496,0.17496448937198636
2015-04-10,13218.434466294833,0.005334334682366643,2.477991212285599,-0.0001890984181014202
2015-04-13,12891.206814409965,0.005202281085783043,2.477991212285599,-0.0001890984181014202
2015-04-14,13045.157568566632,0.00526440832553813,2.477991212285599,-0.0001890984181014202
2015-04-15,13093.485663680263,0.005283911257943228,2.477991212285599,-0.0001890984181014202
2015-04-16,13245.042214788193,0.005345072310636445,2.477991212285599,-0.0001890984181014202
2015-04-17,12944.00339178491,0.005223587286189721,2.477991212285599,-0.0001890984181014202
2015-04-20,12813.909630159618,0.0051710875997581065,2.477991212285599,-0.0001890984181014202
2015-04-21,12797.350546398357,0.005164405137092716,2.477991212285599,-0.0001890984181014202
2015-04-22,12482.232652777942,0.005037238465936623,2.477991212285599,-0.0001890984181014202
2015-04-23,12351.275469905813,0.004984390343545042,2.477991212285599,-0.0001890984181014202
2015-04-24,12047.968952926873,0.004861990185112203,2.477991212285599,-0.0001890984181014202
2015-04-27,11859.602173350502,0.004785974265990913,2.477991212285599,-0.0001890984181014202
2015-04-28,11861.641384048935,0.004786797194937683,2.477991212285599,-0.0001890984181014202
2015-04-29,12523.433398624973,0.005053865137428741,2.477991212285599,-0.0001890984181014202
2015-04-30,12332.908172391606,0.004976978171369797,2.477991212285599,-0.0001890984181014202
2015-05-01,12705.52569561128,0.0051351067637701074,2.474247621345092,0.011507022015428353
2015-05-04,14024.582869066282,0.005668221219282007,2.474247621345092,0.011507022015428353
2015-05-05,14146.476525262073,0.00571748615749766,2.474247621345092,0.011507022015428353
2015-05-06,14002.680790956923,0.005659369203857029,2.474247621345092,0.011507022015428353
2015-05-07,13729.942754434223,0.005549138508202394,2.474247621345092,0.011507022015428353
2015-05-08,13550.584991098516,0.005476648688756512,2.474247621345092,0.011507022015428353
2015-05-11,13207.242871362687,0.005337882416224268,2.474247621345092,0.011507022015428353
2015-05-12,13334.575467775903,0.005389345574282794,2.474247621345092,0.011507022015428353
2015-05-13,13001.73242915238,0.00525352963211624,2.4748565896857784,0.007162018873782188
2015-05-14,12933.59952243274,0.005225999589768093,2.4748565896857784,0.007162018873782188
2015-05-15,12783.601760421567,0.005165390921517858,2.4748565896857784,0.007162018873782188
2015-05-18,12834.587991011662,0.005185992612461319,2.4748565896857784,0.007162018873782188
2015-05-19,13596.071161944865,0.005493680409041842,2.4748565896857784,0.007162018873782188
2015-05-20,13417.791661136558,0.005421644113463624,2.4748565896857784,0.007162018873782188
2015-05-21,13348.618153610441,0.005393693601981704,2.4748565896857784,0.007162018873782188
2015-05-22,13544.704331145982,0.005492756964924936,2.4659209241621864,0.0359459274974213
2015-05-26,13201.29531542261,0.005353494990885744,2.4659209241621864,0.0359459274974213
2015-05-27,15075.623251073575,0.006011406812376226,2.507836139127372,-0.01535855408693414
2015-05-28,14688.628127071768,0.0058570924542872375,2.507836139127372,-0.01535855408693414
2015-05-29,14322.352565405017,0.005711040024484467,2.507836139127372,-0.01535855408693414
2015-06-01,13994.71149553012,0.005580393103514223,2.507836139127372,-0.01535855408693414
2015-06-02,14070.93421781219,0.00561063131238351,2.5079056944546534,-0.014524261261259639
2015-06-03,14106.189816356207,0.00562468909718059,2.5079056944546534,-0.014524261261259639
2015-06-04,15499.394041496864,0.006180214062980236,2.5079056944546534,-0.014524261261259639
2015-06-05,15806.177102431531,0.006301222789806462,2.508430130101305,-0.01731054559146253
2015-06-08,15588.239481420365,0.006214340712288774,2.508430130101305,-0.01731054559146253
2015-06-09,15437.010337359638,0.006154052350159023,2.508430130101305,-0.01731054559146253
2015-06-10,15375.875868533029,0.0061296807449494565,2.508430130101305,-0.01731054559146253
2015-06-11,16541.064152813797,0.006594189710257456,2.508430130101305,-0.01731054559146253
2015-06-12,16881.402396149882,0.006751578933230928,2.50036362798937,0.008657978797945807
2015-06-15,16691.52973400185,0.006675640913647466,2.50036362798937,0.008657978797945807
2015-06-16,16352.679053524394,0.006540120353084065,2.50036362798937,0.008657978797945807
2015-06-17,15817.130011039246,0.006381434952677224,2.4786165068412136,0.024324773232445487
2015-06-18,15401.426259768003,0.006213718910230212,2.4786165068412136,0.024324773232445487
2015-06-19,16892.876506921028,0.006815445818380983,2.4786165068412136,0.024324773232445487
2015-06-22,17154.02518297744,0.006948298749489798,2.4688093879436357,0.059636128753927556
2015-06-23,16798.54545652263,0.006886826795315153,2.4392286833683756,0.07093244323400011
2015-06-24,16339.595249824224,0.00670962659056124,2.4352465862720187,0.08877355401417039
2015-06-25,16771.85295077965,0.006879274584134114,2.4380263857269338,0.07487577955766139
2015-06-26,16340.33756037579,0.006702280851445206,2.4380263857269338,0.07487577955766139
2015-06-29,16450.53326690132,0.006747479585622428,2.4380263857269338,0.07487577955766139
2015-06-30,19139.516630868664,0.00771622731182493,2.480424157740639,0.06943634707722812
2015-07-01,18818.925038755533,0.007586978614132373,2.480424157740639,0.06943634707722812
2015-07-02,18390.804822692277,0.007414379014694017,2.480424157740639,0.06943634707722812
2015-07-06,18110.884134535176,0.007301527070689378,2.480424157740639,0.06943634707722812
2015-07-07,18573.14465529148,0.0074909288189982,2.479418120779228,0.07164245032493027
2015-07-08,18212.138659769495,0.0073453277231215084,2.479418120779228,0.07164245032493027
2015-07-09,17922.57290717547,0.007228539937242529,2.479418120779228,0.07164245032493027
2015-07-10,18377.594815270684,0.00741205957206403,2.479418120779228,0.07164245032493027
2015-07-13,18402.862490029936,0.007422250541690126,2.479418120779228,0.07164245032493027
2015-07-14,17924.863131066468,0.0072294636313430935,2.479418120779228,0.07164245032493027
2015-07-15,17730.19602112209,0.007150950407489105,2.479418120779228,0.07164245032493027
2015-07-16,17540.467180157993,0.00707442888843831,2.479418120779228,0.07164245032493027
2015-07-17,17081.750615692774,0.006889419123195062,2.479418120779228,0.07164245032493027
2015-07-20,16981.961522329046,0.006849172142450899,2.479418120779228,0.07164245032493027
2015-07-21,16760.38077545519,0.006759804098789018,2.479418120779228,0.07164245032493027
2015-07-22,16544.981266193616,0.006672929074582178,2.479418120779228,0.07164245032493027
2015-07-23,16135.923800758928,0.006507947838861383,2.479418120779228,0.07164245032493027
2015-07-24,16233.779130431056,0.006547414893188377,2.479418120779228,0.07164245032493027
2015-07-27,15822.602267332044,0.006381578861075413,2.479418120779228,0.07164245032493027
2015-07-28,15671.78050960477,0.006320749363838426,2.479418120779228,0.07164245032493027
2015-07-29,15549.053804704648,0.006271251175585469,2.479418120779228,0.07164245032493027
2015-07-30,15154.156367110852,0.006140974689553967,2.4677119078325873,0.10212889878721393
2015-07-31,15097.870257354978,0.006118165661653579,2.4677119078325873,0.10212889878721393
2015-08-03,15275.843011811365,0.00619028621749784,2.4677119078325873,0.10212889878721393
2015-08-04,15197.070023367434,0.0061583647487907745,2.4677119078325873,0.10212889878721393
2015-08-05,15114.345106706307,0.006124841825633272,2.4677119078325873,0.10212889878721393
2015-08-06,14751.61147585019,0.005977849938247718,2.4677119078325873,0.10212889878721393
2015-08-07,14555.24196946586,0.00589827439875259,2.4677119078325873,0.10212889878721393
2015-08-10,14355.035078448122,0.0058171438217260426,2.4677119078325873,0.10212889878721393
2015-08-11,15192.606247071657,0.006156555876255205,2.4677119078325873,0.10212889878721393
2015-08-12,15245.867428103877,0.006178139101129699,2.4677119078325873,0.10212889878721393
2015-08-13,14935.629981094675,0.006052420435987103,2.4677119078325873,0.10212889878721393
2015-08-14,14735.956732631948,0.0059715061089017744,2.4677119078325873,0.10212889878721393
2015-08-17,14360.273350116007,0.005819266545878428,2.4677119078325873,0.10212889878721393
2015-08-18,14092.29943412238,0.005710674487322861,2.4677119078325873,0.10212889878721393
2015-08-19,13805.063918825637,0.005594276979824093,2.4677119078325873,0.10212889878721393
2015-08-20,13813.622204844713,0.005597745085639812,2.4677119078325873,0.10212889878721393
2015-08-21,13542.403920716082,0.005487838299816162,2.4677119078325873,0.10212889878721393
2015-08-24,13306.799287527765,0.005392363365144695,2.4677119078325873,0.10212889878721393
2015-08-25,12983.68489825296,0.005261426529183726,2.4677119078325873,0.10212889878721393
2015-08-26,13574.497658137758,0.0055008437634279424,2.4677119078325873,0.10212889878721393
2015-08-27,13258.324323102423,0.005372719676482545,2.4677119078325873,0.10212889878721393
2015-08-28,13346.564888871793,0.005408477726475858,2.4677119078325873,0.10212889878721393
2015-08-31,13015.903286206967,0.00527448250539057,2.4677119078325873,0.10212889878721393
2015-09-01,12705.609171105089,0.005148740876427725,2.4677119078325873,0.10212889878721393
2015-09-02,12414.025846870696,0.005030581490273734,2.4677119078325873,0.10212889878721393
2015-09-03,12115.64642989072,0.004909668098385114,2.4677119078325873,0.10212889878721393
2015-09-04,12199.123260944147,0.004943495722585681,2.4677119078325873,0.10212889878721393
2015-09-08,12411.838722122538,0.005038156567084746,2.4635674887937165,0.12249647051964507
2015-09-09,12300.49561087661,0.005018115944465711,2.4512178967172646,0.15660310341337513
2015-09-10,12001.408837384077,0.004896100364417491,2.4512178967172646,0.15660310341337513
2015-09-11,11751.485847381295,0.004794141664484089,2.4512178967172646,0.15660310341337513
2015-09-14,11507.03545849194,0.004694415569461394,2.4512178967172646,0.15660310341337513
2015-09-15,11231.508802152875,0.004582011585830215,2.4512178967172646,0.15660310341337513
2015-09-16,11773.693746404115,0.004803201609359884,2.4512178967172646,0.15660310341337513
2015-09-17,11748.295037329683,0.004854681697866804,2.4199928581295045,0.158834085036311
2015-09-18,11818.311585922187,0.004883614241348202,2.4199928581295045,0.158834085036311
2015-09-21,12045.000769605002,0.004994459989916738,2.411672291683691,0.20702671610636075
2015-09-22,11752.816762114877,0.004873305881003317,2.411672291683691,0.20702671610636075
2015-09-23,12961.100071733272,0.005316702984708068,2.4378078122874385,0.16910193662854667
2015-09-24,12635.732645432374,0.005183235766881902,2.4378078122874385,0.16910193662854667
2015-09-25,12527.647776360533,0.005138898855445712,2.4378078122874385,0.16910193662854667
2015-09-28,12231.844650101026,0.005017559049752846,2.4378078122874385,0.16910193662854667
2015-09-29,13271.006993638804,0.005398782163511853,2.458148262275163,0.11715279724080085
2015-09-30,13294.502610192816,0.005408340422024813,2.458148262275163,0.11715279724080085
2015-10-01,12961.510277906345,0.005272875715767321,2.458148262275163,0.11715279724080085
2015-10-02,12876.7349959127,0.005238388258971212,2.458148262275163,0.11715279724080085
2015-10-05,12614.901748647288,0.00513187180051192,2.458148262275163,0.11715279724080085
2015-10-06,13519.56396509235,0.005499897696398177,2.458148262275163,0.11715279724080085
2015-10-07,13197.637869476193,0.005368934849056253,2.458148262275163,0.11715279724080085
2015-10-08,13172.192385337501,0.005358583364351608,2.458148262275163,0.11715279724080085
2015-10-09,13004.39858579846,0.005290323120608727,2.458148262275163,0.11715279724080085
2015-10-12,12957.931403658202,0.005271419792907391,2.458148262275163,0.11715279724080085
2015-10-13,12760.06495384171,0.005190925685675081,2.458148262275163,0.11715279724080085
2015-10-14,13098.361901475282,0.005324529728674662,2.4600035249940504,0.10271154106017194
2015-10-15,12863.417676358446,0.005229024082959213,2.4600035249940504,0.10271154106017194
2015-10-16,13724.081655179789,0.005578886987657052,2.4600035249940504,0.10271154106017194
2015-10-19,13468.848399999593,0.005475133780563249,2.4600035249940504,0.10271154106017194
2015-10-20,13154.100739528069,0.005347187760456515,2.4600035249940504,0.10271154106017194
2015-10-21,12939.024844977805,0.00525975866030887,2.4600035249940504,0.10271154106017194
2015-10-22,13500.156319344902,0.005477121435123256,2.464826913051837,0.0841635107126538
2015-10-23,14090.528035905016,0.005716639964166393,2.464826913051837,0.0841635107126538
2015-10-26,13870.91890515546,0.005627542782702383,2.464826913051837,0.0841635107126538
2015-10-27,13760.404069195924,0.0055827060295111815,2.464826913051837,0.0841635107126538
2015-10-28,13413.518109338544,0.005441971620120997,2.464826913051837,0.0841635107126538
2015-10-29,13202.98059526967,0.00535655486612743,2.464826913051837,0.0841635107126538
2015-10-30,12930.638237283863,0.005246063392448815,2.464826913051837,0.0841635107126538
2015-11-02,12752.869233571777,0.005173941085291766,2.464826913051837,0.0841635107126538
2015-11-03,12814.328238855263,0.0051988754954761275,2.464826913051837,0.0841635107126538
2015-11-04,12273.970474254518,0.005070927006617998,2.420458913771767,0.12048082423405562
2015-11-05,12065.301526456456,0.004984716517106777,2.420458913771767,0.12048082423405562
2015-11-06,11911.966441435216,0.004921366924949354,2.420458913771767,0.12048082423405562
2015-11-09,11662.467387609293,0.004818287689682711,2.420458913771767,0.12048082423405562
2015-11-10,11528.814610773285,0.004763069740691485,2.420458913771767,0.12048082423405562
2015-11-11,11470.292668719118,0.004738891704980491,2.420458913771767,0.12048082423405562
2015-11-12,11289.99041478737,0.004664400767371149,2.420458913771767,0.12048082423405562
2015-11-13,11002.617988226597,0.004571010965422368,2.4070425714259778,0.16591720776439897
2015-11-16,10974.196650656484,0.0045592033896414055,2.4070425714259778,0.16591720776439897
2015-11-17,10754.375026904609,0.004467879029049956,2.4070425714259778,0.16591720776439897
2015-11-18,11005.781780582554,0.004571474553400277,2.4074905486231835,0.158087852423991
2015-11-19,10952.315111498143,0.004549266088609007,2.4074905486231835,0.158087852423991
2015-11-20,10693.965046572052,0.004441955152300726,2.4074905486231835,0.158087852423991
2015-11-23,10489.035421903578,0.004356833478703432,2.4074905486231835,0.158087852423991
2015-11-24,10682.772062352173,0.004444548353622419,2.4035675196660744,0.176286738168482
2015-11-25,10450.064976234282,0.0043477309835199054,2.4035675196660744,0.176286738168482
2015-11-27,10336.521646836232,0.004300491482873873,2.4035675196660744,0.176286738168482
2015-11-30,10377.909890000898,0.00431771098797453,2.4035675196660744,0.176286738168482
2015-12-01,10174.11149022749,0.004232921025510018,2.4035675196660744,0.176286738168482
2015-12-02,9958.387255014924,0.004143169340380517,2.4035675196660744,0.176286738168482
2015-12-03,10129.684921819124,0.00421443743058503,2.4035675196660744,0.176286738168482
2015-12-04,11462.778000205099,0.0047690684394826625,2.4035675196660744,0.176286738168482
2015-12-07,13392.033235143239,0.005571731655370257,2.4035675196660744,0.176286738168482
2015-12-08,14649.890322191322,0.006043801675606678,2.4239528542638293,0.1586680281989601
2015-12-09,14365.780314158741,0.005926592296912361,2.4239528542638293,0.1586680281989601
2015-12-10,14021.616055163315,0.00578460758034082,2.4239528542638293,0.1586680281989601
2015-12-11,13855.07040276261,0.005715899291684239,2.4239528542638293,0.1586680281989601
2015-12-14,14660.02786467379,0.0060269235872631825,2.432423051729927,0.13866025307885643
2015-12-15,14533.306425112523,0.005974826794531695,2.432423051729927,0.13866025307885643
2015-12-16,14376.291512826667,0.005910275970539879,2.432423051729927,0.13866025307885643
2015-12-17,14222.171991560597,0.005846915478557836,2.432423051729927,0.13866025307885643
2015-12-18,16948.18398702998,0.0068082590121364625,2.489356523718912,0.11648552786577344
2015-12-21,16661.409661465812,0.0066930588297472605,2.489356523718912,0.11648552786577344
2015-12-22,16385.721404937067,0.006582312034781593,2.489356523718912,0.11648552786577344
2015-12-23,16043.997214697776,0.006445037929211219,2.489356523718912,0.11648552786577344
2015-12-24,15883.097124211097,0.006380402715671655,2.489356523718912,0.11648552786577344
2015-12-28,15488.990169029403,0.006222085917163047,2.489356523718912,0.11648552786577344
2015-12-29,15200.058345509462,0.006106019045757942,2.489356523718912,0.11648552786577344
2015-12-30,15734.93398082188,0.006320884064173768,2.489356523718912,0.11648552786577344
2015-12-31,15719.121262338322,0.006314531933278538,2.489356523718912,0.11648552786577344
2016-01-04,15734.721201363143,0.006320798588486895,2.489356523718912,0.11648552786577344
2016-01-05,15325.333637625741,0.006156343413088471,2.489356523718912,0.11648552786577344
2016-01-06,14925.058090426557,0.0059955486280163835,2.489356523718912,0.11648552786577344
2016-01-07,14861.192451029077,0.005969893146855304,2.489356523718912,0.11648552786577344
2016-01-08,14461.274901367868,0.005838720383415901,2.4767883974103593,0.1505806851475106
2016-01-11,14088.722739158218,0.005688302946625912,2.4767883974103593,0.1505806851475106
2016-01-12,13728.252404549004,0.005542763531556741,2.4767883974103593,0.1505806851475106
2016-01-13,14101.795914127186,0.005697728618169682,2.474985535316211,0.15712942307215214
2016-01-14,13757.29014902619,0.005558533556144004,2.474985535316211,0.15712942307215214
2016-01-15,13498.196091268223,0.00545384847655025,2.474985535316211,0.15712942307215214
2016-01-19,13249.203161840662,0.005353244684780716,2.474985535316211,0.15712942307215214
2016-01-20,12948.77142822203,0.005231857416317246,2.474985535316211,0.15712942307215214
2016-01-21,12633.150184731074,0.005104332936279979,2.474985535316211,0.15712942307215214
2016-01-22,12324.79523605192,0.004979744350092644,2.474985535316211,0.15712942307215214
2016-01-25,12050.611460753018,0.004868962379294632,2.474985535316211,0.15712942307215214
2016-01-26,12177.633781460401,0.0049202848290200414,2.474985535316211,0.15712942307215214
2016-01-27,12157.760370489026,0.0049122551210933505,2.474985535316211,0.15712942307215214
2016-01-28,11871.71453553176,0.004796854460369308,2.4748957120991664,0.1619019800956327
2016-01-29,11699.476030551075,0.004727260212765802,2.4748957120991664,0.1619019800956327
2016-02-01,11575.748329883942,0.004677267116061864,2.4748957120991664,0.1619019800956327
2016-02-02,11340.48507339052,0.004582207249359895,2.4748957120991664,0.1619019800956327
2016-02-03,13301.616170636551,0.005270847256595182,2.523620117049079,0.1277137834761141
2016-02-04,13329.916133969875,0.005282061291204486,2.523620117049079,0.1277137834761141
2016-02-05,13568.957431300807,0.005376782876167301,2.523620117049079,0.1277137834761141
2016-02-08,13227.503248656783,0.005241479555220845,2.523620117049079,0.1277137834761141
2016-02-09,13981.015561618882,0.005528952623136315,2.528691510778059,0.11270040122450217
2016-02-10,13631.672799631053,0.005390801029516127,2.528691510778059,0.11270040122450217
2016-02-11,13299.960760923397,0.005259621707208999,2.528691510778059,0.11270040122450217
2016-02-12,12974.331857999117,0.005130848030571754,2.528691510778059,0.11270040122450217
2016-02-16,14058.013601980012,0.005559402379475885,2.528691510778059,0.11270040122450217
2016-02-17,13766.869472412805,0.005444266101157134,2.528691510778059,0.11270040122450217
2016-02-18,14124.49656637514,0.005585693828674712,2.528691510778059,0.11270040122450217
2016-02-19,13806.929719450285,0.00546010838435646,2.528691510778059,0.11270040122450217
2016-02-22,13511.540253148905,0.005343293239036305,2.528691510778059,0.11270040122450217
2016-02-23,13215.635506157967,0.005226274320069836,2.528691510778059,0.11270040122450217
2016-02-24,13433.579465062252,0.005312462753089578,2.528691510778059,0.11270040122450217
2016-02-25,13220.1268244003,0.005228050463274015,2.528691510778059,0.11270040122450217
2016-02-26,12940.0918489556,0.005117307427102499,2.528691510778059,0.11270040122450217
2016-02-29,12628.471204015068,0.004994073476416024,2.528691510778059,0.11270040122450217
2016-03-01,12645.501448622692,0.005000808281565261,2.528691510778059,0.11270040122450217
2016-03-02,15540.111885309907,0.006145515108930125,2.528691510778059,0.11270040122450217
2016-03-03,15370.477527525774,0.0060784312605994375,2.528691510778059,0.11270040122450217
2016-03-04,15318.848296743367,0.006058013890365722,2.528691510778059,0.11270040122450217
2016-03-07,15522.345362072314,0.00613848913396961,2.528691510778059,0.11270040122450217
2016-03-08,15403.376491214272,0.0060914415323341554,2.528691510778059,0.11270040122450217
2016-03-09,16071.13813463777,0.006347496773090725,2.531885987365757,0.09734001873934175
2016-03-10,15856.770688527424,0.006262829672289169,2.531885987365757,0.09734001873934175
2016-03-11,15753.064441876726,0.006221869594636306,2.531885987365757,0.09734001873934175
2016-03-14,16054.014947153622,0.006340733756284443,2.531885987365757,0.09734001873934175
2016-03-15,15888.161642848814,0.006275227921846232,2.531885987365757,0.09734001873934175
2016-03-16,15535.795874488766,0.006136056659744237,2.531885987365757,0.09734001873934175
2016-03-17,15367.287184805455,0.006069502047678694,2.531885987365757,0.09734001873934175
2016-03-18,14952.493034346333,0.005914979709617955,2.5279026756479115,0.10952778498355967
2016-03-21,14566.352166270135,0.0057622282323573715,2.5279026756479115,0.10952778498355967
2016-03-22,14157.21718329215,0.005618026927442553,2.5199625003821082,0.1418660917906993
2016-03-23,13804.390774458374,0.005478014364247555,2.5199625003821082,0.1418660917906993
2016-03-24,15979.014883519714,0.006238145953618494,2.561500644955404,0.09576983959021926
2016-03-28,15563.443148688939,0.006075908346671488,2.561500644955404,0.09576983959021926
2016-03-29,15171.278160966729,0.00592280864377095,2.561500644955404,0.09576983959021926
2016-03-30,14875.753424708997,0.005807436923353961,2.561500644955404,0.09576983959021926
2016-03-31,14544.829053284198,0.005678245321518327,2.561500644955404,0.09576983959021926
2016-04-01,14312.019695730156,0.005591202762118691,2.5597389872348075,0.11192907973171326
2016-04-04,14108.88418662056,0.005516018661038818,2.5578021130123356,0.13895743017656487
2016-04-05,13960.302443577668,0.005457929044845676,2.5578021130123356,0.13895743017656487
2016-04-06,14085.163607140646,0.005506744847650659,2.5578021130123356,0.13895743017656487
2016-04-07,14171.544382651145,0.005545763514174878,2.555382022047806,0.17308316868703216
2016-04-08,14430.73842285825,0.005647861057434926,2.555080281916889,0.2031529067216379
2016-04-11,14086.118569553471,0.005512984726642597,2.555080281916889,0.2031529067216379
2016-04-12,13884.127877492705,0.005433930188321309,2.555080281916889,0.2031529067216379
2016-04-13,14748.181368146463,0.005772100967834163,2.555080281916889,0.2031529067216379
2016-04-14,14373.486478110995,0.005625453955336238,2.555080281916889,0.2031529067216379
2016-04-15,14170.332818900815,0.00554594425826411,2.555080281916889,0.2031529067216379
2016-04-18,13892.976840212783,0.00543739346999692,2.555080281916889,0.2031529067216379
2016-04-19,14012.8467589861,0.005484307815358854,2.555080281916889,0.2031529067216379
2016-04-20,14174.679074106787,0.005547645283173868,2.555080281916889,0.2031529067216379
2016-04-21,14071.068928693338,0.005507094641322521,2.555080281916889,0.2031529067216379
2016-04-22,13730.301715408385,0.0053737261457426876,2.555080281916889,0.2031529067216379
2016-04-25,13575.63519247128,0.00531319320514128,2.555080281916889,0.2031529067216379
2016-04-26,13253.065614970048,0.005186946848115178,2.555080281916889,0.2031529067216379
2016-04-27,13152.52465031308,0.005147597413434581,2.555080281916889,0.2031529067216379
2016-04-28,13064.00213999512,0.005112951726978285,2.555080281916889,0.2031529067216379
2016-04-29,12794.319574599062,0.005007404137219682,2.555080281916889,0.2031529067216379
2016-05-02,12638.000906728992,0.004944247808062317,2.556101837395951,0.19774577946329658
2016-05-03,12848.838679268398,0.005026731913137801,2.556101837395951,0.19774577946329658
2016-05-04,13030.200653808131,0.00509768447531134,2.556101837395951,0.19774577946329658
2016-05-05,12972.903834863448,0.005075268772577424,2.556101837395951,0.19774577946329658
2016-05-06,12805.304786872019,0.005009700552430854,2.556101837395951,0.19774577946329658
2016-05-09,12549.46591904311,0.00490961108647689,2.556101837395951,0.19774577946329658
2016-05-10,13017.330746170725,0.005092991154606972,2.5559303660670265,0.19942202181177449
2016-05-11,12663.146564486362,0.004983353813753145,2.5410892017216185,0.26254541414534704
2016-05-12,12472.679951196347,0.004908399100175608,2.5410892017216185,0.26254541414534704
2016-05-13,12168.130251462237,0.004788549037640309,2.5410892017216185,0.26254541414534704
2016-05-16,12104.520754445533,0.004763516662950901,2.5410892017216185,0.26254541414534704
2016-05-17,11897.142717835237,0.004681906762570467,2.5410892017216185,0.26254541414534704
2016-05-18,11616.77137089988,0.004571571656370574,2.5410892017216185,0.26254541414534704
2016-05-19,11623.27954569072,0.004574132831628189,2.5410892017216185,0.26254541414534704
2016-05-20,11685.110309548618,0.004598465217841159,2.5410892017216185,0.26254541414534704
2016-05-23,11410.841117654532,0.004496083737180327,2.5379512003508022,0.32935878261842233
2016-05-24,11176.578760916358,0.004403780009391631,2.5379512003508022,0.32935878261842233
2016-05-25,11044.422213804357,0.004351707870615388,2.5379512003508022,0.32935878261842233
2016-05-26,10812.361494394607,0.004260271628902909,2.5379512003508022,0.32935878261842233
2016-05-27,10874.426385316254,0.0042847263508507035,2.5379512003508022,0.32935878261842233
2016-05-31,10626.815540114436,0.0041871630702141035,2.5379512003508022,0.32935878261842233
2016-06-01,10385.88185400536,0.0040922307145109,2.5379512003508022,0.32935878261842233
2016-06-02,10154.754568713342,0.004001162263210469,2.5379512003508022,0.32935878261842233
2016-06-03,10051.248342656492,0.003960378884064903,2.5379512003508022,0.32935878261842233
2016-06-06,9984.975096073764,0.003934265991676126,2.5379512003508022,0.32935878261842233
2016-06-07,10633.97381463885,0.004189983563580337,2.5379512003508022,0.32935878261842233
2016-06-08,10398.816510511126,0.004094965051874373,2.5394152034951594,0.3374130610035811
2016-06-09,10379.23982870939,0.004087255921923984,2.5394152034951594,0.3374130610035811
2016-06-10,10150.869269383667,0.003997325547792412,2.5394152034951594,0.3374130610035811
2016-06-13,10396.16042705965,0.0040904596569599485,2.5415628801937955,0.3714439324271569
2016-06-14,10164.714589388555,0.003999395280990841,2.5415628801937955,0.3714439324271569
2016-06-15,9940.486306722289,0.0039111707147549786,2.5415628801937955,0.3714439324271569
2016-06-16,9810.278699395347,0.0038599394002194853,2.5415628801937955,0.3714439324271569
2016-06-17,10017.265515117571,0.003933614438898175,2.5465804213194465,0.4092464655885357
2016-06-20,10395.771406029713,0.004082247440135194,2.5465804213194465,0.4092464655885357
2016-06-21,10524.388689702004,0.0041327533195472605,2.5465804213194465,0.4092464655885357
2016-06-22,10340.79689408596,0.00406065985881103,2.5465804213194465,0.4092464655885357
2016-06-23,10175.998001883938,0.003995946060329601,2.5465804213194465,0.4092464655885357
2016-06-24,10228.49699983401,0.004016561548264151,2.5465804213194465,0.4092464655885357
2016-06-27,10299.4864596457,0.004044437934659562,2.5465804213194465,0.4092464655885357
2016-06-28,15066.190493997641,0.005594116709192228,2.693220623953187,0.43531564138466405
2016-06-29,15008.051297073082,0.005572529470327547,2.693220623953187,0.43531564138466405
2016-06-30,15038.750195771618,0.005583928053282655,2.693220623953187,0.43531564138466405
2016-07-01,14832.225711991396,0.005507244961692082,2.693220623953187,0.43531564138466405
2016-07-05,14459.133238569737,0.00536871473134132,2.693220623953187,0.43531564138466405
2016-07-06,14774.216181042777,0.005489389654892971,2.6914132735820218,0.4385934893911806
2016-07-07,14417.589692926158,0.005356884367943122,2.6914132735820218,0.4385934893911806
2016-07-08,14059.920684389366,0.005223991730440161,2.6914132735820218,0.4385934893911806
2016-07-11,13776.5157564086,0.00511869206102017,2.6914132735820218,0.4385934893911806
2016-07-12,13571.664035614807,0.005042578993285628,2.6914132735820218,0.4385934893911806
2016-07-13,14192.319077400842,0.005273184618916655,2.6914132735820218,0.4385934893911806
2016-07-14,13916.528594266956,0.005170714111751907,2.6914132735820218,0.4385934893911806
2016-07-15,14069.820434218991,0.005227670002345409,2.6914132735820218,0.4385934893911806
2016-07-18,13995.117183760953,0.005199913859804499,2.6914132735820218,0.4385934893911806
2016-07-19,13683.039750670505,0.005083960863602209,2.6914132735820218,0.4385934893911806
2016-07-20,13448.554479018188,0.004996837390609807,2.6914132735820218,0.4385934893911806
2016-07-21,13156.494833941546,0.00488832204369397,2.6914132735820218,0.4385934893911806
2016-07-22,12885.565106752782,0.004787657560149909,2.6914132735820218,0.4385934893911806
2016-07-25,12600.777073800899,0.004681843995303788,2.6914132735820218,0.4385934893911806
2016-07-26,12428.770039076106,0.004617934436555172,2.6914132735820218,0.4385934893911806
2016-07-27,12142.878964092544,0.004510288985417151,2.692261849152769,0.43080024684959095
2016-07-28,11870.267978769862,0.004409031752429776,2.692261849152769,0.43080024684959095
2016-07-29,11620.093357955038,0.004316108168160456,2.692261849152769,0.43080024684959095
2016-08-01,11481.875759750992,0.004264769328943333,2.692261849152769,0.43080024684959095
2016-08-02,11884.572013421513,0.0044143447700532865,2.692261849152769,0.43080024684959095
2016-08-03,11849.635064871956,0.004401367968201508,2.692261849152769,0.43080024684959095
2016-08-04,11573.971858243147,0.00429897703371066,2.692261849152769,0.43080024684959095
2016-08-05,11713.82286907701,0.004350922579378097,2.692261849152769,0.43080024684959095
2016-08-08,11627.978006134492,0.004319036801637149,2.692261849152769,0.43080024684959095
2016-08-09,11423.019153846297,0.004242907931649004,2.692261849152769,0.43080024684959095
2016-08-10,11252.96841325229,0.004179745152498262,2.692261849152769,0.43080024684959095
2016-08-11,11159.623280117987,0.004168608105877991,2.6770622223715965,0.48672921873591823
2016-08-12,11709.999366711781,0.004374197681642958,2.6770622223715965,0.48672921873591823
2016-08-15,12373.433433508351,0.004618255869510934,2.6792438061294943,0.4399959730416661
2016-08-16,12589.923917316588,0.004699058700262266,2.6792438061294943,0.4399959730416661
2016-08-17,12299.87277187513,0.004590800114471049,2.6792438061294943,0.4399959730416661
2016-08-18,12048.443850416834,0.004496956873746526,2.6792438061294943,0.4399959730416661
2016-08-19,11770.71424348783,0.004393297174583044,2.6792438061294943,0.4399959730416661
2016-08-22,11554.110011313509,0.004312451888432236,2.6792438061294943,0.4399959730416661
2016-08-23,11589.973166934713,0.004325837439810262,2.6792438061294943,0.4399959730416661
2016-08-24,11336.204592308633,0.004231120947774145,2.6792438061294943,0.4399959730416661
2016-08-25,11576.645806287655,0.00431360811554563,2.6837500060719632,0.4725385045885535
2016-08-26,11316.097186461098,0.004216524326356224,2.6837500060719632,0.4725385045885535
2016-08-29,11156.77279083788,0.004157157993701265,2.6837500060719632,0.4725385045885535
2016-08-30,11343.597458178614,0.004226771283656754,2.6837500060719632,0.4725385045885535
2016-08-31,11285.697421291728,0.0042051969802544675,2.6837500060719632,0.4725385045885535
2016-09-01,11074.865316271607,0.004126638208184373,2.6837500060719632,0.4725385045885535
2016-09-02,10827.361206783005,0.004034414972440125,2.6837500060719632,0.4725385045885535
2016-09-06,11118.85724356242,0.004143030169876514,2.6837500060719632,0.4725385045885535
2016-09-07,10882.640284095629,0.004055012672370281,2.6837500060719632,0.4725385045885535
2016-09-08,10640.58295811353,0.00396481897868255,2.6837500060719632,0.4725385045885535
2016-09-09,10630.98359891459,0.003961242133157736,2.6837500060719632,0.4725385045885535
2016-09-12,10451.078204565725,0.0038942070539060058,2.6837500060719632,0.4725385045885535
2016-09-13,10239.422077506842,0.0038153412405552796,2.6837500060719632,0.4725385045885535
2016-09-14,10045.852117473905,0.0037432145672082885,2.6837500060719632,0.4725385045885535
2016-09-15,9936.525224982179,0.003707402567525285,2.680185127997814,0.4441952754238431
2016-09-16,9622.45443627993,0.00362997110734403,2.650834993372845,0.4391687483111435
2016-09-19,9638.880428515655,0.003636167642502495,2.650834993372845,0.4391687483111435
2016-09-20,9533.712144199768,0.0035964939983191297,2.650834993372845,0.4391687483111435
2016-09-21,9106.583384826137,0.0035231538158045565,2.584781664647967,0.4570637884928994
2016-09-22,8932.010438741394,0.0034556150567393805,2.584781664647967,0.4570637884928994
2016-09-23,8749.40844309426,0.0033879580399072584,2.5825020085944645,0.4588186352412602
2016-09-26,8688.795814748515,0.003364487534117126,2.5825020085944645,0.4588186352412602
2016-09-27,8384.996963816398,0.0033638436508836634,2.4926833212398876,0.48501648922545176
2016-09-28,8564.766360369009,0.003438599643506958,2.4907716071400445,0.48578071514118826
2016-09-29,8397.422491210938,0.003371414089970711,2.4907716071400445,0.48578071514118826
2016-09-30,8409.73454384577,0.003376357157652845,2.4907716071400445,0.48578071514118826
2016-10-03,8455.84937701575,0.003391690010886699,2.4931079638392757,0.48858110181036724
2016-10-04,8311.186804505955,0.003333665017742391,2.4931079638392757,0.48858110181036724
2016-10-05,8969.731218713823,0.0035724678479108047,2.510794106645176,0.42177168780741114
2016-10-06,8854.883408069536,0.0035267262196584815,2.510794106645176,0.42177168780741114
2016-10-07,8686.277295560276,0.003459573715172742,2.510794106645176,0.42177168780741114
2016-10-10,8774.792634364794,0.003536169530730306,2.481440032246583,0.4853971933579906
2016-10-11,8708.65615100409,0.003509517069860306,2.481440032246583,0.4853971933579906
2016-10-12,8535.767378648858,0.0034398443112570254,2.481440032246583,0.4853971933579906
2016-10-13,8391.04095540553,0.0033815207485826944,2.481440032246583,0.4853971933579906
2016-10-14,8599.118539650703,0.003465901728445787,2.481062422824897,0.5333288779314906
2016-10-17,8587.04068707768,0.003461033712042044,2.481062422824897,0.5333288779314906
2016-10-18,8822.246518962813,0.003558270312046023,2.479363776578845,0.5514277071465504
2016-10-19,8669.947108800368,0.0034968435010225133,2.479363776578845,0.5514277071465504
2016-10-20,8520.406349728364,0.0034365293347494424,2.479363776578845,0.5514277071465504
2016-10-21,8466.602597366324,0.003414828706196951,2.479363776578845,0.5514277071465504
2016-10-24,8500.403589803465,0.0034284616360463105,2.479363776578845,0.5514277071465504
2016-10-25,8368.102049772946,0.003375100551529267,2.479363776578845,0.5514277071465504
2016-10-26,8223.151517421238,0.00331663775808162,2.479363776578845,0.5514277071465504
2016-10-27,8068.189685216871,0.0032541371143002575,2.479363776578845,0.5514277071465504
2016-10-28,8650.16879563007,0.003488866328266691,2.479363776578845,0.5514277071465504
2016-10-31,8528.469682648507,0.003439781512988196,2.479363776578845,0.5514277071465504
2016-11-01,8382.283969065307,0.0033808205347872016,2.479363776578845,0.5514277071465504
2016-11-02,8221.33959713741,0.0033159069575831434,2.479363776578845,0.5514277071465504
2016-11-03,8135.609600217572,0.0032813295398884585,2.479363776578845,0.5514277071465504
2016-11-04,8254.751826141006,0.0033293830877578366,2.479363776578845,0.5514277071465504
2016-11-07,8209.12333109271,0.0033109797798288737,2.479363776578845,0.5514277071465504
2016-11-08,8121.007341993392,0.003275440021632961,2.479363776578845,0.5514277071465504
2016-11-09,8060.544538140295,0.003251053602655538,2.479363776578845,0.5514277071465504
2016-11-10,11107.107786994287,0.004479821755854017,2.479363776578845,0.5514277071465504
2016-11-11,10854.04154140022,0.004377752729927026,2.479363776578845,0.5514277071465504
2016-11-14,11815.802501312457,0.00470178676409613,2.513045166475967,0.5920100617458215
2016-11-15,11624.259742013677,0.004625567378207662,2.513045166475967,0.5920100617458215
2016-11-16,11414.835877675852,0.004542232678484975,2.513045166475967,0.5920100617458215
2016-11-17,11324.132841019333,0.004506139798871628,2.513045166475967,0.5920100617458215
2016-11-18,11535.261353707303,0.004590152818416373,2.513045166475967,0.5920100617458215
2016-11-21,11339.262913250968,0.004512160411805081,2.513045166475967,0.5920100617458215
2016-11-22,11076.204102793252,0.004407483100801315,2.513045166475967,0.5920100617458215
2016-11-23,10236.318507110384,0.0043052898110963415,2.377614273661105,0.46717281455132864
2016-11-25,10024.634019308882,0.004216257502472308,2.377614273661105,0.46717281455132864
2016-11-28,9799.577229793433,0.004121600941898712,2.377614273661105,0.46717281455132864
2016-11-29,9579.48158278282,0.004029030986608318,2.377614273661105,0.46717281455132864
2016-11-30,9487.78465822583,0.003987708004127284,2.379257620770116,0.4400013785627932
2016-12-01,9329.264548174646,0.003921082133659388,2.379257620770116,0.4400013785627932
2016-12-02,9437.233568614607,0.003966461423189629,2.379257620770116,0.4400013785627932
2016-12-05,9246.3828119491,0.0038862470088280054,2.379257620770116,0.4400013785627932
2016-12-06,9405.243489066414,0.003953016019350663,2.379257620770116,0.4400013785627932
2016-12-07,9510.51024611382,0.003997259549823556,2.379257620770116,0.4400013785627932
2016-12-08,9055.977659354241,0.003918626775021449,2.3110079574507765,0.4315537204401166
2016-12-09,9494.337333870382,0.004108310100473814,2.3110079574507765,0.4315537204401166
2016-12-12,9333.826528633446,0.004038855209710914,2.3110079574507765,0.4315537204401166
2016-12-13,9134.394070465518,0.003952558467406349,2.3110079574507765,0.4315537204401166
2016-12-14,9162.084219108901,0.0039645403165185986,2.3110079574507765,0.4315537204401166
2016-12-15,9312.438204681546,0.004029600233377776,2.3110079574507765,0.4315537204401166
2016-12-16,9111.859192576805,0.003942807363860357,2.3110079574507765,0.4315537204401166
2016-12-19,8972.81510334817,0.003882641370584414,2.3110079574507765,0.4315537204401166
2016-12-20,8844.283921913026,0.003827024434683888,2.3110079574507765,0.4315537204401166
2016-12-21,8686.985603556072,0.003758959624327084,2.3110079574507765,0.4315537204401166
2016-12-22,8738.660183970856,0.003781319815795998,2.3110079574507765,0.4315537204401166
2016-12-23,8572.93138433481,0.0037096070382169636,2.3110079574507765,0.4315537204401166
2016-12-27,8450.896764236517,0.003656801239905085,2.3110079574507765,0.4315537204401166
2016-12-28,8606.565353296763,0.0037241608474557052,2.3110079574507765,0.4315537204401166
2016-12-29,10062.713858775349,0.004240538504906438,2.3729801880427375,0.42417566187573497
2016-12-30,9837.295871909508,0.004145544881275822,2.3729801880427375,0.42417566187573497
2017-01-03,9799.204264123442,0.00412949265800906,2.3729801880427375,0.42417566187573497
2017-01-04,9896.252264323573,0.004170389754701712,2.3729801880427375,0.42417566187573497
2017-01-05,10024.851986472147,0.004224583094703697,2.3729801880427375,0.42417566187573497
2017-01-06,9871.137662818022,0.004159806184880058,2.3729801880427375,0.42417566187573497
2017-01-09,10011.221339972975,0.004218838990067739,2.3729801880427375,0.42417566187573497
2017-01-10,10006.311760532395,0.004216770039190981,2.3729801880427375,0.42417566187573497
2017-01-11,9833.448335620724,0.004143923487086283,2.3729801880427375,0.42417566187573497
2017-01-12,9616.119055878944,0.004052338533770244,2.3729801880427375,0.42417566187573497
2017-01-13,9410.38104144192,0.003965638267382129,2.3729801880427375,0.42417566187573497
2017-01-17,9542.417303477192,0.00402127980316089,2.3729801880427375,0.42417566187573497
2017-01-18,9528.438411680227,0.004015388944118997,2.3729801880427375,0.42417566187573497
2017-01-19,9856.728817681551,0.004343479775711359,2.2693161535596778,0.40742879303122564
2017-01-20,9641.330298253044,0.004248561965740002,2.2693161535596778,0.40742879303122564
2017-01-23,9482.507648203637,0.004178574956746004,2.2693161535596778,0.40742879303122564
2017-01-24,9464.100248994664,0.004170463526710087,2.2693161535596778,0.40742879303122564
2017-01-25,9767.01298882471,0.004303945474280457,2.2693161535596778,0.40742879303122564
2017-01-26,9850.521592338378,0.004340744491192524,2.2693161535596778,0.40742879303122564
2017-01-27,9892.009944009229,0.004359026805715236,2.2693161535596778,0.40742879303122564
2017-01-30,9870.878568621349,0.004349715024562693,2.2693161535596778,0.40742879303122564
2017-01-31,9642.807984742229,0.004249213125115422,2.2693161535596778,0.40742879303122564
2017-02-01,9422.654918016293,0.00415220016974532,2.2693161535596778,0.40742879303122564
2017-02-02,9391.53417102678,0.004138486458264135,2.2693161535596778,0.40742879303122564
2017-02-03,9183.567155226565,0.004046843424976774,2.2693161535596778,0.40742879303122564
2017-02-06,9161.248317128382,0.0040370083748612695,2.2693161535596778,0.40742879303122564
2017-02-07,9084.028626162919,0.004002980638864971,2.2693161535596778,0.40742879303122564
2017-02-08,9065.632600528337,0.003994874220724103,2.2693161535596778,0.40742879303122564
2017-02-09,9200.86391996981,0.004054465441290417,2.2693161535596778,0.40742879303122564
2017-02-10,9405.58111426154,0.004144676403729743,2.2693161535596778,0.40742879303122564
2017-02-13,9294.468174728556,0.004095713221866039,2.2693161535596778,0.40742879303122564
2017-02-14,9150.438912402518,0.004032245087600079,2.2693161535596778,0.40742879303122564
2017-02-15,9348.48893763441,0.004119518086085208,2.2693161535596778,0.40742879303122564
2017-02-16,9912.643611030833,0.0043681192660096025,2.2693161535596778,0.40742879303122564
2017-02-17,9873.988370794581,0.004348249577497204,2.270796143324855,0.4128278612556357
2017-02-21,9690.265758175667,0.004267342881773338,2.270796143324855,0.4128278612556357
2017-02-22,9545.900837788045,0.0042037682976734,2.270796143324855,0.4128278612556357
2017-02-23,9406.67786714467,0.004142929273539559,2.2705378842028763,0.45014998687834185
2017-02-24,9208.337913866457,0.00405557554354538,2.2705378842028763,0.45014998687834185
2017-02-27,9196.430152345887,0.00405033107631873,2.2705378842028763,0.45014998687834185
2017-02-28,9118.549426596752,0.00401603051419599,2.2705378842028763,0.45014998687834185
2017-03-01,8918.45939451965,0.003927906007016781,2.2705378842028763,0.45014998687834185
2017-03-02,10830.60859406962,0.004770062930648677,2.2705378842028763,0.45014998687834185
2017-03-03,10946.918918745876,0.00482141082215531,2.270480430425609,0.38080500103678205
2017-03-06,10566.552706522612,0.00471450804926405,2.2412842646799778,0.3656179105985012
2017-03-07,10307.442752119985,0.00460270025323029,2.2394338507892106,0.39272258062791937
2017-03-08,10104.995996333659,0.004512299388871211,2.2394338507892106,0.39272258062791937
2017-03-09,9899.847125628516,0.0044206919182451666,2.2394338507892106,0.39272258062791937
2017-03-10,9678.13178426308,0.004321686832076937,2.2394338507892106,0.39272258062791937
2017-03-13,9456.122018465461,0.004222550273200961,2.2394338507892106,0.39272258062791937
2017-03-14,9678.85437632526,0.0043220094993715865,2.2394338507892106,0.39272258062791937
2017-03-15,9828.174649394541,0.0043925282078079745,2.23747559137455,0.4057071532896829
2017-03-16,9600.031151412553,0.004290563520970059,2.23747559137455,0.4057071532896829
2017-03-17,9570.936028416392,0.004277559972190209,2.23747559137455,0.4057071532896829
2017-03-20,9411.43160649261,0.004206272302041462,2.23747559137455,0.4057071532896829
2017-03-21,9317.673360354931,0.004164368718154729,2.23747559137455,0.4057071532896829
2017-03-22,9510.247515615196,0.0042572066363476034,2.23391729083988,0.4658846144150224
2017-03-23,9273.870572303225,0.004159954969788187,2.229319942079908,0.4356960203995618
2017-03-24,9075.196536073607,0.0040708362962054885,2.229319942079908,0.4356960203995618
2017-03-27,8906.540916387627,0.00399518290231505,2.229319942079908,0.4356960203995618
2017-03-28,8713.112132490392,0.003908417077344782,2.229319942079908,0.4356960203995618
2017-03-29,8707.536549985327,0.003905916053422722,2.229319942079908,0.4356960203995618
2017-03-30,8657.595769558762,0.0038835142529974453,2.229319942079908,0.4356960203995618
2017-03-31,8478.949980986878,0.0037995844943840744,2.231546631880164,0.4298094278130862
2017-04-03,8616.906079384371,0.0038641576482705466,2.2299571766283854,0.4494971800859686
2017-04-04,8642.043261804136,0.0038754301438517274,2.2299571766283854,0.4494971800859686
2017-04-05,8458.190165385004,0.003792983225881262,2.2299571766283854,0.4494971800859686
2017-04-06,8305.225143986325,0.0037243877286215533,2.2299571766283854,0.4494971800859686
2017-04-07,8160.769422202935,0.003659608134063688,2.2299571766283854,0.4494971800859686
2017-04-10,8135.442537583335,0.0036482505685978372,2.2299571766283854,0.4494971800859686
2017-04-11,7984.698865783495,0.0035806512113636508,2.2299571766283854,0.4494971800859686
2017-04-12,7826.17813070856,0.003509564314836511,2.2299571766283854,0.4494971800859686
2017-04-13,7742.907827925952,0.0034722226548013573,2.2299571766283854,0.4494971800859686
2017-04-17,7687.519652019887,0.003447384430782271,2.2299571766283854,0.4494971800859686
2017-04-18,7557.790685236968,0.00338920888905323,2.2299571766283854,0.4494971800859686
2017-04-19,8078.725289012049,0.003594137157730874,2.2477509717833026,0.4763807786303085
2017-04-20,7959.923027394483,0.0035412833215591063,2.2477509717833026,0.4763807786303085
2017-04-21,8007.0662114920915,0.00356225681225688,2.2477509717833026,0.4763807786303085
2017-04-24,7845.202516778778,0.0034902454120861147,2.2477509717833026,0.4763807786303085
2017-04-25,8175.079442783829,0.0036370040744762534,2.2477509717833026,0.4763807786303085
2017-04-26,8381.95668206491,0.003732895790561217,2.245430130479141,0.4376486582863307
2017-04-27,8206.593047099648,0.003654797776027208,2.245430130479141,0.4376486582863307
2017-04-28,8240.12586264432,0.0036697315809537125,2.245430130479141,0.4376486582863307
2017-05-01,8141.699457147448,0.00362589748246147,2.245430130479141,0.4376486582863307
2017-05-02,8077.115069710128,0.003597134891917832,2.245430130479141,0.4376486582863307
2017-05-03,8109.471888089225,0.0036115449677157335,2.245430130479141,0.4376486582863307
2017-05-04,7946.900893481045,0.0035391441424121694,2.245430130479141,0.4376486582863307
2017-05-05,7810.808848751932,0.00347853569021327,2.245430130479141,0.4376486582863307
2017-05-08,7985.633441882106,0.0035563936430202314,2.245430130479141,0.4376486582863307
2017-05-09,7833.52132540874,0.0034886506683408512,2.245430130479141,0.4376486582863307
2017-05-10,7683.471531521544,0.0034218261469048726,2.245430130479141,0.4376486582863307
2017-05-11,7563.032388573042,0.003368188698420647,2.245430130479141,0.4376486582863307
2017-05-12,7552.917994880359,0.003363684263588589,2.245430130479141,0.4376486582863307
2017-05-15,7979.611510338976,0.0035360741684421415,2.256630129976738,0.46421462326633195
2017-05-16,8476.7553421833,0.003756377808476164,2.256630129976738,0.46421462326633195
2017-05-17,8331.524037852296,0.003689966804258165,2.2578859051625733,0.39430983702407696
2017-05-18,8171.354611547796,0.003619029018633888,2.2578859051625733,0.39430983702407696
2017-05-19,7864.23873442798,0.0035457487408043415,2.2179345772379806,0.2717734611974407
2017-05-22,7747.868137850764,0.003493280738469424,2.2179345772379806,0.2717734611974407
2017-05-23,7949.355800522472,0.0035841254661451273,2.2179345772379806,0.2717734611974407
2017-05-24,7896.546580381727,0.003560315376937487,2.2179345772379806,0.2717734611974407
2017-05-25,7899.519929748373,0.0035616559707481255,2.2179345772379806,0.2717734611974407
2017-05-26,7771.25180977626,0.0035038237329136595,2.2179345772379806,0.2717734611974407
2017-05-30,7647.461884480074,0.003448010578383943,2.2179345772379806,0.2717734611974407
2017-05-31,8023.814484178642,0.0036013576115420287,2.2279971470933724,0.2495093481893943
2017-06-01,7905.896651975688,0.003548432125368589,2.2279971470933724,0.2495093481893943
2017-06-02,8035.815982669219,0.003606744287420961,2.2279971470933724,0.2495093481893943
2017-06-05,7974.458381860305,0.003579204934020549,2.2279971470933724,0.2495093481893943
2017-06-06,8048.44419907199,0.003612412255362143,2.2279971470933724,0.2495093481893943
2017-06-07,7984.696893047795,0.003585371354013332,2.227020887002408,0.25818777338294163
2017-06-08,7966.281611967537,0.0035771023336427844,2.227020887002408,0.25818777338294163
2017-06-09,7853.168715356133,0.0035263112084802112,2.227020887002408,0.25818777338294163
2017-06-12,7840.86043586625,0.003520784417258037,2.227020887002408,0.25818777338294163
2017-06-13,7683.992274743044,0.003450345849735506,2.227020887002408,0.25818777338294163
2017-06-14,7581.897408126507,0.0034045021545944347,2.227020887002408,0.25818777338294163
2017-06-15,8302.895154374195,0.0036798383529931308,2.2563206200676538,0.2286820961416525
2017-06-16,8175.052809080358,0.003623178699149253,2.2563206200676538,0.2286820961416525
2017-06-19,8068.2745907710405,0.003575854654259695,2.2563206200676538,0.2286820961416525
2017-06-20,8504.851589959164,0.0037784731142791166,2.250869950038477,0.2657799696074834
2017-06-21,9637.312500249123,0.004194909379107497,2.2973827630811763,0.21084692922718912
2017-06-22,9418.645394790645,0.004099728415372395,2.2973827630811763,0.21084692922718912
2017-06-23,8948.273237545412,0.004007902421926687,2.232657459071516,0.2496312303338475
2017-06-26,8766.94638486679,0.003926686715530763,2.232657459071516,0.2496312303338475
2017-06-27,8627.567723522976,0.0038642594673304158,2.232657459071516,0.2496312303338475
2017-06-28,8451.325893201118,0.00378532132587671,2.232657459071516,0.2496312303338475
2017-06-29,8717.591647872167,0.0039038319397060235,2.233085794294885,0.24547130395298628
2017-06-30,8637.296745194359,0.0038678750128011336,2.233085794294885,0.24547130395298628
2017-07-03,8680.689226419534,0.003887306635775959,2.233085794294885,0.24547130395298628
2017-07-05,8522.916147452868,0.0038166541425445092,2.233085794294885,0.24547130395298628
2017-07-06,8356.60885053139,0.0037421799340987953,2.233085794294885,0.24547130395298628
2017-07-07,8253.945186236842,0.003696206033518337,2.233085794294885,0.24547130395298628
2017-07-10,8084.002873987037,0.0036201040258462738,2.233085794294885,0.24547130395298628
2017-07-11,7930.917044205623,0.0035515505335565823,2.233085794294885,0.24547130395298628
2017-07-12,7791.449314539669,0.0034890953739642964,2.233085794294885,0.24547130395298628
2017-07-13,7639.650437130509,0.003421118192882863,2.233085794294885,0.24547130395298628
2017-07-14,7490.970746266858,0.003354537817313102,2.233085794294885,0.24547130395298628
2017-07-17,7372.465995428165,0.0033014701066405206,2.233085794294885,0.24547130395298628
2017-07-18,7247.659377540835,0.0032455803516628174,2.233085794294885,0.24547130395298628
2017-07-19,7151.0938474748355,0.003202337261624492,2.233085794294885,0.24547130395298628
2017-07-20,7256.493264618119,0.0032495362619551368,2.233085794294885,0.24547130395298628
2017-07-21,7124.641226081542,0.0031904914913182753,2.233085794294885,0.24547130395298628
2017-07-24,7010.5396937468195,0.0031393955895727037,2.233085794294885,0.24547130395298628
2017-07-25,7017.805305402953,0.0031426492091491194,2.233085794294885,0.24547130395298628
2017-07-26,7296.544033368977,0.0032674714298977126,2.233085794294885,0.24547130395298628
2017-07-27,7296.3008074253885,0.0032202951436342796,2.265724252588573,0.11970693717614736
2017-07-28,7398.969106196154,0.0032656088214366276,2.265724252588573,0.11970693717614736
2017-07-31,7301.084801752024,0.0032224066072517824,2.265724252588573,0.11970693717614736
2017-08-01,7177.460580031829,0.0031678438238155566,2.265724252588573,0.11970693717614736
2017-08-02,7078.056238059824,0.0031239707259050602,2.265724252588573,0.11970693717614736
2017-08-03,6953.888188554695,0.0030691679186511467,2.265724252588573,0.11970693717614736
2017-08-04,6943.8396335616435,0.0030647328886683183,2.265724252588573,0.11970693717614736
2017-08-07,6873.499928078559,0.0030336877579986345,2.265724252588573,0.11970693717614736
2017-08-08,6895.895870286749,0.003043572430496889,2.265724252588573,0.11970693717614736
2017-08-09,6867.827349816963,0.0030311841089976075,2.265724252588573,0.11970693717614736
2017-08-10,6931.755328733256,0.003059399360188592,2.265724252588573,0.11970693717614736
2017-08-11,6829.83902082124,0.003014417581053035,2.265724252588573,0.11970693717614736
2017-08-14,6715.592305715506,0.0029639936537038843,2.265724252588573,0.11970693717614736
2017-08-15,6639.8551618128595,0.002930566309747038,2.265724252588573,0.11970693717614736
2017-08-16,6538.25613839835,0.0028857245672894404,2.265724252588573,0.11970693717614736
2017-08-17,6552.0500410933055,0.002891812643841208,2.265724252588573,0.11970693717614736
2017-08-18,6622.643690220079,0.0029229698550711806,2.265724252588573,0.11970693717614736
2017-08-21,6727.169444072505,0.003008615446025269,2.235968525974258,0.2264223418263615
2017-08-22,6617.028562616889,0.002959356755584791,2.235968525974258,0.2264223418263615
2017-08-23,6926.713576506265,0.0030978582641221,2.235968525974258,0.2264223418263615
2017-08-24,7302.986219518528,0.0032551010475525516,2.2435513100306066,0.21541314825777
2017-08-25,7179.827561419692,0.003200206533864271,2.2435513100306066,0.21541314825777
2017-08-28,7091.860180714415,0.003160997543941916,2.2435513100306066,0.21541314825777
2017-08-29,7631.336727035758,0.0034014540665582775,2.2435513100306066,0.21541314825777
2017-08-30,7584.749293995459,0.003380689026404298,2.2435513100306066,0.21541314825777
2017-08-31,7588.9125368039095,0.003375293428048655,2.2483712004829335,0.19739768819935632
2017-09-01,7447.709396404859,0.0033124910134079044,2.2483712004829335,0.19739768819935632
2017-09-05,7611.251141020786,0.003385228888977917,2.2483712004829335,0.19739768819935632
2017-09-06,8271.894964915971,0.003644051217016048,2.2699722018971675,0.17811582932045245
2017-09-07,8192.113517828637,0.003608904774684879,2.2699722018971675,0.17811582932045245
2017-09-08,8077.4301958165115,0.0035583828687706675,2.2699722018971675,0.17811582932045245
2017-09-11,7979.898036754755,0.003515416633774379,2.2699722018971675,0.17811582932045245
2017-09-12,8664.551291228037,0.003817029690489818,2.2699722018971675,0.17811582932045245
2017-09-13,8679.305534670848,0.003823529436799698,2.2699722018971675,0.17811582932045245
2017-09-14,8517.751763917071,0.0037468716900279013,2.273296891000194,0.16755715895848527
2017-09-15,8360.000674828814,0.0036774786029600483,2.273296891000194,0.16755715895848527
2017-09-18,8333.244755512398,0.003601617449583128,2.3137506612416416,0.017783069028634284
2017-09-19,8186.167812447791,0.003538050987764948,2.3137506612416416,0.017783069028634284
2017-09-20,8104.570956178605,0.0035027849335456922,2.3137506612416416,0.017783069028634284
2017-09-21,8028.373670026963,0.0034698525664466585,2.3137506612416416,0.017783069028634284
2017-09-22,8962.969766532256,0.0038519058591146944,2.3268922176079005,0.01729741752898633
2017-09-25,8823.757968053847,0.0037920785076692876,2.3268922176079005,0.01729741752898633
2017-09-26,8659.996271060065,0.0037217006466946467,2.3268922176079005,0.01729741752898633
2017-09-27,8607.010172360982,0.003698929459315133,2.3268922176079005,0.01729741752898633
2017-09-28,8521.472201386483,0.0036621688520436734,2.3268922176079005,0.01729741752898633
2017-09-29,8351.548759540014,0.0035891429333695575,2.3268922176079005,0.01729741752898633
2017-10-02,8251.950188754803,0.0035463396741418477,2.3268922176079005,0.01729741752898633
2017-10-03,8103.198196427149,0.0034824123503053466,2.3268922176079005,0.01729741752898633
2017-10-04,7977.430716184932,0.003428362799023806,2.3268922176079005,0.01729741752898633
2017-10-05,7850.729923616552,0.0033739121495224584,2.3268922176079005,0.01729741752898633
2017-10-06,7860.99242542754,0.003378322539369195,2.3268922176079005,0.01729741752898633
2017-10-09,7733.09694923429,0.0033262046081279934,2.3249011592183804,0.01997355436359336
2017-10-10,7682.936278302851,0.003304629208790026,2.3249011592183804,0.01997355436359336
2017-10-11,7541.384573533741,0.003243744166770993,2.3249011592183804,0.01997355436359336
2017-10-12,7579.284825652382,0.0032600460435059948,2.3249011592183804,0.01997355436359336
2017-10-13,7488.047461749834,0.0032208024982306243,2.3249011592183804,0.01997355436359336
2017-10-16,7496.355507107126,0.0032243760029898915,2.3249011592183804,0.01997355436359336
2017-10-17,7315.269473550286,0.0031654044819930172,2.311006228481869,0.037133124575301976
2017-10-18,7262.176593212643,0.0031424305584772327,2.311006228481869,0.037133124575301976
2017-10-19,7216.03430501611,0.0031224642392056294,2.311006228481869,0.037133124575301976
2017-10-20,7112.693907733842,0.003077747614902045,2.311006228481869,0.037133124575301976
2017-10-23,8019.299697730547,0.0034700467696266372,2.311006228481869,0.037133124575301976
2017-10-24,8316.64870543276,0.0035871077365693476,2.3184831112395496,0.02610950704719238
2017-10-25,8317.91774680993,0.003587655095043092,2.3184831112395496,0.02610950704719238
2017-10-26,8209.417188923093,0.003540857015142985,2.3184831112395496,0.02610950704719238
2017-10-27,8073.650554999435,0.003482298627003133,2.3184831112395496,0.02610950704719238
2017-10-30,7925.478472401074,0.003418389564271534,2.3184831112395496,0.02610950704719238
2017-10-31,8759.726077759255,0.0037288838241088572,2.3491549994461645,0.006431027741386563
2017-11-01,8628.64598244024,0.0036730849962963385,2.3491549994461645,0.006431027741386563
2017-11-02,8460.148225335797,0.0036013580318584163,2.3491549994461645,0.006431027741386563
2017-11-03,8351.441068636908,0.0035550830279848884,2.3491549994461645,0.006431027741386563
2017-11-06,8215.007893385276,0.0034970054744459357,2.3491549994461645,0.006431027741386563
2017-11-07,8051.52949049115,0.003427415173706875,2.3491549994461645,0.006431027741386563
2017-11-08,7907.533895878906,0.003366118411830289,2.3491549994461645,0.006431027741386563
2017-11-09,7759.213688274454,0.003302980727156685,2.3491549994461645,0.006431027741386563
2017-11-10,7638.707348129711,0.003251682988108749,2.3491549994461645,0.006431027741386563
2017-11-13,7991.786223203306,0.003402076928974051,2.3490903909728322,0.006404545216755077
2017-11-14,7845.903725204693,0.0033399752326922836,2.3490903909728322,0.006404545216755077
2017-11-15,7771.3311668589995,0.0033082299415650184,2.3490903909728322,0.006404545216755077
2017-11-16,7675.0425256702565,0.003267240185888198,2.3490903909728322,0.006404545216755077
2017-11-17,7787.149214908277,0.003317418924197453,2.347351779453702,0.009770979647514907
2017-11-20,7646.545306244571,0.0032575199734332736,2.347351779453702,0.009770979647514907
2017-11-21,7714.026252618297,0.0032862676656046745,2.347351779453702,0.009770979647514907
2017-11-22,7577.314478204918,0.0032280268106931894,2.347351779453702,0.009770979647514907
2017-11-24,7484.040511275943,0.0031882909825376488,2.347351779453702,0.009770979647514907
2017-11-27,7452.833309658144,0.003174996340511279,2.347351779453702,0.009770979647514907
2017-11-28,7364.266066312683,0.003118909650661758,2.3611668471224108,-0.011614045300380921
2017-11-29,7932.6830215209975,0.0033596452665717704,2.3611668471224108,-0.011614045300380921
2017-11-30,7797.424492529338,0.0033023606536031857,2.3611668471224108,-0.011614045300380921
2017-12-01,8431.102761232127,0.0036277889581568658,2.3240334149745117,0.018224413035325855
2017-12-04,8477.419350356111,0.0036477183571171183,2.3240334149745117,0.018224413035325855
2017-12-05,8436.281458943587,0.0036300172814150828,2.3240334149745117,0.018224413035325855
2017-12-06,8732.899661201176,0.003742131712572784,2.333669772194402,0.004169001325919603
2017-12-07,8749.102263876925,0.0037882302853368037,2.309548682333883,0.029598489578029553
2017-12-08,8573.559902280542,0.0037122230710532793,2.309548682333883,0.029598489578029553
2017-12-11,8577.501684519157,0.0037139298037447204,2.309548682333883,0.029598489578029553
2017-12-12,8442.530029396245,0.0036554890979239975,2.309548682333883,0.029598489578029553
2017-12-13,8092.905781395138,0.0036184591436293095,2.236561326288174,0.045945300895118585
2017-12-14,7982.192470038707,0.003568957567233829,2.236561326288174,0.045945300895118585
2017-12-15,7948.8938425736005,0.0035540692531627056,2.236561326288174,0.045945300895118585
2017-12-18,8198.494796861229,0.0036656695707367685,2.236561326288174,0.045945300895118585
2017-12-19,8521.50353413453,0.003810091605347092,2.236561326288174,0.045945300895118585
2017-12-20,8891.738767662224,0.003975629312351148,2.236561326288174,0.045945300895118585
2017-12-21,8855.09970636495,0.003959247440382504,2.236561326288174,0.045945300895118585
2017-12-22,8664.130896181085,0.00387386243084163,2.236561326288174,0.045945300895118585
2017-12-26,8489.437954267747,0.0037957546052881674,2.236561326288174,0.045945300895118585
2017-12-27,8321.982913054804,0.003720882953326424,2.236561326288174,0.045945300895118585
2017-12-28,8312.840387170909,0.003716795193345763,2.236561326288174,0.045945300895118585
2017-12-29,8260.948503550018,0.0036935935565245576,2.236561326288174,0.045945300895118585
2018-01-02,8092.961341362183,0.0036184839853210583,2.236561326288174,0.045945300895118585
2018-01-03,9080.116406079433,0.004059855770263591,2.236561326288174,0.045945300895118585
2018-01-04,8878.226552975688,0.003969587799190872,2.236561326288174,0.045945300895118585
2018-01-05,8887.429114761982,0.003973702402120882,2.236561326288174,0.045945300895118585
2018-01-08,8990.762133985787,0.004040767659685421,2.225013386363751,0.06352303127797179
2018-01-09,8854.315099061781,0.003979443518554299,2.225013386363751,0.06352303127797179
2018-01-10,8839.563223993915,0.0039728135022324765,2.225013386363751,0.06352303127797179
2018-01-11,8691.692466705881,0.003906355134748363,2.225013386363751,0.06352303127797179
2018-01-12,8856.670007005509,0.0039805018977794124,2.225013386363751,0.06352303127797179
2018-01-16,10027.897060618374,0.004506892912229422,2.225013386363751,0.06352303127797179
2018-01-17,9808.129709087263,0.0044081216630863914,2.225013386363751,0.06352303127797179
2018-01-18,10172.262749692918,0.004571775977634469,2.225013386363751,0.06352303127797179
2018-01-19,9953.64925391313,0.004464069633942883,2.2297253560360764,0.056323517909621035
2018-01-22,10263.247513174509,0.004602920034698862,2.2297253560360764,0.056323517909621035
2018-01-23,10930.659025717561,0.004902244572914435,2.2297253560360764,0.056323517909621035
2018-01-24,10666.028585394188,0.004783561597180678,2.2297253560360764,0.056323517909621035
2018-01-25,10738.03412587633,0.0048158550544386385,2.2297253560360764,0.056323517909621035
2018-01-26,10500.435868815905,0.0047092956271005465,2.2297253560360764,0.056323517909621035
2018-01-29,11338.627334310027,0.0052416359203260356,2.1631848351658793,0.06839660745587323
2018-01-30,11133.428515624202,0.00514677633396522,2.1631848351658793,0.06839660745587323
2018-01-31,11576.425174804957,0.005320405384582719,2.175853969389383,0.05253874450800327
2018-02-01,11311.249233474933,0.005198533262160625,2.175853969389383,0.05253874450800327
2018-02-02,11156.586642210155,0.00518463566977852,2.151855473132358,0.07427710261855104
2018-02-05,10990.829882727056,0.005107605980028113,2.151855473132358,0.07427710261855104
2018-02-06,12477.28683916335,0.005798385158739649,2.151855473132358,0.07427710261855104
2018-02-07,13398.590653061803,0.006148823554460726,2.179049461151257,0.051731054660133884
2018-02-08,13051.395273508757,0.0059894901452183244,2.179049461151257,0.051731054660133884
2018-02-09,12788.018061630759,0.005868622208728785,2.179049461151257,0.051731054660133884
2018-02-12,12994.112559307947,0.00596439509551494,2.1786136483612832,0.05187286322385769
2018-02-13,12658.997072312342,0.00581057457426388,2.1786136483612832,0.05187286322385769
2018-02-14,12346.486830349742,0.005667130029978727,2.1786136483612832,0.05187286322385769
2018-02-15,12431.914145306639,0.005706341808084108,2.1786136483612832,0.05187286322385769
2018-02-16,12144.535159834672,0.00557244724582975,2.179389884565219,0.05118633527305573
2018-02-20,11909.897812012527,0.005464785303611938,2.179389884565219,0.05118633527305573
2018-02-21,11696.939765345107,0.005367070778929769,2.179389884565219,0.05118633527305573
2018-02-22,11429.455231431273,0.005244337102037808,2.179389884565219,0.05118633527305573
2018-02-23,11238.38628604182,0.005156666260421706,2.179389884565219,0.05118633527305573
2018-02-26,11169.472449044873,0.005125045558919416,2.179389884565219,0.05118633527305573
2018-02-27,10931.279428720622,0.005015752117662681,2.179389884565219,0.05118633527305573
2018-02-28,10689.593813636813,0.00490485612021153,2.179389884565219,0.05118633527305573
2018-03-01,10649.1055605348,0.0048862783276886045,2.179389884565219,0.05118633527305573
2018-03-02,10646.091377109517,0.004884895287670557,2.179389884565219,0.05118633527305573
2018-03-05,10569.991810099036,0.00488987726558896,2.1616067717041028,0.07046865892603031
2018-03-06,10314.063267358893,0.004771479902067387,2.1616067717041028,0.07046865892603031
2018-03-07,10126.332962204557,0.0046846323275631955,2.1616067717041028,0.07046865892603031
2018-03-08,9884.210615417373,0.004572621970287943,2.1616067717041028,0.07046865892603031
2018-03-09,9901.240597478225,0.004580500360698159,2.1616067717041028,0.07046865892603031
2018-03-12,9666.80436766501,0.0044720457458801285,2.1616067717041028,0.07046865892603031
2018-03-13,9538.485875661336,0.00441268319498355,2.1616067717041028,0.07046865892603031
2018-03-14,9373.278946673307,0.0043362553584544335,2.1616067717041028,0.07046865892603031
2018-03-15,9185.718288344904,0.004249486265766712,2.1616067717041028,0.07046865892603031
2018-03-16,8998.402927886073,0.0041628306524929045,2.1616067717041028,0.07046865892603031
2018-03-19,8798.907190867156,0.0040705401676413774,2.1616067717041028,0.07046865892603031
2018-03-20,8338.39442371336,0.003979773878957851,2.0951930127992258,0.08522701112302947
2018-03-21,8226.361975650032,0.0039263026964085875,2.0951930127992258,0.08522701112302947
2018-03-22,8076.706960057357,0.003854874902082024,2.0951930127992258,0.08522701112302947
2018-03-23,7946.33409057355,0.0037926501482348236,2.0951930127992258,0.08522701112302947
2018-03-26,7828.627743612662,0.0037364709102162556,2.0951930127992258,0.08522701112302947
2018-03-27,7692.827616702689,0.0036716558186803494,2.0951930127992258,0.08522701112302947
2018-03-28,7962.799122940178,0.003779928475946503,2.106600475011971,0.0686726168033713
2018-03-29,8341.847448960383,0.003932141466476987,2.1214515093309405,0.05334399756773132
2018-04-02,8970.248137303217,0.004173670681573457,2.149246747450968,0.03336718859864872
2018-04-03,9087.399140379019,0.004228178617069808,2.149246747450968,0.03336718859864872
2018-04-04,8862.164003646534,0.004132010231674943,2.144758484795471,0.03920501525740552
2018-04-05,8688.925942525735,0.004051237472248224,2.144758484795471,0.03920501525740552
2018-04-06,8510.53955511764,0.003968064290431855,2.144758484795471,0.03920501525740552
2018-04-09,8454.47246079392,0.003941922841536239,2.144758484795471,0.03920501525740552
2018-04-10,8317.705280754639,0.0038781547385032655,2.144758484795471,0.03920501525740552
2018-04-11,8182.727363813128,0.0038152208846925027,2.144758484795471,0.03920501525740552
2018-04-12,8031.509095083151,0.0037447149187285087,2.144758484795471,0.03920501525740552
2018-04-13,7893.856732279801,0.003680534096608354,2.144758484795471,0.03920501525740552
2018-04-16,7749.691470951808,0.003613316616248676,2.144758484795471,0.03920501525740552
2018-04-17,7591.360226913897,0.003539494204466489,2.144758484795471,0.03920501525740552
2018-04-18,7442.023926068966,0.0034698657116065236,2.144758484795471,0.03920501525740552
2018-04-19,7497.938846283727,0.0034959362088728364,2.144758484795471,0.03920501525740552
2018-04-20,7505.2515885388575,0.003499345796622213,2.144758484795471,0.03920501525740552
2018-04-23,7360.831959220671,0.0034320097164332315,2.144758484795471,0.03920501525740552
2018-04-24,7317.33090358461,0.003411727220317959,2.144758484795471,0.03920501525740552
2018-04-25,7384.572011038588,0.003443078585952207,2.144758484795471,0.03920501525740552
2018-04-26,7248.427334980213,0.003379600727245259,2.144758484795471,0.03920501525740552
2018-04-27,8000.193504008389,0.003668280790409742,2.1809108847185,0.019492519680524366
2018-04-30,8080.707270271384,0.0037117928589487765,2.1770361594369616,0.024296675912171464
2018-05-01,8238.238339086864,0.0037856940069150103,2.1761500860974934,0.025286665154919875
2018-05-02,8101.007711906318,0.0037226328108802076,2.1761500860974934,0.025286665154919875
2018-05-03,8138.946947407195,0.003746627968144003,2.172339238539088,0.03048050224318507
2018-05-04,8044.304694785051,0.003731693473016525,2.1556713467900175,0.04870093425901716
2018-05-07,8161.490422843414,0.0037860550658599165,2.1556713467900175,0.04870093425901716
2018-05-08,7988.131116836273,0.0037056349655207395,2.1556713467900175,0.04870093425901716
2018-05-09,7827.059584914826,0.0036309150727312865,2.1556713467900175,0.04870093425901716
2018-05-10,7780.06907661176,0.003609116523349888,2.1556713467900175,0.04870093425901716
2018-05-11,7763.465029343734,0.003601414028582887,2.1556713467900175,0.04870093425901716
2018-05-14,7671.954382997582,0.0035589629163192203,2.1556713467900175,0.04870093425901716
2018-05-15,7593.714459782854,0.0035226679944002394,2.1556713467900175,0.04870093425901716
2018-05-16,7489.689754050787,0.003460642798566642,2.164248144059517,0.03643327441715696
2018-05-17,7374.459565550229,0.003407400203064437,2.164248144059517,0.03643327441715696
2018-05-18,7247.322117685582,0.0033486558080588935,2.164248144059517,0.03643327441715696
2018-05-21,7817.220365762742,0.0035732529687190068,2.187704154784534,0.02155356203851806
2018-05-22,7853.347749428071,0.003589766802907381,2.187704154784534,0.02155356203851806
2018-05-23,7773.115817077705,0.003538965975402421,2.1964370019674497,0.010686007464724475
2018-05-24,7725.422547624952,0.003517252049890316,2.1964370019674497,0.010686007464724475
2018-05-25,7757.0680876966835,0.0035414309626919487,2.190376762787521,0.018426469881401487
2018-05-29,8275.679298201514,0.0037374171528946664,2.2142776574437026,-0.0014062060176590037
2018-05-30,13766.283380097002,0.005710604498651141,2.4106525646012837,0.1146276989304647
2018-05-31,14456.725713235755,0.0059970175401974045,2.4106525646012837,0.1146276989304647
2018-06-01,14171.007708959234,0.00587849444463727,2.4106525646012837,0.1146276989304647
2018-06-04,14741.505920852653,0.006115151613849781,2.4106525646012837,0.1146276989304647
2018-06-05,14757.686970846766,0.006121863924960772,2.4106525646012837,0.1146276989304647
2018-06-06,14376.583904351293,0.005963772679423485,2.4106525646012837,0.1146276989304647
2018-06-07,15121.355387956419,0.006293227870392286,2.402798007537241,0.12519434408990732
2018-06-08,14765.71195840414,0.006145215666105169,2.402798007537241,0.12519434408990732
2018-06-11,14430.090272496293,0.006005536140462545,2.402798007537241,0.12519434408990732
2018-06-12,14202.838251888992,0.005910958061117363,2.402798007537241,0.12519434408990732
2018-06-13,13821.645283187312,0.005764788629057948,2.397597929873445,0.13378860754797803
2018-06-14,13485.693986136044,0.005624668681144496,2.397597929873445,0.13378860754797803
2018-06-15,13198.118932933614,0.005504725695867723,2.397597929873445,0.13378860754797803
2018-06-18,14505.81161652729,0.005948605339223575,2.4385231141289028,0.10749368373904197
2018-06-19,14147.819387140493,0.005801798352932334,2.4385231141289028,0.10749368373904197
2018-06-20,13841.606525432135,0.005676225271449469,2.4385231141289028,0.10749368373904197
2018-06-21,13503.156010322353,0.005531509275560216,2.4411341168644776,0.10494757323846376
2018-06-22,12440.461139743866,0.005422379670522852,2.294280720948538,0.057888638922915826
2018-06-25,12126.356238458226,0.005285471881333142,2.294280720948538,0.057888638922915826
2018-06-26,11833.863464543087,0.0051579840934419495,2.294280720948538,0.057888638922915826
2018-06-27,11552.729088297798,0.005035447050054749,2.294280720948538,0.057888638922915826
2018-06-28,11669.118319328458,0.005088773608663535,2.293110131577089,0.05826488441118781
2018-06-29,11455.771840606605,0.00501051031582012,2.2863483195386904,0.06507938681284377
2018-07-02,11178.27094928681,0.004889137343492009,2.2863483195386904,0.06507938681284377
2018-07-03,10918.15008821515,0.004775366025776016,2.2863483195386904,0.06507938681284377
2018-07-05,10698.195674746967,0.0046791626557170915,2.2863483195386904,0.06507938681284377
2018-07-06,10457.274918518326,0.004573789054429055,2.2863483195386904,0.06507938681284377
2018-07-09,10271.10128670972,0.004492360677913717,2.2863483195386904,0.06507938681284377
2018-07-10,10535.789748937232,0.004608129766974004,2.2863483195386904,0.06507938681284377
2018-07-11,10297.919436766291,0.0045040903648679706,2.2863483195386904,0.06507938681284377
2018-07-12,10754.108071366209,0.0046734419924379725,2.301110849084523,0.05336546365691661
2018-07-13,10517.329159954816,0.004570544336940154,2.301110849084523,0.05336546365691661
2018-07-16,10433.5570599787,0.004534139267619202,2.301110849084523,0.05336546365691661
2018-07-17,10203.393162243412,0.0044341163166054095,2.301110849084523,0.05336546365691661
2018-07-18,9970.49520429893,0.004332905217610705,2.301110849084523,0.05336546365691661
2018-07-19,9755.50444017523,0.004239476096536754,2.301110849084523,0.05336546365691661
2018-07-20,10288.396732056244,0.004430071567149697,2.3223996669371614,0.03822761664872655
2018-07-23,10322.66355989784,0.004444826489969156,2.3223996669371614,0.03822761664872655
2018-07-24,10610.608413554173,0.004568812407533501,2.3223996669371614,0.03822761664872655
2018-07-25,10365.515066356771,0.0044632778818932016,2.3223996669371614,0.03822761664872655
2018-07-26,10170.214840569914,0.004379183731964036,2.3223996669371614,0.03822761664872655
2018-07-27,9964.591078826226,0.004290644379900285,2.3223996669371614,0.03822761664872655
2018-07-30,10007.205425001988,0.00431514079994539,2.3190912855331707,0.04095622901376425
2018-07-31,9820.569806868953,0.004234662890646478,2.3190912855331707,0.04095622901376425
2018-08-01,9610.839312214388,0.004146425796577186,2.317861161327907,0.04269535759753533
2018-08-02,9401.875205978231,0.004056271947104838,2.317861161327907,0.04269535759753533
2018-08-03,9430.620090698521,0.004068673416700981,2.317861161327907,0.04269535759753533
2018-08-06,9366.679687617156,0.004041087466279027,2.317861161327907,0.04269535759753533
2018-08-07,9246.581016276701,0.003989273029183214,2.317861161327907,0.04269535759753533
2018-08-08,9322.522648179262,0.004022036696468208,2.317861161327907,0.04269535759753533
2018-08-09,9016.899751849354,0.003936613419679112,2.2905220275818587,0.06041094545182569
2018-08-10,8954.975926791514,0.003909578610883488,2.2905220275818587,0.06041094545182569
2018-08-13,9708.717679096237,0.004178404148705458,2.3235468216027324,0.041267026901392216
2018-08-14,9969.802104647535,0.004275308944341773,2.3319489268353886,0.03412778731681433
2018-08-15,9748.73937884352,0.004180511531216601,2.3319489268353886,0.03412778731681433
2018-08-16,10867.860775264942,0.004570829869602568,2.3776559367347225,0.014804249665169907
2018-08-17,10622.79839210043,0.004467760969103423,2.3776559367347225,0.014804249665169907
2018-08-20,10488.642767138814,0.00441133748793909,2.3776559367347225,0.014804249665169907
2018-08-21,10235.194341195922,0.004319414706942474,2.3695789905852713,0.021299031003672524
2018-08-22,10387.464653682262,0.004383675199245678,2.3695789905852713,0.021299031003672524
2018-08-23,10173.780496707934,0.00429349708835622,2.3695789905852713,0.021299031003672524
2018-08-24,10082.943186782344,0.004262274447409617,2.3656250462497126,0.025061492197727405
2018-08-27,10270.134410374987,0.004341404157288789,2.3656250462497126,0.025061492197727405
2018-08-28,11311.688074374415,0.004781691034387352,2.3656250462497126,0.025061492197727405
2018-08-29,11052.219951497296,0.004672008342581031,2.3656250462497126,0.025061492197727405
2018-08-30,11170.762267134238,0.004722118699598459,2.3656250462497126,0.025061492197727405
2018-08-31,11487.311774688918,0.004836596788387113,2.375081545410292,0.017584194999200692
2018-09-04,11252.250571800467,0.004737627048445891,2.375081545410292,0.017584194999200692
2018-09-05,10987.74735073682,0.0046262610948958815,2.375081545410292,0.017584194999200692
2018-09-06,10792.726869534496,0.004544150027349932,2.375081545410292,0.017584194999200692
2018-09-07,10538.746349987028,0.0044372145328452186,2.375081545410292,0.017584194999200692
2018-09-10,10422.047722158628,0.004388079955527689,2.375081545410292,0.017584194999200692
2018-09-11,10253.715655465208,0.004317205729327451,2.375081545410292,0.017584194999200692
2018-09-12,10175.39487065393,0.0042842296890046976,2.375081545410292,0.017584194999200692
2018-09-13,9955.407944434926,0.004191606795005914,2.375081545410292,0.017584194999200692
2018-09-14,9734.710840632988,0.004098684889133493,2.375081545410292,0.017584194999200692
2018-09-17,9520.085920981353,0.004008319604595628,2.375081545410292,0.017584194999200692
2018-09-18,9314.354850024723,0.003921698969883446,2.375081545410292,0.017584194999200692
2018-09-19,9652.244124675335,0.004063963253526069,2.375081545410292,0.017584194999200692
2018-09-20,9539.42413907516,0.004016461732654842,2.375081545410292,0.017584194999200692
2018-09-21,9497.510082211733,0.003998814314634848,2.375081545410292,0.017584194999200692
2018-09-24,9270.924611827553,0.0039121330114038465,2.3697876797140736,0.02221485905766487
2018-09-25,9106.561092299286,0.0038427751018597738,2.3697876797140736,0.02221485905766487
2018-09-26,8945.07656508547,0.003774632065841754,2.3697876797140736,0.02221485905766487
2018-09-27,9334.193987105718,0.0039138267000908625,2.384927770789907,0.011807062266365041
2018-09-28,9215.359759199826,0.0038639995190074983,2.384927770789907,0.011807062266365041
2018-10-01,8988.27350616594,0.003819927224328739,2.3529960070758715,0.02819998907745578
2018-10-02,8976.180516901024,0.003814787823654641,2.3529960070758715,0.02819998907745578
2018-10-03,8835.753481716638,0.0037551077244270615,2.3529960070758715,0.02819998907745578
2018-10-04,9181.427939987496,0.003912418036956188,2.346740009186373,0.033916975815068404
2018-10-05,8991.878555899986,0.0038316466761128417,2.346740009186373,0.033916975815068404
2018-10-08,8907.214585743059,0.0037955694072950314,2.346740009186373,0.033916975815068404
2018-10-09,8843.77967259406,0.0037685383289051454,2.346740009186373,0.033916975815068404
2018-10-10,8800.369816527862,0.003757574757879108,2.3420345258799493,0.03846258575335144
2018-10-11,8663.192975138585,0.003699003101537818,2.3420345258799493,0.03846258575335144
2018-10-12,8565.828692401303,0.0036692121379359554,2.334514432632354,0.04547678829881492
2018-10-15,8519.125182261405,0.00364920647445105,2.334514432632354,0.04547678829881492
2018-10-16,8460.876960603791,0.0036242555806619997,2.334514432632354,0.04547678829881492
2018-10-17,8708.979216561695,0.003719539917602566,2.3414130267420488,0.03885244251139054
2018-10-18,8563.239749833989,0.003657295680868949,2.3414130267420488,0.03885244251139054
2018-10-19,8805.706211929804,0.0037513517690906145,2.3473421726228683,0.033370154722349145
2018-10-22,8635.452000460918,0.003678821137018919,2.3473421726228683,0.033370154722349145
2018-10-23,8505.244970217536,0.003623351154090144,2.3473421726228683,0.033370154722349145
2018-10-24,8414.463325529774,0.003584676926810222,2.3473421726228683,0.033370154722349145
2018-10-25,8715.315565658846,0.003694319360727311,2.3591126577489603,0.024027757661848025
2018-10-26,8585.896973882662,0.003639460347805192,2.3591126577489603,0.024027757661848025
2018-10-29,9486.679536741263,0.00395500743873264,2.398650238640567,0.006807471864024345
2018-10-30,9296.15601206543,0.003875577965603697,2.398650238640567,0.006807471864024345
2018-10-31,9113.078188156904,0.0037992526135539185,2.398650238640567,0.006807471864024345
2018-11-01,8945.992325617228,0.0037295943283033057,2.398650238640567,0.006807471864024345
2018-11-02,8777.276245317778,0.0036592564034230736,2.398650238640567,0.006807471864024345
2018-11-05,9372.265612789184,0.003907308144309072,2.398650238640567,0.006807471864024345
2018-11-06,9215.089357810997,0.003841781185669505,2.398650238640567,0.006807471864024345
2018-11-07,9084.76875544861,0.0037874503790087362,2.398650238640567,0.006807471864024345
2018-11-08,8984.223692964004,0.0038007410208402564,2.3638084372762127,0.023500228822375464
2018-11-09,8793.12583540091,0.0037198978126726373,2.3638084372762127,0.023500228822375464
2018-11-12,11257.113456806635,0.004575583648033133,2.4602573841362587,0.01932846427333579
2018-11-13,11295.90653285587,0.004591351541384199,2.4602573841362587,0.01932846427333579
2018-11-14,12071.515912940502,0.00485146608440547,2.4882202004344887,0.0014241323457532466
2018-11-15,11822.211860264235,0.004751272358531556,2.4882202004344887,0.0014241323457532466
2018-11-16,11551.839851079574,0.004642611553857819,2.4882202004344887,0.0014241323457532466
2018-11-19,11322.34834822655,0.004550380366757516,2.4882202004344887,0.0014241323457532466
2018-11-20,11057.647036836406,0.004443998579750112,2.4882202004344887,0.0014241323457532466
2018-11-21,10875.117363817662,0.004370641055770976,2.4882202004344887,0.0014241323457532466
2018-11-23,10749.753470641897,0.004320258098043249,2.4882202004344887,0.0014241323457532466
2018-11-26,10501.831132937756,0.004220619674699186,2.4882202004344887,0.0014241323457532466
2018-11-27,10441.612051549371,0.004196418005820416,2.4882202004344887,0.0014241323457532466
2018-11-28,10379.875518589504,0.0041716064827288955,2.4882202004344887,0.0014241323457532466
2018-11-29,10217.447892690247,0.004106327844660249,2.4882202004344887,0.0014241323457532466
2018-11-30,10015.463717385419,0.004033973504368552,2.482778755621293,0.006363286164217961
2018-12-03,9815.38721312036,0.003953387788137469,2.482778755621293,0.006363286164217961
2018-12-04,9601.906429927734,0.003867403170011798,2.482778755621293,0.006363286164217961
2018-12-06,10663.22928956339,0.004222477593097983,2.525348934235528,-0.014150684771982634
2018-12-07,10604.809366610729,0.004199344186794927,2.525348934235528,-0.014150684771982634
2018-12-10,10365.56258689862,0.0041046060789363655,2.525348934235528,-0.014150684771982634
2018-12-11,10156.907080537287,0.0040219816528490855,2.525348934235528,-0.014150684771982634
2018-12-12,9917.04197055512,0.0039351188519708815,2.5201378518944164,-0.00996848315623138
2018-12-13,9706.013939334509,0.0038513821504003788,2.5201378518944164,-0.00996848315623138
2018-12-14,9505.182859943658,0.0037716916369469645,2.5201378518944164,-0.00996848315623138
2018-12-17,9442.842438689777,0.0037469547277310584,2.5201378518944164,-0.00996848315623138
2018-12-18,9252.498246752866,0.003671425449920391,2.5201378518944164,-0.00996848315623138
2018-12-19,9099.513381790845,0.0036107204909249855,2.5201378518944164,-0.00996848315623138
2018-12-20,9233.386889002748,0.003660023674142662,2.522766984879029,-0.0122310765230728
2018-12-21,10288.22219019839,0.004078150004286555,2.522766984879029,-0.0122310765230728
2018-12-24,10263.823817916234,0.004068478729678794,2.522766984879029,-0.0122310765230728
2018-12-26,9815.15860722649,0.003988566684337971,2.460823494757648,0.008230961786351127
2018-12-27,9745.410630184968,0.003960223336190447,2.460823494757648,0.008230961786351127
2018-12-28,9796.521524843763,0.0039836890953987725,2.4591581547262082,0.009572671755559863
2018-12-31,9623.498206398817,0.003913330335384734,2.4591581547262082,0.009572671755559863
2019-01-02,9632.887547684733,0.003917148447395087,2.4591581547262082,0.009572671755559863
2019-01-03,9647.298211653459,0.003923008446249179,2.4591581547262082,0.009572671755559863
2019-01-04,9768.653305900601,0.003968461866438806,2.461571670503851,0.00712533877762965
2019-01-07,9618.44653658013,0.0039074411896409915,2.461571670503851,0.00712533877762965
2019-01-08,9474.102275904977,0.003848802124849672,2.461571670503851,0.00712533877762965
2019-01-09,9294.218501668107,0.003775725327455407,2.461571670503851,0.00712533877762965
2019-01-10,9120.039059283068,0.003704965883612204,2.461571670503851,0.00712533877762965
2019-01-11,8930.979585200017,0.0036281615084447104,2.461571670503851,0.00712533877762965
2019-01-14,8902.813519871394,0.003616719198774784,2.461571670503851,0.00712533877762965
2019-01-15,8727.952661955936,0.003545682933606983,2.461571670503851,0.00712533877762965
2019-01-16,8618.927346670396,0.0035013919968075583,2.461571670503851,0.00712533877762965
2019-01-17,8473.193036222994,0.003442188231914712,2.461571670503851,0.00712533877762965
2019-01-18,8346.146181263772,0.003390576143393553,2.461571670503851,0.00712533877762965
2019-01-22,8667.718033578574,0.0035212129459567627,2.461571670503851,0.00712533877762965
2019-01-23,9026.12724987481,0.0036532847805246893,2.4706881045770723,0.0012174330217992254
2019-01-24,8839.575223239819,0.003577778679091087,2.4706881045770723,0.0012174330217992254
2019-01-25,8901.83118566956,0.0036306033235348027,2.4518875769117683,0.015497155175635175
2019-01-28,9445.15672445058,0.0038521981241680997,2.4518875769117683,0.015497155175635175
2019-01-29,9242.747077732141,0.003769645543607542,2.4518875769117683,0.015497155175635175
2019-01-30,9073.45023944282,0.0037005979902517082,2.4518875769117683,0.015497155175635175
2019-01-31,9247.309926624817,0.0037715064971584476,2.4518875769117683,0.015497155175635175
2019-02-01,9091.005197987419,0.0037077577632812324,2.4518875769117683,0.015497155175635175
2019-02-04,9137.436090148787,0.0037266945581810418,2.4518875769117683,0.015497155175635175
2019-02-05,9343.959083747604,0.00381092476332729,2.4518875769117683,0.015497155175635175
2019-02-06,9221.461215538611,0.003734099847713602,2.469527219842537,0.0021832848575316943
2019-02-07,9304.70581473449,0.0037946357838994403,2.4520682206746063,0.015332525296876521
2019-02-08,10765.041897297588,0.004396667059843495,2.4484551026433152,0.06646358651037793
2019-02-11,10544.946448469462,0.004306775499818354,2.4484551026433152,0.06646358651037793
2019-02-12,10302.145952009283,0.004207610725999117,2.4484551026433152,0.06646358651037793
2019-02-13,11488.39055360237,0.004692097699157186,2.4484551026433152,0.06646358651037793
2019-02-14,11498.751308423585,0.004696329246964629,2.4484551026433152,0.06646358651037793
2019-02-15,11624.63739686879,0.004766710179788225,2.4387128561244413,0.07734474423698418
2019-02-19,12485.908895025956,0.00511987660362292,2.4387128561244413,0.07734474423698418
2019-02-20,12448.047551675929,0.005104351469839768,2.4387128561244413,0.07734474423698418
2019-02-21,12167.687538891569,0.004989389180581202,2.4387128561244413,0.07734474423698418
2019-02-22,11951.061502225997,0.004900561159635009,2.4387128561244413,0.07734474423698418
2019-02-25,11718.005678389007,0.004804996065428978,2.4387128561244413,0.07734474423698418
2019-02-26,11496.626985038141,0.0047142192063186865,2.4387128561244413,0.07734474423698418
2019-02-27,11275.16755895738,0.004623409242560715,2.4387128561244413,0.07734474423698418
2019-02-28,11136.8637777381,0.004543618332525879,2.451100194312958,0.06292862637892435
2019-03-01,10873.608508715799,0.004436215432541167,2.451100194312958,0.06292862637892435
2019-03-04,10728.407986962295,0.004376976515221346,2.451100194312958,0.06292862637892435
2019-03-05,10700.461335125618,0.004365574838577723,2.451100194312958,0.06292862637892435
2019-03-06,10469.577074544297,0.004271378664501683,2.451100194312958,0.06292862637892435
2019-03-07,10448.741235926258,0.004262878057849052,2.451100194312958,0.06292862637892435
2019-03-08,10564.241991230287,0.004328117094289711,2.440840153139154,0.07414258324551921
2019-03-11,10446.784451174606,0.004279995327731332,2.440840153139154,0.07414258324551921
2019-03-12,10276.488539919459,0.004193915889070915,2.4503325321090372,0.06388216844914925
2019-03-13,10045.113319208165,0.004099489839675837,2.4503325321090372,0.06388216844914925
2019-03-14,10004.476655344663,0.004082905697184562,2.4503325321090372,0.06388216844914925
2019-03-15,9795.401964365055,0.003997580669564881,2.4503325321090372,0.06388216844914925
2019-03-18,9641.04634023114,0.0039345869239767834,2.4503325321090372,0.06388216844914925
2019-03-19,9767.695775648664,0.003883589451879203,2.515120585396132,0.0017425758871939439
2019-03-20,9622.265747815003,0.003825767163485521,2.515120585396132,0.0017425758871939439
2019-03-21,9504.079781079286,0.0038863192504238185,2.4455221428457863,0.06969376956435783
2019-03-22,9678.037056262856,0.003957452229404389,2.4455221428457863,0.06969376956435783
2019-03-25,12963.230235444838,0.005085489260811139,2.5490625524154966,0.0899568102867569
2019-03-26,12662.549361594265,0.004967531828355961,2.5490625524154966,0.0899568102867569
2019-03-27,12457.49555488771,0.004887088997907471,2.5490625524154966,0.0899568102867569
2019-03-28,12570.832869460533,0.004933895715273144,2.547851352136777,0.09140678164128468
2019-03-29,12491.131630546573,0.004905408499997573,2.5463998830174397,0.09483104710212464
2019-04-01,12285.43237021962,0.004824628076742446,2.5463998830174397,0.09483104710212464
2019-04-02,13493.671757261955,0.005299117333163001,2.5463998830174397,0.09483104710212464
2019-04-03,13156.237746481253,0.0051666031852355175,2.5463998830174397,0.09483104710212464
2019-04-04,12980.623634094502,0.0050976375394396764,2.5463998830174397,0.09483104710212464
2019-04-05,12720.08471123942,0.004995320961202033,2.5463998830174397,0.09483104710212464
2019-04-08,12432.567657115185,0.0048824097660508875,2.5463998830174397,0.09483104710212464
2019-04-09,12240.386970229061,0.004806938239301369,2.5463998830174397,0.09483104710212464
2019-04-10,12035.01118276606,0.004726284847494095,2.5463998830174397,0.09483104710212464
2019-04-11,11757.12608345988,0.004617156229809392,2.5463998830174397,0.09483104710212464
2019-04-12,11494.561191173441,0.004514044030489267,2.5463998830174397,0.09483104710212464
2019-04-15,11325.295566156374,0.004469826458159828,2.5337215375513384,0.10608408809870298
2019-04-16,11061.203703981138,0.004365595642633643,2.5337215375513384,0.10608408809870298
2019-04-17,10835.027867061273,0.004276329386035277,2.5337215375513384,0.10608408809870298
2019-04-18,10683.458406304047,0.004216508502599244,2.5337215375513384,0.10608408809870298
2019-04-22,10474.484944028109,0.004134031616651509,2.5337215375513384,0.10608408809870298
2019-04-23,10310.000306145415,0.0040691134180867,2.5337215375513384,0.10608408809870298
2019-04-24,10094.47843941255,0.003984052031687802,2.5337215375513384,0.10608408809870298
2019-04-25,10063.34285177749,0.003971763551216048,2.5337215375513384,0.10608408809870298
2019-04-26,9871.515367725318,0.003896053777584981,2.5337215375513384,0.10608408809870298
2019-04-29,9658.367558590511,0.003811929375603223,2.5337215375513384,0.10608408809870298
2019-04-30,9541.253550696902,0.003765707244971302,2.5337215375513384,0.10608408809870298
2019-05-01,9364.229383154901,0.0036958399904532375,2.5337215375513384,0.10608408809870298
2019-05-02,9235.360227641715,0.0036449783809183044,2.5337215375513384,0.10608408809870298
2019-05-03,9057.04365411788,0.0035746010443084716,2.5337215375513384,0.10608408809870298
2019-05-06,8947.6532933574,0.0035314272546322,2.5337215375513384,0.10608408809870298
2019-05-07,8816.753947437384,0.0034797643769323406,2.5337215375513384,0.10608408809870298
2019-05-08,9309.249227634964,0.0036616024400501312,2.5423975923250453,0.09741456209720462
2019-05-09,9165.18114457449,0.003604936211488798,2.5423975923250453,0.09741456209720462
2019-05-10,9230.47651182358,0.0036582125367717626,2.5232204031450656,0.12412525027669756
2019-05-13,9040.932330165138,0.0035830925902850487,2.5232204031450656,0.12412525027669756
2019-05-14,8937.554592939954,0.0035421220365053118,2.5232204031450656,0.12412525027669756
2019-05-15,8780.53488831151,0.0034798921558207995,2.5232204031450656,0.12412525027669756
2019-05-16,9512.357062850782,0.0037271825916248137,2.5521575154985907,0.0913962620012265
2019-05-17,9312.611173201982,0.0036489170894229333,2.5521575154985907,0.0913962620012265
2019-05-20,9458.492024096571,0.003714494416018575,2.5463740053847674,0.09908335240508069
2019-05-21,9274.935355873995,0.003642408906256689,2.5463740053847674,0.09908335240508069
2019-05-22,9087.65982029442,0.0035688629404309513,2.5463740053847674,0.09908335240508069
2019-05-23,9228.440503707287,0.0036304059637307477,2.541985826351987,0.10480614939050859
2019-05-24,9194.991022693002,0.003617247164548028,2.541985826351987,0.10480614939050859
2019-05-28,8991.381693278314,0.0035514777640839818,2.5317296884716454,0.1203219743942602
2019-05-29,9992.73794087548,0.003892803469280416,2.5669772491038794,0.09247508287324463
2019-05-30,9979.808871527546,0.0038877667790049386,2.5669772491038794,0.09247508287324463
2019-05-31,9817.718460776916,0.003824622311788793,2.5669772491038794,0.09247508287324463
2019-06-03,9976.993052098818,0.0039042702557307847,2.5554053379000443,0.10986127763357889
2019-06-04,9829.760313933051,0.0038466540584167572,2.5554053379000443,0.10986127763357889
2019-06-05,10670.893073192336,0.004175812312406515,2.5554053379000443,0.10986127763357889
2019-06-06,10506.63573631974,0.004111533923989444,2.5554053379000443,0.10986127763357889
2019-06-07,10347.932467026585,0.004049428994122008,2.5554053379000443,0.10986127763357889
2019-06-10,10546.859630724965,0.004127274634008575,2.5554053379000443,0.10986127763357889
2019-06-11,10682.25999495908,0.004180260499783351,2.5554053379000443,0.10986127763357889
2019-06-12,10382.014076815049,0.004091368837187643,2.5375404882712846,0.11992796350429172
2019-06-13,10179.882588152645,0.004011712378661494,2.5375404882712846,0.11992796350429172
2019-06-14,9955.264953948074,0.003923194526338439,2.5375404882712846,0.11992796350429172
2019-06-17,9872.631689890457,0.003890630212807461,2.5375404882712846,0.11992796350429172
2019-06-18,9555.716281490857,0.0038302091166198433,2.494828869793869,0.14875558549474
2019-06-19,9776.96423089285,0.003918891732121352,2.494828869793869,0.14875558549474
2019-06-20,9569.669056244222,0.0038358017947078267,2.494828869793869,0.14875558549474
2019-06-21,11713.955431379612,0.00469529416354215,2.494828869793869,0.14875558549474
2019-06-24,12049.95266565653,0.004829971631141232,2.494828869793869,0.14875558549474
2019-06-25,11758.770145264802,0.004713257204786295,2.494828869793869,0.14875558549474
2019-06-26,12438.598589267891,0.004954191698883797,2.5107221006547578,0.12708818826689308
2019-06-27,12134.428932546018,0.004833043421803451,2.5107221006547578,0.12708818826689308
2019-06-28,11866.139198740313,0.004726185823451272,2.5107221006547578,0.12708818826689308
2019-07-01,11723.688969275267,0.00466944906655257,2.5107221006547578,0.12708818826689308
2019-07-02,11710.67988800631,0.004664267656285952,2.5107221006547578,0.12708818826689308
2019-07-03,11456.65130946398,0.004563090158993009,2.5107221006547578,0.12708818826689308
2019-07-05,11573.577529856595,0.004609660912626843,2.5107221006547578,0.12708818826689308
2019-07-08,11381.960743883452,0.004533341519921783,2.5107221006547578,0.12708818826689308
2019-07-09,11772.999542358782,0.004694192594495057,2.5079924407373353,0.13177785661162383
2019-07-10,11641.605428869774,0.004641802439184071,2.5079924407373353,0.13177785661162383
2019-07-11,11520.664309932552,0.004593580157101886,2.5079924407373353,0.13177785661162383
2019-07-12,11471.256742513404,0.004573880110715533,2.5079924407373353,0.13177785661162383
2019-07-15,11218.15667380152,0.004472962713756604,2.5079924407373353,0.13177785661162383
2019-07-16,11012.030031699833,0.004390774809696938,2.5079924407373353,0.13177785661162383
2019-07-17,10758.01570922748,0.004289492876647063,2.5079924407373353,0.13177785661162383
2019-07-18,10753.132452209435,0.0042875457986021985,2.5079924407373353,0.13177785661162383
2019-07-19,10609.34927641714,0.004230215810896963,2.5079924407373353,0.13177785661162383
2019-07-22,10550.496595097104,0.004206749758781297,2.5079924407373353,0.13177785661162383
2019-07-23,10370.991115668216,0.00413517638538783,2.5079924407373353,0.13177785661162383
2019-07-24,10175.248416797845,0.004057128822049552,2.5079924407373353,0.13177785661162383
2019-07-25,10006.284446191246,0.003989758614762594,2.5079924407373353,0.13177785661162383
2019-07-26,9805.085544610856,0.003909535525445291,2.5079924407373353,0.13177785661162383
2019-07-29,9662.559679523927,0.0038527068593090298,2.5079924407373353,0.13177785661162383
2019-07-30,9473.199419191322,0.0037772041355939078,2.5079924407373353,0.13177785661162383
2019-07-31,9284.093103827301,0.0037018026661586874,2.5079924407373353,0.13177785661162383
2019-08-01,10406.939905953888,0.004078623866609251,2.5515811818670247,0.0963894186375458
2019-08-02,10752.993741051436,0.00420574360572041,2.556740198433835,0.08776952444718338
2019-08-05,11013.288462253897,0.004345607814428941,2.534349378166598,0.12035666562499753
2019-08-06,10758.547955714266,0.004245092664965249,2.534349378166598,0.12035666562499753
2019-08-07,10522.05432629566,0.004151777342517603,2.534349378166598,0.12035666562499753
2019-08-08,10284.786917848849,0.0040581567034333205,2.534349378166598,0.12035666562499753
2019-08-09,10057.92268463468,0.003968640934546599,2.534349378166598,0.12035666562499753
2019-08-12,9837.800553188163,0.0038817854546578084,2.534349378166598,0.12035666562499753
2019-08-13,9774.296595762606,0.0038567281527827624,2.534349378166598,0.12035666562499753
2019-08-14,9686.486011219797,0.003822079976292458,2.534349378166598,0.12035666562499753
2019-08-15,9527.644603803254,0.003759404557983932,2.534349378166598,0.12035666562499753
2019-08-16,9908.193127785258,0.003898825818241886,2.5413274636242154,0.11008786062147247
2019-08-19,9955.50238880508,0.003917441782416905,2.5413274636242154,0.11008786062147247
2019-08-20,9874.605510713898,0.003885609254240543,2.5413274636242154,0.11008786062147247
2019-08-21,9729.345139601317,0.003804519350874705,2.5573125649536843,0.08544343327242435
2019-08-22,9605.074258804278,0.0037559250247449654,2.5573125649536843,0.08544343327242435
2019-08-23,9500.960778161256,0.0037152129576829133,2.5573125649536843,0.08544343327242435
2019-08-26,9728.074340285422,0.0038392676627485006,2.533835927792847,0.11834680325323674
2019-08-27,9757.708725208711,0.00385096312597808,2.533835927792847,0.11834680325323674
2019-08-28,9654.33252761946,0.003810164826271556,2.533835927792847,0.11834680325323674
2019-08-29,9661.838097666183,0.003813126963624018,2.533835927792847,0.11834680325323674
2019-08-30,9488.425001348493,0.0037446880033837047,2.533835927792847,0.11834680325323674
2019-09-03,9300.743688950986,0.003667326483943804,2.536110087190564,0.1002659098958767
2019-09-04,9124.28726073371,0.0035977488937955987,2.536110087190564,0.1002659098958767
2019-09-05,9008.562966362395,0.003552118266420305,2.536110087190564,0.1002659098958767
2019-09-06,9634.487014241377,0.0037989230289739544,2.536110087190564,0.1002659098958767
2019-09-09,9874.246590837536,0.003929064930814966,2.513128890641525,0.13446792396431417
2019-09-10,10106.517947827013,0.004021488108095852,2.513128890641525,0.13446792396431417
2019-09-11,10283.035342387986,0.004091726206594618,2.513128890641525,0.13446792396431417
2019-09-12,10848.966005934462,0.004316915875796985,2.513128890641525,0.13446792396431417
2019-09-13,10897.544829457183,0.0043362458925357275,2.513128890641525,0.13446792396431417
2019-09-16,11272.49908715981,0.004485444072978797,2.513128890641525,0.13446792396431417
2019-09-17,11253.958600952219,0.004478066621596725,2.513128890641525,0.13446792396431417
2019-09-18,11105.9206656097,0.004419160794723384,2.513128890641525,0.13446792396431417
2019-09-19,10816.662183178112,0.00432705401718563,2.4997751680977176,0.11603445208834573
2019-09-20,10596.145388357345,0.004238839365870177,2.4997751680977176,0.11603445208834573
2019-09-23,10510.893084779273,0.004204735377373104,2.4997751680977176,0.11603445208834573
2019-09-24,10330.246585288764,0.004132470278577049,2.4997751680977176,0.11603445208834573
2019-09-25,11749.065905478603,0.004659112803119759,2.5217388807610295,0.1360628708799353
2019-09-26,11848.091353752881,0.004698381519254394,2.5217388807610295,0.1360628708799353
2019-09-27,12093.31970608916,0.004790465197076702,2.5244562289000445,0.12947650417134599
2019-09-30,12331.114502194903,0.004888447711001004,2.522501053748587,0.13081887631167843
2019-10-01,12142.945229923345,0.004813851400330717,2.522501053748587,0.13081887631167843
2019-10-02,13097.33553276932,0.005153535444786286,2.5414272731973924,0.11527233003648321
2019-10-03,13200.38498677805,0.0051940833113711445,2.5414272731973924,0.11527233003648321
2019-10-04,13020.207291139548,0.005123187048653455,2.5414272731973924,0.11527233003648321
2019-10-07,12697.296788538257,0.00499612832617621,2.5414272731973924,0.11527233003648321
2019-10-08,12385.646079892302,0.004873500103864789,2.5414272731973924,0.11527233003648321
2019-10-09,12126.970064536263,0.00477171634712144,2.5414272731973924,0.11527233003648321
2019-10-10,12088.48952558114,0.0047565750368187805,2.5414272731973924,0.11527233003648321
2019-10-11,12185.847987477382,0.0047948836136263925,2.5414272731973924,0.11527233003648321
2019-10-14,12735.159891344858,0.005011026687898348,2.5414272731973924,0.11527233003648321
2019-10-15,12421.82604881197,0.004887736186597211,2.5414272731973924,0.11527233003648321
2019-10-16,12159.930685070924,0.004784685681669106,2.5414272731973924,0.11527233003648321
2019-10-17,11886.699612023014,0.004677174805426657,2.5414272731973924,0.11527233003648321
2019-10-18,11785.531076015563,0.0046373670418623,2.5414272731973924,0.11527233003648321
2019-10-21,11547.247709738665,0.004539546672361074,2.5437006254487518,0.11362054920523265
2019-10-22,11780.279138396867,0.004631157857390796,2.5437006254487518,0.11362054920523265
2019-10-23,11624.212096093152,0.0045698035294709435,2.5437006254487518,0.11362054920523265
2019-10-24,11348.995488613722,0.00446160816845794,2.5437006254487518,0.11362054920523265
2019-10-25,11158.670791097169,0.004386786196244533,2.5437006254487518,0.11362054920523265
2019-10-28,11042.342408539263,0.004396055118812265,2.511875331427306,0.13970027346612587
2019-10-29,11214.732872203791,0.0044646853018104685,2.511875331427306,0.13970027346612587
2019-10-30,10995.218425829036,0.004377294640487312,2.511875331427306,0.13970027346612587
2019-10-31,10763.556766098667,0.0042850680650550295,2.511875331427306,0.13970027346612587
2019-11-01,11138.558310920425,0.004426766453901351,2.516183861722343,0.13080495705016898
2019-11-04,12515.280894747102,0.004973913506535376,2.516183861722343,0.13080495705016898
2019-11-05,12906.891803513718,0.005129550347993597,2.516183861722343,0.13080495705016898
2019-11-06,12589.334317460278,0.005003344353716187,2.516183861722343,0.13080495705016898
2019-11-07,12552.649267264724,0.004988764715577008,2.516183861722343,0.13080495705016898
2019-11-08,13010.866026494403,0.00517087253615417,2.516183861722343,0.13080495705016898
2019-11-11,12693.330259901935,0.0050446751737821234,2.516183861722343,0.13080495705016898
2019-11-12,12437.17915214498,0.004942873746766524,2.516183861722343,0.13080495705016898
2019-11-13,12137.576382620498,0.0048238034458707064,2.516183861722343,0.13080495705016898
2019-11-14,11953.176953905337,0.004750518090408272,2.516183861722343,0.13080495705016898
2019-11-15,11847.720831981123,0.0047086069552450295,2.516183861722343,0.13080495705016898
2019-11-18,11619.662114759938,0.004617970209381364,2.516183861722343,0.13080495705016898
2019-11-19,11348.220380445697,0.00451009187090079,2.516183861722343,0.13080495705016898
2019-11-20,11096.716262229545,0.004410137284098856,2.516183861722343,0.13080495705016898
2019-11-21,11544.705706466311,0.004583360049886572,2.5188301989829527,0.12658067182252716
2019-11-22,11300.436983972371,0.004486382999749342,2.5188301989829527,0.12658067182252716
2019-11-25,11074.143051232788,0.00439654211534556,2.5188301989829527,0.12658067182252716
2019-11-26,10830.390022141333,0.0042997698004869096,2.5188301989829527,0.12658067182252716
2019-11-27,10582.41782980538,0.004201322436930574,2.5188301989829527,0.12658067182252716
2019-11-29,10518.758354337837,0.004176049008220195,2.5188301989829527,0.12658067182252716
2019-12-02,10297.846178260175,0.00408834473336798,2.5188301989829527,0.12658067182252716
2019-12-03,10189.57684791565,0.004039801613158625,2.5222963461190018,0.1232965141653106
2019-12-04,10716.773217136264,0.004236822264486145,2.5294365796191896,0.11510540383790849
2019-12-05,10715.00750668086,0.004236124199759149,2.5294365796191896,0.11510540383790849
2019-12-06,10552.829694130063,0.004172008019160855,2.5294365796191896,0.11510540383790849
2019-12-09,10556.618105517719,0.004173505748504291,2.5294365796191896,0.11510540383790849
2019-12-10,10381.445086182499,0.004104251978417043,2.5294365796191896,0.11510540383790849
2019-12-11,10171.6747937693,0.00402132035083507,2.5294365796191896,0.11510540383790849
2019-12-12,10060.049463616995,0.003977189839300716,2.5294365796191896,0.11510540383790849
2019-12-13,12239.897935657731,0.004838981943362449,2.5294365796191896,0.11510540383790849
2019-12-16,12319.689466434824,0.004870527122798853,2.5294365796191896,0.11510540383790849
2019-12-17,13031.077328068972,0.0051517707275470885,2.5294365796191896,0.11510540383790849
2019-12-18,12707.291113283765,0.005023763479848491,2.5294365796191896,0.11510540383790849
2019-12-19,12470.837538857615,0.004930282751242222,2.5294365796191896,0.11510540383790849
2019-12-20,12282.939132772348,0.004855998063656359,2.5294365796191896,0.11510540383790849
2019-12-23,12184.147020064202,0.004816941099941926,2.5294365796191896,0.11510540383790849
2019-12-24,11921.622009513914,0.004713153160498981,2.5294365796191896,0.11510540383790849
2019-12-26,11635.342798249747,0.0045999741175568295,2.5294365796191896,0.11510540383790849
2019-12-27,12013.77874748701,0.004749586862263098,2.5294365796191896,0.11510540383790849
2019-12-30,11783.807201132608,0.004658668770776881,2.5294365796191896,0.11510540383790849
2019-12-31,11738.29773003126,0.004640676830805727,2.5294365796191896,0.11510540383790849
2020-01-02,11464.411721777205,0.004532397378195262,2.5294365796191896,0.11510540383790849
2020-01-03,11194.55033839072,0.004425709040736683,2.5294365796191896,0.11510540383790849
2020-01-06,11340.653830542376,0.0044978033087969445,2.5213761145050455,0.12666954429225175
2020-01-07,11293.483669626497,0.004479095207040718,2.5213761145050455,0.12666954429225175
2020-01-08,11074.52182209616,0.004392253007548668,2.5213761145050455,0.12666954429225175
2020-01-09,10860.068206006348,0.0043071988123986075,2.5213761145050455,0.12666954429225175
2020-01-10,10722.20008375064,0.004252519099418629,2.5213761145050455,0.12666954429225175
2020-01-13,10536.629292817215,0.0041789200874085344,2.5213761145050455,0.12666954429225175
2020-01-14,10428.91231162535,0.004136198582841173,2.5213761145050455,0.12666954429225175
2020-01-15,10404.41154239509,0.004126481361721597,2.5213761145050455,0.12666954429225175
2020-01-16,10171.042654082996,0.004033925202817115,2.5213761145050455,0.12666954429225175
2020-01-17,10600.674105796868,0.004204320824970541,2.5213761145050455,0.12666954429225175
2020-01-21,10687.455571743112,0.004238739119586328,2.5213761145050455,0.12666954429225175
2020-01-22,11026.96870716908,0.00436826744516103,2.5243346122006014,0.12055279630310362
2020-01-23,10805.390764009106,0.004280490673377668,2.5243346122006014,0.12055279630310362
2020-01-24,10579.823632854364,0.004191133608722083,2.5243346122006014,0.12055279630310362
2020-01-27,11392.424520881585,0.004486628636140091,2.5391948932690465,0.11024257347180784
2020-01-28,13285.193046619936,0.005130998675209949,2.589202197772217,0.0958260719512597
2020-01-29,13064.884643371799,0.0050459113060436125,2.589202197772217,0.0958260719512597
2020-01-30,12916.493473041788,0.004988599764110854,2.589202197772217,0.0958260719512597
2020-01-31,12689.972284648002,0.004901112897079501,2.589202197772217,0.0958260719512597
2020-02-03,13675.752225619732,0.005267036007936233,2.596479728829167,0.09739671738806516
2020-02-04,13488.085554769095,0.005196975332336663,2.595372248708478,0.09278626017225561
2020-02-05,13985.349799454696,0.005388571834508193,2.595372248708478,0.09278626017225561
2020-02-06,15319.842271250036,0.005902753363751027,2.595372248708478,0.09278626017225561
2020-02-07,15033.754164135176,0.005766450490259257,2.6071071258706437,0.07747152661029981
2020-02-10,15728.242157995901,0.006025018259636253,2.6104887122691407,0.07409927803619654
2020-02-11,15456.160358552435,0.005920791875448228,2.6104887122691407,0.07409927803619654
2020-02-12,15103.806823201052,0.005785815794649509,2.6104887122691407,0.07409927803619654
2020-02-13,14732.76054626794,0.005643679084695845,2.6104887122691407,0.07409927803619654
2020-02-14,14359.74360030353,0.0055007874704891815,2.6104887122691407,0.07409927803619654
2020-02-18,14038.207227035873,0.005377616521020428,2.6104887122691407,0.07409927803619654
2020-02-19,13684.521587726309,0.005242130151113038,2.6104887122691407,0.07409927803619654
2020-02-20,13379.137121997142,0.005125146513415668,2.6104887122691407,0.07409927803619654
2020-02-21,13102.372223263104,0.005019126174222757,2.6104887122691407,0.07409927803619654
2020-02-24,12878.746998035127,0.004933462051571335,2.6104887122691407,0.07409927803619654
2020-02-25,12834.269842044967,0.004916424185909966,2.6104887122691407,0.07409927803619654
2020-02-26,12884.101160844979,0.004935513070901428,2.6104887122691407,0.07409927803619654
2020-02-27,12590.152543290278,0.004822910163954096,2.6104887122691407,0.07409927803619654
2020-02-28,14436.976734412938,0.005530373169805336,2.6104887122691407,0.07409927803619654
2020-03-02,19463.97197966807,0.0071967132426166616,2.7045640591052837,0.10539745085063781
2020-03-03,20218.904272352574,0.007501749171310064,2.695225314874352,0.12002805367761635
2020-03-04,20682.09768160323,0.007673606198139841,2.695225314874352,0.12002805367761635
2020-03-05,20866.956390710275,0.007742193676925696,2.695225314874352,0.12002805367761635
2020-03-06,20555.900572722723,0.007626783727237666,2.695225314874352,0.12002805367761635
2020-03-09,20949.65129123165,0.0078203226000952,2.6788730289689866,0.14595221493494084
2020-03-10,20615.719021842186,0.0076956685885842535,2.6788730289689866,0.14595221493494084
2020-03-11,20055.154022885923,0.007486414550451657,2.6788730289689866,0.14595221493494084
2020-03-12,20968.9232162415,0.007827516642067867,2.6788730289689866,0.14595221493494084
2020-03-13,23028.68044112612,0.00859640609767501,2.6788730289689866,0.14595221493494084
2020-03-16,27258.16068419334,0.009996087434062377,2.7268829793654286,0.14188832054398587
2020-03-17,26790.32912914708,0.009824524679596425,2.7268829793654286,0.14188832054398587
2020-03-18,27948.406101494023,0.01024921359404938,2.7268829793654286,0.14188832054398587
2020-03-19,28618.238496823895,0.01049485390952993,2.7268829793654286,0.14188832054398587
2020-03-20,28780.027738552883,0.010554185110374729,2.7268829793654286,0.14188832054398587
2020-03-23,28582.653098364957,0.010481804065173494,2.7268829793654286,0.14188832054398587
2020-03-24,27977.5136081008,0.010206856019289641,2.741051069519047,0.11730984560254462
2020-03-25,27450.719779796294,0.009974410364402355,2.7521145387967083,0.09988000735929102
2020-03-26,26718.204373984805,0.009700463310876503,2.7543225016919974,0.0921896961077357
2020-03-27,26727.9959425031,0.009704018293458346,2.7543225016919974,0.0921896961077357
2020-03-30,26962.996661703044,0.009789338991762769,2.7543225016919974,0.0921896961077357
2020-03-31,26233.622494805535,0.009524528256473255,2.7543225016919974,0.0921896961077357
2020-04-01,28706.213565959202,0.010374520451150284,2.7669918528886197,0.09108261154996353
2020-04-02,28967.529407190552,0.01046896085976896,2.7669918528886197,0.09108261154996353
2020-04-03,28156.556964725485,0.010175872738957023,2.7669918528886197,0.09108261154996353
2020-04-06,28194.905077789903,0.010189731873751506,2.7669918528886197,0.09108261154996353
2020-04-07,30992.22736395471,0.011200693392573659,2.7669918528886197,0.09108261154996353
2020-04-08,30390.07143076285,0.01098307224831072,2.7669918528886197,0.09108261154996353
2020-04-09,30129.74382159179,0.010888988990024544,2.7669918528886197,0.09108261154996353
2020-04-13,29565.244598403653,0.010684977105204996,2.7669918528886197,0.09108261154996353
2020-04-14,28739.481723547804,0.010386543673247548,2.7669918528886197,0.09108261154996353
2020-04-15,29220.71681176708,0.010560463624517694,2.7669918528886197,0.09108261154996353
2020-04-16,31563.057708071992,0.0113715403409138,2.7756184968636917,0.08916023000580625
2020-04-17,30737.162898739512,0.01107398690903341,2.7756184968636917,0.08916023000580625
2020-04-20,30626.11335017223,0.01103397797095609,2.7756184968636917,0.08916023000580625
2020-04-21,30133.543694765765,0.010856514945701343,2.7756184968636917,0.08916023000580625
2020-04-22,32594.98140274295,0.011695550144595716,2.7869558079578196,0.08214389322338253
2020-04-23,33165.238030409084,0.011948773964391765,2.7756184968636917,0.08916023000580625
2020-04-24,32257.402643808273,0.011621698976374996,2.7756184968636917,0.08916023000580625
2020-04-27,31363.327337953637,0.01129958147108207,2.7756184968636917,0.08916023000580625
2020-04-28,31667.66128431455,0.011409226923691928,2.7756184968636917,0.08916023000580625
2020-04-29,31310.486708672503,0.011280544045967329,2.7756184968636917,0.08916023000580625
2020-04-30,33333.91271069611,0.012009544088411914,2.7756184968636917,0.08916023000580625
2020-05-01,33102.15943392097,0.011926048003832204,2.7756184968636917,0.08916023000580625
2020-05-04,33740.97197781745,0.012212750025618592,2.762766117953718,0.10992522746925945
2020-05-05,32819.03626636937,0.01187904978749242,2.762766117953718,0.10992522746925945
2020-05-06,32303.073643762575,0.011692293978068728,2.762766117953718,0.10992522746925945
2020-05-07,31559.910516600572,0.011423301564149725,2.762766117953718,0.10992522746925945
2020-05-08,30794.624635674525,0.01114630168495153,2.762766117953718,0.10992522746925945
2020-05-11,29990.643724901838,0.010855295904350686,2.762766117953718,0.10992522746925945
2020-05-12,29148.612360080155,0.010550517530477567,2.762766117953718,0.10992522746925945
2020-05-13,28339.90183279876,0.010257799836415076,2.762766117953718,0.10992522746925945
2020-05-14,27594.20260862767,0.009987889466758666,2.762766117953718,0.10992522746925945
2020-05-15,26806.129214247365,0.009713762908704881,2.7596029948626137,0.11089424266915893
2020-05-18,26064.492773519058,0.009445015396070287,2.7596029948626137,0.11089424266915893
2020-05-19,26081.02133634188,0.009451004867328867,2.7596029948626137,0.11089424266915893
2020-05-20,25355.90344423519,0.0091882431970971,2.7596029948626137,0.11089424266915893
2020-05-21,24652.42449319818,0.008933322850820248,2.7596029948626137,0.11089424266915893
2020-05-22,24124.746458822767,0.008728966162638284,2.763757587018895,0.10175777901917593
2020-05-26,22131.096354906793,0.008512101427121417,2.5999568431353834,-0.08563015982324629
2020-05-27,21562.237769713778,0.00829330603184593,2.5999568431353834,-0.08563015982324629
2020-05-28,21368.4974295283,0.008218789279501749,2.5999568431353834,-0.08563015982324629
2020-05-29,20839.09398828294,0.008015169191482544,2.5999568431353834,-0.08563015982324629
2020-06-01,20274.869089775275,0.007798156012976379,2.5999568431353834,-0.08563015982324629
2020-06-02,19933.33795347914,0.007666795703208978,2.5999568431353834,-0.08563015982324629
2020-06-03,19471.44966456132,0.007489143412503719,2.5999568431353834,-0.08563015982324629
2020-06-04,20178.360583195492,0.007761036740464379,2.5999568431353834,-0.08563015982324629
2020-06-05,19886.5798726484,0.007648811527450756,2.5999568431353834,-0.08563015982324629
2020-06-08,23761.10346109188,0.009139037643577765,2.5999568431353834,-0.08563015982324629
2020-06-09,23733.88866561143,0.00912857024080056,2.5999568431353834,-0.08563015982324629
2020-06-10,23490.82808614443,0.009035083850782683,2.5999568431353834,-0.08563015982324629
2020-06-11,23352.21726165733,0.00898177111028352,2.5999568431353834,-0.08563015982324629
2020-06-12,36356.05411459637,0.013190976570966023,2.7561305957147866,0.047290242080339724
2020-06-15,35434.74858704854,0.012856701580883811,2.7561305957147866,0.047290242080339724
2020-06-16,34447.44021417567,0.012498478942810011,2.7561305957147866,0.047290242080339724
2020-06-17,35306.174384444115,0.012810051323162234,2.7561305957147866,0.047290242080339724
2020-06-18,34503.44328255559,0.01251879839663669,2.7561305957147866,0.047290242080339724
2020-06-19,33615.732286124,0.012196712426613425,2.7561305957147866,0.047290242080339724
2020-06-22,32761.224478782748,0.011886673486996473,2.7561305957147866,0.047290242080339724
2020-06-23,31883.83225759164,0.011568331452495178,2.7561305957147866,0.047290242080339724
2020-06-24,31158.085930348672,0.011305010720026496,2.7561305957147866,0.047290242080339724
2020-06-25,30587.88877577541,0.011098127506487991,2.7561305957147866,0.047290242080339724
2020-06-26,29806.221101667204,0.010814516971006279,2.7561305957147866,0.047290242080339724
2020-06-29,29158.068335125343,0.010579349316922832,2.7561305957147866,0.047290242080339724
2020-06-30,28368.70556720163,0.010292946789716389,2.7561305957147866,0.047290242080339724
2020-07-01,27650.35966540183,0.010032311135180758,2.7561305957147866,0.047290242080339724
2020-07-02,26877.482269240467,0.009751889954354628,2.7561305957147866,0.047290242080339724
2020-07-06,26128.497342655795,0.009480137618761682,2.7561305957147866,0.047290242080339724
2020-07-07,25827.972531537067,0.009371098949989607,2.7561305957147866,0.047290242080339724
2020-07-08,25225.711508344826,0.009142142173332432,2.7592779711879842,0.04268601310330647
2020-07-09,24576.077387955273,0.008906705900810075,2.7592779711879842,0.04268601310330647
2020-07-10,24139.95658152784,0.008748649767654463,2.7592779711879842,0.04268601310330647
2020-07-13,23490.482092675582,0.00851327134778014,2.7592779711879842,0.04268601310330647
2020-07-14,22852.605531577767,0.008282096175231944,2.7592779711879842,0.04268601310330647
2020-07-15,22262.18853900017,0.00806812099812306,2.7592779711879842,0.04268601310330647
2020-07-16,21746.504977421246,0.00790753113649377,2.7501004551293784,0.05803708849957892
2020-07-17,21577.999320043375,0.007846258590226021,2.7501004551293784,0.05803708849957892
2020-07-20,21025.819599405346,0.007645473299053066,2.7501004551293784,0.05803708849957892
2020-07-21,20566.09048015309,0.007478305180377696,2.7501004551293784,0.05803708849957892
2020-07-22,20118.11639430094,0.007315411463162165,2.7501004551293784,0.05803708849957892
2020-07-23,20107.44224022412,0.007311530094371831,2.7501004551293784,0.05803708849957892
2020-07-24,19923.275599366145,0.00724456285304271,2.7501004551293784,0.05803708849957892
2020-07-27,19459.546733593415,0.007075940334215151,2.7501004551293784,0.05803708849957892
2020-07-28,20367.24036013906,0.007405998687121007,2.7501004551293784,0.05803708849957892
2020-07-29,19907.11149949665,0.0072386852132498266,2.7501004551293784,0.05803708849957892
2020-07-30,19946.441876421104,0.00725298664607607,2.7501004551293784,0.05803708849957892
2020-07-31,19870.548674860434,0.007225390126312904,2.7501004551293784,0.05803708849957892
2020-08-03,20362.39448242505,0.007404236614137465,2.7501004551293784,0.05803708849957892
2020-08-04,20055.87707950776,0.00729277981177027,2.7501004551293784,0.05803708849957892
2020-08-05,19528.060290385634,0.007100853444812415,2.7501004551293784,0.05803708849957892
2020-08-06,19337.284371386817,0.007031482917403864,2.7501004551293784,0.05803708849957892
2020-08-07,19077.676158385762,0.006979113765930573,2.7335384976120967,0.08036231900861816
2020-08-10,18744.35386954135,0.0068433182868241895,2.7390738065816507,0.07094196541640638
2020-08-11,18250.56190477533,0.006663041302838032,2.7390738065816507,0.07094196541640638
2020-08-12,19144.93503651947,0.007028332887223571,2.7239653191899915,0.08077187829559246
2020-08-13,18935.5872833937,0.006951478842257969,2.7239653191899915,0.08077187829559246
2020-08-14,18915.96550433585,0.006944275454270751,2.7239653191899915,0.08077187829559246
2020-08-17,18430.64144314243,0.006766107230991853,2.7239653191899915,0.08077187829559246
2020-08-18,18139.694216608117,0.0066592970508164194,2.7239653191899915,0.08077187829559246
2020-08-19,17686.71386420754,0.006493002586929752,2.7239653191899915,0.08077187829559246
2020-08-20,17846.115155846765,0.006551520693058438,2.7239653191899915,0.08077187829559246
2020-08-21,17419.786040782954,0.006395010214727318,2.7239653191899915,0.08077187829559246
2020-08-24,16988.46440252628,0.006236666921874774,2.7239653191899915,0.08077187829559246
2020-08-25,16604.94738045462,0.006095873271026935,2.7239653191899915,0.08077187829559246
2020-08-26,16446.48089056296,0.00603769834171514,2.7239653191899915,0.08077187829559246
2020-08-27,17344.3933271906,0.00636708611426039,2.724070794070821,0.08291836202193167
2020-08-28,16994.19666092831,0.006238529739358342,2.724070794070821,0.08291836202193167
2020-08-31,17183.895923485394,0.006308167893759461,2.724070794070821,0.08291836202193167
2020-09-01,16738.225073026515,0.0061445631697453415,2.724070794070821,0.08291836202193167
2020-09-02,16454.747798378587,0.006040499327034301,2.724070794070821,0.08291836202193167
2020-09-03,16452.282754528223,0.006039594415217864,2.724070794070821,0.08291836202193167
2020-09-04,26609.54185455182,0.009157003232167482,2.90592251415568,0.14474355737057998
2020-09-08,25871.22996182244,0.008902931800760476,2.90592251415568,0.14474355737057998
2020-09-09,28239.439895668533,0.009640354167723034,2.9292948582965224,0.12016648152469128
2020-09-10,28125.58914446886,0.009601487902390536,2.9292948582965224,0.12016648152469128
2020-09-11,28776.136052411388,0.009827823642304214,2.928027313040447,0.1200800043453044
2020-09-14,28096.420884382555,0.00959568264928765,2.928027313040447,0.1200800043453044
2020-09-15,27893.235295615596,0.009526289311369646,2.928027313040447,0.1200800043453044
2020-09-16,27163.34539939475,0.009277012300540491,2.928027313040447,0.1200800043453044
2020-09-17,26409.342963756946,0.00901950020962531,2.928027313040447,0.1200800043453044
2020-09-18,25883.10670758561,0.00883977638880313,2.928027313040447,0.1200800043453044
2020-09-21,25219.947685116764,0.008613289764339156,2.928027313040447,0.1200800043453044
2020-09-22,24892.497660261022,0.008501456782659856,2.928027313040447,0.1200800043453044
2020-09-23,24313.51246555917,0.008309127052508854,2.926121157121789,0.1258759223294197
2020-09-24,24244.683744222137,0.008285604881812158,2.926121157121789,0.1258759223294197
2020-09-25,23611.44861910285,0.008069197190155893,2.926121157121789,0.1258759223294197
2020-09-28,23083.86556158759,0.007888896023804257,2.926121157121789,0.1258759223294197
2020-09-29,22661.773359864368,0.007744646288725479,2.926121157121789,0.1258759223294197
2020-09-30,22045.29529470171,0.007533965311397444,2.926121157121789,0.1258759223294197
2020-10-01,21545.5250927089,0.007363169170309289,2.926121157121789,0.1258759223294197
2020-10-02,21012.193842717752,0.007180903562922154,2.926121157121789,0.1258759223294197
2020-10-05,20447.711312055933,0.006987992025651066,2.926121157121789,0.1258759223294197
2020-10-06,21354.493045242456,0.007297884092484846,2.926121157121789,0.1258759223294197
2020-10-07,21213.233142104466,0.007249608612573776,2.926121157121789,0.1258759223294197
2020-10-08,20942.043601009533,0.00715692976349916,2.926121157121789,0.1258759223294197
2020-10-09,20385.449299995267,0.006966714023573425,2.926121157121789,0.1258759223294197
2020-10-12,20405.761723597432,0.006973655781112319,2.926121157121789,0.1258759223294197
2020-10-13,20811.046597066692,0.007099187467492148,2.9314688043332344,0.11836845163730692
2020-10-14,22163.172043830695,0.007526875872404249,2.9445380021593595,0.10114438154974319
2020-10-15,22033.22844175159,0.007468884236483983,2.9500026702949476,0.09372718370749022
2020-10-16,21436.974081324133,0.007266764297261066,2.9500026702949476,0.09372718370749022
2020-10-19,20874.306951284572,0.007076029849558582,2.9500026702949476,0.09372718370749022
2020-10-20,20698.54759785979,0.007016450461650024,2.9500026702949476,0.09372718370749022
2020-10-21,20408.656398758845,0.006921334317558363,2.9486592414681105,0.09813314941277818
2020-10-22,19891.469781187076,0.00674593710302154,2.9486592414681105,0.09813314941277818
2020-10-23,19190.46800983053,0.006577456893482951,2.9176121289133423,0.13937994138192739
2020-10-26,18793.74459285979,0.0064414815138088555,2.9176121289133423,0.13937994138192739
2020-10-27,20493.414947147277,0.0069519387812528935,2.9478704562835505,0.09866489061689422
2020-10-28,20486.562133262294,0.0069496141153672615,2.9478704562835505,0.09866489061689422
2020-10-29,20547.12914431922,0.006970160137302461,2.9478704562835505,0.09866489061689422
2020-10-30,20005.905432602125,0.006786561936586603,2.9478704562835505,0.09866489061689422
2020-11-02,19520.03214996988,0.006621740147489128,2.9478704562835505,0.09866489061689422
2020-11-03,19052.676189254333,0.006463199951219868,2.9478704562835505,0.09866489061689422
2020-11-04,19152.777042102796,0.006497156956567607,2.9478704562835505,0.09866489061689422
2020-11-05,19166.09758215111,0.006501675655827243,2.9478704562835505,0.09866489061689422
2020-11-06,20527.57438470613,0.007180321228810407,2.8588657429894706,0.13360878833745538
2020-11-09,20009.85527333583,0.0069992287404206125,2.8588657429894706,0.13360878833745538
2020-11-10,20609.820612871423,0.0072516494278237545,2.8420872820732184,0.16095490541098412
2020-11-11,20086.074046986963,0.007067367062821086,2.8420872820732184,0.16095490541098412
2020-11-12,19684.186648964387,0.006925961342962471,2.8420872820732184,0.16095490541098412
2020-11-13,21853.595835932763,0.007593758418668255,2.8778365904041108,0.12325320358219646
2020-11-16,22734.812865917316,0.007899966572711085,2.8778365904041108,0.12325320358219646
2020-11-17,23698.102371368364,0.008234693536939371,2.8778365904041108,0.12325320358219646
2020-11-18,23833.15862641277,0.008281623322839911,2.8778365904041108,0.12325320358219646
2020-11-19,24320.55119416083,0.008439474500032624,2.881761322232423,0.11440887270564493
2020-11-20,23652.201963135245,0.008207550632545973,2.881761322232423,0.11440887270564493
2020-11-23,23559.009823747343,0.00817521202814146,2.881761322232423,0.11440887270564493
2020-11-24,22951.818348818026,0.007964510513673586,2.881761322232423,0.11440887270564493
2020-11-25,23532.763331475275,0.008166104232825596,2.881761322232423,0.11440887270564493
2020-11-27,22890.61891649813,0.007943273698588398,2.881761322232423,0.11440887270564493
2020-11-30,22399.841695424864,0.007772969094495414,2.881761322232423,0.11440887270564493
2020-12-01,21778.019670271253,0.007650592947099501,2.8465793201725305,0.1559386865982431
2020-12-02,25358.16012751691,0.008908292120235018,2.8465793201725305,0.1559386865982431
2020-12-03,25370.396348930473,0.008912590690567084,2.8465793201725305,0.1559386865982431
2020-12-04,24668.27764795342,0.0086659372086137,2.8465793201725305,0.1559386865982431
2020-12-07,25218.101487265583,0.008859089683029496,2.8465793201725305,0.1559386865982431
2020-12-08,24533.705814510973,0.008618662280250104,2.8465793201725305,0.1559386865982431
2020-12-09,23875.822841122415,0.008387548757880848,2.8465793201725305,0.1559386865982431
2020-12-10,24208.744356148265,0.008501534259659046,2.847573581044318,0.15217065336190283
2020-12-11,23694.159658207285,0.008320824373401335,2.847573581044318,0.15217065336190283
2020-12-14,23046.3134035167,0.008093316203286554,2.847573581044318,0.15217065336190283
2020-12-15,22433.377044958215,0.007878067556986888,2.847573581044318,0.15217065336190283
2020-12-16,22142.345842599516,0.0077758643323552114,2.847573581044318,0.15217065336190283
2020-12-17,21540.422179035028,0.007564483082166853,2.847573581044318,0.15217065336190283
2020-12-18,21304.166620765795,0.007481515758743874,2.847573581044318,0.15217065336190283
2020-12-21,20748.746094947903,0.007286465302623898,2.847573581044318,0.15217065336190283
2020-12-22,20231.679854871025,0.007104883957889251,2.847573581044318,0.15217065336190283
2020-12-23,20117.35087420351,0.007064734343695406,2.847573581044318,0.15217065336190283
2020-12-24,19589.066870451767,0.006879213587614365,2.847573581044318,0.15217065336190283
2020-12-28,19154.7027867467,0.006726675269870257,2.847573581044318,0.15217065336190283
2020-12-29,18720.44748006095,0.006574175152023787,2.847573581044318,0.15217065336190283
2020-12-30,18244.68118714467,0.006407097364786486,2.847573581044318,0.15217065336190283
2020-12-31,17773.12671588096,0.006241498668969548,2.847573581044318,0.15217065336190283
2021-01-04,17458.573124642833,0.006131034941769646,2.847573581044318,0.15217065336190283
2021-01-05,17345.733582742745,0.006091408382985973,2.847573581044318,0.15217065336190283
2021-01-06,16985.401976420235,0.005964868507521064,2.847573581044318,0.15217065336190283
2021-01-07,16841.676106118597,0.005914395406050259,2.847573581044318,0.15217065336190283
2021-01-08,17277.685823115535,0.006067511631000286,2.847573581044318,0.15217065336190283
2021-01-11,16972.861800398885,0.00596046469646423,2.847573581044318,0.15217065336190283
2021-01-12,16809.70714954601,0.005903168670142397,2.847573581044318,0.15217065336190283
2021-01-13,16378.506319135695,0.00575174121159287,2.847573581044318,0.15217065336190283
2021-01-14,16187.698410644718,0.005684734020010134,2.847573581044318,0.15217065336190283
2021-01-15,15725.992778658683,0.005539656266841056,2.8388029908625185,0.17423093968480302
2021-01-19,17625.690638701883,0.006118913725269169,2.8805260917331426,0.12790144709437287
2021-01-20,17511.428291765755,0.006079246545282828,2.8805260917331426,0.12790144709437287
2021-01-21,20109.87523873606,0.006981320286058036,2.8805260917331426,0.12790144709437287
2021-01-22,19592.108184563906,0.006801572893504259,2.8805260917331426,0.12790144709437287
2021-01-25,19533.09867272736,0.0067810872218049476,2.8805260917331426,0.12790144709437287
2021-01-26,19013.500947562643,0.00660070429569436,2.8805260917331426,0.12790144709437287
2021-01-27,18609.461376957053,0.006460438400597924,2.8805260917331426,0.12790144709437287
2021-01-28,21795.321729065436,0.007566437878002946,2.8805260917331426,0.12790144709437287
2021-01-29,22503.076304661136,0.007800024934704286,2.8850005600032445,0.11741847437584663
2021-02-01,22093.299211195972,0.007657987841489752,2.8850005600032445,0.11741847437584663
2021-02-02,21580.352427508948,0.007480190030703038,2.8850005600032445,0.11741847437584663
2021-02-03,21243.428479369166,0.00751485374485435,2.826858539185169,0.1504806024477943
2021-02-04,20837.140240054334,0.0073711294538497,2.826858539185169,0.1504806024477943
2021-02-05,20519.633178911838,0.0072588114666772615,2.826858539185169,0.1504806024477943
2021-02-08,20094.27280565977,0.007108340416443996,2.826858539185169,0.1504806024477943
2021-02-09,20103.49479542684,0.007111602691382496,2.826858539185169,0.1504806024477943
2021-02-10,19592.947896391335,0.0069217679599735335,2.830627667626444,0.14440275240830447
2021-02-11,19075.25502976757,0.006738878181658796,2.830627667626444,0.14440275240830447
2021-02-12,18650.20182802891,0.006588716008583211,2.830627667626444,0.14440275240830447
2021-02-16,18226.97698226585,0.00643919975443102,2.830627667626444,0.14440275240830447
2021-02-17,18089.13173581096,0.006390501987489994,2.830627667626444,0.14440275240830447
2021-02-18,17964.323181581465,0.0063464098041001,2.830627667626444,0.14440275240830447
2021-02-19,17602.32903032972,0.0062185250400981695,2.830627667626444,0.14440275240830447
2021-02-22,17285.91714271383,0.006106743511487163,2.830627667626444,0.14440275240830447
2021-02-23,17056.185314333732,0.006025584187352975,2.830627667626444,0.14440275240830447
2021-02-24,16621.573755041958,0.0058720452517089915,2.830627667626444,0.14440275240830447
2021-02-25,16255.969233364789,0.005742885021326682,2.830627667626444,0.14440275240830447
2021-02-26,16219.868369170787,0.005730131360855231,2.830627667626444,0.14440275240830447
2021-03-01,20330.824466007594,0.006977380258212861,2.913819186230649,0.11645103711184855
2021-03-02,19788.560156914984,0.006791279380143591,2.913819186230649,0.11645103711184855
2021-03-03,19790.848373623285,0.006782882894621198,2.9177635352244335,0.1098913808956087
2021-03-04,19315.655694898556,0.006620020937856022,2.9177635352244335,0.1098913808956087
2021-03-05,18807.27854391989,0.006445785724878229,2.9177635352244335,0.1098913808956087
2021-03-08,18417.402041435023,0.006312164032174856,2.9177635352244335,0.1098913808956087
2021-03-09,18245.46333624723,0.006253235780069407,2.9177635352244335,0.1098913808956087
2021-03-10,17787.71182078011,0.0060963514027232105,2.9177635352244335,0.1098913808956087
2021-03-11,17343.817773476272,0.005944216371235921,2.9177635352244335,0.1098913808956087
2021-03-12,16995.91699186911,0.005824980944030405,2.9177635352244335,0.1098913808956087
2021-03-15,17178.754332170065,0.005887644466311654,2.9177635352244335,0.1098913808956087
2021-03-16,16782.50555419382,0.005738223322979712,2.924686720885428,0.0982518362137206
2021-03-17,16416.699338864153,0.005613147972954215,2.924686720885428,0.0982518362137206
2021-03-18,15485.342656615261,0.005484224365220372,2.8236158160887013,0.10622184082940614
2021-03-19,15282.480224892106,0.005412379452549441,2.8236158160887013,0.10622184082940614
2021-03-22,14896.88259772069,0.005275817805255104,2.8236158160887013,0.10622184082940614
2021-03-23,15130.024402548584,0.005370086381377375,2.8174638782380033,0.11390621202989616
2021-03-24,15442.161799879454,0.005486531714490118,2.814558012869255,0.1164264270473918
2021-03-25,15162.994830639684,0.005387344926382248,2.814558012869255,0.1164264270473918
2021-03-26,14852.946927259229,0.0052771862791052,2.814558012869255,0.1164264270473918
2021-03-29,15322.090121520532,0.005443870778808598,2.814558012869255,0.1164264270473918
2021-03-30,15137.74677997903,0.005378374405772899,2.814558012869255,0.1164264270473918
2021-03-31,15862.158445105319,0.005623401894797054,2.820740672969058,0.1079912562027599
2021-04-01,15703.25082080372,0.005567066469912237,2.820740672969058,0.1079912562027599
2021-04-05,15414.792224586572,0.005464803047052622,2.820740672969058,0.1079912562027599
2021-04-06,17489.998284801022,0.006200498490487388,2.820740672969058,0.1079912562027599
2021-04-07,17126.27840143491,0.00607155367579683,2.820740672969058,0.1079912562027599
2021-04-08,16695.68577348131,0.0059189013486687335,2.820740672969058,0.1079912562027599
2021-04-09,16393.175276564427,0.0058116562907249755,2.820740672969058,0.1079912562027599
2021-04-12,16743.61203145095,0.00593589201301052,2.820740672969058,0.1079912562027599
2021-04-13,16310.022574593104,0.005782177259643469,2.820740672969058,0.1079912562027599
2021-04-14,15896.232603593842,0.005635481756946401,2.820740672969058,0.1079912562027599
2021-04-15,15746.617579976084,0.005582440715261319,2.820740672969058,0.1079912562027599
2021-04-16,16395.111137406824,0.0058123425859455706,2.820740672969058,0.1079912562027599
2021-04-19,16562.522837826767,0.005871692848812426,2.820740672969058,0.1079912562027599
2021-04-20,16381.533490920863,0.005807529081954908,2.820740672969058,0.1079912562027599
2021-04-21,16618.950523012485,0.005923761195176522,2.805472735218398,0.12896518944605284
2021-04-22,17628.917022435402,0.006283759881581255,2.805472735218398,0.12896518944605284
2021-04-23,17273.752906558922,0.006157162994212528,2.805472735218398,0.12896518944605284
2021-04-26,16823.383858489215,0.005996630673788943,2.805472735218398,0.12896518944605284
2021-04-27,16484.651324641658,0.005875890760834065,2.805472735218398,0.12896518944605284
2021-04-28,16121.678089474444,0.005746510342835115,2.805472735218398,0.12896518944605284
2021-04-29,15708.150294568799,0.005599109945848738,2.805472735218398,0.12896518944605284
2021-04-30,15575.396548788991,0.005551790382156927,2.805472735218398,0.12896518944605284
2021-05-03,15315.530337385746,0.005455979960421715,2.807108979227619,0.12558456435433257
2021-05-04,14936.924659413527,0.0053211060810056075,2.807108979227619,0.12558456435433257
2021-05-05,14832.72554059213,0.005283986354057896,2.807108979227619,0.12558456435433257
2021-05-06,14591.97376654021,0.005198221328248972,2.807108979227619,0.12558456435433257
2021-05-07,14530.940201192208,0.005176478828830658,2.807108979227619,0.12558456435433257
2021-05-10,14732.021971833268,0.005248111876257405,2.807108979227619,0.12558456435433257
2021-05-11,14468.042496108492,0.005183472546300615,2.7911872527296726,0.14236063932098036
2021-05-12,14132.83886360846,0.0050633789796034265,2.7911872527296726,0.14236063932098036
2021-05-13,14031.560755105982,0.0050139875482093955,2.7984833668198794,0.13092374481700325
2021-05-14,14725.61493058864,0.005244553673139038,2.8077918252622007,0.11758103125442038
2021-05-17,14450.61300968486,0.005146611255033273,2.8077918252622007,0.11758103125442038
2021-05-18,14395.924094626072,0.0051126979434303966,2.815719656023144,0.10620170783729398
2021-05-19,14069.387233007561,0.004996728705896393,2.815719656023144,0.10620170783729398
2021-05-20,13951.17051237386,0.0049547441566246565,2.815719656023144,0.10620170783729398
2021-05-21,13676.120905798225,0.0049089235776035725,2.7859714435551677,0.12903449962022462
2021-05-24,13359.266636659635,0.004795191518406924,2.7859714435551677,0.12903449962022462
2021-05-25,13038.759517495182,0.004680148300750876,2.7859714435551677,0.12903449962022462
2021-05-26,12949.773430247993,0.004634340524762398,2.794307703772356,0.11824568294597071
2021-05-27,12646.319929989057,0.004525743500945275,2.794307703772356,0.11824568294597071
2021-05-28,12348.10151840765,0.004419019960377855,2.794307703772356,0.11824568294597071
2021-06-01,12133.07618410576,0.00434206875918709,2.794307703772356,0.11824568294597071
2021-06-02,11974.592755373262,0.004285352232042086,2.794307703772356,0.11824568294597071
2021-06-03,11777.41230649666,0.00421478718703634,2.794307703772356,0.11824568294597071
2021-06-04,12238.78751322302,0.004377163822356925,2.796054251091048,0.1146590997290388
2021-06-07,12603.374930500051,0.00450845012348065,2.7955005789816503,0.11365312101179834
2021-06-08,12344.80637699751,0.004415955578694424,2.7955005789816503,0.11365312101179834
2021-06-09,12196.59060525833,0.004362936175710371,2.7955005789816503,0.11365312101179834
2021-06-10,12039.007856391001,0.00430656603933761,2.7955005789816503,0.11365312101179834
2021-06-11,12308.69735791158,0.004412700992402561,2.789379425232691,0.12016401559679563
2021-06-14,12122.901405123646,0.004346092645360481,2.789379425232691,0.12016401559679563
2021-06-15,11913.297376961715,0.004270949039486768,2.789379425232691,0.12016401559679563
2021-06-16,11657.679003094156,0.004179309167350608,2.789379425232691,0.12016401559679563
2021-06-17,11398.839004212074,0.004086514334012189,2.789379425232691,0.12016401559679563
2021-06-18,15861.557849616103,0.005510622604310119,2.8783603938346327,0.1888042241142377
2021-06-21,16157.272858665776,0.005638571713872626,2.865490354394873,0.21025403646427626
2021-06-22,15939.20960483971,0.005562471910049655,2.865490354394873,0.21025403646427626
2021-06-23,15658.30041768547,0.005464440106619083,2.865490354394873,0.21025403646427626
2021-06-24,15261.870419724175,0.0053260938032182415,2.865490354394873,0.21025403646427626
2021-06-25,14879.994175999938,0.005192826474944551,2.865490354394873,0.21025403646427626
2021-06-28,14970.98786810468,0.0052245814909630765,2.865490354394873,0.21025403646427626
2021-06-29,14795.066511800072,0.005163188383834033,2.865490354394873,0.21025403646427626
2021-06-30,14572.520949626256,0.005085524342204127,2.865490354394873,0.21025403646427626
2021-07-01,14583.01985022506,0.005032793972842976,2.8975992120709155,0.1517913910443703
2021-07-02,14605.506141011423,0.0050405542906580445,2.8975992120709155,0.1517913910443703
2021-07-06,14378.268401401672,0.004962131526507946,2.8975992120709155,0.1517913910443703
2021-07-07,14518.988767272374,0.005010695995080578,2.8975992120709155,0.1517913910443703
2021-07-08,14189.023221646594,0.0048968204997218,2.8975992120709155,0.1517913910443703
2021-07-09,14913.752258983486,0.005183521446026531,2.87714682272912,0.19566492765137344
2021-07-12,17212.423541759323,0.005982462697344192,2.87714682272912,0.19566492765137344
2021-07-13,16961.5553589366,0.005895269308101455,2.87714682272912,0.19566492765137344
2021-07-14,16525.538403773986,0.005743724398499299,2.87714682272912,0.19566492765137344
2021-07-15,16181.769953635485,0.005624241983690722,2.87714682272912,0.19566492765137344
2021-07-16,16484.05581106766,0.005765278652643285,2.8591949850524556,0.23092947353009655
2021-07-19,17820.998366779957,0.006227712628349899,2.861564017205114,0.2541083058584999
2021-07-20,18066.297273372198,0.006313434598963656,2.861564017205114,0.2541083058584999
2021-07-21,17626.89846545804,0.006159882623445276,2.861564017205114,0.2541083058584999
2021-07-22,17380.66433034238,0.00607383382857814,2.861564017205114,0.2541083058584999
2021-07-23,16968.215514662264,0.005929699776989472,2.861564017205114,0.2541083058584999
2021-07-26,17068.946457407736,0.00596490113615524,2.861564017205114,0.2541083058584999
2021-07-27,16565.532235144805,0.005810349201384589,2.851039010047329,0.23306667454806101
2021-07-28,16328.823928160184,0.0057007066706345165,2.864350837813359,0.20841222383977825
2021-07-29,15896.871581080819,0.005554617332909766,2.861920205897118,0.21822110661741595
2021-07-30,15945.62726761496,0.0055716533377689085,2.861920205897118,0.21822110661741595
2021-08-02,16370.263882085603,0.005719142589800524,2.862363304471584,0.21273457542440655
2021-08-03,16193.897092732506,0.0056575267952305,2.862363304471584,0.21273457542440655
2021-08-04,15827.119071790048,0.005529388616415296,2.862363304471584,0.21273457542440655
2021-08-05,15729.881703244522,0.005495417607775819,2.862363304471584,0.21273457542440655
2021-08-06,15630.90053835214,0.005460837383547206,2.862363304471584,0.21273457542440655
2021-08-09,15236.435272456201,0.005323026342831408,2.862363304471584,0.21273457542440655
2021-08-10,15329.966365331122,0.005355702520844453,2.862363304471584,0.21273457542440655
2021-08-11,15039.314129380926,0.005260403004246885,2.858966150927833,0.2251170863159937
2021-08-12,14837.654739856685,0.005189867230516652,2.858966150927833,0.2251170863159937
2021-08-13,14608.636092067627,0.005109761823282385,2.858966150927833,0.2251170863159937
2021-08-16,14262.093199221797,0.004988549162987906,2.858966150927833,0.2251170863159937
2021-08-17,13980.645991830768,0.004890105462526573,2.858966150927833,0.2251170863159937
2021-08-18,14440.983356696066,0.005046996150846575,2.861302629341962,0.21456153503713254
2021-08-19,15238.273947940708,0.005305938283915882,2.871928230702031,0.19868372524777544
2021-08-20,15015.278121637617,0.005228291557260536,2.871928230702031,0.19868372524777544
2021-08-23,15170.879951536264,0.005282471821319785,2.871928230702031,0.19868372524777544
2021-08-24,16415.64919417248,0.005715898126799549,2.871928230702031,0.19868372524777544
2021-08-25,16415.494955962557,0.0057158444213453955,2.871928230702031,0.19868372524777544
2021-08-26,16398.655678889492,0.005709981016789167,2.871928230702031,0.19868372524777544
2021-08-27,16593.290344349924,0.005794914265346625,2.8634229230235886,0.21676739874968382
2021-08-30,17627.51400829371,0.006156098656107775,2.8634229230235886,0.21676739874968382
2021-08-31,17203.21330349059,0.006007919111482531,2.8634229230235886,0.21676739874968382
2021-09-01,16771.436714397776,0.005852657884745186,2.8656102995721193,0.21654600297998805
2021-09-02,16338.662683783437,0.005701634547524852,2.8656102995721193,0.21654600297998805
2021-09-03,15928.453067416413,0.005558485419247265,2.8656102995721193,0.21654600297998805
2021-09-07,16018.444820754397,0.005589889463736993,2.8656102995721193,0.21654600297998805
2021-09-08,15613.911768449529,0.005448721262197072,2.8656102995721193,0.21654600297998805
2021-09-09,15613.644226458462,0.0054486278991912555,2.8656102995721193,0.21654600297998805
2021-09-10,15454.683465563365,0.005393156029579804,2.8656102995721193,0.21654600297998805
2021-09-13,15408.650076138958,0.005377091950862862,2.8656102995721193,0.21654600297998805
2021-09-14,15355.64487892284,0.0053585949496397604,2.8656102995721193,0.21654600297998805
2021-09-15,15203.936559019738,0.005305653933924625,2.8656102995721193,0.21654600297998805
2021-09-16,14842.518764563802,0.005179531482972414,2.8656102995721193,0.21654600297998805
2021-09-17,14663.206803273988,0.005116957740368059,2.8656102995721193,0.21654600297998805
2021-09-20,14140.72015351158,0.005018687188932464,2.8176133760031146,0.25612461692960653
2021-09-21,13915.106450252517,0.0049386145625102025,2.8176133760031146,0.25612461692960653
2021-09-22,13763.629478938377,0.004819443740126913,2.8558543726409247,0.17767036587355195
2021-09-23,14671.178413972759,0.005102694943712298,2.875182344978519,0.1526240601019868
2021-09-24,14335.984951756396,0.004986113307489547,2.875182344978519,0.1526240601019868
2021-09-27,14125.591190452546,0.004942611623864328,2.8579205216631207,0.17026141453087593
2021-09-28,13786.544572254437,0.00482397759761058,2.8579205216631207,0.17026141453087593
2021-09-29,14521.859054286919,0.005081267636454829,2.8579205216631207,0.17026141453087593
2021-09-30,14239.508158782384,0.004982471713557636,2.8579205216631207,0.17026141453087593
2021-10-01,14025.003534978254,0.004907415524213608,2.8579205216631207,0.17026141453087593
2021-10-04,15041.966863920368,0.005234826394776456,2.8734413960565943,0.1536276908361338
2021-10-05,15487.522493609798,0.005389886327545885,2.8734413960565943,0.1536276908361338
2021-10-06,15180.89741800013,0.005283176277349466,2.8734413960565943,0.1536276908361338
2021-10-07,14974.10385061953,0.005211209064910612,2.8734413960565943,0.1536276908361338
2021-10-08,14752.7163594598,0.005134162951680827,2.8734413960565943,0.1536276908361338
2021-10-11,14478.797212753161,0.005038835047279312,2.8734413960565943,0.1536276908361338
2021-10-12,14242.348248089493,0.004956547319056226,2.8734413960565943,0.1536276908361338
2021-10-13,13959.120250638838,0.004857979797254896,2.8734413960565943,0.1536276908361338
2021-10-14,13629.983709126229,0.004743435424794645,2.8734413960565943,0.1536276908361338
2021-10-15,13355.356972040296,0.004647861268501491,2.8734413960565943,0.1536276908361338
2021-10-18,13362.490267618865,0.004650343760606031,2.8734413960565943,0.1536276908361338
2021-10-19,13046.572278033995,0.004540399639240471,2.8734413960565943,0.1536276908361338
2021-10-20,14474.344008977723,0.0050372852666637925,2.8734413960565943,0.1536276908361338
2021-10-21,14464.499056740851,0.005033859078034931,2.8734413960565943,0.1536276908361338
2021-10-22,14317.587405105183,0.004982731655760969,2.8734413960565943,0.1536276908361338
2021-10-25,14002.150103420809,0.0048729548208767525,2.8734413960565943,0.1536276908361338
2021-10-26,13965.519047946578,0.004860206673124549,2.8734413960565943,0.1536276908361338
2021-10-27,13716.263968896044,0.004770364818486594,2.8753071286584646,0.15343524503639988
2021-10-28,15403.729644838804,0.005293758822353712,2.9097905971451103,0.130055019571194
2021-10-29,16490.32229587274,0.0056671852304602,2.9097905971451103,0.130055019571194
2021-11-01,16082.539464585218,0.00552704358876007,2.9097905971451103,0.130055019571194
2021-11-02,15788.656781542226,0.005426045708248899,2.9097905971451103,0.130055019571194
2021-11-03,15479.338910677156,0.005319743257767221,2.9097905971451103,0.130055019571194
2021-11-04,15714.083948431105,0.005400417460915814,2.9097905971451103,0.130055019571194
2021-11-05,15434.726096590122,0.00530441129053535,2.9097905971451103,0.130055019571194
2021-11-08,15065.098957692851,0.0051773825142172455,2.9097905971451103,0.130055019571194
2021-11-09,15388.820284516138,0.005288634962122225,2.9097905971451103,0.130055019571194
2021-11-10,15559.34344910441,0.005347238204828273,2.9097905971451103,0.130055019571194
2021-11-11,15204.065281849253,0.00522514070145338,2.9097905971451103,0.130055019571194
2021-11-12,14887.175640370939,0.005116236080691589,2.9097905971451103,0.130055019571194
2021-11-15,16065.106777801315,0.00552105254363091,2.9097905971451103,0.130055019571194
2021-11-16,15827.051000482648,0.005442282510045888,2.9081641703214705,0.13414006598365974
2021-11-17,15430.409790364425,0.005305893645150967,2.9081641703214705,0.13414006598365974
2021-11-18,15265.838455273872,0.005249304221221588,2.9081641703214705,0.13414006598365974
2021-11-19,14940.067803557275,0.005137284874088036,2.9081641703214705,0.13414006598365974
2021-11-22,15416.592042257598,0.005303523315920773,2.9068585398650297,0.1336191691071737
2021-11-23,15273.760261666941,0.0052543871854101734,2.9068585398650297,0.1336191691071737
2021-11-24,14891.850740791531,0.005123004967927673,2.9068585398650297,0.1336191691071737
2021-11-26,14804.203375991952,0.00509285304839063,2.9068585398650297,0.1336191691071737
2021-11-29,14603.210997187902,0.005033276535686002,2.9013329376303743,0.1426275247283645
2021-11-30,14872.99728301389,0.005138831047334769,2.89423745322931,0.15219133290465525
2021-12-01,14801.634901049467,0.0051141743344293375,2.89423745322931,0.15219133290465525
2021-12-02,15488.036449120522,0.00535133578339932,2.89423745322931,0.15219133290465525
2021-12-03,15769.099401511898,0.0055093856612831995,2.862224641910273,0.212638236121846
2021-12-06,15456.709505980663,0.005400243321105895,2.862224641910273,0.212638236121846
2021-12-07,15079.346253928317,0.005268400681458823,2.862224641910273,0.212638236121846
2021-12-08,14823.821091156338,0.005179125661241878,2.862224641910273,0.212638236121846
2021-12-09,14473.29931474801,0.005056660858418299,2.862224641910273,0.212638236121846
2021-12-10,14203.294197017583,0.004962326852003547,2.862224641910273,0.212638236121846
2021-12-13,14169.86306941026,0.004950646731890748,2.862224641910273,0.212638236121846
2021-12-14,14197.385094394533,0.004960262338080871,2.862224641910273,0.212638236121846
2021-12-15,13876.974012916166,0.004848317567294283,2.862224641910273,0.212638236121846
2021-12-16,13587.341311220269,0.0047471261033347695,2.862224641910273,0.212638236121846
2021-12-17,13265.418039786884,0.004634653005758986,2.862224641910273,0.212638236121846
2021-12-20,13173.76792663645,0.004602632418762269,2.862224641910273,0.212638236121846
2021-12-21,12880.337607594078,0.004500114148621693,2.862224641910273,0.212638236121846
2021-12-22,12631.184061969321,0.004413065234998174,2.862224641910273,0.212638236121846
2021-12-23,12375.611527492294,0.0043237736641218725,2.862224641910273,0.212638236121846
2021-12-27,12570.667913312891,0.004391922188512472,2.862224641910273,0.212638236121846
2021-12-28,12842.192693249004,0.0044867871323607976,2.862224641910273,0.212638236121846
2021-12-29,12784.939379187312,0.004406311955159522,2.9015057284396146,0.1380577931801349
2021-12-30,12721.536623091904,0.004384460281570201,2.9015057284396146,0.1380577931801349
2021-12-31,12559.705573922918,0.0043286854307461025,2.9015057284396146,0.1380577931801349
2022-01-03,12427.578970582645,0.004283148176745461,2.9015057284396146,0.1380577931801349
2022-01-04,13686.455366196338,0.0047170182130078725,2.9015057284396146,0.1380577931801349
2022-01-05,13410.120713894392,0.004621779851217508,2.9015057284396146,0.1380577931801349
2022-01-06,16698.934636654565,0.005663920451767661,2.9482996413628957,0.18377060357607894
2022-01-07,16366.109081696562,0.00555103316233186,2.9482996413628957,0.18377060357607894
2022-01-10,15972.430642502755,0.005417505879802387,2.9482996413628957,0.18377060357607894
2022-01-11,15831.834649798477,0.00536981873473348,2.9482996413628957,0.18377060357607894
2022-01-12,15433.402733243225,0.005234679174640778,2.9482996413628957,0.18377060357607894
2022-01-13,15243.113629803342,0.0051102567006137386,2.9828469532602253,0.11762554711461956
2022-01-14,14923.802416378143,0.005003207556481086,2.9828469532602253,0.11762554711461956
2022-01-18,14661.635367348425,0.0049153160041695695,2.9828469532602253,0.11762554711461956
2022-01-19,15931.139048707653,0.005367428787599636,2.9681137243056384,0.1357382628641255
2022-01-20,15268.241960004903,0.0052336015019752305,2.9173489716866037,0.16864487421510316
2022-01-21,15011.799212892913,0.005145698837741087,2.9173489716866037,0.16864487421510316
2022-01-24,14658.345226829992,0.0050245429563250295,2.9173489716866037,0.16864487421510316
2022-01-25,14330.114018339507,0.004912032861826213,2.9173489716866037,0.16864487421510316
2022-01-26,14426.649627039229,0.004992627803086054,2.8895904513694766,0.20941762887978252
2022-01-27,14092.352503639104,0.004876937663245756,2.8895904513694766,0.20941762887978252
2022-01-28,15087.507979132919,0.005181912285410445,2.9115714717154617,0.17222138514448293
2022-01-31,18686.477297009125,0.006254481409893957,2.9876941144071525,0.14495691782848408
2022-02-01,18567.46628317703,0.006214647675490491,2.9876941144071525,0.14495691782848408
2022-02-02,18100.882470131677,0.006074412492220186,2.9798573102031534,0.1617943675839676
2022-02-03,17703.43547410766,0.005941034630581261,2.9798573102031534,0.1617943675839676
2022-02-04,18134.419171782723,0.0060856669578404745,2.9798573102031534,0.1617943675839676
2022-02-07,18720.906089569224,0.006282484072464838,2.9798573102031534,0.1617943675839676
2022-02-08,18240.652265509165,0.006121317354039881,2.9798573102031534,0.1617943675839676
2022-02-09,17778.55954972468,0.005966245259076724,2.9798573102031534,0.1617943675839676
2022-02-10,17959.376228170324,0.006039957900371903,2.97342738548964,0.1756094715751031
2022-02-11,19383.781567373913,0.006519002838934958,2.97342738548964,0.1756094715751031
2022-02-14,19204.094931206157,0.0064585720253073475,2.97342738548964,0.1756094715751031
2022-02-15,19092.88967545875,0.006421172337563136,2.97342738548964,0.1756094715751031
2022-02-16,19178.037026648464,0.006449808433270476,2.97342738548964,0.1756094715751031
2022-02-17,18682.599160754467,0.006283186618891643,2.97342738548964,0.1756094715751031
2022-02-18,19888.935455455983,0.006688892270419725,2.97342738548964,0.1756094715751031
2022-02-22,20245.789620731157,0.006818871618405802,2.9690820935949023,0.1817495948575667
2022-02-23,18976.51816515438,0.006637744404707277,2.858880518462994,0.18658428971444108
2022-02-24,18749.41376923695,0.00657629750275051,2.851059241373293,0.20346892147681106
2022-02-25,18495.19436005599,0.00648713085005812,2.851059241373293,0.20346892147681106
2022-02-28,18111.74582076075,0.00635263748922899,2.851059241373293,0.20346892147681106
2022-03-01,18027.250384256426,0.006323000982460502,2.851059241373293,0.20346892147681106
2022-03-02,17680.967833451712,0.0061924182317763836,2.85526060606208,0.19805010511708993
2022-03-03,17499.79803966308,0.006128967003050018,2.85526060606208,0.19805010511708993
2022-03-04,17076.64287582598,0.005980765062064773,2.85526060606208,0.19805010511708993
2022-03-07,17346.21812669377,0.0060916420945466955,2.8475438736333993,0.21308026155561358
2022-03-08,17035.07422655382,0.005982374629690065,2.8475438736333993,0.21308026155561358
2022-03-09,17164.65303581012,0.0061564401061883975,2.788080894112227,0.23050906170232832
2022-03-10,16883.162767924536,0.006055478090172282,2.788080894112227,0.23050906170232832
2022-03-11,16474.29595303967,0.005908829972555501,2.788080894112227,0.23050906170232832
2022-03-14,16165.453941847263,0.00579805771632556,2.788080894112227,0.23050906170232832
2022-03-15,16066.551808359915,0.005762584522668875,2.788080894112227,0.23050906170232832
2022-03-16,16217.278923331573,0.005839100067498766,2.7773593080891312,0.25545172989273757
2022-03-17,16039.22729609498,0.005774991823845158,2.7773593080891312,0.25545172989273757
2022-03-18,15940.162837760841,0.00573932324540606,2.7773593080891312,0.25545172989273757
2022-03-21,15690.096880128027,0.0056492859366198,2.7773593080891312,0.25545172989273757
2022-03-22,17454.845709938756,0.0062846912385808576,2.7773593080891312,0.25545172989273757
2022-03-23,17952.461717750506,0.006437008892393828,2.7889446818946757,0.22638855238849767
2022-03-24,18905.706352453297,0.00676140493624897,2.796121003062069,0.21691458332014135
2022-03-25,19459.394003124715,0.007027864373561644,2.7688915108165224,0.2349111897536173
2022-03-28,20929.37535405727,0.007510513540326666,2.786677001736283,0.19917705506745065
2022-03-29,20363.685472374527,0.007307515531827553,2.786677001736283,0.19917705506745065
2022-03-30,20790.516664723014,0.007460684051926059,2.786677001736283,0.19917705506745065
2022-03-31,20868.31792097754,0.007488603059477365,2.786677001736283,0.19917705506745065
2022-04-01,23809.61481893236,0.008428727712598599,2.824817176540609,0.1905098929410875
2022-04-04,23333.450338446964,0.00826016300531778,2.824817176540609,0.1905098929410875
2022-04-05,22753.673344436607,0.008054918928346973,2.824817176540609,0.1905098929410875
2022-04-06,22605.23321945682,0.008002370350615096,2.824817176540609,0.1905098929410875
2022-04-07,22213.214407218144,0.007863593648358294,2.824817176540609,0.1905098929410875
2022-04-08,21607.704978232337,0.007693348990365551,2.8086214476025795,0.19785694736188328
2022-04-11,21124.63151268268,0.007521352345548214,2.8086214476025795,0.19785694736188328
2022-04-12,21972.030364929164,0.007823065790402029,2.8086214476025795,0.19785694736188328
2022-04-13,21620.103631585243,0.007697763488219468,2.8086214476025795,0.19785694736188328
2022-04-14,21425.18600954152,0.007666365428471466,2.7946992886580038,0.19831243350488828
2022-04-18,22320.393199092712,0.007986688689433495,2.7946992886580038,0.19831243350488828
2022-04-19,21710.445392866714,0.007768437012517338,2.7946992886580038,0.19831243350488828
2022-04-20,21139.518912976262,0.007564147956371836,2.7946992886580038,0.19831243350488828
2022-04-21,21085.234750089727,0.007544723983600653,2.7946992886580038,0.19831243350488828
2022-04-22,21109.904528050207,0.007553551329734315,2.7946992886580038,0.19831243350488828
2022-04-25,21341.505731813148,0.007636422930519011,2.7946992886580038,0.19831243350488828
2022-04-26,23358.41088897577,0.008303674496792814,2.81302101834527,0.19674987431657792
2022-04-27,23680.56752097874,0.008381382154306725,2.8253773763090635,0.17539240179769688
2022-04-28,23141.91958663153,0.008190735786545802,2.8253773763090635,0.17539240179769688
2022-04-29,23130.25530013725,0.008186607387064697,2.8253773763090635,0.17539240179769688
2022-05-02,24690.900604601622,0.008738974415112158,2.8253773763090635,0.17539240179769688
2022-05-03,24009.59754751927,0.008497837403541559,2.8253773763090635,0.17539240179769688
2022-05-04,23631.8325337341,0.0083641331355904,2.8253773763090635,0.17539240179769688
2022-05-05,24844.74561009259,0.008790929739648772,2.8261795220632964,0.1807290101266712
2022-05-06,30283.29315744306,0.01071527584183126,2.8261795220632964,0.1807290101266712
2022-05-09,29709.360530938076,0.01051219864095834,2.8261795220632964,0.1807290101266712
2022-05-10,29306.967066983136,0.010369817924937453,2.8261795220632964,0.1807290101266712
2022-05-11,28910.368035561925,0.010229487479427868,2.8261795220632964,0.1807290101266712
2022-05-12,28170.66037037468,0.009967753339960602,2.8261795220632964,0.1807290101266712
2022-05-13,28122.866915346633,0.009950842363621365,2.8261795220632964,0.1807290101266712
2022-05-16,28047.018222138737,0.00992400447430267,2.8261795220632964,0.1807290101266712
2022-05-17,27274.25641991623,0.009650574638657148,2.8261795220632964,0.1807290101266712
2022-05-18,27076.65011419526,0.009580654697557051,2.8261795220632964,0.1807290101266712
2022-05-19,26411.810623360747,0.009345411505946514,2.8261795220632964,0.1807290101266712
2022-05-20,26034.810849460027,0.009212015955183523,2.8261795220632964,0.1807290101266712
2022-05-23,25381.141751973733,0.008980725234837112,2.8261795220632964,0.1807290101266712
2022-05-24,24971.901859863196,0.00883592201589235,2.8261795220632964,0.1807290101266712
2022-05-25,24372.57518628223,0.008623859523434892,2.8261795220632964,0.1807290101266712
2022-05-26,23776.832876873268,0.008413065302912753,2.8261795220632964,0.1807290101266712
2022-05-27,23129.227340021018,0.008183920079901777,2.8261795220632964,0.1807290101266712
2022-05-31,22694.912605203768,0.008030244514911421,2.8261795220632964,0.1807290101266712
2022-06-01,22217.866948318733,0.007861449272726395,2.8261795220632964,0.1807290101266712
2022-06-02,21698.10954697447,0.0076775411390474675,2.8261795220632964,0.1807290101266712
2022-06-03,21326.3400720967,0.007545996248860749,2.8261795220632964,0.1807290101266712
2022-06-06,21017.039586926585,0.007436555046433415,2.8261795220632964,0.1807290101266712
2022-06-07,19543.75322900679,0.00731021963154392,2.6734837274484384,0.10687609547443691
2022-06-08,19093.68879920018,0.0071418758241042725,2.6734837274484384,0.10687609547443691
2022-06-09,18631.02596313251,0.00696881966097242,2.6734837274484384,0.10687609547443691
2022-06-10,18288.39279592199,0.006840659850724565,2.6734837274484384,0.10687609547443691
2022-06-13,18841.423230792272,0.0070475174534817345,2.6734837274484384,0.10687609547443691
2022-06-14,23945.5977138284,0.008956702248822728,2.6734837274484384,0.10687609547443691
2022-06-15,23289.426694284415,0.008711265550328128,2.6734837274484384,0.10687609547443691
2022-06-16,24465.397923243305,0.009149276267814435,2.6740254865085147,0.1119703664195026
2022-06-17,24981.026147357315,0.009342104730637828,2.6740254865085147,0.1119703664195026
2022-06-21,24436.169386015772,0.009138345729801614,2.6740254865085147,0.1119703664195026
2022-06-22,24059.785530446574,0.00899759020691367,2.6740254865085147,0.1119703664195026
2022-06-23,24193.966882789446,0.009059677094473941,2.6705109498380293,0.11790902939670195
2022-06-24,24293.190252989385,0.00914466762312325,2.656541632148719,0.14281098035775913
2022-06-27,24519.916093585744,0.009267069760347895,2.6459190151456506,0.16229233932672346
2022-06-28,24153.529296724122,0.009128597344992639,2.6459190151456506,0.16229233932672346
2022-06-29,24130.938360580138,0.009120059314911343,2.6459190151456506,0.16229233932672346
2022-06-30,24084.536511776947,0.009102522176194103,2.6459190151456506,0.16229233932672346
2022-07-01,25402.07001346282,0.009579369036642318,2.6517477212013274,0.15830260440107424
2022-07-05,25159.8172791043,0.009488013161261844,2.6517477212013274,0.15830260440107424
2022-07-06,25081.441591406117,0.009458456922909473,2.6517477212013274,0.15830260440107424
2022-07-07,24388.959257199273,0.009197315062139578,2.6517477212013274,0.15830260440107424
2022-07-08,24403.310174559032,0.009202726933429228,2.6517477212013274,0.15830260440107424
2022-07-11,23761.341009997224,0.008960634082955889,2.6517477212013274,0.15830260440107424
2022-07-12,24390.000622997217,0.00923210721023361,2.6418671347275278,0.17741698610446952
2022-07-13,24343.21173843681,0.009214396673641757,2.6418671347275278,0.17741698610446952
2022-07-14,24026.882619714735,0.009094659721482466,2.6418671347275278,0.17741698610446952
2022-07-15,23419.635794423473,0.008864804549241228,2.6418671347275278,0.17741698610446952
2022-07-18,22771.956285761466,0.008619644790770327,2.6418671347275278,0.17741698610446952
2022-07-19,22153.524157715903,0.008385555755816137,2.6418671347275278,0.17741698610446952
2022-07-20,23938.686560589766,0.009061275734087479,2.6418671347275278,0.17741698610446952
2022-07-21,23465.233998017582,0.00888206438906993,2.6418671347275278,0.17741698610446952
2022-07-22,22840.28824000576,0.008645509813786083,2.6418671347275278,0.17741698610446952
2022-07-25,24782.93762218321,0.009310134346073357,2.661931256946433,0.16028386559826557
2022-07-26,24127.814392834167,0.00906402610130202,2.661931256946433,0.16028386559826557
2022-07-27,23920.199119993325,0.00898603187350254,2.661931256946433,0.16028386559826557
2022-07-28,25012.767246601805,0.009396473774944349,2.661931256946433,0.16028386559826557
2022-07-29,24798.234103609964,0.00931588073091588,2.661931256946433,0.16028386559826557
2022-08-01,25391.411718180712,0.009538718046125588,2.661931256946433,0.16028386559826557
2022-08-02,25035.22931792934,0.009404912036176273,2.661931256946433,0.16028386559826557
2022-08-03,24472.705485940518,0.009193590338622704,2.661931256946433,0.16028386559826557
2022-08-04,24961.819973549453,0.009377334560541496,2.661931256946433,0.16028386559826557
2022-08-05,24269.303293558012,0.009117178826547882,2.661931256946433,0.16028386559826557
2022-08-08,24072.43105970107,0.009073580535723469,2.653024455442461,0.17133104833956492
2022-08-09,23659.72068593328,0.008918018315812097,2.653024455442461,0.17133104833956492
2022-08-10,23009.74671155845,0.00867302473007961,2.653024455442461,0.17133104833956492
2022-08-11,25304.965237059296,0.00953815754888661,2.653024455442461,0.17133104833956492
2022-08-12,25144.298154550168,0.009477597578480181,2.653024455442461,0.17133104833956492
2022-08-15,24498.331201063862,0.009234114352322518,2.653024455442461,0.17133104833956492
2022-08-16,24237.311284688305,0.009135728558765245,2.653024455442461,0.17133104833956492
2022-08-17,23570.193183816293,0.008884272866563285,2.653024455442461,0.17133104833956492
2022-08-18,22923.14566935176,0.008640382346392177,2.653024455442461,0.17133104833956492
2022-08-19,22311.61533262209,0.008409879255674274,2.653024455442461,0.17133104833956492
2022-08-22,21707.158269774824,0.008182042282062036,2.653024455442461,0.17133104833956492
2022-08-23,21221.248357320186,0.00799888908441328,2.653024455442461,0.17133104833956492
2022-08-24,20641.537889455758,0.007780379802798781,2.653024455442461,0.17133104833956492
2022-08-25,20179.04029986675,0.007606051372225805,2.653024455442461,0.17133104833956492
2022-08-26,20117.599450290607,0.007582892577194685,2.653024455442461,0.17133104833956492
2022-08-29,19655.176684763897,0.0074085923499283704,2.653024455442461,0.17133104833956492
2022-08-30,19543.375050973562,0.007366451150075884,2.653024455442461,0.17133104833956492
2022-08-31,17780.12420207433,0.007167458229904505,2.4806735709865757,0.030071044341314683
2022-09-01,17344.85556034892,0.0069919943370262885,2.4806735709865757,0.030071044341314683
2022-09-02,16986.001002962363,0.006900834435337567,2.4614416071165257,0.042511061988810314
2022-09-06,16558.451775661666,0.006727135727204673,2.4614416071165257,0.042511061988810314
2022-09-07,17424.000647641624,0.007032597391172581,2.477605311163196,0.008225103852984434
2022-09-08,18058.620673799447,0.007315394317705818,2.468577890612302,0.030637243860270183
2022-09-09,17592.564708346785,0.007126598992581577,2.468577890612302,0.030637243860270183
2022-09-12,17120.902148798352,0.0069355324836647995,2.468577890612302,0.030637243860270183
2022-09-13,16790.1679538239,0.006801554861880131,2.468577890612302,0.030637243860270183
2022-09-14,18977.18598374178,0.007687497346512615,2.468577890612302,0.030637243860270183
2022-09-15,19001.044502360397,0.007697162230375242,2.468577890612302,0.030637243860270183
2022-09-16,18570.008728632896,0.007522553288373989,2.468577890612302,0.030637243860270183
2022-09-19,18305.139445696546,0.0074152569847233665,2.468577890612302,0.030637243860270183
2022-09-20,17811.58588273216,0.007215322615691987,2.468577890612302,0.030637243860270183
2022-09-21,18338.887691474454,0.007428928113313737,2.468577890612302,0.030637243860270183
2022-09-22,17944.713531535763,0.007269251498920614,2.468577890612302,0.030637243860270183
2022-09-23,19398.334884054584,0.007858101199813896,2.468577890612302,0.030637243860270183
2022-09-26,18950.782566960745,0.007676801545954146,2.468577890612302,0.030637243860270183
2022-09-27,18892.934261078695,0.007653367687090693,2.468577890612302,0.030637243860270183
2022-09-28,18550.771133473743,0.007514760301475616,2.468577890612302,0.030637243860270183
2022-09-29,19498.663980587746,0.007884609810962988,2.4730030335142574,0.028495272233188387
2022-09-30,18966.88631420273,0.007669576647162403,2.4730030335142574,0.028495272233188387
2022-10-03,18582.299188788387,0.007514062432176656,2.4730030335142574,0.028495272233188387
2022-10-04,18232.20136917538,0.007372494542906619,2.4730030335142574,0.028495272233188387
2022-10-05,18775.966126252744,0.007592374886645888,2.4730030335142574,0.028495272233188387
2022-10-06,19208.643861769873,0.007767335341466791,2.4730030335142574,0.028495272233188387
2022-10-07,18685.672997280748,0.007555863354816634,2.4730030335142574,0.028495272233188387
2022-10-10,19265.42933464024,0.00782484932159561,2.4620831076542338,0.040821354553163436
2022-10-11,19321.633052261735,0.00784767703096365,2.4620831076542338,0.040821354553163436
2022-10-12,18843.82199101798,0.007653609227257791,2.4620831076542338,0.040821354553163436
2022-10-13,18371.26686594527,0.0074616761752809456,2.4620831076542338,0.040821354553163436
2022-10-14,18164.688350006938,0.0073777722179790535,2.4620831076542338,0.040821354553163436
2022-10-17,18203.142988169,0.0073933909588909715,2.4620831076542338,0.040821354553163436
2022-10-18,18112.212732528882,0.007356458714257381,2.4620831076542338,0.040821354553163436
2022-10-19,17837.368867735113,0.007244828093853333,2.4620831076542338,0.040821354553163436
2022-10-20,17423.773042884142,0.007076841959037183,2.4620831076542338,0.040821354553163436
2022-10-21,16841.164668481113,0.00688915365679024,2.444591238269414,0.05149659036876458
2022-10-24,17451.8828349958,0.0071389779042775325,2.444591238269414,0.05149659036876458
2022-10-25,17975.18571480731,0.007353043500038226,2.444591238269414,0.05149659036876458
2022-10-26,17500.66186785162,0.0071589317649034725,2.444591238269414,0.05149659036876458
2022-10-27,17629.982021982953,0.0072507719621832615,2.431462762024919,0.0812758456910738
2022-10-28,17782.046866813656,0.007313312440781447,2.431462762024919,0.0812758456910738
2022-10-31,19742.646040231622,0.008119657988835483,2.431462762024919,0.0812758456910738
2022-11-01,19291.08692389822,0.007933942984934973,2.431462762024919,0.0812758456910738
2022-11-02,19166.16552990065,0.007882565930781146,2.431462762024919,0.0812758456910738
2022-11-03,23010.372200457816,0.0092562944612289,2.4859161835051293,0.09455510415456717
2022-11-04,23039.04671004445,0.009267829246583653,2.4859161835051293,0.09455510415456717
2022-11-07,24749.541360734267,0.009955903390852679,2.4859161835051293,0.09455510415456717
2022-11-08,24588.837434558875,0.009891257636807664,2.4859161835051293,0.09455510415456717
2022-11-09,23885.38921360508,0.009690540696899248,2.4648149118498477,0.09607861900476174
2022-11-10,23514.703205150723,0.009540149685114855,2.4648149118498477,0.09607861900476174
2022-11-11,22877.914946645375,0.009281798335711732,2.4648149118498477,0.09607861900476174
2022-11-14,22839.90173985573,0.009266375998477851,2.4648149118498477,0.09607861900476174
2022-11-15,22439.05042949963,0.009069362358803894,2.4741596533208745,0.07274663250659001
2022-11-16,21818.922774154336,0.008818720628989514,2.4741596533208745,0.07274663250659001
2022-11-17,23395.581077502844,0.009408908295371715,2.4865351370266024,0.06348295721548153
2022-11-18,22853.536334486274,0.009190916305254598,2.4865351370266024,0.06348295721548153
2022-11-21,22252.31716894941,0.008949126371710444,2.4865351370266024,0.06348295721548153
2022-11-22,21878.741737489196,0.008798887018203081,2.4865351370266024,0.06348295721548153
2022-11-23,21274.226629265762,0.008555771568426527,2.4865351370266024,0.06348295721548153
2022-11-25,20762.663397238844,0.008350038207007533,2.4865351370266024,0.06348295721548153
2022-11-28,20304.39134590626,0.008165736748922937,2.4865351370266024,0.06348295721548153
2022-11-29,21191.86571476746,0.008528873173591271,2.484720464643063,0.07448850864876697
2022-11-30,20676.0861033493,0.008321292635354648,2.484720464643063,0.07448850864876697
2022-12-01,23769.207670799908,0.009566149596717078,2.484720464643063,0.07448850864876697
2022-12-02,23385.455099941413,0.009411704629438385,2.484720464643063,0.07448850864876697
2022-12-05,22755.78680590464,0.00915828847941395,2.484720464643063,0.07448850864876697
2022-12-06,23699.92752067844,0.00949716601140463,2.495473648898891,0.04967210184591306
2022-12-07,25696.25444831981,0.01022090446946216,2.514088114715741,0.030625519386077438
2022-12-08,25293.74563435803,0.010060803154155917,2.514088114715741,0.030625519386077438
2022-12-09,25292.475336127478,0.010060297882195432,2.514088114715741,0.030625519386077438
2022-12-12,24616.66752389173,0.009791489558302554,2.514088114715741,0.030625519386077438
2022-12-13,24948.37309363225,0.00992342827906534,2.514088114715741,0.030625519386077438
2022-12-14,24304.68410171938,0.00966739549002141,2.514088114715741,0.030625519386077438
2022-12-15,23962.128661139297,0.009531141140551714,2.514088114715741,0.030625519386077438
2022-12-16,29998.03474853399,0.011585781240365665,2.5892112172823323,0.026296737921797087
2022-12-19,29369.823225787688,0.01134315463711555,2.5892112172823323,0.026296737921797087
2022-12-20,28609.47878191837,0.011049495920208173,2.5892112172823323,0.026296737921797087
2022-12-21,28754.173947964126,0.011105379799082153,2.5892112172823323,0.026296737921797087
2022-12-22,27954.728977680163,0.010796619754730473,2.5892112172823323,0.026296737921797087
2022-12-23,27505.08574413838,0.010622959440523378,2.5892112172823323,0.026296737921797087
2022-12-27,26984.7679760371,0.010422003348324993,2.5892112172823323,0.026296737921797087
2022-12-28,26577.954362224053,0.010264884604555592,2.5892112172823323,0.026296737921797087
2022-12-29,25848.22357299868,0.009983049432378596,2.5892112172823323,0.026296737921797087
2022-12-30,25130.562160741087,0.009705875670938283,2.5892112172823323,0.026296737921797087
2023-01-03,24556.302324390424,0.009484086180564682,2.5892112172823323,0.026296737921797087
2023-01-04,24106.513348247707,0.009310369577940496,2.5892112172823323,0.026296737921797087
2023-01-05,23952.85510616863,0.009251023997690632,2.5892112172823323,0.026296737921797087
2023-01-06,23426.33036020776,0.009047670658864334,2.5892112172823323,0.026296737921797087
2023-01-09,22896.3484192297,0.008842982089063397,2.5892112172823323,0.026296737921797087
2023-01-10,22309.30044681915,0.008616253590247947,2.5892112172823323,0.026296737921797087
2023-01-11,22449.170718189136,0.008670274007908887,2.5892112172823323,0.026296737921797087
2023-01-12,21637.097074170288,0.008451071389597584,2.560278582050954,0.053209547175610175
2023-01-13,21275.694039985498,0.008309913690307189,2.560278582050954,0.053209547175610175
2023-01-17,21803.223183240072,0.008515957339991586,2.560278582050954,0.053209547175610175
2023-01-18,21202.796325060306,0.008281441118831471,2.560278582050954,0.053209547175610175
2023-01-19,26172.28745119966,0.009954444803022324,2.6292061455053073,0.04055167865194992
2023-01-20,25440.72285888692,0.00967619937385985,2.6292061455053073,0.04055167865194992
2023-01-23,27064.62000592851,0.010293837191958548,2.6292061455053073,0.04055167865194992
2023-01-24,27579.04529674362,0.010489495220407376,2.6292061455053073,0.04055167865194992
2023-01-25,26996.059958001057,0.01026328706114543,2.6303522250880285,0.03788376803239709
2023-01-26,26254.191991284646,0.009981245758980439,2.6303522250880285,0.03788376803239709
2023-01-27,26330.883317786578,0.010010402054388506,2.6303522250880285,0.03788376803239709
2023-01-30,25682.369947439176,0.009763852043267582,2.6303522250880285,0.03788376803239709
2023-01-31,25955.510141413462,0.009896149031194993,2.6227889312898967,0.06191431851644757
2023-02-01,26487.82658656221,0.010099107202475269,2.6227889312898967,0.06191431851644757
2023-02-02,25825.11861130435,0.009846434191943714,2.6227889312898967,0.06191431851644757
2023-02-03,26495.471501287313,0.010102022006115739,2.6227889312898967,0.06191431851644757
2023-02-06,25911.62071000981,0.009879415152658276,2.6227889312898967,0.06191431851644757
2023-02-07,25375.10789663807,0.009674857017243285,2.6227889312898967,0.06191431851644757
2023-02-08,24781.510161405808,0.009448533912036212,2.6227889312898967,0.06191431851644757
2023-02-09,24274.20155287552,0.00925511056695568,2.6227889312898967,0.06191431851644757
2023-02-10,23600.994363522266,0.008998434483980841,2.6227889312898967,0.06191431851644757
2023-02-13,23219.36268561672,0.008852928426153362,2.6227889312898967,0.06191431851644757
2023-02-14,22617.638955179413,0.00862350709405197,2.6227889312898967,0.06191431851644757
2023-02-15,22007.321961097325,0.008390809377967767,2.6227889312898967,0.06191431851644757
2023-02-16,21403.3385085598,0.00816052647363948,2.6227889312898967,0.06191431851644757
2023-02-17,20834.558121724433,0.007943665566515079,2.6227889312898967,0.06191431851644757
2023-02-21,20465.627777594997,0.007803002191079832,2.6227889312898967,0.06191431851644757
2023-02-22,20962.641955152627,0.00799250054210162,2.6227889312898967,0.06191431851644757
2023-02-23,20058.176615157055,0.007874133683941787,2.547350276267591,0.06806681084488106
2023-02-24,20042.67460612093,0.007868048141179746,2.547350276267591,0.06806681084488106
2023-02-27,19613.760636519164,0.007699671623196434,2.547350276267591,0.06806681084488106
2023-02-28,19248.254279377856,0.007556186700629424,2.547350276267591,0.06806681084488106
2023-03-01,18771.401003830157,0.007368990899568883,2.547350276267591,0.06806681084488106
2023-03-02,18726.89508543045,0.007351519443517336,2.547350276267591,0.06806681084488106
2023-03-03,18405.172911728932,0.0072252226492763374,2.547350276267591,0.06806681084488106
2023-03-06,19092.925115119113,0.007491474983486174,2.54862028601932,0.06541087071882803
2023-03-07,18586.6395910983,0.0072928241578617825,2.54862028601932,0.06541087071882803
2023-03-08,18124.147949917897,0.007111356701247141,2.54862028601932,0.06541087071882803
2023-03-09,17802.396890981337,0.006985111508622115,2.54862028601932,0.06541087071882803
2023-03-10,17695.6052897813,0.006943209777797067,2.54862028601932,0.06541087071882803
2023-03-13,17514.77881163357,0.006872259044516135,2.54862028601932,0.06541087071882803
2023-03-14,17130.70176080169,0.006721559054824156,2.54862028601932,0.06541087071882803
2023-03-15,16729.05888838091,0.006563966778476037,2.54862028601932,0.06541087071882803
2023-03-16,16475.305770193194,0.006464401880723437,2.54862028601932,0.06541087071882803
2023-03-17,16949.65881938666,0.006638828151977903,2.5531100416173382,0.052406008129403506
2023-03-20,16540.022025743303,0.006462760824544541,2.5592811609129837,0.03818201100544567
2023-03-21,16667.908407167437,0.006512730473591819,2.5592811609129837,0.03818201100544567
2023-03-22,16383.889492623626,0.006401754423409629,2.5592811609129837,0.03818201100544567
2023-03-23,16491.83674302583,0.0064439331617408635,2.5592811609129837,0.03818201100544567
2023-03-24,16114.579852100891,0.006296525797248578,2.5592811609129837,0.03818201100544567
2023-03-27,15847.407112786104,0.006202131864932287,2.5551548173926357,0.04482807545031108
2023-03-28,15751.073349897593,0.00616443013264085,2.5551548173926357,0.04482807545031108
2023-03-29,15367.931018988153,0.006014481359164802,2.5551548173926357,0.04482807545031108
2023-03-30,15247.799210953135,0.005967465887844906,2.5551548173926357,0.04482807545031108
2023-03-31,14955.770398638582,0.005853175822003593,2.5551548173926357,0.04482807545031108
2023-04-03,14645.378772938586,0.005731699180515102,2.5551548173926357,0.04482807545031108
2023-04-04,14335.416334971229,0.005610390508391801,2.5551548173926357,0.04482807545031108
2023-04-05,14106.105228198496,0.005520646002418293,2.5551548173926357,0.04482807545031108
2023-04-06,14122.84354142901,0.005527196804395762,2.5551548173926357,0.04482807545031108
2023-04-10,13806.768207390522,0.005403495754311828,2.5551548173926357,0.04482807545031108
2023-04-11,14032.31573908336,0.0054917673260215195,2.5551548173926357,0.04482807545031108
2023-04-12,13722.502252318905,0.005370516948292707,2.5551548173926357,0.04482807545031108
2023-04-13,13480.528925397633,0.005275816883437854,2.5551548173926357,0.04482807545031108
2023-04-14,16637.8375963873,0.006511479258765658,2.5551548173926357,0.04482807545031108
2023-04-17,16292.203836873932,0.0063436013300090235,2.5682893658215997,0.013421826007288449
2023-04-18,16268.779914105235,0.006334480892460039,2.5682893658215997,0.013421826007288449
2023-04-19,15883.052880757681,0.006184292584833667,2.5682893658215997,0.013421826007288449
2023-04-20,15470.849612835988,0.006023795378635942,2.5682893658215997,0.013421826007288449
2023-04-21,16061.17663424761,0.006264345823711333,2.563903252827142,0.025924261777178215
2023-04-24,15640.801640356676,0.006100386831332273,2.563903252827142,0.025924261777178215
2023-04-25,15271.425031894802,0.005956318755419278,2.563903252827142,0.025924261777178215
2023-04-26,20360.680296731236,0.007642568218423446,2.6641149564944753,0.04442489562199261
2023-04-27,20145.400986822166,0.007561761153629086,2.6641149564944753,0.04442489562199261
2023-04-28,25964.870008968974,0.009746152261813188,2.6641149564944753,0.04442489562199261
2023-05-01,25257.547316344782,0.009480652197373436,2.6641149564944753,0.04442489562199261
2023-05-02,25114.983200462255,0.009427139448032425,2.6641149564944753,0.04442489562199261
2023-05-03,25028.205354378788,0.009394566587063374,2.6641149564944753,0.04442489562199261
2023-05-04,24388.739906055096,0.00915453736206134,2.6641149564944753,0.04442489562199261
2023-05-05,23800.760237218306,0.008933833796922969,2.6641149564944753,0.04442489562199261
2023-05-08,23155.377546614436,0.008691583480722994,2.6641149564944753,0.04442489562199261
2023-05-09,22750.93883109503,0.008539773696939647,2.6641149564944753,0.04442489562199261
2023-05-10,22102.454242473454,0.008307811879124322,2.6604423118934593,0.05182179350563631
2023-05-11,22281.148727081145,0.008374979088053769,2.6604423118934593,0.05182179350563631
2023-05-12,21996.256964308694,0.008267894727870935,2.6604423118934593,0.05182179350563631
2023-05-15,21430.425765531083,0.008055211597607944,2.6604423118934593,0.05182179350563631
2023-05-16,20928.05197689242,0.007866380670362196,2.6604423118934593,0.05182179350563631
2023-05-17,20371.886658400705,0.007657330725544603,2.6604423118934593,0.05182179350563631
2023-05-18,19889.831296690034,0.007476137034722723,2.6604423118934593,0.05182179350563631
2023-05-19,19612.65952806292,0.007371954445463778,2.6604423118934593,0.05182179350563631
2023-05-22,19262.076560315945,0.007240178249385517,2.6604423118934593,0.05182179350563631
2023-05-23,18778.34556711123,0.007058354726641874,2.6604423118934593,0.05182179350563631
2023-05-24,18666.21113728232,0.007016205934567857,2.6604423118934593,0.05182179350563631
2023-05-25,18219.674104361286,0.006848362778967453,2.6604423118934593,0.05182179350563631
2023-05-26,18120.372568968523,0.006811037581217877,2.6604423118934593,0.05182179350563631
2023-05-30,17684.210159402886,0.006647094011528062,2.6604423118934593,0.05182179350563631
2023-05-31,17995.92289826567,0.006779854159844294,2.654323009608656,0.0681103242420837
2023-06-01,18090.915256390817,0.006792107910288019,2.663519999290423,0.042232083765138706
2023-06-02,17660.83838797075,0.0066306385507432656,2.663519999290423,0.042232083765138706
2023-06-05,19578.892273208938,0.007350758499438663,2.663519999290423,0.042232083765138706
2023-06-06,19109.087630252896,0.007174373624130349,2.663519999290423,0.042232083765138706
2023-06-07,18757.535962526465,0.007021961702641125,2.6712671980924236,0.022224450596958968
2023-06-08,18258.158706981307,0.006835017747389563,2.6712671980924236,0.022224450596958968
2023-06-09,18082.346453331138,0.006769201698071951,2.6712671980924236,0.022224450596958968
2023-06-12,17751.16319711832,0.00664522186690818,2.6712671980924236,0.022224450596958968
2023-06-13,17821.33723407626,0.006671491809880584,2.6712671980924236,0.022224450596958968
2023-06-14,18467.409159902538,0.007267153217515323,2.5412164305814158,-0.03543084044861178
2023-06-15,17972.379852511363,0.007083788770419437,2.537114026827088,-0.022525007687116794
2023-06-16,17491.563304483283,0.006894275590111421,2.537114026827088,-0.022525007687116794
2023-06-20,17040.50632989565,0.006716492104695227,2.537114026827088,-0.022525007687116794
2023-06-21,17144.749475067292,0.00675757939681903,2.537114026827088,-0.022525007687116794
2023-06-22,17074.701327610477,0.006729970015957099,2.537114026827088,-0.022525007687116794
2023-06-23,16919.958383887108,0.006668978297773707,2.537114026827088,-0.022525007687116794
2023-06-26,16946.43224859944,0.006679412935094853,2.537114026827088,-0.022525007687116794
2023-06-27,16538.749298166163,0.006518725261571907,2.537114026827088,-0.022525007687116794
2023-06-28,16278.106118283813,0.006415993111133911,2.537114026827088,-0.022525007687116794
2023-06-29,16165.967557721846,0.00637179385190621,2.537114026827088,-0.022525007687116794
2023-06-30,16939.154835364625,0.006676544552689543,2.537114026827088,-0.022525007687116794
2023-07-03,16575.742808875864,0.006533306202877082,2.537114026827088,-0.022525007687116794
2023-07-05,16386.899346744372,0.006458873812320454,2.537114026827088,-0.022525007687116794
2023-07-06,16176.222493783309,0.006396357080480093,2.528974272425886,-0.011762664319182096
2023-07-07,15838.885177539523,0.006262968093521282,2.528974272425886,-0.011762664319182096
2023-07-10,15424.106743482902,0.0060989575543160925,2.528974272425886,-0.011762664319182096
2023-07-11,15030.556336883663,0.005943340942913505,2.528974272425886,-0.011762664319182096
2023-07-12,14720.429654771984,0.005820711509513144,2.528974272425886,-0.011762664319182096
2023-07-13,14539.954039041311,0.005718556287001746,2.542591750314772,-0.05274664670414883
2023-07-14,14068.130895704055,0.005586781059131653,2.5181102940680917,-0.01270443080436736
2023-07-17,14095.92819919537,0.005566519929358714,2.532269421124534,-0.05338951467249823
2023-07-18,13767.647442653326,0.0054368809763296715,2.532269421124534,-0.05338951467249823
2023-07-19,14525.370513391543,0.0057361078533820055,2.532269421124534,-0.05338951467249823
2023-07-20,14203.240400184346,0.005608897805936049,2.532269421124534,-0.05338951467249823
2023-07-21,13881.80792788226,0.005481963258758465,2.532269421124534,-0.05338951467249823
2023-07-24,13693.371957639583,0.005407549387678745,2.532269421124534,-0.05338951467249823
2023-07-25,13608.930613960762,0.0053742032741197375,2.532269421124534,-0.05338951467249823
2023-07-26,13894.472770597591,0.005486964639184133,2.532269421124534,-0.05338951467249823
2023-07-27,13664.409085997597,0.005396111871828191,2.532269421124534,-0.05338951467249823
2023-07-28,13315.74120111526,0.005261070652729131,2.53099455986356,-0.05087495497209479
2023-07-31,13277.34202197923,0.005245899075616733,2.53099455986356,-0.05087495497209479
2023-08-01,13128.406385942804,0.005187054367533104,2.53099455986356,-0.05087495497209479
2023-08-02,12851.1243985403,0.0050774998106803805,2.53099455986356,-0.05087495497209479
2023-08-03,12609.158253149002,0.004981898599508934,2.53099455986356,-0.05087495497209479
2023-08-04,12886.681411133502,0.005091548443244458,2.53099455986356,-0.05087495497209479
2023-08-07,13768.844139857114,0.005397765008590799,2.5508417128095324,-0.08938869504995152
2023-08-08,13435.265593041282,0.005266993057849714,2.5508417128095324,-0.08938869504995152
2023-08-09,13817.826001305702,0.005442668772515456,2.53879605370868,-0.054609581924667465
2023-08-10,13778.73849032581,0.005427272691005562,2.53879605370868,-0.054609581924667465
2023-08-11,13867.492928498787,0.005462231953701486,2.53879605370868,-0.054609581924667465
2023-08-14,13627.542461673736,0.005367718467092537,2.53879605370868,-0.054609581924667465
2023-08-15,13351.8262318118,0.005232585873836091,2.5516688218292662,-0.09075504122910724
2023-08-16,13040.44342283554,0.0051422569687601906,2.535937721910389,-0.058836228840911345
2023-08-17,13084.81238413921,0.005159753045623721,2.535937721910389,-0.058836228840911345
2023-08-18,12901.613722892977,0.005087512051823517,2.535937721910389,-0.058836228840911345
2023-08-21,12841.768418199392,0.005063913166024183,2.535937721910389,-0.058836228840911345
2023-08-22,12742.113369741752,0.005024616046226396,2.535937721910389,-0.058836228840911345
2023-08-23,12444.367856242316,0.004907205626038657,2.535937721910389,-0.058836228840911345
2023-08-24,15467.795419089334,0.005924270761795561,2.6109197302118696,-0.09464308084242641
2023-08-25,15864.522035816917,0.006076219752083129,2.6109197302118696,-0.09464308084242641
2023-08-28,15676.88574641105,0.006004353778099072,2.6109197302118696,-0.09464308084242641
2023-08-29,15792.258083795108,0.006051517668174009,2.609635954109389,-0.0908403447258335
2023-08-30,15973.606346177326,0.0061595457197609884,2.593309161571928,-0.03549520946691656
2023-08-31,15558.605296379965,0.005999518116439752,2.593309161571928,-0.03549520946691656
2023-09-01,15228.306092051635,0.005872152197550189,2.593309161571928,-0.03549520946691656
2023-09-05,14972.278811630169,0.005773426104951852,2.593309161571928,-0.03549520946691656
2023-09-06,15023.860675917576,0.005793316469375714,2.593309161571928,-0.03549520946691656
2023-09-07,14666.607737143155,0.005655556982744405,2.593309161571928,-0.03549520946691656
2023-09-08,14295.140127191557,0.005512316209351065,2.593309161571928,-0.03549520946691656
2023-09-11,14009.197232659993,0.005402054425384575,2.593309161571928,-0.03549520946691656
2023-09-12,13934.47367909943,0.005373240447218057,2.593309161571928,-0.03549520946691656
2023-09-13,13742.784161524727,0.005299323491841047,2.593309161571928,-0.03549520946691656
2023-09-14,13634.272100486416,0.005257480404774429,2.593309161571928,-0.03549520946691656
2023-09-15,13486.201009910248,0.005200383051026443,2.593309161571928,-0.03549520946691656
2023-09-18,13150.020444099633,0.005070749233820152,2.593309161571928,-0.03549520946691656
2023-09-19,12852.213165652227,0.004955912451973867,2.593309161571928,-0.03549520946691656
2023-09-20,12696.179671618207,0.004892527438596838,2.595014505480102,-0.05895297145792534
2023-09-21,12439.935813871178,0.0047937827659925445,2.595014505480102,-0.05895297145792534
2023-09-22,14464.500581000111,0.005573957506000161,2.595014505480102,-0.05895297145792534
2023-09-25,14269.579786965094,0.005498843939727839,2.595014505480102,-0.05895297145792534
2023-09-26,14256.208528090443,0.005493691267615057,2.595014505480102,-0.05895297145792534
2023-09-27,13975.954749138184,0.005385694268615467,2.595014505480102,-0.05895297145792534
2023-09-28,13660.529955650241,0.005264143967905457,2.595014505480102,-0.05895297145792534
2023-09-29,13908.577762993056,0.0053923355829369034,2.5793234766404933,-0.028129512784707954
2023-10-02,13569.526618483625,0.005260885942137667,2.5793234766404933,-0.028129512784707954
2023-10-03,13490.81027982312,0.0052303677309193395,2.5793234766404933,-0.028129512784707954
2023-10-04,15090.10763914553,0.005850413015586564,2.5793234766404933,-0.028129512784707954
2023-10-05,15924.927070511425,0.006179022689768787,2.5772566099943095,-0.0016404434828088134
2023-10-06,15512.24744995612,0.006018899084321437,2.5772566099943095,-0.0016404434828088134
2023-10-09,15117.354693391402,0.005865676950742123,2.5772566099943095,-0.0016404434828088134
2023-10-10,15134.860709991952,0.005872469451160073,2.5772566099943095,-0.0016404434828088134
2023-10-11,17455.922707347967,0.006659132815338388,2.6213507361109656,-0.06041549769807933
2023-10-12,17435.250997088457,0.006651246915151608,2.6213507361109656,-0.06041549769807933
2023-10-13,18004.448354200802,0.0068683858692302245,2.6213507361109656,-0.06041549769807933
2023-10-16,17642.92966334595,0.0067304727369375175,2.6213507361109656,-0.06041549769807933
2023-10-17,17190.946961889957,0.006558049148125228,2.6213507361109656,-0.06041549769807933
2023-10-18,17678.306443009093,0.0067439683669483375,2.6213507361109656,-0.06041549769807933
2023-10-19,19764.76989943229,0.007539918114412758,2.6213507361109656,-0.06041549769807933
2023-10-20,20629.44246256658,0.007869775752775613,2.6213507361109656,-0.06041549769807933
2023-10-23,20359.040103444393,0.007766621926239848,2.6213507361109656,-0.06041549769807933
2023-10-24,20804.0522631875,0.007948136158917771,2.617475575056103,-0.04508868920742788
2023-10-25,20054.269796506716,0.007741234965763028,2.5905775868062717,-0.014376564762740919
2023-10-26,19770.40485542583,0.007631659038554129,2.5905775868062717,-0.014376564762740919
2023-10-27,19923.67258648998,0.007716391011636478,2.5819936491612037,0.01929156140106239
2023-10-30,19392.86313009733,0.007510809771510231,2.5819936491612037,0.01929156140106239
2023-10-31,18872.183192034387,0.007309151669743757,2.5819936491612037,0.01929156140106239
2023-11-01,18471.113160990244,0.007153818200517589,2.5819936491612037,0.01929156140106239
2023-11-02,18726.908966046154,0.0072686241625990215,2.576403532102563,0.042062779165799334
2023-11-03,18222.03088689414,0.007072661817080892,2.576403532102563,0.042062779165799334
2023-11-06,17746.337827391988,0.006888027285426626,2.576403532102563,0.042062779165799334
2023-11-07,18294.465269815537,0.00707873840395666,2.5844245437279967,0.008103512458980163
2023-11-08,18252.661191010146,0.007062563012453416,2.5844245437279967,0.008103512458980163
2023-11-09,18950.771717884,0.0073267655736277805,2.586512633363906,0.00447933758639779
2023-11-10,18665.424237182076,0.007216444256414335,2.586512633363906,0.00447933758639779
2023-11-13,18724.04911059872,0.007239109861314319,2.586512633363906,0.00447933758639779
2023-11-14,18285.085298175505,0.007069397250302511,2.586512633363906,0.00447933758639779
2023-11-15,18343.216441539866,0.007091871968815198,2.586512633363906,0.00447933758639779
2023-11-16,19232.5809349213,0.007435718923942869,2.586512633363906,0.00447933758639779
2023-11-17,18770.702108450572,0.007255884525411744,2.586962629120039,0.0012223400764064152
2023-11-20,18265.086710435757,0.007060437017850802,2.586962629120039,0.0012223400764064152
2023-11-21,18346.92603609079,0.007092072312745985,2.586962629120039,0.0012223400764064152
2023-11-22,17854.691210775953,0.006901797115194226,2.586962629120039,0.0012223400764064152
2023-11-24,17485.614691495564,0.0067591292176660996,2.586962629120039,0.0012223400764064152
2023-11-27,17377.34000403784,0.006701775714022537,2.5929456230052823,-0.020530587426486294
2023-11-28,17238.87177605246,0.006648373812047867,2.5929456230052823,-0.020530587426486294
2023-11-29,16790.790708180248,0.0064755660740464524,2.5929456230052823,-0.020530587426486294
2023-11-30,16586.408754758075,0.0064079764417222015,2.58840039528927,-0.003235958024525094
2023-12-01,17368.834227980406,0.006710257910480396,2.58840039528927,-0.003235958024525094
2023-12-04,17003.287794986572,0.0065690330699730674,2.58840039528927,-0.003235958024525094
2023-12-05,17104.308992135546,0.006608061497465516,2.58840039528927,-0.003235958024525094
2023-12-06,18022.64726752452,0.006930453243007026,2.6005005207573912,-0.03826095173814423
2023-12-07,17966.739639919302,0.006908954448002387,2.6005005207573912,-0.03826095173814423
2023-12-08,17617.01970541167,0.00677447266970004,2.6005005207573912,-0.03826095173814423
2023-12-11,17302.825208981834,0.006653651891576018,2.6005005207573912,-0.03826095173814423
2023-12-12,16864.61881880386,0.006485143411504517,2.6005005207573912,-0.03826095173814423
2023-12-13,16443.83972537699,0.006323336447780349,2.6005005207573912,-0.03826095173814423
2023-12-14,16255.262936181345,0.0062508208733013555,2.6005005207573912,-0.03826095173814423
2023-12-15,15954.215546210218,0.0061350557013399795,2.6005005207573912,-0.03826095173814423
2023-12-18,15665.702303552089,0.0060241104273993686,2.6005005207573912,-0.03826095173814423
2023-12-19,15835.462913112937,0.006089390402621756,2.6005005207573912,-0.03826095173814423
2023-12-20,15881.365372977014,0.006107041796842861,2.6005005207573912,-0.03826095173814423
2023-12-21,19236.540353370605,0.007239384642092253,2.6572065589004334,-0.06500144623939841
2023-12-22,19941.440442535142,0.007504663262154154,2.6572065589004334,-0.06500144623939841
2023-12-26,19559.177022917458,0.00736080413372574,2.6572065589004334,-0.06500144623939841
2023-12-27,19251.37891812172,0.007244968914305272,2.6572065589004334,-0.06500144623939841
2023-12-28,18967.42045835134,0.007138105389217525,2.6572065589004334,-0.06500144623939841
2023-12-29,18607.44519792436,0.007002634076601189,2.6572065589004334,-0.06500144623939841
2024-01-02,18140.66985560046,0.006826970148345248,2.6572065589004334,-0.06500144623939841
2024-01-03,17675.93607243466,0.0066520745303854205,2.6572065589004334,-0.06500144623939841
2024-01-04,19403.132109595717,0.0074242178252008975,2.613491759863696,-0.08700205714955053
2024-01-05,18934.366956788705,0.007244854277932066,2.613491759863696,-0.08700205714955053
2024-01-08,18691.13965747673,0.007151788249162702,2.613491759863696,-0.08700205714955053
2024-01-09,19016.259100118634,0.007276188657702294,2.613491759863696,-0.08700205714955053
2024-01-10,18514.77716519626,0.007084306692500104,2.613491759863696,-0.08700205714955053
2024-01-11,18456.7971288241,0.007062121798993808,2.613491759863696,-0.08700205714955053
2024-01-12,18106.556681584105,0.006928109343849025,2.613491759863696,-0.08700205714955053
2024-01-16,17658.434583424318,0.006756644445798931,2.613491759863696,-0.08700205714955053
2024-01-17,17210.56560396034,0.006585276398521317,2.613491759863696,-0.08700205714955053
2024-01-18,17622.033079688634,0.006748965833496182,2.611071609257185,-0.07755524266238108
2024-01-19,19572.022851138758,0.007495781724924325,2.611071609257185,-0.07755524266238108
2024-01-22,19082.099577888213,0.007308148696586998,2.611071609257185,-0.07755524266238108
2024-01-23,18713.647416061634,0.007167037223228595,2.611071609257185,-0.07755524266238108
2024-01-24,18245.995837796756,0.006987933909245597,2.611071609257185,-0.07755524266238108
2024-01-25,17787.45329751601,0.006812319215778346,2.611071609257185,-0.07755524266238108
2024-01-26,17271.360457000414,0.006640503292375805,2.6009113611659935,-0.05716720956762554
2024-01-29,16435.172634948656,0.006486878164426227,2.5336027929549325,-0.04536304003045297
2024-01-30,16016.779731619823,0.006321740635965871,2.5336027929549325,-0.04536304003045297
2024-01-31,15713.895938674914,0.00620219395967268,2.5336027929549325,-0.04536304003045297
2024-02-01,16820.52263132472,0.006609164416226475,2.5450301387612404,-0.06099400411263686
2024-02-02,16531.882611754794,0.006495751213304479,2.5450301387612404,-0.06099400411263686
2024-02-05,19151.394545703963,0.007525016798042969,2.5450301387612404,-0.06099400411263686
2024-02-06,18744.543682556163,0.007365155876574342,2.5450301387612404,-0.06099400411263686
2024-02-07,18512.239235013065,0.0072738781962022854,2.5450301387612404,-0.06099400411263686
2024-02-08,18437.141325168675,0.007218471152249565,2.5541615303710015,-0.08823910543577441
2024-02-09,18165.220746126473,0.007112009373772029,2.5541615303710015,-0.08823910543577441
2024-02-12,18008.935743071954,0.007050820995043367,2.5541615303710015,-0.08823910543577441
2024-02-13,17526.218838011675,0.006861828678261365,2.5541615303710015,-0.08823910543577441
2024-02-14,17298.107453624165,0.00677251898438528,2.5541615303710015,-0.08823910543577441
2024-02-15,16846.374233184506,0.00659565733524203,2.5541615303710015,-0.08823910543577441
2024-02-16,16804.13429294494,0.006579119641859171,2.5541615303710015,-0.08823910543577441
2024-02-20,16352.87726612722,0.006406576051475032,2.5525143438143028,-0.08334910019484915
2024-02-21,16390.97394356924,0.006421501208520415,2.5525143438143028,-0.08334910019484915
2024-02-22,16201.12421703505,0.006347123672897838,2.5525143438143028,-0.08334910019484915
2024-02-23,20930.05921087315,0.008199781232021091,2.5525143438143028,-0.08334910019484915
2024-02-26,20466.048062287224,0.008017995319745848,2.5525143438143028,-0.08334910019484915
2024-02-27,20048.440082360103,0.00785438880331661,2.5525143438143028,-0.08334910019484915
2024-02-28,19696.82112566271,0.007716634844147096,2.5525143438143028,-0.08334910019484915
2024-02-29,19346.916510204246,0.007579552513422329,2.5525143438143028,-0.08334910019484915
2024-03-01,18962.806391986127,0.00742906947337636,2.5525143438143028,-0.08334910019484915
2024-03-04,19493.519316323836,0.0076411419812374,2.551126436884644,-0.07931827423226392
2024-03-05,19421.466230974813,0.007612898345678115,2.551126436884644,-0.07931827423226392
2024-03-06,19247.644968638317,0.007544763242759124,2.551126436884644,-0.07931827423226392
2024-03-07,18741.782683519225,0.007346473468561638,2.551126436884644,-0.07931827423226392
2024-03-08,18354.217584114234,0.007194554263852101,2.551126436884644,-0.07931827423226392
2024-03-11,17870.76940722306,0.007005050454906612,2.551126436884644,-0.07931827423226392
2024-03-12,17401.88502694203,0.006821255416957173,2.551126436884644,-0.07931827423226392
2024-03-13,17079.65114619475,0.006653465643941465,2.567030786691924,-0.12520692067240008
2024-03-14,16674.194687808234,0.006495518002452905,2.567030786691924,-0.12520692067240008
2024-03-15,16747.911400798006,0.006524234725825268,2.567030786691924,-0.12520692067240008
2024-03-18,16521.1400360799,0.006435894778406741,2.567030786691924,-0.12520692067240008
2024-03-19,16262.732258577682,0.006335230704239082,2.567030786691924,-0.12520692067240008
2024-03-20,15927.72105954166,0.006204725374590214,2.567030786691924,-0.12520692067240008
2024-03-21,15645.349095610485,0.0061150607619034625,2.558494462243166,-0.11183574231904944
2024-03-22,15343.975665277228,0.0059972674913763005,2.558494462243166,-0.11183574231904944
2024-03-25,15983.056569354007,0.006236088302957156,2.562993946345313,-0.11846255346511374
2024-03-26,15577.86171370252,0.006077993955434692,2.562993946345313,-0.11846255346511374
2024-03-27,15190.530747502196,0.0059268695383237445,2.562993946345313,-0.11846255346511374
2024-03-28,15041.283364197387,0.005851820166344907,2.5703598088511135,-0.13792692319102495
2024-04-01,14509.611050766807,0.005715803284799825,2.5385077700893883,-0.11769093559882558
2024-04-02,15508.74942723584,0.006109396082994747,2.5385077700893883,-0.11769093559882558
2024-04-03,15105.34531936676,0.005950482207440656,2.5385077700893883,-0.11769093559882558
2024-04-04,14788.157866536327,0.005825531850160771,2.5385077700893883,-0.11769093559882558
2024-04-05,15547.326386357334,0.006116483313294251,2.5418734246466483,-0.11612735786561038
2024-04-08,17300.31387193644,0.006806127206881435,2.5418734246466483,-0.11612735786561038
2024-04-09,16871.677900684197,0.006637497263668654,2.5418734246466483,-0.11612735786561038
2024-04-10,16532.117255588462,0.006503910499747496,2.5418734246466483,-0.11612735786561038
2024-04-11,16260.325389770385,0.006396984693299892,2.5418734246466483,-0.11612735786561038
2024-04-12,16164.008716083914,0.006359092690986732,2.5418734246466483,-0.11612735786561038
2024-04-15,19146.164103819217,0.007427557506002095,2.577720076666858,-0.10044019363039722
2024-04-16,19954.802732576733,0.007741260547723805,2.577720076666858,-0.10044019363039722
2024-04-17,19428.206002501105,0.0075369727606819535,2.577720076666858,-0.10044019363039722
2024-04-18,20105.450859840013,0.0077790572086922916,2.5845613832707457,-0.11763936827900662
2024-04-19,19690.213667403084,0.007618396604875852,2.5845613832707457,-0.11763936827900662
2024-04-22,19197.833861459017,0.007427888532933307,2.5845613832707457,-0.11763936827900662
2024-04-23,19351.118552718362,0.0075625545190675806,2.5588071469670863,-0.07569991368870567
2024-04-24,18848.159865854774,0.007365994693345765,2.5588071469670863,-0.07569991368870567
2024-04-25,18442.077896561368,0.007207294976653661,2.5588071469670863,-0.07569991368870567
2024-04-26,17963.687830626248,0.00702033674242247,2.5588071469670863,-0.07569991368870567
2024-04-29,17510.558550024874,0.006843250602445699,2.5588071469670863,-0.07569991368870567
2024-04-30,17174.118025207023,0.006711767256693508,2.5588071469670863,-0.07569991368870567
2024-05-01,17096.84259602731,0.0066815674703316055,2.5588071469670863,-0.07569991368870567
2024-05-02,16912.601885294465,0.006646777854014662,2.5444812895438096,-0.042629313234081735
2024-05-03,16538.219640222716,0.006499642857734588,2.5444812895438096,-0.042629313234081735
2024-05-06,16187.867842255795,0.0063619520052191295,2.5444812895438096,-0.042629313234081735
2024-05-07,16734.40587111732,0.006576745500108421,2.5444812895438096,-0.042629313234081735
2024-05-08,16350.217651920955,0.006425756683340487,2.5444812895438096,-0.042629313234081735
2024-05-09,15957.570686792862,0.006271443516746722,2.5444812895438096,-0.042629313234081735
2024-05-10,15989.66101600215,0.006284055253897692,2.5444812895438096,-0.042629313234081735
2024-05-13,16173.501932365849,0.006356306096188876,2.5444812895438096,-0.042629313234081735
2024-05-14,15972.74959624365,0.006277408940628265,2.5444812895438096,-0.042629313234081735
2024-05-15,15811.49994865655,0.006214036634355183,2.5444812895438096,-0.042629313234081735
2024-05-16,16750.675431468047,0.006583139557874766,2.5444812895438096,-0.042629313234081735
2024-05-17,16314.009187286836,0.006411526488454436,2.5444812895438096,-0.042629313234081735
2024-05-20,16574.197904649976,0.006513782582233687,2.5444812895438096,-0.042629313234081735
2024-05-21,16294.024285633861,0.006403672274027668,2.5444812895438096,-0.042629313234081735
2024-05-22,15864.802093181703,0.006234984772093193,2.5444812895438096,-0.042629313234081735
2024-05-23,16014.504189404166,0.006298635403822594,2.5425355116895774,-0.03658724287715665
2024-05-24,17421.404266514204,0.006788690051450268,2.5662394562839808,-0.0815252956009768
2024-05-28,17528.920992163596,0.006830586658326183,2.5662394562839808,-0.0815252956009768
2024-05-29,18008.911736776296,0.007017627171415224,2.5662394562839808,-0.0815252956009768
2024-05-30,17603.886504381455,0.006859798862991764,2.5662394562839808,-0.0815252956009768
2024-05-31,17696.221773640325,0.00689577963206332,2.5662394562839808,-0.0815252956009768
2024-06-03,17509.8749115487,0.006823164872113576,2.5662394562839808,-0.0815252956009768
2024-06-04,17311.538127279764,0.00674587793624979,2.5662394562839808,-0.0815252956009768
2024-06-05,17413.60425632513,0.006785650580534966,2.5662394562839808,-0.0815252956009768
2024-06-06,17126.477670838012,0.006673764456742416,2.5662394562839808,-0.0815252956009768
2024-06-07,16672.310168385622,0.006496786621981023,2.5662394562839808,-0.0815252956009768
2024-06-10,16234.738934939587,0.006326275942482838,2.5662394562839808,-0.0815252956009768
2024-06-11,16126.438216699287,0.006284073833098579,2.5662394562839808,-0.0815252956009768
2024-06-12,15943.31483729552,0.006212715184568976,2.5662394562839808,-0.0815252956009768
2024-06-13,15456.374469736018,0.006055274900730463,2.5525471135705957,-0.04912080422115929
2024-06-14,15256.883039072069,0.005977121032539997,2.5525471135705957,-0.04912080422115929
2024-06-17,14869.695399387774,0.0058254342575434406,2.5525471135705957,-0.04912080422115929
2024-06-18,16154.446916403927,0.006328755630216948,2.5525471135705957,-0.04912080422115929
2024-06-20,15747.053634574531,0.0061651589955246085,2.554200734483179,-0.05462041841332789
2024-06-21,15409.645106919372,0.0060343511026557505,2.5536540457742842,-0.05180328338619756
2024-06-24,15586.421698251861,0.0061066185548488364,2.5523817409351333,-0.04750489847601978
2024-06-25,15313.463187413969,0.005999675887746898,2.5523817409351333,-0.04750489847601978
2024-06-26,14938.558845214238,0.005852791769204985,2.5523817409351333,-0.04750489847601978
2024-06-27,14836.302812980142,0.005812728783878726,2.5523817409351333,-0.04750489847601978
2024-06-28,14396.96080387099,0.005668693904687914,2.53973155826335,-0.016796771297550292
2024-07-01,14034.221445724841,0.005525868039109354,2.53973155826335,-0.016796771297550292
2024-07-02,15586.159052985247,0.0061369316777884,2.53973155826335,-0.016796771297550292
2024-07-03,15398.578237319996,0.006063073157168403,2.53973155826335,-0.016796771297550292
2024-07-05,15148.159364013656,0.005964472628899355,2.53973155826335,-0.016796771297550292
2024-07-08,15034.173044428237,0.005919591381818516,2.53973155826335,-0.016796771297550292
2024-07-09,14728.86275563825,0.005776430989382225,2.5498206042297866,-0.05782158040971393
2024-07-10,14464.734566556705,0.0056728440199133165,2.5498206042297866,-0.05782158040971393
2024-07-11,15732.214788756519,0.006169930058082922,2.5498206042297866,-0.05782158040971393
2024-07-12,17266.380428675577,0.006738488372925302,2.562352188370687,-0.0505979180195675
2024-07-15,16812.033427954244,0.006561171998235125,2.562352188370687,-0.0505979180195675
2024-07-16,16941.595866740194,0.0066117358666112095,2.562352188370687,-0.0505979180195675
2024-07-17,16589.70754208828,0.006474405672015412,2.562352188370687,-0.0505979180195675
2024-07-18,16402.469432010104,0.006401332926228178,2.562352188370687,-0.0505979180195675
2024-07-19,16143.71830666108,0.006300351052415759,2.562352188370687,-0.0505979180195675
2024-07-22,15695.865612936499,0.006142955483142854,2.5551000094349035,-0.06186513984157274
2024-07-23,15419.82124144615,0.006034918862082609,2.5551000094349035,-0.06186513984157274
2024-07-24,15055.484003136575,0.005892326698580502,2.5551000094349035,-0.06186513984157274
2024-07-25,15474.754387494664,0.00605641827339554,2.5551000094349035,-0.06186513984157274
2024-07-26,15213.72485400297,0.005954258071239921,2.5551000094349035,-0.06186513984157274
2024-07-29,15938.558424064806,0.006246837394492899,2.551460429899449,-0.035172013536299694
2024-07-30,15642.141735418714,0.006130662091449782,2.551460429899449,-0.035172013536299694
2024-07-31,15306.782557122158,0.00599922396512549,2.551460429899449,-0.035172013536299694
2024-08-01,15208.20957387282,0.005960590019603857,2.551460429899449,-0.035172013536299694
2024-08-02,15027.964386906026,0.005889946091579506,2.551460429899449,-0.035172013536299694
2024-08-05,14785.489528179241,0.005794912339189962,2.551460429899449,-0.035172013536299694
2024-08-06,22104.76400728026,0.008663573123942742,2.551460429899449,-0.035172013536299694
2024-08-07,22365.849745337593,0.008773512850769603,2.54924682117217,-0.02731063024515501
2024-08-08,22088.997917439327,0.008664911429518848,2.54924682117217,-0.02731063024515501
2024-08-09,22335.400359615,0.008758167397919679,2.5502367498616563,-0.032481921595083486
2024-08-12,22467.512270830633,0.008816008199685596,2.548490400863271,-0.02587435290570258
2024-08-13,21846.915664892556,0.008572492820648715,2.548490400863271,-0.02587435290570258
2024-08-14,23140.97375961446,0.009029002658961137,2.5629601223616234,-0.06281758224575555
2024-08-15,22824.689493867114,0.008905596811563126,2.5629601223616234,-0.06281758224575555
2024-08-16,22193.504209866824,0.008659324823757602,2.5629601223616234,-0.06281758224575555
2024-08-19,21581.331693016826,0.00842047112037422,2.5629601223616234,-0.06281758224575555
2024-08-20,21075.35035547029,0.0082230504374959,2.5629601223616234,-0.06281758224575555
2024-08-21,20530.44046202756,0.00801044085036716,2.5629601223616234,-0.06281758224575555
2024-08-22,20075.50086148045,0.007832935318159382,2.5629601223616234,-0.06281758224575555
2024-08-23,19529.838525754007,0.007620032147733286,2.5629601223616234,-0.06281758224575555
2024-08-26,19198.01521899868,0.007490563372991067,2.5629601223616234,-0.06281758224575555
2024-08-27,18721.10582774377,0.00730448580311633,2.5629601223616234,-0.06281758224575555
2024-08-28,18239.998367681223,0.00711677025660239,2.5629601223616234,-0.06281758224575555
2024-08-29,17772.29696051408,0.006934285401264031,2.5629601223616234,-0.06281758224575555
2024-08-30,17363.527476684667,0.006774794240920594,2.5629601223616234,-0.06281758224575555
2024-09-03,16903.669198531425,0.006595369569369517,2.5629601223616234,-0.06281758224575555
2024-09-04,16609.771224311422,0.006480698267363776,2.5629601223616234,-0.06281758224575555
2024-09-05,16421.302725300808,0.006430649513998204,2.5535993976277203,-0.03582192130361035
2024-09-06,16294.58707344481,0.006381027144892966,2.5535993976277203,-0.03582192130361035
2024-09-09,16053.96388656902,0.006286798117779579,2.5535993976277203,-0.03582192130361035
2024-09-10,16788.86807817138,0.0065496695797568885,2.5633152747217753,-0.06367232018330049
2024-09-11,16732.98930135068,0.006527870163441716,2.5633152747217753,-0.06367232018330049
2024-09-12,16572.193451707786,0.006465140521392378,2.5633152747217753,-0.06367232018330049
2024-09-13,16436.073495250603,0.006412037433450159,2.5633152747217753,-0.06367232018330049
2024-09-16,16031.650924037673,0.006254264187528693,2.5633152747217753,-0.06367232018330049
2024-09-17,15638.304722053874,0.006100812052372789,2.5633152747217753,-0.06367232018330049
2024-09-18,15237.227054161714,0.005944343719410628,2.5633152747217753,-0.06367232018330049
2024-09-19,14844.778224147662,0.005791241666813275,2.5633152747217753,-0.06367232018330049
2024-09-20,15547.865702110676,0.006065530001493185,2.5633152747217753,-0.06367232018330049
2024-09-23,15162.29365279096,0.0059151107170914395,2.5633152747217753,-0.06367232018330049
2024-09-24,14827.615011238973,0.005784545957909285,2.5633152747217753,-0.06367232018330049
2024-09-25,14491.556743622245,0.005653442979305452,2.5633152747217753,-0.06367232018330049
2024-09-26,14100.310947101105,0.005528387432815741,2.550528724416747,-0.029635937231499446
2024-09-27,13783.933879182692,0.005404343714001807,2.550528724416747,-0.029635937231499446
2024-09-30,13762.248523747709,0.005395841415938121,2.550528724416747,-0.029635937231499446
2024-10-01,13738.123248819118,0.005386382485051503,2.550528724416747,-0.029635937231499446
2024-10-02,15361.861806943874,0.005947558086548019,2.582885544521003,-0.0855170788434432
2024-10-03,14963.915168817433,0.005793487520405205,2.582885544521003,-0.0855170788434432
2024-10-04,14582.318160497513,0.005645746940444396,2.582885544521003,-0.0855170788434432
2024-10-07,17164.994797932064,0.006665249574011728,2.5752966347816253,-0.06225576705250216
2024-10-08,17249.70757312151,0.006698143949768418,2.5752966347816253,-0.06225576705250216
2024-10-09,16823.376877597177,0.00653259770171048,2.5752966347816253,-0.06225576705250216
2024-10-10,16379.26930019338,0.006360148605398335,2.5752966347816253,-0.06225576705250216
2024-10-11,15989.661420448907,0.00620886200233969,2.5752966347816253,-0.06225576705250216
2024-10-14,15646.884282861762,0.006075760000435272,2.5752966347816253,-0.06225576705250216
2024-10-15,15262.145609306834,0.005926364133427683,2.5752966347816253,-0.06225576705250216
2024-10-16,15480.027322440668,0.006012305163487381,2.574724153466226,-0.06082308358898875
2024-10-17,15086.23625019562,0.005859360207533592,2.574724153466226,-0.06082308358898875
2024-10-18,14900.09851210631,0.005787065962793346,2.574724153466226,-0.06082308358898875
2024-10-21,14521.55994614978,0.00564004494485365,2.574724153466226,-0.06082308358898875
2024-10-22,14863.427075718184,0.005772823102509165,2.574724153466226,-0.06082308358898875
2024-10-23,14482.102849007493,0.005624720158666684,2.574724153466226,-0.06082308358898875
2024-10-24,14557.149055907601,0.005651939280006712,2.5756025206078137,-0.06318573010712603
2024-10-25,14205.188058673446,0.005512721629414742,2.576801263259422,-0.06756739177283261
2024-10-28,14257.723002645986,0.0055331092878351225,2.576801263259422,-0.06756739177283261
2024-10-29,13915.914984154038,0.0054004610998023405,2.576801263259422,-0.06756739177283261
2024-10-30,13629.07197391134,0.005289143624786876,2.576801263259422,-0.06756739177283261
2024-10-31,12954.786286462198,0.005156578843676298,2.51228317828382,-0.009817976537637801
2024-11-01,14349.008970118597,0.005640219833291587,2.5440513657682438,-0.07032577148382123
2024-11-04,14164.646945608709,0.005567751947229776,2.5440513657682438,-0.07032577148382123
2024-11-05,14411.322915774164,0.0056614665764839825,2.5455105529783455,-0.07517479757472972
2024-11-06,14110.79624700969,0.005543405125741677,2.5455105529783455,-0.07517479757472972
2024-11-07,19661.394604174988,0.007723949359066847,2.5455105529783455,-0.07517479757472972
2024-11-08,19126.66719672839,0.007513882499661789,2.5455105529783455,-0.07517479757472972
2024-11-11,18819.720668915987,0.0073932990169285236,2.5455105529783455,-0.07517479757472972
2024-11-12,18850.755341294018,0.007405490941390091,2.5455105529783455,-0.07517479757472972
2024-11-13,18403.56765411574,0.0072298139296978585,2.5455105529783455,-0.07517479757472972
2024-11-14,17821.886772122492,0.00705988157935021,2.524388911033663,-0.028430461046813522
2024-11-15,18916.44014460242,0.007445753879052695,2.54056747669574,-0.06863542420957572
2024-11-18,22176.761353551407,0.008558687159483611,2.5911405499823696,-0.12215750671887939
2024-11-19,21645.275716276778,0.008353570676212084,2.5911405499823696,-0.12215750671887939
2024-11-20,21206.986847388824,0.008184421662318982,2.5911405499823696,-0.12215750671887939
2024-11-21,20827.154132244483,0.008037832657277581,2.5911405499823696,-0.12215750671887939
2024-11-22,20337.237300607878,0.007848758841254773,2.5911405499823696,-0.12215750671887939
2024-11-25,19867.292937300183,0.007700062532855375,2.5801469601744773,-0.0941498752329103
2024-11-26,22550.479126524715,0.008615918284726314,2.617304201515072,-0.15204179702148357
2024-11-27,22036.176594658125,0.008419417422667988,2.617304201515072,-0.15204179702148357
2024-11-29,21672.80592922585,0.008280583478481474,2.617304201515072,-0.15204179702148357
2024-12-02,21081.589698158696,0.008054696005896162,2.617304201515072,-0.15204179702148357
2024-12-03,20454.832231338958,0.007840066250058026,2.60901267654308,-0.13016962905863705
2024-12-04,19762.660772736264,0.007640938491154225,2.586417989833989,-0.07498478634310185
2024-12-05,19362.031359710338,0.007486041094600144,2.586417989833989,-0.07498478634310185
2024-12-06,19195.403397063306,0.00742161687419108,2.586417989833989,-0.07498478634310185
2024-12-09,18682.214895213605,0.007223200182122433,2.586417989833989,-0.07498478634310185
2024-12-10,18205.91001881561,0.007039043994580386,2.586417989833989,-0.07498478634310185
2024-12-11,17719.740135211152,0.006851073648907192,2.586417989833989,-0.07498478634310185
2024-12-12,18482.980328730973,0.007146169103903161,2.586417989833989,-0.07498478634310185
2024-12-13,17724.650413736894,0.0070771444969786965,2.5044918075791336,-0.031890761186190976
2024-12-16,17263.618329937817,0.00689306240798807,2.5044918075791336,-0.031890761186190976
2024-12-17,17079.030582676685,0.00681935973237838,2.5044918075791336,-0.031890761186190976
2024-12-18,16786.64848512477,0.006702616648345482,2.5044918075791336,-0.031890761186190976
2024-12-19,16357.708964558127,0.006531348561435164,2.5044918075791336,-0.031890761186190976
2024-12-20,16348.022542259827,0.0065274809415575554,2.5044918075791336,-0.031890761186190976
2024-12-23,16542.572776083915,0.006602701209800655,2.5054250147695774,-0.03685485636069719
2024-12-24,16457.500537958673,0.00656874599756172,2.5054250147695774,-0.03685485636069719
2024-12-26,16587.775605324867,0.006620743190292779,2.5054250147695774,-0.03685485636069719
2024-12-27,16147.867948710506,0.0064451611417297265,2.5054250147695774,-0.03685485636069719
2024-12-30,17050.915577615175,0.0067679353393530215,2.519367387934464,-0.07627400391052819
