,VaR_MC_GARCH_COPULA_V3
2007-12-31,26809.148704262476
2008-01-02,35919.92715037232
2008-01-03,31715.292440417837
2008-01-04,30904.233711138902
2008-01-07,36102.143012461995
2008-01-08,34628.312212472854
2008-01-09,36054.28830758373
2008-01-10,37309.597787933046
2008-01-11,37035.56277473182
2008-01-14,37648.6363225835
2008-01-15,35767.78767395805
2008-01-16,35867.427086319476
2008-01-17,35936.56708123792
2008-01-18,35203.69076536448
2008-01-22,34407.017945687665
2008-01-23,35068.86147656584
2008-01-24,36506.83469589538
2008-01-25,35952.026468768076
2008-01-28,36330.945561189146
2008-01-29,37586.468054702375
2008-01-30,36798.32429374047
2008-01-31,36937.47785667583
2008-02-01,35579.48942127622
2008-02-04,34295.72858086974
2008-02-05,33975.432640179715
2008-02-06,36642.95467899775
2008-02-07,35752.70856806718
2008-02-08,35162.716540443456
2008-02-11,39087.44796607963
2008-02-12,40575.338480253886
2008-02-13,34128.104511043086
2008-02-14,34452.15578399079
2008-02-15,33848.0745828168
2008-02-19,33319.25668393344
2008-02-20,33722.54829343036
2008-02-21,33754.682828122204
2008-02-22,33420.80543034138
2008-02-25,32986.602057233504
2008-02-26,32923.87000234686
2008-02-27,33496.96423444489
2008-02-28,33417.742380932024
2008-02-29,33123.354720689866
2008-03-03,32787.49619961768
2008-03-04,32361.2575028706
2008-03-05,33369.75902979271
2008-03-06,34819.52415678543
2008-03-07,35931.71650986263
2008-03-10,34443.73700529245
2008-03-11,33897.43692133648
2008-03-12,33719.041053129215
2008-03-13,26675.101218501895
2008-03-14,26400.085295754074
2008-03-17,28398.96507863335
2008-03-18,28600.39629258369
2008-03-19,22679.562756123585
2008-03-20,29435.458405970563
2008-03-24,31207.94984993945
2008-03-25,32373.718510271105
2008-03-26,32724.870821179364
2008-03-27,30672.47548307914
2008-03-28,29947.711585125235
2008-03-31,30536.294750558765
2008-04-01,29759.820980041357
2008-04-02,29730.03705059684
2008-04-03,30217.106080835267
2008-04-04,30509.000382015474
2008-04-07,30964.544730340873
2008-04-08,30786.521535283788
2008-04-09,31003.586703956033
2008-04-10,32088.02725888768
2008-04-11,29870.25003573399
2008-04-14,30360.563407831596
2008-04-15,30307.554693111604
2008-04-16,31160.979072415674
2008-04-17,34145.44074377343
2008-04-18,33881.11166627143
2008-04-21,34653.50482934493
2008-04-22,33810.17521987538
2008-04-23,32721.99309078044
2008-04-24,32761.52014543827
2008-04-25,35152.23405044472
2008-04-28,33782.34960862361
2008-04-29,32940.81382494501
2008-04-30,33349.78091920898
2008-05-01,34475.26871279677
2008-05-02,34257.369502909685
2008-05-05,35977.50613186773
2008-05-06,33652.596494766214
2008-05-07,33827.38061413619
2008-05-08,35911.108600943815
2008-05-09,30558.76162209439
2008-05-12,30274.81989292365
2008-05-13,29638.52231727297
2008-05-14,30974.6977717082
2008-05-15,31172.800464550994
2008-05-16,32963.00800209364
2008-05-19,34876.81997842727
2008-05-20,32852.87195205478
2008-05-21,32322.9798323554
2008-05-22,32192.67934619398
2008-05-23,41761.20656053353
2008-05-27,32511.583384717378
2008-05-28,31735.277679257833
2008-05-29,31269.56590452573
2008-05-30,33021.12253522374
2008-06-02,31939.076904552847
2008-06-03,31623.19371134424
2008-06-04,32206.517809978537
2008-06-05,32668.455963127755
2008-06-06,32309.75502819658
2008-06-09,30596.08834995444
2008-06-10,30862.079799589446
2008-06-11,33391.1127499221
2008-06-12,31951.359171736218
2008-06-13,32280.867812918877
2008-06-16,31342.188460702582
2008-06-17,31573.587294196317
2008-06-18,30203.709212472713
2008-06-19,29935.49436044821
2008-06-20,29989.01786446181
2008-06-23,30953.83090821236
2008-06-24,30838.9126063746
2008-06-25,30446.3177893717
2008-06-26,30008.38825506533
2008-06-27,29779.89911220376
2008-06-30,29218.3007393446
2008-07-01,29138.906267810915
2008-07-02,29333.612134276274
2008-07-03,29021.44778060967
2008-07-07,30469.85515009138
2008-07-08,28627.628741455792
2008-07-09,32101.232060617887
2008-07-10,31916.82665555509
2008-07-11,29158.2989594378
2008-07-14,28485.250695382958
2008-07-15,26698.66138378549
2008-07-16,26581.274126891236
2008-07-17,27070.123849120628
2008-07-18,25965.38604744188
2008-07-21,26759.780390963304
2008-07-22,26990.36493262013
2008-07-23,26485.120684644233
2008-07-24,28730.702554024774
2008-07-25,26534.65548956725
2008-07-28,27787.97628523013
2008-07-29,26350.10180876487
2008-07-30,26664.437874089675
2008-07-31,24805.952650433057
2008-08-01,24497.147327750943
2008-08-04,24788.37575235233
2008-08-05,41802.15448796067
2008-08-08,30005.969818708654
2008-08-11,34646.57996420592
2008-08-12,27210.473952904973
2008-08-13,26161.18470708371
2008-08-26,25128.868780164983
2008-08-27,30788.150814803055
2008-08-28,28089.051298816164
2008-08-29,26591.02633533786
2008-09-02,26768.639101057594
2008-09-03,28177.13666421394
2008-09-04,27644.419010789697
2008-09-05,31055.76543145122
2008-09-08,29877.81061282265
2008-09-09,43756.15233320039
2008-09-10,48560.18777513761
2008-09-11,37056.68439289305
2008-09-12,31677.33265931289
2008-09-15,35754.06140715149
2008-09-16,31894.445580425832
2008-09-17,32508.34308369098
2008-09-18,37653.211529780885
2008-09-19,37322.80251716077
2008-09-22,39005.57800646878
2008-09-23,42206.564699830415
2008-09-24,38137.139876684654
2008-09-25,37508.59144354374
2008-09-26,35671.03926384152
2008-09-29,36506.68374032127
2008-09-30,37167.09062210529
2008-10-01,43561.5453298669
2008-10-02,38709.2164330845
2008-10-03,41051.70196592708
2008-10-06,37094.044937777355
2008-10-07,40976.67004831968
2008-10-08,39410.86937286301
2008-10-09,58865.02615813801
2008-10-10,61127.12422885587
2008-10-13,48788.80101523218
2008-10-14,46344.021966066495
2008-10-15,43036.487631813696
2008-10-16,43518.66339392763
2008-10-17,42096.114345944465
2008-10-20,42051.372828965854
2008-10-21,43008.354536955914
2008-10-22,43982.945783092015
2008-10-23,45432.85401258234
2008-10-24,43254.605070723446
2008-10-27,45048.3378229146
2008-10-28,45441.034841277055
2008-10-29,77691.69982189235
2008-10-30,73105.52577676966
2008-10-31,68373.44591071956
2008-11-03,66598.51163587208
2008-11-04,64055.58940382928
2008-11-05,70074.10810667952
2008-11-06,68022.684963693
2008-11-07,67753.46126301531
2008-11-10,68637.15335878893
2008-11-11,65670.31847043418
2008-11-12,65307.14067439552
2008-11-13,69087.8866535872
2008-11-14,66289.8760751411
2008-11-17,64720.60817904079
2008-11-18,65902.81772691564
2008-11-19,60271.350916542826
2008-11-20,58316.672096432616
2008-11-21,60351.40461232462
2008-11-24,63819.44786676521
2008-11-25,65148.02742476872
2008-11-26,68164.11435284512
2008-11-28,63100.3197383493
2008-12-01,56906.47420461154
2008-12-02,63611.46693486325
2008-12-03,64788.134477018066
2008-12-04,61825.572832222795
2008-12-05,63639.554190729206
2008-12-08,63808.23768509949
2008-12-09,66297.80967224615
2008-12-10,68521.49655911802
2008-12-11,66915.68476186683
2008-12-12,66941.66395829573
2008-12-15,67264.81876610804
2008-12-16,67779.99266819119
2008-12-17,68260.43892265791
2008-12-18,68954.57050158516
2008-12-19,65104.822811979204
2008-12-22,66996.53849998504
2008-12-23,65249.46018818237
2008-12-24,62106.26911233425
2008-12-26,61994.37616281455
2008-12-29,59723.5672117116
2008-12-30,60140.579770182216
2008-12-31,60622.08992914551
2009-01-02,58309.59652350546
2009-01-05,57945.89360899739
2009-01-06,56058.787413645376
2009-01-07,55957.33633345769
2009-01-08,57024.54057129563
2009-01-09,53877.96212268649
2009-01-12,57666.373481109375
2009-01-13,56038.86581792101
2009-01-14,53428.48996501806
2009-01-15,49478.969127067576
2009-01-16,51805.582119553765
2009-01-20,50307.987180200784
2009-01-21,49150.48409351613
2009-01-22,46464.26533359409
2009-01-23,48800.47598000796
2009-01-26,48474.59951059112
2009-01-27,48109.37919611339
2009-01-28,47262.85732513363
2009-01-29,45037.15321235974
2009-01-30,45058.59377572594
2009-02-02,43821.74871532753
2009-02-03,43289.11784468876
2009-02-04,41472.752714541835
2009-02-05,41571.72943674436
2009-02-06,42078.30425479655
2009-02-09,40244.47599167226
2009-02-10,40069.30098543951
2009-02-11,40457.85925029446
2009-02-12,39958.05887853122
2009-02-13,39617.797307589986
2009-02-17,40487.062567520916
2009-02-18,39315.6040706764
2009-02-19,38215.05885948495
2009-02-20,38370.772396826535
2009-02-23,41736.35304888012
2009-02-24,42857.06736526432
2009-02-25,41620.35951120132
2009-02-26,43273.017126038605
2009-02-27,43169.04132054661
2009-03-02,42318.883745885825
2009-03-03,45267.17885170481
2009-03-04,44182.56962924596
2009-03-05,43497.70485947261
2009-03-06,43975.00489931904
2009-03-09,41785.36130420211
2009-03-10,43193.03719749258
2009-03-11,42235.2639108377
2009-03-12,44251.05794806916
2009-03-13,46344.98539847988
2009-03-16,43072.68172844119
2009-03-17,43120.10445555141
2009-03-18,43369.72948450365
2009-03-19,54874.305209394806
2009-03-20,53807.92300124653
2009-03-23,53356.18203508478
2009-03-24,49607.47610664331
2009-03-25,66809.94739763136
2009-03-26,58743.227443019976
2009-03-27,54203.92069244657
2009-03-30,57590.564620935605
2009-03-31,53526.95479648871
2009-04-01,55804.53966886578
2009-04-02,56418.84859344827
2009-04-03,46376.84828981667
2009-04-06,45753.560094945016
2009-04-07,47748.28432161052
2009-04-08,46643.14934413967
2009-04-09,47921.421088000585
2009-04-13,48501.31843309279
2009-04-14,46758.56901771275
2009-04-15,49404.7429860065
2009-04-16,48952.88082138931
2009-04-17,47816.55816311843
2009-04-20,44758.51143102529
2009-04-21,44907.90191646907
2009-04-22,43794.39205080845
2009-04-23,45351.67857127571
2009-04-24,46525.271647635454
2009-04-27,46220.91289317155
2009-04-28,46302.61676164365
2009-04-29,44925.605054093176
2009-04-30,46785.953514885274
2009-05-01,47132.98793688584
2009-05-04,52979.098899984
2009-05-05,56263.80040334462
2009-05-06,54365.96477385749
2009-05-07,43692.56732466486
2009-05-08,44934.38257782191
2009-05-11,43886.093884062604
2009-05-12,44261.747830621876
2009-05-13,40686.854039137215
2009-05-14,41039.37189576874
2009-05-15,40488.1720723187
2009-05-18,41607.65130112272
2009-05-19,39803.80246260942
2009-05-20,40075.994965735816
2009-05-21,38579.207411679025
2009-05-22,37963.551686078994
2009-05-26,39215.40142681088
2009-05-27,36947.74145097173
2009-05-28,39728.437444967516
2009-05-29,42310.48745125757
2009-06-01,48290.84587971718
2009-06-02,47277.24255716669
2009-06-03,44922.428365630694
2009-06-04,46883.0256416258
2009-06-05,46761.39554822942
2009-06-08,50857.971083031254
2009-06-09,51230.451551519414
2009-06-10,50144.57521918367
2009-06-11,50856.71800315993
2009-06-12,48605.27532090091
2009-06-15,45084.56520972604
2009-06-16,45408.81706033254
2009-06-17,43784.17228817761
2009-06-18,43369.14186130602
2009-06-19,44217.585246935116
2009-06-22,44566.55181310336
2009-06-23,45510.66769062664
2009-06-24,43830.74486602638
2009-06-25,42932.48918457681
2009-06-26,44584.020580726705
2009-06-29,44853.02507489676
2009-06-30,44167.40503738654
2009-07-01,45534.03496306068
2009-07-02,44490.869816438826
2009-07-06,45750.14866027117
2009-07-07,44437.87022121802
2009-07-08,44337.94123645968
2009-07-09,43311.08051704849
2009-07-10,42458.19139014729
2009-07-13,41878.42067410973
2009-07-14,42504.706380237396
2009-07-15,41066.197465584824
2009-07-16,41511.78761026719
2009-07-17,42601.57317274406
2009-07-20,44645.9978538708
2009-07-21,45204.90486274051
2009-07-22,45106.97537768371
2009-07-23,45314.812554837605
2009-07-24,45497.94285520347
2009-07-27,46486.987198354276
2009-07-28,45196.38039814608
2009-07-29,44952.03048096665
2009-07-30,47545.786331287665
2009-07-31,48758.49332456425
2009-08-03,42780.44094864071
2009-08-04,42279.05921411339
2009-08-05,42106.8701095503
2009-08-06,41682.400643056346
2009-08-07,41597.90118904021
2009-08-10,41473.201071356256
2009-08-11,41379.65966983323
2009-08-12,39530.304202961466
2009-08-13,39640.21677767772
2009-08-14,40118.20769512067
2009-08-17,40288.42293153551
2009-08-18,40756.458408733444
2009-08-19,39594.60252907768
2009-08-20,39991.38005942883
2009-08-21,39699.931417759
2009-08-24,41053.704149601544
2009-08-25,40065.69874016463
2009-08-26,39757.23951200557
2009-08-27,39115.67852431744
2009-08-28,38114.67582820167
2009-08-31,36496.70592403784
2009-09-01,36791.84166768591
2009-09-02,36988.05920844823
2009-09-03,38493.15791453767
2009-09-04,36768.95725884641
2009-09-08,37862.90432456096
2009-09-09,38994.18347117577
2009-09-10,38279.637713605895
2009-09-11,39755.82567714811
2009-09-14,41150.012739642414
2009-09-15,38212.459889529346
2009-09-16,37685.63653841625
2009-09-17,38002.377015677484
2009-09-18,37420.02036513261
2009-09-21,37465.18784907324
2009-09-22,37547.024751208926
2009-09-23,39435.37943676349
2009-09-24,38994.80394465266
2009-09-25,40146.19301807532
2009-09-28,39387.9480688772
2009-09-29,38817.64539082797
2009-09-30,39213.89838094617
2009-10-01,40460.22678984042
2009-10-02,40226.0543963432
2009-10-05,39266.427980934444
2009-10-06,40370.001365874465
2009-10-07,41250.16790272612
2009-10-08,40289.02956290199
2009-10-09,41468.02951619142
2009-10-12,42324.26777259766
2009-10-13,41494.89589619063
2009-10-14,44862.50951841669
2009-10-15,43651.76041312225
2009-10-16,43615.91207325343
2009-10-19,42355.38328156218
2009-10-20,43210.08187256543
2009-10-21,40695.74077664685
2009-10-22,41932.48687546332
2009-10-23,40345.95953794584
2009-10-26,38337.37545900272
2009-10-27,50084.0104462242
2009-10-28,46633.63176233744
2009-10-29,47132.04057958457
2009-10-30,46900.11645529204
2009-11-02,45462.90029672185
2009-11-03,45309.27604907823
2009-11-04,44458.29679131294
2009-11-05,42365.51304685657
2009-11-06,42226.69159300119
2009-11-09,43331.20787881866
2009-11-10,44700.74447978534
2009-11-11,44161.169645945054
2009-11-12,42067.173036211076
2009-11-13,44984.908445192836
2009-11-16,47930.81337613798
2009-11-17,48916.06020197256
2009-11-18,47277.27264373019
2009-11-19,46214.65273211761
2009-11-20,44192.06195447843
2009-11-23,46490.79928299134
2009-11-24,46205.3047382173
2009-11-25,46054.778696556874
2009-11-27,45181.98780315483
2009-11-30,46486.65305790515
2009-12-01,47636.087377217176
2009-12-02,47853.43329178068
2009-12-03,46558.82417469435
2009-12-04,46722.53089293481
2009-12-07,50991.73379444542
2009-12-08,46574.310556680444
2009-12-09,47598.23716329484
2009-12-10,47384.77930296088
2009-12-11,46017.38068563579
2009-12-14,44797.308448081276
2009-12-15,45662.19111996385
2009-12-16,46011.45013116831
2009-12-17,46045.375374790034
2009-12-18,47652.78751340782
2009-12-21,46114.51907849817
2009-12-22,45988.10090244045
2009-12-23,46701.69967448209
2009-12-24,47371.18647052921
2009-12-28,47641.3673724682
2009-12-29,46351.965113935534
2009-12-30,45392.9263598244
2009-12-31,43664.3211080866
2010-01-04,47305.39667073913
2010-01-05,48523.51557479182
2010-01-06,49770.822667071094
2010-01-07,48077.24653446955
2010-01-08,45864.00047433518
2010-01-11,48631.51274218428
2010-01-12,49876.549605559434
2010-01-13,47020.82416498725
2010-01-14,47570.34159919869
2010-01-15,47269.93569047523
2010-01-19,46889.895638142894
2010-01-20,44302.697302163186
2010-01-21,42971.862616917235
2010-01-22,41722.885818181705
2010-01-25,44765.436692455616
2010-01-26,44128.06323840178
2010-01-27,43670.62657053474
2010-01-28,43978.9432170822
2010-01-29,42441.64468268054
2010-02-01,43457.04045332422
2010-02-02,43804.5525050447
2010-02-03,44714.89389998792
2010-02-04,43648.74917761891
2010-02-05,48919.391357828565
2010-02-08,46736.94081507191
2010-02-09,46972.60962035517
2010-02-10,47295.6566692186
2010-02-11,48169.87641149411
2010-02-12,46811.441639115204
2010-02-16,46337.0327094392
2010-02-17,48409.794361643595
2010-02-18,47479.6024378153
2010-02-19,45691.79281341252
2010-02-22,44071.81539158455
2010-02-23,45897.850758942324
2010-02-24,44505.7358542871
2010-02-25,43244.306492645184
2010-02-26,43126.0167337042
2010-03-01,43083.62731319666
2010-03-02,42851.54168435962
2010-03-03,43533.7542082888
2010-03-04,44577.56127381879
2010-03-05,46917.355491127186
2010-03-08,45444.62430844246
2010-03-09,41884.44974102579
2010-03-10,41035.756310268844
2010-03-11,39420.295020223624
2010-03-12,41129.572320603664
2010-03-15,39679.3084523447
2010-03-16,38160.497668350195
2010-03-17,41648.61890484804
2010-03-18,41399.07903814604
2010-03-19,39164.05892939216
2010-03-22,42464.767222795526
2010-03-23,24428.22719824984
2010-03-24,27502.60057281485
2010-03-25,44722.84812269387
2010-03-26,42221.99755109228
2010-03-29,43082.5834448152
2010-03-30,43630.09081622686
2010-03-31,43161.0377789287
2010-04-01,43908.45228742848
2010-04-05,44866.39987809195
2010-04-06,44522.05457801833
2010-04-07,43458.95013314342
2010-04-08,42152.20010808719
2010-04-09,42432.04984557878
2010-04-12,43491.365349148844
2010-04-13,42591.58718379702
2010-04-14,45659.46808412863
2010-04-15,45274.988658440554
2010-04-16,42275.91589259104
2010-04-19,45519.70405627093
2010-04-20,46305.2341300189
2010-04-21,40926.73453885435
2010-04-22,38423.47542970253
2010-04-23,38781.58488522484
2010-04-26,39266.52043518379
2010-04-27,39787.7628625791
2010-04-28,39016.29896450088
2010-04-29,36630.69295662743
2010-04-30,38447.68861337521
2010-05-03,36867.95572328471
2010-05-04,36273.69928949766
2010-05-05,38275.38783457889
2010-05-06,37604.00367663282
2010-05-07,36876.38803219806
2010-05-10,36654.822206269906
2010-05-11,36571.0832059482
2010-05-12,36359.26227557003
2010-05-13,36125.96016362129
2010-05-14,37635.70893067816
2010-05-17,37553.567932437654
2010-05-18,36450.229326426495
2010-05-19,35999.893053082465
2010-05-20,36567.580676178586
2010-05-21,38425.69651986395
2010-05-24,38222.16773034652
2010-05-25,36840.67944779086
2010-05-26,36959.083431067564
2010-05-27,36564.10704106658
2010-05-28,37849.31811092461
2010-06-01,36803.94755378426
2010-06-02,37251.360999383236
2010-06-03,28070.11312570332
2010-06-04,43253.371608671565
2010-06-07,36774.353939376146
2010-06-08,35957.617827655165
2010-06-09,36089.11232235966
2010-06-10,35879.796314022075
2010-06-11,33862.27905330034
2010-06-14,34725.75049015649
2010-06-15,33800.60196618132
2010-06-16,37342.651829829556
2010-06-17,37818.00132362457
2010-06-18,38313.30025767079
2010-06-21,37915.014694907084
2010-06-22,40477.322500894035
2010-06-23,39456.08045329783
2010-06-24,40013.360762307435
2010-06-25,39596.58777996445
2010-06-28,40814.497886915684
2010-06-29,38245.0230928676
2010-06-30,40408.94620599228
2010-07-01,38264.80373471486
2010-07-02,38520.13591836388
2010-07-06,37281.36629400088
2010-07-07,37628.47341463417
2010-07-08,37728.00757711193
2010-07-09,36611.86544950738
2010-07-12,36396.14342284288
2010-07-13,36270.32192222915
2010-07-14,35647.45282741079
2010-07-15,34265.3373603394
2010-07-16,37800.07918906102
2010-07-19,39962.483228258585
2010-07-20,39217.25297170406
2010-07-21,38768.075916296875
2010-07-22,39014.50886067836
2010-07-23,41310.78715835809
2010-07-26,41732.1058241367
2010-07-27,41527.460459578724
2010-07-28,40820.769223477095
2010-07-29,39767.62572961269
2010-07-30,39854.54772116912
2010-08-02,41196.170628668835
2010-08-03,42218.7397996996
2010-08-04,41690.356093361
2010-08-05,40438.80446748011
2010-08-06,41118.88853247122
2010-08-09,40822.80633355635
2010-08-10,41122.20167235926
2010-08-11,37941.150880662724
2010-08-12,37016.045546220164
2010-08-13,22192.932005665523
2010-08-16,22446.662660882706
2010-08-17,30120.49387150953
2010-08-18,30839.160961114478
2010-08-19,29680.304644713367
2010-08-20,30627.468982452956
2010-08-23,32794.819892000436
2010-08-24,32813.284946065374
2010-08-25,31469.456436742028
2010-08-26,30571.381891653215
2010-08-27,32992.414451626486
2010-08-30,33930.35316945886
2010-08-31,34334.877089542686
2010-09-01,33328.981423889134
2010-09-02,33096.51135144556
2010-09-03,35135.35375755455
2010-09-07,32968.55818003814
2010-09-08,34116.589169183346
2010-09-09,34598.85315796805
2010-09-10,33314.39435381969
2010-09-13,35178.86850943782
2010-09-14,35377.05257596772
2010-09-15,38898.434413708565
2010-09-16,38925.992436750355
2010-09-17,38740.283272093344
2010-09-20,39145.88819684058
2010-09-21,39296.249640665555
2010-09-22,40645.545658645824
2010-09-23,39491.7542870221
2010-09-24,39283.13390068001
2010-09-27,38879.141427954586
2010-09-28,40163.796081477885
2010-09-29,39873.85912292737
2010-09-30,39222.57645397208
2010-10-01,40223.14939814774
2010-10-04,39789.793866016116
2010-10-05,40867.563383012784
2010-10-06,42139.15978652451
2010-10-07,44065.338077531174
2010-10-08,43465.74007752359
2010-10-11,35479.1727568863
2010-10-12,35297.83480307976
2010-10-13,35917.72221183572
2010-10-14,37028.36487506255
2010-10-15,35793.08669062949
2010-10-18,35060.6793912228
2010-10-19,33979.922218059415
2010-10-20,37509.19825443864
2010-10-21,36863.50090439516
2010-10-22,36495.88186014153
2010-10-25,32674.300846924118
2010-10-26,36956.51356239225
2010-10-27,40277.30265261082
2010-10-28,44501.4738714033
2010-10-29,41124.26071860602
2010-11-01,40184.01730052762
2010-11-02,39800.50908510086
2010-11-03,37816.363452488724
2010-11-04,39891.1386544741
2010-11-05,47778.752859451684
2010-11-08,48055.24288121881
2010-11-09,45007.616219357
2010-11-10,48839.7683931411
2010-11-11,48108.752815280015
2010-11-12,45880.00975027063
2010-11-15,48366.46160185147
2010-11-16,44902.775495969254
2010-11-17,46588.61117234206
2010-11-18,47130.14038535889
2010-11-19,47638.87417254439
2010-11-22,42847.63875778022
2010-11-23,44245.750379069665
2010-11-24,42311.67627044294
2010-11-26,41168.12059140288
2010-11-29,41470.02585879397
2010-11-30,41000.05829436053
2010-12-01,41909.71336706353
2010-12-02,42052.240603562444
2010-12-03,41552.17769766818
2010-12-06,42677.106517521344
2010-12-07,40691.17035010377
2010-12-08,43820.84411086658
2010-12-09,42867.14591468171
2010-12-10,41697.12405432665
2010-12-13,43247.67876153998
2010-12-14,42046.035093559185
2010-12-15,40727.39569314565
2010-12-16,41409.31483746837
2010-12-17,42141.696101974434
2010-12-20,42585.255009051725
2010-12-21,43902.148804598786
2010-12-22,43540.298678155996
2010-12-23,42840.607911385625
2010-12-27,42407.62721836043
2010-12-28,43842.10421281145
2010-12-29,43184.5803967897
2010-12-30,42128.44282877824
2010-12-31,42927.05377150819
2011-01-03,44598.26357335765
2011-01-04,42892.344335668786
2011-01-05,34642.93876265949
2011-01-06,35415.344417688524
2011-01-07,34346.9379457682
2011-01-10,34542.054421087254
2011-01-11,33675.28003003776
2011-01-12,34375.69499793623
2011-01-13,33314.73719223541
2011-01-14,32326.400535114404
2011-01-18,30416.739805600737
2011-01-19,30195.513063529423
2011-01-20,29383.23262145389
2011-01-21,32099.50627223
2011-01-24,31634.767351727252
2011-01-25,31212.069754037268
2011-01-26,32033.029405264944
2011-01-27,30812.240481261942
2011-01-28,31879.810978312755
2011-01-31,29916.41851378605
2011-02-01,31807.327963686166
2011-02-02,31941.536112903897
2011-02-03,32935.74350772643
2011-02-04,32252.010214591293
2011-02-07,32778.94984120148
2011-02-08,31972.716613254473
2011-02-09,31536.745992759024
2011-02-10,30971.614120905997
2011-02-11,31610.18622328121
2011-02-14,32240.46204286136
2011-02-15,32091.940473971077
2011-02-16,32807.457796510156
2011-02-17,28978.80487908517
2011-02-18,30520.204184294613
2011-02-22,30710.802243345755
2011-02-23,29849.727375191786
2011-02-24,29281.899491739965
2011-02-25,28733.214562170946
2011-02-28,29967.576118029527
2011-03-01,29816.1067118835
2011-03-02,30126.036778362595
2011-03-03,29286.444345680236
2011-03-04,29613.39681134013
2011-03-07,29557.86665563675
2011-03-08,29636.110178615814
2011-03-09,29780.708877708137
2011-03-10,29373.649628390536
2011-03-11,30571.59508342426
2011-03-14,29586.54852624168
2011-03-15,29532.037634051983
2011-03-16,30331.382249849703
2011-03-17,31450.62570541844
2011-03-18,31116.60593244175
2011-03-21,34513.69730574599
2011-03-22,36598.52220450638
2011-03-23,35453.33026413235
2011-03-24,34274.27852726615
2011-03-25,33757.479619608996
2011-03-28,33513.11396165046
2011-03-29,35011.61879844802
2011-03-30,33486.49517751658
2011-03-31,34785.86295105063
2011-04-01,33613.04635720778
2011-04-04,32096.717901492524
2011-04-05,32432.02309804166
2011-04-06,31600.946245844603
2011-04-07,31141.83406469814
2011-04-08,30959.482780497507
2011-04-11,29752.994428408274
2011-04-12,29293.08731047183
2011-04-13,31014.45767123686
2011-04-14,29844.377519089136
2011-04-15,30122.16786647904
2011-04-18,31163.00487275579
2011-04-19,30341.19050794854
2011-04-20,29854.67641128242
2011-04-21,30880.907143673074
2011-04-25,31303.411800439346
2011-04-26,30501.013433232038
2011-04-27,30612.87409259981
2011-04-28,32345.697593988618
2011-04-29,32590.399527603466
2011-05-02,33502.15181255931
2011-05-03,34897.60500434873
2011-05-04,34408.84004979284
2011-05-05,34194.89367620176
2011-05-06,37356.034316046105
2011-05-09,36268.81374041601
2011-05-10,35347.0532289376
2011-05-11,34422.337083994134
2011-05-12,33855.1647945239
2011-05-13,34292.99900582293
2011-05-16,34402.991250443876
2011-05-17,34103.75684387323
2011-05-18,34660.031720584615
2011-05-19,34950.99444359323
2011-05-20,34231.703874800725
2011-05-23,34519.21394551717
2011-05-24,33991.000426144725
2011-05-25,33185.219522531086
2011-05-26,34078.96113811041
2011-05-27,32809.933486326154
2011-05-31,39325.32796937277
2011-06-01,37242.99564775351
2011-06-02,33306.98218552311
2011-06-03,35452.14531327269
2011-06-06,35338.51635946526
2011-06-07,34080.90937654056
2011-06-08,34433.772424727205
2011-06-09,32438.45562361374
2011-06-10,32260.433993051007
2011-06-13,34867.52341939703
2011-06-14,35977.745951061836
2011-06-15,36729.145828750574
2011-06-16,35588.62029555291
2011-06-17,35246.42432290742
2011-06-20,35264.19043731583
2011-06-21,34726.98136890149
2011-06-22,35098.87912472342
2011-06-23,34655.313261063035
2011-06-24,33244.346521951535
2011-06-27,34750.10924540221
2011-06-28,34505.091002137015
2011-06-29,34446.55965969347
2011-06-30,35551.68169583346
2011-07-01,33147.955032729406
2011-07-05,33411.47780055141
2011-07-06,34274.695446368445
2011-07-07,34317.51924048275
2011-07-08,33464.321728739065
2011-07-11,34284.66789217227
2011-07-12,34594.81511099108
2011-07-13,33437.20431434195
2011-07-14,32046.84779256166
2011-07-15,33733.343294846505
2011-07-18,33633.018060104245
2011-07-19,31457.520951934806
2011-07-20,31713.27839784073
2011-07-21,31190.72884166374
2011-07-22,30524.107054678974
2011-07-25,31257.378294603637
2011-07-26,30535.398908331983
2011-07-27,30293.617416306428
2011-07-28,30657.37181536522
2011-07-29,31601.61599100662
2011-08-01,32823.1550597503
2011-08-02,32531.014778556877
2011-08-03,30106.4282495063
2011-08-04,30668.263400578468
2011-08-05,31885.780804387712
2011-08-08,31916.88133850707
2011-08-09,32236.636424875003
2011-08-10,60368.78047057133
2011-08-11,41620.28461810142
2011-08-12,40430.806877978306
2011-08-15,41249.88818082632
2011-08-16,42828.30525982668
2011-08-17,43138.187423187985
2011-08-18,42731.10521976213
2011-08-19,39641.431621659474
2011-08-22,41451.27644824387
2011-08-23,40551.2312202822
2011-08-24,41070.58364593906
2011-08-25,42768.97136161634
2011-08-26,44415.28688897623
2011-08-29,46460.61569068726
2011-08-30,45595.987828340156
2011-08-31,49269.8113406328
2011-09-01,46136.814584713175
2011-09-02,49866.66006656282
2011-09-06,47951.52959651639
2011-09-07,46306.38177566374
2011-09-08,48615.895271548805
2011-09-09,48449.849881920956
2011-09-12,48499.8305550353
2011-09-13,49342.553342674015
2011-09-14,50001.80894683501
2011-09-15,49305.37891524824
2011-09-16,47857.71173498519
2011-09-19,48005.460960894765
2011-09-20,49012.499598986535
2011-09-21,48107.32715178466
2011-09-22,45405.0662496281
2011-09-23,47911.45626734528
2011-09-26,55155.572943216044
2011-09-27,52537.01888648698
2011-09-28,52166.08060626329
2011-09-29,54384.050489030305
2011-09-30,51863.224386436515
2011-10-03,50201.082059470245
2011-10-04,51074.77743377088
2011-10-05,51809.78305298735
2011-10-06,50741.27370068161
2011-10-07,48821.44235280678
2011-10-10,49953.05426895318
2011-10-11,51353.13323083985
2011-10-12,51321.82634917645
2011-10-13,49747.90571570675
2011-10-14,48855.907932761496
2011-10-17,46867.84142007301
2011-10-18,46617.21746587213
2011-10-19,46768.05755391481
2011-10-20,52337.71934066411
2011-10-21,49654.5205061399
2011-10-24,51911.40876344601
2011-10-25,54535.77421998979
2011-10-26,52956.789824236344
2011-10-27,52127.30456146797
2011-10-28,52223.1725840149
2011-10-31,48669.83417211933
2011-11-01,55761.11457388843
2011-11-02,53782.70807987077
2011-11-03,48736.32006883803
2011-11-04,48027.293805066256
2011-11-07,45185.45810100481
2011-11-08,46414.786477746864
2011-11-09,45437.68787819334
2011-11-10,49265.97291176124
2011-11-11,46328.8418487671
2011-11-14,46952.89648578492
2011-11-15,46042.48716803271
2011-11-16,45589.5672395859
2011-11-17,44023.03316062508
2011-11-18,50114.12955173747
2011-11-21,47387.915438050906
2011-11-22,48160.863357284565
2011-11-23,49257.47020719039
2011-11-25,47884.4633058472
2011-11-28,47790.92457756222
2011-11-29,49104.896773329936
2011-11-30,48467.29780909398
2011-12-01,53503.447757242975
2011-12-02,50750.412679031266
2011-12-05,48660.92507606589
2011-12-06,48677.35584655321
2011-12-07,48971.11037659941
2011-12-08,46856.1761984979
2011-12-09,51109.784712932975
2011-12-12,47200.27830922368
2011-12-13,48729.4812118669
2011-12-14,49486.55021991692
2011-12-15,53684.43481754342
2011-12-16,54353.229718679504
2011-12-19,55825.084377345105
2011-12-20,53802.93645465847
2011-12-21,54744.689670706575
2011-12-22,52672.526645832615
2011-12-23,49206.83719008086
2011-12-27,50247.36698529812
2011-12-28,46876.28374086256
2011-12-29,48193.26274420028
2011-12-30,49690.18571432782
2012-01-03,44493.12117189816
2012-01-04,50187.18710137109
2012-01-05,51982.06847625733
2012-01-06,48762.33072912114
2012-01-09,48311.990346779385
2012-01-10,47377.535255019415
2012-01-11,50028.613072823886
2012-01-12,49758.75248294526
2012-01-13,47491.06580154798
2012-01-17,46387.77861871452
2012-01-18,48454.39663571326
2012-01-19,48209.60893790828
2012-01-20,46915.4801583834
2012-01-23,45432.51431456861
2012-01-24,46222.63625435733
2012-01-25,45163.7782382518
2012-01-26,50075.347617185966
2012-01-27,51250.552982109184
2012-01-30,49592.49316687
2012-01-31,48785.87993697212
2012-02-01,40507.024892182875
2012-02-02,39421.604551091965
2012-02-03,39415.90262451319
2012-02-06,40134.08762752472
2012-02-07,41048.65568544679
2012-02-08,41294.1270568438
2012-02-09,40385.08739517561
2012-02-10,38848.689684153374
2012-02-13,38321.321066913464
2012-02-14,37053.285047720354
2012-02-15,38248.44846048564
2012-02-16,37355.5169043264
2012-02-17,37632.175107210314
2012-02-21,36140.012859951945
2012-02-22,39211.757297426506
2012-02-23,38895.55167142787
2012-02-24,39120.7025723161
2012-02-27,37656.03456386623
2012-02-28,38317.42132799947
2012-02-29,37303.30310681028
2012-03-01,55385.03310916776
2012-03-02,54676.33996364429
2012-03-05,54581.36031980141
2012-03-06,47593.93375585843
2012-03-07,52023.36370485746
2012-03-08,53557.02049927001
2012-03-09,54989.03456301035
2012-03-12,51093.5154867881
2012-03-13,53369.7653139576
2012-03-14,51862.54227987612
2012-03-15,61449.70762107146
2012-03-16,54672.65283514772
2012-03-19,53749.87839669808
2012-03-20,51627.851658238265
2012-03-21,50405.544741129735
2012-03-22,48130.32629752602
2012-03-23,46089.91870812232
2012-03-26,47572.07220412874
2012-03-27,47941.69438734396
2012-03-28,47166.338800586556
2012-03-29,45144.34010162317
2012-03-30,45662.122768191344
2012-04-02,46952.04223990354
2012-04-03,43968.49356565889
2012-04-04,47520.62852921266
2012-04-05,49828.29122125329
2012-04-09,49914.93863862734
2012-04-10,45265.99638406392
2012-04-11,44167.63633132949
2012-04-12,45049.97627439403
2012-04-13,43711.618048909935
2012-04-16,42073.26933833854
2012-04-17,42882.78628602414
2012-04-18,40797.78756913315
2012-04-19,40051.07344031542
2012-04-20,39035.610116415235
2012-04-23,38291.28949770597
2012-04-24,37906.332780752375
2012-04-25,38388.5649374494
2012-04-26,37632.766262349935
2012-04-27,39528.11813673861
2012-04-30,38343.60124609864
2012-05-01,36923.230024382116
2012-05-02,37255.30826677379
2012-05-03,35546.89940269254
2012-05-04,38435.57355358802
2012-05-07,38320.943139681505
2012-05-08,38085.30506616719
2012-05-09,37513.16729955069
2012-05-10,38091.28964860371
2012-05-11,36857.56800065145
2012-05-14,37799.05375216974
2012-05-15,36991.76405607788
2012-05-16,38140.12834218318
2012-05-17,37373.475070143475
2012-05-18,39162.0804823009
2012-05-21,38499.717540340615
2012-05-22,36534.2053648023
2012-05-23,37723.49136814363
2012-05-24,37055.55153747087
2012-05-25,34024.590938246605
2012-05-29,30690.863344293306
2012-05-30,31121.87529888605
2012-05-31,30825.182029132804
2012-06-01,30268.617772536916
2012-06-04,35943.93786014641
2012-06-05,35333.34291490806
2012-06-06,34149.11610179522
2012-06-07,32072.73231471838
2012-06-08,34062.21550104826
2012-06-11,33352.55147111816
2012-06-12,33820.97985458358
2012-06-13,33216.52262671484
2012-06-14,32545.82067342159
2012-06-15,33881.02666987824
2012-06-18,32064.323829953846
2012-06-19,31853.52824014166
2012-06-20,31546.31441945561
2012-06-21,31301.280476860768
2012-06-22,40815.001254786475
2012-06-25,39914.95402770214
2012-06-26,39019.49421252883
2012-06-27,37979.35806994189
2012-06-28,36795.251895513495
2012-06-29,39247.97593012588
2012-07-02,45162.79023335422
2012-07-03,44876.003607084785
2012-07-05,45083.1903524567
2012-07-06,44377.040472787376
2012-07-09,43992.419257521
2012-07-10,41450.004611965545
2012-07-11,41474.55656794857
2012-07-12,40557.89058763106
2012-07-13,40680.973932193694
2012-07-16,41609.53142333016
2012-07-17,41697.09293755189
2012-07-18,41856.83696970219
2012-07-19,39831.74441647006
2012-07-20,39864.22710923708
2012-07-23,38384.72630130755
2012-07-24,35793.57880011707
2012-07-25,34363.378031049244
2012-07-26,36003.87250925441
2012-07-27,36908.352312939955
2012-07-30,37571.089003383546
2012-07-31,35178.21785769004
2012-08-01,35590.1604571548
2012-08-02,35639.58884018317
2012-08-03,38365.68601884463
2012-08-06,39176.50333381252
2012-08-07,51283.04729470256
2012-08-08,39674.476953677295
2012-08-09,39904.57560554478
2012-08-10,37125.538233971274
2012-08-13,37281.102998210765
2012-08-14,38800.17720496066
2012-08-15,39724.36837876062
2012-08-16,38365.9712330313
2012-08-17,38220.68265538346
2012-08-20,38655.391426613714
2012-08-21,39039.60313077732
2012-08-22,35400.65717550344
2012-08-23,37451.5937294048
2012-08-24,38299.54504844779
2012-08-27,38145.40928084819
2012-08-28,37088.62899237709
2012-08-29,37318.28854057952
2012-08-30,36534.06628447916
2012-08-31,38277.449669201495
2012-09-04,42848.691828023235
2012-09-05,37206.90726125415
2012-09-06,37985.1732653831
2012-09-07,38769.96827393265
2012-09-10,40462.55246064059
2012-09-11,38535.89126269133
2012-09-12,38377.43896119904
2012-09-13,40885.124223682746
2012-09-14,45056.597726291526
2012-09-17,44756.899332233086
2012-09-18,44204.601643606344
2012-09-19,44370.8135525528
2012-09-20,41631.59425432582
2012-09-21,43730.74436474143
2012-09-24,41032.253249268164
2012-09-25,39691.14631929703
2012-09-26,38623.02655718971
2012-09-27,40857.456439366666
2012-09-28,38324.25192966954
2012-10-01,39692.1075074962
2012-10-02,39607.93190175002
2012-10-03,38539.08343920185
2012-10-04,40018.99962808862
2012-10-05,39202.943138246825
2012-10-08,38371.56530493795
2012-10-09,36567.77820263451
2012-10-10,38034.40133912311
2012-10-11,37695.3773843571
2012-10-12,37288.1506114895
2012-10-15,39161.87780457076
2012-10-16,39448.24712713571
2012-10-17,38502.42095504375
2012-10-18,35783.38804195576
2012-10-19,34485.648267447716
2012-10-22,38641.301494855106
2012-10-23,36204.342338419396
2012-10-24,38480.11823332789
2012-10-25,37523.41121962442
2012-10-26,36873.248168096434
2012-10-31,35744.62674377671
2012-11-01,35551.51702849127
2012-11-02,34200.56942178987
2012-11-05,40400.079459100096
2012-11-06,37416.01165203302
2012-11-07,36467.66666000887
2012-11-08,37489.08060075313
2012-11-09,36380.91126285193
2012-11-12,35227.72489193778
2012-11-13,34304.22506564658
2012-11-14,33987.44005682616
2012-11-15,32331.887441936644
2012-11-16,34110.81223129723
2012-11-19,32736.20847729615
2012-11-20,35517.75968311845
2012-11-21,34173.71500390509
2012-11-23,34485.44959953318
2012-11-26,35265.62220589188
2012-11-27,34096.832303044524
2012-11-28,33839.295485722476
2012-11-29,33523.85129517554
2012-11-30,33622.54639015837
2012-12-03,35186.953751083536
2012-12-04,34645.31410972706
2012-12-05,36203.9589290473
2012-12-06,34484.86339648155
2012-12-07,34730.79416733443
2012-12-10,34003.450328288556
2012-12-11,33025.34953727565
2012-12-12,33911.966075781136
2012-12-13,32067.4256427987
2012-12-14,33373.050346897726
2012-12-17,32755.345907868865
2012-12-18,33883.16973592363
2012-12-19,33681.33987160615
2012-12-20,33285.05679386088
2012-12-21,32671.329571954855
2012-12-24,32281.656261028704
2012-12-26,32911.1531562521
2012-12-27,31467.223012240353
2012-12-28,30866.38752178842
2012-12-31,30893.0447030812
2013-01-02,36710.07526479154
2013-01-03,37413.563286189295
2013-01-04,41034.70225320864
2013-01-07,40350.24718631874
2013-01-08,38950.15324978422
2013-01-09,40031.907560201325
2013-01-10,40451.66587850356
2013-01-11,39304.23262058051
2013-01-14,39033.426889784074
2013-01-15,39259.66068018128
2013-01-16,34121.1252349628
2013-01-17,33289.72173796914
2013-01-18,31532.229435767353
2013-01-22,32097.535974295362
2013-01-23,32672.261675793503
2013-01-24,31850.729877304904
2013-01-25,33497.745785258565
2013-01-28,33147.625272198755
2013-01-29,34426.12132553522
2013-01-30,32969.97100672456
2013-01-31,32174.357143561025
2013-02-01,33233.60557911341
2013-02-04,31320.112360889347
2013-02-05,31642.86005905595
2013-02-06,32434.555774171666
2013-02-07,31480.35292897771
2013-02-08,32216.943898215042
2013-02-11,32494.751674486957
2013-02-12,33974.006076427315
2013-02-13,34213.94241189244
2013-02-14,34311.915449431086
2013-02-15,33914.97612270573
2013-02-19,36825.465675071784
2013-02-20,35029.47811152065
2013-02-21,38582.53517468853
2013-02-22,41022.391030227314
2013-02-25,36602.760213389185
2013-02-26,37650.47988171237
2013-02-27,39598.115836116616
2013-02-28,38643.11849941066
2013-03-01,35901.17377247402
2013-03-04,35580.46865427578
2013-03-05,33439.43653529847
2013-03-06,33928.10822412774
2013-03-07,34014.08241047292
2013-03-08,34296.47790886737
2013-03-11,32748.31278651601
2013-03-12,33112.82992803729
2013-03-13,32962.909067490684
2013-03-14,33490.10224650119
2013-03-15,29398.92592754384
2013-03-18,31991.609244763175
2013-03-19,25012.979029102513
2013-03-20,26506.67635631052
2013-03-21,27533.185181559336
2013-03-22,28282.00607109681
2013-03-25,27778.039947706795
2013-03-26,28672.757991903047
2013-03-27,28330.178684332986
2013-03-28,29517.766280558728
2013-04-01,29749.254150648303
2013-04-02,30422.57118264798
2013-04-03,29312.955244512625
2013-04-04,32257.189140549297
2013-04-05,32221.44066003132
2013-04-08,36352.24611521556
2013-04-09,36801.65610869115
2013-04-10,36648.421693043856
2013-04-11,37567.592042914024
2013-04-12,35804.893120137414
2013-04-15,38869.23142394681
2013-04-16,64842.91134471256
2013-04-17,63898.33709730981
2013-04-18,60834.69568583258
2013-04-19,60452.425558370385
2013-04-22,60650.06842456057
2013-04-23,59837.334312272986
2013-04-24,57218.167497494775
2013-04-25,56657.70832052963
2013-04-26,54641.064215261285
2013-04-29,56390.47831797913
2013-04-30,54998.644801644805
2013-05-01,50753.25502205938
2013-05-02,51614.404985106805
2013-05-03,50779.39275145425
2013-05-06,51019.59293418056
2013-05-07,48879.71008103186
2013-05-08,49972.6310649059
2013-05-09,48212.033295541434
2013-05-10,49321.323710785444
2013-05-13,48091.49494294529
2013-05-14,47303.766221744794
2013-05-15,46813.51415416548
2013-05-16,46725.53590055545
2013-05-17,45244.77578501818
2013-05-20,46349.19577709005
2013-05-21,48556.747129725954
2013-05-22,49118.35229533763
2013-05-23,50124.506165058876
2013-05-24,47192.61380409505
2013-05-28,43378.80536412552
2013-05-29,37649.06223160475
2013-05-30,34165.63439972021
2013-05-31,38963.46024943915
2013-06-03,45177.4401178398
2013-06-04,43965.37790359706
2013-06-05,42638.76191787196
2013-06-06,42318.97899410461
2013-06-07,42022.53853943964
2013-06-10,40192.781716779566
2013-06-11,38945.27598655092
2013-06-12,38347.039261515376
2013-06-13,36858.02976996219
2013-06-14,36785.45076491178
2013-06-17,37164.56903421015
2013-06-18,35579.19107171447
2013-06-19,32194.090150209413
2013-06-20,34056.67837525032
2013-06-21,53000.844913244
2013-06-24,46316.59649201895
2013-06-25,47464.90707010687
2013-06-26,44701.35564238616
2013-06-27,47420.73000893257
2013-06-28,47264.49057137821
2013-07-01,46405.73288502795
2013-07-02,45612.37912699994
2013-07-03,46910.498739168244
2013-07-05,43076.299146287245
2013-07-08,43399.80986372989
2013-07-09,43905.963241397934
2013-07-10,44583.65834761954
2013-07-11,47230.112787247825
2013-07-12,51284.25703199707
2013-07-15,49156.41049953767
2013-07-16,47652.40009739706
2013-07-17,45112.16217260777
2013-07-18,47714.14577837783
2013-07-19,47286.657296734666
2013-07-22,46077.534367882065
2013-07-23,48116.83651608311
2013-07-24,44603.287305516154
2013-07-25,47792.11393429328
2013-07-26,45822.64566257094
2013-07-29,43509.015918097015
2013-07-30,41551.88719299115
2013-07-31,40709.008413072035
2013-08-01,43056.69015617356
2013-08-02,42984.89544974236
2013-08-05,41648.3173818551
2013-08-06,39926.19932413904
2013-08-07,41850.1923701255
2013-08-08,42563.39068617592
2013-08-09,43873.024822401116
2013-08-12,43340.63296987472
2013-08-13,39612.51546685559
2013-08-14,39291.274285659296
2013-08-15,34684.78206867498
2013-08-16,30308.1682251786
2013-08-19,30209.329885492043
2013-08-20,30095.48828153809
2013-08-21,32317.233039725877
2013-08-22,31591.23587641568
2013-08-23,32331.047362391015
2013-08-26,34100.123493689694
2013-08-27,32260.399565877
2013-08-28,31719.40042832937
2013-08-29,31314.682226981808
2013-08-30,30565.739429083114
2013-09-03,31990.109587177994
2013-09-04,32504.82522065589
2013-09-05,31032.038795862034
2013-09-06,32483.438227707982
2013-09-09,32241.206990837956
2013-09-10,32929.51310677007
2013-09-11,32560.436765380146
2013-09-12,31969.736131295285
2013-09-13,33987.562677160124
2013-09-16,33463.505755336766
2013-09-17,34262.59914442068
2013-09-18,36111.45816081355
2013-09-19,42693.717218142636
2013-09-20,40924.43443438948
2013-09-23,41547.70406554787
2013-09-24,40505.47578560026
2013-09-25,40270.53887871412
2013-09-26,40674.34529137674
2013-09-27,38977.02290184043
2013-09-30,38963.22513698746
2013-10-01,39495.12436748072
2013-10-02,39451.34107340705
2013-10-03,34416.154065970135
2013-10-04,34369.419651463846
2013-10-07,33651.18775233496
2013-10-08,32320.958941794743
2013-10-09,31921.042096762903
2013-10-10,33208.06092051454
2013-10-11,34145.21733588806
2013-10-14,33140.0777080567
2013-10-15,31664.676982202436
2013-10-16,32487.276640822023
2013-10-17,25536.45232454972
2013-10-18,42449.18792126033
2013-10-21,41143.696352737075
2013-10-22,41707.83961083523
2013-10-23,43266.25421271904
2013-10-24,42991.60336859925
2013-10-25,42192.06892156309
2013-10-28,42274.792632168836
2013-10-29,40721.31600073658
2013-10-30,38896.88984049805
2013-10-31,38424.84531199042
2013-11-01,39803.18703615068
2013-11-04,38841.48104145083
2013-11-05,38559.403304923224
2013-11-06,39103.67524756316
2013-11-07,37843.540833720406
2013-11-08,36382.80930348027
2013-11-11,36957.20183270941
2013-11-12,35877.20759871033
2013-11-13,35690.37467281425
2013-11-14,32578.075379472917
2013-11-15,32920.64159501395
2013-11-18,31581.24282854207
2013-11-19,32162.936109073762
2013-11-20,30359.598393549284
2013-11-21,31224.286044449305
2013-11-22,31021.343306725885
2013-11-25,30800.34106668104
2013-11-26,32260.76230746595
2013-11-27,30297.900108206988
2013-11-29,31123.231060888927
2013-12-02,30339.478327815013
2013-12-03,31150.54671492398
2013-12-04,32115.487551088125
2013-12-05,30725.606708765827
2013-12-06,32093.311945190864
2013-12-09,31769.937144263877
2013-12-10,31586.005400114293
2013-12-11,31231.936050429584
2013-12-12,32299.43322689688
2013-12-13,32218.82558635766
2013-12-16,33042.22137437709
2013-12-17,32014.668416030585
2013-12-18,32795.191279141945
2013-12-19,30722.417251219624
2013-12-20,33823.41648480747
2013-12-23,35168.615447548495
2013-12-24,35325.11455530021
2013-12-26,34111.10087262521
2013-12-27,33107.60286080039
2013-12-30,18901.5915071226
2013-12-31,24490.116046244526
2014-01-02,27713.525452550777
2014-01-03,23690.07829524898
2014-01-06,21666.99052763759
2014-01-07,21881.167906625797
2014-01-08,21761.74353122022
2014-01-09,23292.483357231114
2014-01-10,22622.58886556875
2014-01-13,27886.16254475757
2014-01-14,27536.858046497124
2014-01-15,25705.683269407004
2014-01-16,25526.76265620679
2014-01-17,25376.04018511383
2014-01-21,25485.159457143654
2014-01-22,24355.518424084763
2014-01-23,24837.844308457446
2014-01-24,25129.25073810951
2014-01-27,24554.042942849093
2014-01-28,26207.952720723475
2014-01-29,26746.855279651874
2014-01-30,26235.531778267956
2014-01-31,25972.121978310424
2014-02-03,25605.639813912094
2014-02-04,24494.923886699733
2014-02-05,25252.085995633817
2014-02-06,24896.0978911896
2014-02-07,25001.707761449285
2014-02-10,26020.8857604386
2014-02-11,27065.04057514994
2014-02-12,26833.23686228172
2014-02-13,26538.631171462122
2014-02-14,27675.03050740023
2014-02-18,28519.298145669436
2014-02-19,26770.423851488384
2014-02-20,28635.933862191097
2014-02-21,29023.777575076314
2014-02-24,27924.503697823653
2014-02-25,27768.442129167517
2014-02-26,28292.97939028428
2014-02-27,28082.989852670667
2014-02-28,27378.473280056565
2014-03-03,26603.365563949737
2014-03-04,28147.011103579945
2014-03-05,27330.486330780357
2014-03-06,28286.058039565833
2014-03-07,28322.682792217154
2014-03-10,28049.556534081934
2014-03-11,26988.3859974227
2014-03-12,27063.321467034853
2014-03-13,19983.83387318198
2014-03-14,25439.78624635972
2014-03-17,25916.66378344187
2014-03-18,24235.15357856402
2014-03-19,22818.352113849505
2014-03-20,29739.885947349416
2014-03-21,29910.978680003544
2014-03-24,28296.59912087347
2014-03-25,31007.63522622922
2014-03-26,29845.512933289363
2014-03-27,28875.3593645324
2014-03-28,29644.143658311554
2014-03-31,28241.857410331217
2014-04-01,27361.12240290162
2014-04-02,28035.014618867313
2014-04-03,27394.691284776116
2014-04-04,27442.145214886285
2014-04-07,26399.939734233485
2014-04-08,27351.617878137826
2014-04-09,28359.820457238067
2014-04-10,28257.39063637736
2014-04-11,28165.7483432479
2014-04-14,27164.453370350293
2014-04-15,26106.358874375663
2014-04-16,26396.062590770183
2014-04-17,26458.883816605274
2014-04-21,25408.203594521507
2014-04-22,25758.214367756736
2014-04-23,25133.509007064524
2014-04-24,24431.28950375634
2014-04-25,25665.711138881736
2014-04-28,24363.046970537038
2014-04-29,24267.229394004884
2014-04-30,25138.619209273205
2014-05-01,24954.29999497801
2014-05-02,27083.113836535424
2014-05-05,24866.626712863093
2014-05-06,25119.52282176739
2014-05-07,25345.97710955462
2014-05-08,25106.836881499472
2014-05-09,23397.775187679596
2014-05-12,23567.60929845071
2014-05-13,23169.017360604455
2014-05-14,23541.718176452407
2014-05-15,22287.406804475588
2014-05-16,24174.061105985093
2014-05-19,23334.553773317315
2014-05-20,23505.979343485084
2014-05-21,23584.39077029925
2014-05-22,22535.94168975196
2014-05-23,24453.440950157503
2014-05-27,19545.631069011182
2014-05-28,15271.680496171517
2014-05-29,16478.158284021363
2014-05-30,16695.991775651175
2014-06-02,16841.067847945254
2014-06-03,18349.89817148695
2014-06-04,18723.080090397038
2014-06-05,19331.888061727215
2014-06-06,23803.93183823966
2014-06-09,23756.44896514597
2014-06-10,24855.237416271008
2014-06-11,23208.393257727283
2014-06-12,23375.500230251233
2014-06-13,22137.891546460585
2014-06-16,22307.97901021361
2014-06-17,23746.778064085058
2014-06-18,23560.701188036106
2014-06-19,25535.398284395953
2014-06-20,28601.386172099068
2014-06-23,23407.829337796185
2014-06-24,24810.91834671029
2014-06-25,23888.86020435921
2014-06-26,23957.62810677572
2014-06-27,23552.811091409676
2014-06-30,23538.072886209873
2014-07-01,23415.151119462433
2014-07-02,23069.33687818062
2014-07-03,23490.196665756408
2014-07-07,23071.577808676582
2014-07-08,22484.000608017854
2014-07-09,23132.895139620043
2014-07-10,22545.382438735312
2014-07-11,23271.13195497096
2014-07-14,21591.047449278845
2014-07-15,22121.770868748994
2014-07-16,23255.70548610352
2014-07-17,23592.245053190803
2014-07-18,22001.119349550983
2014-07-21,21220.869883044248
2014-07-22,22413.299142569223
2014-07-23,21545.662812769966
2014-07-24,21824.398063207867
2014-07-25,22304.39331139926
2014-07-28,22564.8715933385
2014-07-29,22329.580893834718
2014-07-30,21769.77973806714
2014-07-31,24182.20683083977
2014-08-01,29161.63951442895
2014-08-04,26269.990523742203
2014-08-05,11283.668668442628
2014-08-06,20893.98653246973
2014-08-07,26371.96127569469
2014-08-08,23331.201047649974
2014-08-11,23167.60403943101
2014-08-12,23231.492011258983
2014-08-13,23426.243665668408
2014-08-14,23225.07911419049
2014-08-15,24405.585670904708
2014-08-18,23103.02693116466
2014-08-19,22991.726773068345
2014-08-20,22849.77340260454
2014-08-21,23623.321428065134
2014-08-22,23608.586791081554
2014-08-25,23604.72320162879
2014-08-26,24532.533237123338
2014-08-27,23763.61711127155
2014-08-28,22993.44611305059
2014-08-29,23908.650482154342
2014-09-02,23747.328037241674
2014-09-03,27279.649677457113
2014-09-04,26968.797377297822
2014-09-05,28455.41548609833
2014-09-08,27843.073155972143
2014-09-09,28045.903350542136
2014-09-10,28488.33997976466
2014-09-11,28606.407487751676
2014-09-12,28668.358889466912
2014-09-15,29770.059747253865
2014-09-16,29565.377982572027
2014-09-17,26097.624626384924
2014-09-18,25869.97638912149
2014-09-19,25623.977586121113
2014-09-22,25121.99103668613
2014-09-23,25251.155117547703
2014-09-24,23616.50136098778
2014-09-25,25584.57080564419
2014-09-26,24586.52228365509
2014-09-29,24010.94889810126
2014-09-30,24080.044328116353
2014-10-01,24706.492266343623
2014-10-02,23255.05553360851
2014-10-03,22508.25508327161
2014-10-06,21898.63096429811
2014-10-07,22092.631642024066
2014-10-08,21729.101185555577
2014-10-09,25426.287900442916
2014-10-10,25841.984031393687
2014-10-13,26119.090188875845
2014-10-14,26317.995189775782
2014-10-15,37372.48631536244
2014-10-16,17178.499667644002
2014-10-17,17401.40569194813
2014-10-20,19676.897119187273
2014-10-21,25420.66538195265
2014-10-22,29323.257327998028
2014-10-23,29734.106386634314
2014-10-24,27324.391658356653
2014-10-27,26446.854355525174
2014-10-28,24946.588082754864
2014-10-29,25671.214311532618
2014-10-30,25519.880432508755
2014-10-31,23490.468103009192
2014-11-03,21859.996374284012
2014-11-04,21156.647358256807
2014-11-05,20948.21722031345
2014-11-06,21202.43961524495
2014-11-07,20992.009392860844
2014-11-10,22160.862231092302
2014-11-11,22693.2088994956
2014-11-12,22688.91144454855
2014-11-13,23881.4097981145
2014-11-14,23093.27201255936
2014-11-17,25110.949580427976
2014-11-18,25007.991471590918
2014-11-19,25071.031972768596
2014-11-20,25601.58188900798
2014-11-21,26888.566679725493
2014-11-24,27734.374198700847
2014-11-25,28045.889716022946
2014-11-26,27618.43626397869
2014-11-28,26717.31363737271
2014-12-01,28132.247867341914
2014-12-02,28905.224520056778
2014-12-03,28707.518335142482
2014-12-04,28687.90532639818
2014-12-05,28789.175858745017
2014-12-08,27851.47432368868
2014-12-09,29153.572447934795
2014-12-10,28075.021908767332
2014-12-11,27318.393963379633
2014-12-12,27194.715476687696
2014-12-15,28476.28004709369
2014-12-16,29008.924254332564
2014-12-17,28708.24959300654
2014-12-18,28836.319227725868
2014-12-19,29919.165258239882
2014-12-22,28592.33240174462
2014-12-23,26263.180321897256
2014-12-24,25574.034619524267
2014-12-26,22873.94036065541
2014-12-29,40015.158072190425
2014-12-30,35086.71787394571
2014-12-31,27040.81946431103
2015-01-02,31802.592392185255
2015-01-05,32263.589124317943
2015-01-06,28518.4297205932
2015-01-07,27223.419583626885
2015-01-08,27522.239085315534
2015-01-09,26901.942082427388
2015-01-12,26376.461412442266
2015-01-13,27317.49308617134
2015-01-14,27305.816869700386
2015-01-15,27904.925772645463
2015-01-16,28270.592766972448
2015-01-20,27781.736400542508
2015-01-21,28129.316810372
2015-01-22,28835.1394342556
2015-01-23,30755.105620259426
2015-01-26,30410.911649305046
2015-01-27,30996.883881079953
2015-01-28,30493.25696198552
2015-01-29,30339.67326231532
2015-01-30,31241.770034037454
2015-02-02,32277.864374753186
2015-02-03,29599.996151855892
2015-02-04,28937.287031076296
2015-02-05,29587.138835657177
2015-02-06,28852.185774381887
2015-02-09,30801.673006347577
2015-02-10,30697.016329905422
2015-02-11,28807.76314112385
2015-02-12,29444.376973238697
2015-02-13,30995.09419465921
2015-02-17,30761.56769866744
2015-02-18,31947.33223424577
2015-02-19,31365.570837688298
2015-02-20,31478.366545654393
2015-02-23,32043.08570520087
2015-02-24,32502.879731570334
2015-02-25,31967.784991919198
2015-02-26,31656.844668003934
2015-02-27,31600.481566151728
2015-03-02,32658.81300088787
2015-03-03,31197.55210011094
2015-03-04,30455.51363603302
2015-03-05,30423.44033128093
2015-03-06,29738.245402238368
2015-03-09,38763.298332812876
2015-03-10,34870.49076791645
2015-03-11,37551.95449392725
2015-03-12,33471.47892225416
2015-03-13,30625.328048100153
2015-03-16,30563.252214965592
2015-03-17,30216.742428451013
2015-03-18,28818.67324374982
2015-03-19,38791.21585440893
2015-03-20,37163.27863261896
2015-03-23,35579.47252389026
2015-03-24,35886.33265456634
2015-03-25,33822.36938959206
2015-03-26,34823.502756420494
2015-03-27,33585.75805250526
2015-03-30,33118.24444486
2015-03-31,30423.79978173488
2015-04-01,28695.20221156989
2015-04-02,29897.506941420354
2015-04-06,29481.226656002258
2015-04-07,30750.58268417977
2015-04-08,30883.573097127217
2015-04-09,31117.754428384134
2015-04-10,31533.21158025721
2015-04-13,29906.367921881774
2015-04-14,31524.402219036023
2015-04-15,31468.088087590957
2015-04-16,32309.705726730765
2015-04-17,31840.424235339462
2015-04-20,31274.830057527506
2015-04-21,31661.945860410706
2015-04-22,30633.957107432827
2015-04-23,27536.914281191806
2015-04-24,27053.662268855634
2015-04-27,26002.1359484286
2015-04-28,25820.69984591473
2015-04-29,25661.777817819653
2015-04-30,25874.82684270171
2015-05-01,27732.51129939698
2015-05-04,28436.182912406948
2015-05-05,27004.765953312068
2015-05-06,27358.587679209886
2015-05-07,27141.86888146454
2015-05-08,25336.003905545163
2015-05-11,27567.137868061363
2015-05-12,27422.4087383001
2015-05-13,28176.69189126353
2015-05-14,27292.142641635885
2015-05-15,28356.522947733578
2015-05-18,28629.217790447223
2015-05-19,28199.311063407626
2015-05-20,28435.948917836235
2015-05-21,16062.540581423746
2015-05-22,13607.75571963954
2015-05-26,19499.092071674306
2015-05-27,29477.73525839877
2015-05-28,28359.855575627676
2015-05-29,27531.930300005413
2015-06-01,28029.64407623817
2015-06-02,26488.591427178737
2015-06-03,26318.486580362398
2015-06-04,23483.639461305662
2015-06-05,24664.38548812987
2015-06-08,26399.461456081757
2015-06-09,25252.976228795407
2015-06-10,24742.412762047352
2015-06-11,26741.057558829943
2015-06-12,26086.4105488916
2015-06-15,27244.777491371737
2015-06-16,26417.76017815864
2015-06-17,24852.59946476466
2015-06-18,25257.13745698048
2015-06-19,29555.016657433174
2015-06-22,28037.47172847963
2015-06-23,27429.011407894366
2015-06-24,27624.762648807206
2015-06-25,28572.56916359872
2015-06-26,27684.768997195344
2015-06-29,28169.334066116036
2015-06-30,30913.882398187037
2015-07-01,28229.733185975027
2015-07-02,28088.237092818228
2015-07-06,27292.906075785766
2015-07-07,26431.462822825048
2015-07-08,24887.65693701437
2015-07-09,26307.37978071838
2015-07-10,25391.015744932636
2015-07-13,25479.93206931511
2015-07-14,24431.82766263259
2015-07-15,24386.692375323863
2015-07-16,25134.27430476276
2015-07-17,24768.694740281786
2015-07-20,23224.127476046062
2015-07-21,25305.071683949584
2015-07-22,25103.946885239882
2015-07-23,24487.815276435962
2015-07-24,24384.076947138725
2015-07-27,23773.06729897132
2015-07-28,23819.976033794897
2015-07-29,26167.00037647337
2015-07-30,24692.255727273634
2015-07-31,23548.155799935495
2015-08-03,11327.011610516385
2015-08-04,20724.854474501906
2015-08-05,20675.717016839033
2015-08-06,21404.526586417855
2015-08-07,19535.035400133194
2015-08-10,20265.228200076785
2015-08-11,25694.97869461984
2015-08-12,25255.698921686544
2015-08-13,24981.980599110044
2015-08-14,23540.726106156595
2015-08-17,23568.526534561985
2015-08-18,23095.067556716327
2015-08-19,23268.118366653343
2015-08-20,22529.00319346539
2015-08-21,21307.596132294584
2015-08-24,22265.834605060947
2015-08-25,28368.688184719445
2015-08-26,27187.484383294337
2015-08-27,29131.003215331948
2015-08-28,28637.053381885413
2015-08-31,26840.125900584222
2015-09-01,24912.850454497897
2015-09-02,26858.161456058027
2015-09-03,24997.757679071838
2015-09-04,23158.947900884235
2015-09-08,23364.71835360912
2015-09-09,25319.664400243553
2015-09-10,24603.320710008586
2015-09-11,23521.099801686538
2015-09-14,22388.84790678667
2015-09-15,21971.604991458324
2015-09-16,22015.046187203687
2015-09-17,22802.377104614276
2015-09-18,22612.36455880831
2015-09-21,22586.69513601566
2015-09-22,22391.30742386035
2015-09-23,24042.678155593196
2015-09-24,23270.382144662188
2015-09-25,24338.21038071415
2015-09-28,23660.13411216665
2015-09-29,28766.987142038084
2015-09-30,26411.941009382786
2015-10-01,26002.16229610769
2015-10-02,26137.97878057093
2015-10-05,28703.647804072792
2015-10-06,30344.97406196644
2015-10-07,29996.06945287475
2015-10-08,30103.503954172105
2015-10-09,29199.758957356415
2015-10-12,29216.136061625464
2015-10-13,33810.305456739494
2015-10-14,24538.749114829963
2015-10-15,24210.593149734636
2015-10-16,25596.408313631047
2015-10-19,24792.703829374317
2015-10-20,25061.251407490636
2015-10-21,24174.602563005414
2015-10-22,24975.47390296548
2015-10-23,27675.504078443257
2015-10-26,26201.055930631417
2015-10-27,25984.230220149195
2015-10-28,26018.329852704555
2015-10-29,25129.247788304634
2015-10-30,26525.582926752504
2015-11-02,26970.078574201234
2015-11-03,26392.72283229689
2015-11-04,26978.560203007946
2015-11-05,27832.201119986566
2015-11-06,27444.63744965928
2015-11-09,27271.74691316082
2015-11-10,28150.40337428335
2015-11-11,27390.07374021436
2015-11-12,26259.00685516467
2015-11-13,27531.361318070405
2015-11-16,27910.017980536715
2015-11-17,28593.02650287254
2015-11-18,30006.0129212044
2015-11-19,31067.73063240014
2015-11-20,31516.713146709677
2015-11-23,30501.551355412772
2015-11-24,26624.709681113876
2015-11-25,25165.736286164494
2015-11-27,24502.196365066196
2015-11-30,24569.042984994776
2015-12-01,23895.637074664042
2015-12-02,25225.752744779962
2015-12-03,26820.814762777438
2015-12-04,27980.865595197472
2015-12-07,34988.332848811224
2015-12-08,34452.155999726936
2015-12-09,33317.8659559762
2015-12-10,31543.183207426504
2015-12-11,31292.43166107874
2015-12-14,30945.95989666988
2015-12-15,30973.384578727753
2015-12-16,31134.404530460644
2015-12-17,32538.321959652447
2015-12-18,33753.17578943483
2015-12-21,33797.2717561936
2015-12-22,32723.93055515879
2015-12-23,12206.438805494849
2015-12-24,17061.300048831727
2015-12-28,19771.02336823106
2015-12-29,23350.570157492744
2015-12-30,23320.39616227466
2015-12-31,27366.324297204395
2016-01-04,27310.554211969516
2016-01-05,23784.149372233507
2016-01-06,22416.528194712893
2016-01-07,20165.666529400078
2016-01-08,19699.68424352631
2016-01-11,19926.235291771056
2016-01-12,19882.297637777574
2016-01-13,18777.084239782696
2016-01-14,21615.751561545967
2016-01-15,20564.102138178307
2016-01-19,20807.76043622267
2016-01-20,19591.49291628316
2016-01-21,19711.44878922309
2016-01-22,19095.27873373938
2016-01-25,19473.54045442964
2016-01-26,20102.52402811313
2016-01-27,22482.437319722376
2016-01-28,22226.50737845094
2016-01-29,21949.051766143635
2016-02-01,27438.359949782825
2016-02-02,24769.747741258303
2016-02-03,25403.900516791866
2016-02-04,24828.23513148221
2016-02-05,25435.097759339118
2016-02-08,25270.9284399471
2016-02-09,24850.654262817625
2016-02-10,24564.834118058043
2016-02-11,24620.81673875953
2016-02-12,26517.920410122948
2016-02-16,26295.816671564557
2016-02-17,27749.972082013406
2016-02-18,28507.859835086794
2016-02-19,28406.3788529172
2016-02-22,28639.78200853697
2016-02-23,26465.88942157938
2016-02-24,26647.31531073061
2016-02-25,27530.700617908442
2016-02-26,27104.695360729507
2016-02-29,27604.984418643628
2016-03-01,27090.0826746571
2016-03-02,27367.333766743755
2016-03-03,27471.739963722353
2016-03-04,28472.607055624496
2016-03-07,28625.06149972438
2016-03-08,32178.32375024938
2016-03-09,33942.37261263917
2016-03-10,31241.620054472114
2016-03-11,30745.484528382847
2016-03-14,25385.945674277424
2016-03-15,26968.68487339651
2016-03-16,27811.90958397521
2016-03-17,33695.019871768614
2016-03-18,34523.00625805426
2016-03-21,33055.95414284914
2016-03-22,33583.49003859177
2016-03-23,33537.96742575988
2016-03-24,34937.29777426696
2016-03-28,34149.35836310996
2016-03-29,34918.59180789526
2016-03-30,39723.00086245363
2016-03-31,38166.27102803681
2016-04-01,37770.181237527824
2016-04-04,37070.81165902678
2016-04-05,35867.942614563355
2016-04-06,29900.231966699655
2016-04-07,29680.41904212609
2016-04-08,29203.271699986297
2016-04-11,29019.044334209313
2016-04-12,28283.8204963815
2016-04-13,28274.6737357423
2016-04-14,27925.98674010865
2016-04-15,27145.90943961918
2016-04-18,28709.186033967886
2016-04-19,28798.69834100724
2016-04-20,29123.66058274995
2016-04-21,28119.253561962938
2016-04-22,27816.252823037386
2016-04-25,28072.477808700438
2016-04-26,27487.12372951356
2016-04-27,27644.925924216484
2016-04-28,27466.477050618156
2016-04-29,26028.004577481235
2016-05-02,27016.576923468296
2016-05-03,25978.459977919112
2016-05-04,25328.508474387996
2016-05-05,26156.27001973384
2016-05-06,25527.650374688634
2016-05-09,24772.700061714382
2016-05-10,26581.16111200384
2016-05-11,26668.623120632186
2016-05-12,26360.832534553232
2016-05-13,26013.378343193333
2016-05-16,25550.55260778423
2016-05-17,24508.880910900083
2016-05-18,13330.717073968068
2016-05-19,27562.083040771904
2016-05-20,29781.533321805233
2016-05-23,29933.513368210723
2016-05-24,29665.895459357493
2016-05-25,25852.87362775134
2016-05-26,25111.478550393487
2016-05-27,25136.81254206507
2016-05-31,24389.890076852476
2016-06-01,24003.13518928586
2016-06-02,24473.66932508753
2016-06-03,24352.681311733766
2016-06-06,28106.66176445096
2016-06-07,27882.53138230453
2016-06-08,28280.241236792397
2016-06-09,29565.71760039547
2016-06-10,27501.826078086207
2016-06-13,27602.398685156157
2016-06-14,27543.12639197466
2016-06-15,26921.201037799783
2016-06-16,25963.87133081494
2016-06-17,26569.296760411722
2016-06-20,25871.310940115043
2016-06-21,25964.950660086866
2016-06-22,26687.969452757774
2016-06-23,28760.028868613383
2016-06-24,26517.917734313352
2016-06-27,23750.442236726285
2016-06-28,24851.572636119898
2016-06-29,25745.660672219787
2016-06-30,24619.377942910058
2016-07-01,25724.13608748379
2016-07-05,25212.776033112124
2016-07-06,25333.351612424518
2016-07-07,25324.255794445544
2016-07-08,25780.54282509702
2016-07-11,26975.00758387073
2016-07-12,26773.638442842785
2016-07-13,28119.13822631431
2016-07-14,28824.94125514257
2016-07-15,28505.060159674405
2016-07-18,29331.054310992717
2016-07-19,29786.37051325413
2016-07-20,30014.652591309223
2016-07-21,29405.357208790418
2016-07-22,30125.511164607367
2016-07-25,29597.194468486963
2016-07-26,30360.35238805473
2016-07-27,30421.29505585122
2016-07-28,31190.498898409518
2016-07-29,19902.940545240086
2016-08-01,41807.30706205616
2016-08-02,35898.48096366644
2016-08-03,30490.6561732601
2016-08-04,30315.612460788307
2016-08-05,29835.883095498837
2016-08-08,30811.242805021353
2016-08-09,30254.87743505047
2016-08-10,31945.19927717124
2016-08-11,31096.32439082923
2016-08-12,24543.953926413407
2016-08-15,24340.3485490263
2016-08-16,24755.61557212039
2016-08-17,23598.680990983605
2016-08-18,23235.588311854866
2016-08-19,25031.26282554846
2016-08-22,26431.026618960033
2016-08-23,26007.165268887173
2016-08-24,25509.233812712453
2016-08-25,28426.990988857986
2016-08-26,28411.343311286604
2016-08-29,27787.470915149934
2016-08-30,27486.558203574197
2016-08-31,28586.752260775207
2016-09-01,27731.47973563801
2016-09-02,27895.805416791904
2016-09-06,28677.336559159477
2016-09-07,30746.344553355346
2016-09-08,29502.62205181724
2016-09-09,29572.979961705707
2016-09-12,37726.96382584124
2016-09-13,37252.237973947886
2016-09-14,37186.32477789858
2016-09-15,35311.96187918783
2016-09-16,33962.46831723705
2016-09-19,32340.603765227912
2016-09-20,31752.91656274237
2016-09-21,31200.167875335595
2016-09-22,33113.283851463
2016-09-23,32366.850163540374
2016-09-26,32432.580961090163
2016-09-27,32115.760488701955
2016-09-28,30833.25798169214
2016-09-29,30875.827601826764
2016-09-30,30912.227771336806
2016-10-03,30190.43210736373
2016-10-04,29317.951232343534
2016-10-05,33549.416537370336
2016-10-06,33400.52983331546
2016-10-07,32034.75505300506
2016-10-10,18898.583149213755
2016-10-11,28304.729351762737
2016-10-12,35760.982806984786
2016-10-13,32565.363310066172
2016-10-14,31494.569106509593
2016-10-17,30532.82193077238
2016-10-18,29421.732756275793
2016-10-19,32026.82073086784
2016-10-20,30531.303635683595
2016-10-21,30532.602579524115
2016-10-24,29355.397486064165
2016-10-25,29135.940062965434
2016-10-26,25712.21042186557
2016-10-27,26872.898758381227
2016-10-28,25945.514619650698
2016-10-31,25977.110134582865
2016-11-01,25429.145319455332
2016-11-02,24668.28641694022
2016-11-03,25306.48587978108
2016-11-04,24489.897362931963
2016-11-07,23174.679005093545
2016-11-08,20795.748076630385
2016-11-09,21946.440496639694
2016-11-10,20964.716470155818
2016-11-11,23282.12570047395
2016-11-14,26293.113450479523
2016-11-15,25875.743450763253
2016-11-16,27107.99967855192
2016-11-17,26639.280909159857
2016-11-18,26727.385638331605
2016-11-21,28448.426113623624
2016-11-22,29874.810223545064
2016-11-23,28586.658058990903
2016-11-25,30796.3889963078
2016-11-28,29040.700407289118
2016-11-29,30265.063457537526
2016-11-30,28850.167042348392
2016-12-01,28759.99846182321
2016-12-02,29268.601100920474
2016-12-05,30389.20428321695
2016-12-06,30716.420420560207
2016-12-07,31534.766407758365
2016-12-08,33765.10226240696
2016-12-09,34209.555511053055
2016-12-12,33072.72477350932
2016-12-13,33855.899774592544
2016-12-14,33379.438392565884
2016-12-15,36661.07789809072
2016-12-16,35692.780632818605
2016-12-19,35384.46079341133
2016-12-20,36403.531711199146
2016-12-21,26565.274445343188
2016-12-22,26087.471874627703
2016-12-23,25437.32677257665
2016-12-27,26894.56775608492
2016-12-28,26326.685754455575
2016-12-29,25014.10553550114
2016-12-30,22107.621903619212
2017-01-03,22701.84496895919
2017-01-04,24778.841831581452
2017-01-05,24915.5523033615
2017-01-06,25880.875992110545
2017-01-09,25412.325164455837
2017-01-10,24735.526483274083
2017-01-11,24603.63065457076
2017-01-12,24746.810744617604
2017-01-13,24147.598757728323
2017-01-17,24069.66077039507
2017-01-18,23741.16253111858
2017-01-19,22866.011601468163
2017-01-20,24361.746434238594
2017-01-23,23545.457419145972
2017-01-24,24539.007025030325
2017-01-25,25242.17742872032
2017-01-26,24518.193205541425
2017-01-27,24637.59401428279
2017-01-30,23950.238195090387
2017-01-31,22884.07363348347
2017-02-01,23295.736454912534
2017-02-02,22159.87359636653
2017-02-03,23062.41185719168
2017-02-06,23713.189307190405
2017-02-07,24038.436077946462
2017-02-08,23955.725613329945
2017-02-09,24348.404069242744
2017-02-10,24292.10962158032
2017-02-13,23644.760575275985
2017-02-14,24231.021119053876
2017-02-15,24117.94989801726
2017-02-16,24712.37529711022
2017-02-17,26073.418047738833
2017-02-21,26942.06233138696
2017-02-22,26346.219359392264
2017-02-23,27022.94748818206
2017-02-24,27470.707219496504
2017-02-27,27999.933017337393
2017-02-28,27206.47266059875
2017-03-01,28886.789417563286
2017-03-02,29765.511436820936
2017-03-03,32936.3321324005
2017-03-06,29185.744430326522
2017-03-07,34578.48810778086
2017-03-08,37255.266164375775
2017-03-09,37233.64711687296
2017-03-10,36499.452851714865
2017-03-13,36389.84611308813
2017-03-14,35937.77400415456
2017-03-15,36660.79951011651
2017-03-16,40964.82111305845
2017-03-17,39543.654567542646
2017-03-20,30733.89692007463
2017-03-21,29273.54506016375
2017-03-22,29055.89838837295
2017-03-23,27688.689127436915
2017-03-24,28342.868945787923
2017-03-27,26563.841329383493
2017-03-28,27422.731061043607
2017-03-29,26891.982009525902
2017-03-30,25895.75164722693
2017-03-31,24891.223752646532
2017-04-03,25048.923525972117
2017-04-04,24803.162980044403
2017-04-05,24586.61093583634
2017-04-06,24013.944200868886
2017-04-07,24526.837461784333
2017-04-10,24287.263830423148
2017-04-11,23636.214771901028
2017-04-12,24441.042841538438
2017-04-13,24097.17019742865
2017-04-17,23344.91904034225
2017-04-18,23480.395495991335
2017-04-19,23391.247114149857
2017-04-20,23744.452264225987
2017-04-21,23585.4681041318
2017-04-24,22922.105212552753
2017-04-25,24490.919652381595
2017-04-26,23744.464222723967
2017-04-27,24465.90471135971
2017-04-28,23334.692587379173
2017-05-01,22647.635700937764
2017-05-02,22432.359903857727
2017-05-03,21774.851062501024
2017-05-04,22671.997270060096
2017-05-05,23642.237302452504
2017-05-08,24029.928324512974
2017-05-09,23959.419755627143
2017-05-10,24029.159035863475
2017-05-11,23958.682198165254
2017-05-12,23586.38511416235
2017-05-15,24331.84241197543
2017-05-16,27091.543607528834
2017-05-17,27696.957324055857
2017-05-18,17066.531520902197
2017-05-19,17042.68939777011
2017-05-22,18247.699138071024
2017-05-23,20015.09365409138
2017-05-24,20586.780898107532
2017-05-25,20379.51489736723
2017-05-26,21111.50341896651
2017-05-30,21073.610304998485
2017-05-31,20993.756307540334
2017-06-01,23631.57932826596
2017-06-02,25702.46742883066
2017-06-05,26568.827272039278
2017-06-06,25879.200276380663
2017-06-07,26213.976068203487
2017-06-08,27303.101872653107
2017-06-09,26970.119314049763
2017-06-12,29399.477239212858
2017-06-13,30332.467621572658
2017-06-14,23151.851670419543
2017-06-15,21401.17190558254
2017-06-16,21969.02950423999
2017-06-19,23297.581025716696
2017-06-20,21833.031017998685
2017-06-21,22178.970326819628
2017-06-22,21853.412452162276
2017-06-23,21811.72914736984
2017-06-26,20699.579852091643
2017-06-27,21199.112355977613
2017-06-28,22332.532211882597
2017-06-29,22089.234388445646
2017-06-30,23499.29234696407
2017-07-03,24069.03314002674
2017-07-05,24143.178640557282
2017-07-06,23322.088900102764
2017-07-07,25066.44333017051
2017-07-10,24558.453821918738
2017-07-11,23712.044138260546
2017-07-12,24516.971828256257
2017-07-13,24752.275104739154
2017-07-14,25858.425354823277
2017-07-17,26896.20757097926
2017-07-18,25493.697994839033
2017-07-19,27729.359096491604
2017-07-20,28679.55985331944
2017-07-21,28241.51322350453
2017-07-24,29256.374567995586
2017-07-25,31192.167950634666
2017-07-26,30067.754054724333
2017-07-27,18176.98349047021
2017-07-28,21139.61413625721
2017-07-31,17727.490370202555
2017-08-01,18030.70677241689
2017-08-02,19671.156043410785
2017-08-03,20663.428997366293
2017-08-04,19182.831159661397
2017-08-07,19170.78197715812
2017-08-08,18237.395153921236
2017-08-09,18405.365116757624
2017-08-10,18967.256677704634
2017-08-11,19494.93259658537
2017-08-14,20083.81682408068
2017-08-15,19211.269702514117
2017-08-16,20329.83377446757
2017-08-17,19708.060551881506
2017-08-18,20867.256460726923
2017-08-21,19977.026209508032
2017-08-22,19356.64645856941
2017-08-23,19462.676045476317
2017-08-24,19233.03800311147
2017-08-25,18222.164773705346
2017-08-28,18184.732673873303
2017-08-29,20682.16394799077
2017-08-30,20557.87310770561
2017-08-31,21044.630958892612
2017-09-01,22175.112612357763
2017-09-05,21386.483999217067
2017-09-06,21315.433518405756
2017-09-07,19800.247267960323
2017-09-08,21766.212048389498
2017-09-11,21690.79750828945
2017-09-12,22247.63501819849
2017-09-13,22133.771156354884
2017-09-14,21341.203465456714
2017-09-15,22132.448706533847
2017-09-18,22011.751596073256
2017-09-19,22309.245622027258
2017-09-20,22582.694914635355
2017-09-21,22159.823220218786
2017-09-22,23643.85583488387
2017-09-25,23884.13775213025
2017-09-26,23803.252076672485
2017-09-27,23832.17583255075
2017-09-28,23927.902491809833
2017-09-29,24732.100419187016
2017-10-02,26287.284365317035
2017-10-03,26740.04094792025
2017-10-04,26986.710603448882
2017-10-05,28100.354439191666
2017-10-06,19053.673692475157
2017-10-09,18123.87976420926
2017-10-10,25428.130043503803
2017-10-11,26809.06066696271
2017-10-12,28665.28884297645
2017-10-13,28581.279133196145
2017-10-16,29222.220480483
2017-10-17,29408.715728460164
2017-10-18,29952.00194933346
2017-10-19,29916.147860334862
2017-10-20,21694.17633389912
2017-10-23,20621.867356976498
2017-10-24,20474.594238467253
2017-10-25,20688.656759688944
2017-10-26,21858.74107977629
2017-10-27,21297.46991842549
2017-10-30,22302.383423890722
2017-10-31,21202.76190792996
2017-11-01,20528.10667535089
2017-11-02,20927.60319769235
2017-11-03,21189.605731159987
2017-11-06,20653.645799283273
2017-11-07,20709.18723071883
2017-11-08,20986.685866489406
2017-11-09,20538.97653802633
2017-11-10,20209.26809312801
2017-11-13,20828.150974470773
2017-11-14,19814.926407549123
2017-11-15,19701.385014861127
2017-11-16,20303.515613590487
2017-11-17,20271.014236870407
2017-11-20,20459.516460520095
2017-11-21,22895.86828560034
2017-11-22,23273.184518028695
2017-11-24,23168.46693763389
2017-11-27,23533.416640978
2017-11-28,27297.77044981731
2017-11-29,29111.11265983292
2017-11-30,30576.96712467555
2017-12-01,30555.201845255124
2017-12-04,21847.719076658388
2017-12-05,21461.991233372275
2017-12-06,21688.016691234257
2017-12-07,21546.08620698344
2017-12-08,22051.5067727733
2017-12-11,22516.921613005474
2017-12-12,21806.898431568046
2017-12-13,21538.03391859397
2017-12-14,21212.980545543393
2017-12-15,22144.114546065804
2017-12-18,23261.35878196959
2017-12-19,21886.7328411079
2017-12-20,24182.277974928456
2017-12-21,23326.84181370756
2017-12-22,23570.804053356107
2017-12-26,21534.128801250376
2017-12-27,20729.282599169685
2017-12-28,21197.788012224923
2017-12-29,21665.378219921673
2018-01-02,21941.165717468444
2018-01-03,26502.288321737466
2018-01-04,27659.102931424375
2018-01-05,28910.088344077238
2018-01-08,29774.72643975895
2018-01-09,30582.983504500964
2018-01-10,29378.786309738425
2018-01-11,27499.68181783481
2018-01-12,28320.407268517833
2018-01-16,31099.835486734763
2018-01-17,30241.912585374095
2018-01-18,23304.02401795211
2018-01-19,23630.85387262405
2018-01-22,24822.83719483095
2018-01-23,25438.532858300445
2018-01-24,24968.670556688132
2018-01-25,24502.920112300417
2018-01-26,24323.111721819623
2018-01-29,25727.282244292324
2018-01-30,25673.219290802423
2018-01-31,28137.988777499682
2018-02-01,27451.71974171088
2018-02-02,24989.132378258702
2018-02-05,34303.55972387397
2018-02-06,49871.23523093454
2018-02-07,45386.47844430316
2018-02-08,41708.427455816156
2018-02-09,50052.48150080186
2018-02-12,50165.04600004326
2018-02-13,45422.84279311061
2018-02-14,42381.17900318346
2018-02-15,40647.14171592697
2018-02-16,39664.758177965974
2018-02-20,35688.68597959198
2018-02-21,34280.94447834314
2018-02-22,34094.80552642891
2018-02-23,30859.630070504223
2018-02-26,33475.92523206906
2018-02-27,33377.51909363915
2018-02-28,33144.60334920621
2018-03-01,33593.69854928671
2018-03-02,38338.16079034086
2018-03-05,31943.97292892575
2018-03-06,31436.623671893736
2018-03-07,27959.396740562912
2018-03-08,26312.89151541061
2018-03-09,24820.24588281926
2018-03-12,28394.491441104125
2018-03-13,25556.723704797456
2018-03-14,24126.48929738517
2018-03-15,23881.652121325642
2018-03-16,22308.89529002772
2018-03-19,21816.385171901766
2018-03-20,25781.090730570275
2018-03-21,23615.062772023037
2018-03-22,22005.186372903652
2018-03-23,31453.705978159513
2018-03-26,31917.605754925018
2018-03-27,38568.595182762816
2018-03-28,36533.78514385311
2018-03-29,32117.4499470985
2018-04-02,31614.400213593137
2018-04-03,30906.872533586273
2018-04-04,30808.2864179444
2018-04-05,27360.349699547507
2018-04-06,26490.211579790815
2018-04-09,29415.719563401242
2018-04-10,28645.16408115183
2018-04-11,28127.595047012703
2018-04-12,26009.390924337218
2018-04-13,23072.017179765706
2018-04-16,23077.242614634168
2018-04-17,22024.29110718447
2018-04-18,23886.786033572163
2018-04-19,21831.254044166966
2018-04-20,20966.24831147981
2018-04-23,24208.682396487187
2018-04-24,22525.878398408364
2018-04-25,26221.396211380335
2018-04-26,24139.576968690162
2018-04-27,24018.401117192996
2018-04-30,22644.47803973352
2018-05-01,23965.357883234057
2018-05-02,21663.424328551195
2018-05-03,22872.854673872702
2018-05-04,23055.65520030535
2018-05-07,25733.130601708366
2018-05-08,24776.39372241399
2018-05-09,23466.309976030614
2018-05-10,24202.352450002934
2018-05-11,28017.178630058934
2018-05-14,18951.870500164452
2018-05-15,24162.059405686665
2018-05-16,33712.37157965445
2018-05-17,31782.8686082246
2018-05-18,29117.25506686051
2018-05-21,30498.355669906592
2018-05-22,30600.15963983363
2018-05-23,30154.675042364008
2018-05-24,31198.488723758383
2018-05-25,28287.006849308265
2018-05-29,23398.196132988855
2018-05-30,26488.18288823526
2018-05-31,26739.110142360165
2018-06-01,27155.999771401068
2018-06-04,25959.68673285994
2018-06-05,25380.964280424967
2018-06-06,25640.418765010127
2018-06-07,25585.37203717757
2018-06-08,26057.232393341044
2018-06-11,25588.371481082773
2018-06-12,25217.365761667617
2018-06-13,23800.480734113073
2018-06-14,24552.88723819186
2018-06-15,24642.60626104584
2018-06-18,25113.517446422604
2018-06-19,24645.715747235932
2018-06-20,25971.47516207266
2018-06-21,23221.735609034582
2018-06-22,24479.773079595423
2018-06-25,22916.660966638596
2018-06-26,27087.883499428972
2018-06-27,25827.003928667153
2018-06-28,26139.048767325494
2018-06-29,25994.33327957427
2018-07-02,25310.761648620988
2018-07-03,23582.764561745436
2018-07-05,23551.431876289684
2018-07-06,27865.36170937502
2018-07-09,31866.07206478018
2018-07-10,32174.338771011855
2018-07-11,23021.78411771592
2018-07-12,24360.700960132497
2018-07-13,25424.566342348036
2018-07-16,24461.64323727088
2018-07-17,23830.620569937142
2018-07-18,21335.460516195424
2018-07-19,21256.410066059187
2018-07-20,21787.273332341538
2018-07-23,21339.33759201734
2018-07-24,20626.596506970975
2018-07-25,26783.7351499517
2018-07-26,24982.851313596173
2018-07-27,23091.859551080786
2018-07-30,23213.504287700744
2018-07-31,23403.64736296558
2018-08-01,25877.192153815096
2018-08-02,26614.04785291613
2018-08-03,25481.972117252986
2018-08-06,26258.26810761332
2018-08-07,25946.21331153203
2018-08-08,25413.187520481075
2018-08-09,25033.35407541083
2018-08-10,23251.740530219024
2018-08-13,23279.296183038496
2018-08-14,26079.490377480735
2018-08-15,25267.784430616888
2018-08-16,28961.199467910832
2018-08-17,30024.80653990944
2018-08-20,31451.725266826354
2018-08-21,33101.97248247958
2018-08-22,23139.48261452879
2018-08-23,23034.620270741983
2018-08-24,22823.438116989055
2018-08-27,23749.62706517421
2018-08-28,24722.492043976123
2018-08-29,23141.115151085363
2018-08-30,24164.271971028684
2018-08-31,24225.705450921894
2018-09-04,22718.865957592356
2018-09-05,22656.80496581604
2018-09-06,23218.314145701377
2018-09-07,22330.46739985526
2018-09-10,22987.09448353174
2018-09-11,23174.198154793798
2018-09-12,22869.67230129716
2018-09-13,22980.667341947195
2018-09-14,23654.82052591038
2018-09-17,22326.645364400247
2018-09-18,22568.168083811273
2018-09-19,22726.415260522775
2018-09-20,23266.187392338255
2018-09-21,24628.038588070587
2018-09-24,23407.227818116644
2018-09-25,23577.159384442217
2018-09-26,22460.97101860459
2018-09-27,24396.566559030452
2018-09-28,23610.437049117172
2018-10-01,23919.03626844427
2018-10-02,25526.367039490855
2018-10-03,24518.666515064608
2018-10-04,26309.65428819611
2018-10-05,23076.304069976657
2018-10-08,20390.280250057604
2018-10-09,20905.31489322933
2018-10-10,21579.43383982888
2018-10-11,31335.012276684574
2018-10-12,32079.31013441014
2018-10-15,31258.65680136212
2018-10-16,28611.63907050652
2018-10-17,30606.988155466806
2018-10-18,29582.482906000398
2018-10-19,30333.305671882805
2018-10-22,29910.376176351863
2018-10-23,28543.597876733857
2018-10-24,27594.697751721968
2018-10-25,32973.65808299281
2018-10-26,31793.172431815532
2018-10-29,31923.632261934883
2018-10-30,32079.54351326914
2018-10-31,30917.385848692138
2018-11-01,29447.18843247908
2018-11-02,30378.224454111107
2018-11-05,29769.355644071708
2018-11-06,27736.381065218022
2018-11-07,26809.026394539876
2018-11-08,29550.126417210293
2018-11-09,29004.36906778335
2018-11-12,30431.853211753318
2018-11-13,33805.288348878974
2018-11-14,30791.777874095864
2018-11-15,27081.65069588397
2018-11-16,26981.498467101286
2018-11-19,26030.54574651562
2018-11-20,27054.744620825764
2018-11-21,29090.770735741273
2018-11-23,27642.96414318252
2018-11-26,27257.88568833347
2018-11-27,27528.53708541295
2018-11-28,26257.156371383415
2018-11-29,29910.38580963939
2018-11-30,28657.003861520454
2018-12-03,29624.976198042015
2018-12-04,28053.170973240143
2018-12-06,33220.40287746687
2018-12-07,30648.123337425754
2018-12-10,31829.753227262012
2018-12-11,30594.339026335874
2018-12-12,29407.104637868968
2018-12-13,28622.65989829756
2018-12-14,26232.845947911068
2018-12-17,39583.05422140267
2018-12-18,33923.06745061117
2018-12-19,32494.00770403958
2018-12-20,34359.22347985596
2018-12-21,29789.20446573571
2018-12-24,30506.937922134122
2018-12-26,35198.39675306034
2018-12-27,46800.62415898836
2018-12-28,44766.92657633287
2018-12-31,41513.16030797265
2019-01-02,37827.22132327679
2019-01-03,34390.73279955193
2019-01-04,37114.96474736408
2019-01-07,40955.653757530876
2019-01-08,39584.15230983975
2019-01-09,37813.18205574747
2019-01-10,38907.14150712518
2019-01-11,34358.853664257185
2019-01-14,30928.18918662663
2019-01-15,31822.730799646586
2019-01-16,30287.204418397134
2019-01-17,29704.63956446426
2019-01-18,30690.210136867507
2019-01-22,28723.67843283197
2019-01-23,28959.16319456937
2019-01-24,28504.92036022295
2019-01-25,28585.839498758713
2019-01-28,29204.70190573413
2019-01-29,28118.628446995455
2019-01-30,31419.219012997564
2019-01-31,35749.49133199211
2019-02-01,36254.06960695134
2019-02-04,36447.52626171468
2019-02-05,36798.3411673582
2019-02-06,35503.204120118775
2019-02-07,35143.351076327905
2019-02-08,35376.89044871446
2019-02-11,34967.43862303168
2019-02-12,34302.78116716412
2019-02-13,35662.11983749511
2019-02-14,23330.02463092049
2019-02-15,22019.165014867387
2019-02-19,24473.05228508624
2019-02-20,24927.865256774785
2019-02-21,22801.470828000634
2019-02-22,24178.801381637073
2019-02-25,24780.243668723666
2019-02-26,23394.421283580523
2019-02-27,23213.288446997787
2019-02-28,23357.521778999548
2019-03-01,33028.22468801973
2019-03-04,19223.809780950898
2019-03-05,19540.464369056976
2019-03-06,17857.836172771185
2019-03-07,18817.736200932144
2019-03-08,20271.137344063674
2019-03-11,19774.63727409994
2019-03-12,22862.945070589147
2019-03-13,24858.68913953692
2019-03-14,25636.249334602726
2019-03-15,26467.65274534213
2019-03-18,28578.72265239501
2019-03-19,27896.82151694053
2019-03-20,26189.636885123102
2019-03-21,30674.4040207001
2019-03-22,25422.362335297385
2019-03-25,31270.75381823015
2019-03-26,32759.106536023082
2019-03-27,31103.003336137685
2019-03-28,32422.886356949282
2019-03-29,22852.682948574184
2019-04-01,23090.325176537608
2019-04-02,23560.446510411322
2019-04-03,22677.709041977116
2019-04-04,22039.222019370343
2019-04-05,23005.63792977281
2019-04-08,23280.22577372585
2019-04-09,21217.466274195864
2019-04-10,21141.96794503009
2019-04-11,21681.108952374558
2019-04-12,23301.41558560265
2019-04-15,23254.831926153714
2019-04-16,22709.4941866448
2019-04-17,22200.06959067978
2019-04-18,22398.97732588324
2019-04-22,23170.0889653197
2019-04-23,24899.100396879694
2019-04-24,24944.131195300393
2019-04-25,24790.436634537156
2019-04-26,27286.120837529048
2019-04-29,29157.509628619384
2019-04-30,29038.448452716315
2019-05-01,25300.08993261322
2019-05-02,27980.740000292346
2019-05-03,32979.147172310426
2019-05-06,33519.16319689499
2019-05-07,26679.556901503256
2019-05-08,32978.5979153433
2019-05-09,29331.049691135588
2019-05-10,30270.85389075932
2019-05-13,28402.913710597935
2019-05-14,20332.69616631205
2019-05-15,20018.81158172535
2019-05-16,20497.022764908597
2019-05-17,20272.676503460523
2019-05-20,22017.190779668003
2019-05-21,25075.404306735687
2019-05-22,22797.81941642706
2019-05-23,19610.294410737053
2019-05-24,20522.722037132862
2019-05-28,19163.785311710297
2019-05-29,21003.61140015739
2019-05-30,20640.168276078897
2019-05-31,20776.78867784231
2019-06-03,20723.895329792456
2019-06-04,20241.746661958143
2019-06-05,27589.76287352462
2019-06-06,26856.763292439824
2019-06-07,28646.526517587565
2019-06-10,30808.148038332216
2019-06-11,30039.5540376727
2019-06-12,29214.88036627725
2019-06-13,28645.34320473348
2019-06-14,27982.154939239008
2019-06-17,28561.67237428107
2019-06-18,32466.4372896806
2019-06-19,35634.53500240391
2019-06-20,36514.5507542915
2019-06-21,40726.82458768216
2019-06-24,38708.656151303505
2019-06-25,25537.817781956128
2019-06-26,25161.14048966833
2019-06-27,25562.108798114794
2019-06-28,25164.707409903862
2019-07-01,26016.51438547158
2019-07-02,25575.806124493036
2019-07-03,26706.35861737565
2019-07-05,26365.90881229203
2019-07-08,26297.431391785583
2019-07-09,26813.18219003538
2019-07-10,27132.90380873617
2019-07-11,28265.896273314604
2019-07-12,28792.615628906515
2019-07-15,29245.588559184776
2019-07-16,27420.20961918205
2019-07-17,26521.545989058945
2019-07-18,27702.584998615293
2019-07-19,25398.58599105543
2019-07-22,27335.757207244973
2019-07-23,29245.669464535786
2019-07-24,21046.430171369873
2019-07-25,27339.248568140505
2019-07-26,37829.396023776055
2019-07-29,37830.96478925497
2019-07-30,34073.46592536988
2019-07-31,28894.216330737898
2019-08-01,30720.1522348325
2019-08-02,27725.479510031968
2019-08-05,29191.922711358882
2019-08-06,30485.64982031271
2019-08-07,32908.39592832582
2019-08-08,33667.30016851553
2019-08-09,33661.09218549974
2019-08-12,33084.455113543205
2019-08-13,33788.62353489481
2019-08-14,33529.179515591124
2019-08-15,38270.84863899562
2019-08-16,35401.749383735536
2019-08-19,36110.84508679547
2019-08-20,34026.7454502034
2019-08-21,33568.519307141534
2019-08-22,32813.939730083555
2019-08-23,28548.897900922817
2019-08-26,31238.454437206903
2019-08-27,31012.78104707278
2019-08-28,29170.120470095033
2019-08-29,30543.74173362279
2019-08-30,28802.733129171727
2019-09-03,25671.77344079639
2019-09-04,27862.87061282123
2019-09-05,34484.65183705495
2019-09-06,34495.35860248166
2019-09-09,32982.51143254001
2019-09-10,32674.389337673423
2019-09-11,34388.178071662485
2019-09-12,36821.50451044361
2019-09-13,37275.042581640504
2019-09-16,37882.030536448925
2019-09-17,37900.8937890217
2019-09-18,37538.6359911917
2019-09-19,20827.52237894544
2019-09-20,20918.836728674785
2019-09-23,20111.580979146638
2019-09-24,20628.570113570444
2019-09-25,20024.04772114694
2019-09-26,20150.05609680792
2019-09-27,20008.136892352766
2019-09-30,20431.148578862634
2019-10-01,21295.998010203155
2019-10-02,24042.783654944742
2019-10-03,9405.473689825396
2019-10-04,23683.268565220536
2019-10-07,27690.78785664679
2019-10-08,31695.846137015822
2019-10-09,28730.736613040863
2019-10-10,27861.392034401928
2019-10-11,25289.8290664443
2019-10-14,24254.386661405377
2019-10-15,23458.23797703163
2019-10-16,22416.773368120983
2019-10-17,21997.90774835747
2019-10-18,22697.879803188367
2019-10-21,21287.703674919172
2019-10-22,20913.62676990131
2019-10-23,20458.553436764258
2019-10-24,20851.45825644885
2019-10-25,21539.853802321388
2019-10-28,24201.86623561403
2019-10-29,24315.225314601135
2019-10-30,25115.877878924544
2019-10-31,21125.57612073075
2019-11-01,22356.799904422605
2019-11-04,23914.040647645954
2019-11-05,22590.171450732367
2019-11-06,26506.99606853553
2019-11-07,26159.063033988226
2019-11-08,26964.778060844208
2019-11-11,25510.918638678126
2019-11-12,26652.538576253966
2019-11-13,26920.69215708379
2019-11-14,26491.287144845977
2019-11-15,29035.385478642416
2019-11-18,29489.871756427674
2019-11-19,28914.25171484329
2019-11-20,28388.415319572854
2019-11-21,27119.855388712123
2019-11-22,28867.61178317858
2019-11-25,31049.286070807706
2019-11-26,32700.230738716495
2019-11-27,32980.68538071142
2019-11-29,31707.992957506376
2019-12-02,27602.824171581557
2019-12-03,28400.21602062816
2019-12-04,30617.646026593266
2019-12-05,30837.170143374395
2019-12-06,34282.839429274514
2019-12-09,33090.02293630377
2019-12-10,33709.043405431825
2019-12-11,35304.77741576372
2019-12-12,38178.914032449895
2019-12-13,8085.884671609517
2019-12-16,19890.900248570477
2019-12-17,20006.152577780555
2019-12-18,19607.089325246332
2019-12-19,19825.705100908275
2019-12-20,22937.953063519282
2019-12-23,23978.410682053538
2019-12-24,23257.653799388954
2019-12-26,23952.08781620788
2019-12-27,26799.8812819052
2019-12-30,25602.563396958427
2019-12-31,26469.58676789423
2020-01-02,28294.001607863298
2020-01-03,31834.771544193154
2020-01-06,30672.392986578816
2020-01-07,30279.419803132056
2020-01-08,30634.86023898423
2020-01-09,33189.7370492514
2020-01-10,32366.7884635299
2020-01-13,33820.62744490564
2020-01-14,32785.27072412114
2020-01-15,32856.49497930008
2020-01-16,36188.994970389285
2020-01-17,38642.092516503486
2020-01-21,37591.708380936616
2020-01-22,37606.59190063179
2020-01-23,38023.21486862728
2020-01-24,36497.04156995314
2020-01-27,31493.66069558961
2020-01-28,38605.03973726179
2020-01-29,24901.759946099715
2020-01-30,23477.559834116553
2020-01-31,23698.90010063295
2020-02-03,27268.982029915598
2020-02-04,25521.0873290399
2020-02-05,28087.718191523953
2020-02-06,28703.028098744497
2020-02-07,25672.836532625133
2020-02-10,26453.64080434428
2020-02-11,26735.00994846882
2020-02-12,27224.20328085357
2020-02-13,26564.497213205188
2020-02-14,26504.991029650493
2020-02-18,25138.928148329695
2020-02-19,26271.238571456248
2020-02-20,25327.80429921365
2020-02-21,22454.501353676536
2020-02-24,20848.362416723565
2020-02-25,37323.55774032271
2020-02-26,48063.61680819813
2020-02-27,38464.73794077539
2020-02-28,61305.576025549075
2020-03-02,59558.9022831408
2020-03-03,71238.08932171082
2020-03-04,67685.42225691285
2020-03-05,71725.99805322726
2020-03-06,69727.36544332784
2020-03-09,62112.36276258086
2020-03-10,93637.84194862982
2020-03-11,86308.33006463156
2020-03-12,85758.56453987924
2020-03-13,119518.24299622551
2020-03-16,116128.3895749336
2020-03-17,139991.0967590097
2020-03-18,124922.89532180554
2020-03-19,124484.96886602542
2020-03-20,102901.3133810662
2020-03-23,97535.9586031018
2020-03-24,96635.60071312383
2020-03-25,114412.0680342621
2020-03-26,108951.59475429525
2020-03-27,108813.91389214442
2020-03-30,104457.42033692989
2020-03-31,95088.6906422138
2020-04-01,87673.01834495671
2020-04-02,90473.12973096779
2020-04-03,81197.32461094022
2020-04-06,86224.4410976319
2020-04-07,100642.86692525414
2020-04-08,100952.16952477
2020-04-09,98575.59913593072
2020-04-13,93050.46613028104
2020-04-14,95652.74553527596
2020-04-15,89272.09316501321
2020-04-16,86204.89539224554
2020-04-17,87684.46915272881
2020-04-20,85608.5433577949
2020-04-21,75635.949342131
2020-04-22,83210.46735566687
2020-04-23,83482.8409767184
2020-04-24,62349.437378457405
2020-04-27,58895.092033395435
2020-04-28,56278.69412313155
2020-04-29,54147.60404771713
2020-04-30,57235.50162934457
2020-05-01,54130.22286036344
2020-05-04,57426.769078258774
2020-05-05,54157.510456623866
2020-05-06,49352.76049519268
2020-05-07,51192.62974514243
2020-05-08,64722.56457932599
2020-05-11,53513.4127991626
2020-05-12,49135.04824806134
2020-05-13,50029.62241532649
2020-05-14,43789.94085253175
2020-05-15,47271.8798779893
2020-05-18,48752.08429622253
2020-05-19,47908.00360880754
2020-05-20,49312.05347602994
2020-05-21,47657.78580412807
2020-05-22,51672.875992299465
2020-05-26,49509.642418507414
2020-05-27,53338.25180987293
2020-05-28,54017.49609771979
2020-05-29,53436.248053318406
2020-06-01,52676.92290877279
2020-06-02,52205.58412679236
2020-06-03,54713.226982875785
2020-06-04,54613.8866551672
2020-06-05,52279.257559065554
2020-06-08,35755.788663868414
2020-06-09,37778.447837811655
2020-06-10,35864.163017142295
2020-06-11,37022.83941914877
2020-06-12,75564.4174382945
2020-06-15,67741.17353212163
2020-06-16,65454.01520942427
2020-06-17,60160.94399681435
2020-06-18,53958.93022969565
2020-06-19,51289.621497838954
2020-06-22,45070.110178915485
2020-06-23,43684.32827847919
2020-06-24,40886.815203377715
2020-06-25,52791.74280502733
2020-06-26,48492.249324753604
2020-06-29,50613.03195615686
2020-06-30,48105.47429030286
2020-07-01,45375.96756614003
2020-07-02,44606.66109922763
2020-07-06,39624.95894892303
2020-07-07,41032.66567562246
2020-07-08,40282.86493310271
2020-07-09,38557.31338101091
2020-07-10,35107.85635973885
2020-07-13,35463.93486635114
2020-07-14,35826.3844782691
2020-07-15,37286.19749661488
2020-07-16,36687.30729612498
2020-07-17,35642.532869307135
2020-07-20,33542.169930541604
2020-07-21,49032.851857646034
2020-07-22,41994.41024978201
2020-07-23,46643.479799278604
2020-07-24,40907.15482316783
2020-07-27,38649.93911585421
2020-07-28,42945.74979064501
2020-07-29,38939.87413557644
2020-07-30,40500.07296309132
2020-07-31,41470.090313176996
2020-08-03,41478.307274611056
2020-08-04,40097.80093171351
2020-08-05,43784.317830636515
2020-08-06,46114.456565266744
2020-08-07,45882.79090540325
2020-08-10,49029.03092066719
2020-08-11,43709.103519939934
2020-08-12,70575.36572001941
2020-08-13,70818.93775473155
2020-08-14,69751.09955985207
2020-08-17,68453.63563304352
2020-08-18,70664.83749789718
2020-08-19,66120.84250712776
2020-08-20,71585.05222568334
2020-08-21,70766.49065084122
2020-08-24,70063.3495873504
2020-08-25,73028.13416152592
2020-08-26,76681.30945587877
2020-08-27,74482.81165626201
2020-08-28,74556.19490955057
2020-08-31,74893.31965762592
2020-09-01,53228.55120675696
2020-09-02,53125.94382708321
2020-09-03,56087.91379121142
2020-09-04,73900.54932129977
2020-09-08,67458.68801654532
2020-09-09,73738.36322596115
2020-09-10,69715.80839951943
2020-09-11,70248.55511242386
2020-09-14,62271.34057835219
2020-09-15,61714.91534395934
2020-09-16,55396.838080352245
2020-09-17,53098.590844472645
2020-09-18,54672.10997336378
2020-09-21,56055.40312352708
2020-09-22,58735.42137027125
2020-09-23,56220.24939364333
2020-09-24,67884.29283994778
2020-09-25,62109.901067692655
2020-09-28,61031.69216853245
2020-09-29,65236.23106905337
2020-09-30,18476.72392793066
2020-10-01,16958.461598848935
2020-10-02,43018.852613775896
2020-10-05,44457.61749861004
2020-10-06,48705.79255706313
2020-10-07,53639.253260169346
2020-10-08,52617.59126530364
2020-10-09,49142.65818821613
2020-10-12,52659.66306293722
2020-10-13,47681.390527484844
2020-10-14,53777.57770551043
2020-10-15,52813.953883104914
2020-10-16,47565.59522857778
2020-10-19,44943.12320087979
2020-10-20,49528.059448255146
2020-10-21,46777.886326831824
2020-10-22,44886.82327379893
2020-10-23,43211.269509749094
2020-10-26,40583.0264429984
2020-10-27,46148.94694859359
2020-10-28,46608.72162777318
2020-10-29,66976.79971911012
2020-10-30,67469.1032985033
2020-11-02,61274.98200121854
2020-11-03,58739.43174765371
2020-11-04,61034.91431071129
2020-11-05,66450.88044213523
2020-11-06,67025.04862544319
2020-11-09,62907.51036628762
2020-11-10,68886.01819340972
2020-11-11,65620.89539132205
2020-11-12,59964.10836320733
2020-11-13,62886.58326824324
2020-11-16,68485.39469848633
2020-11-17,62349.28244990022
2020-11-18,60020.491399446015
2020-11-19,64320.92507058282
2020-11-20,55308.1127449612
2020-11-23,58355.50794866898
2020-11-24,64213.14028106371
2020-11-25,48201.8817187009
2020-11-27,46528.773624833215
2020-11-30,44655.35251717661
2020-12-01,43354.18908743953
2020-12-02,47640.103547837294
2020-12-03,46466.86636458123
2020-12-04,42520.14862050124
2020-12-07,42980.256337695166
2020-12-08,42100.13381531112
2020-12-09,41180.07630396272
2020-12-10,62638.08565477771
2020-12-11,56683.281953947815
2020-12-14,51095.62553361986
2020-12-15,53378.483889003066
2020-12-16,57924.524993331535
2020-12-17,55484.878864530845
2020-12-18,53490.21323602662
2020-12-21,51362.85333808232
2020-12-22,47460.81877117727
2020-12-23,47266.24049443419
2020-12-24,47746.64169758894
2020-12-28,50106.32024653837
2020-12-29,48567.58053121696
2020-12-30,47907.32032338701
2020-12-31,49008.91655958535
2021-01-04,42352.399670636005
2021-01-05,44652.996004756315
2021-01-06,44374.39067623054
2021-01-07,56964.02351185054
2021-01-08,59007.218513472864
2021-01-11,46363.76106499382
2021-01-12,45849.44701081624
2021-01-13,44510.393683237555
2021-01-14,42790.667159145094
2021-01-15,42587.388206974065
2021-01-19,44390.69830323558
2021-01-20,43123.5414869672
2021-01-21,49319.37059230879
2021-01-22,47149.00126829902
2021-01-25,44973.985842443544
2021-01-26,43304.61782818608
2021-01-27,43339.412846134735
2021-01-28,59499.552139531304
2021-01-29,55700.59259568127
2021-02-01,62299.45453207365
2021-02-02,63047.68614276257
2021-02-03,58013.48266518193
2021-02-04,57098.40336584918
2021-02-05,57984.16865991992
2021-02-08,56667.411868444346
2021-02-09,52071.21309611689
2021-02-10,50229.13776069717
2021-02-11,50249.21169190887
2021-02-12,50002.651438797635
2021-02-16,47781.90010140312
2021-02-17,51344.30887611906
2021-02-18,51165.992909072746
2021-02-19,50463.890961378944
2021-02-22,46543.78571121577
2021-02-23,48253.94250866146
2021-02-24,41375.87170276828
2021-02-25,30406.59448310852
2021-02-26,79054.43957618841
2021-03-01,74006.5073733523
2021-03-02,77896.44596147853
2021-03-03,70576.835211761
2021-03-04,75463.48234903603
2021-03-05,76415.11297743765
2021-03-08,69692.10674196169
2021-03-09,71158.19604034499
2021-03-10,70857.25453102475
2021-03-11,69288.55134247216
2021-03-12,65439.97144739467
2021-03-15,59514.55589110184
2021-03-16,55347.38817915055
2021-03-17,52271.736251701586
2021-03-18,48598.35831455115
2021-03-19,55743.560228191796
2021-03-22,53908.02460180316
2021-03-23,51232.66948626007
2021-03-24,52808.53362120888
2021-03-25,49985.92154043982
2021-03-26,48119.20437099667
2021-03-29,53000.40956499234
2021-03-30,51476.23725674846
2021-03-31,51626.28731493721
2021-04-01,57449.38310277747
2021-04-05,69213.94924476634
2021-04-06,71282.55081358503
2021-04-07,68628.7819763874
2021-04-08,48868.788655640215
2021-04-09,45172.65132100886
2021-04-12,45332.70723486038
2021-04-13,46045.02506779521
2021-04-14,45595.39764898266
2021-04-15,43850.4033931926
2021-04-16,52907.9744379913
2021-04-19,49643.42417053794
2021-04-20,47832.82860140887
2021-04-21,49161.488649497995
2021-04-22,48421.98112719489
2021-04-23,53115.61374124176
2021-04-26,54538.4118946106
2021-04-27,50821.86442314907
2021-04-28,47737.7558754583
2021-04-29,48804.76890530547
2021-04-30,45364.82088973961
2021-05-03,49266.12896970876
2021-05-04,45148.33362260714
2021-05-05,46757.55012832127
2021-05-06,23644.001539059973
2021-05-07,59152.278287298446
2021-05-10,55240.29867706334
2021-05-11,50654.08012837103
2021-05-12,52466.589174227796
2021-05-13,71442.15114538619
2021-05-14,70221.49835110742
2021-05-17,71093.33313050315
2021-05-18,66541.995023385
2021-05-19,63274.78513488002
2021-05-20,56901.61869270554
2021-05-21,56912.72261143027
2021-05-24,51878.39468182862
2021-05-25,52893.07811527902
2021-05-26,51511.40851226749
2021-05-27,46705.91570221016
2021-05-28,45984.51681178224
2021-06-01,44525.711912096376
2021-06-02,43914.904446942106
2021-06-03,39993.3780841367
2021-06-04,47410.26737745286
2021-06-07,50371.836415572594
2021-06-08,51650.868251181986
2021-06-09,47605.9560252263
2021-06-10,47477.003360406045
2021-06-11,48126.51385477233
2021-06-14,47813.98544529003
2021-06-15,46754.991983903135
2021-06-16,45133.05800943248
2021-06-17,52978.00187950284
2021-06-18,54507.96725700301
2021-06-21,64050.028437275774
2021-06-22,67736.39704926277
2021-06-23,62797.56219654466
2021-06-24,63985.63419058438
2021-06-25,62233.83027480363
2021-06-28,61566.84839234921
2021-06-29,63181.51867971658
2021-06-30,63018.7579213848
2021-07-01,64829.40360155982
2021-07-02,45896.88129210818
2021-07-06,47275.79830480051
2021-07-07,46242.42249569425
2021-07-08,44707.581253398836
2021-07-09,46137.20286580384
2021-07-12,49630.22735473231
2021-07-13,45410.90494540931
2021-07-14,43680.15947328198
2021-07-15,44204.135542655786
2021-07-16,41857.382084022785
2021-07-19,59248.06891925495
2021-07-20,56731.30954695524
2021-07-21,53695.6052667292
2021-07-22,50214.695068972505
2021-07-23,47810.7351786249
2021-07-26,44940.80780502638
2021-07-27,41184.284522372254
2021-07-28,40606.68717739445
2021-07-29,39843.968022733265
2021-07-30,38655.22348817996
2021-08-02,41078.471222567845
2021-08-03,38841.919394383694
2021-08-04,40121.357010976695
2021-08-05,42531.1894881697
2021-08-06,41807.233549170924
2021-08-09,46559.26493671497
2021-08-10,50598.47231713958
2021-08-11,52950.1281589316
2021-08-12,55878.32948351324
2021-08-13,56434.32008884231
2021-08-16,42863.12957257053
2021-08-17,41859.1722211671
2021-08-18,45495.2476745161
2021-08-19,50838.244348537744
2021-08-20,47033.898809562976
2021-08-23,45510.74211954712
2021-08-24,47013.334433277494
2021-08-25,44192.92310231946
2021-08-26,42892.38911113931
2021-08-27,44374.16781923747
2021-08-30,48780.57855181789
2021-08-31,46525.34909956461
2021-09-01,43294.887563507415
2021-09-02,43556.10235200385
2021-09-03,41104.5417319671
2021-09-07,40450.02121108569
2021-09-08,47991.26233014356
2021-09-09,45554.112912606965
2021-09-10,45854.1979435349
2021-09-13,51049.86631778033
2021-09-14,45434.05854152567
2021-09-15,47561.62796926177
2021-09-16,45234.262006452416
2021-09-17,48939.899114667125
2021-09-20,54796.85299581007
2021-09-21,59746.83070624354
2021-09-22,53607.7203024972
2021-09-23,51507.89020338279
2021-09-24,50140.93965958407
2021-09-27,45464.76045292845
2021-09-28,29904.217669493817
2021-09-29,78051.7071981099
2021-09-30,71375.67194428624
2021-10-01,63698.30566873442
2021-10-04,60075.30887823083
2021-10-05,60678.51175737285
2021-10-06,55642.29016045202
2021-10-07,50687.58551966913
2021-10-08,47363.722371348595
2021-10-11,43857.69481657295
2021-10-12,46982.25089093532
2021-10-13,43723.31868212926
2021-10-14,45805.48723122209
2021-10-15,58209.65413805264
2021-10-18,59114.43224916217
2021-10-19,54588.75329646373
2021-10-20,57278.389234206305
2021-10-21,56890.437474163286
2021-10-22,54838.56470905047
2021-10-25,59289.06441864954
2021-10-26,59234.273035588514
2021-10-27,54623.51038401592
2021-10-28,59623.60686668337
2021-10-29,63277.32115723563
2021-11-01,61180.25635174317
2021-11-02,62783.80114667034
2021-11-03,63022.37426626847
2021-11-04,64714.3879474087
2021-11-05,69754.40062970603
2021-11-08,69944.90394331183
2021-11-09,39217.37665785399
2021-11-10,40095.2150283864
2021-11-11,41706.61940501135
2021-11-12,40454.09694123647
2021-11-15,40695.01730560759
2021-11-16,37537.99846313547
2021-11-17,36675.5535869475
2021-11-18,36769.23223445002
2021-11-19,34779.53930742902
2021-11-22,34915.81906441742
2021-11-23,45569.34241547601
2021-11-24,45778.89705608103
2021-11-26,46373.267955394804
2021-11-29,61951.87752968583
2021-11-30,62285.06613110075
2021-12-01,72151.57552601615
2021-12-02,65633.13683422256
2021-12-03,65521.920023787985
2021-12-06,59638.13217706793
2021-12-07,55295.63234250874
2021-12-08,68312.04740218364
2021-12-09,64000.44581527636
2021-12-10,58303.835046797205
2021-12-13,56127.26838753685
2021-12-14,53394.88399856605
2021-12-15,56322.73871006399
2021-12-16,59697.45068094858
2021-12-17,53916.56211129873
2021-12-20,58748.744469882986
2021-12-21,56430.46023434419
2021-12-22,63699.34428842595
2021-12-23,63107.78594359458
2021-12-27,59100.013405455786
2021-12-28,61186.64221343262
2021-12-29,55994.44731996657
2021-12-30,52197.04121869747
2021-12-31,49358.55069820872
2022-01-03,45737.72934160503
2022-01-04,47064.2310626184
2022-01-05,42405.003131941216
2022-01-06,63263.613252751114
2022-01-07,56997.82938508074
2022-01-10,53804.149591880196
2022-01-11,48092.8879212761
2022-01-12,51676.006552579856
2022-01-13,48135.0074157309
2022-01-14,56199.63969193265
2022-01-18,51573.25651402649
2022-01-19,68479.8828858456
2022-01-20,66314.17497000535
2022-01-21,71514.83008242109
2022-01-24,76579.68365047054
2022-01-25,72923.08804219136
2022-01-26,77367.7822119493
2022-01-27,79082.52713353942
2022-01-28,67187.65207287736
2022-01-31,75907.01140190785
2022-02-01,74942.29816579199
2022-02-02,68328.91549531977
2022-02-03,69908.15144226581
2022-02-04,76197.80129352355
2022-02-07,68245.68350315707
2022-02-08,58959.41149189521
2022-02-09,59038.6675360512
2022-02-10,59148.411856857354
2022-02-11,72382.41346062283
2022-02-14,72264.72447184376
2022-02-15,66716.07796795342
2022-02-16,64604.55067052789
2022-02-17,58884.33273682203
2022-02-18,30733.358375613625
2022-02-22,33723.705832828615
2022-02-23,39191.48379418053
2022-02-24,42195.11731863081
2022-02-25,41220.75687246372
2022-02-28,44408.093642140186
2022-03-01,44752.14237174881
2022-03-02,43996.76095147081
2022-03-03,43131.65429708888
2022-03-04,42024.3207105321
2022-03-07,43739.79721275323
2022-03-08,55266.50673226789
2022-03-09,52664.811889583616
2022-03-10,55573.68643891751
2022-03-11,51449.601412200056
2022-03-14,54508.29524097532
2022-03-15,55986.48592696688
2022-03-16,52965.72283766319
2022-03-17,56273.162648038306
2022-03-18,49405.91575110625
2022-03-21,50256.32671725426
2022-03-22,45268.44770070087
2022-03-23,45019.69261460362
2022-03-24,43715.19720809101
2022-03-25,42609.796021207316
2022-03-28,42466.27306344156
2022-03-29,44033.9991248236
2022-03-30,42026.351000658564
2022-03-31,38366.95124557824
2022-04-01,42582.54065408119
2022-04-04,42261.65129025687
2022-04-05,39042.7773366985
2022-04-06,45814.916315951195
2022-04-07,46310.26581361785
2022-04-08,43314.05711331255
2022-04-11,41419.95505253543
2022-04-12,47789.52518233796
2022-04-13,44580.43360326292
2022-04-14,44486.73708283749
2022-04-18,48114.54359119404
2022-04-19,45918.97454607695
2022-04-20,44504.59715653936
2022-04-21,43637.94520443805
2022-04-22,51775.05372770318
2022-04-25,65232.90909898867
2022-04-26,62504.03432930073
2022-04-27,72325.27998287945
2022-04-28,68997.67516627454
2022-04-29,70161.07985829143
2022-05-02,82975.93307346177
2022-05-03,46118.782226695934
2022-05-04,49950.42412694299
2022-05-05,83873.8330725737
2022-05-06,97010.3859771121
2022-05-09,86616.0191877622
2022-05-10,96180.51106023733
2022-05-11,89440.22248180132
2022-05-12,81577.70681355572
2022-05-13,74787.34013128678
2022-05-16,72857.34628165817
2022-05-17,67064.83975801204
2022-05-18,64916.70676765385
2022-05-19,80353.18044410794
2022-05-20,76259.49422601858
2022-05-23,67762.5135070954
2022-05-24,65786.3562110539
2022-05-25,62356.50923055641
2022-05-26,57561.58791910711
2022-05-27,57534.84331891202
2022-05-31,59652.57278758296
2022-06-01,58299.646009918695
2022-06-02,55955.03419604269
2022-06-03,57451.38624970487
2022-06-06,61474.71240341672
2022-06-07,58533.15194301261
2022-06-08,58453.52648960643
2022-06-09,58884.60391453564
2022-06-10,67518.60390138061
2022-06-13,69704.64194376276
2022-06-14,93166.99124672978
2022-06-15,83818.67372745088
2022-06-16,82704.7449959565
2022-06-17,85745.14103402659
2022-06-21,78867.01729107475
2022-06-22,77942.4536145439
2022-06-23,71051.83960888706
2022-06-24,68518.71652191973
2022-06-27,75502.87594440478
2022-06-28,66969.43525507596
2022-06-29,70856.47539455365
2022-06-30,61904.888501443995
2022-07-01,62946.45181778758
2022-07-05,61774.77675803362
2022-07-06,58017.45045085818
2022-07-07,55970.65961285512
2022-07-08,56105.505465322676
2022-07-11,51552.31400190776
2022-07-12,52079.82565656723
2022-07-13,50767.22316650162
2022-07-14,49363.397269218694
2022-07-15,60200.05755671535
2022-07-18,51989.18971748872
2022-07-19,56288.419771421686
2022-07-20,66241.00890788136
2022-07-21,61835.25079536783
2022-07-22,64270.36724859875
2022-07-25,63696.73779991227
2022-07-26,58364.768904660144
2022-07-27,66742.17233913577
2022-07-28,78729.64913155865
2022-07-29,64372.806347439335
2022-08-01,64876.593308278716
2022-08-02,61518.11774682896
2022-08-03,59769.44643317698
2022-08-04,60410.734695560765
2022-08-05,56573.63058495089
2022-08-08,52841.81382510554
2022-08-09,51373.605966283365
2022-08-10,49608.45716760772
2022-08-11,57116.937704594835
2022-08-12,55126.32328556773
2022-08-15,61951.264774229676
2022-08-16,57768.53895274588
2022-08-17,54084.74329876017
2022-08-18,54286.107165079775
2022-08-19,50563.762289027756
2022-08-22,54164.53334552299
2022-08-23,64408.65550808553
2022-08-24,60481.55538172874
2022-08-25,60648.07564973679
2022-08-26,59665.84578559497
2022-08-29,82248.1171455817
2022-08-30,79973.6462364436
2022-08-31,75412.89441347598
2022-09-01,72715.38040350708
2022-09-02,68972.45431203397
2022-09-06,66177.41458366012
2022-09-07,63952.2573539853
2022-09-08,68947.16083738164
2022-09-09,60243.72810725314
2022-09-12,61033.42563820033
2022-09-13,63566.50424926433
2022-09-14,88753.84892565821
2022-09-15,83790.41487112874
2022-09-16,81538.82346525839
2022-09-19,75243.16603255672
2022-09-20,69990.53164418327
2022-09-21,67683.21071025934
2022-09-22,67956.43500873784
2022-09-23,68577.50312646254
2022-09-26,65240.946532101094
2022-09-27,80663.6804582511
2022-09-28,74479.04173492263
2022-09-29,78863.83500062059
2022-09-30,76622.76458945237
2022-10-03,79448.6373688363
2022-10-04,85565.02771183882
2022-10-05,93828.04750897354
2022-10-06,84713.97462646753
2022-10-07,88041.0008034255
2022-10-10,94388.62708031802
2022-10-11,90203.3875749001
2022-10-12,86181.00713242224
2022-10-13,87792.77858823628
2022-10-14,82911.80735054545
2022-10-17,86694.94583949201
2022-10-18,88500.20192935257
2022-10-19,86790.30308805064
2022-10-20,84358.98537394975
2022-10-21,82420.45330454475
2022-10-24,78561.44983550496
2022-10-25,71031.5042848031
2022-10-26,73695.80345603325
2022-10-27,70638.25841873974
2022-10-28,69739.3475846933
2022-10-31,67632.87765909883
2022-11-01,63761.676521740636
2022-11-02,62321.87709236941
2022-11-03,68660.37270817994
2022-11-04,68482.94649832434
2022-11-07,64329.820051420975
2022-11-08,63043.227764933974
2022-11-09,62978.14736672286
2022-11-10,69002.76695390312
2022-11-11,98393.6310856169
2022-11-14,92967.11051188549
2022-11-15,93427.98992864203
2022-11-16,84628.74546868994
2022-11-17,81266.14626297956
2022-11-18,78961.97094824765
2022-11-21,73444.70161475425
2022-11-22,76614.05926510126
2022-11-23,78279.03946105324
2022-11-25,74186.80690451311
2022-11-28,70661.77991364358
2022-11-29,72150.02709765489
2022-11-30,78524.50245000972
2022-12-01,88607.30891461177
2022-12-02,84774.18894575363
2022-12-05,81095.38053030179
2022-12-06,80925.08217944954
2022-12-07,73226.23179516604
2022-12-08,68302.13401327818
2022-12-09,69651.44719115776
2022-12-12,64297.39896970967
2022-12-13,59900.712821545996
2022-12-14,63862.20246939997
2022-12-15,61257.31765739654
2022-12-16,68045.13067332127
2022-12-19,64443.08150680701
2022-12-20,66219.01715121933
2022-12-21,62934.30515535814
2022-12-22,61075.09098655512
2022-12-23,64997.69061398941
2022-12-27,60361.419740799174
2022-12-28,57754.496347233915
2022-12-29,60872.78009468877
2022-12-30,62167.422729100384
2023-01-03,61024.84817495653
2023-01-04,59069.26090954817
2023-01-05,60076.75507764683
2023-01-06,60680.20715836223
2023-01-09,68599.43375959403
2023-01-10,63169.49799113301
2023-01-11,62384.15800962773
2023-01-12,62973.34575914646
2023-01-13,62869.55218315432
2023-01-17,63056.2128565985
2023-01-18,58684.417201545824
2023-01-19,58616.98597944286
2023-01-20,58897.53454226461
2023-01-23,58960.139145703404
2023-01-24,58155.223267575624
2023-01-25,56441.02549238149
2023-01-26,55709.48290824797
2023-01-27,55800.58036813715
2023-01-30,52653.05802008748
2023-01-31,55155.37189913564
2023-02-01,56330.88598139338
2023-02-02,60971.09534229135
2023-02-03,56211.79029732919
2023-02-06,61876.3558553209
2023-02-07,60938.1998904866
2023-02-08,59725.04419838306
2023-02-09,59873.7711108034
2023-02-10,60745.76411472288
2023-02-13,58893.93665698948
2023-02-14,57026.649005703934
2023-02-15,58162.28187004674
2023-02-16,53502.22070491973
2023-02-17,67680.6486587827
2023-02-21,54179.21246815211
2023-02-22,66335.24786453866
2023-02-23,62988.57650919032
2023-02-24,58931.68376543345
2023-02-27,61938.124427073504
2023-02-28,59016.87184351071
2023-03-01,55265.85587040658
2023-03-02,54585.77918340648
2023-03-03,55220.106421168064
2023-03-06,57355.191742405776
2023-03-07,58092.03266049807
2023-03-08,62024.08854683742
2023-03-09,61408.39432914398
2023-03-10,61515.89740599913
2023-03-13,60797.46194339774
2023-03-14,60034.9475341709
2023-03-15,59009.97544936032
2023-03-16,54437.93319757526
2023-03-17,56106.0241987626
2023-03-20,55980.60038357124
2023-03-21,52648.63609707249
2023-03-22,53140.39368572374
2023-03-23,51588.512118503815
2023-03-24,51247.18228699969
2023-03-27,48723.62087955817
2023-03-28,48463.2823110713
2023-03-29,44405.67481278968
2023-03-30,44283.91242495809
2023-03-31,47108.96627179205
2023-04-03,47762.895467758666
2023-04-04,46851.411589092975
2023-04-05,47681.98500159079
2023-04-06,43766.8022007293
2023-04-10,44350.38117567613
2023-04-11,44620.630320544784
2023-04-12,42326.939118748036
2023-04-13,46844.93396783995
2023-04-14,52961.94418751671
2023-04-17,55827.49721774976
2023-04-18,44663.4128005728
2023-04-19,44106.0356665371
2023-04-20,42708.17610460152
2023-04-21,41969.735436059585
2023-04-24,41584.75938285501
2023-04-25,45028.3845167962
2023-04-26,45302.849367150804
2023-04-27,42289.637433448355
2023-04-28,45111.6150113801
2023-05-01,45280.45915326657
2023-05-02,70742.3476076533
2023-05-03,32615.922801594537
2023-05-04,32101.22344070318
2023-05-05,27550.227353152673
2023-05-08,27922.567331703194
2023-05-09,28482.061479439395
2023-05-10,27138.712243703143
2023-05-11,27505.93688314214
2023-05-12,29585.651371413947
2023-05-15,30452.131746066858
2023-05-16,32437.78318216609
2023-05-17,39433.98974161496
2023-05-18,40419.151795347796
2023-05-19,38727.783464940345
2023-05-22,39374.87428759407
2023-05-23,35837.25977480242
2023-05-24,38799.39598781787
2023-05-25,42539.559918939405
2023-05-26,43731.00650436856
2023-05-30,45560.07132723141
2023-05-31,42630.09013652017
2023-06-01,42219.80532404753
2023-06-02,44850.68557471072
2023-06-05,45204.73964368093
2023-06-06,43222.27180007208
2023-06-07,42213.73851956226
2023-06-08,45682.30165859362
2023-06-09,47242.98255151226
2023-06-12,49261.60732650147
2023-06-13,49568.14448502372
2023-06-14,49621.64669116939
2023-06-15,51168.70644283862
2023-06-16,57435.822321803134
2023-06-20,54220.97238081554
2023-06-21,54119.070990373664
2023-06-22,55726.83669959529
2023-06-23,51915.06992119
2023-06-26,49921.08168414547
2023-06-27,54092.69482111697
2023-06-28,54637.80388866875
2023-06-29,54764.274144578325
2023-06-30,56427.558157026084
2023-07-03,59630.82733834338
2023-07-05,59050.89090634231
2023-07-06,57754.35714991549
2023-07-07,59749.63120867126
2023-07-10,62059.7463244909
2023-07-11,61668.61137508448
2023-07-12,65224.5601851849
2023-07-13,69191.30784070931
2023-07-14,60204.59625099723
2023-07-17,55171.39419982496
2023-07-18,54249.929096461696
2023-07-19,56677.19904783552
2023-07-20,55816.04851188653
2023-07-21,57228.10252047206
2023-07-24,56351.369912153794
2023-07-25,54732.5628196818
2023-07-26,54336.13585754596
2023-07-27,51292.4475838585
2023-07-28,55518.94169368665
2023-07-31,56802.01931436777
2023-08-01,55312.88113142771
2023-08-02,55218.87554904614
2023-08-03,54888.824014050835
2023-08-04,56664.188471319125
2023-08-07,53744.621100953336
2023-08-08,54077.34701981933
2023-08-09,54465.732381626214
2023-08-10,52743.16485051815
2023-08-11,52581.96634100448
2023-08-14,51452.47862236826
2023-08-15,52597.27684539447
2023-08-16,57149.80365113554
2023-08-17,60603.57016657837
2023-08-18,61325.2428935625
2023-08-21,59964.39605786542
2023-08-22,61765.40791593246
2023-08-23,55009.42223609224
2023-08-24,64935.885221523284
2023-08-25,55058.259380000585
2023-08-28,54149.1672809687
2023-08-29,56507.964950357404
2023-08-30,61160.37094839326
2023-08-31,58690.07854973881
2023-09-01,57995.86363679335
2023-09-05,56907.278880594175
2023-09-06,56737.69737253848
2023-09-07,55702.29991585251
2023-09-08,56210.34645709656
2023-09-11,55375.39297744951
2023-09-12,54972.861849431465
2023-09-13,55652.12683826696
2023-09-14,54236.674372263195
2023-09-15,53197.624715944476
2023-09-18,52102.79653019324
2023-09-19,53881.18065026618
2023-09-20,49650.71513822071
2023-09-21,53202.627994162016
2023-09-22,58665.475312448594
2023-09-25,22516.40719043067
2023-09-26,26160.47769005938
2023-09-27,58138.34594508018
2023-09-28,57131.354799686706
2023-09-29,53709.38581765263
2023-10-02,54787.00450387217
2023-10-03,57498.0474774745
2023-10-04,60047.66764462485
2023-10-05,60303.485899082305
2023-10-06,54449.88558043754
2023-10-09,48475.613324264334
2023-10-10,51305.710356054806
2023-10-11,54123.01469234089
2023-10-12,50389.83316672373
2023-10-13,53248.77543828391
2023-10-16,51099.59921528482
2023-10-17,49992.813186804415
2023-10-18,49741.72497807904
2023-10-19,49968.092039992596
2023-10-20,50374.913675202944
2023-10-23,50796.54374207234
2023-10-24,48599.501849204746
2023-10-25,51545.71099112633
2023-10-26,53774.48920953152
2023-10-27,54476.95882903943
2023-10-30,51974.780632849746
2023-10-31,52568.516265554965
2023-11-01,49662.72517139312
2023-11-02,45516.567259741416
2023-11-03,49887.41118665524
2023-11-06,49984.723278955295
2023-11-07,50134.063154319476
2023-11-08,48766.54327511933
2023-11-09,46521.73523264697
2023-11-10,49221.50880922341
2023-11-13,48716.73146001298
2023-11-14,56294.78943423097
2023-11-15,66686.74237662496
2023-11-16,64042.808269490815
2023-11-17,64961.24357147817
2023-11-20,49966.168898606884
2023-11-21,50553.86290193193
2023-11-22,48001.668063852274
2023-11-24,47578.363541300096
2023-11-27,46790.366759189776
2023-11-28,45863.15973945675
2023-11-29,46835.684182171004
2023-11-30,47050.37591939713
2023-12-01,46600.234250474015
2023-12-04,47352.73225136179
2023-12-05,68163.96419493963
2023-12-06,60039.7193375475
2023-12-07,56784.96496049245
2023-12-08,52205.50096396751
2023-12-11,50929.419039313856
2023-12-12,46206.005459448475
2023-12-13,52990.860220738665
2023-12-14,67889.36897099564
2023-12-15,66518.05662056155
2023-12-18,68941.97697112848
2023-12-19,68717.05529550619
2023-12-20,64361.70789614579
2023-12-21,67688.13429693827
2023-12-22,68409.13143230673
2023-12-26,70470.43126187779
2023-12-27,71275.06194562408
2023-12-28,71868.83915666667
2023-12-29,71397.01289155595
2024-01-02,68415.80811320423
2024-01-03,67176.16892790102
2024-01-04,53305.098909641405
2024-01-05,53520.040818733294
2024-01-08,55062.85826040232
2024-01-09,52724.10776321296
2024-01-10,51767.45907356194
2024-01-11,49567.21595533429
2024-01-12,50563.949054022465
2024-01-16,50003.79630775207
2024-01-17,51417.52255072273
2024-01-18,52149.438945772345
2024-01-19,56191.34715892332
2024-01-22,58144.1527338686
2024-01-23,57772.488525861794
2024-01-24,56974.44734722915
2024-01-25,59452.06241130818
2024-01-26,58943.148677291974
2024-01-29,60419.38023537864
2024-01-30,63853.909771442646
2024-01-31,56843.568892128584
2024-02-01,61675.86924198594
2024-02-02,66550.03124645054
2024-02-05,64641.07866762423
2024-02-06,65075.80198308512
2024-02-07,68494.5353259657
2024-02-08,67242.00038159032
2024-02-09,68059.21334567199
2024-02-12,66776.30832841362
2024-02-13,65074.16012273141
2024-02-14,71681.30120877507
2024-02-15,72338.34262181378
2024-02-16,63713.81554585
2024-02-20,53351.652317037755
2024-02-21,47120.068267672934
2024-02-22,45973.001575331444
2024-02-23,50306.78461362059
2024-02-26,49943.52020291909
2024-02-27,50611.20955616254
2024-02-28,49636.16076106021
2024-02-29,49546.39130229983
2024-03-01,51838.87786205282
2024-03-04,55282.74963918917
2024-03-05,54357.83098103974
2024-03-06,51362.53432359219
2024-03-07,55013.809036819555
2024-03-08,54226.88960219689
2024-03-11,54587.69436952702
2024-03-12,56450.843426560015
2024-03-13,54560.416899517506
2024-03-14,51057.743282862
2024-03-15,50004.5311007812
2024-03-18,53556.782912255374
2024-03-19,56268.914327064354
2024-03-20,61361.44924107198
2024-03-21,64894.50087377068
2024-03-22,62122.03891878758
2024-03-25,61047.70934876806
2024-03-26,61637.414249620764
2024-03-27,66471.39804623756
2024-03-28,68573.84204652197
2024-04-01,67822.54578657227
2024-04-02,48199.26919098453
2024-04-03,46196.97117554145
2024-04-04,47905.475974994246
2024-04-05,48578.64459565694
2024-04-08,50509.71379066442
2024-04-09,47924.22669498185
2024-04-10,50710.454101439784
2024-04-11,52862.380700099886
2024-04-12,57269.112022107875
2024-04-15,62294.575526408655
2024-04-16,63567.708640021476
2024-04-17,62965.26139298647
2024-04-18,64203.424882224186
2024-04-19,62706.095878352935
2024-04-22,62411.69879228014
2024-04-23,59579.37811059108
2024-04-24,58347.47257379764
2024-04-25,59289.24507559086
2024-04-26,53618.820648290224
2024-04-29,53772.708490620025
2024-04-30,31335.228248775897
2024-05-01,76403.90982006474
2024-05-02,73997.78769698653
2024-05-03,64159.626423167814
2024-05-06,58945.16547357586
2024-05-07,58553.26172060302
2024-05-08,60808.400196256414
2024-05-09,60478.97479889439
2024-05-10,61262.64081597435
2024-05-13,59777.44396182237
2024-05-14,59432.90739351877
2024-05-15,62178.51372001921
2024-05-16,64888.34217446115
2024-05-17,65050.22900120206
2024-05-20,61176.46506785798
2024-05-21,62144.75692490235
2024-05-22,60076.35776746953
2024-05-23,60465.4877844248
2024-05-24,66053.7864213047
2024-05-28,65317.296786925515
2024-05-29,60249.25405821126
2024-05-30,62550.36688859529
2024-05-31,61062.261184019684
2024-06-03,59555.521354059325
2024-06-04,60843.921632602025
2024-06-05,60375.0634445566
2024-06-06,63721.93060229608
2024-06-07,61620.19947264633
2024-06-10,65998.66695476568
2024-06-11,69253.53897322182
2024-06-12,71043.41767845114
2024-06-13,70555.98951415825
2024-06-14,71345.56657183185
2024-06-17,72934.32244145601
2024-06-18,72083.93352429094
2024-06-20,71287.4556933533
2024-06-21,71107.73361039521
2024-06-24,71121.29857753008
2024-06-25,71751.42029246595
2024-06-26,71073.86481238532
2024-06-27,56893.6277052569
2024-06-28,56969.90077167885
2024-07-01,56622.9552573938
2024-07-02,56547.375013607736
2024-07-03,54754.90702679207
2024-07-05,60579.52396602204
2024-07-08,60274.744992001695
2024-07-09,58373.334428569615
2024-07-10,61013.14834964376
2024-07-11,59998.92243385096
2024-07-12,29228.263351711663
2024-07-15,35806.78944623453
2024-07-16,37611.584656350744
2024-07-17,51433.24514212514
2024-07-18,56288.446765931396
2024-07-19,54288.803318468505
2024-07-22,62712.07368900461
2024-07-23,57922.770361202296
2024-07-24,60193.987051191696
2024-07-25,65469.248145647245
2024-07-26,62411.92715302001
2024-07-29,63763.60948316182
2024-07-30,65241.980004684454
2024-07-31,61357.71906771939
2024-08-01,69529.68926228465
2024-08-02,74380.20641755384
2024-08-05,80476.60900665532
2024-08-06,85497.85958267906
2024-08-07,89634.65210583943
2024-08-08,82219.00408063139
2024-08-09,74971.31685898955
2024-08-12,74347.99268589512
2024-08-13,70592.24874581692
2024-08-14,70777.67829970835
2024-08-15,72110.7111252339
2024-08-16,73435.19437519948
2024-08-19,76862.87640431001
2024-08-20,76394.1102197504
2024-08-21,76025.16220472702
2024-08-22,71271.83665030584
2024-08-23,76937.7982191623
2024-08-26,76718.04531416492
2024-08-27,74515.33962061004
2024-08-28,73909.56152395326
2024-08-29,75204.86181716471
2024-08-30,74649.6489281303
2024-09-03,66549.3552262821
2024-09-04,66619.83242612417
2024-09-05,67265.94268520547
2024-09-06,62194.316898935984
2024-09-09,67947.59850936796
2024-09-10,70162.56962997015
2024-09-11,72863.63584207017
2024-09-12,76059.9703718219
2024-09-13,79944.44298378685
2024-09-16,79636.803638693
2024-09-17,78507.55268373364
2024-09-18,78630.6223162239
2024-09-19,79123.37695223253
2024-09-20,81914.13892637705
2024-09-23,26584.27819995612
2024-09-24,30054.32147211297
2024-09-25,57453.143063673844
2024-09-26,58237.579275923636
2024-09-27,60574.03159136061
2024-09-30,59213.257988529615
2024-10-01,55230.38516692404
2024-10-02,46397.088522566126
2024-10-03,46226.84603137062
2024-10-04,46535.87524545728
2024-10-07,47095.15276059557
2024-10-08,51901.99861330165
2024-10-09,48594.523974091964
2024-10-10,46995.122844503916
2024-10-11,44934.353000039446
2024-10-14,50947.40347897451
2024-10-15,48529.1120329828
2024-10-16,49729.18089423346
2024-10-17,50304.025644078225
2024-10-18,51938.1687057848
2024-10-21,51685.394081114064
2024-10-22,52030.69173955496
2024-10-23,49570.22713934022
2024-10-24,56915.94076472448
2024-10-25,57846.0997806668
2024-10-28,58848.41213730647
2024-10-29,58211.44076673907
2024-10-30,59514.265273146484
2024-10-31,53989.059239662245
2024-11-01,60106.44391772061
2024-11-04,62745.279741492704
2024-11-05,58658.76969348147
2024-11-06,63632.92583446524
2024-11-07,60304.639090251556
2024-11-08,62357.715386580625
2024-11-11,62690.386019803744
2024-11-12,63092.782380598495
2024-11-13,65077.95192174963
2024-11-14,62202.78545162976
2024-11-15,58351.71613633998
2024-11-18,62365.53456298451
2024-11-19,61426.887380224405
2024-11-20,62480.43574500214
2024-11-21,64360.6116858834
2024-11-22,66824.74594952966
2024-11-25,68915.09855602212
2024-11-26,69617.24589215759
2024-11-27,69228.19622061851
2024-11-29,69480.29168592792
2024-12-02,71440.53525445997
2024-12-03,43581.70556545603
2024-12-04,55506.793099238195
2024-12-05,76059.05428526181
2024-12-06,78858.18919641431
2024-12-09,80236.60839821018
2024-12-10,66296.23832638061
2024-12-11,62776.03015251758
2024-12-12,68633.83852103532
2024-12-13,78460.95947790102
2024-12-16,77669.00934291045
2024-12-17,63267.208397665294
2024-12-18,68316.5249732925
2024-12-19,85872.4629975596
2024-12-20,83455.28214181267
2024-12-23,81842.05317865308
2024-12-24,81974.62668397975
2024-12-26,79277.61285423324
2024-12-27,78836.27809005644
2024-12-30,81398.8016038698
