,VaR_MC_T_COPULA
2009-01-12,31918.164512719468
2009-01-13,32777.76766605618
2009-01-14,35355.27270305664
2009-01-15,32252.245425200712
2009-01-16,31398.421298287765
2009-01-20,29383.786810944526
2009-01-21,29687.53373983297
2009-01-22,32566.404761353966
2009-01-23,33877.263796704654
2009-01-26,30211.13985428576
2009-01-27,28981.860183908237
2009-01-28,29422.919842352425
2009-01-29,31948.598664056644
2009-01-30,30837.683984521194
2009-02-02,29298.01384732671
2009-02-03,28012.17630008866
2009-02-04,29901.775062588124
2009-02-05,30959.525800795265
2009-02-06,32978.33675986806
2009-02-09,30071.658493667004
2009-02-10,30598.377325415506
2009-02-11,31772.484370041053
2009-02-12,33924.22800828293
2009-02-13,32751.64034785605
2009-02-17,31330.392515931624
2009-02-18,30053.520691884638
2009-02-19,29229.795304745498
2009-02-20,31944.059653148477
2009-02-23,28903.396486478734
2009-02-24,27662.858516954744
2009-02-25,28294.994079443404
2009-02-26,31122.41512407661
2009-02-27,32150.80579163433
2009-03-02,32736.771078554277
2009-03-03,33192.278047570115
2009-03-04,29367.089126045932
2009-03-05,31374.700775669666
2009-03-06,33042.696428797324
2009-03-09,30372.202740747132
2009-03-10,32062.598775125203
2009-03-11,30278.177189039463
2009-03-12,34090.78268369172
2009-03-13,31322.181014044225
2009-03-16,30794.152244609057
2009-03-17,31252.121153233762
2009-03-18,31912.161467589838
2009-03-19,36821.28111243822
2009-03-20,33290.378806384324
2009-03-23,33279.05698126729
2009-03-24,32157.360437608415
2009-03-25,34773.36693502356
2009-03-26,34633.13692542875
2009-03-27,36340.48056647224
2009-03-30,34818.24621347873
2009-03-31,34840.78155732414
2009-04-01,35164.38823796619
2009-04-02,37129.92193826802
2009-04-03,36406.585566480535
2009-04-06,39723.6047965193
2009-04-07,37267.98522550194
2009-04-08,36381.04389148164
2009-04-09,32834.41482408257
2009-04-13,31824.01972509465
2009-04-14,32498.34321836791
2009-04-15,32246.271670470152
2009-04-16,32635.248454936544
2009-04-17,37024.75068082997
2009-04-20,33717.796193679256
2009-04-21,32043.30141704752
2009-04-22,30574.421606909873
2009-04-23,33544.287218695994
2009-04-24,37208.69371228609
2009-04-27,32349.65778423217
2009-04-28,31036.887007005545
2009-04-29,30552.874277535546
2009-04-30,33813.83893741658
2009-05-01,35383.97864497918
2009-05-04,37492.86738288985
2009-05-05,36833.01820390343
2009-05-06,35640.14753374228
2009-05-07,36580.384766621326
2009-05-08,38357.76173236912
2009-05-11,38984.34859793993
2009-05-12,34335.00012152596
2009-05-13,37061.73737138139
2009-05-14,35547.406050762984
2009-05-15,32925.773157958974
2009-05-18,37375.131086515205
2009-05-19,35338.84502713886
2009-05-20,41778.62728233467
2009-05-21,37792.801562718916
2009-05-22,30546.93358103475
2009-05-26,33360.00712403294
2009-05-27,33166.171111586154
2009-05-28,30961.229504401832
2009-05-29,32305.616509604963
2009-06-01,33142.03707749355
2009-06-02,33610.46037273572
2009-06-03,33560.61168145324
2009-06-04,33884.96183133559
2009-06-05,37476.79279624014
2009-06-08,37181.63414265833
2009-06-09,34990.14547930699
2009-06-10,33751.77665099205
2009-06-11,35876.54152405039
2009-06-12,39316.884575762226
2009-06-15,37767.84771776963
2009-06-16,37429.150893896316
2009-06-17,39643.601986089816
2009-06-18,38150.11184313854
2009-06-19,35398.43098685445
2009-06-22,38371.2261586379
2009-06-23,37199.08948004346
2009-06-24,34628.84478297823
2009-06-25,38797.84536032054
2009-06-26,34957.32086781624
2009-06-29,36629.17608958256
2009-06-30,37663.97739178532
2009-07-01,36452.705376237835
2009-07-02,36140.13416312013
2009-07-06,37125.27279344532
2009-07-07,34829.570390728106
2009-07-08,33428.67744916882
2009-07-09,35253.88567782503
2009-07-10,33697.02380685546
2009-07-13,35682.125571689045
2009-07-14,35207.82410193455
2009-07-15,34796.1544226957
2009-07-16,38708.750027212685
2009-07-17,40269.337568643845
2009-07-20,36408.32485436122
2009-07-21,37067.56130964405
2009-07-22,39815.04974991256
2009-07-23,39179.39842252162
2009-07-24,39470.1285720976
2009-07-27,39741.0395724004
2009-07-28,42262.49608476582
2009-07-29,45076.09492364803
2009-07-30,40277.462706308135
2009-07-31,40330.485437559444
2009-08-03,39826.68576674244
2009-08-04,41007.756994034324
2009-08-05,41741.83581870713
2009-08-06,43947.01250806953
2009-08-07,40617.18988886397
2009-08-10,40585.88504962591
2009-08-11,41373.371934292976
2009-08-12,40903.23500640193
2009-08-13,42249.84864146181
2009-08-14,45842.798028736244
2009-08-17,43314.27036546151
2009-08-18,40670.88734634259
2009-08-19,41939.734291802684
2009-08-20,38102.79108569114
2009-08-21,35983.19073389974
2009-08-24,38924.40232002372
2009-08-25,38517.92263224517
2009-08-26,37577.4051029589
2009-08-27,39146.08214746696
2009-08-28,43546.10346582631
2009-08-31,39524.88126757028
2009-09-01,37142.51952046739
2009-09-02,40445.86393526343
2009-09-03,40902.98086148924
2009-09-04,39510.09835816933
2009-09-08,39643.40075895036
2009-09-09,36956.49040689354
2009-09-10,38280.243094716825
2009-09-11,46437.95826308378
2009-09-14,43022.52616076769
2009-09-15,44260.2647577539
2009-09-16,42037.51942211287
2009-09-17,44516.803605423374
2009-09-18,42166.60460077938
2009-09-21,39937.398221217
2009-09-22,44442.92300538352
2009-09-23,42757.120254259426
2009-09-24,46159.499387393626
2009-09-25,39650.06286787818
2009-09-28,40669.13936820155
2009-09-29,44226.26931187157
2009-09-30,38081.11920957205
2009-10-01,35053.778675771966
2009-10-02,36224.33469051646
2009-10-05,33338.66650337479
2009-10-06,37842.87569362662
2009-10-07,38905.94176377859
2009-10-08,39797.485591621575
2009-10-09,35263.04964518924
2009-10-12,38226.66676418419
2009-10-13,36424.511210611105
2009-10-14,36375.8446546081
2009-10-15,38248.47720376214
2009-10-16,38625.312998419904
2009-10-19,38644.481981230376
2009-10-20,40963.24581497125
2009-10-21,35856.50016173129
2009-10-22,36789.76526794073
2009-10-23,37474.662528458764
2009-10-26,38265.98301472944
2009-10-27,41567.196680670306
2009-10-28,39849.590024588004
2009-10-29,37968.52317236508
2009-10-30,35201.01322101067
2009-11-02,36674.76004346239
2009-11-03,39785.88427721157
2009-11-04,35455.73305347551
2009-11-05,36257.56100759031
2009-11-06,36988.87887280029
2009-11-09,38677.22934510958
2009-11-10,42206.90678366931
2009-11-11,38645.236254341566
2009-11-12,38689.09484167045
2009-11-13,37631.67467485389
2009-11-16,40166.48834520486
2009-11-17,38929.10302097482
2009-11-18,40112.48293814168
2009-11-19,36710.2875547091
2009-11-20,38086.64311073143
2009-11-23,39113.1916934048
2009-11-24,38213.006484809164
2009-11-25,38743.03891541145
2009-11-27,39890.96599393117
2009-11-30,39244.25751310366
2009-12-01,38122.28545328056
2009-12-02,39486.641447526126
2009-12-03,39434.505645680896
2009-12-04,39284.42676844554
2009-12-07,42892.16096250612
2009-12-08,39550.99350784042
2009-12-09,36647.466991980225
2009-12-10,36871.779292192005
2009-12-11,37249.22990374377
2009-12-14,37042.09503095272
2009-12-15,38535.38040414448
2009-12-16,39367.27792569077
2009-12-17,42111.5677566365
2009-12-18,39957.36306846499
2009-12-21,38823.402941886525
2009-12-22,40438.47815471188
2009-12-23,41205.59995180356
2009-12-24,36094.955384088746
2009-12-28,39436.812079724696
2009-12-29,38906.5248059788
2009-12-30,36605.7436688752
2009-12-31,36961.60754593963
2010-01-04,40612.705290495935
2010-01-05,37997.349508465944
2010-01-06,39432.91910735764
2010-01-07,39505.48523079863
2010-01-08,40936.35433267715
2010-01-11,39884.06176522754
2010-01-12,44302.17582153213
2010-01-13,43317.85306959309
2010-01-14,41330.84569868826
2010-01-15,42559.73722338604
2010-01-19,39610.65380583579
2010-01-20,42021.468289887176
2010-01-21,40389.681685546566
2010-01-22,37010.081698903174
2010-01-25,40642.398248925514
2010-01-26,36998.169031497884
2010-01-27,36372.37439012396
2010-01-28,35084.941689395266
2010-01-29,37674.29044002481
2010-02-01,35851.57690289977
2010-02-02,40033.365292343246
2010-02-03,34836.81514539076
2010-02-04,35979.82614556016
2010-02-05,36182.397731245605
2010-02-08,36398.691091900044
2010-02-09,40781.04647542609
2010-02-10,38646.70366625265
2010-02-11,41431.93308751595
2010-02-12,41384.24430553009
2010-02-16,41279.87764307337
2010-02-17,40799.47456964321
2010-02-18,43138.598316666816
2010-02-19,40706.72268053941
2010-02-22,42070.712068208704
2010-02-23,42697.22595450105
2010-02-24,40165.722561349496
2010-02-25,42342.546769819
2010-02-26,42269.66408846226
2010-03-01,39545.25626879006
2010-03-02,46786.95396874655
2010-03-03,42713.80149710544
2010-03-04,44443.03210082412
2010-03-05,44936.56856038079
2010-03-08,44408.559007979246
2010-03-09,43720.262100275315
2010-03-10,44767.58071420429
2010-03-11,44807.722500704804
2010-03-12,47451.07399156953
2010-03-15,45523.266600659575
2010-03-16,45618.70533923267
2010-03-17,46140.271011260615
2010-03-18,48611.521573508304
2010-03-19,49524.84618538368
2010-03-22,54278.09071101146
2010-03-23,48554.687184887305
2010-03-24,38807.233763956516
2010-03-25,39182.52757625887
2010-03-26,39607.76810355378
2010-03-29,37246.16408825151
2010-03-30,39524.70986827924
2010-03-31,40027.85749072661
2010-04-01,34536.05083458572
2010-04-05,36166.61567299024
2010-04-06,38862.87837344288
2010-04-07,37018.65634370781
2010-04-08,39586.986812013194
2010-04-09,41338.84357449457
2010-04-12,39467.736161043686
2010-04-13,36567.4531364694
2010-04-14,40862.29796095534
2010-04-15,37011.7176529472
2010-04-16,40327.5888732014
2010-04-19,39353.25313989722
2010-04-20,38993.31448853023
2010-04-21,40754.1051301455
2010-04-22,41157.08634603423
2010-04-23,44082.91299512064
2010-04-26,43622.228125755115
2010-04-27,40589.47280180946
2010-04-28,40326.75470806803
2010-04-29,42271.079492808465
2010-04-30,42912.44930654286
2010-05-03,40915.80643846084
2010-05-04,40877.16956561399
2010-05-05,36572.432603069
2010-05-06,39499.4000373938
2010-05-07,37293.29457680692
2010-05-10,40226.09305930781
2010-05-11,40974.24753379125
2010-05-12,40224.70888672065
2010-05-13,37258.49765185337
2010-05-14,38729.82434570969
2010-05-17,39959.21347600665
2010-05-18,39247.241763334925
2010-05-19,35304.09928851988
2010-05-20,38445.756456064984
2010-05-21,41298.70532800007
2010-05-24,37822.234723765185
2010-05-25,38536.97666485024
2010-05-26,36949.38388552692
2010-05-27,36904.54887110807
2010-05-28,37664.29389878404
2010-06-01,34518.623379657976
2010-06-02,37546.32834113899
2010-06-03,36742.881015591614
2010-06-04,36910.35428442487
2010-06-07,40989.28751826555
2010-06-08,40092.87057535071
2010-06-09,37323.61034195755
2010-06-10,37531.733345815715
2010-06-11,40229.37636274514
2010-06-14,37228.98545575429
2010-06-15,34360.41542938364
2010-06-16,36684.761476273605
2010-06-17,35640.03913967056
2010-06-18,39108.49120519575
2010-06-21,41423.00420382061
2010-06-22,41508.06368035576
2010-06-23,42059.51774913212
2010-06-24,36952.35993036532
2010-06-25,44335.821711426426
2010-06-28,40135.70707869446
2010-06-29,38143.745118813
2010-06-30,39053.46066114574
2010-07-01,38973.261154306754
2010-07-02,40319.73513933808
2010-07-06,36453.565849018436
2010-07-07,36062.738487464936
2010-07-08,39033.97827797816
2010-07-09,35160.42945835726
2010-07-12,38682.749987906216
2010-07-13,40156.432063327185
2010-07-14,39167.61809156503
2010-07-15,40872.02863996543
2010-07-16,40131.29930648037
2010-07-19,38659.49178130417
2010-07-20,38330.06569456972
2010-07-21,37160.01260836637
2010-07-22,38490.835286419715
2010-07-23,39596.80268705997
2010-07-26,39534.53060881737
2010-07-27,37486.478379184875
2010-07-28,37599.88617664587
2010-07-29,41549.74085411578
2010-07-30,35334.24548876107
2010-08-02,40988.262346143034
2010-08-03,46489.59196109523
2010-08-04,42901.077221705185
2010-08-05,47127.13081786551
2010-08-06,39148.11002271112
2010-08-09,38216.42186516111
2010-08-10,42133.283066372554
2010-08-11,42267.78576491642
2010-08-12,37499.84339334239
2010-08-13,42349.02463300463
2010-08-16,44468.436021418864
2010-08-17,40333.023940398125
2010-08-18,41210.98632197028
2010-08-19,43597.86851322779
2010-08-20,41030.58937950137
2010-08-23,41302.30640595599
2010-08-24,39237.07348386088
2010-08-25,41646.32481286293
2010-08-26,40205.73574529882
2010-08-27,40001.71575987279
2010-08-30,40640.77866619473
2010-08-31,43971.881667712885
2010-09-01,40032.183820643666
2010-09-02,40698.95951997536
2010-09-03,39756.07524517667
2010-09-07,40775.3365991738
2010-09-08,42106.84357360909
2010-09-09,43095.26797953898
2010-09-10,41292.389627136545
2010-09-13,41741.40120613215
2010-09-14,43724.44809520846
2010-09-15,44491.92414980218
2010-09-16,43662.58648936036
2010-09-17,42038.33691897471
2010-09-20,42889.8420817754
2010-09-21,46065.552235429546
2010-09-22,41328.372155865894
2010-09-23,47778.45814702575
2010-09-24,41223.83598318455
2010-09-27,39223.70584527847
2010-09-28,39685.846209527255
2010-09-29,39402.188730035596
2010-09-30,41313.57181431218
2010-10-01,44340.66924063922
2010-10-04,41400.03882612702
2010-10-05,42075.54562872404
2010-10-06,43888.245704569155
2010-10-07,47981.33219179829
2010-10-08,46510.69536381503
2010-10-11,44146.96210897857
2010-10-12,41402.43547693065
2010-10-13,43532.61007971334
2010-10-14,48767.51416683052
2010-10-15,49465.78877326208
2010-10-18,47021.16994755507
2010-10-19,49065.37547588134
2010-10-20,50457.61679565337
2010-10-21,51874.60104915795
2010-10-22,51148.121406030696
2010-10-25,51290.60078770852
2010-10-26,41325.04859800559
2010-10-27,37759.472894037885
2010-10-28,42510.19491978438
2010-10-29,41184.08220778965
2010-11-01,43778.54473644211
2010-11-02,42919.755208269635
2010-11-03,44253.05282172084
2010-11-04,40650.075788731105
2010-11-05,47203.19030222756
2010-11-08,43452.740764777715
2010-11-09,44986.416561727725
2010-11-10,45195.810833867356
2010-11-11,45563.864324261405
2010-11-12,41003.15710662412
2010-11-15,43648.229362818005
2010-11-16,46250.30575063218
2010-11-17,44287.623649548856
2010-11-18,40647.04704705064
2010-11-19,39347.252408063585
2010-11-22,41097.10951628242
2010-11-23,41294.92519139937
2010-11-24,41245.34231005616
2010-11-26,43318.00931403463
2010-11-29,39735.97656572354
2010-11-30,40071.632742816146
2010-12-01,40316.937116855326
2010-12-02,42361.036371047034
2010-12-03,43452.59630361637
2010-12-06,46162.211336098575
2010-12-07,47713.84050567802
2010-12-08,40373.13461575038
2010-12-09,41608.02364378256
2010-12-10,42143.70268572542
2010-12-13,39456.192640968045
2010-12-14,42815.391807243126
2010-12-15,43601.4884654136
2010-12-16,41181.55985125658
2010-12-17,40199.15246517861
2010-12-20,45378.47654173311
2010-12-21,44952.64099992502
2010-12-22,41590.23589562385
2010-12-23,41633.95532354274
2010-12-27,42913.006111786366
2010-12-28,46166.021141426485
2010-12-29,43478.83513562506
2010-12-30,45487.432699132856
2010-12-31,42645.9484015536
2011-01-03,41769.83380913943
2011-01-04,40372.56064048357
2011-01-05,41323.8863961289
2011-01-06,45463.428747430116
2011-01-07,48715.54505492728
2011-01-10,45624.72044221475
2011-01-11,44068.020308914536
2011-01-12,45501.988355947244
2011-01-13,50168.94316956287
2011-01-14,45641.17982698137
2011-01-18,45777.18711342748
2011-01-19,49212.80509204188
2011-01-20,46628.340184958106
2011-01-21,40506.98278151256
2011-01-24,37724.468046049136
2011-01-25,38476.17599977626
2011-01-26,40086.61841523546
2011-01-27,39501.84980940912
2011-01-28,42428.81303013111
2011-01-31,37943.32402171524
2011-02-01,42591.022531452276
2011-02-02,40019.47015149598
2011-02-03,42065.43572689272
2011-02-04,40115.969634641915
2011-02-07,47011.88443050891
2011-02-08,43702.47545608486
2011-02-09,47736.86241324588
2011-02-10,38870.182705348016
2011-02-11,40071.72044495153
2011-02-14,46452.218155207695
2011-02-15,45123.49731449983
2011-02-16,41947.19229563363
2011-02-17,41486.19459178785
2011-02-18,46309.39850167385
2011-02-22,41241.20956739395
2011-02-23,47399.129714127375
2011-02-24,39317.43670666092
2011-02-25,37727.4520401297
2011-02-28,49251.65527838347
2011-03-01,45418.946448593175
2011-03-02,40812.35496932421
2011-03-03,41362.21763498461
2011-03-04,45150.68272436702
2011-03-07,42941.899868751185
2011-03-08,37933.17704651869
2011-03-09,41258.16710576832
2011-03-10,38815.15780736805
2011-03-11,37974.707061110086
2011-03-14,37561.04385238558
2011-03-15,40795.479033355055
2011-03-16,35822.90010689595
2011-03-17,41063.92488092364
2011-03-18,39278.84292581924
2011-03-21,40356.69258548422
2011-03-22,41277.56644193071
2011-03-23,37219.89193238605
2011-03-24,36768.6579062872
2011-03-25,36103.43987625972
2011-03-28,36435.71854081468
2011-03-29,36981.200758888976
2011-03-30,37315.51616903586
2011-03-31,39415.08634241046
2011-04-01,37363.95154214844
2011-04-04,38843.1140992327
2011-04-05,36642.838426939205
2011-04-06,38641.0584434368
2011-04-07,39698.54433152086
2011-04-08,41069.29740179415
2011-04-11,40065.02558842055
2011-04-12,36226.89839683675
2011-04-13,36940.388058402175
2011-04-14,34899.94463925104
2011-04-15,36677.27048996542
2011-04-18,40316.82108201893
2011-04-19,37877.74042350943
2011-04-20,39430.02007183262
2011-04-21,40006.2262847701
2011-04-25,37824.21114368545
2011-04-26,43787.1595254461
2011-04-27,42584.66952992833
2011-04-28,39758.312297465265
2011-04-29,43799.5191123135
2011-05-02,42725.71438445099
2011-05-03,43759.09020621498
2011-05-04,38260.755654668406
2011-05-05,40406.00734100625
2011-05-06,41202.27459711461
2011-05-09,40523.418972872125
2011-05-10,38939.554717173945
2011-05-11,41836.640823697024
2011-05-12,38039.20394823519
2011-05-13,39448.23872305071
2011-05-16,38875.67037871887
2011-05-17,40942.344850572816
2011-05-18,36728.84070232662
2011-05-19,36973.32699109676
2011-05-20,37798.24669988302
2011-05-23,39807.9493216255
2011-05-24,36338.85536671298
2011-05-25,36906.74105308658
2011-05-26,35413.55478498054
2011-05-27,34926.57889713807
2011-05-31,37248.75267564979
2011-06-01,35555.654194956776
2011-06-02,38514.111024934165
2011-06-03,39339.96699994274
2011-06-06,36660.93570175854
2011-06-07,38769.53590988664
2011-06-08,38370.04368426291
2011-06-09,35775.815517823656
2011-06-10,36117.954636408125
2011-06-13,33106.36595745509
2011-06-14,34061.871849298725
2011-06-15,35983.75549127696
2011-06-16,34045.16529288729
2011-06-17,37242.585560130145
2011-06-20,40215.716569908254
2011-06-21,37481.921440219514
2011-06-22,34992.26462039414
2011-06-23,36911.814418429305
2011-06-24,37096.95949576911
2011-06-27,35922.24662645018
2011-06-28,37688.7796861535
2011-06-29,35012.712338254474
2011-06-30,36729.79821406343
2011-07-01,34199.27704928732
2011-07-05,39017.432671445116
2011-07-06,36547.27615720837
2011-07-07,33364.90604324837
2011-07-08,39304.431471546864
2011-07-11,33755.65792448773
2011-07-12,32234.380146480176
2011-07-13,36315.31911163005
2011-07-14,38029.43527451331
2011-07-15,39600.27082274306
2011-07-18,40058.05832950092
2011-07-19,34664.148625933194
2011-07-20,37313.373841672605
2011-07-21,39001.48085816842
2011-07-22,43485.25852737399
2011-07-25,42895.44102416152
2011-07-26,39078.62181852506
2011-07-27,40155.99948097103
2011-07-28,40579.856482347124
2011-07-29,36014.80897606301
2011-08-01,38758.780436063804
2011-08-02,37072.90529592523
2011-08-03,40402.801305635796
2011-08-04,38337.70849354196
2011-08-05,34913.90965743505
2011-08-08,33481.2106599224
2011-08-09,40056.18262389873
2011-08-10,38346.64979572618
2011-08-11,37116.58885947281
2011-08-12,35121.134456971275
2011-08-15,35334.07574036915
2011-08-16,35500.48186829885
2011-08-17,33658.915860911206
2011-08-18,41043.88217448739
2011-08-19,38859.62802580065
2011-08-22,41658.774095833614
2011-08-23,36635.74634363638
2011-08-24,34180.5012532605
2011-08-25,43561.19163018034
2011-08-26,39006.536952463255
2011-08-29,41721.45662525347
2011-08-30,43426.95134849117
2011-08-31,39149.8023627798
2011-09-01,40436.04425564114
2011-09-02,40612.797841269225
2011-09-06,39402.164097358225
2011-09-07,40470.66198410375
2011-09-08,40769.309528790356
2011-09-09,36666.60665665789
2011-09-12,38681.3540864806
2011-09-13,41199.00982755839
2011-09-14,39817.552715232036
2011-09-15,38607.54221910031
2011-09-16,39697.54817516284
2011-09-19,39195.34980643728
2011-09-20,40949.09110802266
2011-09-21,41334.69245347665
2011-09-22,39621.781692782526
2011-09-23,41788.20276992477
2011-09-26,37046.32291693999
2011-09-27,38912.041510286996
2011-09-28,41056.1895630495
2011-09-29,35857.2663366986
2011-09-30,41841.33691219432
2011-10-03,41332.00887542118
2011-10-04,39356.58626444537
2011-10-05,37699.3686597765
2011-10-06,35336.286871266784
2011-10-07,42440.46662011126
2011-10-10,40944.02548447116
2011-10-11,38594.92916835903
2011-10-12,40844.014391558296
2011-10-13,38511.37324263716
2011-10-14,41431.45888883924
2011-10-17,43667.84058613285
2011-10-18,39694.06116629794
2011-10-19,42078.570702336285
2011-10-20,40512.04079248068
2011-10-21,42168.8353885859
2011-10-24,44399.472609713775
2011-10-25,43102.253178661886
2011-10-26,40901.868927521275
2011-10-27,39891.60592049419
2011-10-28,45746.76304719966
2011-10-31,47401.46216996633
2011-11-01,42073.74866493659
2011-11-02,41848.26209634491
2011-11-03,43066.36345190565
2011-11-04,43294.46622297197
2011-11-07,42501.42420170547
2011-11-08,42271.64774327503
2011-11-09,45278.771774377405
2011-11-10,44912.018648582896
2011-11-11,43650.06972618864
2011-11-14,43679.244322598184
2011-11-15,43929.37856601016
2011-11-16,43180.17256485431
2011-11-17,45946.37113174583
2011-11-18,41556.488518713864
2011-11-21,39170.22145589204
2011-11-22,34488.121808861455
2011-11-23,37757.258100857995
2011-11-25,35971.24726975838
2011-11-28,35473.325533938354
2011-11-29,38196.257221813474
2011-11-30,38942.69886995789
2011-12-01,36862.048991693846
2011-12-02,37323.371426688995
2011-12-05,36938.409034826225
2011-12-06,39036.41263412057
2011-12-07,37605.1261771464
2011-12-08,39371.04901747792
2011-12-09,40915.99246869052
2011-12-12,37147.33658140372
2011-12-13,39314.537048562976
2011-12-14,36501.81164162754
2011-12-15,38723.70839981213
2011-12-16,36745.8478255282
2011-12-19,40633.15014611693
2011-12-20,38409.46984759191
2011-12-21,37093.853152313415
2011-12-22,40156.60438509109
2011-12-23,38064.074637488055
2011-12-27,42647.79857027266
2011-12-28,44081.13747901601
2011-12-29,38689.82803343617
2011-12-30,42950.123779506815
2012-01-03,38727.53627590924
2012-01-04,39602.190423245476
2012-01-05,38072.38814961585
2012-01-06,35452.96103638392
2012-01-09,34076.65078947962
2012-01-10,32690.464489282633
2012-01-11,39131.6826250108
2012-01-12,34757.47838356294
2012-01-13,33123.12720282771
2012-01-17,35815.67784190312
2012-01-18,34842.16571833098
2012-01-19,34668.493370168246
2012-01-20,39764.870696399536
2012-01-23,36307.50402491963
2012-01-24,37584.5332788487
2012-01-25,37367.783766969194
2012-01-26,38086.683494008845
2012-01-27,39325.99123351635
2012-01-30,38723.242432606545
2012-01-31,38582.576451304085
2012-02-01,40694.065965486734
2012-02-02,37666.382980697155
2012-02-03,40334.38138730019
2012-02-06,41754.69858418942
2012-02-07,44145.2536933109
2012-02-08,41837.250633838725
2012-02-09,42258.80309462042
2012-02-10,40841.1124636944
2012-02-13,42225.87025794137
2012-02-14,40751.4208516967
2012-02-15,42287.68296607125
2012-02-16,32308.638197433596
2012-02-17,37510.2407338307
2012-02-21,35865.053895399506
2012-02-22,36949.84078668689
2012-02-23,36330.98676997365
2012-02-24,39786.27060975779
2012-02-27,38636.71991962153
2012-02-28,35193.38165213603
2012-02-29,35192.96520449945
2012-03-01,35850.896661316576
2012-03-02,36166.96743638168
2012-03-05,35732.811042092406
2012-03-06,33849.369252065255
2012-03-07,34803.91650639727
2012-03-08,35688.11622101111
2012-03-09,37771.79205761253
2012-03-12,34970.87066115395
2012-03-13,38815.66446876098
2012-03-14,43040.69067617216
2012-03-15,36383.401162264265
2012-03-16,38166.04203374816
2012-03-19,38095.23397555292
2012-03-20,39641.57703451437
2012-03-21,35853.950571413945
2012-03-22,36363.19368221316
2012-03-23,37118.63527139527
2012-03-26,38147.41318059443
2012-03-27,39753.85065856708
2012-03-28,39892.85768311285
2012-03-29,39697.35149064236
2012-03-30,32889.57049161478
2012-04-02,32204.21472549418
2012-04-03,31711.015571253312
2012-04-04,33887.20255938668
2012-04-05,35997.79578623824
2012-04-09,34204.39165860206
2012-04-10,35656.21582980756
2012-04-11,35389.70471861411
2012-04-12,33730.01221484366
2012-04-13,36867.31609063897
2012-04-16,32144.296649011507
2012-04-17,32403.890070876325
2012-04-18,37422.357444469206
2012-04-19,31330.484808347457
2012-04-20,29957.346300131903
2012-04-23,32720.266725715286
2012-04-24,32693.371513391176
2012-04-25,32457.366042013207
2012-04-26,33309.65905197671
2012-04-27,33401.33301288905
2012-04-30,35203.96250922277
2012-05-01,33030.22236275665
2012-05-02,33015.61229762562
2012-05-03,34589.56141374399
2012-05-04,32193.848544464774
2012-05-07,32940.525726146436
2012-05-08,29914.541424128278
2012-05-09,32554.88356146084
2012-05-10,30225.890950994366
2012-05-11,31211.28159175556
2012-05-14,33946.32513365689
2012-05-15,33120.728184620384
2012-05-16,34789.02114000247
2012-05-17,37954.49225707892
2012-05-18,28273.181890680735
2012-05-21,32650.368195089864
2012-05-22,31907.38147339055
2012-05-23,33706.96130624139
2012-05-24,32602.91283877816
2012-05-25,29827.208450581595
2012-05-29,31468.42025861643
2012-05-30,33478.855241293815
2012-05-31,32103.108240817335
2012-06-01,31903.564862688603
2012-06-04,31784.682464621914
2012-06-05,31525.827040439155
2012-06-06,32297.833073869344
2012-06-07,32990.512476722026
2012-06-08,30447.369315770156
2012-06-11,32854.69048490107
2012-06-12,34050.41019649754
2012-06-13,30328.58554166328
2012-06-14,32379.14684225705
2012-06-15,33681.59170354121
2012-06-18,30375.189401783628
2012-06-19,33200.48294752468
2012-06-20,32155.35988373856
2012-06-21,32585.60410948806
2012-06-22,29218.708599575664
2012-06-25,29950.93730629892
2012-06-26,33006.17951852633
2012-06-27,31052.14977424326
2012-06-28,35958.09018602568
2012-06-29,33326.22381689556
2012-07-02,32226.87641625836
2012-07-03,34110.87584644729
2012-07-05,33570.689892394155
2012-07-06,34161.03221626164
2012-07-09,33990.709405431524
2012-07-10,35542.887491662885
2012-07-11,33983.939738438836
2012-07-12,34403.388599049504
2012-07-13,34294.449595639286
2012-07-16,34151.31929532115
2012-07-17,35768.84684814246
2012-07-18,38011.04536404826
2012-07-19,38004.18563610491
2012-07-20,39249.50390149577
2012-07-23,35994.776395210756
2012-07-24,35774.55232958437
2012-07-25,37733.64288275099
2012-07-26,35414.55000603727
2012-07-27,36024.52352665731
2012-07-30,38662.667961117695
2012-07-31,37717.264904165924
2012-08-01,38802.97569504357
2012-08-02,39272.3056494508
2012-08-03,38720.03501290502
2012-08-06,40465.03698844921
2012-08-07,36676.526855677024
2012-08-08,34123.64557910812
2012-08-09,33018.208447242505
2012-08-10,30925.161010204232
2012-08-13,34222.59669581544
2012-08-14,33092.49954120674
2012-08-15,32156.920760694382
2012-08-16,32180.995981331238
2012-08-17,32799.64255027233
2012-08-20,34071.67426501243
2012-08-21,34250.10774751201
2012-08-22,29262.803495526547
2012-08-23,29807.084188385583
2012-08-24,31845.323500513776
2012-08-27,31179.415789628034
2012-08-28,31889.302945664924
2012-08-29,32100.79732076217
2012-08-30,33341.18505006546
2012-08-31,32987.69366687877
2012-09-04,29653.121813632028
2012-09-05,33003.08030074046
2012-09-06,32480.014753150375
2012-09-07,33341.27301401653
2012-09-10,37257.61591019658
2012-09-11,35097.28883989079
2012-09-12,36047.55336491595
2012-09-13,33677.68718980324
2012-09-14,39504.09922884462
2012-09-17,36082.60268175823
2012-09-18,39919.53539158315
2012-09-19,37664.8395613432
2012-09-20,32010.553274778827
2012-09-21,30495.2806557026
2012-09-24,36092.47724690661
2012-09-25,30513.371090219982
2012-09-26,29109.219762356897
2012-09-27,33112.257975704924
2012-09-28,31355.923763989336
2012-10-01,31217.36768799941
2012-10-02,30741.92754226923
2012-10-03,31408.512523129055
2012-10-04,30014.825345316487
2012-10-05,30772.96753466187
2012-10-08,30469.262715972967
2012-10-09,30267.25647859766
2012-10-10,28961.659231419602
2012-10-11,27484.64241443039
2012-10-12,30178.62640153348
2012-10-15,30281.28697156711
2012-10-16,31520.34631857354
2012-10-17,32872.04916612947
2012-10-18,32410.004970092265
2012-10-19,30812.298528124476
2012-10-22,28394.96042278486
2012-10-23,28147.490915446935
2012-10-24,29277.83350995352
2012-10-25,27659.624700310316
2012-10-26,29280.77066949147
2012-10-31,33870.90373815136
2012-11-01,30267.522628042396
2012-11-02,26307.099218111343
2012-11-05,33644.78867251935
2012-11-06,30578.650905581962
2012-11-07,35428.31154610433
2012-11-08,29557.043481417353
2012-11-09,31180.24474244182
2012-11-12,34716.781496992546
2012-11-13,31400.18607643467
2012-11-14,27818.179731053136
2012-11-15,32359.87052258905
2012-11-16,30828.476592808613
2012-11-19,30359.93698483635
2012-11-20,29346.853151809788
2012-11-21,27791.396421156278
2012-11-23,30217.958340199337
2012-11-26,31868.63737003014
2012-11-27,32388.602253727993
2012-11-28,29591.91237818203
2012-11-29,30779.415091591294
2012-11-30,30193.848316871437
2012-12-03,32366.866823281318
2012-12-04,29413.138633613333
2012-12-05,30115.68558221151
2012-12-06,28304.551414917627
2012-12-07,30511.48620167265
2012-12-10,32522.89219681796
2012-12-11,31846.255193149307
2012-12-12,32961.937841636754
2012-12-13,34820.68014893785
2012-12-14,31393.564520155916
2012-12-17,30446.1815210307
2012-12-18,33733.86066548167
2012-12-19,31721.18906616737
2012-12-20,31771.14945635044
2012-12-21,36045.52369729117
2012-12-24,32490.18871847531
2012-12-26,30834.90038610177
2012-12-27,31514.923806552317
2012-12-28,29034.71476936872
2012-12-31,31041.19082044958
2013-01-02,31550.613299317774
2013-01-03,32999.160927933015
2013-01-04,30548.14735798155
2013-01-07,32656.417367274993
2013-01-08,31309.60004200567
2013-01-09,32024.822194307508
2013-01-10,33857.38973881616
2013-01-11,29439.243024993044
2013-01-14,32030.564905676012
2013-01-15,33833.10278277963
2013-01-16,32504.84131009679
2013-01-17,36252.35989571303
2013-01-18,32604.873806035856
2013-01-22,33748.124503768
2013-01-23,34257.77910964954
2013-01-24,36281.49403268974
2013-01-25,37584.372729967334
2013-01-28,35939.90229212806
2013-01-29,35911.231715161084
2013-01-30,34869.18789771307
2013-01-31,33597.18948520421
2013-02-01,27629.977947739757
2013-02-04,32817.126505301116
2013-02-05,29773.94508741778
2013-02-06,31277.703966036708
2013-02-07,32408.629875724615
2013-02-08,31749.39974501361
2013-02-11,30721.99519596842
2013-02-12,28017.72720928993
2013-02-13,30141.621207310316
2013-02-14,30485.33672481678
2013-02-15,29699.2133072953
2013-02-19,30739.42339962723
2013-02-20,31516.84005865946
2013-02-21,29702.62931912646
2013-02-22,31243.772315982544
2013-02-25,29465.78749278698
2013-02-26,29953.933740019642
2013-02-27,30048.591227554807
2013-02-28,31172.228851057775
2013-03-01,32891.65608296828
2013-03-04,33531.14094492861
2013-03-05,29647.350952751098
2013-03-06,33036.62408826962
2013-03-07,33204.478868778235
2013-03-08,35950.293136647706
2013-03-11,35447.93224259951
2013-03-12,35699.20879714327
2013-03-13,34803.53393780617
2013-03-14,35577.51071437935
2013-03-15,35703.706152029845
2013-03-18,27417.329695567812
2013-03-19,32533.514567979062
2013-03-20,29967.48982777844
2013-03-21,30939.178886069698
2013-03-22,31107.939725649947
2013-03-25,28905.060733778064
2013-03-26,29535.48059790479
2013-03-27,32106.81113209852
2013-03-28,30723.98263064245
2013-04-01,31423.29879794224
2013-04-02,30481.245949650416
2013-04-03,31504.147103821477
2013-04-04,30542.045702766998
2013-04-05,30820.288535788182
2013-04-08,31553.073905756148
2013-04-09,30636.57480023289
2013-04-10,30672.39250204468
2013-04-11,32719.860964122337
2013-04-12,33000.0656898525
2013-04-15,32470.51117103956
2013-04-16,29075.430907911177
2013-04-17,29447.223414683685
2013-04-18,29101.602519032236
2013-04-19,27799.525075263562
2013-04-22,29917.2565742274
2013-04-23,31630.809376216224
2013-04-24,31072.546415154367
2013-04-25,30818.349573471376
2013-04-26,34124.85042659449
2013-04-29,30361.162255636606
2013-04-30,31352.066684905818
2013-05-01,34974.84561186624
2013-05-02,30071.906745858105
2013-05-03,30650.48560025151
2013-05-06,29493.731298397477
2013-05-07,32172.967210101124
2013-05-08,31878.076670686576
2013-05-09,33867.114662761014
2013-05-10,32077.42668471529
2013-05-13,33554.57481189786
2013-05-14,35416.11161445684
2013-05-15,35873.35909592606
2013-05-16,36246.58624894738
2013-05-17,33645.75534201974
2013-05-20,38281.40012957839
2013-05-21,38381.75575500568
2013-05-22,36260.206548826965
2013-05-23,34545.02357764311
2013-05-24,30580.18569776682
2013-05-28,33862.71256064346
2013-05-29,34071.79796603425
2013-05-30,32305.68809544222
2013-05-31,34322.77699471681
2013-06-03,29820.66226552022
2013-06-04,30174.375842843565
2013-06-05,32246.60566434774
2013-06-06,29342.357745119232
2013-06-07,30129.581386125777
2013-06-10,34122.30701640999
2013-06-11,33274.90061909608
2013-06-12,30109.713822794067
2013-06-13,27705.797955391008
2013-06-14,27555.939722922158
2013-06-17,25863.27061044102
2013-06-18,28195.2338448463
2013-06-19,28611.048028900714
2013-06-20,28925.777968703802
2013-06-21,24714.274307378233
2013-06-24,29135.632423248742
2013-06-25,25601.07017481333
2013-06-26,27729.572716684892
2013-06-27,26759.309541450755
2013-06-28,27278.324990511857
2013-07-01,25658.500814865365
2013-07-02,25001.602850400108
2013-07-03,26297.65170634863
2013-07-05,28286.913117518754
2013-07-08,29350.215816584216
2013-07-09,30211.634382255543
2013-07-10,30964.903461602407
2013-07-11,28824.09700592821
2013-07-12,30772.335320196926
2013-07-15,31809.220993779312
2013-07-16,31704.182929304287
2013-07-17,33918.834606013465
2013-07-18,32303.331420715927
2013-07-19,33306.03090492575
2013-07-22,32078.279266712656
2013-07-23,37395.40090809371
2013-07-24,34510.21511516718
2013-07-25,27422.056908876253
2013-07-26,29452.19403109173
2013-07-29,26763.132055978047
2013-07-30,28018.66390687497
2013-07-31,29223.19679608915
2013-08-01,29685.580138951656
2013-08-02,25695.737826231216
2013-08-05,30970.88788392293
2013-08-06,30656.103824539787
2013-08-07,27116.877045795547
2013-08-08,26443.776416059056
2013-08-09,26524.865101363815
2013-08-12,26547.969468176165
2013-08-13,30144.47782467435
2013-08-14,27323.09505261519
2013-08-15,27165.889188423058
2013-08-16,23432.485278295426
2013-08-19,24219.67753380114
2013-08-20,24551.569128564828
2013-08-21,24517.881506408794
2013-08-22,22504.189640728215
2013-08-23,24631.535917132685
2013-08-26,26627.733240255366
2013-08-27,26250.233604700075
2013-08-28,22947.230175631325
2013-08-29,25632.825091888088
2013-08-30,26006.89650392193
2013-09-03,25887.91584653063
2013-09-04,23036.917535548302
2013-09-05,24230.24779967809
2013-09-06,27317.616061277426
2013-09-09,25645.804923254458
2013-09-10,25351.397334293124
2013-09-11,27671.287721399116
2013-09-12,26353.55931995159
2013-09-13,31557.051390811583
2013-09-16,26873.940930511908
2013-09-17,29465.49320033279
2013-09-18,29343.21569240013
2013-09-19,30699.80275276604
2013-09-20,28316.412013751626
2013-09-23,30304.644968532433
2013-09-24,30864.91768834789
2013-09-25,26682.812874428702
2013-09-26,28568.10417145077
2013-09-27,28760.44864864608
2013-09-30,28500.422837766222
2013-10-01,26921.518470869927
2013-10-02,28634.307554978346
2013-10-03,27365.271063125474
2013-10-04,28258.701901583496
2013-10-07,28638.697518629553
2013-10-08,29356.380882864854
2013-10-09,29240.285376634845
2013-10-10,25170.346559241283
2013-10-11,28765.21603288456
2013-10-14,29615.137615233867
2013-10-15,32149.47441517758
2013-10-16,29888.27077012558
2013-10-17,23922.608813344697
2013-10-18,16616.01600860792
2013-10-21,17056.643340382714
2013-10-22,17012.611046802795
2013-10-23,17210.589401066365
2013-10-24,17532.765643798903
2013-10-25,16988.12760467214
2013-10-28,17529.87494463393
2013-10-29,17817.04877157078
2013-10-30,18646.619144236465
2013-10-31,18719.730802927315
2013-11-01,17801.530368431435
2013-11-04,18545.92917165275
2013-11-05,18488.232000931468
2013-11-06,18815.715788961064
2013-11-07,18994.175088066368
2013-11-08,16516.500161675474
2013-11-11,19027.247909720172
2013-11-12,19086.07384135603
2013-11-13,18888.29437286524
2013-11-14,19645.655174808675
2013-11-15,21229.186472064102
2013-11-18,22292.380782900796
2013-11-19,20565.812055036586
2013-11-20,21077.820710285996
2013-11-21,21521.206377358376
2013-11-22,23422.830505979815
2013-11-25,23708.07942147828
2013-11-26,24898.239152834874
2013-11-27,23334.63590523234
2013-11-29,24941.01484564326
2013-12-02,16397.324576217597
2013-12-03,16274.500438359022
2013-12-04,16205.2345655819
2013-12-05,15381.671001317944
2013-12-06,15891.047081382694
2013-12-09,15983.147975374817
2013-12-10,16498.242368336567
2013-12-11,16260.395834585117
2013-12-12,15855.992252413274
2013-12-13,15498.891566432007
2013-12-16,14986.636989257748
2013-12-17,15508.545413882088
2013-12-18,15214.72564000358
2013-12-19,17277.239746986532
2013-12-20,15847.967873195785
2013-12-23,17134.82297263332
2013-12-24,17592.218769891966
2013-12-26,18177.0559849788
2013-12-27,19846.723158997
2013-12-30,25258.94645149853
2013-12-31,24572.788205157656
2014-01-02,25884.26154154016
2014-01-03,26353.739307731757
2014-01-06,25007.36920135253
2014-01-07,25437.96422196281
2014-01-08,23425.06841159687
2014-01-09,26649.73178584285
2014-01-10,25577.65629671266
2014-01-13,27580.49070054159
2014-01-14,22244.832812122968
2014-01-15,22551.924823790334
2014-01-16,24708.598926627143
2014-01-17,25848.578551411258
2014-01-21,22774.330098271963
2014-01-22,23956.597724395902
2014-01-23,23779.24632324427
2014-01-24,22352.616886801374
2014-01-27,23186.315837999293
2014-01-28,21729.876269819528
2014-01-29,23028.765683244696
2014-01-30,20823.633803115616
2014-01-31,21295.052194156575
2014-02-03,21154.47025764728
2014-02-04,21612.837659585064
2014-02-05,20829.175845499456
2014-02-06,22274.770723343074
2014-02-07,21696.412102095535
2014-02-10,21363.333601729977
2014-02-11,21284.036871821096
2014-02-12,20097.96194445429
2014-02-13,21233.515727384212
2014-02-14,21684.66381277468
2014-02-18,22375.109052685093
2014-02-19,24746.077160949193
2014-02-20,22496.608098036162
2014-02-21,23083.808954768574
2014-02-24,23142.936281572667
2014-02-25,24071.998478231457
2014-02-26,26032.12663078698
2014-02-27,24973.820796138945
2014-02-28,24364.63407930444
2014-03-03,21994.101387662897
2014-03-04,25898.13905206156
2014-03-05,25198.55690297755
2014-03-06,26179.12132143888
2014-03-07,22809.25976854045
2014-03-10,24460.23937432175
2014-03-11,24247.87131076675
2014-03-12,26506.818030622224
2014-03-13,24345.00186598472
2014-03-14,23751.07683899587
2014-03-17,23131.007941299973
2014-03-18,23595.242440199083
2014-03-19,26125.16849078929
2014-03-20,24995.724864548636
2014-03-21,25997.691952387442
2014-03-24,23942.112752275887
2014-03-25,26229.658792790768
2014-03-26,27602.797673705325
2014-03-27,24485.101005059936
2014-03-28,24111.20347031473
2014-03-31,26968.89975194256
2014-04-01,25000.78522598531
2014-04-02,26874.16089861434
2014-04-03,27951.839509315043
2014-04-04,26787.924663163838
2014-04-07,23824.634325789742
2014-04-08,23672.23914045433
2014-04-09,23690.067157251357
2014-04-10,24670.30636877477
2014-04-11,25916.649532938267
2014-04-14,26393.588628787722
2014-04-15,23688.510535595644
2014-04-16,23217.66288262722
2014-04-17,27174.50557439018
2014-04-21,27421.176433684803
2014-04-22,25438.831438017376
2014-04-23,26636.602482194452
2014-04-24,26722.53537247945
2014-04-25,27484.781328317094
2014-04-28,24982.587779794518
2014-04-29,24721.151076141512
2014-04-30,26922.018869708252
2014-05-01,27960.401796369464
2014-05-02,28566.35554722745
2014-05-05,30274.62385316407
2014-05-06,27577.822835795465
2014-05-07,28608.153193126534
2014-05-08,28097.40050923122
2014-05-09,27082.02757890557
2014-05-12,29074.19372362197
2014-05-13,30859.32963578646
2014-05-14,29124.018890854135
2014-05-15,26883.989915698847
2014-05-16,29748.332547366383
2014-05-19,28609.363624231566
2014-05-20,31316.325993454146
2014-05-21,28790.985544104497
2014-05-22,30641.27293740624
2014-05-23,28157.139953561928
2014-05-27,24416.349772798483
2014-05-28,23686.51555767072
2014-05-29,23319.90305624687
2014-05-30,24337.636056762076
2014-06-02,23767.094229992043
2014-06-03,23347.669532747608
2014-06-04,25264.634331231064
2014-06-05,25692.552844229973
2014-06-06,27699.780202223174
2014-06-09,26350.156050245394
2014-06-10,29445.360435349932
2014-06-11,28239.82554384925
2014-06-12,29474.75345555889
2014-06-13,24521.623172324977
2014-06-16,26313.287626227106
2014-06-17,26390.25859552434
2014-06-18,27934.438950644024
2014-06-19,26711.912523630253
2014-06-20,28641.181822979754
2014-06-23,28719.7470344502
2014-06-24,26669.92710165022
2014-06-25,26928.842529525136
2014-06-26,28083.63778156575
2014-06-27,31113.756954086217
2014-06-30,27601.096617713756
2014-07-01,30777.941697851158
2014-07-02,31338.87324295101
2014-07-03,30768.649474383365
2014-07-07,31955.89033484583
2014-07-08,32293.72360864657
2014-07-09,24777.2995411384
2014-07-10,25807.11259951045
2014-07-11,27229.805133289956
2014-07-14,24721.200906681235
2014-07-15,23877.964556455285
2014-07-16,25261.079428398043
2014-07-17,24245.5423166536
2014-07-18,24154.096705050306
2014-07-21,24519.44547623919
2014-07-22,23507.925916390534
2014-07-23,24316.990666384212
2014-07-24,27258.47872144389
2014-07-25,25958.994454545445
2014-07-28,25503.329045162878
2014-07-29,23485.127853093683
2014-07-30,24000.384377922997
2014-07-31,23607.936856831966
2014-08-01,22056.638777464574
2014-08-04,21039.730719325013
2014-08-05,20731.537369622714
2014-08-06,20425.774476281465
2014-08-07,22046.80457774216
2014-08-08,19615.010119004502
2014-08-11,21335.679824844043
2014-08-12,20861.664342884953
2014-08-13,20540.291790938125
2014-08-14,20525.155254833197
2014-08-15,20902.370105350074
2014-08-18,21230.069238077816
2014-08-19,21148.21371835999
2014-08-20,21922.998471780327
2014-08-21,21313.24485901275
2014-08-22,22873.26084437337
2014-08-25,23668.35020181515
2014-08-26,23670.92637338326
2014-08-27,23687.949202361564
2014-08-28,24318.280893829866
2014-08-29,22042.35410213179
2014-09-02,23121.70734829681
2014-09-03,22011.487976037264
2014-09-04,25103.741113455068
2014-09-05,23574.280944334372
2014-09-08,23246.48609539947
2014-09-09,24720.927079770478
2014-09-10,24458.79175143431
2014-09-11,21330.81413144697
2014-09-12,24817.836543524558
2014-09-15,20780.18951300183
2014-09-16,22793.62042824042
2014-09-17,24677.44050094095
2014-09-18,24164.284122455272
2014-09-19,25166.259856924553
2014-09-22,24139.94446595681
2014-09-23,22596.79019251313
2014-09-24,22917.63542977182
2014-09-25,21903.699615309986
2014-09-26,21394.884206496507
2014-09-29,23772.526283751173
2014-09-30,22060.954493927275
2014-10-01,20692.0071998758
2014-10-02,25538.44403766284
2014-10-03,23032.39243274223
2014-10-06,24002.620995056302
2014-10-07,24191.30652466528
2014-10-08,22220.86784955867
2014-10-09,22717.136294785658
2014-10-10,20642.917115537446
2014-10-13,21036.418327149342
2014-10-14,23302.127788626527
2014-10-15,19601.969308406904
2014-10-16,20102.873649458037
2014-10-17,19755.65104615964
2014-10-20,19395.45797572284
2014-10-21,20504.437116004498
2014-10-22,20702.679411676974
2014-10-23,20559.584564895064
2014-10-24,20812.665859737488
2014-10-27,22940.261508272615
2014-10-28,22586.46354629157
2014-10-29,23324.16929422494
2014-10-30,24428.123322404186
2014-10-31,25126.6877599675
2014-11-03,27138.564660318138
2014-11-04,24760.260253418033
2014-11-05,25784.582585550947
2014-11-06,26517.06032257298
2014-11-07,27462.640652492544
2014-11-10,27725.19693394985
2014-11-11,28921.59592452541
2014-11-12,27272.215330640123
2014-11-13,22961.638083776128
2014-11-14,20254.391058606427
2014-11-17,22803.408551577606
2014-11-18,22444.10177135501
2014-11-19,23579.371661303172
2014-11-20,21470.87967323613
2014-11-21,22507.655531755274
2014-11-24,23933.862271347887
2014-11-25,22791.005009386812
2014-11-26,23509.876018452873
2014-11-28,23563.55820730339
2014-12-01,22592.4655235901
2014-12-02,24739.328055011007
2014-12-03,23669.219443669488
2014-12-04,22244.41074754267
2014-12-05,22832.168258982434
2014-12-08,25170.543697185687
2014-12-09,24103.993761498954
2014-12-10,22714.382642392844
2014-12-11,20346.61607812382
2014-12-12,21966.21244969179
2014-12-15,19766.21133301607
2014-12-16,19427.437960582567
2014-12-17,22144.253546652973
2014-12-18,20352.962035478315
2014-12-19,23029.38176706465
2014-12-22,23928.94761786792
2014-12-23,24940.970599040476
2014-12-24,25662.288330496016
2014-12-26,16569.87098645276
2014-12-29,11723.983257974991
2014-12-30,12100.495990936599
2014-12-31,11449.282512505222
2015-01-02,11208.522336331778
2015-01-05,10981.541547281955
2015-01-06,10897.883372666614
2015-01-07,10393.871845449992
2015-01-08,10978.718573201531
2015-01-09,11074.033917518536
2015-01-12,10858.230517585327
2015-01-13,10293.527241342048
2015-01-14,11159.849003081825
2015-01-15,11219.766659868881
2015-01-16,10709.236547210718
2015-01-20,10371.171995182433
2015-01-21,10533.54140236517
2015-01-22,10630.591785326367
2015-01-23,11917.581341835816
2015-01-26,11081.56595978732
2015-01-27,11228.851247314642
2015-01-28,10858.377994864424
2015-01-29,10347.800143825716
2015-01-30,10763.804805286518
2015-02-02,10506.080230946132
2015-02-03,10378.075112223009
2015-02-04,10615.573629088976
2015-02-05,10117.375044544995
2015-02-06,11086.79247940147
2015-02-09,10529.541782503029
2015-02-10,10036.429057899204
2015-02-11,12072.634090105079
2015-02-12,11725.513623990435
2015-02-13,12311.667192120667
2015-02-17,12612.847586722542
2015-02-18,12527.979805301373
2015-02-19,13014.781616482253
2015-02-20,12589.763584026894
2015-02-23,13160.122306984624
2015-02-24,13605.37049384038
2015-02-25,13996.618497419933
2015-02-26,13934.812395803596
2015-02-27,13764.634630160075
2015-03-02,12888.975295851129
2015-03-03,14164.34471174117
2015-03-04,14100.789536563794
2015-03-05,13616.246427316688
2015-03-06,13141.994090075144
2015-03-09,12454.246998176159
2015-03-10,12021.07932882143
2015-03-11,18585.129692315044
2015-03-12,17334.132774034355
2015-03-13,19808.364161072135
2015-03-16,19322.437499629123
2015-03-17,20153.97341147879
2015-03-18,20071.834765645002
2015-03-19,22254.808898360057
2015-03-20,21771.288786382163
2015-03-23,21447.558339159667
2015-03-24,22214.241273980468
2015-03-25,20898.342352626278
2015-03-26,19260.67828172048
2015-03-27,17394.50103261374
2015-03-30,19592.92844317967
2015-03-31,18784.93181398376
2015-04-01,20087.65387734357
2015-04-02,19016.74516040677
2015-04-06,18797.82556981314
2015-04-07,20853.12898976373
2015-04-08,19184.8003439968
2015-04-09,18049.03795444549
2015-04-10,19161.991873494888
2015-04-13,21066.030295680357
2015-04-14,21396.135162757775
2015-04-15,19902.537339965533
2015-04-16,20540.668914721067
2015-04-17,20107.294454057588
2015-04-20,19547.37615212185
2015-04-21,20459.12191149072
2015-04-22,19500.15374091578
2015-04-23,21369.86219505788
2015-04-24,19920.559938953866
2015-04-27,21139.890531527468
2015-04-28,22025.534868552586
2015-04-29,21782.099882998948
2015-04-30,21469.51406022371
2015-05-01,19989.817347852706
2015-05-04,22823.642062023686
2015-05-05,23799.534825977942
2015-05-06,19542.571228326335
2015-05-07,20779.929805898137
2015-05-08,20294.734107801636
2015-05-11,18849.995901977225
2015-05-12,20465.79474093441
2015-05-13,19431.051906360146
2015-05-14,20464.08168680206
2015-05-15,20427.944581282085
2015-05-18,19986.410058359023
2015-05-19,19246.588358166653
2015-05-20,20333.355996997685
2015-05-21,20532.39922271607
2015-05-22,21623.050414182948
2015-05-26,24719.360286093255
2015-05-27,21607.735692374565
2015-05-28,23011.01036876584
2015-05-29,23862.26251398401
2015-06-01,21559.56267454254
2015-06-02,22029.509085242247
2015-06-03,22055.584553587832
2015-06-04,20287.985196582646
2015-06-05,23594.34688983412
2015-06-08,22487.318246720348
2015-06-09,21144.239098906044
2015-06-10,22660.7762096141
2015-06-11,22223.37350374782
2015-06-12,23286.866202765505
2015-06-15,21198.177199159585
2015-06-16,22331.131120246315
2015-06-17,21494.16342198035
2015-06-18,21517.12362695831
2015-06-19,26425.405915477706
2015-06-22,20852.019758464983
2015-06-23,24637.358271645335
2015-06-24,23287.866661287953
2015-06-25,20695.359215778975
2015-06-26,22025.092607905517
2015-06-29,19965.064003595442
2015-06-30,20948.976382863093
2015-07-01,19235.29122281734
2015-07-02,20251.935646450558
2015-07-06,18664.916833578118
2015-07-07,21324.080786500344
2015-07-08,21319.9650148702
2015-07-09,21343.52796444942
2015-07-10,20099.55526827223
2015-07-13,22907.27710894656
2015-07-14,21581.200342677243
2015-07-15,21707.751644733737
2015-07-16,19426.772501676605
2015-07-17,22587.09706561939
2015-07-20,21323.881440963254
2015-07-21,21231.55776878293
2015-07-22,18948.382383662687
2015-07-23,21344.870100354416
2015-07-24,19997.319363586383
2015-07-27,21457.20789236784
2015-07-28,21515.683084382086
2015-07-29,19578.467101532606
2015-07-30,21641.486769497256
2015-07-31,19664.622170022318
2015-08-03,21284.35762605622
2015-08-04,20973.61719453844
2015-08-05,23574.583680441854
2015-08-06,21639.80221094932
2015-08-07,22710.629033800527
2015-08-10,22156.729165884706
2015-08-11,21185.918579985813
2015-08-12,23089.69927015343
2015-08-13,21796.434730468627
2015-08-14,24064.37477465882
2015-08-17,22455.61020771478
2015-08-18,21418.770620035346
2015-08-19,24277.814574674565
2015-08-20,21529.3155815048
2015-08-21,20147.53569063863
2015-08-24,20113.100926625168
2015-08-25,22294.66406375392
2015-08-26,20769.096971300085
2015-08-27,22745.44905397817
2015-08-28,21060.26828658542
2015-08-31,21758.376308492763
2015-09-01,23997.13518665268
2015-09-02,23131.97184741082
2015-09-03,20078.4697821226
2015-09-04,21527.7434115963
2015-09-08,20805.724392436452
2015-09-09,22735.537970192898
2015-09-10,20324.709712091528
2015-09-11,22074.13722248505
2015-09-14,21736.10852243521
2015-09-15,20792.13945937586
2015-09-16,22181.19362043061
2015-09-17,20522.33849377908
2015-09-18,22435.843709085028
2015-09-21,22052.55418702271
2015-09-22,23363.89403402607
2015-09-23,22165.804595174537
2015-09-24,21306.270443784942
2015-09-25,21237.675717977683
2015-09-28,21187.320182069565
2015-09-29,21155.21296588702
2015-09-30,20465.78144371258
2015-10-01,21925.80888618927
2015-10-02,20221.55364251255
2015-10-05,20575.71919928352
2015-10-06,21619.093744494505
2015-10-07,20914.40697075618
2015-10-08,23227.30006800384
2015-10-09,24113.070544943115
2015-10-12,23035.488974347045
2015-10-13,21896.901010734757
2015-10-14,20985.543994824104
2015-10-15,21754.576581626538
2015-10-16,21688.62577128135
2015-10-19,22188.61722882957
2015-10-20,23762.430194966764
2015-10-21,22968.99688282385
2015-10-22,21479.54784932507
2015-10-23,24943.08311742854
2015-10-26,25244.566416613827
2015-10-27,25234.78971721019
2015-10-28,20749.791311541714
2015-10-29,20193.09269653901
2015-10-30,20045.064139358263
2015-11-02,21514.665454345406
2015-11-03,20734.46882316594
2015-11-04,20584.70323214621
2015-11-05,19108.28223215063
2015-11-06,21048.906151372143
2015-11-09,21306.164246873366
2015-11-10,20819.736959012465
2015-11-11,20197.740467541767
2015-11-12,18947.89708587276
2015-11-13,20662.683011917503
2015-11-16,20159.72938002294
2015-11-17,18628.05494053061
2015-11-18,18367.827837148227
2015-11-19,19451.43802705455
2015-11-20,21491.15961366799
2015-11-23,21272.90973388083
2015-11-24,20303.212787412667
2015-11-25,21119.52252317038
2015-11-27,23259.528273771637
2015-11-30,21459.655465827294
2015-12-01,20183.3726503669
2015-12-02,21960.930213924184
2015-12-03,20961.135215074726
2015-12-04,19729.769080249807
2015-12-07,23094.240655971345
2015-12-08,22628.521318571675
2015-12-09,19278.394650992534
2015-12-10,19929.731851373268
2015-12-11,20837.657089819506
2015-12-14,21270.48862976998
2015-12-15,20046.671334272763
2015-12-16,18820.324360574123
2015-12-17,20893.80540272381
2015-12-18,22369.998615773242
2015-12-21,19034.6802678474
2015-12-22,20117.44998336735
2015-12-23,20169.75539939355
2015-12-24,21375.204240489107
2015-12-28,20923.359750881653
2015-12-29,19419.654931836056
2015-12-30,23207.179961337777
2015-12-31,23262.37226751872
2016-01-04,21729.766216626034
2016-01-05,20180.830329630237
2016-01-06,21427.096705816588
2016-01-07,20825.60430127436
2016-01-08,18621.490530308285
2016-01-11,20377.47250708313
2016-01-12,21444.076081530755
2016-01-13,18535.710899327354
2016-01-14,19112.82433893824
2016-01-15,18573.102709071412
2016-01-19,19494.818099500208
2016-01-20,17738.858898978306
2016-01-21,18825.66254231423
2016-01-22,18315.299601514158
2016-01-25,19982.17340297042
2016-01-26,20088.92371605404
2016-01-27,21798.195216114804
2016-01-28,21704.210200751608
2016-01-29,21213.933565581738
2016-02-01,22690.823992426984
2016-02-02,21941.11498749248
2016-02-03,21420.671988819853
2016-02-04,21550.188633610764
2016-02-05,20426.968203502118
2016-02-08,22164.85316673506
2016-02-09,19191.642865573674
2016-02-10,21699.545229311974
2016-02-11,21610.04588908019
2016-02-12,21649.546887989498
2016-02-16,21418.09154209968
2016-02-17,21615.258040383225
2016-02-18,22614.47183375694
2016-02-19,21543.459625915355
2016-02-22,20235.785540263696
2016-02-23,25068.58692577858
2016-02-24,20938.960210597572
2016-02-25,24247.083989729945
2016-02-26,24421.77167393998
2016-02-29,23921.360133527425
2016-03-01,24261.2514304152
2016-03-02,24205.078512616863
2016-03-03,25366.69836525495
2016-03-04,24103.206760987934
2016-03-07,25104.90021913961
2016-03-08,24121.576651408475
2016-03-09,19110.157429760053
2016-03-10,18944.955960724044
2016-03-11,18135.59846895522
2016-03-14,23120.688553885873
2016-03-15,20974.413063661334
2016-03-16,19360.48118950159
2016-03-17,20502.394652308187
2016-03-18,22845.017451519438
2016-03-21,21061.931625603986
2016-03-22,23032.11363092836
2016-03-23,22110.023289776924
2016-03-24,21978.093279537403
2016-03-28,23642.898774003294
2016-03-29,22813.14947988269
2016-03-30,22218.21568616284
2016-03-31,24589.81209949717
2016-04-01,22184.402362742316
2016-04-04,23152.99708890109
2016-04-05,23411.99121581713
2016-04-06,20329.63960960467
2016-04-07,24606.532913766885
2016-04-08,22846.870727018355
2016-04-11,22916.481895125697
2016-04-12,21902.201111252863
2016-04-13,22840.26519148027
2016-04-14,24170.24713610505
2016-04-15,24507.28768063245
2016-04-18,26506.567125913978
2016-04-19,26465.657940072077
2016-04-20,24392.91870727732
2016-04-21,18372.84865764148
2016-04-22,19625.79770710418
2016-04-25,20617.130614179205
2016-04-26,18819.61161320915
2016-04-27,18579.430120820918
2016-04-28,19754.233867865772
2016-04-29,20602.80498227176
2016-05-02,18921.224656044025
2016-05-03,18887.999866701197
2016-05-04,19507.330899718614
2016-05-05,20927.283239638648
2016-05-06,18584.42292149982
2016-05-09,21877.65493363555
2016-05-10,19096.5258384328
2016-05-11,19305.311895692623
2016-05-12,19121.061269598897
2016-05-13,18409.611357267444
2016-05-16,18270.991630733755
2016-05-17,17423.407792728794
2016-05-18,20545.912560987243
2016-05-19,18636.324895323818
2016-05-20,18440.162093305942
2016-05-23,18392.67097090369
2016-05-24,18012.192796018207
2016-05-25,18663.071984689905
2016-05-26,19120.87523980399
2016-05-27,19587.175520195615
2016-05-31,19840.232644868778
2016-06-01,18535.45230826025
2016-06-02,18108.65046383634
2016-06-03,20849.30073749232
2016-06-06,17279.037958644287
2016-06-07,18967.33317882499
2016-06-08,18703.201359701183
2016-06-09,19028.776607723117
2016-06-10,20816.846521304273
2016-06-13,18277.8043332484
2016-06-14,19969.14232167549
2016-06-15,19659.048680997705
2016-06-16,19717.08840810773
2016-06-17,20471.838906832785
2016-06-20,19461.184107428882
2016-06-21,20349.585525640385
2016-06-22,20436.833737230605
2016-06-23,20982.574742247165
2016-06-24,21508.655690529933
2016-06-27,18745.96030692604
2016-06-28,18627.50216055115
2016-06-29,19796.496948780114
2016-06-30,18287.413982758902
2016-07-01,17981.48250752189
2016-07-05,20283.177542833833
2016-07-06,19243.901946156
2016-07-07,19211.415953394346
2016-07-08,19033.508245413752
2016-07-11,20745.714706287905
2016-07-12,23429.567330399
2016-07-13,23898.767754821245
2016-07-14,24114.398142969614
2016-07-15,24323.741900044377
2016-07-18,19403.7368729645
2016-07-19,19390.026653167788
2016-07-20,19112.404820383057
2016-07-21,19140.097894300823
2016-07-22,20348.361337067494
2016-07-25,22292.947843716956
2016-07-26,19312.75000465883
2016-07-27,19521.389175056196
2016-07-28,20409.77225223414
2016-07-29,20544.16616695363
2016-08-01,23138.910946837896
2016-08-02,20751.654051605175
2016-08-03,23529.75207709977
2016-08-04,22896.004912330194
2016-08-05,23608.422834759287
2016-08-08,22705.424069157543
2016-08-09,22700.398633462082
2016-08-10,21604.653420833332
2016-08-11,22989.012827561302
2016-08-12,23635.371170985818
2016-08-15,23791.926604339616
2016-08-16,23925.90078715916
2016-08-17,22967.36565176754
2016-08-18,23627.944232440088
2016-08-19,23810.292544342865
2016-08-22,22108.62986974156
2016-08-23,22612.73593004159
2016-08-24,25182.425633513943
2016-08-25,23513.82003419005
2016-08-26,23019.13272882562
2016-08-29,22731.697427206895
2016-08-30,22840.400014344443
2016-08-31,21754.948642097635
2016-09-01,22015.91722830221
2016-09-02,20691.59999960491
2016-09-06,22084.99058365229
2016-09-07,21876.86342343256
2016-09-08,24024.928542862992
2016-09-09,21982.27072378668
2016-09-12,19825.061358949162
2016-09-13,21199.372250753007
2016-09-14,20656.50604632829
2016-09-15,22052.564745206837
2016-09-16,19416.678340556082
2016-09-19,22696.11741366015
2016-09-20,22463.517468231104
2016-09-21,21587.52232432891
2016-09-22,23804.390333626012
2016-09-23,22101.946726467166
2016-09-26,22030.373960591212
2016-09-27,21296.130506683887
2016-09-28,22273.825421206267
2016-09-29,21459.181223499283
2016-09-30,21076.970381480292
2016-10-03,22967.151481736888
2016-10-04,21038.496837870276
2016-10-05,22191.3174092569
2016-10-06,21091.422543012228
2016-10-07,21745.809268355242
2016-10-10,21145.865464073595
2016-10-11,21671.982430488533
2016-10-12,20696.7130975698
2016-10-13,19991.87802717311
2016-10-14,20602.62192662008
2016-10-17,20654.799192193725
2016-10-18,18784.19964756003
2016-10-19,19584.44019700268
2016-10-20,20428.25673150357
2016-10-21,22558.927709199223
2016-10-24,20921.144186799334
2016-10-25,20423.72316301522
2016-10-26,21011.685359664792
2016-10-27,19847.064531384985
2016-10-28,19021.370263803277
2016-10-31,20491.061500162024
2016-11-01,20959.6559975865
2016-11-02,19662.299277922208
2016-11-03,20126.585139686602
2016-11-04,18872.63674400973
2016-11-07,20762.270801427578
2016-11-08,20974.66741255219
2016-11-09,21957.235084581225
2016-11-10,20255.153782187917
2016-11-11,22690.191164257412
2016-11-14,21202.924379396623
2016-11-15,20811.11455783662
2016-11-16,20366.66179108258
2016-11-17,21429.463139467327
2016-11-18,23465.45976709658
2016-11-21,21038.018885111396
2016-11-22,22358.983115789004
2016-11-23,19957.806774806908
2016-11-25,20982.59009775165
2016-11-28,21216.58237020991
2016-11-29,23298.572847197578
2016-11-30,21541.948819617388
2016-12-01,22496.727999236693
2016-12-02,19796.590326478785
2016-12-05,19861.529582729192
2016-12-06,19323.93092288421
2016-12-07,21599.64515280535
2016-12-08,21417.101794017468
2016-12-09,23655.768753997745
2016-12-12,23231.675158777347
2016-12-13,23114.16075431629
2016-12-14,24923.06054065101
2016-12-15,22125.651907354848
2016-12-16,22865.418864746043
2016-12-19,25620.505937736656
2016-12-20,24100.137442223986
2016-12-21,24990.077998440815
2016-12-22,22643.872706309332
2016-12-23,24076.35779087018
2016-12-27,24637.793153402294
2016-12-28,27144.876880996075
2016-12-29,25444.42128002567
2016-12-30,26113.697515155596
2017-01-03,23726.827748411488
2017-01-04,24796.595825712557
2017-01-05,26888.25563194822
2017-01-06,20024.337043024767
2017-01-09,21945.749335178796
2017-01-10,20936.76341239518
2017-01-11,21635.48271455572
2017-01-12,21935.662653638457
2017-01-13,18647.195860227028
2017-01-17,20641.029863452542
2017-01-18,19908.208291859028
2017-01-19,22244.316742947354
2017-01-20,22274.212917753714
2017-01-23,21695.823434951028
2017-01-24,21102.42208015674
2017-01-25,19741.132195268394
2017-01-26,21063.845992700895
2017-01-27,21394.305025134054
2017-01-30,20635.365823465312
2017-01-31,20514.62398456633
2017-02-01,23027.61279775479
2017-02-02,19768.751218728863
2017-02-03,19699.03469640323
2017-02-06,22413.589038868922
2017-02-07,21125.612415089847
2017-02-08,22858.240152884995
2017-02-09,22655.160380543362
2017-02-10,23152.466159559473
2017-02-13,25752.033423828787
2017-02-14,24046.06911530274
2017-02-15,26786.425254369104
2017-02-16,28512.480124403733
2017-02-17,26959.08361764217
2017-02-21,19796.746802538222
2017-02-22,21032.947900903233
2017-02-23,22075.709557802842
2017-02-24,21522.428708019936
2017-02-27,21645.809941849668
2017-02-28,22065.8947471228
2017-03-01,19652.363544937747
2017-03-02,22749.62526215765
2017-03-03,21093.426560614353
2017-03-06,19549.685591096437
2017-03-07,19878.287558316104
2017-03-08,21127.63001068594
2017-03-09,22282.56944136277
2017-03-10,20270.38593174748
2017-03-13,20670.098812477136
2017-03-14,21644.862625011003
2017-03-15,19887.577939061688
2017-03-16,21408.533869467075
2017-03-17,22528.297256390713
2017-03-20,22645.245940244346
2017-03-21,20855.92686650633
2017-03-22,21538.95658100332
2017-03-23,19325.595484333324
2017-03-24,20098.89284701512
2017-03-27,21302.287381506343
2017-03-28,19200.139742844673
2017-03-29,21539.03402736543
2017-03-30,21318.05694724868
2017-03-31,21090.27040860638
2017-04-03,19847.982513436673
2017-04-04,21277.94571392154
2017-04-05,21832.96441787375
2017-04-06,19119.967612891607
2017-04-07,22103.15948211344
2017-04-10,21251.859628503513
2017-04-11,19958.089123002934
2017-04-12,21364.583280385563
2017-04-13,19348.531397258037
2017-04-17,20266.87497095616
2017-04-18,20172.27136670323
2017-04-19,20053.341281041427
2017-04-20,20326.939804749476
2017-04-21,21061.29778262319
2017-04-24,21174.71696830442
2017-04-25,21093.484828848512
2017-04-26,20292.78650507248
2017-04-27,23033.41040305348
2017-04-28,22364.36887870035
2017-05-01,22945.175863107743
2017-05-02,22076.85921264613
2017-05-03,22694.24749636042
2017-05-04,20937.6966793285
2017-05-05,22916.47747170672
2017-05-08,23205.336984523772
2017-05-09,22791.031315627173
2017-05-10,24226.147295035917
2017-05-11,22229.723971351235
2017-05-12,24699.244306832974
2017-05-15,22578.514815892115
2017-05-16,23731.8909612581
2017-05-17,21622.861304989616
2017-05-18,17484.531511463232
2017-05-19,21535.06250280539
2017-05-22,20837.432511398703
2017-05-23,18893.974157994573
2017-05-24,19323.798641682435
2017-05-25,22750.935197061848
2017-05-26,21406.46714442098
2017-05-30,21953.7892734385
2017-05-31,21448.361181776934
2017-06-01,21310.386260047348
2017-06-02,20630.899766795126
2017-06-05,22743.825553203897
2017-06-06,21343.646982752773
2017-06-07,21862.2004434545
2017-06-08,22727.008943769073
2017-06-09,22584.80794525416
2017-06-12,22202.661147468345
2017-06-13,22444.154606614266
2017-06-14,23757.54986652904
2017-06-15,21409.24920264245
2017-06-16,21629.262056172785
2017-06-19,24606.43235244132
2017-06-20,25501.838445656536
2017-06-21,21999.36355799204
2017-06-22,22755.829204900776
2017-06-23,24197.58054020576
2017-06-26,24462.139104380018
2017-06-27,22339.801956169766
2017-06-28,22133.17337849965
2017-06-29,18466.970979042253
2017-06-30,20034.328276067787
2017-07-03,18560.375862675308
2017-07-05,20061.577925338166
2017-07-06,20032.80054467877
2017-07-07,19249.442911264785
2017-07-10,20487.459816761453
2017-07-11,20774.27047918801
2017-07-12,19958.71967540531
2017-07-13,19652.061279336544
2017-07-14,20837.84427310957
2017-07-17,20570.56488779627
2017-07-18,20129.715480810726
2017-07-19,22331.01921609899
2017-07-20,21577.470049790667
2017-07-21,22686.26426486788
2017-07-24,23752.03589024651
2017-07-25,23265.303109866512
2017-07-26,21355.184927245664
2017-07-27,20129.234450639855
2017-07-28,22556.527715114025
2017-07-31,21441.2006728471
2017-08-01,21993.174226893894
2017-08-02,22327.237717118165
2017-08-03,21369.73146490492
2017-08-04,21143.60146337691
2017-08-07,22481.328156405572
2017-08-08,23565.660876327336
2017-08-09,22492.491932640107
2017-08-10,24591.1579180582
2017-08-11,20058.277304698506
2017-08-14,19748.52596903269
2017-08-15,20435.510726954297
2017-08-16,21278.960323137704
2017-08-17,20064.42572780614
2017-08-18,19207.98013572611
2017-08-21,21143.52816194315
2017-08-22,18127.345138856963
2017-08-23,20091.10348359159
2017-08-24,20283.255470231907
2017-08-25,18330.59207465585
2017-08-28,19207.29021040492
2017-08-29,19573.66905528511
2017-08-30,19148.039012717967
2017-08-31,22498.38472934459
2017-09-01,22011.82050079124
2017-09-05,22137.479096975156
2017-09-06,20762.9267366175
2017-09-07,23165.283666289706
2017-09-08,21480.282949711716
2017-09-11,22814.825051930395
2017-09-12,23708.94576113158
2017-09-13,23694.680899587085
2017-09-14,24218.35927781019
2017-09-15,23472.768083455794
2017-09-18,26677.811154705676
2017-09-19,25883.31137438812
2017-09-20,26555.61643724088
2017-09-21,27687.544127982914
2017-09-22,25417.320913785774
2017-09-25,20815.496161791496
2017-09-26,20773.05561141543
2017-09-27,20998.181868704654
2017-09-28,18515.45643339138
2017-09-29,19011.239122567582
2017-10-02,20845.92552948503
2017-10-03,20621.93561596861
2017-10-04,22079.171113512344
2017-10-05,20866.59640776227
2017-10-06,20824.665566254338
2017-10-09,21046.875840788944
2017-10-10,21729.296860303435
2017-10-11,18908.218797182944
2017-10-12,20808.409903920667
2017-10-13,21723.691277693742
2017-10-16,20694.87696796327
2017-10-17,20921.49582178167
2017-10-18,20031.01443669254
2017-10-19,21112.93455260351
2017-10-20,20957.361117804696
2017-10-23,23642.078339121013
2017-10-24,21584.747904515487
2017-10-25,22553.789393920462
2017-10-26,20878.59003194474
2017-10-27,22302.6543095552
2017-10-30,23329.26498031968
2017-10-31,23127.99305937166
2017-11-01,24707.062470250894
2017-11-02,24946.711899566442
2017-11-03,25731.360230900038
2017-11-06,17171.90788305498
2017-11-07,19040.71853199455
2017-11-08,16309.07731074449
2017-11-09,17556.724758770637
2017-11-10,18245.664119022058
2017-11-13,17628.96228539784
2017-11-14,19507.458135554913
2017-11-15,17400.72785850947
2017-11-16,17906.79381996868
2017-11-17,18784.62512495885
2017-11-20,19335.48167898845
2017-11-21,17718.631790304808
2017-11-22,17465.017447345097
2017-11-24,17070.759193823964
2017-11-27,19859.214189718183
2017-11-28,18845.73650838036
2017-11-29,19952.160051137256
2017-11-30,20293.122363777344
2017-12-01,21557.132851807582
2017-12-04,20220.73792526292
2017-12-05,20347.346923598052
2017-12-06,21554.052047815552
2017-12-07,21256.38411214618
2017-12-08,22266.2307023951
2017-12-11,23815.163117184755
2017-12-12,23784.1964074167
2017-12-13,25572.14868818937
2017-12-14,25038.126534770163
2017-12-15,24182.51628381247
2017-12-18,20713.554525221567
2017-12-19,10281.81003711361
2017-12-20,9757.400355347063
2017-12-21,9894.903017368104
2017-12-22,9722.194437546998
2017-12-26,9970.637675608541
2017-12-27,10216.1628941474
2017-12-28,9676.86671589751
2017-12-29,10689.079699019167
2018-01-02,10175.502826051368
2018-01-03,10537.114028087119
2018-01-04,11546.664946152932
2018-01-05,11877.378611963637
2018-01-08,13191.26227387549
2018-01-09,14114.537080584414
2018-01-10,14398.90028397501
2018-01-11,13890.583230586719
2018-01-12,15924.918583620027
2018-01-16,17536.893991134093
2018-01-17,16144.287873367997
2018-01-18,18197.044362041368
2018-01-19,17470.36882686025
2018-01-22,19457.84207723369
2018-01-23,20759.596782940705
2018-01-24,21468.590886250666
2018-01-25,21406.062879616296
2018-01-26,20965.07401124234
2018-01-29,20914.100996134457
2018-01-30,21348.08948786012
2018-01-31,22052.945554046357
2018-02-01,22024.491007288918
2018-02-02,9945.49938362048
2018-02-05,9321.238388955191
2018-02-06,11159.963068507226
2018-02-07,10541.749365670401
2018-02-08,9566.916070641806
2018-02-09,10162.576384004882
2018-02-12,10023.166096563918
2018-02-13,10074.578564425361
2018-02-14,10044.891713502791
2018-02-15,9562.31753348388
2018-02-16,9208.524141861375
2018-02-20,9785.78344544792
2018-02-21,9480.154874293314
2018-02-22,9601.509266941954
2018-02-23,8998.206841222227
2018-02-26,9682.825906174683
2018-02-27,9374.670906103043
2018-02-28,9157.96204824522
2018-03-01,9391.619319161162
2018-03-02,16076.402984269562
2018-03-05,13555.83455146206
2018-03-06,14749.518717654915
2018-03-07,15233.424874439434
2018-03-08,14792.938672549773
2018-03-09,14903.75901064962
2018-03-12,14980.254906672131
2018-03-13,16771.019321350443
2018-03-14,14659.77637066176
2018-03-15,14835.050984230731
2018-03-16,14951.099865427273
2018-03-19,15905.558566969805
2018-03-20,15345.420381085465
2018-03-21,16776.53834039147
2018-03-22,15726.84042424758
2018-03-23,15274.255065213754
2018-03-26,16034.453411443867
2018-03-27,15595.23717752429
2018-03-28,17434.738340608095
2018-03-29,15839.974541218164
2018-04-02,15163.151183624319
2018-04-03,15586.25250738868
2018-04-04,14721.896904054765
2018-04-05,14669.270517865347
2018-04-06,15417.927672475082
2018-04-09,15958.759902856338
2018-04-10,15172.543008553075
2018-04-11,16403.877615985584
2018-04-12,14702.34959290685
2018-04-13,16739.77485050877
2018-04-16,15163.35410543158
2018-04-17,15605.293969019946
2018-04-18,16426.914084080305
2018-04-19,15377.771201765883
2018-04-20,16024.28795806215
2018-04-23,13884.71573540574
2018-04-24,14949.898302848722
2018-04-25,14784.263975959864
2018-04-26,15266.292540187012
2018-04-27,15900.27234897083
2018-04-30,14485.442926952637
2018-05-01,16201.003513808482
2018-05-02,18207.190908313336
2018-05-03,14872.456796085306
2018-05-04,15453.799141815323
2018-05-07,17516.446523370254
2018-05-08,17068.522048416104
2018-05-09,17490.04687759578
2018-05-10,19860.720946134807
2018-05-11,19332.637228223834
2018-05-14,19717.72020650413
2018-05-15,20007.25509534545
2018-05-16,18469.142701963756
2018-05-17,19021.078555757096
2018-05-18,20260.915638474176
2018-05-21,19010.213569986834
2018-05-22,20548.988825680008
2018-05-23,20537.121530744524
2018-05-24,20825.55601188634
2018-05-25,21597.75265748801
2018-05-29,20723.570654325402
2018-05-30,17087.042160866495
2018-05-31,20952.529603574003
2018-06-01,18260.412409344102
2018-06-04,21299.75315883382
2018-06-05,23422.192868245565
2018-06-06,24571.87232252623
2018-06-07,28384.89340950521
2018-06-08,27003.17868967731
2018-06-11,30150.746841015804
2018-06-12,28466.838551922017
2018-06-13,17111.02013198643
2018-06-14,15621.40754815607
2018-06-15,15429.67379992765
2018-06-18,15148.288871626039
2018-06-19,16038.417894081053
2018-06-20,15220.176756318031
2018-06-21,14506.029828866713
2018-06-22,16026.673898909448
2018-06-25,16547.480024900917
2018-06-26,14160.158409025134
2018-06-27,14627.436257420542
2018-06-28,14082.918921644598
2018-06-29,14879.206529750765
2018-07-02,13896.044477359266
2018-07-03,14341.72603748235
2018-07-05,14654.073959144262
2018-07-06,16596.93481986646
2018-07-09,14595.788681305903
2018-07-10,15829.763513770167
2018-07-11,16929.673868068847
2018-07-12,17353.934050613272
2018-07-13,17439.010982868193
2018-07-16,17511.569437559312
2018-07-17,15651.35546277873
2018-07-18,17297.535232658458
2018-07-19,17925.28868222751
2018-07-20,16951.555788652087
2018-07-23,17135.591187028178
2018-07-24,17438.45370332949
2018-07-25,19362.4602202897
2018-07-26,16747.60155026559
2018-07-27,16407.907395232138
2018-07-30,14924.629026597537
2018-07-31,16680.93784085528
2018-08-01,15423.773725858557
2018-08-02,17237.53449625375
2018-08-03,15230.090789303305
2018-08-06,15567.436897597583
2018-08-07,16592.606523011305
2018-08-08,17004.37980633203
2018-08-09,15011.621681877905
2018-08-10,17365.323659180467
2018-08-13,16900.37724583133
2018-08-14,17003.36638308811
2018-08-15,16264.802984556929
2018-08-16,16067.483993859742
2018-08-17,16665.204560004062
2018-08-20,16454.033251363293
2018-08-21,18153.303659032415
2018-08-22,20272.822285514485
2018-08-23,17789.995211002635
2018-08-24,18402.224031586178
2018-08-27,17729.620909321377
2018-08-28,20383.24145817734
2018-08-29,20994.75735124608
2018-08-30,21069.010054325416
2018-08-31,22427.885789812633
2018-09-04,21773.680836712763
2018-09-05,22371.93585575776
2018-09-06,20511.818275515237
2018-09-07,17073.195601667256
2018-09-10,16481.659942878345
2018-09-11,16519.208766902942
2018-09-12,15753.965613620006
2018-09-13,18621.16523230521
2018-09-14,17923.75769387184
2018-09-17,17534.327829801146
2018-09-18,16515.160622813943
2018-09-19,16765.949306107443
2018-09-20,16848.486905321784
2018-09-21,18390.9677532691
2018-09-24,19612.676433053155
2018-09-25,17486.833875902237
2018-09-26,18010.765843245597
2018-09-27,17629.120754088617
2018-09-28,17143.4836353872
2018-10-01,19036.027614668674
2018-10-02,19761.9533501442
2018-10-03,18228.60881357764
2018-10-04,16826.030607091256
2018-10-05,17065.723242809665
2018-10-08,16420.047738530626
2018-10-09,15680.558101136603
2018-10-10,16057.59134166525
2018-10-11,14167.579171202342
2018-10-12,13537.851516112525
2018-10-15,14550.371864908968
2018-10-16,14356.287056604893
2018-10-17,12758.324380227052
2018-10-18,12659.238274326228
2018-10-19,17298.052626359575
2018-10-22,15821.154611160156
2018-10-23,15979.946298726707
2018-10-24,14870.359587792165
2018-10-25,15126.942137935
2018-10-26,14550.472715201013
2018-10-29,14328.629853827113
2018-10-30,15648.938966389711
2018-10-31,14257.679309186617
2018-11-01,14873.495870479399
2018-11-02,15331.479623045378
2018-11-05,15267.02257142292
2018-11-06,15375.016347635352
2018-11-07,15784.581188718834
2018-11-08,17022.28565257158
2018-11-09,16660.067632276532
2018-11-12,16115.913366006982
2018-11-13,15222.560829150014
2018-11-14,15120.562506595234
2018-11-15,15703.928391161906
2018-11-16,16276.470758631936
2018-11-19,15501.91936925782
2018-11-20,14664.245361670663
2018-11-21,15423.121278764123
2018-11-23,15220.96235535716
2018-11-26,14050.743437168368
2018-11-27,14114.92346543116
2018-11-28,15896.831896376985
2018-11-29,16247.882839862683
2018-11-30,14481.319081814563
2018-12-03,15865.049165450668
2018-12-04,15864.243350681802
2018-12-06,14879.703299902523
2018-12-07,16179.53171117174
2018-12-10,14877.043772316301
2018-12-11,14673.935840406095
2018-12-12,15231.338000479784
2018-12-13,14302.162021783506
2018-12-14,15506.321823373899
2018-12-17,13399.407263515237
2018-12-18,12380.62441283632
2018-12-19,13411.528727940056
2018-12-20,13206.486364130866
2018-12-21,13916.407529356384
2018-12-24,13414.036952704773
2018-12-26,13304.059724955065
2018-12-27,13726.946304931125
2018-12-28,14549.60628557972
2018-12-31,13224.815727595618
2019-01-02,13053.895659241905
2019-01-03,13053.791282404523
2019-01-04,12738.453393849048
2019-01-07,11879.166333817457
2019-01-08,12852.110784728613
2019-01-09,12376.000136478886
2019-01-10,13473.336813064656
2019-01-11,13879.059262565286
2019-01-14,13514.271571057598
2019-01-15,13071.546005730823
2019-01-16,13122.326808157466
2019-01-17,14561.045620455992
2019-01-18,14500.461449524022
2019-01-22,15933.62334009946
2019-01-23,15363.688249727851
2019-01-24,14974.434939671835
2019-01-25,14300.429513570743
2019-01-28,16005.9109083732
2019-01-29,15208.120966439406
2019-01-30,16583.287381206123
2019-01-31,16428.436733371618
2019-02-01,16852.732373918818
2019-02-04,15732.733744301097
2019-02-05,18797.014440178475
2019-02-06,20187.988187425904
2019-02-07,20834.7518123897
2019-02-08,18336.671181757058
2019-02-11,18578.580149156885
2019-02-12,18223.41322465095
2019-02-13,23066.73289757384
2019-02-14,22409.409766999015
2019-02-15,23201.53858472936
2019-02-19,24442.71368678778
2019-02-20,24822.898182848847
2019-02-21,26043.29735440855
2019-02-22,23269.076932991913
2019-02-25,25912.23805122335
2019-02-26,27765.510443677147
2019-02-27,26104.603344739175
2019-02-28,26547.214803784813
2019-03-01,21347.893395122377
2019-03-04,8468.48375305916
2019-03-05,8111.600524859708
2019-03-06,8076.6437633992255
2019-03-07,7700.49107650858
2019-03-08,7725.708654162298
2019-03-11,7596.342123739775
2019-03-12,7926.5197703206895
2019-03-13,8143.258702168668
2019-03-14,8629.47996352291
2019-03-15,8714.632587049113
2019-03-18,8823.14442893195
2019-03-19,9379.279547957462
2019-03-20,9723.281535395772
2019-03-21,9277.080219195404
2019-03-22,10988.21438255702
2019-03-25,8210.233935987142
2019-03-26,7994.035502361423
2019-03-27,9311.675211418307
2019-03-28,8364.902769828595
2019-03-29,9197.303691958254
2019-04-01,9886.271341226562
2019-04-02,12744.375292016677
2019-04-03,13725.459683612113
2019-04-04,13666.777850784612
2019-04-05,15139.525586049816
2019-04-08,17357.260097454044
2019-04-09,18357.85267654073
2019-04-10,17116.255264584725
2019-04-11,19217.580445538686
2019-04-12,18401.564464602197
2019-04-15,8407.835359264533
2019-04-16,8051.588665702929
2019-04-17,8159.724115945237
2019-04-18,7913.0076869735
2019-04-22,8394.187436643382
2019-04-23,8430.834426222615
2019-04-24,9007.300074638017
2019-04-25,9008.357704073547
2019-04-26,8861.126502016203
2019-04-29,9768.203623923093
2019-04-30,9834.63020698065
2019-05-01,9794.901733308801
2019-05-02,8428.871392431993
2019-05-03,8904.715935880682
2019-05-06,9947.31350663164
2019-05-07,9384.244226085593
2019-05-08,8310.315460006359
2019-05-09,8032.785710310179
2019-05-10,7962.891671850037
2019-05-13,14019.269155963866
2019-05-14,13517.087528276828
2019-05-15,13138.513990838628
2019-05-16,13698.48140042914
2019-05-17,12551.91387356435
2019-05-20,13412.682755792732
2019-05-21,12750.638436717238
2019-05-22,13176.20944230354
2019-05-23,12788.162394134057
2019-05-24,11727.524048864345
2019-05-28,11690.093583211581
2019-05-29,13085.603480891465
2019-05-30,13414.576075695066
2019-05-31,13038.92061252449
2019-06-03,14185.90747534722
2019-06-04,13895.539052750806
2019-06-05,13719.47140881118
2019-06-06,13573.709346009846
2019-06-07,15421.131866375876
2019-06-10,16349.113623648393
2019-06-11,17371.20646956037
2019-06-12,16075.915539855716
2019-06-13,16923.94198203413
2019-06-14,18346.504249075148
2019-06-17,19204.79238764123
2019-06-18,18034.134778160067
2019-06-19,21484.33687512966
2019-06-20,20411.259429461796
2019-06-21,24227.749357656092
2019-06-24,23352.98243691451
2019-06-25,23109.377038930856
2019-06-26,20519.798048809662
2019-06-27,19881.034856373593
2019-06-28,22384.9691296388
2019-07-01,22920.789788894126
2019-07-02,25581.76279595461
2019-07-03,25254.53338166724
2019-07-05,28681.8590409497
2019-07-08,28815.939554540404
2019-07-09,28100.61357472659
2019-07-10,28318.606449348736
2019-07-11,13210.975345094355
2019-07-12,14629.26138169207
2019-07-15,14548.482461875707
2019-07-16,14933.672596498516
2019-07-17,13585.328297105465
2019-07-18,12866.645002812369
2019-07-19,13172.760853948212
2019-07-22,13682.703069194116
2019-07-23,13947.016153047329
2019-07-24,15116.056338057757
2019-07-25,15232.986118381406
2019-07-26,14667.098441126844
2019-07-29,17585.292078865114
2019-07-30,15678.915477035862
2019-07-31,16238.48343237249
2019-08-01,14186.342270545669
2019-08-02,15780.129297226826
2019-08-05,13037.582327638798
2019-08-06,15527.214747949076
2019-08-07,13754.154880506381
2019-08-08,13277.698196732174
2019-08-09,13747.20788262282
2019-08-12,14449.692983213521
2019-08-13,15528.597435149533
2019-08-14,14881.888200623936
2019-08-15,13857.208793730553
2019-08-16,13203.51885001118
2019-08-19,14962.42986580997
2019-08-20,14152.116109662002
2019-08-21,13656.370967252262
2019-08-22,14231.100700050081
2019-08-23,15152.144768596756
2019-08-26,14168.452808237107
2019-08-27,15206.219483985593
2019-08-28,14496.850003769847
2019-08-29,14906.054663126264
2019-08-30,15481.053942513998
2019-09-03,14834.93879055549
2019-09-04,14816.142012749007
2019-09-05,17550.316252990262
2019-09-06,17458.987764649803
2019-09-09,16447.88358522114
2019-09-10,16127.363263080155
2019-09-11,16254.10381215506
2019-09-12,19081.153037735712
2019-09-13,19243.16105178917
2019-09-16,17675.693666971558
2019-09-17,18596.393983438113
2019-09-18,18988.77608211192
2019-09-19,17747.194822404028
2019-09-20,19468.64545085237
2019-09-23,17943.879360373616
2019-09-24,19580.4438375236
2019-09-25,16385.2688305246
2019-09-26,18918.433063828194
2019-09-27,17773.32760335197
2019-09-30,17712.585827221697
2019-10-01,19359.68188933118
2019-10-02,16719.889845223825
2019-10-03,13441.126476765003
2019-10-04,16172.547783521524
2019-10-07,15152.614007477889
2019-10-08,16471.95818772698
2019-10-09,15572.59162136196
2019-10-10,14883.010218998561
2019-10-11,16254.046592105185
2019-10-14,17787.954273006624
2019-10-15,16563.154725771597
2019-10-16,18739.909106628606
2019-10-17,18036.313806127484
2019-10-18,18954.656743260995
2019-10-21,18043.038419938475
2019-10-22,19549.820614259253
2019-10-23,19649.69279171957
2019-10-24,20111.926047263194
2019-10-25,20780.760352940582
2019-10-28,20489.739136096632
2019-10-29,22878.65534108356
2019-10-30,23021.71880692182
2019-10-31,24192.334103517584
2019-11-01,24031.560635471455
2019-11-04,27012.287690211197
2019-11-05,26251.008649160063
2019-11-06,29961.642751813753
2019-11-07,26913.882706199394
2019-11-08,30234.594279046578
2019-11-11,28333.472724403575
2019-11-12,28453.75178604779
2019-11-13,29421.528812396977
2019-11-14,27619.453708357523
2019-11-15,15816.962267240771
2019-11-18,15582.423218519083
2019-11-19,15993.746331674956
2019-11-20,17513.193684681944
2019-11-21,16231.210587928754
2019-11-22,15258.439386043417
2019-11-25,15250.804825760591
2019-11-26,16366.719194962774
2019-11-27,17142.43437554348
2019-11-29,17384.20823951323
2019-12-02,17557.913688924713
2019-12-03,15401.093720395636
2019-12-04,15411.617040899413
2019-12-05,17045.53880964344
2019-12-06,16558.461318274974
2019-12-09,18323.05258458239
2019-12-10,17442.608116128104
2019-12-11,16412.113708353852
2019-12-12,18231.81097931065
2019-12-13,18435.58118546909
2019-12-16,19048.707508213596
2019-12-17,21843.445156409627
2019-12-18,21103.60792429995
2019-12-19,21290.571196789646
2019-12-20,22051.156576853566
2019-12-23,26141.61172951928
2019-12-24,24907.878577677606
2019-12-26,28072.754210517876
2019-12-27,28541.24457521331
2019-12-30,27947.30935603831
2019-12-31,14420.327242690579
2020-01-02,15349.97363118056
2020-01-03,16294.877039816645
2020-01-06,16119.292491994884
2020-01-07,15080.64138635834
2020-01-08,16865.827098256686
2020-01-09,16479.655369922508
2020-01-10,16302.472207751493
2020-01-13,18363.37440397956
2020-01-14,16459.346782299875
2020-01-15,18429.876467558668
2020-01-16,17206.61502817585
2020-01-17,19751.89703608977
2020-01-21,21696.80065644204
2020-01-22,20358.312929715426
2020-01-23,19293.06486156621
2020-01-24,20503.167054320016
2020-01-27,17710.74026438709
2020-01-28,15835.73194870404
2020-01-29,17012.152284993845
2020-01-30,15941.527751923953
2020-01-31,19110.054312138458
2020-02-03,15813.595531538282
2020-02-04,16318.319671827503
2020-02-05,19721.27916242405
2020-02-06,24501.489601189096
2020-02-07,24516.53673786389
2020-02-10,25248.378755115733
2020-02-11,28479.266667865915
2020-02-12,28465.996994181463
2020-02-13,14530.564780241608
2020-02-14,14291.021816866172
2020-02-18,14034.827649753166
2020-02-19,14687.080994988592
2020-02-20,15677.513559579327
2020-02-21,14811.798658343383
2020-02-24,13654.158391154373
2020-02-25,13388.630562336502
2020-02-26,13928.171828943749
2020-02-27,15070.743845830346
2020-02-28,15191.74494694726
2020-03-02,14897.062229305333
2020-03-03,14541.363811718722
2020-03-04,16286.377876813425
2020-03-05,15650.557389263882
2020-03-06,16464.009455315838
2020-03-09,13413.277000490363
2020-03-10,15583.935408905598
2020-03-11,16031.942756578284
2020-03-12,15387.122720960515
2020-03-13,15273.840576336497
2020-03-16,14325.581515981257
2020-03-17,16458.28087688525
2020-03-18,15111.208077120365
2020-03-19,15443.054864288932
2020-03-20,14859.43217059073
2020-03-23,14665.905670835282
2020-03-24,13174.167625742115
2020-03-25,14039.012611546628
2020-03-26,14358.62781051413
2020-03-27,16821.272952465726
2020-03-30,18395.810668316768
2020-03-31,17397.347575597207
2020-04-01,16853.038214521734
2020-04-02,17798.047579264796
2020-04-03,16754.393216692668
2020-04-06,17036.781655613428
2020-04-07,16158.451504905086
2020-04-08,17335.961538120242
2020-04-09,17883.916554588468
2020-04-13,18293.650011099595
2020-04-14,19233.27351696584
2020-04-15,20610.524780649484
2020-04-16,19098.98345898125
2020-04-17,18041.678801075373
2020-04-20,22337.78706745754
2020-04-21,19606.998891868217
2020-04-22,19006.086109377557
2020-04-23,21889.270672944975
2020-04-24,20796.597732188064
2020-04-27,22783.33088300592
2020-04-28,26072.522942337302
2020-04-29,23991.32584322345
2020-04-30,29519.36560802217
2020-05-01,26545.573020440792
2020-05-04,24724.661145120743
2020-05-05,29292.9009501813
2020-05-06,30471.260568351798
2020-05-07,30235.969164828202
2020-05-08,30971.264511820125
2020-05-11,16713.524643443816
2020-05-12,17625.281750183305
2020-05-13,17302.095323199537
2020-05-14,16743.684395661796
2020-05-15,15870.763415424006
2020-05-18,19110.744115094363
2020-05-19,17033.028900083536
2020-05-20,17339.078140501282
2020-05-21,18362.455325151404
2020-05-22,16913.348547432743
2020-05-26,17196.129682821116
2020-05-27,18589.77112750955
2020-05-28,22131.833495959076
2020-05-29,19689.933584903105
2020-06-01,19990.968420541667
2020-06-02,22806.788868298016
2020-06-03,23095.791387758367
2020-06-04,26311.309230523275
2020-06-05,25143.131295981737
2020-06-08,29909.561050549157
2020-06-09,33050.644353340875
2020-06-10,29850.550336245244
2020-06-11,30318.04916276926
2020-06-12,19824.200682784438
2020-06-15,22657.520246787168
2020-06-16,25619.002341375923
2020-06-17,31625.28065221505
2020-06-18,31811.49443259707
2020-06-19,34557.28236619885
2020-06-22,32110.559341735454
2020-06-23,16750.692260272146
2020-06-24,16854.872426294303
2020-06-25,17814.766674813876
2020-06-26,15574.384453992267
2020-06-29,16774.6705044918
2020-06-30,17984.1828690819
2020-07-01,15730.265834420761
2020-07-02,17994.159231977374
2020-07-06,16960.098948327028
2020-07-07,18332.272442442587
2020-07-08,17805.430968092438
2020-07-09,17967.046845595793
2020-07-10,18487.17848385664
2020-07-13,18230.636435335335
2020-07-14,18850.810383179807
2020-07-15,19625.82771061578
2020-07-16,19760.077277839348
2020-07-17,19032.491735290805
2020-07-20,21778.164631507618
2020-07-21,25167.362892918343
2020-07-22,24624.32673510231
2020-07-23,27745.965990311764
2020-07-24,23086.79098985939
2020-07-27,23588.249440698277
2020-07-28,27098.00818385547
2020-07-29,24874.182416354102
2020-07-30,31758.90048154161
2020-07-31,29249.362168720512
2020-08-03,33914.87922625855
2020-08-04,35642.51479648525
2020-08-05,17145.477143623375
2020-08-06,18757.817611886905
2020-08-07,16928.154101773733
2020-08-10,18568.152276054912
2020-08-11,18306.71659807763
2020-08-12,18465.99311039873
2020-08-13,21619.660133123954
2020-08-14,19839.08552674469
2020-08-17,19595.14616028404
2020-08-18,22000.67561658543
2020-08-19,19519.29057401156
2020-08-20,19652.445832141246
2020-08-21,20876.464362348233
2020-08-24,21934.197408986172
2020-08-25,22917.432338503004
2020-08-26,23917.08042625953
2020-08-27,28418.96190828167
2020-08-28,27056.444969372606
2020-08-31,31215.705917132007
2020-09-01,25591.236555567724
2020-09-02,31591.473658884508
2020-09-03,34466.93528005591
2020-09-04,22676.826353898996
2020-09-08,24513.734815752643
2020-09-09,19612.974749230933
2020-09-10,24247.42944075223
2020-09-11,19459.594994477946
2020-09-14,20151.539815120588
2020-09-15,25862.690566234603
2020-09-16,25223.282194316223
2020-09-17,16474.071585531816
2020-09-18,16094.345963673728
2020-09-21,14972.676037674099
2020-09-22,16155.880753322523
2020-09-23,16596.145102978007
2020-09-24,16304.760662421506
2020-09-25,16921.402500621127
2020-09-28,16080.98080175365
2020-09-29,17058.85306125547
2020-09-30,14689.827385946164
2020-10-01,14467.62743515699
2020-10-02,16608.166550559814
2020-10-05,16297.212895826298
2020-10-06,16934.915996423286
2020-10-07,15619.82812908217
2020-10-08,17432.969258022436
2020-10-09,19036.509209510063
2020-10-12,20045.920580947422
2020-10-13,25331.40188716713
2020-10-14,22435.45431488098
2020-10-15,22678.241845943896
2020-10-16,23262.51311556882
2020-10-19,21063.765475320986
2020-10-20,18456.4573158346
2020-10-21,20397.584634077084
2020-10-22,20881.544916862287
2020-10-23,20675.916769747404
2020-10-26,22982.497132584478
2020-10-27,19141.465563936705
2020-10-28,14399.871897949699
2020-10-29,17787.14856779648
2020-10-30,17494.44915086407
2020-11-02,19735.844274166848
2020-11-03,16173.844095739001
2020-11-04,17948.496968562322
2020-11-05,22462.901400394334
2020-11-06,25967.67372746213
2020-11-09,27631.80091105512
2020-11-10,33641.6822944145
2020-11-11,32349.593396369826
2020-11-12,35398.99885788387
2020-11-13,30897.940437358
2020-11-16,35023.464748323175
2020-11-17,39615.86903170683
2020-11-18,38035.12298536833
2020-11-19,35664.32745895376
2020-11-20,38073.72034846307
2020-11-23,36747.624793385316
2020-11-24,39423.19256620919
2020-11-25,41583.29891849509
2020-11-27,42836.78279000742
2020-11-30,46331.70819858195
2020-12-01,45336.15101321874
2020-12-02,45684.83688547148
2020-12-03,46159.85634071097
2020-12-04,45311.258304740055
2020-12-07,48064.01835586166
2020-12-08,46581.66828278512
2020-12-09,48131.6389710882
2020-12-10,48714.08786549979
2020-12-11,18171.042909360614
2020-12-14,17701.863702567112
2020-12-15,15706.514512124879
2020-12-16,19249.502408545108
2020-12-17,18354.34167064938
2020-12-18,19139.033239268636
2020-12-21,18792.036526145726
2020-12-22,17817.685989082387
2020-12-23,16921.38062000182
2020-12-24,18609.965311637563
2020-12-28,18641.951837327993
2020-12-29,19917.980803213126
2020-12-30,19291.4610173072
2020-12-31,19348.998808769906
2021-01-04,20488.241094648492
2021-01-05,19833.87154373483
2021-01-06,19274.190432428717
2021-01-07,23341.8931413518
2021-01-08,25424.864992118426
2021-01-11,28934.033665616487
2021-01-12,25142.362229764236
2021-01-13,26653.430921645773
2021-01-14,27037.123987113253
2021-01-15,27018.902072485456
2021-01-19,23764.63014954401
2021-01-20,28850.75517772447
2021-01-21,37322.55332906065
2021-01-22,39538.04033154895
2021-01-25,40021.64779003829
2021-01-26,38945.386484516996
2021-01-27,17568.252612141296
2021-01-28,17545.506603974987
2021-01-29,18047.21144215298
2021-02-01,15479.695660516632
2021-02-02,19168.1963434828
2021-02-03,17147.931447525225
2021-02-04,16903.80738704226
2021-02-05,18202.191397306775
2021-02-08,19502.86984808295
2021-02-09,19726.67545658891
2021-02-10,19904.756380136852
2021-02-11,18835.39953741992
2021-02-12,21634.18075907861
2021-02-16,19318.289702696133
2021-02-17,21527.84962754643
2021-02-18,20130.540047474875
2021-02-19,19655.102085957235
2021-02-22,19584.497112990142
2021-02-23,17507.138060634712
2021-02-24,18172.236619190593
2021-02-25,21526.122379530378
2021-02-26,16215.028700741172
2021-03-01,17003.7266176988
2021-03-02,20735.226112084063
2021-03-03,18615.281068548487
2021-03-04,14836.778137750805
2021-03-05,15535.371165888739
2021-03-08,17435.15393086952
2021-03-09,15882.00010744205
2021-03-10,15598.775602055304
2021-03-11,17302.59733747294
2021-03-12,17957.018975301686
2021-03-15,18629.875883959463
2021-03-16,18923.274223541805
2021-03-17,19573.98539493181
2021-03-18,19512.289506304136
2021-03-19,17899.88424880275
2021-03-22,16631.032961713194
2021-03-23,18907.158126715396
2021-03-24,16725.793321634723
2021-03-25,15073.273972925705
2021-03-26,17943.606674512168
2021-03-29,20128.082054964038
2021-03-30,19725.824722125657
2021-03-31,19463.481515935786
2021-04-01,21400.882261264
2021-04-05,24952.385860182814
2021-04-06,29558.93093740619
2021-04-07,32204.70976191552
2021-04-08,29753.40793568827
2021-04-09,34544.79076802225
2021-04-12,39357.02274626365
2021-04-13,39470.7694214747
2021-04-14,43025.80928971377
2021-04-15,41931.181528319226
2021-04-16,45047.365697488116
2021-04-19,47793.91183676101
2021-04-20,51049.83176216102
2021-04-21,47032.907483548006
2021-04-22,46182.60511440276
2021-04-23,17998.27347643327
2021-04-26,17954.13565980215
2021-04-27,19787.459305696033
2021-04-28,19580.6888972591
2021-04-29,19432.25152664536
2021-04-30,19151.761562619016
2021-05-03,18044.607543482263
2021-05-04,18492.666852146216
2021-05-05,19295.935374717275
2021-05-06,17273.929582717334
2021-05-07,20534.224359013984
2021-05-10,20435.928494117583
2021-05-11,19622.715616119363
2021-05-12,16370.22386298486
2021-05-13,16143.315416123749
2021-05-14,17607.298416758775
2021-05-17,18989.94186713552
2021-05-18,16198.949724108868
2021-05-19,17260.099355157286
2021-05-20,15982.919468582435
2021-05-21,17194.306814986634
2021-05-24,17309.97289451669
2021-05-25,22564.132658802406
2021-05-26,18485.431537691533
2021-05-27,20868.85797110547
2021-05-28,21818.171064028687
2021-06-01,23493.152977960035
2021-06-02,21539.938063727426
2021-06-03,23496.216749597643
2021-06-04,20881.732728384693
2021-06-07,17608.520459803145
2021-06-08,16147.452257988603
2021-06-09,16421.143609337287
2021-06-10,15677.184183210624
2021-06-11,16426.506436924265
2021-06-14,16644.848284358126
2021-06-15,17426.18108819413
2021-06-16,17595.08120064786
2021-06-17,17252.08271222659
2021-06-18,16291.640613500032
2021-06-21,14951.107433151708
2021-06-22,16968.22087288671
2021-06-23,16421.32793943958
2021-06-24,16237.586951666692
2021-06-25,18131.334555887257
2021-06-28,19682.578772492856
2021-06-29,20419.08442068249
2021-06-30,19014.46794522697
2021-07-01,18690.67163034241
2021-07-02,22314.303517887216
2021-07-06,25727.805399408157
2021-07-07,26164.150097276382
2021-07-08,27308.917485918857
2021-07-09,22411.290079120226
2021-07-12,29240.777058282227
2021-07-13,32033.774693441315
2021-07-14,32245.773715084255
2021-07-15,34302.92444215197
2021-07-16,32742.127809459267
2021-07-19,26058.270720577806
2021-07-20,16165.078648529383
2021-07-21,18191.673888539222
2021-07-22,20437.009028357123
2021-07-23,20096.990153877556
2021-07-26,23225.599099068233
2021-07-27,25640.318601668612
2021-07-28,22515.217069026374
2021-07-29,23125.87779304373
2021-07-30,25365.13948069005
2021-08-02,22508.71689712618
2021-08-03,21994.766313234803
2021-08-04,24913.70362617342
2021-08-05,23097.375139447646
2021-08-06,26499.938128637088
2021-08-09,27329.02397191209
2021-08-10,26557.11540973523
2021-08-11,28728.151531309897
2021-08-12,30614.70467323439
2021-08-13,33666.41781439586
2021-08-16,35532.04938153395
2021-08-17,36514.62231596599
2021-08-18,31647.8391780387
2021-08-19,26872.399117875884
2021-08-20,26824.051527555483
2021-08-23,32085.182851897738
2021-08-24,40994.227961799865
2021-08-25,41723.14679993231
2021-08-26,43066.22622270883
2021-08-27,43265.7647096196
2021-08-30,49250.81299990856
2021-08-31,16495.957174721516
2021-09-01,15225.83944242472
2021-09-02,15622.405792578906
2021-09-03,15887.612897092817
2021-09-07,14895.164293519563
2021-09-08,15110.345149513998
2021-09-09,16653.73203798646
2021-09-10,14295.391084570545
2021-09-13,14986.226950662547
2021-09-14,14518.087060392334
2021-09-15,15621.541351852256
2021-09-16,15280.020670831476
2021-09-17,15990.080418585845
2021-09-20,14098.527906458321
2021-09-21,15136.84805097732
2021-09-22,14235.398844375393
2021-09-23,13896.009935548871
2021-09-24,14281.357467230353
2021-09-27,14058.733527400025
2021-09-28,16665.220962334282
2021-09-29,16037.882877168064
2021-09-30,15223.129744946442
2021-10-01,15298.853443721096
2021-10-04,15575.137885338529
2021-10-05,16876.30314781602
2021-10-06,15567.283409971882
2021-10-07,16943.76479524735
2021-10-08,15588.915669263646
2021-10-11,14813.396639112905
2021-10-12,17177.276585501608
2021-10-13,17965.189323209044
2021-10-14,18098.34439984099
2021-10-15,21075.050941841117
2021-10-18,21676.805195402434
2021-10-19,23063.14579803498
2021-10-20,25659.676857732673
2021-10-21,27445.098435275926
2021-10-22,31886.891485474218
2021-10-25,29767.05502968551
2021-10-26,32382.062146500204
2021-10-27,33804.820967817235
2021-10-28,30310.744631433026
2021-10-29,33242.432094795106
2021-11-01,37693.46715667218
2021-11-02,37324.8727084316
2021-11-03,39685.131510584906
2021-11-04,41966.38778923713
2021-11-05,44835.83783127189
2021-11-08,47332.773266086726
2021-11-09,50888.9927022026
2021-11-10,47579.98552088768
2021-11-11,43226.74165481413
2021-11-12,46386.6383222981
2021-11-15,49913.11091588237
2021-11-16,52018.74161654842
2021-11-17,53596.62177523661
2021-11-18,53437.054906991536
2021-11-19,50865.95309793778
2021-11-22,55685.00146410538
2021-11-23,50702.10022157026
2021-11-24,18895.226548910665
2021-11-26,18065.00850317626
2021-11-29,18052.756364297737
2021-11-30,18864.97793705001
2021-12-01,17350.61366911754
2021-12-02,18152.357653196734
2021-12-03,18019.493797236646
2021-12-06,18819.241577811255
2021-12-07,18025.718674140648
2021-12-08,17904.612917233397
2021-12-09,18313.207837501872
2021-12-10,17578.261943428486
2021-12-13,18888.966314088975
2021-12-14,15888.01974116708
2021-12-15,16526.89106485221
2021-12-16,17894.904346914438
2021-12-17,16766.33074981677
2021-12-20,16381.302586941081
2021-12-21,17401.12027746792
2021-12-22,15636.567446750401
2021-12-23,17313.582400581952
2021-12-27,18600.03788960527
2021-12-28,22554.992042427315
2021-12-29,25205.19267523556
2021-12-30,25981.34048260462
2021-12-31,24519.31668825168
2022-01-03,23175.571546707415
2022-01-04,26813.54611969057
2022-01-05,29955.806614768513
2022-01-06,14962.678700596105
2022-01-07,17437.391540795412
2022-01-10,15896.94488029228
2022-01-11,16675.48933575015
2022-01-12,17167.76894111978
2022-01-13,17066.949060390467
2022-01-14,16433.458425659705
2022-01-18,16217.512150858001
2022-01-19,15593.250768281969
2022-01-20,15340.777137522065
2022-01-21,16046.86309868358
2022-01-24,18303.499345124557
2022-01-25,16792.887106104095
2022-01-26,17489.488516856225
2022-01-27,18544.044844510696
2022-01-28,19008.5419704526
2022-01-31,17056.267072825627
2022-02-01,14831.047632631891
2022-02-02,14838.935480836586
2022-02-03,14572.392058900386
2022-02-04,15283.642301488146
2022-02-07,15509.641099395336
2022-02-08,15825.30812501031
2022-02-09,14889.07367249383
2022-02-10,14548.14342044993
2022-02-11,15419.000310306374
2022-02-14,18422.30759013312
2022-02-15,19194.268892218883
2022-02-16,18014.705743097194
2022-02-17,18291.609172103184
2022-02-18,22385.50851544372
2022-02-22,18559.582881417802
2022-02-23,16957.69317110504
2022-02-24,16857.731502951778
2022-02-25,18888.899871381964
2022-02-28,19918.517610473238
2022-03-01,19991.02549247974
2022-03-02,18981.512342895647
2022-03-03,18560.1143674719
2022-03-04,19344.957902558202
2022-03-07,19194.185081444495
2022-03-08,18775.209258088653
2022-03-09,17551.91562650802
2022-03-10,19134.008413675307
2022-03-11,17553.297480761434
2022-03-14,18604.889923832194
2022-03-15,17423.031620681122
2022-03-16,16832.765063256513
2022-03-17,18118.594942574924
2022-03-18,19391.09682800375
2022-03-21,22629.996812834237
2022-03-22,22905.70002568458
2022-03-23,29782.65248291378
2022-03-24,22851.03910866086
2022-03-25,29838.760487738997
2022-03-28,33374.39335965959
2022-03-29,39135.8563036216
2022-03-30,50120.313308982346
2022-03-31,45715.71867682498
2022-04-01,39800.818061695885
2022-04-04,41948.409494003
2022-04-05,18815.017285852053
2022-04-06,16974.488481710992
2022-04-07,16504.02991610326
2022-04-08,17714.131913215097
2022-04-11,16022.754671612158
2022-04-12,16864.992235617472
2022-04-13,17293.12253076196
2022-04-14,17494.92145712931
2022-04-18,16912.835127693204
2022-04-19,16881.630655764777
2022-04-20,16293.978324387243
2022-04-21,16699.11564360696
2022-04-22,17668.068488526795
2022-04-25,18530.453796117265
2022-04-26,19330.37969844974
2022-04-27,18658.369950609893
2022-04-28,18380.63945537601
2022-04-29,17948.343917979906
2022-05-02,18975.611131931662
2022-05-03,21447.87394955605
2022-05-04,20513.424998549246
2022-05-05,19260.18931509442
2022-05-06,22313.809640461765
2022-05-09,23561.853166485576
2022-05-10,22371.53881529735
2022-05-11,24239.689067297455
2022-05-12,23349.985560756017
2022-05-13,23192.10329507933
2022-05-16,23629.701965292148
2022-05-17,23223.681370910737
2022-05-18,18365.539318642186
2022-05-19,18685.118579132417
2022-05-20,17208.369655189224
2022-05-23,18235.726868909253
2022-05-24,17301.783344101954
2022-05-25,18109.320079941805
2022-05-26,17962.364386121826
2022-05-27,20364.290356911304
2022-05-31,18886.443782952138
2022-06-01,19950.20322976587
2022-06-02,19131.954589606426
2022-06-03,20519.48263550904
2022-06-06,19181.539832827355
2022-06-07,18329.659554124384
2022-06-08,23047.22266957793
2022-06-09,18236.781559781146
2022-06-10,17084.876531775768
2022-06-13,16561.801782401617
2022-06-14,18881.92817584841
2022-06-15,19066.905039684952
2022-06-16,18049.663663508345
2022-06-17,19652.451314281785
2022-06-21,21675.773466810588
2022-06-22,18642.5398036276
2022-06-23,18644.390716656344
2022-06-24,18695.068938068474
2022-06-27,18424.408877089085
2022-06-28,17404.59602930308
2022-06-29,19705.104852009925
2022-06-30,21861.354868668626
2022-07-01,18490.981141531458
2022-07-05,19180.416684496824
2022-07-06,18393.46594217415
2022-07-07,21348.128151824352
2022-07-08,21348.17692198191
2022-07-11,20440.020456266848
2022-07-12,20427.682938631555
2022-07-13,18368.74860019822
2022-07-14,19055.541125331
2022-07-15,20074.87381615509
2022-07-18,20912.87658322876
2022-07-19,19419.661157569506
2022-07-20,23773.574377092842
2022-07-21,26686.691316430417
2022-07-22,29789.315459475107
2022-07-25,28926.98068885488
2022-07-26,28189.832166103643
2022-07-27,26270.40378913144
2022-07-28,33877.271458779134
2022-07-29,38535.57313210437
2022-08-01,42919.144672500355
2022-08-02,43131.40181704128
2022-08-03,44897.78352478479
2022-08-04,50338.13809679052
2022-08-05,46708.51674111042
2022-08-08,47211.27757717642
2022-08-09,51770.46719390918
2022-08-10,47572.61054383561
2022-08-11,50114.93990236784
2022-08-12,49474.353897097666
2022-08-15,19064.595016539897
2022-08-16,19540.2423397363
2022-08-17,19317.299955865325
2022-08-18,17220.033458484857
2022-08-19,18639.525749173794
2022-08-22,18790.072678885328
2022-08-23,17888.63254026745
2022-08-24,17135.064694808658
2022-08-25,16908.00610399867
2022-08-26,16888.82093979636
2022-08-29,17688.240425744705
2022-08-30,17219.28716275136
2022-08-31,19851.922211805242
2022-09-01,18159.030861641582
2022-09-02,17508.29847472167
2022-09-06,20570.645748626812
2022-09-07,20749.91775089756
2022-09-08,19235.64086708045
2022-09-09,18757.33967482837
2022-09-12,16319.477858066824
2022-09-13,16431.758623395566
2022-09-14,19472.290310521243
2022-09-15,20104.201368121063
2022-09-16,22347.39052246038
2022-09-19,22556.037485027482
2022-09-20,23834.80716353931
2022-09-21,23324.033507212556
2022-09-22,22937.471398029946
2022-09-23,24093.90769777346
2022-09-26,24841.79821823611
2022-09-27,22622.5159028632
2022-09-28,20634.7418721282
2022-09-29,22543.966013928428
2022-09-30,21251.70847442002
2022-10-03,20213.38850942759
2022-10-04,20420.76453633776
2022-10-05,24749.386190772762
2022-10-06,23639.65039646568
2022-10-07,21229.964707585095
2022-10-10,19766.513333850657
2022-10-11,20347.026638399602
2022-10-12,19094.098108903618
2022-10-13,19767.45816960458
2022-10-14,22310.46034889609
2022-10-17,19157.15846532337
2022-10-18,19966.66525287218
2022-10-19,22256.279160896753
2022-10-20,22638.891026419653
2022-10-21,21147.825582658428
2022-10-24,22414.737372474992
2022-10-25,27674.84679601426
2022-10-26,30376.794580588677
2022-10-27,30118.238411543814
2022-10-28,28005.126324996738
2022-10-31,38741.87326106972
2022-11-01,38818.633565627126
2022-11-02,38330.93303568991
2022-11-03,28949.22346563085
2022-11-04,24697.853447295896
2022-11-07,30714.59852254338
2022-11-08,20482.76918417614
2022-11-09,22077.548631365873
2022-11-10,20661.210412088953
2022-11-11,24786.07258785163
2022-11-14,28727.40903526514
2022-11-15,23785.89015576546
2022-11-16,27652.38347093059
2022-11-17,26100.024424184845
2022-11-18,23960.520163768713
2022-11-21,26237.470542643852
2022-11-22,25492.895784761997
2022-11-23,29428.667854965133
2022-11-25,33289.388917849625
2022-11-28,33348.038135856776
2022-11-29,26265.990260192386
2022-11-30,27293.54132314097
2022-12-01,37228.5988131801
2022-12-02,38374.261029284615
2022-12-05,38733.2998746204
2022-12-06,31126.512430627445
2022-12-07,26381.097450754056
2022-12-08,25981.532641814712
2022-12-09,30037.157962593978
2022-12-12,26520.516549894943
2022-12-13,33357.69475971336
2022-12-14,38188.1079238784
2022-12-15,37524.29870007025
2022-12-16,26304.06202163946
2022-12-19,22691.127752706143
2022-12-20,17218.510228154886
2022-12-21,20762.131314679544
2022-12-22,20622.986782516015
2022-12-23,21126.103272484408
2022-12-27,20760.149574485276
2022-12-28,20450.487372920357
2022-12-29,19528.788034382735
2022-12-30,19930.15622364087
2023-01-03,21835.300236143386
2023-01-04,20330.65098324962
2023-01-05,21447.950640721825
2023-01-06,19220.254495925885
2023-01-09,21236.35519842482
2023-01-10,20284.578067875238
2023-01-11,23865.346223757708
2023-01-12,25988.836005218298
2023-01-13,28644.121123570545
2023-01-17,30292.95536403538
2023-01-18,28764.857282057026
2023-01-19,24392.841002963494
2023-01-20,23630.303147867693
2023-01-23,28718.436097190977
2023-01-24,33389.664232131916
2023-01-25,34675.03306009536
2023-01-26,34093.669232692104
2023-01-27,40878.60471075361
2023-01-30,42770.212998285395
2023-01-31,40040.53111652649
2023-02-01,46085.8817280653
2023-02-02,52460.33053466276
2023-02-03,48164.42902785363
2023-02-06,21362.11508969233
2023-02-07,18766.062593818864
2023-02-08,20719.18078319782
2023-02-09,18917.256834032418
2023-02-10,19828.241743881736
2023-02-13,20467.910436200073
2023-02-14,19974.361257495148
2023-02-15,19835.60533903881
2023-02-16,19373.331940645996
2023-02-17,19962.50652314013
2023-02-21,21701.881429142377
2023-02-22,20372.71776131368
2023-02-23,19101.566492138325
2023-02-24,20712.594115014013
2023-02-27,19044.3015086852
2023-02-28,19175.1240083306
2023-03-01,20046.981383887796
2023-03-02,20562.645219914142
2023-03-03,19339.271864768292
2023-03-06,17756.95637778587
2023-03-07,18981.749910049308
2023-03-08,19688.803219214176
2023-03-09,16835.803609531406
2023-03-10,19656.31293517988
2023-03-13,21770.1938620783
2023-03-14,22043.41609769709
2023-03-15,21766.85358410983
2023-03-16,22036.408433504457
2023-03-17,22256.823406384894
2023-03-20,21914.90697102533
2023-03-21,21199.07235999551
2023-03-22,22177.45129057283
2023-03-23,20126.528392628305
2023-03-24,21174.05936290059
2023-03-27,22876.40147431029
2023-03-28,20150.1402326699
2023-03-29,21334.972386181307
2023-03-30,21981.988179091873
2023-03-31,22546.71207720088
2023-04-03,26801.404957189956
2023-04-04,28636.343639874027
2023-04-05,28326.25082339212
2023-04-06,25736.809435665466
2023-04-10,28111.03842340596
2023-04-11,26875.366845530734
2023-04-12,26796.215154481706
2023-04-13,26547.80764311981
2023-04-14,33261.67622572848
2023-04-17,31628.52888666556
2023-04-18,36232.082641899884
2023-04-19,34081.204721237045
2023-04-20,35161.530687995444
2023-04-21,34060.07713789724
2023-04-24,36826.08074193893
2023-04-25,36910.64422801085
2023-04-26,30155.668918314266
2023-04-27,27685.53888691376
2023-04-28,41047.50319219712
2023-05-01,45803.486183713605
2023-05-02,36246.6824769544
2023-05-03,24230.08680561544
2023-05-04,23010.881360273142
2023-05-05,21526.058139932706
2023-05-08,21185.019901557374
2023-05-09,19874.290554712352
2023-05-10,22023.830251507643
2023-05-11,19961.130155181592
2023-05-12,19777.714828342305
2023-05-15,20797.603399676085
2023-05-16,19876.205259475006
2023-05-17,19897.121115099173
2023-05-18,21611.511434026626
2023-05-19,22855.21959874813
2023-05-22,20528.14012568153
2023-05-23,20237.09775311094
2023-05-24,21800.36046057279
2023-05-25,23164.788155395978
2023-05-26,21609.281392994995
2023-05-30,22317.29720150527
2023-05-31,20963.076488040322
2023-06-01,23429.413843322993
2023-06-02,26288.01223834344
2023-06-05,31089.098841102015
2023-06-06,29699.110137513864
2023-06-07,31579.071668783316
2023-06-08,32190.138255929025
2023-06-09,35233.422185651616
2023-06-12,36343.90568435187
2023-06-13,38354.78458645927
2023-06-14,37902.163612736615
2023-06-15,20879.86589917844
2023-06-16,21529.19384431378
2023-06-20,20341.54190872323
2023-06-21,22191.036629370315
2023-06-22,19701.39680167212
2023-06-23,20458.470431682363
2023-06-26,22281.740560801732
2023-06-27,20854.540111480685
2023-06-28,20465.993275908528
2023-06-29,19140.335186156157
2023-06-30,19457.845789670235
2023-07-03,21787.315773628576
2023-07-05,21275.147110929112
2023-07-06,22616.975720858118
2023-07-07,22237.04640500715
2023-07-10,20302.7885376246
2023-07-11,21211.742245746376
2023-07-12,22785.077422888007
2023-07-13,24544.472898880154
2023-07-14,27456.20712351006
2023-07-17,26740.815963775618
2023-07-18,29680.634997023637
2023-07-19,32288.4471582925
2023-07-20,34217.6892942069
2023-07-21,30624.533279263236
2023-07-24,30969.88221748538
2023-07-25,34522.17317572372
2023-07-26,36980.4461868584
2023-07-27,38801.535799458725
2023-07-28,35595.12443138766
2023-07-31,22638.1662732394
2023-08-01,22221.76262904633
2023-08-02,21289.613095416636
2023-08-03,19419.164328268304
2023-08-04,21364.328162262147
2023-08-07,22665.68315592426
2023-08-08,22279.69800166604
2023-08-09,20790.95995473439
2023-08-10,20425.77499101819
2023-08-11,22132.641633782885
2023-08-14,20781.636304332114
2023-08-15,21219.14473364606
2023-08-16,23287.097049300522
2023-08-17,21913.410425760598
2023-08-18,21655.174243719415
2023-08-21,23886.064873836072
2023-08-22,23667.331467690252
2023-08-23,23609.987138472923
2023-08-24,23886.670735974516
2023-08-25,23569.33188267375
2023-08-28,24798.512572077252
2023-08-29,21059.566089401756
2023-08-30,21103.08559924425
2023-08-31,21931.727914668074
2023-09-01,23648.173435074834
2023-09-05,21354.1473236078
2023-09-06,22436.14929196767
2023-09-07,22143.034274516103
2023-09-08,24103.078763116995
2023-09-11,23130.720879577948
2023-09-12,21129.164943172895
2023-09-13,19620.36187399683
2023-09-14,20317.552097776395
2023-09-15,21860.99590580547
2023-09-18,22359.795246777696
2023-09-19,19192.757182487083
2023-09-20,20181.497862619963
2023-09-21,21869.186054430862
2023-09-22,21177.809656689722
2023-09-25,23393.96754556077
2023-09-26,24585.242582295974
2023-09-27,21968.97172853429
2023-09-28,22852.273594109673
2023-09-29,24102.097705461565
2023-10-02,26082.825344042863
2023-10-03,23351.82308427055
2023-10-04,24625.05600759449
2023-10-05,22848.008024621187
2023-10-06,23216.4069856162
2023-10-09,21925.434826774297
2023-10-10,21660.699802956442
2023-10-11,20569.3633389403
2023-10-12,22753.86968776113
2023-10-13,22110.515303924047
2023-10-16,23495.87631167336
2023-10-17,23115.86716896945
2023-10-18,23886.449661236828
2023-10-19,28060.024819409053
2023-10-20,25857.174793104554
2023-10-23,28309.038321536445
2023-10-24,22535.56613825701
2023-10-25,21937.492584823372
2023-10-26,20104.44062130379
2023-10-27,21021.263359647706
2023-10-30,22332.053207325254
2023-10-31,21010.206067073308
2023-11-01,20196.874609580274
2023-11-02,21924.67943714966
2023-11-03,23942.330929437652
2023-11-06,25326.335785303818
2023-11-07,25589.798197097258
2023-11-08,26653.17727688149
2023-11-09,28423.90859570879
2023-11-10,24077.170271357656
2023-11-13,27267.676653814477
2023-11-14,28019.586702609136
2023-11-15,33946.69619621516
2023-11-16,34507.77916330491
2023-11-17,34900.71890359652
2023-11-20,37443.7422728153
2023-11-21,35976.727756769935
2023-11-22,37994.211234181384
2023-11-24,38737.499072450184
2023-11-27,36005.4561978001
2023-11-28,38421.884608453016
2023-11-29,37983.790661133746
2023-11-30,38279.41675886606
2023-12-01,38598.59631890613
2023-12-04,38515.69969670139
2023-12-05,37459.050740118124
2023-12-06,24085.970440890444
2023-12-07,21767.334494387054
2023-12-08,22166.51709856721
2023-12-11,23562.44154317005
2023-12-12,22902.736378366855
2023-12-13,25264.873155466878
2023-12-14,26044.4213467048
2023-12-15,26775.97006877297
2023-12-18,25797.820839441723
2023-12-19,27434.837676967556
2023-12-20,30934.047507258303
2023-12-21,26092.633575016655
2023-12-22,28252.172674768724
2023-12-26,29784.264243180918
2023-12-27,30610.42238184218
2023-12-28,30185.131663844008
2023-12-29,32402.369822473593
2024-01-02,32687.775741179517
2024-01-03,29677.34925239726
2024-01-04,28002.52306062013
2024-01-05,26000.917920385058
2024-01-08,28509.90875492044
2024-01-09,32957.466243992225
2024-01-10,32619.046841586085
2024-01-11,36012.53150579785
2024-01-12,36331.44093676506
2024-01-16,34816.47562996604
2024-01-17,36822.090473113814
2024-01-18,35633.4088491066
2024-01-19,37446.65275405177
2024-01-22,22275.59411824907
2024-01-23,22259.032454559616
2024-01-24,23442.22030168361
2024-01-25,21274.747174376822
2024-01-26,23299.946318485017
2024-01-29,20760.23399418405
2024-01-30,24569.8082931849
2024-01-31,24574.97244370857
2024-02-01,23828.456618751192
2024-02-02,23780.664783625933
2024-02-05,23491.523325729388
2024-02-06,24212.40775534394
2024-02-07,27128.378935391356
2024-02-08,25018.933420869715
2024-02-09,29556.036520790258
2024-02-12,29130.554096927102
2024-02-13,27749.802163920758
2024-02-14,23738.1769834556
2024-02-15,27577.18692523077
2024-02-16,32434.240541213247
2024-02-20,28140.68312349323
2024-02-21,27414.005828242643
2024-02-22,28142.42588766586
2024-02-23,36089.285203786196
2024-02-26,38479.36505255195
2024-02-27,37226.45583692416
2024-02-28,41467.10923950267
2024-02-29,40093.68186165622
2024-03-01,39892.50429149927
2024-03-04,42180.026218385115
2024-03-05,26502.339058010664
2024-03-06,24275.968598941712
2024-03-07,24559.82952643931
2024-03-08,22937.319568668616
2024-03-11,25264.596649860705
2024-03-12,23959.587842475783
2024-03-13,23022.633972835385
2024-03-14,23618.379302853213
2024-03-15,22077.758466106676
2024-03-18,22937.876822237224
2024-03-19,22790.6557997526
2024-03-20,23229.57949016824
2024-03-21,23395.201425356754
2024-03-22,27509.40135057952
2024-03-25,24309.019823589155
2024-03-26,28200.78550035345
2024-03-27,26381.286851730205
2024-03-28,28835.53992394072
2024-04-01,26204.58910679365
2024-04-02,26906.995558102022
2024-04-03,27275.17009601875
2024-04-04,24238.25028293371
2024-04-05,24889.31207119216
2024-04-08,26985.307816918637
2024-04-09,25033.349906552023
2024-04-10,26559.580112140175
2024-04-11,23976.38030650243
2024-04-12,25452.711829093463
2024-04-15,23420.30809842122
2024-04-16,24521.5812663358
2024-04-17,22693.987923651985
2024-04-18,21753.24909226553
2024-04-19,28560.777997160363
2024-04-22,24918.92212589032
2024-04-23,26487.90192067545
2024-04-24,24961.970518789516
2024-04-25,23479.566711978267
2024-04-26,27201.79597027989
2024-04-29,24038.303842645084
2024-04-30,23632.34711111242
2024-05-01,24727.312974223412
2024-05-02,22930.14090269874
2024-05-03,26292.484802947376
2024-05-06,25739.526449919158
2024-05-07,28402.23224227078
2024-05-08,26633.385984093955
2024-05-09,27433.877481240314
2024-05-10,30815.914980622474
2024-05-13,29674.744490664354
2024-05-14,29382.577690346552
2024-05-15,32286.81544954141
2024-05-16,38478.512158690435
2024-05-17,37656.99227208104
2024-05-20,40824.217964301795
2024-05-21,39240.24110558913
2024-05-22,44183.032524221526
2024-05-23,40497.33965871261
2024-05-24,40574.399164394024
2024-05-28,45640.86980665953
2024-05-29,42876.14900356192
2024-05-30,23431.370052819762
2024-05-31,27005.842637397185
2024-06-03,24394.226405695328
2024-06-04,25900.574995814688
2024-06-05,28176.419037203257
2024-06-06,25967.245887512407
2024-06-07,25347.37039395181
2024-06-10,25726.00047411486
2024-06-11,26926.43872248438
2024-06-12,24920.41764252506
2024-06-13,28244.8086580121
2024-06-14,30358.214430472806
2024-06-17,27081.187023326955
2024-06-18,32504.507918573734
2024-06-20,31681.306729196087
2024-06-21,33448.927767150286
2024-06-24,32837.53589034047
2024-06-25,30395.81880432081
2024-06-26,32168.528918425876
2024-06-27,33320.413347506445
2024-06-28,34112.521818766785
2024-07-01,35026.0907246673
2024-07-02,34376.102847564405
2024-07-03,39245.02498549582
2024-07-05,40113.90676292595
2024-07-08,42098.871738422444
2024-07-09,45399.433248952664
2024-07-10,47613.80879200701
2024-07-11,44136.84092689099
2024-07-12,46782.581190959994
2024-07-15,24814.951867174685
2024-07-16,26532.44216534483
2024-07-17,25864.394249703575
2024-07-18,23310.2087636148
2024-07-19,25806.86261719407
2024-07-22,26854.809544954278
2024-07-23,25573.818625337866
2024-07-24,26957.4205237549
2024-07-25,30192.430796797536
2024-07-26,27460.74241907024
2024-07-29,29632.310502985187
2024-07-30,26784.418971322197
2024-07-31,30772.653043748847
2024-08-01,29814.15859749322
2024-08-02,30451.63141567299
2024-08-05,31383.591688547996
2024-08-06,36043.42179852428
2024-08-07,33234.77192812087
2024-08-08,33426.22728125597
2024-08-09,30902.500395475607
2024-08-12,32169.902560719125
2024-08-13,29706.023837164197
2024-08-14,27020.742080604992
2024-08-15,30143.14285365213
2024-08-16,27512.33690595431
2024-08-19,27044.4757699346
2024-08-20,25544.30174932999
2024-08-21,26267.029904519663
2024-08-22,26747.336788568915
2024-08-23,23981.13979270066
2024-08-26,26501.67414912209
2024-08-27,25517.969987361288
2024-08-28,29040.844818966394
2024-08-29,25444.208675110498
2024-08-30,24395.12036814814
2024-09-03,27029.495966262235
2024-09-04,33176.015150869025
2024-09-05,25981.12528400565
2024-09-06,25814.95723237007
2024-09-09,28663.240880269106
2024-09-10,27091.503784479486
2024-09-11,29189.276704492004
2024-09-12,25564.975523657584
2024-09-13,26494.127777617698
2024-09-16,27455.50780316476
2024-09-17,30110.173688166826
2024-09-18,26941.219602938545
2024-09-19,27063.823547374766
2024-09-20,27384.705272982756
2024-09-23,25300.852120698404
2024-09-24,27712.642850474076
2024-09-25,28520.848409161485
2024-09-26,26345.69852984586
2024-09-27,25772.33574452093
2024-09-30,29072.74070469572
2024-10-01,29584.734006443392
2024-10-02,25789.987197324033
2024-10-03,33113.817506139894
2024-10-04,29654.90207262277
2024-10-07,30284.102686309347
2024-10-08,30084.010442399514
2024-10-09,26232.24915097992
2024-10-10,27795.329763996982
2024-10-11,28464.2399292556
2024-10-14,31132.750945471358
2024-10-15,30026.977977436785
2024-10-16,29647.355371664
2024-10-17,24467.52471982971
2024-10-18,29688.836929659636
2024-10-21,28429.162064241187
2024-10-22,27226.4892880318
2024-10-23,27292.66944876006
2024-10-24,26748.950522465206
2024-10-25,26867.236996476313
2024-10-28,24729.510100520427
2024-10-29,27549.97438532566
2024-10-30,26327.41130526816
2024-10-31,26613.08140315386
2024-11-01,28228.27638319091
2024-11-04,24322.273529222606
2024-11-05,25716.340483263393
2024-11-06,27669.927266539136
2024-11-07,34229.50585887945
2024-11-08,39988.006197580704
2024-11-11,44012.71392739809
2024-11-12,43888.232293784036
2024-11-13,43326.20928993348
2024-11-14,46734.14395126559
2024-11-15,44662.81425701272
2024-11-18,37097.86811512335
2024-11-19,24666.862585150637
2024-11-20,27135.026302457572
2024-11-21,25654.01472987141
2024-11-22,26574.31852889747
2024-11-25,29334.603151666823
2024-11-26,26066.82539544141
2024-11-27,27506.8972591746
2024-11-29,26793.912988552474
2024-12-02,27621.04411905215
2024-12-03,27423.13768552597
2024-12-04,29809.981318318878
2024-12-05,30616.7464432977
2024-12-06,27543.75928569465
2024-12-09,31970.88327335307
2024-12-10,28575.577752251727
2024-12-11,27501.419037828735
2024-12-12,28693.294047042225
2024-12-13,31408.999845933078
2024-12-16,32325.15006044395
2024-12-17,29673.095966954676
2024-12-18,29709.766524338505
2024-12-19,28305.180675349555
2024-12-20,25755.067226669733
2024-12-23,27479.55192372206
2024-12-24,28370.347077460734
2024-12-26,30532.623638417823
2024-12-27,31996.82659336165
2024-12-30,27913.696625945086
