,VaR_MC,mean_pnl_sim,std_pnl_sim
2009-01-12,23690.124640293012,548.2152308136804,10938.539396344388
2009-01-13,22711.603052097777,131.63393088058982,10232.529508385249
2009-01-14,23360.030241184457,61.81463340290848,10217.674952020277
2009-01-15,23371.2349697886,49.97000525311783,9999.065255010533
2009-01-16,23501.4123686214,-172.7129802972808,9963.464740627958
2009-01-20,23645.675407456147,-123.26419453875029,10269.421946279957
2009-01-21,23091.12264832031,39.142080249784854,9860.421416297146
2009-01-22,23351.606898982944,-166.41950837471387,10084.72702279804
2009-01-23,23276.403735106873,7.676643667466496,10036.678659789342
2009-01-26,22937.14295911028,125.7874787313526,10366.69434286045
2009-01-27,23771.03324364061,209.12143450887027,10442.488020731798
2009-01-28,23580.88187659795,-3.150662086486729,10406.10782791048
2009-01-29,24034.88482925247,219.5728567277328,10640.89397372101
2009-01-30,23704.72738430774,114.96100087002414,10295.021757814307
2009-02-02,23532.35218356038,99.93428502897345,10218.423003982336
2009-02-03,23574.792158465585,11.862724683469429,10146.904517671685
2009-02-04,23804.518326215664,107.9470216467611,10254.81454209937
2009-02-05,23740.45101562544,81.7893872337984,10281.058408724484
2009-02-06,24407.24708485478,0.8822719402954564,10538.059808548236
2009-02-09,24280.42539607569,94.08274192322497,10651.304540680449
2009-02-10,24496.148927107824,-25.02183502210793,10598.163476335916
2009-02-11,23693.342496365523,-49.6511852704622,10328.025152489352
2009-02-12,23849.132810277955,-38.464934874663335,10402.366254477338
2009-02-13,24092.56030783449,198.43238981770875,10618.42171088442
2009-02-17,23727.9319777111,-103.85649834541893,10371.654468650362
2009-02-18,23957.92758646556,60.041769950818804,10304.917648322182
2009-02-19,24109.514551735803,24.961121869378065,10447.982646250002
2009-02-20,22924.002428769698,256.8227004458235,10193.365804222332
2009-02-23,23568.372090728717,253.06519577618465,10462.568377208789
2009-02-24,23704.18630637147,419.6004953187204,10493.210487680588
2009-02-25,23003.45551327727,372.05684650714,10182.67772343011
2009-02-26,25654.282533315767,84.15867281876808,10688.871376678711
2009-02-27,23859.610907483362,173.83402625284864,10419.68025606674
2009-03-02,23864.34181921506,224.78795448424475,10228.18227282274
2009-03-03,23328.23365069716,144.53904674739096,10083.6545243409
2009-03-04,22041.633410626768,272.0433832304497,9905.029529152542
2009-03-05,23132.527650564825,314.1131899246344,10066.14959524737
2009-03-06,22681.255009049113,63.83825936399647,10047.775304609502
2009-03-09,23121.653615580253,209.59432346082767,10212.694902369994
2009-03-10,22931.848071492677,222.6464711794191,9959.668997087052
2009-03-11,22534.097808873204,198.8143443283413,10009.08493346112
2009-03-12,23291.731329952137,-65.53521983991743,10061.313639047657
2009-03-13,23574.773224512894,206.65174128868088,10477.380319827607
2009-03-16,24761.791634842888,117.2399124944643,10731.123787012693
2009-03-17,24166.354481035407,11.828373168912826,10448.004288602393
2009-03-18,24746.365086378246,-124.4636673370292,10635.728190960504
2009-03-19,25961.861556194817,39.75442167676526,11298.326075693654
2009-03-20,25981.733148737665,47.218681441379196,11355.267154837886
2009-03-23,24380.626779873746,199.69256316621437,10948.44517038458
2009-03-24,26525.417600173823,185.30185537689127,11662.873462357486
2009-03-25,26395.523970115384,190.38629108368963,11539.529474542192
2009-03-26,26061.798719616483,251.4138606527121,11653.55661116014
2009-03-27,26895.65153846867,172.7708072611554,11889.458355429964
2009-03-30,26919.26350932837,153.01367943627363,11747.225043635752
2009-03-31,25208.882563039027,27.72548140339651,11172.674921573072
2009-04-01,25742.173034889565,250.9483108373587,11447.096330363844
2009-04-02,26219.917790920044,198.84152160333545,11723.079959478968
2009-04-03,27493.193829074553,227.46706916018877,12108.56465097414
2009-04-06,28103.848670797524,264.3825218758181,12264.09651588297
2009-04-07,27514.230099253826,131.42946065372325,12083.237345368967
2009-04-08,26884.630781568252,43.443274670899285,11750.782257357652
2009-04-09,24684.34883668544,-8.461021130558743,10495.306739415202
2009-04-13,24723.47720129734,248.5873829347714,10846.853232271507
2009-04-14,25820.5350402006,115.6909547364345,11019.897226954059
2009-04-15,24521.05469930309,111.0833424351323,10850.287386547989
2009-04-16,24322.749847916,108.53224561493515,10933.985689241239
2009-04-17,24707.1691531134,152.66584950837893,11077.832149093827
2009-04-20,25229.283972032783,57.51636353153095,11090.043755837058
2009-04-21,24267.926580493873,113.1389412551219,10681.035016980706
2009-04-22,24483.62273677119,274.1764623196037,10953.592141347597
2009-04-23,24070.195228260494,207.6233717310767,10863.950681543363
2009-04-24,24953.459479040303,243.01960128768008,11101.390762663448
2009-04-27,25868.792407553523,262.8689645574976,11431.981106649999
2009-04-28,25679.43230968211,15.834672364025584,11158.095670617202
2009-04-29,25557.49133897685,11.452409320085653,10913.66457532464
2009-04-30,26226.538731217657,-32.52309168728846,11332.798587431682
2009-05-01,25236.823771631207,216.47391194214438,11427.457129866394
2009-05-04,25608.89811326618,166.3949613039745,11388.662383128027
2009-05-05,27960.912554586626,-83.96111998220859,12138.378612382985
2009-05-06,27921.370783580194,265.1564037883286,12114.462716183665
2009-05-07,28064.46183568533,42.92994032099734,12429.760788544017
2009-05-08,27648.62365399649,217.35505211588261,12221.08541109411
2009-05-11,27741.089509932397,299.53002819404975,12495.977827275698
2009-05-12,28854.9243669162,133.0740462160592,12501.958390010146
2009-05-13,28690.92738329216,76.40779617645816,12496.840904943048
2009-05-14,27947.893152795303,-142.08070131803365,12399.139212154041
2009-05-15,28110.703314506813,273.85251417218916,12462.425622934836
2009-05-18,28770.62624627928,57.41441932384921,12600.22249791616
2009-05-19,29273.18750893008,24.55836439297523,12707.324331580767
2009-05-20,28752.183161323996,87.17670485066537,12407.640318612604
2009-05-21,29373.342217216898,-12.783832510254392,12814.27609217405
2009-05-22,25441.678211318413,163.9827979458974,11169.311252749452
2009-05-26,25425.933826291242,190.87465338540923,11030.821448301735
2009-05-27,25788.62066380286,145.3103132339938,11318.334261330196
2009-05-28,24973.660065297106,288.68894653220696,10942.970885380428
2009-05-29,24820.936596429103,216.6239257811699,11120.055624661072
2009-06-01,25335.075365355973,396.7881469893827,11667.5592450645
2009-06-02,26912.578363087494,337.6522996259233,12009.611025916985
2009-06-03,27506.833722042673,454.92054478015916,12117.184895367705
2009-06-04,25965.74070399396,211.42365769545478,11692.004213542252
2009-06-05,26575.349227443206,337.1829546087394,12090.749063230578
2009-06-08,26432.59239887798,520.4416617316577,11947.295662614173
2009-06-09,26559.373354494328,402.27439518778715,11972.113252018218
2009-06-10,26605.513156919107,319.54308185456284,12057.836621363722
2009-06-11,26974.873246626445,443.3424571645407,12070.466088669436
2009-06-12,27348.072319128947,244.30249492046087,12296.227623345054
2009-06-15,26630.75271359986,403.5042337861416,12009.216227728268
2009-06-16,26423.41257098876,268.2994632725661,11623.66491853024
2009-06-17,25361.165170472585,455.4974842342766,11402.092799061125
2009-06-18,25981.43040950033,367.3010807712676,11457.455057016121
2009-06-19,26952.82327049109,365.6634918854868,11766.443853439165
2009-06-22,26258.94461025677,332.86375433458403,11705.854771067541
2009-06-23,24811.142247475815,579.2243161254768,11109.816328163177
2009-06-24,24499.039015216193,431.0298134955116,11074.85598214008
2009-06-25,25068.873506506297,524.5011294407436,11402.291400286362
2009-06-26,26385.79344982228,588.6843466023743,12038.640434697467
2009-06-29,26926.36433510017,463.6181228387219,12332.917249281096
2009-06-30,27875.08222846449,466.6656324994961,12266.542005443815
2009-07-01,27106.389740533057,361.7017748334492,12271.064823177676
2009-07-02,28044.487882690635,216.7735919469798,12569.529495994791
2009-07-06,24861.993925617004,927.2216368217577,11557.795719098718
2009-07-07,24569.88811351561,401.04139772055595,10891.463003129255
2009-07-08,24113.336889699676,343.90819488178033,10617.734800327218
2009-07-09,24097.97476573721,122.74060747314344,10517.54888538633
2009-07-10,24489.774402156658,370.42521852917156,10726.039160849577
2009-07-13,24340.731778383146,257.5384594551159,10626.70795937611
2009-07-14,24539.284700474025,331.5570996499696,10891.102744206553
2009-07-15,24703.59621571109,293.9877796144054,11110.46572883955
2009-07-16,26972.602862215936,320.8040539073807,11686.080484443772
2009-07-17,25907.64768416894,394.3089970507057,11738.468340305819
2009-07-20,26555.297299891812,299.6442939525869,12008.84281143544
2009-07-21,27098.034997797804,475.94171613244356,12147.128702647671
2009-07-22,26934.123369568028,487.31000126424675,12211.484161439897
2009-07-23,28087.14336675026,626.831905442426,12390.639341893577
2009-07-24,29018.56875904877,195.25405015529716,12733.24461824973
2009-07-27,29056.843663519412,380.4176805963398,12701.342335183002
2009-07-28,28740.507195638827,476.7511522534393,12778.890444922465
2009-07-29,28497.952686223533,-39.170900372977115,12676.735742585399
2009-07-30,28226.00422805316,350.09926688076916,12567.041967014055
2009-07-31,29892.389091132896,293.1938251555437,12778.594511220223
2009-08-03,29068.39238049675,146.51753942354696,12992.890311223007
2009-08-04,30120.65266653758,109.61373506579224,13209.162113877377
2009-08-05,30036.511127545742,250.28399676857214,13321.85253940423
2009-08-06,29686.38193817235,236.75605704666592,12998.969848770172
2009-08-07,30038.11305996501,115.93022432977247,13111.680365177075
2009-08-10,30717.286731211534,162.34432038281273,13456.892392404323
2009-08-11,29545.063651097324,344.379934401293,13235.088232492688
2009-08-12,29524.68187927592,286.3257481997175,13165.108308637282
2009-08-13,30287.827833486936,435.2292530036616,13284.750916180672
2009-08-14,30781.64798480303,317.7436299569578,13319.156043307436
2009-08-17,29443.18768851332,348.2949342461473,13165.571148069468
2009-08-18,25781.26107039539,261.3355088642233,11267.717039686266
2009-08-19,25332.196947930108,339.277664729367,11134.104175636228
2009-08-20,25994.259487582076,268.69613571505073,11413.869190139636
2009-08-21,26529.95870678155,292.11954316425647,11874.535120871818
2009-08-24,28147.237404669853,449.97956669121294,12262.296113064647
2009-08-25,27465.3288468275,563.5871881232218,12236.782841455342
2009-08-26,27117.614092563672,427.0129449446842,12285.454262328685
2009-08-27,27640.519763304255,342.0988766082136,12228.805742961662
2009-08-28,26728.027284701253,521.2951872298411,12459.601985701955
2009-08-31,27769.875054803368,534.5269117313353,12408.813873727795
2009-09-01,27010.51627719007,290.1488952181741,12148.296856491297
2009-09-02,26182.74574507592,454.2477514125147,11682.174900311276
2009-09-03,26609.091594002635,452.17142848159426,11720.724831774842
2009-09-04,26987.436390401956,472.35596838762547,12042.431033836792
2009-09-08,27903.12476631338,380.0888037171309,12487.462986765098
2009-09-09,28661.638969477688,446.886628752,12707.42676507581
2009-09-10,29039.562015876407,669.2582752249403,13007.43629890162
2009-09-11,29729.400519606446,378.6998526145578,13370.52645553429
2009-09-14,30000.612466221522,407.660683047856,13485.75526649298
2009-09-15,29980.44134053031,463.83324681938814,13460.479599792143
2009-09-16,29844.997511377653,572.217170978093,13634.489071748234
2009-09-17,30979.137812012646,553.2149852907502,13949.232847490626
2009-09-18,31453.932283076192,364.73483372195193,13856.611716181264
2009-09-21,30336.59750995111,496.17903313709274,13697.037568254696
2009-09-22,30443.590013348003,625.8928018903521,13899.174091735578
2009-09-23,32176.15274407942,411.4172301613369,14082.512781829344
2009-09-24,32016.149992964118,554.9442972984316,14109.685130653681
2009-09-25,31475.33773511288,151.07316827384065,13731.541849041338
2009-09-28,31751.140011435928,467.3198106064937,14055.96101686559
2009-09-29,31264.631141664075,449.41062288364685,13845.242021300028
2009-09-30,25846.602066719588,537.2306874183431,11799.045115511628
2009-10-01,26235.648199570103,417.4094781626571,11799.465581073619
2009-10-02,25321.23075237782,370.15106968594614,11411.857570756054
2009-10-05,25163.594439154294,395.17782494116693,11247.197300845382
2009-10-06,25882.148770454874,334.81553915746787,11645.092233599957
2009-10-07,26828.361340545274,492.7906657216968,12009.547045651729
2009-10-08,26337.432810361373,907.587435727403,12116.565539086589
2009-10-09,28052.658893130265,582.0100919101499,12380.639282500688
2009-10-12,27447.944429728646,716.7358019082816,12532.12650247382
2009-10-13,27583.51784997514,787.0594288642031,12587.735503856966
2009-10-14,27531.653092738317,700.8106047190633,12565.333799675276
2009-10-15,28500.43328207836,739.587607071577,12948.361959350586
2009-10-16,28557.24389941514,752.0154010123865,13104.192574502782
2009-10-19,28027.06659000273,720.2220678324026,13009.657309344055
2009-10-20,27887.62429074756,722.9129433152003,13158.099307423257
2009-10-21,29538.763714806057,509.6057166481113,13275.349594138672
2009-10-22,28471.663882445682,792.7344597409568,12934.12585343148
2009-10-23,29381.414547435554,465.9583041648419,13244.034546934423
2009-10-26,28077.678517837423,586.6601032027138,12834.04963651378
2009-10-27,27804.88401333998,655.1726606662025,12244.552107949672
2009-10-28,27276.673472583298,683.7657168998419,12316.220580290605
2009-10-29,26046.74275861077,319.3674625537945,11633.398464765924
2009-10-30,27120.63588979062,775.609600709288,12405.638833497364
2009-11-02,25652.089443098743,491.3534401278712,11609.909804597879
2009-11-03,27781.621455549808,413.35562173180546,11874.817890218346
2009-11-04,26252.878617224964,627.7678591381322,12050.187893757235
2009-11-05,26904.498720987114,500.77595312893015,12205.272490462668
2009-11-06,27904.156882670344,478.9206393632235,12842.164700321906
2009-11-09,28411.58200613657,877.6380646021644,13262.243252004222
2009-11-10,31156.556899322215,997.7090036097653,14369.410960319743
2009-11-11,27911.67129450962,772.5449602549792,12520.722816553392
2009-11-12,27595.62370197603,738.6752690109458,12763.720020154837
2009-11-13,27510.378295500806,715.786124171683,12543.691849233172
2009-11-16,27766.46557204313,970.301980295395,12682.743175615315
2009-11-17,29249.050478035424,724.9858219113943,13102.598512378658
2009-11-18,29803.51674240717,579.0729082633609,13144.517595840493
2009-11-19,29234.83255926321,788.2056268543826,13254.397959616854
2009-11-20,29041.447084349424,817.1433812092896,13010.783383771413
2009-11-23,27941.191126036847,784.0006647687551,12802.51391811061
2009-11-24,29659.727095302394,638.8129695121795,13261.677601812165
2009-11-25,29910.424830074724,812.1991109187735,13510.251271671339
2009-11-27,29416.111649593942,895.4607667279244,13628.099509246393
2009-11-30,29854.99396677975,515.5717720002838,13115.276915167362
2009-12-01,28625.98291994129,888.3694858777991,13153.898766450091
2009-12-02,30945.980458121037,747.6194384881437,13700.703589455035
2009-12-03,30210.337211415674,860.583978628391,13917.203678472262
2009-12-04,30484.63198860862,555.8479605531544,13428.81914550111
2009-12-07,29964.22777217922,804.6895550915731,13433.657801878242
2009-12-08,28632.811952775995,978.540366038276,13557.213911196517
2009-12-09,27895.189650715696,780.2284394157759,12938.997534878561
2009-12-10,28667.974677456412,796.9037319775106,12947.687127046558
2009-12-11,28551.697868131578,699.4498012068298,13217.774334943899
2009-12-14,29326.718406514647,527.2228842462705,13337.361718805272
2009-12-15,29722.255305440704,1078.4357719147556,13808.298940904711
2009-12-16,29454.244029420974,688.1186660240619,13628.15319241191
2009-12-17,29346.295494737955,899.3461439329154,13616.789880646835
2009-12-18,27529.246239264812,960.6262601081647,13000.828808317427
2009-12-21,28780.219485362242,873.3680249397881,13351.54090435184
2009-12-22,28838.244381426237,832.8765317439845,13730.271369344786
2009-12-23,29993.709925058087,809.9947788577949,14087.61193172914
2009-12-24,28398.954568036243,638.1797872135859,12569.269284743543
2009-12-28,28203.62760345508,568.572893803933,12710.831238691668
2009-12-29,29052.141781828068,584.7759015865934,12934.0271004013
2009-12-30,27974.382921168784,909.0278062872812,12650.08865482002
2009-12-31,28421.636977687092,791.1679523563033,12795.103053392393
2010-01-04,28139.39078288116,712.3179561550246,12658.403496365096
2010-01-05,29099.663201327694,692.0222323959802,13138.916930172627
2010-01-06,29079.337318816077,822.8517516827625,13122.990521102574
2010-01-07,29687.601024283776,904.334605281889,13345.470522343596
2010-01-08,29717.453072653447,802.2373486224902,13466.401865995937
2010-01-11,30006.475362729856,691.0066082744249,13669.468852085629
2010-01-12,30941.38564615508,1019.4344575230045,14084.858628865466
2010-01-13,29141.319292226905,944.7469663975899,13515.676652088523
2010-01-14,29485.436775032667,831.6437350392856,13687.169792495924
2010-01-15,30205.637105180624,1047.0833446454933,13921.029801066514
2010-01-19,29053.207204220627,1088.8408162769358,13554.054900961004
2010-01-20,29618.88241212534,784.9123449273127,13828.084459950804
2010-01-21,29546.744805322312,875.8127353323803,13552.781951953724
2010-01-22,27163.136898855704,943.6471694791738,12688.858891826574
2010-01-25,26467.16165033925,593.9561429266356,11981.544559253474
2010-01-26,26099.69813246952,787.4401152310978,12101.334926540298
2010-01-27,25974.775688912287,859.2658152242024,11793.463350704722
2010-01-28,26753.03584516883,499.70682609292305,12010.038052905064
2010-01-29,25610.67214660392,500.3950993295146,11607.810252015053
2010-02-01,25548.066139092098,318.7590138580597,11273.969853040142
2010-02-02,26455.35050863609,655.5630677366072,11771.364574159576
2010-02-03,26216.496647234566,892.7914908476665,12129.521291863664
2010-02-04,26670.479791311336,915.9419883179844,11949.977775428755
2010-02-05,24766.4324561427,564.0163503969517,11017.32410892666
2010-02-08,25385.923653311573,414.27994591000976,11133.45894522478
2010-02-09,27597.872195008673,489.2181231213264,12195.753382765695
2010-02-10,27814.877380846614,613.3520177464919,12568.150021852622
2010-02-11,27755.52254561431,443.94584803646813,12492.49726777353
2010-02-12,29117.805065472687,620.9182242322361,12981.233421597517
2010-02-16,29051.835926183103,390.03318381033597,12934.510871902421
2010-02-17,29357.57287032802,407.1816796604821,13389.913499138323
2010-02-18,29692.78943381707,438.36220932783095,13388.49499446341
2010-02-19,30582.69975519249,649.3879958655398,13826.294056736499
2010-02-22,31581.89028556384,697.2596675557053,13900.45295072738
2010-02-23,30833.16055687093,535.2425320944088,13782.578766685809
2010-02-24,30069.211423436256,563.9340509751161,13509.461121388735
2010-02-25,30231.866246967955,691.7710773197293,13778.852748007776
2010-02-26,30917.319282730376,573.1975899604241,13835.442147958358
2010-03-01,31346.726485485942,695.163477941659,14121.724056217688
2010-03-02,31785.344123761042,596.2296879616823,14400.798046519147
2010-03-03,32960.90239442742,423.09097148918175,14569.25692312091
2010-03-04,31791.96553754654,655.823632612423,14718.118850564075
2010-03-05,31990.305643582797,596.8939098893328,14634.055642405243
2010-03-08,32964.97024412977,507.0872189118944,14936.472066158974
2010-03-09,32851.771955483506,520.94382929213,14812.158950810457
2010-03-10,33570.99479960287,364.6027592514255,14866.917473618196
2010-03-11,33503.204668552724,385.39266224840037,14777.36958891096
2010-03-12,33779.918651016036,680.4856713691761,14974.014078155717
2010-03-15,33368.42298713572,546.116278879242,14892.0165593814
2010-03-16,33210.59811976907,483.71787810547625,14873.770895569987
2010-03-17,34298.7863388713,415.64064729153074,15072.563366284594
2010-03-18,35851.028793222446,265.8420794110241,15362.37633391673
2010-03-19,35166.20321640437,556.7439070533308,15059.607896337842
2010-03-22,34368.97106469742,189.60695701051097,15014.829013988105
2010-03-23,32816.85690068209,596.5668424114709,14836.444512913557
2010-03-24,28174.757366797796,1023.1237183156451,12757.148472563431
2010-03-25,26620.95077488871,889.5974680092909,12322.603493134488
2010-03-26,27495.6848910218,782.3349335127019,12367.218060374626
2010-03-29,27080.73373806693,897.2951736438732,12492.994621252406
2010-03-30,27610.275664151097,811.916422309483,12723.114192880415
2010-03-31,28026.68124612122,745.6215412056567,12829.700699709676
2010-04-01,27613.35026801659,598.5085265548282,12681.433742269428
2010-04-05,28065.212009361057,818.3162754958004,13078.990319613931
2010-04-06,29397.896031580334,751.9955929590801,13186.743555133247
2010-04-07,29861.878908120427,832.571468813907,13466.376686635438
2010-04-08,28701.678446454836,995.344155437219,13325.157349574858
2010-04-09,28758.78291954553,796.719516895726,13309.33271564642
2010-04-12,29684.884643173293,966.6769267567772,13794.756001540822
2010-04-13,30146.99897534113,649.66942518195,13831.662400712112
2010-04-14,29732.046131246167,1137.8436823089216,13866.183168610334
2010-04-15,30863.18901966433,943.4669830803061,14329.225883762407
2010-04-16,31502.19549388903,868.4613438766994,14572.82215071541
2010-04-19,29597.620255539463,879.9855479531674,13519.610337928636
2010-04-20,30158.986701531736,759.0857561905871,13873.75806321583
2010-04-21,32074.72549310749,663.6888441994037,14429.991745307452
2010-04-22,30562.126840264642,895.0993435176224,14405.466497100828
2010-04-23,30858.75175455008,737.7126373124295,14451.105719204073
2010-04-26,31674.461358648616,1055.3698633488145,14771.370394961536
2010-04-27,31751.177065817457,788.5962715103846,14696.277017644545
2010-04-28,29493.344913327874,640.1634470864078,13542.997087994727
2010-04-29,30824.373061748607,977.2626869325671,13992.951118508789
2010-04-30,31740.547511889483,621.770227900979,14907.105998244431
2010-05-03,30391.66316078575,739.3171375321085,13948.406898872066
2010-05-04,31373.185079989067,956.7486801024627,14838.445806441374
2010-05-05,27067.767675129275,1831.6549561038614,13315.015506441106
2010-05-06,28590.853933148624,499.26444813573994,12827.12389622056
2010-05-07,28391.062389128896,484.5954017212145,12470.404239250638
2010-05-10,28033.20118630959,275.33475784892397,12444.570479220381
2010-05-11,29045.47373168919,262.08882298348334,12927.169579228801
2010-05-12,29035.149855786643,663.0995597935607,12994.901865367527
2010-05-13,30275.151904179776,502.98741905854195,13492.966359979388
2010-05-14,29261.068214254723,575.528768136777,12996.673140648607
2010-05-17,28439.766671412086,376.8474936814947,12563.892991695804
2010-05-18,28643.79447601967,448.2721028361024,12617.652935808532
2010-05-19,27604.838089434616,147.78704648466632,12342.811825625206
2010-05-20,27237.78738011949,492.7401176024775,12293.121604552522
2010-05-21,26972.428191671963,272.49102361488974,11805.53210143734
2010-05-24,27455.563323724302,187.34658981314456,11890.518284626356
2010-05-25,26628.059224358396,323.0145281533406,11855.022367501371
2010-05-26,27259.6625781572,476.79084559041365,12063.305281432087
2010-05-27,26462.50887637415,352.6325032773664,11921.019969657136
2010-05-28,26463.642720535827,647.2090902690636,12208.553034034843
2010-06-01,26916.30362189147,550.4052461400814,12087.371187034893
2010-06-02,27194.581052002908,366.1168898112555,12053.011118902048
2010-06-03,27694.070265604056,162.87050703652582,11941.62798193484
2010-06-04,26335.262757177483,537.0912119341662,11957.539139866129
2010-06-07,27049.39613887312,386.33166956614593,11999.857534850695
2010-06-08,26990.436193167086,205.26644900263972,11917.783231651518
2010-06-09,26348.8658765607,665.9310159293377,11974.024746291763
2010-06-10,27084.683288666078,411.13567842871976,11815.760745552789
2010-06-11,27356.84652493169,318.3938515962022,11733.216632397494
2010-06-14,27182.881452930724,430.2391813582928,11960.11883240944
2010-06-15,25928.985062967586,584.9542479428858,11623.55103386901
2010-06-16,26401.068974116504,479.9444462341846,11834.199406355983
2010-06-17,27069.06780505467,517.0851681959684,12113.12632597092
2010-06-18,29750.90312816776,608.021876382097,13325.404027864992
2010-06-21,29331.95402382545,451.9277575540021,13424.739651505566
2010-06-22,28854.744719692597,616.2252030408945,13152.014113762376
2010-06-23,27591.09728094416,757.3168796378891,12928.632248109414
2010-06-24,29367.993936459596,457.69940399554224,12918.065626057663
2010-06-25,28987.865468555476,293.8042061964532,12541.196328295277
2010-06-28,29343.15275221586,261.68253196092786,12789.811452181795
2010-06-29,28266.424757305187,492.18526716069215,12493.035095507104
2010-06-30,27553.58052996061,257.08033473409324,12247.228773498093
2010-07-01,27833.380015567243,628.3218287816094,12229.851097034601
2010-07-02,27667.95546952435,376.7592201812203,12025.228431539257
2010-07-06,27150.93355825789,473.5685258495365,12124.558111716287
2010-07-07,26269.440493157133,549.0648226204762,11875.496202167591
2010-07-08,27795.4978968304,328.6765455066913,12308.49630993643
2010-07-09,28764.236583122663,371.55349625734084,12474.75837177741
2010-07-12,27628.73910400574,408.1401644585975,12337.044278173906
2010-07-13,28595.601034108375,455.58798741271795,12452.493400834008
2010-07-14,28073.19434493118,498.9669375377175,12737.801845145708
2010-07-15,28814.93321344429,631.3466354235637,12950.257290032247
2010-07-16,29202.43366490398,611.651014851103,12897.715064849817
2010-07-19,27536.72459546254,543.0752942863967,12151.866084046495
2010-07-20,26664.710195396023,538.6438173764203,12367.941309879945
2010-07-21,28140.195188816124,582.9215145849859,12460.455732559709
2010-07-22,28184.761528078947,159.9876088565192,12094.507482672185
2010-07-23,29363.298447997007,319.7136105648076,12876.413272104819
2010-07-26,28023.036779669186,509.72609465159496,12852.19389385993
2010-07-27,28994.05644386719,777.5019392346254,13290.63575926081
2010-07-28,28619.62879375895,697.0408806467693,13367.526921001036
2010-07-29,28360.444973933176,756.4312476820373,12981.687453571425
2010-07-30,27113.971965737597,1420.820230196449,12679.34652409493
2010-08-02,28780.82810027867,513.5262406266129,13143.003819993402
2010-08-03,30667.948826088177,435.52190408199414,13669.45200994591
2010-08-04,29651.584467756453,618.3896522002109,13537.966601153146
2010-08-05,30234.463842257745,734.5696642864123,13747.459495945723
2010-08-06,30559.08165979841,581.4790153928645,13728.339202012472
2010-08-09,29876.51113552044,660.9792397537313,13772.034063061186
2010-08-10,30650.177656082444,790.8692392003073,13952.055474869712
2010-08-11,30934.162479909854,679.0357317671957,13928.052727703893
2010-08-12,30502.864970661332,414.97368770468427,13338.576413398327
2010-08-13,29391.32442236349,482.032574198951,13091.343367748774
2010-08-16,29470.07852759565,442.4953186132463,13024.870128727738
2010-08-17,28981.161890135903,389.05775411665803,13037.625927308894
2010-08-18,29450.937561046536,350.8849460430915,13232.418331965855
2010-08-19,29515.90015595381,798.1455002677515,13397.316899700198
2010-08-20,29191.06884485258,425.418417645037,13100.89940496219
2010-08-23,29287.198904183275,348.06748754041445,12862.925017693953
2010-08-24,29413.75837851605,334.63916372759974,12858.992981967163
2010-08-25,28024.432493433273,345.60576499320825,12419.49893145553
2010-08-26,28068.014205684263,285.06633465750224,12552.535768095218
2010-08-27,28127.28764319777,550.672588355708,12499.123694568483
2010-08-30,27457.152803915957,621.6740009694239,12646.766208936435
2010-08-31,28296.108345399476,610.66010597299,12517.560574358156
2010-09-01,28463.025318653905,389.7257037595821,12577.327173512576
2010-09-02,28751.792630856857,436.78466789275296,13015.90679767999
2010-09-03,29591.43075635602,650.465297678477,13384.98733825778
2010-09-07,30109.632998357374,608.7728059330228,13848.433209362527
2010-09-08,29837.94231703712,731.5182591252657,13525.689743663295
2010-09-09,29550.544525754307,789.5831749884778,13737.90639445446
2010-09-10,30110.638371308905,1121.4711213535686,14269.944548268
2010-09-13,30117.614634529367,1663.4567092205157,14441.538555093579
2010-09-14,30609.290918394297,317.2149902426369,13495.822630450359
2010-09-15,30998.060009983965,256.37183888648866,13563.431175222184
2010-09-16,31069.80171780914,702.4047141973509,13730.515285021027
2010-09-17,30571.249601109284,575.4035260229136,13703.801279394456
2010-09-20,30739.460704257443,791.050129324881,13987.79201460814
2010-09-21,30635.64225147121,660.1962910002571,14056.60222744648
2010-09-22,32070.939600110978,637.4367446439467,14172.638493218683
2010-09-23,31743.770313922058,548.6392896465941,14168.873487892575
2010-09-24,31616.242553205913,484.70984118757815,13962.461553826386
2010-09-27,31371.820315195306,735.3693220666062,14451.019755441384
2010-09-28,32015.79361054146,667.9997264620906,14426.871418768374
2010-09-29,32183.35653106937,884.4465119477529,14628.581825636567
2010-09-30,32818.15652373461,774.8091460729373,14647.460160726587
2010-10-01,32046.4537434633,744.2172331613381,14572.802626727835
2010-10-04,32110.000954609488,593.630561057515,14758.141179087881
2010-10-05,32204.069930771315,575.8669119005422,14500.227432868478
2010-10-06,32776.19561287839,696.35479085082,15265.0896942623
2010-10-07,34430.25389663111,504.4665003101849,15557.626128884622
2010-10-08,34413.857597692004,704.4025993566129,15516.088036198526
2010-10-11,34551.77884890686,322.7701831500008,15744.213849043485
2010-10-12,35588.07912045005,531.0570727661524,16074.968003746235
2010-10-13,36145.5662919808,662.0414496174083,15978.270172322249
2010-10-14,36329.83826242467,641.400190277678,16445.925287712944
2010-10-15,35932.243498228796,623.2188022363913,16404.944664810537
2010-10-18,35566.370415252415,635.8080399750033,16245.184257085606
2010-10-19,37552.6168551149,365.1996554468566,16691.60881431302
2010-10-20,36026.36214560264,819.2998456361402,16354.641270974556
2010-10-21,37419.61758108661,160.94230533008673,16637.156437779304
2010-10-22,37309.19244756715,378.55143395846545,16669.136503387603
2010-10-25,37387.494207984724,377.421551735809,16652.42160776349
2010-10-26,31978.374631308354,575.0568558875041,14486.760865804996
2010-10-27,31297.48511926996,733.3798359108869,14244.852933554168
2010-10-28,31861.858736686052,648.2082230879148,14310.336854076751
2010-10-29,30788.510383775185,972.7210044251037,14307.993674093468
2010-11-01,31324.54779297453,783.1172659016964,14344.512490133622
2010-11-02,31376.12080627747,588.251033842477,14257.34626112091
2010-11-03,32360.702976537792,700.8849314468757,14629.191426770883
2010-11-04,32017.723125672048,942.1199600165413,14809.654697240376
2010-11-05,35354.09513471298,720.036745245866,15727.29672503018
2010-11-08,34346.913366784676,733.5643263020808,15786.838045382769
2010-11-09,34675.83475046688,736.3366683096916,15654.917442317874
2010-11-10,33311.3212485433,787.8263014371735,15291.633947434057
2010-11-11,34063.726472388975,954.9274120752053,15772.773860795929
2010-11-12,33730.775239088536,1155.4334614155407,15474.04805815298
2010-11-15,32195.608770918967,618.9462891546747,14871.546925377252
2010-11-16,31870.08289290404,686.9658865360705,14520.363628573317
2010-11-17,30746.526134698328,775.2213873202148,14104.619620004107
2010-11-18,30117.463783022344,973.8324460419684,13917.01792482832
2010-11-19,31984.072812595663,907.0546358783331,14631.380221034151
2010-11-22,32398.027340587396,1139.613813781021,14851.768851367517
2010-11-23,32766.622801175097,828.6471419697687,15021.173075391165
2010-11-24,31405.31358444773,710.0387811157293,14284.660253549233
2010-11-26,32676.488234502212,931.8743909593794,15024.36086197372
2010-11-29,31815.42850311066,701.4871798753071,14458.858642468123
2010-11-30,31514.510600351354,1214.1023733550362,14545.042831764198
2010-12-01,32089.671343159334,472.48555864285026,14511.85312672884
2010-12-02,33283.345047799514,1027.1459269389222,15299.090041278647
2010-12-03,34489.32183617916,1133.2822491576605,16161.550789722145
2010-12-06,37077.154881852686,743.706089115537,16500.588564786485
2010-12-07,35920.710169531434,1079.7781012055798,16726.940911373527
2010-12-08,31434.92120347529,831.9621755882985,14293.790351278602
2010-12-09,31479.270429863038,1025.781241161412,14254.198421996689
2010-12-10,32074.512539755753,1032.6158774411522,14556.947336795767
2010-12-13,32378.596602900285,716.3392950532492,14651.499035645738
2010-12-14,33132.50974253094,657.5795155521851,14926.588171203082
2010-12-15,32610.448307564362,1029.6645394363065,14726.844830160087
2010-12-16,31920.446927033616,880.3579866411491,14544.368945664533
2010-12-17,32523.692738634876,1290.2131521572487,14787.525616149484
2010-12-20,32483.511596004726,1031.328826427941,14935.6885931681
2010-12-21,33082.58575174536,926.0210474323858,14954.514031017088
2010-12-22,32306.95852643254,1023.5093988578283,15117.534350165663
2010-12-23,33607.282516970736,1103.3354237331719,15422.793904577293
2010-12-27,32348.29720507483,910.7417596767386,15136.81429152846
2010-12-28,32958.998895407894,966.4499206951637,15040.363355972575
2010-12-29,32926.85886821715,901.6125077091897,15413.257475779343
2010-12-30,34244.81278922875,1121.1396604330723,15462.412351393035
2010-12-31,33493.91346684633,882.0397989112872,15394.283524005214
2011-01-03,34151.963877144255,678.7602968708538,15379.18190820734
2011-01-04,34873.735013143385,1145.9173933114205,16002.76590248925
2011-01-05,35152.980333896594,947.129395412131,16093.555046961075
2011-01-06,34656.72386191066,966.0928458583268,16133.649257683215
2011-01-07,35020.139521151075,850.7546650185894,15957.844876520856
2011-01-10,35075.61193348498,736.8270388879182,15957.596682341256
2011-01-11,34719.492256953214,679.581086928307,15887.59002407875
2011-01-12,35719.28463891887,932.5546645377368,16140.782119882722
2011-01-13,35902.00391269929,848.0155521281097,16389.677080973946
2011-01-14,37605.624934990956,582.3565563562843,16643.655326146636
2011-01-18,37755.95038517725,483.6102339962323,16713.74155988397
2011-01-19,38592.45376184461,265.67985293113503,16829.612772257467
2011-01-20,37577.63474375156,606.6391249344036,16742.52375652552
2011-01-21,31272.445160813146,976.1488590883858,14063.750420426055
2011-01-24,30622.223657619317,897.7953939739078,13854.370114494865
2011-01-25,31065.982551644305,904.3521187280547,14203.532302574993
2011-01-26,31115.73726741165,559.1379261231167,14141.384194767195
2011-01-27,32555.55296685534,800.8168259891443,14644.800334349678
2011-01-28,31608.830694126627,706.0801649554959,14598.736451454548
2011-01-31,30035.91254716842,1014.8137170792727,13935.951786207597
2011-02-01,31456.311661234315,806.6637955940216,14198.988942310425
2011-02-02,32976.31792585838,998.703683337594,14971.300164189526
2011-02-03,32861.54419198111,800.3083766326605,14788.78887043402
2011-02-04,33122.76044043883,806.0354902415736,14792.96972618271
2011-02-07,32027.06161509214,968.8801090411473,14967.252287856028
2011-02-08,33678.12724835946,784.1744446728505,15345.047946724666
2011-02-09,32117.334247547165,1104.987200495671,15409.882891526726
2011-02-10,33309.292848336205,854.0218617871154,15551.093337666141
2011-02-11,33841.8172489883,1034.857978880364,15504.698562739391
2011-02-14,33802.68143583251,1068.0306552787483,15786.239795648451
2011-02-15,35174.898171980305,853.910742667422,16150.964599364477
2011-02-16,35354.72150514588,746.6139433340253,15880.792101613959
2011-02-17,35368.22206616937,877.0787669357605,16242.826940675614
2011-02-18,35802.6873912432,664.0539348109612,16319.729311430472
2011-02-22,36444.7025604209,934.1480301079514,16476.941634931867
2011-02-23,34358.07625096881,1037.584059903358,15769.805007014978
2011-02-24,33602.81983819961,1022.2220200362522,15558.993116263748
2011-02-25,32932.93522917311,769.7475085702081,15315.923861453128
2011-02-28,34449.38052272571,684.161022738764,16012.675898172745
2011-03-01,36003.082875826825,929.7026340667553,16544.26685923743
2011-03-02,33509.65553642933,845.8094555532025,15911.20277650397
2011-03-03,34900.638886461464,866.1396367416762,16363.487636113998
2011-03-04,37524.47895021582,379.8681091393754,16975.61083218302
2011-03-07,32236.673829561732,992.752629268749,14479.356939464435
2011-03-08,31620.65634419027,900.4159744749173,14158.208261089263
2011-03-09,31993.719148036507,830.5432312022941,14260.363463218375
2011-03-10,31281.169282000006,733.8743530738288,14242.751592605578
2011-03-11,31240.984687709115,863.5634589792643,13654.771724348617
2011-03-14,31142.21250598134,923.9389526043365,14076.184649357081
2011-03-15,31585.465227093173,560.3609857160807,13608.397741323333
2011-03-16,29542.33372850403,486.38399166185224,13480.555987075048
2011-03-17,29749.1601108694,180.47482607848306,13202.185164119554
2011-03-18,30088.474145919714,610.0064517195015,13309.427827422314
2011-03-21,30859.743259997264,378.8834648005464,13645.777024957448
2011-03-22,29704.132344313974,741.1668901905495,13818.135599407842
2011-03-23,30690.340375847747,718.5591015050023,13832.02545762509
2011-03-24,31476.475926293635,691.2141652757157,14103.765953524346
2011-03-25,29608.08504482086,1051.2093302465883,13986.675424526424
2011-03-28,31462.794359862255,987.8636233747786,14206.16613190427
2011-03-29,31352.030641374888,922.701024334602,14137.349348751402
2011-03-30,30647.960682145025,923.1628081458472,14126.351980726024
2011-03-31,31947.399841613314,790.5148561486055,14648.715671026512
2011-04-01,31357.962930721533,927.8537674293328,14526.46608896492
2011-04-04,31832.23492697791,1022.219586891264,14986.384823811106
2011-04-05,31636.712119318836,1131.107630053062,15031.615318732865
2011-04-06,31256.154187545715,1243.045269589451,15185.42642370236
2011-04-07,31879.007226808408,1242.8133689032006,15303.443741609633
2011-04-08,32405.91345278955,1547.3304167677534,15310.60791260319
2011-04-11,32646.65333379066,1221.3908198267645,14964.196155967451
2011-04-12,31365.076305971852,1310.3235082420138,14795.724723333475
2011-04-13,30163.049607478933,1382.486841975304,14333.490009374364
2011-04-14,30514.178805908417,1366.5210370753325,14462.532526991776
2011-04-15,28889.6581379107,2467.9408321540577,14584.982176980082
2011-04-18,32208.57746700341,1011.4462856288701,14619.138472476032
2011-04-19,30904.93932645054,1163.0927601662186,14248.085606043222
2011-04-20,31747.193175721233,909.301926332923,14507.937182275653
2011-04-21,32432.511630749945,1115.659105599168,14986.5276294463
2011-04-25,32870.26372032965,1169.8837940535998,15095.955988813836
2011-04-26,34127.86076185372,968.9684327596228,15305.241735953829
2011-04-27,33193.30982792274,1450.0739534736044,15734.336111727484
2011-04-28,34739.88588571442,867.1774979202662,16089.08213669257
2011-04-29,35760.92661667097,989.9008046714149,16331.478481627702
2011-05-02,36332.88942105702,1099.9662275823134,16521.500709632895
2011-05-03,33502.6276143027,1173.8637933164787,16276.860057588636
2011-05-04,34606.636838339175,1152.599763436403,15890.461960592862
2011-05-05,34295.90345588071,1066.4688816870078,15772.344811155193
2011-05-06,33167.94162559448,1182.9146004379907,15229.646758253362
2011-05-09,32080.407526583997,1110.9144255872818,15295.11363350718
2011-05-10,34108.15253585834,1266.5039057126532,15660.331086393524
2011-05-11,35445.93823091537,1145.1285097922957,16264.43057742123
2011-05-12,33252.214477422065,701.920042877912,15583.659085415151
2011-05-13,34886.08054761374,916.9792689720489,15844.116069698584
2011-05-16,33591.90010646232,1161.2040762214585,15606.11329165866
2011-05-17,32047.418072013636,1010.8972417306692,15080.741161002608
2011-05-18,32443.716192940097,1368.3490437121686,15054.020805705615
2011-05-19,33635.442793161325,1288.865681659257,15580.411466394338
2011-05-20,34311.75975917178,1361.3157777873216,15816.30605797432
2011-05-23,32569.01182433092,1277.447497788527,15464.233379078678
2011-05-24,31730.771922359258,1494.4659478842395,14964.364665634392
2011-05-25,32211.450242328425,1150.181606852873,14864.583583174604
2011-05-26,32040.749589029445,1406.1864134145324,15157.611112751692
2011-05-27,31830.50915279915,1634.4897589806162,15721.16358751752
2011-05-31,33201.433831999675,2047.9375019424951,15973.007696044597
2011-06-01,33562.33500801147,1103.0729683710601,15028.353794303712
2011-06-02,30889.034924313364,800.1070005017689,13947.766973662809
2011-06-03,31743.702809011233,837.2182106003022,14179.58194649819
2011-06-06,31386.0015403602,839.9022631103431,13948.996724443561
2011-06-07,30506.362619810632,732.0000828588909,13788.910842121872
2011-06-08,30729.490679511233,824.40163394222,13721.542485433883
2011-06-09,30369.647874408238,886.8154030931474,13683.322767711894
2011-06-10,29525.69435491849,849.8587947023267,13662.99022504944
2011-06-13,30630.847033753034,545.8929797290982,13580.072934679507
2011-06-14,30157.839962513815,765.7093208628355,13386.541881217583
2011-06-15,30459.297005630353,796.2321747916232,13693.764354704603
2011-06-16,30033.327736507657,713.0892331239797,13309.74610610584
2011-06-17,29919.26741202109,608.2031233155914,13561.06606382975
2011-06-20,29936.804042616135,730.0441164701277,13500.1835707406
2011-06-21,30780.617653655,428.3504100774318,13439.15711541706
2011-06-22,30889.54523768705,601.9881634008532,13679.710208764336
2011-06-23,30487.0244455581,753.0655187758464,13798.602339571276
2011-06-24,29936.51525712138,538.7985445424699,13473.731766007371
2011-06-27,30110.33145986684,545.6034249974939,13158.957078758875
2011-06-28,29345.89914239669,719.644329445989,13195.161354476395
2011-06-29,29037.24583586282,628.1920381517991,13284.64311213614
2011-06-30,31049.707334619234,881.2175371734427,13546.560269783224
2011-07-01,29687.38400741323,1117.3717653057747,13937.279776382049
2011-07-05,30744.219674436932,1388.7431447096328,14722.31765040403
2011-07-06,31253.008757400115,1139.9273496339279,14747.273364050743
2011-07-07,31079.308546503536,1416.4982448979574,14764.070375350642
2011-07-08,32952.73901737282,1445.6499134068138,15784.45327822845
2011-07-11,32597.76248628685,1306.6524338277782,15250.368339326047
2011-07-12,30528.770519993144,1285.7172170592714,14074.481751914165
2011-07-13,29977.533861440774,1556.8802172334033,13745.500149506992
2011-07-14,32728.29340949789,791.9473553805584,15049.33064986294
2011-07-15,33520.39200106286,806.0180633206655,14822.840179638966
2011-07-18,34640.27377724611,647.1458792799783,15252.708643336153
2011-07-19,31907.412674696094,955.0195344311187,14680.290768650742
2011-07-20,34048.38864515434,897.5220532628957,15308.205957312808
2011-07-21,33228.7475688761,843.9106759331547,15318.173094621423
2011-07-22,34984.54319475864,982.0907276089935,15811.525283234874
2011-07-25,34673.88700623373,998.9905891673021,16049.546491061354
2011-07-26,33354.27611785736,1026.0435393107198,15594.432653926631
2011-07-27,35378.31323656435,925.5722728900723,15567.410355927641
2011-07-28,32877.51631423286,635.7937362901736,14920.10883199026
2011-07-29,32653.87887199801,865.1398843132849,14575.09409674492
2011-08-01,33504.54859667033,827.9492921872243,14997.431749739697
2011-08-02,32668.82507244493,754.2747240253173,14514.235723533564
2011-08-03,31589.103493960058,742.1566667653883,14242.99047083651
2011-08-04,31216.733483486412,814.2008085442089,14185.529436969362
2011-08-05,30716.18321520057,448.8550898210768,13695.899023258744
2011-08-08,30939.25236593172,436.6703482593289,13842.937938419169
2011-08-09,31734.890265771875,613.8541131783029,14050.881741439818
2011-08-10,31446.770193346554,914.1601209974743,14187.223416221921
2011-08-11,31782.78359242276,714.7487988468612,14426.197551154215
2011-08-12,32442.62796526375,710.3178423785785,14584.9324646033
2011-08-15,32435.810266468914,500.2182865228847,14314.575832969314
2011-08-16,32907.61592954934,587.9995557402219,14367.300474890846
2011-08-17,31356.980238128315,1062.256179747245,14376.52993929588
2011-08-18,32601.682562095688,877.7777208661959,14474.028321544494
2011-08-19,33327.0118267088,757.4272159465345,14693.415515640774
2011-08-22,33477.950858932636,969.556004918244,14950.437555259983
2011-08-23,35445.69293511597,888.9645967328041,15048.134712946307
2011-08-24,33189.06536499455,898.6132745146632,14656.501642879943
2011-08-25,34660.895922598604,881.7497253071183,15568.988524097831
2011-08-26,34586.196685205636,852.1097532172896,15306.31662243208
2011-08-29,34787.74447183614,1183.8417791441536,15738.581644283193
2011-08-30,35014.695677274765,1110.8244545315624,15982.45784462126
2011-08-31,35599.91212705977,896.2936276336275,16319.84193607244
2011-09-01,35140.16450484483,1175.8916614797765,16316.3011224399
2011-09-02,35939.79200488179,1061.5625263510394,16132.709894470661
2011-09-06,35489.71101424484,1052.1278008995403,15781.795492621854
2011-09-07,35723.93882965365,909.0866627200369,15856.507361609545
2011-09-08,35409.014082145666,970.0532372906133,15975.049146122388
2011-09-09,34828.38802167749,1068.0893463223892,15810.600160223914
2011-09-12,35114.060987454504,778.3242823983019,15230.6272960558
2011-09-13,33335.40834759272,859.9798676443614,15063.523593486794
2011-09-14,34818.80723761256,543.6077504627265,15311.599332677253
2011-09-15,34952.16053519851,796.7764370803739,15548.974404746215
2011-09-16,34717.295526790505,730.3321336691849,15754.417575090443
2011-09-19,35073.90978939509,870.3131475482568,16104.481882132644
2011-09-20,35612.428934372874,762.6818019436681,15787.769040425923
2011-09-21,35241.9059195331,952.7462141760426,15795.361713715976
2011-09-22,33686.034262024885,588.2827033285555,14884.165286729023
2011-09-23,32907.57323794714,85.51833963487046,14257.250574793808
2011-09-26,30968.482043491604,313.3280688567476,13607.613604980443
2011-09-27,31112.06555470864,345.34729796821324,14016.410894083541
2011-09-28,32439.749465936795,548.4536746362643,14667.849928292058
2011-09-29,31793.43026392687,203.71834262113038,13841.080733401197
2011-09-30,30508.008393967964,527.1898180230297,13852.878160016362
2011-10-03,30222.57918822323,312.32305162038983,13201.890270982993
2011-10-04,28635.923489480017,468.07025642154275,12814.041883848067
2011-10-05,29220.641035884768,48.35223116017302,12700.655823963216
2011-10-06,28230.271908967847,973.7934588723369,13082.342071542249
2011-10-07,31455.67882895147,677.8132577711159,13772.412341751085
2011-10-10,31116.650200058284,689.930216633049,13448.94858081768
2011-10-11,32870.50773775553,735.3566527113273,14321.121749081607
2011-10-12,31573.638157108835,1029.0415005077402,14442.175707615239
2011-10-13,32115.247609184098,698.4667764078824,14435.43837315767
2011-10-14,32401.156528121694,877.0290303613738,14336.40767818804
2011-10-17,32558.852543564255,1512.8179978855133,14646.89099893331
2011-10-18,31540.28081880146,1192.94554600516,14134.706799578746
2011-10-19,31887.265372090304,956.8849143511811,14372.66261575391
2011-10-20,31398.198116008094,745.8916884446783,14166.869436322424
2011-10-21,31599.623361469003,793.9883499225879,14078.461515958508
2011-10-24,31672.763182127084,1142.7641499930435,14469.223120572806
2011-10-25,32863.51569264042,894.2223367744878,15101.646767674643
2011-10-26,33014.16361506558,956.7283912109915,14924.97714119827
2011-10-27,33406.413102558865,1203.3811536545848,15157.079730430143
2011-10-28,35955.08144670179,1260.3413999682386,16145.384703322548
2011-10-31,34853.83335808575,1529.2741545065421,15754.284808578463
2011-11-01,33708.760202805286,932.5755271239984,15247.940471395363
2011-11-02,31161.651045834275,1121.0980551095904,14416.473274189966
2011-11-03,33611.117792959274,933.658699167511,15235.921008454827
2011-11-04,34958.2588912583,1211.6737884906236,15539.477496808251
2011-11-07,33066.38396611422,1210.1666001832436,15416.21540144799
2011-11-08,35157.835275299214,1575.9236214210725,15834.42034555884
2011-11-09,35777.82476132517,1388.7759473298538,16020.8418736851
2011-11-10,33558.297641552184,1467.400408658098,15228.976502943271
2011-11-11,34925.32176714217,1474.372309886787,15570.799698768453
2011-11-14,35364.617914282644,1710.6931491802775,15980.27552153283
2011-11-15,34315.024513845245,1357.5046694863677,15402.24220746395
2011-11-16,34336.533677626445,1003.4345280937616,15519.72848359902
2011-11-17,34052.17943163841,1292.0044161912351,15198.29787697626
2011-11-18,28835.849497793028,579.6471725293159,12877.7223083439
2011-11-21,28693.935424046635,882.7687100742527,12939.828344029433
2011-11-22,27204.594025613635,975.1018607678994,12295.31041753724
2011-11-23,26673.942048162426,919.8002450604323,12064.933607277802
2011-11-25,26868.845041082397,902.3355717007715,12032.840115758692
2011-11-28,25808.313669041458,975.5064829712782,11814.091022341348
2011-11-29,26652.258980028782,825.1371749797113,12382.217707537295
2011-11-30,26087.890023087883,782.3514141886192,11879.916472994619
2011-12-01,28446.2970783898,954.5738143149995,12745.421956032562
2011-12-02,27628.981803090363,1088.9072496811277,12517.529019671854
2011-12-05,27938.986609914667,1047.7810063173924,12624.010579570066
2011-12-06,28327.962352418883,889.5877048858137,12874.522806170658
2011-12-07,27978.54736828093,1315.6963212986618,12830.699229222153
2011-12-08,28467.246549149033,1135.4126264096235,13005.174748232963
2011-12-09,26641.082743920204,1106.007060250401,12260.89640618133
2011-12-12,27417.552426688817,1010.9458772047244,12689.696237221042
2011-12-13,26970.45533717592,843.9073962343041,12248.6206837087
2011-12-14,26295.970376112924,831.6892185983417,12125.864371336012
2011-12-15,25611.741635610084,711.7108112161332,11522.673351950421
2011-12-16,26296.34786948021,529.8585018967132,11627.237304393599
2011-12-19,26462.865928676183,650.6461177679943,11832.98525703747
2011-12-20,25975.545749453417,738.2223977800228,11512.328923868865
2011-12-21,27035.32131728724,862.3027921350155,12694.133651969873
2011-12-22,28070.921289044873,910.86841859631,12912.013546527534
2011-12-23,29541.533146134734,850.677356002871,13155.860423265072
2011-12-27,30029.007721760616,885.9647226342313,13621.983590286289
2011-12-28,29663.305220244074,718.2449044462737,13361.781366961673
2011-12-29,28312.270167608236,943.4881989024443,13091.628808562155
2011-12-30,30824.875503326355,630.7887016539007,13434.219623686746
2012-01-03,29018.572059046288,1129.0200551411417,13539.669827973565
2012-01-04,25458.26191337488,1066.6687840848522,11606.761659921061
2012-01-05,26054.275183405294,1016.6095582855437,11779.20866741747
2012-01-06,25906.724030355523,1268.3106291932897,11916.12945658188
2012-01-09,25787.147788937822,1038.0311700176326,11739.602391074624
2012-01-10,25569.26493294376,928.8531877851303,11624.911908994243
2012-01-11,26388.243180016903,1069.5704981481745,12096.564173275885
2012-01-12,27170.247090828496,933.8924609140121,12041.902345915258
2012-01-13,26609.745445282966,1076.6987446509818,12245.991181393549
2012-01-17,26458.235773470817,806.1669791132828,11994.090957020107
2012-01-18,26441.712133193687,905.8671370726998,12231.234518435665
2012-01-19,26875.75797224028,1124.183011660391,12494.47606704981
2012-01-20,28081.368508791413,1007.3269365064197,12573.976842239817
2012-01-23,27951.89875015241,1244.477457137975,12835.729682178548
2012-01-24,28424.128199699087,1195.7363151012867,12862.82553275642
2012-01-25,27089.83332470563,1182.5157185990402,12688.654928582153
2012-01-26,28435.34597060343,1336.6521797269857,13219.66574283895
2012-01-27,29039.834255302936,1293.7674641585795,13241.629869777898
2012-01-30,28466.208549493553,1397.3792117613275,13171.208278871085
2012-01-31,28079.468489744355,1160.3908851569838,13221.75745918371
2012-02-01,28491.061495557133,1160.0803499851716,13106.059437303662
2012-02-02,30004.620128594936,1136.313266291978,13603.717467493938
2012-02-03,30389.935373206994,842.0172109144554,13665.99573223364
2012-02-06,30958.27322700398,930.0039755883761,14005.107319478811
2012-02-07,30201.44493491317,1066.986699558761,13814.90293542693
2012-02-08,30980.748855637372,995.0302487443026,13928.77097989546
2012-02-09,31259.264710102947,849.4019982636898,14126.604883584168
2012-02-10,30274.15386784986,872.517020868574,14079.560838755668
2012-02-13,31518.852771200636,1052.1253559729967,14312.849095053287
2012-02-14,31546.260230605112,877.7028131326001,14043.945551380877
2012-02-15,32293.070539167773,1154.5267706827062,14082.376263056436
2012-02-16,26741.00933371911,897.8879940917927,12144.02448322202
2012-02-17,27503.27958734384,852.8405679634666,12389.434334953476
2012-02-21,27262.203874025647,1093.0429937537267,12376.34732898802
2012-02-22,27389.790815003336,1130.7710333612756,12586.031779114051
2012-02-23,27784.52134602121,1201.7773478817894,12484.69833635974
2012-02-24,26881.243550010448,1251.2479823638105,12711.50989224371
2012-02-27,26986.86586351991,1281.2450145909459,12664.917380608309
2012-02-28,27548.79471697503,1364.2619900401655,12622.878738144067
2012-02-29,27973.433491271797,1292.0734868955005,12885.30608879795
2012-03-01,27367.499569350384,1258.1728796086293,12615.035139661351
2012-03-02,27107.67714014876,1273.672148350163,12672.713825654964
2012-03-05,27793.931902961103,1364.4489141178617,12695.33671110389
2012-03-06,27110.480550954588,872.7776543113177,12445.576385872459
2012-03-07,26228.599873855885,959.9748348901942,11814.976258236657
2012-03-08,26716.186394116427,1010.181369418119,12160.402866796525
2012-03-09,27061.40648603642,1277.9901972967446,12673.918535693389
2012-03-12,27709.501688017917,1011.7336252923596,12880.191926487441
2012-03-13,27538.963801048034,1313.0722544878095,12830.371772372408
2012-03-14,29513.58752707752,1158.4641137512,13392.493302565472
2012-03-15,28704.11465472964,1016.3533517453149,13270.240559659496
2012-03-16,29369.27700653186,1164.9111692205481,13510.588912505818
2012-03-19,29682.3020135796,1287.377879401281,13690.392263280086
2012-03-20,30630.97259613535,1312.4828609327797,13606.323821111475
2012-03-21,29391.70197292587,1230.4436633475716,13593.534326505018
2012-03-22,29281.234170744345,1370.3211971554824,13472.752872398603
2012-03-23,28873.846219134037,1294.4999186275631,13411.333486291194
2012-03-26,30854.49173129604,1041.1176808869363,13863.047391407717
2012-03-27,31390.532092938614,1405.889478761721,13986.293700880096
2012-03-28,31595.59244100129,903.5555617125193,13998.204544552802
2012-03-29,31353.28095974855,873.9599347157108,13933.404885069762
2012-03-30,26010.675409197855,1110.745983980408,12063.934151349004
2012-04-02,25875.068785623334,865.3317082533183,11971.106488349069
2012-04-03,27051.21883120459,1259.5639085689238,12195.886658259587
2012-04-04,26731.67193959167,1102.289253410752,12003.249201985018
2012-04-05,24966.317696709146,1121.2975969571637,11572.823379073123
2012-04-09,25793.295483742484,881.6315625811397,11599.267332420137
2012-04-10,25390.64589658982,936.1642986781735,11261.65265578406
2012-04-11,24820.033001941425,922.4872026945712,11162.77240349548
2012-04-12,25157.472867361306,684.9727359801477,11136.55100420641
2012-04-13,25789.546753770286,841.9182465420881,11590.39672510854
2012-04-16,24765.67429007585,822.3176822269979,11267.947256725685
2012-04-17,24648.03837405927,717.921383811495,11092.94968380918
2012-04-18,24985.233702774356,809.5851544856256,11338.224210039647
2012-04-19,25222.43498895144,826.7073565782325,11506.248353791054
2012-04-20,24868.149309642093,663.7926687118993,11254.435999397818
2012-04-23,25192.253202439773,720.7711459229789,11322.397026323006
2012-04-24,25201.020628966304,736.4978951343288,11038.55340619238
2012-04-25,24540.860097853125,748.1259041558383,11092.590315582911
2012-04-26,25783.877854592283,837.3183886595519,11477.46592755213
2012-04-27,25943.001414197635,1003.4048434139658,11751.329865792894
2012-04-30,25458.891133982863,1096.9782756518523,11898.702366079307
2012-05-01,26046.444906765664,614.8271772242379,11865.820299746223
2012-05-02,26188.81132961222,1136.811237206516,12051.577894157745
2012-05-03,25675.831551137686,1108.8610012244865,11877.069385073559
2012-05-04,25537.32153750533,570.5970627708098,11467.380354941411
2012-05-07,23770.97705924261,584.1826199393923,10822.904541973214
2012-05-08,23849.951530975806,641.2426752680858,10834.834834635612
2012-05-09,23830.81685342837,470.862754816674,10639.748430283451
2012-05-10,22290.745310169495,720.7865923121182,10168.159664847004
2012-05-11,23257.73452894583,354.1625797390951,10356.493433810178
2012-05-14,25173.10616408278,616.8010666142274,11188.69783983582
2012-05-15,24337.1215299403,457.4654985001892,10921.038027027009
2012-05-16,24816.72866504297,321.3934629628109,10919.564347603751
2012-05-17,24332.94257980087,443.8880648682421,10736.427804992658
2012-05-18,23196.071935252843,392.0653515745374,10502.730170825515
2012-05-21,24361.79099011003,386.75644470352427,10624.859233939102
2012-05-22,24846.0889717304,312.43433325999257,10803.147394420688
2012-05-23,23449.08582557105,523.8757931885655,10637.350592338487
2012-05-24,23935.903478284887,517.1442656514598,10665.660115238226
2012-05-25,24388.415973885443,264.17293925659624,10764.464897594187
2012-05-29,23388.147789443054,610.9154472767952,10633.045123602426
2012-05-30,24523.05631064597,529.7956774754659,10844.56585370419
2012-05-31,23701.671183254493,327.2125303954442,10622.076149129567
2012-06-01,23539.263580343148,425.69385892239717,10487.536279919903
2012-06-04,24560.836890314455,88.16662969695025,10509.686334695602
2012-06-05,23912.319067767352,217.60735328528247,10474.34589436232
2012-06-06,23337.17228433296,413.5573603542535,10490.78279766154
2012-06-07,24033.575205594396,560.5375646438612,10652.186409257758
2012-06-08,23782.383065310198,412.33298523322355,10678.82435667538
2012-06-11,24333.717499439877,457.97755301329744,10768.157877349395
2012-06-12,24297.47597880398,307.5858951195093,10548.843150647672
2012-06-13,24638.15263154683,543.5673771854518,10811.472142653605
2012-06-14,23541.51937044326,393.5452048511028,10681.093086523577
2012-06-15,24615.07491345735,418.1984645625787,10832.705236458238
2012-06-18,24437.160874237034,520.2564184681397,11286.18738498684
2012-06-19,25063.85790091612,832.7286801149056,11483.228015470859
2012-06-20,25866.656734334512,626.8738348301929,11731.843331950362
2012-06-21,25899.424520813976,752.8263105373503,11830.908153850129
2012-06-22,23722.040686603945,492.89533341344253,10480.15732872132
2012-06-25,22784.907370190715,1037.5135392205093,10675.742818886076
2012-06-26,24405.96737412122,452.179992589714,10871.453468827473
2012-06-27,24668.890460255254,757.7024875860857,11160.315543598852
2012-06-28,25024.830588080225,724.8076850731824,11293.809094751517
2012-06-29,24232.88469240298,697.4742849652696,11129.565640524814
2012-07-02,26241.08103778821,910.0394473051145,12143.330066144108
2012-07-03,26281.732520997815,857.6295339915313,12121.184165063125
2012-07-05,28094.190755114658,760.6311746343185,12519.927612202124
2012-07-06,27260.768602544405,666.3355147128806,12081.393247170892
2012-07-09,26220.45330627632,622.82288619919,11930.974141949911
2012-07-10,26488.1963913029,1006.3469982140806,11957.014087702666
2012-07-11,25344.946496804852,476.43462913687097,11511.228347521586
2012-07-12,26551.033329200654,475.01265806973146,11697.664660927816
2012-07-13,26085.174480634916,480.27065722918167,11474.414668793308
2012-07-16,26720.53080904535,713.6753155535494,12116.273900855194
2012-07-17,26458.837444399047,609.8523516295882,12048.837237046173
2012-07-18,27352.551629915277,633.7031539993598,12302.93903178095
2012-07-19,27487.169683338154,771.6270816214746,12407.352048475741
2012-07-20,27980.849858834255,691.8824263078214,12813.062763694441
2012-07-23,27747.25208729165,718.3693168259099,12584.052383801449
2012-07-24,26843.495927318345,652.5651532771448,12205.733153326782
2012-07-25,25732.69680853114,615.5958413838628,11775.280902965958
2012-07-26,26647.498744502198,670.9218857617966,11837.865667235616
2012-07-27,28382.01012976257,673.3350950794661,12769.266041202583
2012-07-30,29385.804747744372,763.9690931678318,13157.30509895747
2012-07-31,29435.881715573705,572.5572998232147,13238.595011947138
2012-08-01,29562.68802699314,713.4770433828415,13183.337184724769
2012-08-02,29109.72166519744,841.3604536020885,13160.85840308088
2012-08-03,30182.507893899594,527.9037242972832,13156.71676166917
2012-08-06,30382.532479811638,529.1644178869612,13375.502611402366
2012-08-07,29028.75814610883,910.3794124234274,13061.768390892577
2012-08-08,25031.36991686392,655.3861415712254,11257.317627929917
2012-08-09,24800.042306312065,884.5038215999265,11281.483879895573
2012-08-10,24972.878355423087,776.408602216164,11329.756037937208
2012-08-13,25618.516247322525,699.5019046112266,11509.157123250783
2012-08-14,25455.101236062164,742.6497611967858,11360.387209552928
2012-08-15,25069.64378187185,834.3961342937274,11214.83600024668
2012-08-16,25433.97198274135,584.5890435840146,11374.50336046695
2012-08-17,24908.495547852384,947.466722277909,11744.643782864996
2012-08-20,25702.338294297922,805.9591072722639,11775.47551394018
2012-08-21,25585.341134658247,932.6822029972404,11890.368060096818
2012-08-22,26107.599290850983,726.6691172590728,11752.334714152927
2012-08-23,26265.32559005249,723.4613091060023,11815.132267306979
2012-08-24,25091.110137315354,712.7977051248708,11560.923900125872
2012-08-27,25682.65709419637,954.8260412020335,11583.483297309102
2012-08-28,25430.670636279207,699.7082660257236,11774.051632752484
2012-08-29,25584.577937662954,863.3880576449383,11692.748749915332
2012-08-30,25539.365312060607,925.6091678443491,11697.636145576707
2012-08-31,24998.586187139244,630.3342331240121,11457.676272752695
2012-09-04,26251.83392696535,647.6425358428638,11838.891724237576
2012-09-05,26340.54493620374,559.7003605326759,11822.084881649347
2012-09-06,25529.299440372703,761.6161206025174,11716.453495460833
2012-09-07,28164.975170394056,659.7777582032274,12687.167349058996
2012-09-10,28858.648183298807,875.6305057210877,13327.313762336073
2012-09-11,29001.357722203014,686.8125959240891,12943.165720114801
2012-09-12,29613.690722586194,907.6664143299058,13170.57470707497
2012-09-13,29278.862615365342,957.2135650888093,13274.857820882875
2012-09-14,31261.22962620342,807.3992595125757,13895.122216802181
2012-09-17,30674.568111426936,756.5655124009066,13911.522204637417
2012-09-18,30385.3155252213,1023.7047038799633,13806.3398460657
2012-09-19,30648.829686841942,899.1405548277024,14028.603023166832
2012-09-20,25565.538235836946,1042.1942070788468,11988.010968069986
2012-09-21,25822.301079298748,969.9115378938316,11947.389208422512
2012-09-24,26424.435252152016,1088.5327043308034,11978.950580417253
2012-09-25,25889.75385740765,753.240691838942,11891.621968384528
2012-09-26,24894.879528770496,847.753848338051,11497.527676839083
2012-09-27,25658.999951261714,566.7697468255726,11300.641272589197
2012-09-28,25487.795662004904,844.585550369434,11763.722919300553
2012-10-01,25595.450695112984,583.1684741535801,11627.689450442374
2012-10-02,26024.207970897845,679.733253188826,11754.604041254968
2012-10-03,25811.940030594156,561.9919966038391,11715.326734842947
2012-10-04,26046.451490011506,681.1116226063369,11740.010100455764
2012-10-05,26577.46647477907,807.896007667209,12164.369401987899
2012-10-08,26147.822666159154,809.5845417939936,12058.07461563362
2012-10-09,25638.913542769133,793.3546629824862,11830.506331431518
2012-10-10,25416.865860687427,604.7446134327585,11533.140911136114
2012-10-11,25190.16131819471,725.115836103157,11309.615671059535
2012-10-12,25123.44726383737,681.5533513578324,11230.39028733167
2012-10-15,25477.155469836907,560.9659947674869,11183.189178579481
2012-10-16,26049.223051360754,515.6122155774178,11438.879202405897
2012-10-17,26198.57080671127,809.9541652920958,11618.981132114079
2012-10-18,26024.973106770933,832.5866635122466,11905.76506953641
2012-10-19,25829.4032435004,719.0288701107124,11705.892351967079
2012-10-22,24448.310292238122,516.9313542774528,10912.119177062013
2012-10-23,24233.774351832744,458.8610099845529,10996.33586128571
2012-10-24,24136.09789037844,420.3306377101287,10662.11295654344
2012-10-25,23521.612006255164,377.8453146569876,10440.783623928393
2012-10-26,23910.204786618706,454.18620183349464,10569.655969037796
2012-10-31,23656.53758944016,357.34593464780113,10310.394833613245
2012-11-01,23270.799851498945,474.5598495416731,10274.495439336924
2012-11-02,23712.07073668788,633.8144177260659,10526.009565637984
2012-11-05,25110.478389478736,830.941326607163,11313.873242312558
2012-11-06,25143.172664033573,409.29266838278994,11316.091011835375
2012-11-07,26142.286150353422,629.0869491089069,11555.91920418263
2012-11-08,25070.180152884095,480.26204483321385,11200.816345427764
2012-11-09,24432.374016898564,457.4954558244926,11031.127337779608
2012-11-12,25413.896074864944,163.15598561423332,11097.17193430659
2012-11-13,24470.143754600045,575.7893695736449,10881.149340010412
2012-11-14,24898.799942197802,382.9602997587817,10917.764200907173
2012-11-15,24823.848522458244,432.6905854464546,10740.726803697871
2012-11-16,24022.18552668261,355.0748489841079,10599.33045456072
2012-11-19,23765.858597608792,391.95586393152973,10602.159921016351
2012-11-20,25669.217385720905,436.09541319839155,11178.881005430625
2012-11-21,24856.415509210692,433.7248500228582,10922.584189896637
2012-11-23,24621.67102095987,373.6797270738553,11023.322057228866
2012-11-26,25896.374320883977,625.2895674774506,11577.027204883472
2012-11-27,25684.36130469063,484.94347147837004,11644.898213504313
2012-11-28,25406.886395026813,470.08702777650717,11285.82351577509
2012-11-29,25107.434629729003,557.9756261840653,11454.617710447446
2012-11-30,25897.08117748369,701.0995148165944,11703.463342316556
2012-12-03,26324.33132219946,593.0856249615571,11592.742303140358
2012-12-04,25433.806016946248,735.4048699464144,11427.76839229348
2012-12-05,24738.45625200901,509.544092764734,11281.774505371586
2012-12-06,25289.201741382134,400.5735685020477,11388.021488881352
2012-12-07,24984.624048873946,568.4467124501474,11481.642609239387
2012-12-10,25504.236068197253,587.2424181447923,11798.116128572157
2012-12-11,25539.206965674624,825.2095250089718,11692.586541955781
2012-12-12,27385.825294871433,602.5815016856773,12212.98660491619
2012-12-13,26852.72642064509,693.0237388792794,12438.47406730653
2012-12-14,26150.03467223398,518.7100786613825,11989.721291996117
2012-12-17,24129.7669442026,1275.1298901443713,11611.452914441074
2012-12-18,24674.53797359132,535.9474157124663,11030.407173189034
2012-12-19,25161.694992361685,343.315045657011,11268.565549521447
2012-12-20,24636.765974600785,533.3698422061545,11164.16390649177
2012-12-21,25606.47566742595,486.19600730001827,11171.83979364732
2012-12-24,24816.42636077177,338.7875014235606,10900.464379784991
2012-12-26,24352.214163730896,414.44448901053744,10811.787115972806
2012-12-27,24070.08482025295,438.10722658122313,10769.461798706892
2012-12-28,24380.265164261487,349.3927641027131,10882.470522203896
2012-12-31,23058.32666418995,510.7768472342776,10416.699618200453
2013-01-02,24440.358182757107,398.6416907475212,10832.872034145585
2013-01-03,25811.47459095285,726.5613600459361,11765.59319682114
2013-01-04,26722.52930129693,695.5725402303686,11752.804934835394
2013-01-07,25977.618820297033,523.0219822006185,11843.44672476652
2013-01-08,25709.153883667674,681.5929984656744,11784.006587883272
2013-01-09,26390.04467637348,560.7690584529736,11874.143449563078
2013-01-10,25885.079166524218,629.201130284568,11736.998020974881
2013-01-11,26546.08379898199,779.0213416074,12333.71621317568
2013-01-14,26731.960746912224,1065.7056574121907,12363.479387238349
2013-01-15,26463.37031916708,693.303112165913,12093.75994110523
2013-01-16,26480.40073352533,553.8127004643353,12236.973164598707
2013-01-17,27300.925276797614,661.1927550378607,12377.246341986427
2013-01-18,27360.03451708443,670.4974111308726,12494.318803255494
2013-01-22,29130.178486907353,735.4439016978231,12851.742604128307
2013-01-23,29431.3905302477,630.0685740993915,13025.510334775161
2013-01-24,28789.855314675897,576.4773642224412,12997.540723636528
2013-01-25,28396.0643446385,746.4742832483912,12825.749438114168
2013-01-28,29091.270708001117,679.1229607759587,12939.062896555872
2013-01-29,28952.703848122,764.7950439591032,12719.308936896701
2013-01-30,28525.325032023895,749.4050779052193,12568.13445238387
2013-01-31,29554.9979421901,543.3592099581317,12837.064430436792
2013-02-01,24090.940431694107,684.4770232643743,10651.527396656022
2013-02-04,24329.587442646607,840.9781022170639,11076.573572220772
2013-02-05,23951.066997980066,699.1148373392327,10709.666713407716
2013-02-06,24649.38663857158,674.7302409410427,11112.820131848643
2013-02-07,23872.289949427577,677.9814149547341,10898.028278167852
2013-02-08,24112.919146537864,791.6249593436268,11043.168983489824
2013-02-11,24059.25146831752,657.0544759535579,10985.455369022964
2013-02-12,24473.758268084926,784.2068413069524,11070.040682083882
2013-02-13,24179.146028614447,655.1300641300237,11200.46261394671
2013-02-14,23549.470831184564,956.1112700101592,11184.067695276875
2013-02-15,23905.77553750801,872.3789428971036,11227.074546510768
2013-02-19,23964.48327117277,596.6714882507143,11056.456959497084
2013-02-20,24297.056976947348,777.7631039684002,11304.981209614316
2013-02-21,23935.946035642904,573.9168492741709,10714.607574798922
2013-02-22,23087.19045702017,724.0950639320789,10654.325679584515
2013-02-25,23920.5214104179,621.2118369179561,10984.73594610748
2013-02-26,23100.319638381265,263.1901684028123,10223.04772477902
2013-02-27,23477.7867306783,617.3309910333851,10481.70601133163
2013-02-28,23761.979162955937,665.859588285642,11058.26893882259
2013-03-01,23815.676067638127,737.8775812448297,10963.630751858263
2013-03-04,24922.818909715465,555.210523087623,11205.051149291403
2013-03-05,25352.74556324943,685.8389351220103,11587.006866670781
2013-03-06,26247.016355142743,655.0632109853044,11947.287302854458
2013-03-07,26318.559089256094,679.6753810356527,12097.8483003402
2013-03-08,26858.458419004506,754.2377379356903,12295.917748837446
2013-03-11,27347.138557412396,559.3518305870051,12284.285478644702
2013-03-12,27302.744793535712,553.8603092205142,12329.474013472176
2013-03-13,29019.630800970892,758.7148429219361,12776.493091293667
2013-03-14,28459.95060473356,440.4359027917577,12531.599394396355
2013-03-15,29142.442772815728,610.6205025455827,12391.05306037181
2013-03-18,22338.565797140956,666.3423401402803,10467.426117155615
2013-03-19,23355.866138838715,735.6648519065805,10210.361148183903
2013-03-20,21974.686649672418,619.3328140013838,10180.669919203896
2013-03-21,23250.21880715146,622.2328696662279,10471.240598093755
2013-03-22,22171.608938958067,308.3114534131367,10045.187694432743
2013-03-25,23486.397343213506,645.292177767594,10454.726352697848
2013-03-26,22339.620233430338,646.0128253253173,10298.935876646341
2013-03-27,22878.043206699564,747.9270044299013,10553.026567523808
2013-03-28,22895.960393205703,904.0462093384799,10663.66532037048
2013-04-01,23151.091112863192,502.0158691108438,10612.629187939694
2013-04-02,23268.411896123213,511.9935509255229,10540.946759187293
2013-04-03,22917.61915905335,807.5576438058449,10606.182456908882
2013-04-04,22489.23272034578,641.032172244996,10170.367895127696
2013-04-05,22848.806170636366,613.2966647460753,10320.893264860862
2013-04-08,22785.347154691462,449.54395004590566,10093.368156432054
2013-04-09,22541.625790974464,755.829354257442,10510.067552562929
2013-04-10,22920.967740660606,625.6159815717732,10625.602882187553
2013-04-11,24073.628583371676,746.7671966039358,11188.859670364565
2013-04-12,25175.22314319898,775.9936152533585,11457.403369620117
2013-04-15,24805.045247757036,700.974083809804,11359.234138635951
2013-04-16,22124.88556341857,113.46459749826855,9805.57356552638
2013-04-17,23629.427236456904,358.0542423999113,10728.857162640685
2013-04-18,21826.098868569712,309.90226832386764,9861.706078132613
2013-04-19,21542.498359327074,229.20426566508027,9624.379412263434
2013-04-22,22692.843451262397,311.9167516651836,10161.628558531853
2013-04-23,22802.7426653953,479.1123571963126,10551.09059749088
2013-04-24,24045.02031140818,824.2005693680915,11384.333676327535
2013-04-25,24528.22692752257,717.6171100782968,11752.758314435974
2013-04-26,26599.11978112159,479.4110149547549,12247.19324583083
2013-04-29,25864.366796340437,917.4428977405695,12063.316376490799
2013-04-30,23348.23015783849,345.56650519518377,10366.627758268518
2013-05-01,23222.921746034048,396.7802449650972,10520.164334008325
2013-05-02,23147.69374051228,285.9584978772343,10172.141809782861
2013-05-03,22849.95192644681,624.3268500186891,10432.329875951136
2013-05-06,23963.382026596333,579.3664555136698,10776.465424731645
2013-05-07,24264.96726533671,557.8873677517554,11007.399977428817
2013-05-08,24923.420085742735,459.89706941769253,11159.300787243457
2013-05-09,24874.710412336288,734.0094347041297,11421.2511200913
2013-05-10,24570.555344728804,607.0469957935379,11273.273635205203
2013-05-13,25110.79852198735,669.925964234101,11267.81424456897
2013-05-14,24360.05312369892,784.351483604628,11323.561779673006
2013-05-15,25199.368208074677,704.5281235063719,11678.600854464385
2013-05-16,25492.122999490395,970.5817811697822,11859.31486342471
2013-05-17,25484.535629335605,645.0747453336382,11611.435313248374
2013-05-20,26221.940379528096,723.9890146131023,12019.598979338853
2013-05-21,26261.766744655903,792.7698173464659,12026.278541262527
2013-05-22,26778.340418756034,658.7596784725739,12002.638194621377
2013-05-23,25679.51084771632,371.20532663102375,11674.546889116045
2013-05-24,25854.054661754377,686.6588031201261,11808.087384798731
2013-05-28,25759.290036935483,659.289054817239,11865.012959413802
2013-05-29,27065.941922984308,777.9827246518308,12123.620849515246
2013-05-30,26125.04560467914,711.6784301815023,11943.378503883181
2013-05-31,26598.50691425304,488.5310549399901,12044.994952480678
2013-06-03,24905.55523262314,600.1420967903617,11275.25065696682
2013-06-04,25929.268093925402,510.027706444553,11693.790420489957
2013-06-05,26118.42709181988,644.9080950284521,11585.92083445549
2013-06-06,24059.91379749952,414.45440464030895,10983.819959031915
2013-06-07,25242.31355899305,732.3754258781662,11839.623881824173
2013-06-10,28143.28137282545,558.5891482936438,12320.279158764164
2013-06-11,28056.537110852933,511.27868018711246,12166.740641624356
2013-06-12,21579.190994272412,517.7801745881919,9800.003136062407
2013-06-13,21737.35013651579,288.1040571926277,9568.860130127143
2013-06-14,22287.455518248025,385.87342345606015,10052.652811027328
2013-06-17,22046.659538378066,290.98686902202144,9857.47919894485
2013-06-18,22343.670957740516,462.2948435115481,10125.977282583282
2013-06-19,23310.74407931541,655.5702357959271,10382.631735079387
2013-06-20,21286.19133245811,410.9306787085855,9705.69888833787
2013-06-21,19810.424917661916,184.76137761765895,8808.94490206035
2013-06-24,19738.531927618595,193.33143645033147,8956.13304356763
2013-06-25,19609.572044773104,130.9498380170732,8617.320220791764
2013-06-26,19874.569626745342,372.8014109488861,8767.681121266267
2013-06-27,19809.63709538645,107.62963442630074,8803.898540649894
2013-06-28,19638.098055016242,329.03530607157285,9010.159112668473
2013-07-01,20664.514898218604,260.9795845330602,8963.320127127588
2013-07-02,20847.05775136274,354.398132833222,9322.82202989229
2013-07-03,20262.369878639285,373.7464802625817,9217.186258783793
2013-07-05,20342.204457694264,400.2409534449894,9275.36896582423
2013-07-08,20374.030789970915,613.901026413842,9527.467057048638
2013-07-09,21436.53681074706,530.6372151174594,9885.992038958855
2013-07-10,22960.07774357786,549.9228072150964,10436.475745663145
2013-07-11,23001.825949197257,600.177523469122,10509.150077814033
2013-07-12,24317.01986038082,579.5894909285215,11320.407919875153
2013-07-15,24822.75033599037,737.4252716750193,11372.215449914362
2013-07-16,26151.650147618824,756.3076403620512,11686.059497678805
2013-07-17,25504.205449748933,709.057121690719,11491.745010061348
2013-07-18,25730.08346745252,574.833328939786,11618.341979491164
2013-07-19,26923.747350141653,595.3615535736119,11865.63675855404
2013-07-22,27319.736839256788,599.9488636994323,11955.71792295254
2013-07-23,27064.16684163746,440.21085212616754,12180.061641035696
2013-07-24,27256.83471108494,632.3156446801504,12187.63019215017
2013-07-25,21470.56432041905,505.0157825444544,9717.522171134413
2013-07-26,21943.164060403567,592.8774075051268,9899.624008350447
2013-07-29,22333.35741468177,470.9714319445219,10126.606128563197
2013-07-30,21510.631665329445,753.7149691526118,9788.45417591974
2013-07-31,21589.479467806257,509.20796390985373,9724.105212557257
2013-08-01,21529.680244316252,471.4746092135988,9834.092650921086
2013-08-02,22609.3658298176,791.043118077041,10453.408184402233
2013-08-05,22819.1034316299,444.51768941472403,10359.926427838784
2013-08-06,22509.775864628067,940.1795265032141,10357.77845582422
2013-08-07,22014.71466423111,797.2096098482082,10117.76049797161
2013-08-08,21370.714903985827,573.0753243929872,9818.943261318045
2013-08-09,22453.42685569994,692.7367958545968,10198.90132746254
2013-08-12,21058.862597127212,564.7760821344812,9939.704174155044
2013-08-13,21594.27863392614,628.2563891322927,10036.600898714498
2013-08-14,21614.878843853527,675.0304115248496,10129.039369802822
2013-08-15,21425.886940086155,486.6315365134367,9768.965965598947
2013-08-16,20677.791465989416,569.7905085417116,9458.046954081727
2013-08-19,20922.27115339027,555.1081260875422,9408.973389544402
2013-08-20,19726.14288606751,481.89361270134395,9103.235098393383
2013-08-21,21063.565185636307,378.7322173061338,9293.341022408182
2013-08-22,19869.07222560829,256.0672984667192,8978.034866871738
2013-08-23,20686.704602255628,392.1693348438796,9328.53704242813
2013-08-26,20958.286578193114,516.6443939339008,9572.310742284048
2013-08-27,20963.991231902157,408.10628314324964,9447.708366614565
2013-08-28,19800.106135769547,437.7629082986789,9038.927402893194
2013-08-29,20979.43107488867,201.2466781408953,9029.20124166778
2013-08-30,20974.800335443302,109.53676981376042,9058.803548915346
2013-09-03,19538.29318838046,361.9160564398895,8812.491128649583
2013-09-04,19808.15347128739,371.6966329424685,8747.723488855458
2013-09-05,19974.640499890535,616.7177966183392,9031.961846669734
2013-09-06,21199.778315652708,453.06022467100814,9639.417865938743
2013-09-09,21761.221326951963,570.9997041747883,9770.542424586854
2013-09-10,22183.312787615054,471.56233060543167,10092.249462509597
2013-09-11,22462.175985632748,627.1220519652763,10317.748918485475
2013-09-12,22473.037098559114,708.155439844726,10478.732448202492
2013-09-13,22697.735164800997,608.4202859346566,10233.200191498961
2013-09-16,22628.507105581793,590.3117487811506,10404.57231731819
2013-09-17,23577.34701649435,732.8787731712575,10599.348435101434
2013-09-18,23407.187973854263,721.8194901477633,10775.598578331756
2013-09-19,24993.01786389003,802.0986292822242,11571.103590855688
2013-09-20,25714.164503403215,610.7270323397466,11560.310386697305
2013-09-23,24676.40718534744,763.6590938066852,11261.60322044752
2013-09-24,23159.046278522364,765.1443425972523,10948.880730932637
2013-09-25,24174.800826749954,640.9761402083356,10861.488114885045
2013-09-26,23939.84237112015,592.0119000427068,10788.640667532663
2013-09-27,24270.1687844175,452.4653046158442,11078.061409497292
2013-09-30,23166.669034981962,571.9014609945468,10607.156748083118
2013-10-01,23574.31509816831,354.11649376328444,10545.244568505601
2013-10-02,23147.205961673106,570.8177883615226,10747.687427263878
2013-10-03,24284.562883880528,548.864594547621,10814.578879336843
2013-10-04,23166.08818957674,377.3751364480919,10345.416733436874
2013-10-07,23166.472766006653,667.995553725491,10871.241963442497
2013-10-08,22804.758368100822,277.2754462229267,10369.18708913019
2013-10-09,22225.366553057527,279.2385806460224,9851.045381128682
2013-10-10,21617.225142379983,206.3819870757726,9826.320899673574
2013-10-11,24034.673040207126,445.2018900905188,11149.595425404626
2013-10-14,24972.189241114615,696.6041126982295,11347.113826917242
2013-10-15,25595.35303602586,402.26050820604337,11624.303139008765
2013-10-16,25972.97047579457,376.07451992272894,11763.477542597373
2013-10-17,27233.677603387045,463.9019699177572,11834.694576747983
2013-10-18,22088.645433044472,522.5236524927019,9839.551284434048
2013-10-21,21582.431187072845,469.8263272491287,9896.487838387731
2013-10-22,21989.031523533424,465.4793204702098,10015.338296345197
2013-10-23,24109.406463036838,529.9042287598219,10441.208060145487
2013-10-24,21941.743918174627,684.6836654681049,10235.016040741395
2013-10-25,23234.39734805288,515.3894066283973,10403.204763651014
2013-10-28,22911.66774935936,774.695054288488,10682.350552694776
2013-10-29,23518.656801039102,526.1180605681833,10714.968970539263
2013-10-30,23887.687313854894,590.9887142032727,10992.744762006294
2013-10-31,24149.797732637508,449.473338657614,10681.910300467556
2013-11-01,22840.026400077222,700.3563355771823,10409.737640981903
2013-11-04,22889.10273892044,387.14882791026025,10508.731612286632
2013-11-05,23260.22305409695,554.3777726490196,10767.228249898844
2013-11-06,23554.539858356122,592.3821287890019,10617.867318404864
2013-11-07,23385.516901045798,866.7028185503752,10781.715553243563
2013-11-08,22260.1412112194,532.1163358470236,10367.580851161478
2013-11-11,23347.350389758514,630.9865972835338,10845.066095636374
2013-11-12,23784.653967509767,642.9539248858874,10990.45909329031
2013-11-13,23519.672688340892,678.0046477924593,10876.996886039373
2013-11-14,24358.46744058564,424.02005467048724,11344.714258049524
2013-11-15,26546.18000999501,551.4160631454222,11485.408101757946
2013-11-18,25840.323488318896,717.8194253153991,11673.687709886552
2013-11-19,25242.301864211422,894.7288427943528,11508.124955380106
2013-11-20,25177.070213976807,715.7038700085118,11587.791672520372
2013-11-21,25233.657701820648,784.209219395498,11492.008788744446
2013-11-22,25687.875959860125,582.293172508266,11685.079451542755
2013-11-25,27113.477510726425,327.57756675895314,11739.05423791314
2013-11-26,27140.674604264255,307.36931847207046,11901.382449006656
2013-11-27,27041.074452456098,577.349793423021,11803.651657950006
2013-11-29,27334.078941210133,379.6849846317916,11730.52511688336
2013-12-02,20835.10591590864,449.52236379563726,9464.034248662661
2013-12-03,20886.377088803234,137.94233365691707,9316.325154535045
2013-12-04,20575.0627417692,249.82253775885926,9121.38038972218
2013-12-05,20212.720530332877,313.7110735682864,9191.247641891698
2013-12-06,20088.1222503624,223.8969433833878,8933.02967063773
2013-12-09,20802.834486476328,376.6358125718138,9320.582284514625
2013-12-10,20837.758465793675,506.82550777006,9495.704129516846
2013-12-11,21502.452762846333,342.8074536159697,9555.836849870317
2013-12-12,20200.433040819218,164.84179295848799,9024.204669351311
2013-12-13,20193.7177192237,309.78154824684424,8783.752444162164
2013-12-16,19563.00241187748,88.50717412075316,8775.839173694802
2013-12-17,20337.927941712984,-18.675436128890734,9002.040257843639
2013-12-18,20255.234112620838,261.35751617880186,8992.175289044504
2013-12-19,21243.52281859949,368.7557506388139,9565.241037782303
2013-12-20,20290.663090353297,508.59783058183046,9424.037027703862
2013-12-23,21093.42736221513,407.33535345032203,9711.268215392063
2013-12-24,22533.25659265756,425.16760921678144,10092.109860247181
2013-12-26,21862.900773525667,571.2072472699998,10285.42622561324
2013-12-27,22903.017856947616,678.8570345504675,10707.919736993863
2013-12-30,23502.54007738941,578.3078642467274,10801.630924861585
2013-12-31,23114.51897765842,349.6979039262381,10663.17460602327
2014-01-02,23949.32709948326,497.8077274029851,11065.856675790994
2014-01-03,22785.275920251497,597.5989009207264,10606.985638628992
2014-01-06,22861.27531180595,783.0955204271004,10763.651540323488
2014-01-07,22247.96552703284,591.9751963539074,10436.502695047751
2014-01-08,24592.600575234384,646.7009819393658,11188.741995819404
2014-01-09,24251.722892634523,633.986379149659,11163.869703746806
2014-01-10,24841.03361550431,598.2820569298824,11409.416100257633
2014-01-13,26259.332703180105,552.6712424033452,11847.009279819744
2014-01-14,22443.39372338501,1028.330943466359,10801.133076570317
2014-01-15,20716.541146471434,545.4906065226625,9337.629328392542
2014-01-16,20648.283918801626,548.1830133088816,9716.94467242548
2014-01-17,21267.669938375493,500.8842511856461,9680.327619293561
2014-01-21,20988.38145596292,438.2015700774012,9417.803998774094
2014-01-22,21063.00628105618,484.155892011904,9664.488426545466
2014-01-23,21345.69310931729,242.84054393148023,9545.290444310001
2014-01-24,20606.491792396024,498.3809724453449,9414.992215473161
2014-01-27,19701.41338854378,126.28105740591124,8700.285364171606
2014-01-28,19688.324791329727,80.91651576170824,8550.865470025907
2014-01-29,19433.106028478753,158.10001558699412,8559.051295237963
2014-01-30,19212.11352669239,171.94348747168394,8586.983510257533
2014-01-31,20061.958833418183,10.802426309432834,8568.602513204627
2014-02-03,19261.367441584913,-79.4327130518103,8455.252864426124
2014-02-04,18264.75038182543,-48.63386577707701,8265.844260828522
2014-02-05,19275.393957737706,-162.41181927742906,8203.668347351868
2014-02-06,19092.409089906676,47.49278236997158,8242.915855783784
2014-02-07,18921.148767562252,-23.128080255476334,8429.740452467946
2014-02-10,20289.56192558024,181.70436227111898,8720.758119158398
2014-02-11,19225.269204777323,225.82048240686962,8696.122741657737
2014-02-12,20380.18176795552,124.41406141857954,9199.354139132922
2014-02-13,20752.7998617163,343.83057222086654,9252.836538510057
2014-02-14,20821.787206502973,253.790255283613,9553.35171749937
2014-02-18,21935.510697006746,632.1408942403291,10098.47135368338
2014-02-19,22143.74179880189,651.1731729656965,10258.748883886645
2014-02-20,21041.229140421783,273.23502263031173,9536.166174698508
2014-02-21,22035.167149193898,486.6260922136912,10225.184636619533
2014-02-24,21516.5071997541,352.2369761168211,10205.59152891511
2014-02-25,22999.82826632699,730.1147263038697,10799.200129504121
2014-02-26,22150.025382833534,506.80589284435416,10904.986647105214
2014-02-27,22509.402636195864,1316.7556295355444,10997.324937366819
2014-02-28,22531.695473726682,388.78205304692665,9884.057284092894
2014-03-03,21822.222131250022,237.60020113662966,9920.265286852322
2014-03-04,22445.72133162868,224.9501813545701,9776.302781832583
2014-03-05,22601.86938044323,576.6578721898476,10293.660244186864
2014-03-06,22334.210916859913,304.2330447070323,10305.509475064764
2014-03-07,23061.01645968961,193.00171464138808,10376.998108239452
2014-03-10,21739.566792792848,521.4379831707531,10265.384625381648
2014-03-11,23087.143239869405,374.1455345908117,10359.437218568139
2014-03-12,22233.71438529342,411.8931847985212,10134.703372805985
2014-03-13,22059.351089554522,452.4930259513108,10220.90468067891
2014-03-14,22081.335521126777,253.79830417925507,9816.835149720562
2014-03-17,22237.175582182575,56.317914971969344,9809.38020624901
2014-03-18,22184.725051812078,546.7748123772001,10014.088424856907
2014-03-19,22282.66929676312,589.9946352851964,10346.561306416252
2014-03-20,22223.27841043176,353.258579747607,9971.541251554834
2014-03-21,22790.36462689779,555.0442093014937,10396.857790193075
2014-03-24,22124.761664175363,503.18947470705734,10169.425681452345
2014-03-25,21691.89462939048,402.02735513708416,9896.654162418374
2014-03-26,21733.725064088765,612.0662387202049,10141.041149686589
2014-03-27,21521.668458149168,194.75852211636095,9738.668943791921
2014-03-28,20958.74432108015,276.8358899073484,9567.957710001137
2014-03-31,21318.411791916613,399.2500999050456,9847.104570457159
2014-04-01,21987.03751476717,615.5883548425269,10443.360959094693
2014-04-02,23763.434142008413,304.8177772622779,11076.065024266958
2014-04-03,24682.033122389847,490.1579461865103,11241.491871439284
2014-04-04,24994.133373346605,280.1690333863559,11175.227496222757
2014-04-07,23478.523324069767,384.4794756673058,10555.277170205129
2014-04-08,20156.205890998575,112.88111076253638,9522.294360435815
2014-04-09,21385.098438139732,384.2103629166352,10056.810160463823
2014-04-10,23180.049682182904,1046.6234100252298,11263.187092306369
2014-04-11,20744.495911620725,239.28544008459514,9531.861858707953
2014-04-14,21286.613644304183,31.58113057052491,9448.934492374312
2014-04-15,21720.576863454484,119.76012057041358,9667.692514637394
2014-04-16,21380.651787451447,370.33418543542666,9774.663978988929
2014-04-17,23053.62209750854,326.28034530167247,10280.538112298993
2014-04-21,22493.062188502583,320.2843761709112,10392.834284223278
2014-04-22,23192.71571291351,420.96379442907386,10473.716704353263
2014-04-23,23667.609305420454,352.16418837220743,10803.155055541134
2014-04-24,23526.31380526999,228.92584660271993,10547.699835475338
2014-04-25,23992.530084638296,132.0552727002083,10800.518079042726
2014-04-28,22966.261894019222,408.3889198883202,10315.819364476329
2014-04-29,23539.067910619182,229.45577702020137,10567.345811878457
2014-04-30,23551.92776718456,564.4111527410237,10730.309494019193
2014-05-01,24151.527301910763,579.2949618400686,11001.943327137862
2014-05-02,24318.192887945756,586.4824684369203,11017.901747384434
2014-05-05,23569.146721357538,532.8068192589436,10887.503809494845
2014-05-06,24370.965853263093,505.6427862157585,11178.305054995108
2014-05-07,23708.139627504468,458.8389633387995,10782.522192029855
2014-05-08,24576.1124354522,310.971627640422,10960.51494203916
2014-05-09,24445.333971092925,484.9052135651784,11145.495849957802
2014-05-12,23705.92770835295,497.4981887808591,11124.040095118577
2014-05-13,26166.29643002711,382.14595218789225,11834.981333601947
2014-05-14,26798.026382922388,459.35819344564294,11781.457803850768
2014-05-15,25927.56428666296,536.9233762738643,11756.42038403164
2014-05-16,24704.767621151503,552.0100330182854,11281.313753169614
2014-05-19,25227.654457617213,527.9619458851662,11606.794336760735
2014-05-20,26218.84417152747,456.1273347146463,11928.993376278328
2014-05-21,25852.082486241216,400.98641735476923,11757.01395796667
2014-05-22,27573.74565093596,491.93328168811036,12186.362118063646
2014-05-23,27167.876573291323,413.45296027109606,12098.871129291916
2014-05-27,21550.004602381494,421.68610616467225,9727.599201811829
2014-05-28,20955.647397502962,413.4464621211018,9690.152478953269
2014-05-29,22132.72391619594,456.78187548037425,9966.146151848217
2014-05-30,21878.561488641175,386.2762495015636,10021.385309532225
2014-06-02,22279.60171105121,466.8996521123101,10239.647252533612
2014-06-03,22595.762930160083,252.7473677733731,10177.877641186065
2014-06-04,22374.1029294174,520.4459263757067,10224.774471001918
2014-06-05,22613.99573111472,569.6870250210809,10169.525729881578
2014-06-06,22847.176459486407,519.1160090529338,10616.293633498617
2014-06-09,24326.47899145804,504.37454597647934,11102.859229122572
2014-06-10,24369.16022132835,290.1857648030449,10998.626873286352
2014-06-11,24022.42926330069,512.0340741718891,11087.567870619128
2014-06-12,23743.73834802181,455.7240007411037,10857.735172213592
2014-06-13,22589.99713886362,699.4033058491184,10579.00380893737
2014-06-16,23455.61003354068,512.0197706895694,10716.600795977565
2014-06-17,23141.231271498993,516.5263537003601,10867.872369602292
2014-06-18,24450.316656233772,671.1632911095131,10956.824231599536
2014-06-19,25449.375114441842,397.33553578598315,11526.746558713261
2014-06-20,25721.641919171656,665.3943433110751,11809.60787684893
2014-06-23,25143.731947803815,749.8504291536537,11994.209244109654
2014-06-24,25935.21544601283,786.9924261493326,11791.513967467316
2014-06-25,24581.97839640076,643.4544817389025,11591.464574306128
2014-06-26,26076.693887391022,326.6179694041842,11913.799776188464
2014-06-27,26943.46617516596,487.5464998827489,11915.169895285038
2014-06-30,26425.258379251467,436.4891096223384,11980.602983027577
2014-07-01,26707.873256256134,440.7762279681335,12282.654416483128
2014-07-02,27325.33124350286,226.88371844149813,12177.025859406582
2014-07-03,27344.452685913533,384.6363773290543,12080.463137753055
2014-07-07,28029.159746068195,550.7174548802676,12294.317453058151
2014-07-08,28768.252015792816,582.4303978893524,12380.680511645522
2014-07-09,22137.235801987314,524.472174804001,9822.744323060391
2014-07-10,21502.40304772717,570.4162222227105,9863.453863703504
2014-07-11,21751.114097037604,402.1443246652539,9859.424032658768
2014-07-14,22018.19685432135,307.89112034504933,9887.988638029197
2014-07-15,21807.166263242103,371.33073974871905,10083.471005651494
2014-07-16,21919.00942407941,592.9491147454956,9887.304483879496
2014-07-17,22584.751399766476,375.00732017341386,10258.78046159677
2014-07-18,21088.644206571953,244.2564326142882,9601.685803839273
2014-07-21,22345.152018270997,317.7107005636072,10162.526953939137
2014-07-22,21785.8553851502,460.61332973128157,9926.072003992971
2014-07-23,21987.475171928618,341.6240474443102,10176.79376161194
2014-07-24,22375.757484146303,530.5665310732883,10309.784270252521
2014-07-25,22525.25838728256,300.0735150394282,10376.53858111511
2014-07-28,21428.772190872016,499.5129756063478,10147.53746462206
2014-07-29,21608.898633556517,618.7903110088445,10225.918515695896
2014-07-30,21891.128355943074,368.7000243997646,9942.87220765071
2014-07-31,21557.11299833179,344.4739362015882,9841.025228246348
2014-08-01,19842.680772258645,42.42738794536942,8850.914081579094
2014-08-04,19548.390064124513,-129.73490692731494,8688.623589949442
2014-08-05,20079.818233574995,320.88405887848563,8998.83274887203
2014-08-06,18931.79288725694,128.02606220293703,8542.002507184303
2014-08-07,20126.57597836021,85.86260075411053,8708.981856443606
2014-08-08,19551.476758512625,120.17972378493054,8505.717030241736
2014-08-11,19943.07817761926,120.0298301668115,8870.929984627921
2014-08-12,20148.170682921354,47.574365181563856,9023.565786751218
2014-08-13,19757.838130576154,91.24639386397811,8783.490725652273
2014-08-14,20011.21559755124,303.9251997754943,9199.571869229476
2014-08-15,20380.72302733368,429.3956010203721,9568.861081567788
2014-08-18,20527.680423055564,326.246839568191,9558.020332585007
2014-08-19,21829.873235504394,1297.445068889294,10740.042397686504
2014-08-20,21149.78641101357,218.5457729264996,9533.218854422314
2014-08-21,21804.116879392415,94.88365958823034,9736.278819163665
2014-08-22,21695.97479162622,387.71698241648784,9719.353668790807
2014-08-25,21158.372641932066,418.49054557479104,9649.55678303187
2014-08-26,21609.58272014812,428.9998585742911,9886.25585030805
2014-08-27,21676.426210389443,413.58813632801645,9918.399023735952
2014-08-28,21676.376405440737,490.8226119735457,9907.717805645274
2014-08-29,20978.689689461837,400.9996658263328,9735.629838673149
2014-09-02,22254.40101307408,280.7146253626579,10065.962009284576
2014-09-03,21438.133260323695,533.1948876676753,9885.651534113062
2014-09-04,21660.740905619754,487.29294319445063,9902.480256013707
2014-09-05,22018.69785504528,323.0455264717541,9930.033143967872
2014-09-08,21982.34944889312,426.3426200703731,10183.853603548525
2014-09-09,21189.717628191567,184.56359584301006,9803.081617043947
2014-09-10,20954.15021160423,306.4404913962387,9423.265188622327
2014-09-11,21049.397426812324,487.42204939404706,9785.58998156097
2014-09-12,21806.703370387087,357.73426030322537,9822.870682301715
2014-09-15,20144.520819574333,391.3050507715193,9314.774472940066
2014-09-16,20494.58531461373,238.69759231563643,9247.359949055586
2014-09-17,21895.02522525978,398.7258296458933,9934.589569927066
2014-09-18,21145.006791935437,379.90819741471523,9710.189665321552
2014-09-19,21921.905050884743,797.4440319778921,10118.209648707983
2014-09-22,21704.804070007947,763.7586748024864,10172.631586358923
2014-09-23,20847.957539038092,275.44520690685147,9535.122863109444
2014-09-24,20294.70254723794,392.15034165973395,9228.457591191262
2014-09-25,20952.351476469044,392.3138156570617,9769.378800745653
2014-09-26,18564.107002675042,140.25227195044087,8413.178892333328
2014-09-29,19094.411154751208,291.56681054759594,9234.617594381974
2014-09-30,19734.234331160762,0.7681053891214688,9143.890855351263
2014-10-01,18309.99212647466,1029.235660638902,8624.055553042735
2014-10-02,19117.335287992213,223.20289720201208,8468.132274325564
2014-10-03,19157.79732103313,120.20108885871163,8325.008507852051
2014-10-06,19088.375467596223,336.5718539997293,8735.40589007404
2014-10-07,19013.320638661466,101.35340016866455,8630.502314524063
2014-10-08,18503.587018842267,212.7846076597462,8194.600011120288
2014-10-09,19854.275609509412,164.54517484394995,8890.394989623934
2014-10-10,18150.418666608737,-46.27238617563016,8118.8384506830835
2014-10-13,18103.522727100513,-188.95495093109173,7811.994737858385
2014-10-14,17499.66605602194,-125.6455519702047,7603.711891068359
2014-10-15,18018.288652785555,-109.16950487172755,7645.742597531191
2014-10-16,17267.332550325988,-150.23448647164236,7598.363463826869
2014-10-17,17865.362918007635,-251.08814636677485,7613.398108591925
2014-10-20,17364.691402580112,-147.3142250100101,7673.458447607032
2014-10-21,18020.709911740058,167.08389403910152,7915.75045510262
2014-10-22,19099.247614452892,165.33001742432964,8669.650424682653
2014-10-23,19033.431316574806,-180.35551784576774,8107.812065568576
2014-10-24,19488.575043363177,5.789842092158011,8519.720951721385
2014-10-27,19361.651514933263,88.23232834076126,8699.911383174489
2014-10-28,19921.129373776548,184.17611734647596,8919.86000091302
2014-10-29,21021.962017183097,241.8384398685415,9418.323126978736
2014-10-30,21160.872765470973,139.19263047946288,9306.779978725275
2014-10-31,21105.928820984773,316.6788740088166,9660.119599466752
2014-11-03,22322.558935535024,395.7555592525664,10112.427932624336
2014-11-04,22302.148232162184,508.6136089227939,9920.14742410871
2014-11-05,21500.191811244593,381.45383923466284,9904.59105358797
2014-11-06,22203.575906466398,296.91903928576846,9975.324094183718
2014-11-07,22505.635843702825,366.9241955685622,10105.696137014911
2014-11-10,23537.15749444498,398.61745823550376,10183.302360544203
2014-11-11,23492.380939820487,367.5199693449299,10260.915734768067
2014-11-12,23192.82926823993,331.110726036981,10206.82077342597
2014-11-13,17136.60595297399,191.04851405340912,7878.193133389238
2014-11-14,17946.33951582182,208.3349085071446,7943.275526500648
2014-11-17,17727.740324719158,216.1852943434532,8058.421438011567
2014-11-18,18251.681987002958,301.99435471070075,8076.604545806647
2014-11-19,18159.915360496703,397.5810629792684,8355.22770193725
2014-11-20,18055.892948448378,182.73483439162206,8161.730181982843
2014-11-21,18219.543647388753,382.6343410286707,8274.986834776408
2014-11-24,18995.33616367628,346.2265862552087,8449.693467511042
2014-11-25,18683.98664554151,235.7425836059445,8521.660458990358
2014-11-26,19032.514667700514,425.7952127626121,8778.382138370147
2014-11-28,19375.134535657973,215.34767320304294,8783.584625079828
2014-12-01,19032.976928562774,268.9748500189158,8523.586067849952
2014-12-02,18302.53739206396,345.52485606592575,8443.908730418969
2014-12-03,19541.659545902607,335.25213712339706,8705.439604584708
2014-12-04,19408.148248669306,421.6538696215349,8850.236925198027
2014-12-05,19750.06038745325,342.93285856052086,8918.240433591522
2014-12-08,19569.013089948377,522.6752683347717,8953.161688142467
2014-12-09,18925.25141282034,312.8233261729505,8456.644429651931
2014-12-10,18743.77479704686,416.80337320532294,8457.622966012676
2014-12-11,17182.864539799197,79.14311674091809,7736.879154461622
2014-12-12,17471.218933075987,25.693914116874595,7849.300883407239
2014-12-15,17185.179597894243,-112.16394069076092,7425.9026411497925
2014-12-16,16191.79610297926,-128.56429686740185,7031.264244039976
2014-12-17,16306.76910190626,-499.9816490311808,6895.811296672786
2014-12-18,17032.031674701186,-440.9266059776022,7326.192665281142
2014-12-19,19134.36938031795,80.65439919843173,8726.499750562058
2014-12-22,20057.11334342834,411.5792372540284,9123.922540123223
2014-12-23,20994.254996488453,617.1821772822516,9424.791071866373
2014-12-24,21448.168862191716,291.516496819465,9665.228141452513
2014-12-26,21439.238885198953,614.51928708391,9548.660078395476
2014-12-29,16692.45091522995,282.7251319146558,7574.514286005917
2014-12-30,17004.52418242956,121.59518046068955,7490.747788173354
2014-12-31,17026.163877891664,120.53087061993382,7484.959935111049
2015-01-02,16340.560434761474,-0.13471582928089484,7243.377002731252
2015-01-05,16599.551933013205,118.04201544576195,7197.616105373479
2015-01-06,16946.07113882351,-120.2788941503284,7066.918449856088
2015-01-07,15937.42495761202,-125.38862179262485,6880.275005373541
2015-01-08,16057.78113450538,-72.5998853473963,7005.4248511877995
2015-01-09,16949.193904843156,15.052505230747856,7364.3685151300015
2015-01-12,16790.789127931967,-61.74803626978476,7226.541927689421
2015-01-13,16221.773262787296,-199.4209393914617,7092.485089188278
2015-01-14,16443.3097012364,-201.64248056160483,7065.623097444681
2015-01-15,16118.433101830933,-190.9523898006728,6971.720853558458
2015-01-16,16561.825312690515,-377.22652113663804,7019.987273162685
2015-01-20,16616.288963076786,-261.28273470441604,7266.432085995679
2015-01-21,17007.574313579593,-240.1372549372803,7339.874921476745
2015-01-22,16866.78194864303,-242.0397629577268,7319.265123973647
2015-01-23,17922.764225299434,-24.00409130577957,7826.029461293054
2015-01-26,17366.396996520456,63.661410486578276,7568.646887056901
2015-01-27,16893.939677008864,-26.358170071600995,7569.957469968048
2015-01-28,16734.45155097347,-161.29647374030407,7316.034223046229
2015-01-29,17194.726269152838,-399.7219663916653,7126.382117272729
2015-01-30,16474.623268340867,-295.31761527094454,7045.259747475414
2015-02-02,16781.963183810705,-292.5009829518883,7111.40570227931
2015-02-03,16501.809902169665,-377.45493060765716,7052.237042641587
2015-02-04,16984.931974571315,-308.4088285651138,7278.201506407859
2015-02-05,16603.50172574587,-401.5547279212152,7185.684471937124
2015-02-06,17123.016163671902,-461.36112721848974,7479.116390170365
2015-02-09,16428.33262316051,-362.0094469241152,7151.442058918586
2015-02-10,15936.314860028617,130.94807263047687,6979.8762989097095
2015-02-11,17619.206029891815,2.8343791133954537,7672.842717994036
2015-02-12,17808.66215800457,77.81063021801857,7655.810042051063
2015-02-13,17944.504960358947,90.2638940155228,7913.5679504399395
2015-02-17,18708.240587587927,48.045784048124546,8306.472518285307
2015-02-18,18538.550111997956,37.781933587846055,8223.79310976996
2015-02-19,18110.71522418366,9.653597860890505,8153.325323849582
2015-02-20,18478.61204722486,145.0697239869402,8115.561216058594
2015-02-23,19135.246117180333,138.52259016266493,8458.235982593567
2015-02-24,18516.944720239717,264.1334990860688,8370.128780369274
2015-02-25,19168.458764755862,297.3990997797171,8596.190894163725
2015-02-26,19384.635652808425,295.62703323455145,8604.670028581748
2015-02-27,18941.087335441654,203.33792243600942,8544.149534044673
2015-03-02,18992.738957835532,256.8447772504055,8453.874225519381
2015-03-03,18941.06678069902,435.05173140056877,8646.046652186229
2015-03-04,18947.10093471658,268.61265679946746,8636.828252968715
2015-03-05,18581.391043188938,366.6216578417629,8382.435102475722
2015-03-06,18460.746634996325,334.15776635380087,8382.321974573682
2015-03-09,16851.187279114667,-38.75809738937638,7590.884193704665
2015-03-10,17284.10280335906,85.8065497822982,7752.114424366162
2015-03-11,16068.554138917114,-156.5170185291572,7234.479761765133
2015-03-12,15969.205227715638,-339.64556780793333,6916.850385660084
2015-03-13,17036.149112118834,-115.25896274340693,7623.677515756616
2015-03-16,16819.85885386313,-231.59850524725672,7257.821204370339
2015-03-17,18130.9041439114,47.34875456697536,8059.190948117461
2015-03-18,17860.296823976045,-16.507154721113622,7836.324820789576
2015-03-19,19630.91747381523,373.21353937282805,8942.665864226785
2015-03-20,19198.86612524289,35.18955164559023,8779.914663960135
2015-03-23,20619.485661061648,221.7487170563642,9364.41832400624
2015-03-24,21374.68793155703,297.14268589072947,9543.410502188028
2015-03-25,20219.827528805006,585.135500128814,9289.606499719337
2015-03-26,17012.90783115676,0.6948823523280706,7438.532527360784
2015-03-27,17116.524278653018,29.71623347451586,7407.970921855585
2015-03-30,16732.573520397083,61.57659584355013,7423.619119491258
2015-03-31,17812.89197131434,114.09291416891864,7765.293676385063
2015-04-01,16758.38003209733,103.59836643139397,7471.039065656376
2015-04-02,17361.178745689816,26.339692204173794,7439.921638726851
2015-04-06,17136.588536406525,47.96083923055208,7625.734636210342
2015-04-07,18102.423800026125,153.16128825326885,7859.309809489666
2015-04-08,17492.824243853993,185.55575426068035,7863.894373534646
2015-04-09,16823.8605086261,194.4541937756885,7937.981400174158
2015-04-10,17778.226027226876,234.1388294981847,8157.550342651785
2015-04-13,18831.305500693503,317.43692978741126,8458.39133642104
2015-04-14,18862.821206137607,122.1564261986801,8187.8435520698595
2015-04-15,17885.62143813423,257.73905482645074,8249.506193496487
2015-04-16,19049.344885041886,323.79169457293165,8665.31290042147
2015-04-17,18938.249604745073,152.8307354418686,8529.307882164025
2015-04-20,17908.220062940236,197.97873930923407,8176.755288865453
2015-04-21,19452.396247363307,241.6747083255868,8562.344298751128
2015-04-22,18742.599933843023,293.03723555474045,8537.776287868162
2015-04-23,19565.794066203274,396.24283232519815,8880.822669790248
2015-04-24,20192.823512277984,379.822774239066,9096.636630953277
2015-04-27,20784.960848936735,299.18689882007277,9269.831568921798
2015-04-28,20277.984416211362,340.48367121867017,9054.21969430474
2015-04-29,20077.657564088026,322.71380358604205,9282.228685450811
2015-04-30,20840.71744688817,217.81780972686028,9181.744237830342
2015-05-01,18523.01735166544,186.7048596686312,8504.261299261232
2015-05-04,20808.171679570736,392.9604777210766,9313.787947739922
2015-05-05,21318.868961287564,521.73623899939,9642.528282013236
2015-05-06,19885.10242613627,447.0257086940705,9195.15909233356
2015-05-07,18558.33877322362,827.7284700973413,8925.848489738095
2015-05-08,16760.47378494367,174.59490871815228,7330.653594405656
2015-05-11,17255.652738985955,542.8213935067558,7921.219677848052
2015-05-12,17126.648198337345,286.61115340299693,7626.11155396208
2015-05-13,17239.820201370327,213.26466100594942,7622.038609931157
2015-05-14,17023.111391244074,295.0601987747937,7690.910478775744
2015-05-15,17715.612032325487,472.98506044514215,8146.835465312791
2015-05-18,17478.003208065515,411.6549073058283,8195.124760330747
2015-05-19,18680.977563425186,286.47973725188643,8463.19224274674
2015-05-20,18113.691419019426,361.3744607721094,8292.979250987766
2015-05-21,18208.920887631717,562.3488380368191,8338.955829015238
2015-05-22,18398.16122809361,540.4127540351154,8390.314364435428
2015-05-26,18209.045378922903,423.2058893020783,8415.450327719773
2015-05-27,17338.33850395626,501.39842479725434,7809.498336682595
2015-05-28,18276.996772045757,391.66833784395715,8316.46030406587
2015-05-29,18431.787736358372,426.9097856558291,8158.245675216437
2015-06-01,17869.436150216137,280.51400114624977,7931.807629661168
2015-06-02,17726.82379582726,204.49708973236568,8067.453500929529
2015-06-03,17559.68874263786,355.2224929182031,7972.766073488594
2015-06-04,18757.176849676478,413.8823971107916,8211.802064739759
2015-06-05,16871.280625454092,242.78050614399137,7686.822241388539
2015-06-08,16959.44637951972,227.91496030150174,7693.305009537397
2015-06-09,16495.869182998234,172.4700043230104,7459.240214323838
2015-06-10,16381.532410753443,-8.56565248784741,7388.986793734824
2015-06-11,17522.93306563057,363.6381777332607,8260.004160366165
2015-06-12,18637.659961305737,466.54024088680416,8456.561321671572
2015-06-15,18123.405642296126,115.59784348574388,8105.281152781557
2015-06-16,17153.71404239117,43.092516449010056,7738.653065058893
2015-06-17,18195.92655334844,84.3734895421634,8333.872680417238
2015-06-18,18807.879014684226,181.48698713077894,8570.515469645694
2015-06-19,20421.839991563265,759.9177674717995,9399.986768853318
2015-06-22,16510.34096446813,170.0393262705276,7463.929222932986
2015-06-23,17134.149801854775,294.20195836598793,7562.293820293995
2015-06-24,16805.693842989243,497.0331880330703,7693.2109572944755
2015-06-25,16161.571662569928,220.1694874651698,7295.983444115721
2015-06-26,16283.258707357854,171.20028836186665,7116.0865886308475
2015-06-29,16143.454598260234,179.0287935443236,7172.3757300997
2015-06-30,15356.500338793148,-108.17450946712395,6644.670206342327
2015-07-01,14947.513655838366,-52.425629749441434,6616.386970058752
2015-07-02,15247.168244372324,119.22156917184377,6791.037880370722
2015-07-06,14787.196814040632,149.84468404082943,6735.185668641034
2015-07-07,15266.127842939093,-12.77922251885286,6656.479355245237
2015-07-08,15387.519177873486,41.48154830268983,6856.312200232194
2015-07-09,14904.175647287093,-76.04268135927376,6547.419722733063
2015-07-10,15305.576124632513,-116.05715011938615,6614.715798849797
2015-07-13,15450.318006798947,77.56311371305839,6775.5127534424755
2015-07-14,15747.541027805171,283.4945842269975,7012.685719203112
2015-07-15,16496.466586650167,181.67759487188823,7347.905609887385
2015-07-16,16341.593495713189,126.37307803099829,7248.009598567862
2015-07-17,17260.500877229846,344.0697328583116,7792.98417260614
2015-07-20,16933.260303165884,584.9328782528873,7785.102695742217
2015-07-21,16833.786401351947,365.24445267264525,7714.847860885665
2015-07-22,16328.67605770005,277.0576404145539,7545.1866924880715
2015-07-23,15884.963935663856,218.9639185696386,7383.585372487534
2015-07-24,15615.888060321744,-38.37033771126101,7032.398926000367
2015-07-27,14465.404023162633,-23.57818350938648,6417.512133577766
2015-07-28,14753.098752063801,-302.98287980479233,6325.717510049809
2015-07-29,15673.019063737274,-33.29490203117293,6823.939232079919
2015-07-30,16061.317834075693,134.27829178907788,7285.464664028192
2015-07-31,15321.199475008663,291.5964634219445,7263.774258155148
2015-08-03,14274.793019843417,1028.5395715609457,7101.082472992995
2015-08-04,15504.72643821784,245.25460035588063,6980.968439577821
2015-08-05,15131.87419276601,155.59663033929715,6736.380261046426
2015-08-06,15721.554932418801,221.437639597575,6877.333334991442
2015-08-07,15009.374810625482,41.809114182273255,6639.084262725638
2015-08-10,15246.268398919397,36.22939093810362,6686.694920978765
2015-08-11,16202.48588184296,175.90293504477052,7205.5494199765835
2015-08-12,15468.428496914028,158.18626222708392,6797.490556665255
2015-08-13,15700.291278247603,88.24507419407232,6902.717596594618
2015-08-14,15966.797298981508,69.9590364410341,6863.290123567659
2015-08-17,15836.237823949534,198.98517174904157,7072.295198979897
2015-08-18,15921.528617292588,181.5318331302791,7145.7007241065985
2015-08-19,15837.146988562517,95.66911456174725,7071.308048107351
2015-08-20,15626.698406965217,33.13455031360795,6870.3864639029025
2015-08-21,15220.668291022483,-174.6615593272911,6487.635382710257
2015-08-24,14794.260636258807,-338.8380904710484,6250.062281443831
2015-08-25,14952.408021599886,-600.0008488058368,6159.891159851071
2015-08-26,13955.438314657462,-318.29454150755316,6013.609372702235
2015-08-27,14618.416023065416,-513.28352770992,6108.252096942485
2015-08-28,14643.689641737239,-384.3160193267084,6153.81983858521
2015-08-31,15282.822125694238,-511.9830953471359,6261.238506272287
2015-09-01,14966.628947578942,-545.7254790992722,6193.035144835249
2015-09-02,14263.072815373464,-319.55531380842666,6047.4019606837455
2015-09-03,14402.900238050199,-313.7856100298122,6004.6916152655485
2015-09-04,13873.078136145788,-114.37920873253732,5958.707786846491
2015-09-08,14374.597787305596,-344.1352308674829,5949.45443115142
2015-09-09,14316.133391320256,-252.53760319462017,6064.218900774494
2015-09-10,13877.055504722133,-197.95203324842873,5949.899444282607
2015-09-11,14218.347939993346,-167.6870396394646,5925.600855524893
2015-09-14,13888.752487929007,-122.09904049596234,5945.304949991454
2015-09-15,14002.785995028666,-159.27731029777908,5941.11178004905
2015-09-16,15134.31343993155,-205.18724038278484,6689.174970493985
2015-09-17,15528.831525895073,-148.90480605764097,6815.376277140617
2015-09-18,16189.656261584552,-79.22856994918033,6964.660917858944
2015-09-21,15097.78136312666,-136.53014769101782,6678.97643693295
2015-09-22,15286.508636488465,-9.970331915972626,6645.319751579587
2015-09-23,14880.14527510187,-211.29144615660965,6433.560804398825
2015-09-24,15179.754621522792,-225.20674926375338,6534.919316110721
2015-09-25,15758.074393556013,-345.60821886547643,6561.243444100167
2015-09-28,14994.841070197204,-198.99234304617005,6565.787204908376
2015-09-29,14544.625389340372,-309.755053705292,6161.0779914571185
2015-09-30,14379.927909829501,-270.4227110374963,6208.023830701048
2015-10-01,15267.193821345016,-487.2047756018306,6286.355772362738
2015-10-02,14839.836453280845,-335.7187994887253,6248.348554315826
2015-10-05,15627.797274886692,-306.90000590180824,6729.042565266771
2015-10-06,16251.133066343087,-39.29861799568796,7190.543532201015
2015-10-07,16308.472991761148,-136.03301936439456,7158.803667291881
2015-10-08,16947.343389364778,-3.2133345764119237,7496.642306943642
2015-10-09,17109.690632276583,101.90155121267786,7736.396132639077
2015-10-12,17866.27859256473,73.34490849142686,7952.223691981781
2015-10-13,17663.09950649903,324.7638003144561,8097.099587652447
2015-10-14,17771.17961178898,-32.70468624821764,7934.171405456377
2015-10-15,17355.566641989622,-204.97450971076532,7699.434369771651
2015-10-16,18961.24069538476,91.61638361318938,8600.021273273513
2015-10-19,19976.246712328815,229.04929300149777,9002.975771833873
2015-10-20,20126.786164434216,221.82693826530067,9015.573361689743
2015-10-21,19943.794908470616,302.65511476822525,8979.224746491758
2015-10-22,19508.272778265262,-27.82585467794336,8814.491998416275
2015-10-23,21497.801317248148,198.5258976047387,9449.774095205008
2015-10-26,21440.181540843976,447.31251824040993,9522.752072543148
2015-10-27,21864.196069957514,463.1333335381085,9570.837992350886
2015-10-28,16389.284609749164,107.99068561429463,7181.95391079103
2015-10-29,16922.205676658225,257.60911835309696,7560.402089323833
2015-10-30,16376.022668122068,215.0943169291562,7411.9384131913275
2015-11-02,16418.841757626695,186.77438126199806,7171.206700012263
2015-11-03,16912.7649332826,147.85003423875347,7808.389585681431
2015-11-04,16968.94795432261,217.2474165930277,7695.727447814147
2015-11-05,17097.822441656077,160.6167256681396,7515.886779237084
2015-11-06,16332.6049812101,202.88752104333435,7505.2446938923185
2015-11-09,16911.14075899995,223.4971501075687,7589.436966561088
2015-11-10,16189.934889497134,93.01110271287563,7070.402458884945
2015-11-11,16199.771257388109,152.04144688407328,7281.9106611861025
2015-11-12,15814.717276841835,12.42623367812484,7019.329601846196
2015-11-13,15276.710311762525,-101.1807463997616,6551.808651292094
2015-11-16,14253.692191421906,-215.37065615280173,6247.154807475395
2015-11-17,15589.162859819407,-182.37238426066781,6688.145996491063
2015-11-18,14730.553553816835,-74.7595007179626,6477.809799331991
2015-11-19,16129.092242525785,12.293865024289099,7258.618877364231
2015-11-20,16206.250703328393,24.47934672110365,7222.224954264626
2015-11-23,16868.239427407316,174.93209696461508,7540.321654670327
2015-11-24,16593.788820705005,-22.474820620751753,7510.267802251134
2015-11-25,17165.580809735002,53.32595182855285,7639.121445031098
2015-11-27,17090.201144301926,77.44947160846664,7679.474327420625
2015-11-30,17074.121471853727,96.25472802702564,7876.732151138378
2015-12-01,16644.477253205692,89.49215474782281,7540.917561771902
2015-12-02,18312.49990776151,227.3306372570439,8518.749000065447
2015-12-03,17468.40579970349,-87.3962190055618,7696.359142034507
2015-12-04,15141.841647749927,-329.20117871204445,6706.3858056492845
2015-12-07,18661.56580896249,213.95666067771782,8615.268114533923
2015-12-08,18043.992082509736,-154.61445312777522,8242.057723769874
2015-12-09,15518.262132658563,768.4393925050985,7502.529766416905
2015-12-10,15439.096605813469,-82.42426957240428,6630.317551662363
2015-12-11,14972.695933913139,-53.04861176358829,6645.604416138042
2015-12-14,14101.74506606834,-114.7076516064752,6296.779686959277
2015-12-15,14747.139163771488,-105.1005503624313,6298.735916803388
2015-12-16,15039.959867203714,-176.70820134111972,6570.480339132116
2015-12-17,15808.674803235892,-46.94138981710345,7076.247379790546
2015-12-18,15468.503255782607,-64.41432234230368,6808.955824865532
2015-12-21,14673.31918706674,-129.1985407338626,6336.321642647638
2015-12-22,14900.90913593727,-91.89930893249556,6518.199866765643
2015-12-23,15488.443236447629,-88.73256713547127,6825.4733614264205
2015-12-24,16019.401603048895,54.133126756877544,7198.631099868613
2015-12-28,15932.824973374914,-36.18193534437358,7125.956487008693
2015-12-29,16185.099276692146,7.514701387628506,7056.436223779989
2015-12-30,16606.954961532774,110.63138434185174,7474.807376848376
2015-12-31,16313.061302256114,-172.7418621926038,7139.91622291113
2016-01-04,15763.64399671662,-184.67783360520974,6798.687216953184
2016-01-05,14635.317814885895,-217.20039361015503,6401.6516812312
2016-01-06,14925.041744279504,-299.720050102735,6470.00626527214
2016-01-07,14922.023858123088,-224.28975416974802,6294.770360602168
2016-01-08,14546.72573377893,-331.35335797212116,6074.2000855791175
2016-01-11,14121.815586145407,-478.2078765479384,5931.0719095163
2016-01-12,14361.062169646557,-441.19902632497104,6001.530783293825
2016-01-13,14366.401601994305,-423.39259912407306,6020.8630208420145
2016-01-14,13906.585908450896,-250.54262869843376,6001.113695185491
2016-01-15,13967.230194546186,-264.7206707112157,5942.141357019332
2016-01-19,14036.898197478411,-261.63051351580356,5942.823284374876
2016-01-20,13613.805352697369,-193.14923407632185,5957.491602061119
2016-01-21,14076.813872394298,-248.37227513263272,5952.352701059651
2016-01-22,13800.60370748474,-177.97597326612254,5973.5923021695735
2016-01-25,13497.176022204289,-114.94314387166851,5917.878596765712
2016-01-26,15351.613980055889,-226.28533958341075,6615.938131052772
2016-01-27,15814.465075324877,-105.04796046588865,7004.041702619918
2016-01-28,15394.822063133797,-277.43987028362363,6686.466207340391
2016-01-29,16029.302529033415,-318.97945709187167,6767.509752651043
2016-02-01,17230.408363718157,-0.3682667143129976,7550.9480527976475
2016-02-02,16995.57579949901,-71.40274690049347,7534.854281620516
2016-02-03,16480.38943420479,-187.13943253028336,7138.676234496667
2016-02-04,16675.2420526698,-51.58954368950537,7290.15025456231
2016-02-05,16796.85703396879,-193.5606929657132,7452.496471242582
2016-02-08,16385.711738125472,-249.8882711033618,7037.032871832036
2016-02-09,16131.732192720483,-450.1573981922079,6799.698340566769
2016-02-10,16118.82033113097,-437.09335308891514,6843.914304198296
2016-02-11,16156.046353603391,-391.2278571164127,6901.1215099086
2016-02-12,16674.264373104605,-356.40435394881183,6882.089073407217
2016-02-16,16689.572749636114,-425.40067398636734,7175.077272135732
2016-02-17,16978.741641480046,-254.37569045562586,7420.296650744312
2016-02-18,18169.54794815663,-209.02552889016857,8079.218837239994
2016-02-19,18352.254242158288,-87.96454924360995,8010.572176465721
2016-02-22,18650.811503463472,-150.1904161887132,8090.491338437746
2016-02-23,19349.50864902226,27.448866238025595,8596.249073291969
2016-02-24,18391.108672201546,-51.06219003546846,8225.3819731988
2016-02-25,19112.400684258108,-79.35815703676766,8582.890869954537
2016-02-26,20312.09679305995,85.01126333452544,9009.95526069031
2016-02-29,20259.387774446113,222.46069527629288,9044.004628491197
2016-03-01,19839.57279457333,-209.51441017252222,8819.344128839628
2016-03-02,22419.174368505242,86.43206894310234,9607.205456265809
2016-03-03,22462.529978477378,299.94230693055744,9797.095151226546
2016-03-04,22528.463255782317,306.14950125219366,9855.157345034298
2016-03-07,22304.203275834185,114.32829322118968,9829.265743941147
2016-03-08,22869.51665989688,267.7356727383568,10000.006734540806
2016-03-09,17499.506177969197,79.93588753789602,7469.210544241518
2016-03-10,17346.62757722331,76.67528072551657,7549.802134993381
2016-03-11,17633.881063365152,-74.62924989683367,7602.850196625122
2016-03-14,17905.02767069167,222.11411160787543,8116.678065521501
2016-03-15,18048.56111387804,103.99982247441854,7949.007514522359
2016-03-16,17860.43939845523,117.57325134525016,7969.565228101175
2016-03-17,18898.917426702505,129.51694094771295,8373.943114362768
2016-03-18,19316.282704985,420.3502914306518,8738.452451614003
2016-03-21,19302.352489362864,420.91009850414974,8861.9241931803
2016-03-22,19809.174647722622,148.45732803729962,8965.754107804583
2016-03-23,19982.121242228015,270.1839022935232,9045.93292679602
2016-03-24,19699.29346686283,77.327058137531,8801.739860287826
2016-03-28,19065.030518360087,262.7782341889965,8771.039666461205
2016-03-29,19358.386857299585,339.26117619338504,8756.013750320797
2016-03-30,20539.26677593815,218.52546030002148,9238.760755084935
2016-03-31,21285.71991374905,245.55108573089242,9561.91427996403
2016-04-01,20498.796571509996,424.0884637792104,9450.116206410568
2016-04-04,21997.36056636849,150.78743019640538,9652.457971723865
2016-04-05,21233.753140700792,396.4898983158875,9692.457817605646
2016-04-06,20387.625516016386,395.0675464188496,9228.065964368418
2016-04-07,20345.550329423364,567.0507795738941,9346.011736452443
2016-04-08,19250.77681840129,272.7739065401593,8836.526277389545
2016-04-11,20369.881138108103,405.25822605248004,9201.379236297375
2016-04-12,19441.32283493872,306.0631848803194,8975.78608027821
2016-04-13,21377.25587721428,438.1356189546194,9634.862441351628
2016-04-14,21871.12509663142,395.6355749915745,9735.912928509119
2016-04-15,22102.546945480233,379.7149592945727,9640.470352494982
2016-04-18,21602.048825100752,442.44578158884366,9631.649356111015
2016-04-19,22464.448591217686,338.31619050362445,9718.086170588314
2016-04-20,21728.284567522904,493.774714662892,9807.548823446574
2016-04-21,15774.475822255703,221.0836628206825,7207.504124552935
2016-04-22,15923.012776836458,150.826711856966,7127.490566245725
2016-04-25,15978.417189796084,110.73148926804748,7115.848453634547
2016-04-26,15790.389045150529,180.94379692341428,7017.318438151344
2016-04-27,15494.848414459708,199.87592663346862,7065.003338792547
2016-04-28,16311.828638680612,48.227845442903856,7151.103800208708
2016-04-29,16037.25256651917,37.091156089438506,6953.6328594949
2016-05-02,15381.043029068303,174.8298161103669,6944.598998673998
2016-05-03,16031.429849903467,96.97475259076256,7154.6667940976195
2016-05-04,15852.02146186401,23.21724878149101,6892.739343548768
2016-05-05,15465.565476918478,-26.011155656197417,6787.155755813288
2016-05-06,15576.389407111314,-51.685996984989195,6792.01372294737
2016-05-09,16155.656326028735,59.24340021100658,6803.2791297710455
2016-05-10,15350.21506373807,57.67838902138691,6758.329705249109
2016-05-11,16030.498166248764,171.17395325820883,7096.609326507286
2016-05-12,15600.72150143308,-1.528395386782798,6813.68288828556
2016-05-13,15218.465074600166,29.590473379992623,6721.60130024188
2016-05-16,15127.15063506895,28.11862918223866,6677.53378849386
2016-05-17,15596.589219032257,123.26409077025129,6872.4582206664445
2016-05-18,14781.756924367082,106.7547683522677,6572.114963977417
2016-05-19,14898.26536055844,-160.94306761713858,6518.075518147203
2016-05-20,14709.863050092086,-11.448694065205311,6445.279856288827
2016-05-23,15125.070177652551,-84.80902066554113,6506.0356448322
2016-05-24,14799.154014348764,-202.82976379123895,6365.975765955805
2016-05-25,15555.577180985701,79.82588928404986,6802.769188992927
2016-05-26,15198.715664584857,103.48178887512663,7155.732273477492
2016-05-27,15690.124462417913,133.7591334493849,7210.060369020347
2016-05-31,16039.825871197916,220.84898830816317,7490.413217719488
2016-06-01,16035.64172048291,99.9734616428097,7336.773860871403
2016-06-02,15624.483914807479,1125.7628291902167,7632.527434753471
2016-06-03,15408.682020002387,230.3728049380689,7029.671848762465
2016-06-06,15891.598271587709,198.90044198360619,7113.091756954736
2016-06-07,16260.50260124618,195.73645261353502,7278.421003523005
2016-06-08,16013.668237781045,302.183728875664,7329.7035176255495
2016-06-09,16812.463795943717,216.27800490062964,7425.698210659013
2016-06-10,16940.937289865862,100.36284543502903,7451.679961487387
2016-06-13,16449.52845516885,2.805099508582079,7096.031694411397
2016-06-14,15282.443301213792,-39.486143658007784,6786.6128380609225
2016-06-15,15501.132171287562,-14.834010114908963,6783.553443815226
2016-06-16,15810.027353460355,-51.06670371768152,6823.923675037837
2016-06-17,15781.101509316793,-6.931805113622046,6808.76907319374
2016-06-20,15225.567957253515,95.49422443206053,6645.82304658146
2016-06-21,15592.88819854619,-30.77094502531857,6770.442581815521
2016-06-22,15568.421161269105,-108.49611139660692,6810.389055455913
2016-06-23,15598.105084997102,-221.29024774216708,6716.482846402861
2016-06-24,16354.023822381623,106.73275865426427,7147.493101827238
2016-06-27,14843.828102990401,-206.82680617927582,6476.870940309974
2016-06-28,14649.945689412485,-127.41502996829742,6329.146561109078
2016-06-29,15082.217002398367,-27.64400459242466,6499.982294889734
2016-06-30,15644.800729502553,-13.381441629206757,6678.401449231818
2016-07-01,16379.524052559082,134.1162886567161,7365.69607617964
2016-07-05,16895.832559251678,110.2730160209825,7432.711895367978
2016-07-06,16047.247696159508,-49.32899708314838,7080.583930422697
2016-07-07,17027.683725801435,-23.658712959734345,7481.755913452957
2016-07-08,16931.245526687948,-119.79223291125577,7471.136504388319
2016-07-11,19047.135594052626,392.3638397982697,8712.963085286421
2016-07-12,19374.090249110235,474.1525888092787,9043.859159621077
2016-07-13,20724.740615471947,447.51205181846376,9509.899291968002
2016-07-14,21874.75678431608,126.02041457386234,9615.712373529346
2016-07-15,22431.663143235684,313.24329959687617,9840.475629908895
2016-07-18,15866.749218064724,268.6834063342071,7238.104047215032
2016-07-19,16185.131737627924,349.1591081361532,7246.441843999573
2016-07-20,16275.288993459319,294.50539736636074,7403.427608939035
2016-07-21,16451.845486535076,391.94676124088784,7468.92671783906
2016-07-22,16315.926937362314,365.80938753277763,7318.307247562036
2016-07-25,16499.806275550363,297.9228612104075,7577.400964699051
2016-07-26,16170.122686577726,309.9820248013738,7372.027036089061
2016-07-27,16649.934021657264,298.9410768418159,7423.969827341778
2016-07-28,17057.648242969623,287.1905109347127,7500.077346582961
2016-07-29,17074.538255717856,280.2560172213513,7410.450002891206
2016-08-01,16821.86502339949,369.3738765353715,7603.89654856562
2016-08-02,16788.890200509024,389.9587432506232,7626.286390923516
2016-08-03,16656.371491112404,177.10976034270809,7370.52866335135
2016-08-04,16125.892417157553,407.18797571864286,7422.496650161321
2016-08-05,16418.94626834503,330.29162989362885,7449.694283391645
2016-08-08,17912.06532454552,308.41294288977076,8036.0203902761
2016-08-09,17006.011597844485,292.2949930409817,7929.611401883425
2016-08-10,17421.7802059126,508.5330289040128,8027.4013884833985
2016-08-11,17290.73131117645,398.8990102250833,7902.5991883879005
2016-08-12,18244.76413139585,331.0765691119836,8290.458918188417
2016-08-15,17200.9473471375,429.18488584363536,8210.999910794411
2016-08-16,18437.757277163284,393.1376577520102,8485.018065874561
2016-08-17,17654.28874978766,470.7563993667364,8119.678947263005
2016-08-18,17649.732088797882,404.56899185167134,8381.881093911858
2016-08-19,18636.790102130926,552.4315156419311,8776.943742123047
2016-08-22,18356.80758949272,494.38656337749205,8684.004915166912
2016-08-23,18882.47772140378,334.53685248833676,8702.002900618823
2016-08-24,19282.226249262727,478.519348845735,9030.892886416384
2016-08-25,18137.902005817697,238.5156372505459,8702.76842400085
2016-08-26,17925.748419975433,971.3774612074744,8727.359576939041
2016-08-29,15903.683391211967,80.42571713078421,7069.764639596354
2016-08-30,15941.130512519043,275.14804674775,7234.76182893303
2016-08-31,15950.77923703735,99.64484591326936,7152.603630940063
2016-09-01,16598.68911134251,73.31896542264896,7195.769154405193
2016-09-02,15796.258402815747,67.82036364963456,7157.124403898375
2016-09-06,16650.89117967587,280.374959406755,7420.414546871625
2016-09-07,16731.88707033187,363.85599481217133,7645.038932066501
2016-09-08,16816.239853802505,370.2202199261036,7670.7404738353725
2016-09-09,16725.923358095122,226.43522513445728,7564.766198303013
2016-09-12,15102.9412618648,-109.8826863966165,6487.543770562859
2016-09-13,15957.942541959525,123.29159170509786,6919.651973371591
2016-09-14,14694.49949707148,-19.538640951892408,6485.659914625249
2016-09-15,14931.067213566987,-74.30187116951173,6478.869004295722
2016-09-16,15735.626505452477,31.314800003229127,6720.556307665195
2016-09-19,14936.133303357454,45.99520470486165,6571.085347187662
2016-09-20,14640.289000312378,41.59568155372787,6520.215712420004
2016-09-21,15310.700667538185,15.768510906592978,6627.261362371731
2016-09-22,16318.295992467736,211.38905805950287,7157.726562842217
2016-09-23,16445.971102764863,322.1127863259899,7470.855660426028
2016-09-26,15839.100871085333,142.25711530321752,7230.986346335256
2016-09-27,15037.618792134612,4.828348635415049,6720.993678657317
2016-09-28,15646.910781316543,116.84501710645182,7035.138201372406
2016-09-29,15616.20385421456,379.08464735349077,7388.792020523486
2016-09-30,15260.262178365665,32.0595237437852,6797.181281400019
2016-10-03,16112.435706166976,331.18786490068226,7349.849032292592
2016-10-04,15588.224253468574,235.44912207540142,7190.384321798306
2016-10-05,14014.21282527616,75.07536128424832,6640.205410367906
2016-10-06,15383.554404275683,96.63315712541777,6988.180562904523
2016-10-07,15054.752471927844,141.20067817882668,7165.2150609379705
2016-10-10,13798.773950847186,955.1147425064191,6681.761980001568
2016-10-11,15534.143637050503,211.8972905649764,6877.1400634766305
2016-10-12,14855.866202287556,-67.63279303743131,6441.058732143886
2016-10-13,14951.074531092301,48.97227212771039,6542.25205916145
2016-10-14,14194.574454704689,77.00448944605922,6253.756651877164
2016-10-17,14667.619776671561,-14.71402040667077,6371.020032546662
2016-10-18,14254.439912302249,67.04909090327133,6316.637460658075
2016-10-19,14694.61464219698,-94.99723741237746,6457.620039601988
2016-10-20,15017.154599714022,1.4181494750255603,6658.224848352251
2016-10-21,14692.422707481808,-3.259280641246581,6520.809832147251
2016-10-24,14292.229124369864,128.06912698166317,6561.541622851924
2016-10-25,14947.30639793098,176.51318843007292,6715.915570702143
2016-10-26,14727.100763945058,147.09607035117014,6562.1233723642135
2016-10-27,14835.608693804415,-42.1518189308838,6483.864141352839
2016-10-28,14296.430751151822,47.492787483738034,6336.262816424057
2016-10-31,14834.242353594931,-96.71297713280748,6298.021388260166
2016-11-01,14436.401576658824,16.646106897247662,6245.857817898295
2016-11-02,14270.380296398558,-181.90722435999245,6217.746642045291
2016-11-03,14204.200305525448,-161.70816180411944,6126.9376685958005
2016-11-04,14160.257057960964,-394.7761561613571,6090.480890954571
2016-11-07,14371.22167636035,-298.2944344043607,6058.12648025267
2016-11-08,14425.788213920789,-150.6720687592288,6321.282683908463
2016-11-09,14736.275377405336,-192.5578237460944,6510.354951449083
2016-11-10,15854.685260996019,161.96003713405074,7087.884489334567
2016-11-11,15892.035978722863,99.33182680175516,7282.685949080711
2016-11-14,15601.485412641834,167.5683173274018,7212.744758649294
2016-11-15,15704.183759745492,112.87293927950209,7259.7872750044435
2016-11-16,16811.068510254107,273.1684543219588,7955.38583065762
2016-11-17,16867.09715254443,251.67301543680188,8013.483326314738
2016-11-18,18725.8042483571,198.68646879180804,8780.833618827006
2016-11-21,17230.69090920455,743.1457133131672,8571.495998586948
2016-11-22,14928.976261143684,197.14575159193376,6800.7525341515275
2016-11-23,15146.833791472438,241.1269176473381,6850.367489370039
2016-11-25,14931.371305714852,199.98987307441138,6762.324716628268
2016-11-28,15333.4596438996,233.51718563695587,6997.570858254284
2016-11-29,14901.549659700815,232.3760212880271,6705.972809884594
2016-11-30,15136.844996038899,204.4792774242031,6836.897672127073
2016-12-01,14521.321356873328,287.47010161893365,6574.606179380833
2016-12-02,14480.8584568901,27.26317165696291,6511.3619339925435
2016-12-05,14697.755697241368,94.63308204556239,6497.091259628204
2016-12-06,15261.461900084116,232.04118268249695,6802.3746909411975
2016-12-07,15230.71891334202,328.405142120464,7125.15980525646
2016-12-08,16783.37881338839,388.64166985422327,7797.88728092608
2016-12-09,17218.32785418672,395.26066501897157,7995.051521618738
2016-12-12,17810.840699753688,332.3233429098824,8357.012354457294
2016-12-13,17816.73217845709,370.32568712179835,8254.277473466382
2016-12-14,18948.685757882617,516.8449262893613,8735.998755434775
2016-12-15,17262.273479917534,372.1510735649207,8144.239615188667
2016-12-16,18106.67578272003,346.54891755164755,8445.414007873918
2016-12-19,18140.089412677826,322.55226877004145,8407.545042829588
2016-12-20,19124.902048640834,328.4133908702852,8821.675583303102
2016-12-21,20069.779497666797,478.2224194460392,9056.724752174934
2016-12-22,19386.555289839078,290.60514227588766,8919.888345161718
2016-12-23,19483.469004296552,455.91184919257677,8896.078878999842
2016-12-27,20413.600551789652,236.60842911072797,9115.951279601068
2016-12-28,19801.932650072984,373.5136670273005,9107.686958318784
2016-12-29,19363.313359560543,474.6078408464113,9011.988705945241
2016-12-30,19598.78286221435,393.4863827473828,9078.368387241868
2017-01-03,19367.37753280074,461.62885059552605,8951.541773824078
2017-01-04,21572.706732680857,265.33627673133594,9474.413337413322
2017-01-05,21216.330382222302,288.0901166306985,9464.255825851122
2017-01-06,14320.988887814276,379.81113578775575,6749.161018884241
2017-01-09,15323.957189166973,288.7940635492173,6906.204877335583
2017-01-10,14988.952113050012,185.6504905443751,6709.088561967093
2017-01-11,14835.67575383867,146.77395674509344,6772.546225097823
2017-01-12,15404.642893159427,192.02511813611858,7008.8701235789595
2017-01-13,14530.441941139445,204.63779774560277,6765.571674673986
2017-01-17,15254.896934846478,283.1555725527606,6921.295878696015
2017-01-18,15409.42982378508,143.88169112549028,6812.611697542985
2017-01-19,14971.399058990408,356.45567341370526,6780.673288791276
2017-01-20,14672.654506707055,290.60778990882375,6628.913825321621
2017-01-23,14897.42559201717,152.28324986014053,6892.299602306488
2017-01-24,15037.150812256185,347.4384827707862,6780.053366984392
2017-01-25,15463.428497464478,431.1337190762643,7209.261381981316
2017-01-26,16706.902933036723,520.8668422172003,7757.833086406692
2017-01-27,15819.969003868318,484.9115110279541,7797.9388825449005
2017-01-30,16914.91073349821,484.29405522844075,7828.000893337998
2017-01-31,15795.721859176321,182.07692503997333,7302.548169817919
2017-02-01,15611.942762142926,274.2092574851226,7195.51543408776
2017-02-02,15459.182905260153,386.42945914987865,7281.012266488683
2017-02-03,15690.59688622772,423.4016085673371,7404.63056519679
2017-02-06,17132.186895560397,426.7325695925003,8005.546295291579
2017-02-07,16735.85612775922,474.2882665263995,8004.987805525629
2017-02-08,16490.325701267444,433.4381938642155,8039.586095931536
2017-02-09,17067.084981320622,410.26411299607486,8242.151459327908
2017-02-10,18715.560065594873,582.1215523116898,8757.207237454646
2017-02-13,19827.07487621231,492.17603515954625,9148.707049501036
2017-02-14,21538.369740505765,463.77007002078795,9627.776904272707
2017-02-15,21929.219464912858,385.1488001877047,9650.368340174173
2017-02-16,21937.503776459438,281.23128200614326,9636.757436404328
2017-02-17,22382.157530370594,392.57264492516543,9726.466288597492
2017-02-21,15182.00443059485,262.1062313967217,6856.166062355266
2017-02-22,15767.498026953239,335.2942254874789,7110.024884535622
2017-02-23,15197.323149568216,312.28442388085676,7120.690734686706
2017-02-24,15858.967298887443,377.12338459191426,7255.9583131738555
2017-02-27,16131.748824544267,323.6156535407678,7313.4326754163085
2017-02-28,16010.84913550374,317.42252568237853,7328.630768866378
2017-03-01,15693.28346368537,248.80511186700357,7105.733341193396
2017-03-02,16920.367814717196,335.1657533076607,7947.11450933644
2017-03-03,16422.051142076012,359.20508662488396,7623.218250680052
2017-03-06,16496.94118294054,492.22650881695114,7827.03555911742
2017-03-07,16682.73248303896,294.1533543951213,7474.541907494145
2017-03-08,15495.209706489979,308.7348414140647,7291.502220482504
2017-03-09,15655.40613842757,254.48522239386375,7239.574536307953
2017-03-10,15859.546497486735,373.34121116348433,7335.594847627831
2017-03-13,16111.625044793516,337.67895677818814,7686.996955180579
2017-03-14,16446.908524828283,246.40236899945518,7714.617319745253
2017-03-15,15769.736407641918,315.04876772781654,7370.745113734232
2017-03-16,17051.019403596398,609.6339780503206,8182.887822465082
2017-03-17,17193.95090361748,495.8778743084083,8147.654919655922
2017-03-20,17369.732316850066,399.44381565747784,8192.194125003822
2017-03-21,16970.368016722376,304.6011770978902,8049.643536383687
2017-03-22,15041.768003140372,271.6982776054119,6926.809415665339
2017-03-23,15316.471233877115,262.65263474511,7130.2146774924495
2017-03-24,15653.80257884516,215.77453373156507,7167.910774477989
2017-03-27,15782.63403511957,162.33083172927056,7108.634623218267
2017-03-28,14525.114159382087,249.1682332195904,6900.2956492735875
2017-03-29,16339.113029548529,453.6653916456586,7891.29990904678
2017-03-30,17103.57241288662,390.1065387918109,8196.98970472828
2017-03-31,17938.0758640728,574.0638106987717,8864.90053213302
2017-04-03,16455.798643670983,1166.3671974077417,8565.309955165038
2017-04-04,14781.257497262939,397.27858162055594,6802.907931176597
2017-04-05,15158.546334726625,294.83082028560193,6830.223683330916
2017-04-06,14496.812573810244,307.0771287998145,6722.628587698801
2017-04-07,15041.797786766998,298.8889135081109,6829.016864799841
2017-04-10,14290.58548539011,294.8744464392134,6751.316517604898
2017-04-11,14951.043883326747,260.5447449724632,6759.715852503919
2017-04-12,14679.43811684049,142.40900411341275,6667.775403033192
2017-04-13,14650.073784172386,143.6772108713349,6537.544189926569
2017-04-17,14687.522760945432,8.775598947652892,6365.687202805263
2017-04-18,15060.4138813585,218.11671774817844,6695.953250627702
2017-04-19,14633.863709872672,186.3584814975411,6564.289699227459
2017-04-20,14929.795494445923,3.298598050269566,6521.535472737647
2017-04-21,15372.224100063004,204.86155340550022,6952.881029353789
2017-04-24,14713.349815866375,203.35161783129894,6753.369928683779
2017-04-25,15801.347170225534,583.646265058453,7551.887233492005
2017-04-26,17176.637249649666,502.98803510861796,8027.989466022085
2017-04-27,17128.834032583432,612.1862029006337,8130.555030814599
2017-04-28,17189.807928710776,618.3572355344301,8256.240275190457
2017-05-01,17027.568730642677,570.0976460628739,8094.866498465798
2017-05-02,17471.205253894826,640.1413276493957,8311.345986703225
2017-05-03,17385.1241577577,596.2996708689034,8341.531528758733
2017-05-04,17400.44789255013,325.08510899818407,8205.645014948232
2017-05-05,17675.371514224207,539.8765118566428,8403.868185100657
2017-05-08,18847.013745818847,560.8723432491093,8944.00422811611
2017-05-09,19245.668479508797,448.8846611447474,8974.50448044372
2017-05-10,19149.51531468767,467.51959929903614,9097.03602610626
2017-05-11,19945.512660600925,382.22117566862295,9270.632133766747
2017-05-12,19690.318906803874,498.6665027118858,9326.421160999835
2017-05-15,19496.96293593831,380.77708571296506,9277.321061850176
2017-05-16,21175.17580853754,485.72591555518636,9635.43462982894
2017-05-17,14727.167783390458,475.1833173311152,6907.477521833381
2017-05-18,13805.625744443798,48.10742250339444,6124.321230988938
2017-05-19,14194.123612560537,110.69535354295769,6210.980314991457
2017-05-22,14616.24702439676,182.60359456352117,6514.381805502021
2017-05-23,14846.430083251185,288.0514265125921,6797.361848074174
2017-05-24,14995.012341729356,450.09120386716285,6922.49443958694
2017-05-25,15231.951600858072,367.8435629802114,7098.196003081488
2017-05-26,16287.194457048574,525.1651198848193,7471.410311880797
2017-05-30,16052.070215044225,378.0470666587506,7515.35430702053
2017-05-31,15671.855414989874,583.7900454030628,7421.553703273536
2017-06-01,15711.09522255115,507.58084302493825,7404.5423346010275
2017-06-02,17069.820415712915,568.1835572858373,8149.910494043227
2017-06-05,17978.258334927676,561.8255715690494,8489.736023143174
2017-06-06,17658.35487189072,753.0566072217016,8364.280377426554
2017-06-07,17470.49926354431,448.8196082772622,8132.5556997452095
2017-06-08,17672.503240168226,558.6545492335781,8385.881813450651
2017-06-09,18237.205925048802,616.6730700304786,8485.996951121906
2017-06-12,17649.226247658713,366.8609780471261,8199.927841476214
2017-06-13,17483.36832731524,474.61002859375895,8141.396593161911
2017-06-14,18476.000413420534,546.3103333275227,8790.698809897865
2017-06-15,18561.3962349512,437.0999189403292,8688.4762471562
2017-06-16,18030.342625165234,423.5802574746833,8468.610750456295
2017-06-19,18329.72265025376,482.6037491056189,8623.303741443038
2017-06-20,20011.468729193482,394.9283088637739,9256.219753392274
2017-06-21,18617.583854812092,483.25035532752537,8902.593144031796
2017-06-22,18745.638283626377,399.929442174484,9015.463167178399
2017-06-23,19224.71410630948,569.4985969052533,9159.68338350901
2017-06-26,20010.40603673805,489.66870524094236,9474.896820455058
2017-06-27,20941.536915894412,337.01711141844027,9616.608849400514
2017-06-28,17353.864567898305,881.2542679364767,9041.40565451538
2017-06-29,15048.250031269785,440.5727067648275,6997.918468588724
2017-06-30,14584.415210591647,301.87098038465734,6503.073247495793
2017-07-03,14308.655560069199,225.96413446895517,6548.213022258511
2017-07-05,14531.295546126808,242.60440262363585,6705.692147295497
2017-07-06,14840.887936582687,328.5899994565969,6758.886992611089
2017-07-07,13818.024438029071,270.56163491656474,6168.245463919731
2017-07-10,14385.688414762124,223.18508491621083,6651.346389648363
2017-07-11,14902.251465653408,353.26091460980336,6647.6169297454135
2017-07-12,14659.397925412599,280.1948359542493,6637.685097514857
2017-07-13,15190.809542632252,240.1121478508263,7075.147659467498
2017-07-14,15635.949640236759,439.63510283900024,7255.479568009127
2017-07-17,16606.135341571244,511.602034679373,7739.907307835564
2017-07-18,16239.766872734404,607.2817477803511,7710.013215166783
2017-07-19,16837.131993198007,442.41345633852296,7854.5705950770935
2017-07-20,17175.90425333488,660.7472303722252,8242.015765829541
2017-07-21,17461.337805731007,679.3524532594702,8537.15627374389
2017-07-24,17711.196808126897,604.4298232552757,8354.298620855
2017-07-25,17478.084285479992,647.126219181288,8425.349823609338
2017-07-26,18456.520496194164,571.2443746252475,8631.150192276258
2017-07-27,18058.241324425973,542.723998153595,8596.271594855338
2017-07-28,17540.766933073206,665.9831965133393,8574.004755767033
2017-07-31,18267.979434740966,555.7148724192567,8571.78577310052
2017-08-01,17566.411648226822,736.1573834275301,8554.512673617217
2017-08-02,18363.553983294165,542.5145616721426,8972.872689287535
2017-08-03,18666.137940551485,597.3738135453127,8966.157837442872
2017-08-04,18304.96617090919,649.7862302781451,8994.479682404088
2017-08-07,19233.86058095454,714.1657928942908,9224.5458239836
2017-08-08,20243.658307088735,645.7304622638032,9638.411320746494
2017-08-09,20017.605777736884,475.5234618262068,9479.755568003471
2017-08-10,20296.56290415698,705.2778111626625,9690.561301533144
2017-08-11,15041.642428794135,151.7382966997617,6644.942021432882
2017-08-14,15276.505810969184,156.87876857863023,6801.325857539873
2017-08-15,15811.197168956216,522.2458687980579,7428.571169976453
2017-08-16,15939.804832196538,579.7967242288098,7409.125372116038
2017-08-17,16247.593275784107,346.94868381008973,7575.557260964379
2017-08-18,14725.885821752263,165.56355407928945,6650.740211524518
2017-08-21,14703.306748592653,33.05613675123296,6610.379290597115
2017-08-22,14988.127638426644,210.5916481890538,6737.720765105978
2017-08-23,15832.132277196892,475.4434559496512,7443.31426124577
2017-08-24,15302.6553830557,476.1480268402958,7118.698651840908
2017-08-25,15108.615419041784,488.0158093462095,7110.618089691619
2017-08-28,15435.504500882013,438.0797884483928,7232.514958601198
2017-08-29,15822.264800071325,433.2687329429563,7372.818882417006
2017-08-30,15557.687875047157,404.8244556368886,7356.842101333729
2017-08-31,16363.325358695352,567.6356068012929,7777.7045384664925
2017-09-01,17325.45768743116,548.1871286709677,8367.899062146755
2017-09-05,18487.68031861915,596.4053082547924,8605.844186423048
2017-09-06,16326.722437747825,510.47668778741433,7841.954642315161
2017-09-07,17237.89996420848,640.0813766158008,8194.475956904042
2017-09-08,17781.589422021476,612.0135108309644,8374.438897245776
2017-09-11,17809.541985075957,493.648492563788,8266.68959542603
2017-09-12,19800.13037073634,743.7926758439148,9320.068004717328
2017-09-13,20277.085514210034,775.9706083977999,9523.559270381103
2017-09-14,20861.02185861227,709.1118725622956,9750.330761102066
2017-09-15,21266.081311945003,449.6612025646256,9753.38959411798
2017-09-18,21673.330102015192,678.3189585009671,10016.639316572577
2017-09-19,22353.44784876971,588.682895214224,10128.58723440118
2017-09-20,22671.247885711648,677.6388752358336,10127.508057745908
2017-09-21,22524.062291109825,508.76206608673243,10162.376575277365
2017-09-22,23218.633914764676,424.70980100709244,10142.141999113375
2017-09-25,15306.674810180137,604.7614599950816,7109.291711145081
2017-09-26,15561.452138273315,480.565972647376,7073.186295425015
2017-09-27,15136.841701052947,619.6187869803375,7042.875924754608
2017-09-28,15265.37890351305,575.6191234505189,7216.183278308605
2017-09-29,15615.485586050649,756.6179726097411,7391.096848930395
2017-10-02,16041.298205940708,672.8182160069769,7603.686064591998
2017-10-03,16341.913823074941,676.8316547947944,7838.203106453378
2017-10-04,17145.80355354999,815.3034694681345,8058.5448375128635
2017-10-05,16918.087912887855,950.2376530466929,8174.757105133321
2017-10-06,18480.444088282937,832.3355105837538,8644.329425862947
2017-10-09,18184.481771978302,800.993558418519,8660.351151428586
2017-10-10,17561.32699498021,801.6974253962326,8382.33444756107
2017-10-11,18097.08962645805,795.1984881219864,8678.49484857922
2017-10-12,18506.370070836627,744.4279154999331,8852.915527494477
2017-10-13,18475.109275165036,807.6620431653754,8773.356702318684
2017-10-16,19151.38502680548,651.5365524130181,9011.554622396869
2017-10-17,19038.507757768297,813.5490223918887,9139.420264463455
2017-10-18,18983.276824979734,510.6772535472866,8990.472488314723
2017-10-19,19598.742384871915,805.9015646919055,9174.62742462485
2017-10-20,19373.247035632357,845.0504608194133,9189.592316602962
2017-10-23,20932.51441032194,836.2961089597144,9536.457962375196
2017-10-24,19930.858698574477,785.31547678055,9407.91966710191
2017-10-25,20415.877017409992,657.8010339989738,9635.139983315017
2017-10-26,19778.857719657444,553.7113957659518,9398.837452239144
2017-10-27,20237.101580714363,607.0379162677696,9466.589216134842
2017-10-30,22126.125809339566,650.9025593587246,10034.11210742201
2017-10-31,21656.538659916092,501.11879398878665,9853.068254230495
2017-11-01,22927.770454725436,643.0939758832068,10094.209815457069
2017-11-02,22569.240997269226,692.5588028072165,10120.225333674685
2017-11-03,22736.11544736469,560.7473635408722,10066.138188987004
2017-11-06,14935.974330066412,801.9137041488756,7200.861190925294
2017-11-07,15127.517666493426,567.4400455619069,7108.563202116863
2017-11-08,15230.397323407251,612.7881809203342,7064.801986202539
2017-11-09,15600.93722532525,656.3410767193716,7206.068105614942
2017-11-10,15150.803502288716,475.0734815727581,7080.0508624582035
2017-11-13,15414.991233514622,546.2063084484816,6931.032001452533
2017-11-14,15208.458920909357,289.77224247401796,6950.130902433184
2017-11-15,14739.942263408715,497.9981688685538,6849.6722379478515
2017-11-16,14379.825052719792,284.8460492710137,6550.220438666808
2017-11-17,15070.696664632856,603.2036995106126,6966.71909124297
2017-11-20,14698.22164039849,515.8274105776368,6842.1030582453495
2017-11-21,15114.32288057656,629.0504641427107,7025.383969722384
2017-11-22,16045.803942061459,590.5826853933111,7488.9477624669125
2017-11-24,15612.621556725484,746.2914033090674,7581.535916325764
2017-11-27,16326.983214421964,568.6640298508956,7676.033511201969
2017-11-28,16235.40642586945,702.5637685295377,7625.562780587272
2017-11-29,17958.784943101047,555.507609528145,8637.26732792334
2017-11-30,17844.871892755287,649.4870879701149,8585.938658386744
2017-12-01,18973.1591331221,598.6282275119082,9091.306239769183
2017-12-04,19436.887717409056,756.4236838556856,9106.11269095047
2017-12-05,18828.48832597907,591.6205277499897,9024.195579660984
2017-12-06,18540.20491270171,854.2944786083201,8812.769724761529
2017-12-07,18326.312612954112,645.0258294813613,8918.870610422196
2017-12-08,19598.74494203861,654.0190683483754,9349.612188510531
2017-12-11,21466.272417614982,548.4563232086875,9799.15879358997
2017-12-12,21568.624937949247,581.7597054391767,9867.171234388148
2017-12-13,22001.27928164539,622.5091974361067,10008.301477390376
2017-12-14,22090.78962571351,744.0356803411776,10103.163976277026
2017-12-15,22503.89610686071,524.3936065056303,10055.441051909454
2017-12-18,22214.867405535813,616.6699987868634,10129.862348619474
2017-12-19,14727.601191444477,699.4356233868018,6940.247431889027
2017-12-20,14391.082858566346,519.5419586901983,6700.588539104463
2017-12-21,14482.341601317734,588.8824742263326,6739.696770512564
2017-12-22,14494.955616105031,472.73289840442425,6776.096490602983
2017-12-26,14499.004685035708,522.8775627244917,6727.563053823102
2017-12-27,14338.98372670563,585.8445390347403,6737.104800091191
2017-12-28,14499.051923067507,469.63617869957164,6738.613995095375
2017-12-29,14879.371580344448,641.4571672448725,6862.534020375393
2018-01-02,14123.581410434066,568.4154800691468,6652.951769715459
2018-01-03,15324.581235538022,845.274482192101,7263.489168861333
2018-01-04,16591.029513724676,941.5685452978993,7881.167512668526
2018-01-05,16999.03968471082,949.3156291296925,8193.81132047093
2018-01-08,18438.236044589536,892.6311777623132,8883.265496436441
2018-01-09,18661.751617011985,837.7951244420542,8880.887621284464
2018-01-10,18598.525094142016,782.7517261423679,8959.320257536754
2018-01-11,18422.37797547336,1013.6567131941117,8975.036388127199
2018-01-12,20251.2964277648,830.8783591857454,9421.620503484786
2018-01-16,21700.126040676525,563.8773405249913,9793.216566920157
2018-01-17,19879.814297742698,840.9470290962148,9538.893377411436
2018-01-18,21498.736368745555,889.8243460781567,9973.019453245082
2018-01-19,21192.67111232915,815.45129349086,9949.987752883306
2018-01-22,22372.889240524753,695.9250320066511,10214.734129172462
2018-01-23,22903.91669834914,817.7276541458893,10372.343753195242
2018-01-24,23158.71625916826,859.4668434447657,10430.8678981125
2018-01-25,22811.36478358949,884.594484901619,10441.123383834243
2018-01-26,23382.7135111561,799.5861200844315,10472.38307319145
2018-01-29,23813.472374243673,728.1839280846099,10533.14339062464
2018-01-30,23386.04586570637,874.7123825829672,10540.377169095904
2018-01-31,23836.04676646466,718.4829610179395,10517.985193260589
2018-02-01,22887.90307027445,968.0428433523398,10442.432736693407
2018-02-02,14545.231070719636,505.730974847521,6841.789653098393
2018-02-05,13219.126943662623,339.7103862110191,5954.308387307071
2018-02-06,12937.67004879345,-96.54800798027144,5504.6911623192855
2018-02-07,12620.430273777763,55.01307085658542,5549.369599018465
2018-02-08,12437.19905182281,28.930645313593264,5416.867050155354
2018-02-09,12165.889321765502,23.653246274028476,5223.2043903003305
2018-02-12,12514.496778946188,25.436954720482397,5300.356218547887
2018-02-13,12243.776050163115,172.75296694297978,5371.06237807279
2018-02-14,12509.540781322798,-21.64111921085,5376.793549071988
2018-02-15,12515.545205915816,248.57865808400257,5617.54132900742
2018-02-16,13033.939368855026,336.20379734635213,5895.267069899886
2018-02-20,12996.172363668413,259.1568315376256,5817.814961649952
2018-02-21,12938.565796377745,121.82877617204892,5724.306347452452
2018-02-22,12311.950277489943,172.0673177435463,5522.685218797881
2018-02-23,12426.718503487433,188.07071602162054,5591.071378066413
2018-02-26,13022.192222772876,287.76334606904834,5904.7834172352495
2018-02-27,13934.325196255051,328.69431920663504,6359.178782594936
2018-02-28,12755.79938511646,218.64782190214646,5772.609783877482
2018-03-01,12695.583924751085,156.83880633769002,5540.209591165927
2018-03-02,12170.42068656365,165.47288000242696,5328.260355650915
2018-03-05,12515.673751502745,200.67032368866109,5393.0863297503265
2018-03-06,12320.016309208682,174.9920533475759,5495.991075352199
2018-03-07,12710.16169417832,182.8002389134496,5563.496844540309
2018-03-08,12087.711888327498,241.9225620397812,5503.078047869766
2018-03-09,12361.30848892323,94.83200746897681,5521.430903426266
2018-03-12,13656.320612245821,288.3762976027445,6316.944556483534
2018-03-13,13862.040362616699,222.06940158135788,6285.620104381487
2018-03-14,12753.780172749139,136.29671316347205,5654.247109423685
2018-03-15,11743.963891990928,63.955019019494216,5272.535302727996
2018-03-16,11740.228430632222,452.380652301947,5322.657662503837
2018-03-19,15000.83589592149,605.3715973710072,6695.937900661774
2018-03-20,13506.346847961984,410.7130032326373,6120.790691288156
2018-03-21,13797.266472495341,374.97807089717026,6255.34303390713
2018-03-22,13719.396067335985,417.153670161097,6122.9401826975645
2018-03-23,12967.273705090647,138.77643432463827,5667.678797083347
2018-03-26,12153.681735991611,91.76113477803715,5412.276809612284
2018-03-27,13207.636592160181,229.80232509297792,5814.5640846882325
2018-03-28,12552.678917764208,88.42007051789814,5475.10111446167
2018-03-29,12283.726197733522,225.26089705722174,5378.91673400819
2018-04-02,12806.133529514049,319.69257468540667,5557.935207897687
2018-04-03,12366.243689941552,169.3156876787461,5339.672707313852
2018-04-04,12180.04128719407,120.87222749873311,5434.722295432401
2018-04-05,12471.705892034428,206.1950158328314,5517.594017550857
2018-04-06,12664.733654275406,195.36692516051698,5641.1896316258135
2018-04-09,12233.630699681635,160.56697502363,5334.785731083582
2018-04-10,12438.500474922294,197.29570823143567,5433.032454168737
2018-04-11,12708.07082092582,52.51553086146178,5689.477103952247
2018-04-12,12884.578778801642,160.20304754970942,5608.632383266263
2018-04-13,13066.92546022772,89.48187224292658,5698.911145218991
2018-04-16,12473.147009338476,260.2170072552607,5591.614444029797
2018-04-17,12692.965061612163,194.36884551573334,5746.2105933650355
2018-04-18,13566.405190644426,322.07164756445076,6268.587794901934
2018-04-19,13717.30944686628,205.2604396842401,6231.880344830704
2018-04-20,12530.499513180506,353.6842124689155,5855.733276773254
2018-04-23,12106.62974417576,231.9888509947487,5462.997783260556
2018-04-24,12111.687207107347,165.2928756775455,5360.214628619764
2018-04-25,11920.932365695704,167.33452963622494,5185.865612092908
2018-04-26,11718.619780259743,241.34151716631663,5149.915970565203
2018-04-27,11264.075642141128,281.0433317364995,5059.465349902054
2018-04-30,11345.00100751677,312.2719649311462,5103.826760808379
2018-05-01,14391.554629349966,497.50615863632447,6667.251278177934
2018-05-02,14649.130847447968,508.56924374792993,6856.952697338187
2018-05-03,14034.693664711078,412.081057223016,6444.097320946587
2018-05-04,14019.919873937335,387.9318135874738,6437.963432082028
2018-05-07,15172.920861378456,627.8848901148504,7104.8124144390395
2018-05-08,15380.071405963454,640.9107377518583,7254.133978170014
2018-05-09,15510.326412392997,358.4175095534819,7400.631580118857
2018-05-10,17000.01137601941,672.5359749589309,8085.468295696161
2018-05-11,18134.832307215907,836.7270806275681,8822.179215238519
2018-05-14,19387.31063554101,762.5464077053422,9203.568656775964
2018-05-15,19113.53374889007,755.146477685194,9169.92644272062
2018-05-16,17896.27371400436,635.2437561011586,8441.080816974312
2018-05-17,19210.13944012403,839.3853698085316,8948.322640371787
2018-05-18,18076.86578655509,874.7285836447207,8918.913134386667
2018-05-21,18453.972745437288,686.8660500821335,8945.653849534514
2018-05-22,19564.395557264095,729.9271777065338,9570.55307189773
2018-05-23,19801.85952482767,615.8637250058308,9381.12290772603
2018-05-24,20808.040029539607,777.7157074663324,9817.83847302882
2018-05-25,20736.354561020296,761.8906417331818,9793.157693576322
2018-05-29,19624.293080540934,838.8735783993214,9514.954957928081
2018-05-30,16902.036903325523,469.6868870386896,8193.83293249131
2018-05-31,20509.97358005857,663.333273774207,9675.946127980042
2018-06-01,19075.761254500525,667.1095184703578,9230.789289993249
2018-06-04,21811.50038392998,688.6055200682259,10143.44967258742
2018-06-05,23201.536931599352,489.5296962831886,10539.865894268907
2018-06-06,23580.16401440702,697.0871305805057,10748.08501934178
2018-06-07,24169.028883665018,753.3672285212976,10919.306324068719
2018-06-08,24593.82764013479,703.2123810573786,10931.338724190722
2018-06-11,25979.82616290291,390.04686820796695,11176.989805116655
2018-06-12,25010.28416839494,931.5598839331284,11009.107214577267
2018-06-13,14937.433291911233,604.0776141296911,7063.321148544689
2018-06-14,14305.08608127574,519.4772915675513,6730.027212578008
2018-06-15,14497.46089052736,786.4108462128378,7069.295743434574
2018-06-18,14000.650450979827,640.1888356392599,6810.225387465711
2018-06-19,14160.536201274232,716.469288160623,6712.771670199498
2018-06-20,13973.566652058102,515.5424012833249,6525.744298391957
2018-06-21,13473.601461552642,560.4052319662959,6489.854641204012
2018-06-22,13087.133594887478,382.7996505014563,6083.169133132298
2018-06-25,13241.68682327401,473.32383297726204,6230.752160069971
2018-06-26,12527.725947447942,205.86997410341252,5673.82812301934
2018-06-27,12704.007837558183,337.7675807605916,5686.4558123863935
2018-06-28,11936.76321913106,201.55507528168278,5399.289354037553
2018-06-29,12388.490373325594,219.1803096865849,5492.626454541166
2018-07-02,12426.990955446054,250.2319485392067,5532.778243898668
2018-07-03,12387.100515811593,272.2135394462358,5597.530540851106
2018-07-05,12143.458958244017,158.1968842606937,5457.721086663512
2018-07-06,12770.27170595135,302.97258125973053,5774.488576082241
2018-07-09,13323.018353154395,501.5885339116361,6382.234097049211
2018-07-10,14735.73446833619,568.3644343926734,7219.939566270882
2018-07-11,15153.04732145473,710.1190514869095,7553.125172148769
2018-07-12,14463.602402084294,590.3799357501659,6802.318209416388
2018-07-13,16205.5958341602,664.200864226127,7880.440640961051
2018-07-16,16349.279624973524,836.5618066786227,8141.75639433974
2018-07-17,16173.971042410702,675.7468971540778,7994.180210575623
2018-07-18,16694.702073138164,866.4660713918531,8727.167060356594
2018-07-19,18235.671413237615,915.4532045971057,9294.574283762082
2018-07-20,16752.168117662393,856.619502163339,8762.671406898075
2018-07-23,16375.926523975855,773.7575641492301,8795.877280764083
2018-07-24,17606.06111799831,742.294618502401,9441.431293504547
2018-07-25,19533.820053620704,1271.3630673177101,10153.483972738073
2018-07-26,14164.07466004612,819.721595103992,6906.599502916624
2018-07-27,13846.960326143871,777.4153337546047,6787.383371128853
2018-07-30,13267.012780435369,514.7562489338703,6255.521066463633
2018-07-31,12676.092883123118,394.9005399398073,5982.630150635948
2018-08-01,13086.80624513573,643.973486773857,6240.489990305286
2018-08-02,13311.96162077975,521.3439608418706,6119.391724608011
2018-08-03,13607.357215524651,640.8120158309686,6540.402308932702
2018-08-06,14444.688412989266,498.8255288191007,6819.21339924993
2018-08-07,15021.804385313291,687.8522580369745,7209.883729023205
2018-08-08,15253.334333926708,808.1296263537472,7579.754661409264
2018-08-09,15168.607652151768,900.6491289823856,7574.789415704037
2018-08-10,14901.30770181338,831.3222298103161,7368.3247940481515
2018-08-13,13736.963661191965,654.4702488422213,6626.404234999537
2018-08-14,13310.737034373156,464.37154164114145,6363.587533145969
2018-08-15,14190.806386498396,729.321914244548,6908.211969890523
2018-08-16,13331.633849838981,398.572212164807,6323.893236081847
2018-08-17,14095.916493503744,623.6738195906255,6877.276147715509
2018-08-20,14815.280824189438,649.2044812565609,7176.218854745291
2018-08-21,15129.447381500957,697.8619758481573,7453.437251438951
2018-08-22,15272.987764953577,679.1328482203604,7725.255757457253
2018-08-23,15574.536917899082,659.5702630400851,7825.7071021082875
2018-08-24,15436.487783400415,698.1886901658572,7636.80358193899
2018-08-27,17123.767138791107,878.4982826009248,8558.945197167515
2018-08-28,18979.121040929676,888.1042723728314,9456.613894201606
2018-08-29,19338.334460903945,1052.5389821982774,9574.726634671928
2018-08-30,20897.65370955541,1097.2735861182693,10053.828305856709
2018-08-31,20086.55133119525,1000.478778938283,9881.219786214227
2018-09-04,21221.176110693952,844.8299831501923,10078.367606941945
2018-09-05,22074.4308573034,1062.194859914526,10336.13189393948
2018-09-06,20353.56266772479,1235.8587252639643,10152.518959010158
2018-09-07,13994.493373060539,553.2671644890319,6451.8922473578305
2018-09-10,13780.503401684373,468.5458769760918,6326.181851810492
2018-09-11,13568.248702274144,583.2191890599833,6473.8838859596735
2018-09-12,13910.398034989277,582.2095421440727,6574.905431150052
2018-09-13,14746.593341374024,611.0593928068196,6790.735647463922
2018-09-14,14864.135035853222,738.0385141251081,7280.5662762044085
2018-09-17,15308.889157516158,720.4558916820472,7326.767929699863
2018-09-18,13958.913137248308,692.1138279422439,6728.016924279973
2018-09-19,14656.261749671365,851.0414788985145,7241.373185631059
2018-09-20,15352.763480465876,991.7197522012148,7510.845799639884
2018-09-21,16559.604378551063,952.685715020093,8235.656929829556
2018-09-24,16539.919355987535,1066.4987492112398,8079.008390887913
2018-09-25,15925.958445181683,966.3900864276484,7892.644772311831
2018-09-26,15576.635471165271,842.7253610954526,7682.483516562255
2018-09-27,15503.779340365189,709.9631158094018,7370.837923577309
2018-09-28,15983.918833465212,729.7541354494348,7676.593433139343
2018-10-01,15712.920688547145,858.5575660975993,7809.393829654863
2018-10-02,16636.310050655877,787.5240063062532,8158.476303050406
2018-10-03,16693.08283306259,828.4193400920165,8162.489586006408
2018-10-04,17403.803551281395,874.8276607995625,8510.361764841173
2018-10-05,15076.207237245102,571.108332114681,7395.545998404544
2018-10-08,14326.225686242362,468.4399152815047,6891.865022364331
2018-10-09,14535.819868204888,314.58252650861635,6789.542608170894
2018-10-10,14404.653888911529,189.47421195435248,6739.011948319396
2018-10-11,11248.72752675211,-215.06832347730435,4851.8299529189235
2018-10-12,10483.742620660474,4.721609401727412,4525.092392720188
2018-10-15,10682.529457076487,26.173344544896676,4592.002749225616
2018-10-16,10530.315853865352,97.44489994385559,4507.11710624482
2018-10-17,10800.433904002826,9.366458174242249,4615.218174611727
2018-10-18,10091.759348808528,472.8064519404517,4571.920405974981
2018-10-19,12964.635110054809,398.59669909673755,5790.2711444192155
2018-10-22,12669.390979626542,372.78083337823733,5774.443545390862
2018-10-23,12382.733175321906,326.454355362065,5737.576282272765
2018-10-24,12015.02301280159,416.4613270518017,5504.754752660693
2018-10-25,11038.986984506804,63.23760069997471,4884.715639667481
2018-10-26,11620.411272309482,114.75276888461084,5203.942902499426
2018-10-29,10869.63567928423,115.34396361316635,4842.22332282615
2018-10-30,10874.922467709997,50.46974495202215,4812.318255667566
2018-10-31,11423.916731058822,29.237104829163158,5033.206740431919
2018-11-01,11800.400783151272,184.11863667005753,5268.50637476377
2018-11-02,12621.16881529361,317.79599717369314,5683.354580514622
2018-11-05,12250.916228491486,325.58817682860195,5409.215019014764
2018-11-06,12632.242797909694,202.50905804960118,5682.122275243759
2018-11-07,12929.576064586307,298.48081426144455,5959.7750837030735
2018-11-08,15215.364114181653,551.358140806161,7311.4250073156145
2018-11-09,15345.480595114444,615.5788586224129,7381.763885719082
2018-11-12,14090.180245656067,323.0619989394292,6615.899818895192
2018-11-13,12560.677353091609,9.016761332220868,5571.042454965766
2018-11-14,12052.812057876896,151.4884234095127,5435.216603650199
2018-11-15,12121.885851259463,-93.76683330531816,5240.449423431365
2018-11-16,12653.152502078225,79.1970738308714,5689.421000456391
2018-11-19,12527.723494237203,208.11804663426824,5815.762455632382
2018-11-20,11357.765650371866,34.4070156010901,5061.2631400216615
2018-11-21,10749.987600329929,-74.44270868350581,4667.658409994787
2018-11-23,10417.291551382617,67.33651822315534,4685.187766676666
2018-11-26,10600.577916918552,171.56732168272327,4515.050885349064
2018-11-27,10670.268570544778,0.7592251708817436,4635.288795309749
2018-11-28,10427.869109583371,10.137361351946081,4487.141612649254
2018-11-29,12382.497892925965,-375.6443202988688,5837.041329940555
2018-11-30,10360.833775851512,1177.244144937988,5489.9434677262625
2018-12-03,12721.853772769073,432.24203406371475,5994.212029692009
2018-12-04,14246.0373843293,528.7621812334871,6777.292485476977
2018-12-06,11680.066529832042,371.17074966712755,5290.633404318422
2018-12-07,11640.981123440502,251.57663771313466,5278.376926360749
2018-12-10,11024.634218898458,158.95162696357337,4859.500915071508
2018-12-11,10974.410384252278,76.668156651386,4786.075339719342
2018-12-12,10683.836313661128,272.3662781170603,4801.922748846386
2018-12-13,10859.174808247903,168.53891955302566,4832.553062312857
2018-12-14,10853.238305547296,186.77362709173627,4807.314859659221
2018-12-17,10225.32118274749,138.87349105197575,4530.99341573563
2018-12-18,10125.706755443916,133.08464827883233,4409.772101145921
2018-12-19,10057.750449311634,105.01526170590869,4414.375128576445
2018-12-20,10024.122975927115,189.15213840563771,4352.521680225806
2018-12-21,10244.743170483322,112.03624742812391,4381.0799468605965
2018-12-24,9857.38351996194,199.02945429779342,4354.794795900704
2018-12-26,10200.864743243694,204.7586436294949,4391.766649766606
2018-12-27,10136.526217306986,153.99190025330768,4430.459168329189
2018-12-28,10243.377290139746,49.66017253980544,4386.7008229821195
2018-12-31,10067.939620275587,220.83292992094223,4400.394331968763
2019-01-02,10577.06139938857,182.12561467783632,4425.973592759176
2019-01-03,9950.419876842707,264.40514183286837,4469.64293720825
2019-01-04,9883.220903053358,324.38962511316885,4441.062579912082
2019-01-07,9631.444843230054,389.39836969155243,4429.3202497817
2019-01-08,9767.538910992846,322.49432676830816,4514.797262204436
2019-01-09,9792.125215913291,350.8514500216213,4441.7264482684795
2019-01-10,10239.138195915939,285.2997394939663,4485.378550839083
2019-01-11,9945.079549236323,390.9250862582058,4513.40159668049
2019-01-14,9866.930090543554,343.2792958678312,4470.1585299782355
2019-01-15,10067.726721406527,477.1259515989106,4520.213607388501
2019-01-16,9885.939134592121,377.06126637538347,4467.476111739566
2019-01-17,12910.65066464426,441.43876155524265,6093.137290242181
2019-01-18,13658.374459016848,557.4830074569476,6454.447639199704
2019-01-22,14614.98420325036,684.8244226628508,6972.344857527685
2019-01-23,13424.937744661356,391.4922192564433,6245.3608036859205
2019-01-24,13440.246306206182,537.559098732928,6442.920925771755
2019-01-25,13482.61980076826,628.2597063404237,6495.83831533344
2019-01-28,14899.803873686878,647.399489131318,7183.910255684791
2019-01-29,14258.410043633316,572.9230334678551,6739.5570251720155
2019-01-30,13923.566998851697,465.7440641116869,6508.278604173863
2019-01-31,16064.011148949317,645.1195204385546,7534.103989720382
2019-02-01,17824.986238450412,827.9830783944517,8319.920325748748
2019-02-04,17721.857458448758,959.415265782024,8467.69128579646
2019-02-05,19078.62970576982,796.3103250510882,8909.42242491592
2019-02-06,19414.479816636976,995.5319851299279,9237.351791532195
2019-02-07,19160.813579733393,864.8611212022595,9111.387264497109
2019-02-08,18288.119372170408,647.9974109011997,8581.666721183461
2019-02-11,18598.531775704538,795.9879653872919,8884.925119229832
2019-02-12,18870.20467408611,859.798524717493,8934.047566375313
2019-02-13,20635.84936793807,894.9517645347712,9808.784850631535
2019-02-14,21267.44479685632,948.2528372601881,9961.029752023736
2019-02-15,21522.19956054951,747.0949135058277,9943.359720762395
2019-02-19,22983.438602397542,730.9668421639761,10306.31957820617
2019-02-20,23427.6005360715,833.4957758595706,10497.549471198347
2019-02-21,23663.603496585398,735.5033661773191,10568.158949067078
2019-02-22,24060.584228441578,900.7369860371444,10614.766445053592
2019-02-25,23840.73098915438,1051.3216281948546,10526.042860351727
2019-02-26,23049.363105869048,912.560469973895,10540.905605005877
2019-02-27,23733.21628061892,827.2188903378749,10501.741516209055
2019-02-28,24060.051096150426,757.7305346715613,10586.503907732758
2019-03-01,22978.74868935182,963.9120162901195,10367.596821383435
2019-03-04,13600.818267092802,695.2020691456657,6476.612417906173
2019-03-05,13293.098377077516,497.8168112948386,6195.441544116054
2019-03-06,13234.926352922601,604.5071423531725,6159.8417945444635
2019-03-07,12651.65048732106,363.28960805959593,5869.9140503195895
2019-03-08,12354.758857714654,402.2149344796722,5490.972662212601
2019-03-11,11819.420728057343,324.908169812882,5386.3463489399755
2019-03-12,12720.477303121495,420.4572118179107,6076.494372743762
2019-03-13,13222.479102873152,527.1680210658783,6355.810598365418
2019-03-14,14247.87461547612,567.0199020947219,6871.6902870169915
2019-03-15,14263.691382872472,424.43827685787176,6781.612006775122
2019-03-18,14880.277670762322,693.3352686670402,7258.990381532009
2019-03-19,15068.395933473439,711.7393522107867,7481.548996371645
2019-03-20,15410.130740737835,533.3811381406773,7355.067292850794
2019-03-21,14855.232643706773,725.7902013440278,7293.948438538948
2019-03-22,17075.272579526776,850.0240766894233,8211.151206056118
2019-03-25,14031.642597519904,319.3852975923117,6590.257849919087
2019-03-26,13619.380919232026,421.85640950988096,6641.487329664701
2019-03-27,15217.87985805676,587.9839005019043,7272.570385552168
2019-03-28,14563.779549642877,371.19083821937267,6889.580159866393
2019-03-29,14609.631274540678,595.4975702395441,7128.862394429458
2019-04-01,16089.086619019137,621.17880430155,7981.86251321023
2019-04-02,18902.7448077426,803.8745231397266,9333.29749547014
2019-04-03,19584.51733385748,919.3105026952537,9393.386283499285
2019-04-04,20311.313134868888,840.0142844606049,9628.257630098627
2019-04-05,21098.288173229732,735.4664303633517,10017.993051888221
2019-04-08,22793.392230689606,738.1407061986016,10563.516507692271
2019-04-09,23410.918805103607,707.8540122837878,10479.317769562711
2019-04-10,22599.408470791866,653.509052136363,10575.123163261846
2019-04-11,24525.563328772292,763.1467354789824,10755.161076561822
2019-04-12,24565.35517817873,661.7329506219678,10749.547500142078
2019-04-15,14228.750209052389,677.1919409556776,6671.619890696025
2019-04-16,13797.410425382348,593.6149725460974,6625.702894156211
2019-04-17,13705.617874575371,661.8438978992124,6671.564368335953
2019-04-18,13487.68216158083,569.1580101620602,6551.336257066832
2019-04-22,13890.24863611544,604.1875574043745,6765.641707396383
2019-04-23,13859.67223131782,651.8470187216374,6740.760944940197
2019-04-24,14803.345832321671,714.5068425665501,7455.213600444152
2019-04-25,14890.603059991341,719.762952993283,7205.62548737059
2019-04-26,14790.37578719098,534.491537977038,7197.904441041249
2019-04-29,15849.351678668889,691.5498680988351,7503.28438222077
2019-04-30,15931.609342827976,900.6744294606175,7816.1655116789225
2019-05-01,16150.489679571918,663.0543679735848,7726.728392956107
2019-05-02,14702.256320736295,533.3496295766898,7072.1431919686775
2019-05-03,14060.107216700666,676.1885410966286,6911.961991548585
2019-05-06,16121.790562975133,797.8740519518976,8008.760133240733
2019-05-07,15232.248914669093,475.12455618549416,7330.646357188787
2019-05-08,13190.592602726974,132.30814420300575,6047.781782113543
2019-05-09,12964.107610421319,221.26378287640577,6012.21440957985
2019-05-10,12629.590536466394,81.45268703527383,5743.123897085993
2019-05-13,13208.632441881311,222.92347312093173,6195.255156947854
2019-05-14,11056.055996293313,-109.15026789054286,4920.964022878739
2019-05-15,11283.819659350234,62.47381615476762,5074.714637795172
2019-05-16,11685.62812169312,51.473188839692355,5312.172234612515
2019-05-17,12759.477518022572,175.4173112355276,6022.934531458898
2019-05-20,11743.01127733913,139.89848060583063,5489.861608730691
2019-05-21,10896.983211549214,3.742000979473564,4866.2426198997555
2019-05-22,11456.229633815728,63.04066027709886,5369.332974195382
2019-05-23,10580.099168177252,75.69486755388421,4958.999900702186
2019-05-24,9608.941579381011,235.42632214628543,4262.142875143887
2019-05-28,9612.914670277318,297.7284667688621,4291.077558848766
2019-05-29,13254.428959630397,485.4070052032538,6157.147796600055
2019-05-30,12886.795716929446,369.53708351535147,5933.007100394999
2019-05-31,13023.23766166488,318.7410547012099,6043.295357461381
2019-06-03,12409.858291963248,201.03883171345447,5483.774137438086
2019-06-04,12022.443786797077,151.4886587539134,5423.124777332577
2019-06-05,14030.610749211022,341.51605974049846,6424.671037490541
2019-06-06,15075.392678046148,584.0941094948746,7098.320262929793
2019-06-07,15383.119621107477,553.653309014873,7488.660643300391
2019-06-10,16700.935647571794,698.4503440911488,8131.915966450273
2019-06-11,18094.700722956324,875.8202730108794,8604.583424250002
2019-06-12,17858.4730745861,625.0623493511524,8573.554445264008
2019-06-13,17832.404019847123,588.2592840532144,8613.768656814791
2019-06-14,18982.959119042283,618.9539671549398,8970.135509339912
2019-06-17,19115.090961226084,718.3580446922037,9097.172698414322
2019-06-18,18701.567309166774,927.6014378930781,9118.130962922272
2019-06-19,21089.346703643565,796.1465244066693,9837.714675815962
2019-06-20,21392.41953571824,715.2421805580411,10200.67565840967
2019-06-21,23103.15482439055,695.2405979669901,10620.032674225855
2019-06-24,22496.106573214034,841.8516462542625,10579.559031148592
2019-06-25,22626.47464314676,1029.6282168600228,10592.517590726193
2019-06-26,21479.15864477747,708.4680273407316,10116.752898888344
2019-06-27,21525.352282382057,836.338743017776,10199.246592741416
2019-06-28,22949.363185933707,740.5755805197361,10446.656297871057
2019-07-01,23708.698472960536,589.2115197185722,10898.871509116023
2019-07-02,24646.041815111923,665.1556091407126,11081.505844832784
2019-07-03,25854.910592844994,974.5964966093678,11257.361922808452
2019-07-05,25331.611093230367,829.6959448255853,11333.646117784821
2019-07-08,24843.71127603866,786.9781912634043,11267.287906790776
2019-07-09,25807.284131139848,738.7403385790938,11231.57814017256
2019-07-10,26129.414457480445,832.7061590305187,11293.226239006157
2019-07-11,14599.952815402654,695.0968092832828,6848.877474590845
2019-07-12,14718.286498385567,707.9023009965446,7156.3565001510015
2019-07-15,15420.580765498238,779.5269810579867,7577.410893286679
2019-07-16,15782.568895305321,703.2056836703656,7564.343015936269
2019-07-17,14743.213576325788,726.5350471699447,7242.23733238049
2019-07-18,13620.897786023503,556.4285308332113,6686.615935256553
2019-07-19,14820.023975159495,673.0091647930179,7020.287464013496
2019-07-22,14052.630330198448,605.5753583760975,6648.550195950507
2019-07-23,14071.560397026025,572.485327970655,6799.894065610961
2019-07-24,15403.733038455957,705.5946810317787,7403.189275326641
2019-07-25,16215.899579926989,879.4115884211633,7996.327510694669
2019-07-26,15322.817317855874,813.7639820037991,7549.023140904627
2019-07-29,16347.028170804282,803.3702276083828,8217.332616244905
2019-07-30,16667.926326404136,827.9639987988485,8164.113728272363
2019-07-31,16070.781867292333,590.6719303878875,7671.061418768815
2019-08-01,14180.864062248469,310.7056835127511,6697.2396300319215
2019-08-02,13618.078682432468,152.81291404363446,6253.797730366502
2019-08-05,12747.14692033357,111.74961674039254,5723.482349650313
2019-08-06,11598.244130511453,-88.54254162092626,5007.586480665128
2019-08-07,12050.072436437236,28.659262131618913,5277.783277789169
2019-08-08,12060.099263439335,-39.9355960202798,5185.043836457693
2019-08-09,13321.919068311105,146.34253696226725,6001.117590074934
2019-08-12,12374.836474981179,27.835163538247905,5605.7865586445105
2019-08-13,11954.467511653746,-37.318717220492076,5185.907108077219
2019-08-14,12475.062623019143,-135.7090696424672,5699.20077534992
2019-08-15,11410.689301317787,56.457686683674694,4934.993957401662
2019-08-16,11174.923791336085,153.72339590573876,4830.727173123644
2019-08-19,11001.402493591482,148.20722976676572,4896.62794479749
2019-08-20,11494.578096994861,76.44870971954447,5064.130792754007
2019-08-21,10812.889083124533,386.34645779009645,4841.171787561632
2019-08-22,15212.431911415453,485.38254443435335,6820.062258726325
2019-08-23,15086.766477025656,484.60992656999565,6911.084175889179
2019-08-26,12448.948134592869,246.92284580244976,5716.755731508159
2019-08-27,13587.436307140848,297.5385681687432,6145.904337773609
2019-08-28,13214.017920420234,353.4462215182772,6032.860696152367
2019-08-29,13828.156814516025,265.4543450634237,6322.563119380484
2019-08-30,15075.864019178589,302.9115053960922,6986.253637344449
2019-09-03,14914.236607411387,392.39779767113487,6826.303556725738
2019-09-04,14818.241832280368,176.29652748791577,6550.533147817888
2019-09-05,15435.18675927215,519.1844704018841,7336.043424467015
2019-09-06,17488.83121737819,710.7766461603545,8394.54678301039
2019-09-09,18162.392165363108,645.4103297871887,8620.042816022045
2019-09-10,17640.683805532866,833.0202710708721,8624.658526064986
2019-09-11,17686.92131078255,815.9569974761708,8620.546093725445
2019-09-12,19210.994234568865,923.4595583725066,9461.621380457944
2019-09-13,21156.65178673417,753.0060325613497,9905.972973682135
2019-09-16,20450.4872775067,776.4659813585911,9953.090042318801
2019-09-17,19491.639720264517,886.4219131160446,9565.844769986337
2019-09-18,20725.68466434897,890.5660859037081,10034.10665364933
2019-09-19,21160.45585058189,882.4069749159755,10274.676387097565
2019-09-20,22075.14638784969,682.9735370162477,10377.892118593383
2019-09-23,20295.16031680129,746.5407973853205,9892.59532205712
2019-09-24,20687.43744175442,777.1727084720902,10134.157414667934
2019-09-25,19340.80373399393,628.5318050098157,9307.32075250505
2019-09-26,20239.479771766728,803.831712476678,10134.132063054454
2019-09-27,20614.859498150447,596.2964816662954,10066.238441252059
2019-09-30,19830.979840380245,430.1941132478932,9734.320922464565
2019-10-01,22450.82503453807,809.2864590792525,10678.877195267341
2019-10-02,18276.962719713058,-161.25845103732357,9272.782900124677
2019-10-03,11182.983231407121,1084.1621162618321,5896.264953300653
2019-10-04,14417.204958041671,448.5863692569863,6732.224625290212
2019-10-07,15634.787223973424,696.8662303712534,7497.5079713824925
2019-10-08,14916.675353015786,600.2390856865321,7214.2493677793755
2019-10-09,13841.886034689913,316.92815637147345,6247.594702462182
2019-10-10,14525.02486305104,374.75779173561983,6943.324709012187
2019-10-11,15736.206884787083,572.7996095431831,7401.9035730801215
2019-10-14,17052.734179393447,857.4428694740411,8295.868138961023
2019-10-15,17290.43538385386,756.29465475908,8477.990689442337
2019-10-16,19488.912181964504,881.7456756312374,9407.767751599244
2019-10-17,19274.035811802263,1105.5506201469475,9335.65398163351
2019-10-18,20352.554973673563,740.2476939257814,9632.375746428797
2019-10-21,19029.036723785717,977.2430630703684,9172.121583291742
2019-10-22,19911.062496084076,985.6135843499727,9849.936332185487
2019-10-23,19487.231347070687,952.6856077485193,9494.258873429544
2019-10-24,20771.16667145669,947.7053168174714,9924.345172570367
2019-10-25,21519.184006325224,936.0279384749977,10220.87278897046
2019-10-28,22195.42637287449,1071.6325909315835,10728.902376798298
2019-10-29,24225.431579505745,1084.1111462813449,11263.2486865618
2019-10-30,23397.569479209775,898.517461761282,11128.709469820076
2019-10-31,24579.092594060043,973.7170960325194,11386.101618062849
2019-11-01,24459.20914740784,1147.7236138860908,11425.876334269145
2019-11-04,26049.892492486288,1004.4122263461254,11869.83757051745
2019-11-05,27019.838932358973,952.9702707090933,12018.434444497809
2019-11-06,26622.17802319911,1020.464578572967,12076.566481402348
2019-11-07,26722.540455430695,721.457471525604,11917.192446958425
2019-11-08,26867.232724086545,909.1192960162871,12016.821629006494
2019-11-11,26673.61655567763,913.9547918369748,12084.776099157682
2019-11-12,26661.24067222882,847.7880577019499,12061.136676514952
2019-11-13,27520.780028210585,967.0448633552937,12141.272785555391
2019-11-14,27099.870789825414,861.0347113393047,11982.690217644435
2019-11-15,14740.613765430287,862.623674594319,7299.971214331191
2019-11-18,15903.465002500778,991.0420200376593,7887.550483373111
2019-11-19,16456.95193713701,836.9757288976162,7947.076117503619
2019-11-20,15916.680773776785,832.1823260755666,7809.150072132059
2019-11-21,16002.246140685622,781.6206996216897,7772.503680041761
2019-11-22,15300.731273331992,792.3527174450818,7493.12856964029
2019-11-25,15602.46619898226,849.4510642997717,7748.528908963429
2019-11-26,17789.30349745082,989.2555835450381,8701.86719372821
2019-11-27,17953.847558272388,957.0684744403181,8952.048474100307
2019-11-29,18339.457118324823,1081.1527797411848,9349.962287746399
2019-12-02,17939.371633939667,903.934920671234,8837.256388733575
2019-12-03,16045.90812140531,718.5888431547297,7785.113562006255
2019-12-04,14732.896279980201,536.1461434243561,7186.779443009509
2019-12-05,16421.29316256287,660.1911262243863,7876.805505578717
2019-12-06,16514.276204874925,818.5360293032751,8010.15993058783
2019-12-09,18535.574266142474,920.0269814618207,9233.125325053545
2019-12-10,17086.502992803053,649.5147384765115,8444.875220260388
2019-12-11,17501.53133685168,708.255940721625,8668.483844894497
2019-12-12,18714.01828191238,722.9014865639622,9096.901616172712
2019-12-13,20869.895684847066,833.3946949182093,10316.234213292139
2019-12-16,21367.719155967337,1073.6321028699401,10551.481062357525
2019-12-17,23502.566501670713,1306.3413390099422,11537.510158348072
2019-12-18,24049.601835811292,1150.5662967861288,11599.595644934216
2019-12-19,24467.663436626448,1261.4236009971828,11685.583313155754
2019-12-20,25480.04978044837,1110.875393220352,12021.98578165798
2019-12-23,27084.64164222655,1126.131392851326,12326.066587437363
2019-12-24,27459.310324111095,889.3501047700764,12412.449129545013
2019-12-26,27110.471820799125,1132.8879583875646,12333.306648459067
2019-12-27,28625.062495976763,991.831869126365,12573.697074617716
2019-12-30,27497.76603766192,1242.4023983426134,12628.288879083308
2019-12-31,14840.732814004996,808.9210765476491,7222.917041861562
2020-01-02,15473.430769582048,754.2761356652624,7486.130599178558
2020-01-03,17545.092249653964,1260.6459468795433,8666.269089697018
2020-01-06,15838.928440418189,905.0705739355825,7700.054495007397
2020-01-07,15989.051966206356,1032.7439732475725,8087.158982946399
2020-01-08,16087.797673564639,968.4660757411499,7968.167681363294
2020-01-09,17316.039877253537,1134.687965897733,8454.081886154769
2020-01-10,18787.37770412613,957.816626110384,9236.222468165146
2020-01-13,18436.80826768559,1045.6802312662226,9062.459748753274
2020-01-14,19786.600690301966,1174.1477735874996,9768.031757271914
2020-01-15,19421.18178803186,1177.4215328649234,9718.583165026293
2020-01-16,20312.10339921211,1104.9333208259434,10000.574357653943
2020-01-17,22106.205754603103,1161.1125168887072,10840.395886148337
2020-01-21,22578.405349264533,1449.9004188666038,11184.123418811268
2020-01-22,22527.186726129006,1212.7245318208322,11076.776432047018
2020-01-23,22524.746023789652,1064.4779296233107,10960.060192935205
2020-01-24,23067.121968514,1276.35091116289,11277.147598310066
2020-01-27,21385.99740968247,829.910377960095,10392.773653121616
2020-01-28,17622.88708573639,462.17421380883286,8287.909606011464
2020-01-29,18958.006626161172,951.0389580307618,9511.06624312569
2020-01-30,19630.442043172778,849.6044399232993,9781.879896846212
2020-01-31,21055.529885551718,739.4482112243239,10320.07543630447
2020-02-03,16924.14435552381,221.47226569647518,8059.666148594071
2020-02-04,18602.80095035572,585.3243961778226,9033.699072900497
2020-02-05,22872.045844936398,875.5123569227796,11227.712134445599
2020-02-06,26641.667932990764,1042.7908852245685,12603.215921610274
2020-02-07,27830.15105155454,1145.9170702442425,12971.82418865406
2020-02-10,27907.679536534724,862.6822008182049,12845.074081550407
2020-02-11,29152.114896313702,1209.9924898165525,13204.697498466054
2020-02-12,29008.41036500868,1104.582438326126,13053.665569236357
2020-02-13,15571.202367230368,907.4551764805944,7656.6349983200125
2020-02-14,15549.280715362422,758.2151431871965,7590.447611460396
2020-02-18,16346.131263393367,867.9067081889052,7841.993512255463
2020-02-19,15696.713767258856,695.0512679215595,7515.134981559789
2020-02-20,16060.901207830486,910.0360888653133,8054.317196035457
2020-02-21,15663.575538940127,712.0818027147915,7624.599088040118
2020-02-24,14812.415502165839,491.0286495023096,6885.763676237346
2020-02-25,13014.22226773135,117.96176637198592,5720.126945368152
2020-02-26,11983.95118543156,27.593952307057414,5132.847912357962
2020-02-27,12029.386434449263,-13.53889647725289,5188.693417719702
2020-02-28,11596.40349467689,-81.65509847744211,4934.571365211484
2020-03-02,11790.039273412815,-83.18807724865458,4997.334099003294
2020-03-03,11989.40489099848,-75.03984095159916,5204.21869224344
2020-03-04,11866.390549684917,-86.8077596097564,5166.073377028487
2020-03-05,12874.56952463708,-121.86824140785792,5511.2346243345155
2020-03-06,12473.193864498193,-157.3564631665041,5319.308295919191
2020-03-09,12687.417918754927,-135.11842742054392,5341.575366705564
2020-03-10,12681.05298340473,-137.33990515331152,5332.572974023352
2020-03-11,12261.492784802227,-111.90635875025643,5281.9809107910805
2020-03-12,12056.915552702958,-19.907560636026773,5237.755417225613
2020-03-13,12232.538075267512,-71.55571832282818,5233.371417760626
2020-03-16,12501.870220528128,-72.40794493819396,5300.748104760555
2020-03-17,12279.708498918091,-63.42008378182647,5311.133770394362
2020-03-18,12963.131611187771,24.171220720659626,5622.505699785588
2020-03-19,12883.87984030539,144.89202143597296,5550.232002366837
2020-03-20,12535.572756412299,121.44442502538145,5507.513888781728
2020-03-23,12729.294790221793,114.67998731298701,5548.005783937354
2020-03-24,13016.663843101018,132.96160113447715,5635.907764760003
2020-03-25,14556.74470289966,239.61238597180423,6269.320711566847
2020-03-26,13870.233356094319,195.74390068721016,6213.546465655125
2020-03-27,21490.439208023297,-241.25350014516482,9370.836963245378
2020-03-30,21463.262888378966,-510.85464614980816,9068.15891564903
2020-03-31,22220.48481918025,-535.1351188654711,9416.696262218542
2020-04-01,21193.11503757414,-468.36788163462717,9213.593267411545
2020-04-02,19365.101320884238,-462.4224621225385,8271.817951834339
2020-04-03,20142.035948448138,-411.265871609611,8683.199634373908
2020-04-06,19767.250123254104,-488.6726748486152,8521.023947387917
2020-04-07,24287.149807608646,-289.63605785999096,10690.23547855673
2020-04-08,24833.88701466363,-216.6532414898524,11001.745440891076
2020-04-09,27547.573165164107,119.05525706781177,12580.541257240755
2020-04-13,29659.000178434566,341.826800204835,13409.381178893378
2020-04-14,28092.012985245525,0.4230159998047224,13060.404993888771
2020-04-15,32961.37608933723,482.7195680488752,15207.314195989784
2020-04-16,29851.648415416872,379.75234388701995,13920.170612212389
2020-04-17,31075.02427506594,123.6049624919598,14459.513624973477
2020-04-20,34936.45509199022,292.0196241852392,16226.698880368762
2020-04-21,32841.73459042306,37.964495694131976,14781.348160821473
2020-04-22,29434.698008026422,-427.71848660794234,13241.31854372096
2020-04-23,32695.98243923115,-38.743617457058726,14909.271419454799
2020-04-24,32648.07722070986,-22.62234121387815,15046.328655914494
2020-04-27,36918.63334452688,695.6713189899222,17217.90060694469
2020-04-28,39718.4540029224,764.9309877832128,18446.098423658157
2020-04-29,40389.89232217136,492.54905593040587,18259.994518203253
2020-04-30,43755.03740439749,729.0182786549556,19631.27525659792
2020-05-01,43065.518646637065,901.7082682878822,19526.712135550526
2020-05-04,40415.283010765124,390.46665431073086,18340.936553663578
2020-05-05,41108.946183642925,816.4950342234204,18712.189784775455
2020-05-06,43296.84178994759,912.1558798053649,19487.43045769891
2020-05-07,43506.743528942,583.043174590792,19290.39868685428
2020-05-08,44543.92973936472,765.4106268284193,19666.30506487877
2020-05-11,25901.658767712957,604.4311446673323,11803.723212818615
2020-05-12,25443.898400836704,485.0918288250237,11835.296744193787
2020-05-13,23133.595696226945,183.11397456602867,10504.537140666978
2020-05-14,21596.895711868274,98.26117549045078,10029.935765489652
2020-05-15,22956.379716175597,353.7368295374389,10362.380749076272
2020-05-18,23677.89194043819,33.82292312246553,10585.46165732049
2020-05-19,26431.366301344777,579.7191392088232,12385.684792870594
2020-05-20,25401.157921717717,260.03205217309414,11849.206177309414
2020-05-21,27829.2380707942,685.1457510999699,13087.465898006974
2020-05-22,27019.150101513795,110.60036994989999,12532.614681840025
2020-05-26,27402.42296721649,502.4475488763137,12995.806416829913
2020-05-27,28700.53006891057,615.1531723557924,13825.257345663138
2020-05-28,31357.75302362115,589.0505425217211,15045.097226567788
2020-05-29,31182.79423413937,743.46254486956,15144.350592087065
2020-06-01,32765.64318459575,1273.6119885319079,15944.253777027365
2020-06-02,34022.259998552414,629.8042379805419,16210.613983134786
2020-06-03,37735.449407073604,875.7155673785526,17265.720544092506
2020-06-04,39241.3865821605,1384.7828783425944,18702.7067990934
2020-06-05,38831.16661136935,1184.4362874202943,18742.947690668097
2020-06-08,44522.6635260312,1581.0015376392485,20491.449792444226
2020-06-09,45817.797271729156,1440.1556042083669,21378.264783895997
2020-06-10,46069.681222679275,1062.063476712352,21191.170584000916
2020-06-11,45709.5410369908,960.2956071765653,21063.76467314897
2020-06-12,32822.537941475945,-383.8567168611514,15077.563012325872
2020-06-15,36548.24185093869,256.287228043059,17185.555139778065
2020-06-16,39373.52362687271,402.8537440336339,18689.085518238568
2020-06-17,45131.85615982143,913.69568331911,20962.97988696758
2020-06-18,44345.61308347314,329.0433546061345,20845.99781370427
2020-06-19,48328.91944726595,1056.1661700963907,21462.965344434953
2020-06-22,45997.6287209465,1527.6621030761864,21369.794790463406
2020-06-23,27092.120940760244,556.0557317157378,12531.225817119877
2020-06-24,27683.930079128673,475.5899282774111,12679.144703770278
2020-06-25,24829.246532144978,50.11702405934778,11168.052850842969
2020-06-26,25872.797828233426,558.5966329009722,11894.453959173881
2020-06-29,24487.4089199702,181.9603663218964,10649.975867546264
2020-06-30,24289.607391959653,365.9573843836859,11377.39642474526
2020-07-01,25158.86758313607,594.4258722175143,12144.729454218155
2020-07-02,27537.328579981826,430.64441702953894,12866.490254442724
2020-07-06,27453.108376316315,671.1401106424172,13305.09038619182
2020-07-07,31064.135242257238,1042.6495241790085,14980.39739211763
2020-07-08,28760.172587070683,790.6665058675816,13741.065655883387
2020-07-09,30205.842273636885,756.8707829948871,14545.13034290845
2020-07-10,29614.562375849124,489.80271677456636,13926.997027135929
2020-07-13,31661.955227231392,882.9111503763605,15205.418953599155
2020-07-14,30589.93349212512,482.7800956934232,14145.898163205029
2020-07-15,32506.544688133647,704.0094180627575,15723.868101473465
2020-07-16,34883.8108715979,1036.5915850714669,16918.771814207696
2020-07-17,35206.659580571584,848.5621204088231,16855.232766987167
2020-07-20,36828.45167202469,1076.5510251316632,17687.375371196078
2020-07-21,38109.7223339974,1021.9182307845493,18783.112251884828
2020-07-22,40639.4047994464,1223.010953904852,19318.532034047832
2020-07-23,42937.29587994859,1277.0874961863785,20484.06137698706
2020-07-24,39059.44752849339,1058.2476550296958,18928.74688205621
2020-07-27,38251.594047466875,1173.878616698331,18474.825274634153
2020-07-28,41595.24514306682,853.2751004822701,20382.554667723332
2020-07-29,40463.03436037339,1104.1560117654917,19715.06541874629
2020-07-30,46034.20399363315,1119.82528756458,21651.52703582316
2020-07-31,46615.98875614467,1201.5524741834006,21722.40966167552
2020-08-03,49295.373215348896,1468.9421844665721,22866.12066517542
2020-08-04,50973.588387970216,1081.8972911308515,23077.93858320816
2020-08-05,28726.735686734435,1101.6998412672285,14095.15893536878
2020-08-06,31403.136052267833,1131.0588467955747,14890.519118766138
2020-08-07,32312.16394595909,1662.6560067347377,15719.814417954956
2020-08-10,32861.557668808404,1229.7779744838645,15450.51547633419
2020-08-11,32551.59549828018,1253.9825052195986,15780.836768047246
2020-08-12,30625.45316434026,1080.9365852396184,14891.324571090156
2020-08-13,33259.72659678052,1430.8673776994776,16475.131024926683
2020-08-14,34018.17535313041,1411.4150532545568,16283.403002026696
2020-08-17,34556.538149793734,1495.557918139562,16823.602300415045
2020-08-18,34721.23261441828,1657.88335112632,17301.221233938937
2020-08-19,35405.09334719621,1469.1578366290169,17361.06373799428
2020-08-20,34868.70725169778,1181.9783366329689,16965.461811227662
2020-08-21,34666.04374277816,1242.7667487461383,17307.707243007848
2020-08-24,35852.18489251634,1405.3869220170916,17778.696650022346
2020-08-25,38663.60857744152,1121.1052032795449,19155.48554961035
2020-08-26,39960.22277807682,1386.2799771698237,19770.430687038697
2020-08-27,43614.06133943025,1340.231005467258,20750.857063348492
2020-08-28,44038.09834583746,1610.4861863945805,21078.2865582596
2020-08-31,47111.904839015995,1479.4304676285699,22072.436337384617
2020-09-01,43571.691514082944,1407.9122475790298,21162.02992837554
2020-09-02,47068.79797904601,1555.208527037078,22512.798590422928
2020-09-03,50672.54543635743,901.0468171880736,23795.131132913826
2020-09-04,41494.342381031995,1001.6150359785217,19769.91800630363
2020-09-08,40456.258701499915,839.1826962832432,19515.83748065434
2020-09-09,33023.79207947965,208.22596847099405,16242.674216594967
2020-09-10,40575.56624784718,693.2290740215632,19880.17260969218
2020-09-11,35143.61458334678,111.16011512184058,17384.18159067613
2020-09-14,35091.95668066318,594.1590503665736,18312.266432787146
2020-09-15,44485.179441301734,976.0231427139402,22107.659386531275
2020-09-16,45593.64073697987,2098.97964067057,22955.732179463266
2020-09-17,29818.800769608115,1190.9977302393143,14337.71152637334
2020-09-18,29039.76805909566,775.530753282871,13709.80987274492
2020-09-21,26958.699260307978,830.1918875147524,12751.234692533862
2020-09-22,26293.482556420124,559.5930550011328,12084.802624240368
2020-09-23,28106.78988661481,639.0303956594022,12675.226163988682
2020-09-24,24484.295061114524,299.86618678364397,11134.246334078021
2020-09-25,24721.890452277952,496.1428548898936,11481.908343435422
2020-09-28,25819.523220703995,487.6748713235891,12290.83093536283
2020-09-29,28925.289941205265,848.9435558691282,13718.137740080107
2020-09-30,28715.122029642807,564.1528737799706,13283.430912558542
2020-10-01,29694.809764679412,852.2857227528621,14089.913950180246
2020-10-02,30441.280210596487,944.4116430871956,14700.673698719374
2020-10-05,29011.67819812962,783.1730797547469,13924.913163394336
2020-10-06,32317.171780781217,504.4711676801352,15243.621278914165
2020-10-07,30277.943681774363,430.14683309537696,14048.629909533805
2020-10-08,33235.50721758412,776.7330949103286,15788.569858509833
2020-10-09,35166.924161716845,1024.196780306213,17323.091799970072
2020-10-12,38365.132353002926,1243.8291448205136,18909.03042455027
2020-10-13,43632.050521153724,1246.331573159337,20978.636824378187
2020-10-14,40638.029894152976,1375.9393258261248,20106.87398642904
2020-10-15,39034.3385875334,1008.6569495905426,19298.58293743077
2020-10-16,39814.15972378533,888.2281110315137,19400.43630402862
2020-10-19,40457.75368966152,933.2879988531165,19715.78284028011
2020-10-20,35228.68838585129,516.591045250377,17181.221126350214
2020-10-21,37055.217462213164,520.328311611967,18338.25919498682
2020-10-22,37606.98343022186,318.34203278188295,18589.501896681628
2020-10-23,39325.96753387453,710.5036873105992,19958.7081980612
2020-10-26,41948.31188378639,1119.5029832244459,21397.237042764424
2020-10-27,35263.009797363586,-915.3554886421227,17945.858266177504
2020-10-28,29442.74226748946,2929.5565385210202,16721.902835062698
2020-10-29,29145.80457622138,228.48766239961498,13306.730721159938
2020-10-30,30101.975976664056,814.226444997009,14220.336042755836
2020-11-02,30349.63088693718,487.83743124086493,13718.301669604743
2020-11-03,31865.037272032077,368.54920860974465,14402.02368976014
2020-11-04,33092.36448446574,816.1869567433234,15760.708614011495
2020-11-05,38486.75104858185,1167.8156749172517,18360.68006981452
2020-11-06,44037.10921168685,1510.0504610316073,20782.8694127213
2020-11-09,45478.15531472058,1666.7051537749792,21396.030544802426
2020-11-10,47562.082911491336,1680.5693299788963,22243.04676025482
2020-11-11,48494.11476775186,1655.0156791917861,22907.068558844025
2020-11-12,50201.79593994047,1514.5770671235036,23621.338856974744
2020-11-13,47646.755093889,1563.7071766559511,22957.135588238023
2020-11-16,52538.87664198145,1526.7413856030157,24529.197600856085
2020-11-17,55269.77699761121,1809.2092607484542,25159.37402909977
2020-11-18,54260.194373722035,1564.8301185751802,25105.320076653228
2020-11-19,52181.06704080475,1544.7160705640147,24381.237352800228
2020-11-20,52912.42653343873,1619.5116812773097,24868.827772512115
2020-11-23,52144.25271140774,1487.8725814037487,24428.721039854045
2020-11-24,52946.64204351704,1258.7555093362057,24926.221870263587
2020-11-25,57849.289441222376,1148.6084155418732,25802.613918697312
2020-11-27,56556.37743802289,1332.838555854978,25905.04568852184
2020-11-30,58267.6271917618,1900.660045473276,26409.8888833491
2020-12-01,58426.44374999119,1359.4770818590712,26080.259265407
2020-12-02,57876.64480054822,1135.1418386635191,26384.76663759482
2020-12-03,58799.148656082296,1520.8561510664765,26463.85511620694
2020-12-04,59588.05213650847,1415.910055092205,26640.99550195955
2020-12-07,61351.91420011213,1253.4573913071945,27245.03702881827
2020-12-08,61180.40879090972,1542.2376832320003,26691.152405270193
2020-12-09,59725.7629971375,1425.8352619049692,27015.108414557355
2020-12-10,60442.69035339022,1213.9450852675411,26714.302240797657
2020-12-11,32446.717685264408,1232.407641582005,15758.840600886619
2020-12-14,32908.59257185398,951.6549528162188,15836.259177014732
2020-12-15,31758.013549111114,961.2609582977249,15032.668358006824
2020-12-16,35059.66252486404,921.4561939299379,16831.135904700517
2020-12-17,35525.78399536171,1092.6372306885194,16955.91936057263
2020-12-18,36613.28009500692,1023.4046789262902,17824.796739302015
2020-12-21,35720.18410470253,1061.7694048387225,17531.083255173286
2020-12-22,35125.87079212358,790.4160949945657,16643.893283923117
2020-12-23,34408.87295769888,1276.6804749246828,16589.325097604367
2020-12-24,35241.7753793074,963.6338269773289,17036.312041960624
2020-12-28,36126.01205299682,1383.4243251891603,17371.85632913592
2020-12-29,37721.66422028458,1535.429739962109,18750.46807637764
2020-12-30,38089.01378594684,1152.883086279732,18480.65753963227
2020-12-31,37333.69765469998,1456.7922452520725,18732.65431368239
2021-01-04,39791.09516526015,1804.9415605878166,19825.324195522735
2021-01-05,35435.790498726994,1493.068040278776,17600.022901684886
2021-01-06,37935.79058474012,986.5081227784503,18502.384640577005
2021-01-07,40363.71357462461,1311.816485427254,19636.40787109963
2021-01-08,45610.91953253978,1970.8029656271615,22625.743812465415
2021-01-11,48105.52997815879,1926.3711834164349,23867.470331379234
2021-01-12,46208.561019177796,1340.4669504993153,22280.86149852262
2021-01-13,46608.17747128305,1114.0355620618172,22894.781385516922
2021-01-14,48384.44851532001,1319.397465181522,23987.876078775495
2021-01-15,47028.008351884964,1181.8336933851463,23718.16463194862
2021-01-19,45076.64343569574,1210.4750764541625,22454.87323596783
2021-01-20,50113.56393083655,1327.5808820357804,24912.06793625583
2021-01-21,58224.82088488922,1725.2755852012242,27103.493861212883
2021-01-22,60345.2509838451,1476.309815489156,27670.762313735737
2021-01-25,61434.10145130639,1468.848540288228,27753.765616237903
2021-01-26,60396.814591357936,1115.9150145389035,27408.25341354721
2021-01-27,34017.66868959127,1037.2922414973903,16260.981937498103
2021-01-28,30780.31318623261,164.72102845500675,13906.120790163126
2021-01-29,32225.597060848886,606.1352422999358,14619.4701141453
2021-02-01,28589.29766334227,256.16033822397674,12852.68582321143
2021-02-02,30984.06973824998,614.4645869121833,14208.444511291375
2021-02-03,32588.791774039582,969.2583448287808,15870.657535654958
2021-02-04,33548.10258694834,864.4114445414372,16138.37583091409
2021-02-05,35045.02456034106,1091.1470773449937,17286.240565907785
2021-02-08,37263.36327251327,1185.040109963585,18138.754711795045
2021-02-09,38479.061940688545,1203.8385905859634,19148.064100955013
2021-02-10,38908.7387153252,1304.0538728981442,19026.52857959732
2021-02-11,38028.54998424005,1755.378992020017,19343.039962202263
2021-02-12,38556.788783306,1556.5636023629665,19587.0849418838
2021-02-16,41357.74805342927,1465.672820644117,20641.153311472044
2021-02-17,40827.38022753495,1399.02389731387,20481.34358172428
2021-02-18,40731.20416152069,1328.6499870864563,20532.3318329872
2021-02-19,39536.07042430143,1544.7869069076312,19749.943799248354
2021-02-22,39537.132081611686,1423.3597539088596,19830.28692636378
2021-02-23,36062.27777331162,1522.7957688009471,18306.035690190183
2021-02-24,37449.59796727457,1248.5075075786283,18822.807733540663
2021-02-25,41229.729844943715,1868.2999888998024,21191.5438475415
2021-02-26,33651.70399864159,478.94639121854266,16299.86466204249
2021-03-01,31871.81015498488,381.7669861891045,15245.102790247493
2021-03-02,40245.478859816794,1144.5296556130909,20402.978573482887
2021-03-03,35914.25700315649,1000.8991957358222,19069.822271053075
2021-03-04,31340.571600507603,-99.55446266457325,15774.859547747168
2021-03-05,26403.737059017287,-306.8701370869202,13154.358001990047
2021-03-08,32030.50263869866,403.95586850528275,17791.691520434328
2021-03-09,28224.82947199927,-47.52351823114671,16024.7991610966
2021-03-10,34007.001692549915,4240.663990583359,21456.330135805263
2021-03-11,34303.251306498576,1121.7261023806388,16404.90400010948
2021-03-12,36143.15841666747,1194.7039221531927,17500.286906078403
2021-03-15,36678.217197533195,1514.7821715818238,18194.04679877561
2021-03-16,37746.26520390172,1855.662381108894,19069.99987785261
2021-03-17,38795.902722088365,1252.9499390192452,18954.001758078008
2021-03-18,38574.44947447645,1759.2148994894617,19656.923740416583
2021-03-19,34954.768857864176,1014.7854328029588,17195.166151267873
2021-03-22,35051.096367456434,1329.6623196669177,17038.930518629524
2021-03-23,36554.088964818075,1207.7499794811613,18318.341998876927
2021-03-24,33300.14034831658,1578.567124336787,17137.064191336794
2021-03-25,33387.01082315609,1259.6203190341705,16447.3381061481
2021-03-26,35156.902188386135,1593.374200201824,17597.971777782226
2021-03-29,40174.479057827186,1725.8212585408592,20491.56592756169
2021-03-30,39514.74748670441,1396.4576514907385,19800.60201475819
2021-03-31,39156.29833519251,1569.4882704832996,19764.666862255217
2021-04-01,40136.17365055875,1427.8420206965818,20335.41214633615
2021-04-05,46107.66664258143,2350.1120065481678,23167.055505844648
2021-04-06,51987.11834444405,2125.313867609304,25539.38508665613
2021-04-07,52260.66878580578,2150.19952046905,25678.76167852037
2021-04-08,53792.93375750708,2523.2721960187364,26358.3543874864
2021-04-09,56457.749016530426,1960.3718522005736,26848.910319969167
2021-04-12,60429.06199409787,1758.5742496584633,28133.50823042591
2021-04-13,61327.81708470689,2017.2812010353916,28234.048541499124
2021-04-14,62649.14571293954,1811.4363874555186,28708.531589367285
2021-04-15,62205.20007369158,2105.3515159664826,28389.265633791834
2021-04-16,63047.8190896272,1759.6064368887085,29184.76011770814
2021-04-19,66275.03673794055,1735.2489112790074,29721.10160825143
2021-04-20,66423.47298774411,1271.0824846513594,29118.66590199003
2021-04-21,63946.133657514154,2162.796271025403,29048.665377161953
2021-04-22,66434.93418793131,1673.5177241418626,29252.128160385968
2021-04-23,34519.76721274476,1203.7551769106865,17345.65214316811
2021-04-26,38598.194063958035,1717.2016276842692,19285.98560409288
2021-04-27,38245.33751046203,2025.2640235145918,19472.668376257043
2021-04-28,39482.61948114536,1659.62139095091,19747.552196572185
2021-04-29,38849.30361321166,2020.9021095487244,19604.32630925384
2021-04-30,40644.81352949192,1965.736991881369,20836.967472908105
2021-05-03,39264.268087735705,1707.8445838649259,19326.804041783656
2021-05-04,40583.609961212496,2286.547965318927,20270.9182813416
2021-05-05,37298.65757160905,1634.186209320869,19105.84570617991
2021-05-06,38471.41834819076,1997.5032915613215,19292.869205048704
2021-05-07,40453.474115300436,2165.0006946461667,20766.232438351082
2021-05-10,43745.80152100416,2242.491114906768,22513.469627270097
2021-05-11,39591.25287382339,1776.965736050385,20058.89480108377
2021-05-12,36811.11552229979,1490.8961751081172,18461.96704170065
2021-05-13,31067.059840894577,768.9333114072057,15173.230997786237
2021-05-14,34933.807862237976,1342.4424453259785,17081.863127655655
2021-05-17,39678.3606768619,1641.635013712015,20124.176553192858
2021-05-18,38103.22885915893,1954.0716854418024,19908.98067945774
2021-05-19,35545.910342505114,1227.992273224642,18046.837909210168
2021-05-20,34019.54418086027,1546.7115028494586,17584.945297054175
2021-05-21,38658.0576782631,2039.1711737330318,20183.01119099593
2021-05-24,38054.77855066368,1914.7052170701775,20002.113756954917
2021-05-25,42896.82840289761,2345.0183314699175,23010.17927569852
2021-05-26,42382.61422118543,1797.423155416856,22535.978598838123
2021-05-27,44524.20402514563,2547.0124292534924,23976.87090902718
2021-05-28,43907.02392236762,2627.4050685995467,24383.21645652514
2021-06-01,46057.93213182155,2352.8364943873435,25359.55636267434
2021-06-02,45425.1382217023,2605.766710502111,25674.1536847344
2021-06-03,48149.440358245374,2875.5207613915263,26847.260227198807
2021-06-04,43649.07418825478,3478.78040814109,25953.99244634812
2021-06-07,36508.25633325949,1926.4940206043086,18417.382897808293
2021-06-08,36059.82971591872,1983.3451292318723,18150.107183595715
2021-06-09,36000.687848446374,1926.8726562721424,18393.200650417562
2021-06-10,36446.36444245542,2185.3434388668866,18232.225627986543
2021-06-11,36474.235861496476,1963.3786974260174,18906.560634087433
2021-06-14,37422.58664042713,2493.2175859106896,19338.89370744871
2021-06-15,37482.922972616,1999.5757702228047,19451.689857273494
2021-06-16,38684.25869409961,1774.9924202300053,19325.43657867478
2021-06-17,35332.85198169669,1849.391947654122,18088.778253304816
2021-06-18,35127.69019649606,1944.0028272884279,17998.84285906668
2021-06-21,31497.887626549178,1306.451604257945,15700.921808639148
2021-06-22,35937.092772538716,1712.0589001942863,18467.052330618924
2021-06-23,37419.7372354097,2035.271118925836,19516.783999602012
2021-06-24,36682.7744496877,2138.929980690133,19344.796310051166
2021-06-25,39519.04021910596,2535.13036023416,21273.42960340526
2021-06-28,40019.33920371656,2269.5898258850357,21612.745595502292
2021-06-29,42127.36308099566,2741.893951523502,22511.850397560393
2021-06-30,42038.454617965,2114.7681167442856,22479.910598189257
2021-07-01,41823.12222657972,2529.613807933151,23149.71720499899
2021-07-02,46382.02880909414,2634.6628999697277,24568.566174151645
2021-07-06,51378.07531496775,3007.9974167758887,26268.500836809708
2021-07-07,50328.5056994538,2454.132371608461,26045.888905116728
2021-07-08,51794.33551044444,2787.131842348356,27210.84002523085
2021-07-09,48320.98026779599,2150.5558500855645,25130.961467966168
2021-07-12,56542.63299616706,2641.913224509274,28420.124776749926
2021-07-13,58903.06508866902,2643.6214152301345,29284.726583719203
2021-07-14,58218.30078186982,2356.694136521136,29241.20214291049
2021-07-15,61493.78195809306,2519.025710165213,29978.508884369632
2021-07-16,61132.926638312645,2413.23301105631,29954.657993885026
2021-07-19,53447.43995264375,3010.630459055467,28463.663360708328
2021-07-20,36701.46938207896,1264.1069076471035,17799.474409422714
2021-07-21,40388.18658712266,1687.5150480266861,20301.31583554547
2021-07-22,43495.96423366797,2138.453061252141,21934.59234653256
2021-07-23,43421.21991181086,2280.1081564511837,22357.348307178796
2021-07-26,48466.194808335036,2625.339958283437,24486.774256428795
2021-07-27,49438.371680890705,2446.297853282419,25008.775822537067
2021-07-28,46800.749469309216,1954.766758938749,23307.011949496056
2021-07-29,47971.23906228652,1832.012431481663,23757.629675899956
2021-07-30,49524.22439932641,2437.3957342197937,24739.64184027965
2021-08-02,47434.47752333106,2056.0009759886616,24018.13874774686
2021-08-03,45804.60682622058,2265.897032147795,23510.952042806966
2021-08-04,51942.41100135438,2366.713945925758,25514.68631528552
2021-08-05,49466.76425881967,2262.7590307228998,24781.344986949196
2021-08-06,52869.236971370105,2647.703733869177,26585.662702641173
2021-08-09,53201.73403232294,2340.450939582149,26951.23230443833
2021-08-10,55304.89885314853,2472.457801351507,27060.607600647472
2021-08-11,53750.91048078564,2189.874150639921,27382.2073289249
2021-08-12,55997.11372288076,2870.8761857808718,28156.218675462573
2021-08-13,58343.48975843598,2450.289794095206,29057.656185350752
2021-08-16,61857.50085068286,2266.721802551527,29508.059226663987
2021-08-17,63046.247349945035,2088.0452338997393,29997.864670287578
2021-08-18,58746.014954728584,2444.6922945300535,28747.150279665653
2021-08-19,51749.97305871414,2679.640674498523,26498.393346738954
2021-08-20,53894.79271803346,2209.459890874215,27218.273957086254
2021-08-23,58951.361825452426,2250.1593443453075,29426.001821720718
2021-08-24,66942.6218160544,1889.9409821712024,31003.949597507537
2021-08-25,68094.49014561766,1740.532263773603,31146.50306014361
2021-08-26,69713.9775404114,2168.1374227477954,31516.025712649778
2021-08-27,69482.31897163884,2162.464789105247,31293.559295236522
2021-08-30,71137.31498339267,1509.3276572983543,32198.713021501015
2021-08-31,38103.27365161961,2504.0444280636916,19491.36481613954
2021-09-01,37548.14260949478,1940.8171337473716,19171.734696115902
2021-09-02,37195.19392635303,2083.824487310747,19142.072841322664
2021-09-03,38699.97582695603,1935.3617477223777,19909.414481897173
2021-09-07,38458.81236503486,2254.101664829349,19792.912457713875
2021-09-08,38508.80652608857,1681.074947894793,19208.562110849423
2021-09-09,36169.14806725331,1913.185015621147,18824.67210849285
2021-09-10,35730.908147922826,1471.4477089532222,17903.66984258166
2021-09-13,34284.67545940095,1453.638562504817,16902.735758687864
2021-09-14,34586.6434080417,1541.5981614270404,17133.032348912067
2021-09-15,31854.294233166038,1596.2618441815314,16230.599220501757
2021-09-16,34211.05573527909,1982.4360077871688,17789.253919860148
2021-09-17,33376.981818323766,1525.56705614799,17013.23551774409
2021-09-20,32004.55132012956,1095.3819715441427,15564.944203304754
2021-09-21,29382.340312804234,751.8424589570931,13850.811893272406
2021-09-22,27354.00464274534,596.6638883044179,13465.409297738639
2021-09-23,28917.00711683097,899.7078718244295,14303.6414344266
2021-09-24,30574.603583459106,1579.1289194642254,15846.235279487857
2021-09-27,30747.895719630174,1864.8533607336872,16361.648706834132
2021-09-28,29709.132823623022,1609.84759614545,15835.249356899054
2021-09-29,26827.217904109646,549.7307689946903,12875.127482399876
2021-09-30,26036.446466889778,717.8489099934798,12640.52243871519
2021-10-01,24577.673817269504,404.91312424498864,11384.057282851985
2021-10-04,24450.30663160403,770.697967961569,12011.74135475392
2021-10-05,22776.154961294906,553.0678472530262,10855.675336156746
2021-10-06,23433.382973198935,562.2082465204214,11183.66893598319
2021-10-07,23462.571468319376,713.373311433193,11186.595444812814
2021-10-08,23587.8027088545,917.9104518759261,12074.951314598753
2021-10-11,22463.772495055262,883.5424575741455,11014.624689157525
2021-10-12,21533.390466223733,833.1297538802468,10154.536046375722
2021-10-13,37417.59614444308,1478.7443844232146,18212.126290189983
2021-10-14,38169.76099847928,1796.1478101835555,19215.971412845436
2021-10-15,43560.128432285965,2248.5127270850376,22257.448303295354
2021-10-18,47029.122217448785,2432.3078612497716,23994.453074708792
2021-10-19,47337.79151239267,2592.3003088076657,24452.42583513315
2021-10-20,52321.23573376002,2652.0491665363097,26044.073872857047
2021-10-21,53663.49616152066,3140.807186775929,26821.102573061078
2021-10-22,55056.14995652343,2940.113500037445,27605.233185732923
2021-10-25,54744.29183298379,2259.7377660911698,27169.54871585842
2021-10-26,56791.59059635923,2509.542252951414,28572.325689187353
2021-10-27,58480.840998549604,3283.9003732626593,28558.765616560566
2021-10-28,56706.35825245162,2366.8417397303247,27690.630487560804
2021-10-29,58792.599608741686,2183.4161511209095,29074.566761549442
2021-11-01,62980.50504067095,2551.4704899328785,29897.210834979363
2021-11-02,59230.65210134833,2525.847819881859,29609.237719656037
2021-11-03,64657.21099403768,2226.782606267326,30648.674628240682
2021-11-04,67267.35196285645,2882.086768944684,31741.19921618881
2021-11-05,71257.51413566027,1878.9979139575555,32097.515561123844
2021-11-08,69382.05856478824,2370.7275384702393,32098.547705916957
2021-11-09,70307.62044656106,2637.1178748863676,32606.23936900443
2021-11-10,69245.07357552896,2037.219087560755,31977.928256416155
2021-11-11,67753.28041943036,2509.8197358853986,31794.528997529003
2021-11-12,69151.04476191314,2715.5466847188923,31921.325986338106
2021-11-15,71189.01034679043,2547.790043032902,32546.024663998305
2021-11-16,72221.35672807675,1769.68271005687,32376.084077682644
2021-11-17,72360.82281831455,2353.9969630079577,32975.16656676724
2021-11-18,73827.83320103819,2395.0202711705747,32828.964333054166
2021-11-19,73446.20244763182,2397.388136837253,33420.27955162954
2021-11-22,73225.34380149374,2026.3217792304833,32669.61410821213
2021-11-23,70688.41323639861,2680.4684520654187,33069.766001502016
2021-11-24,38808.518991494406,2096.798321627108,19358.835311953524
2021-11-26,38905.78674524249,1875.2620654938466,19840.967756750986
2021-11-29,34094.691043616236,1000.4680082341551,16438.373323624248
2021-11-30,37481.4368773799,1173.865721128483,17810.179975256477
2021-12-01,32786.279352018246,782.1978509724597,15691.975264380884
2021-12-02,30416.79443849813,896.4775236224582,14445.569110909042
2021-12-03,34756.243771667316,938.1994737184771,16053.28476440702
2021-12-06,32622.298988295795,865.7442183361534,15264.123367065353
2021-12-07,34200.38183598046,816.8237832913679,16310.81444884683
2021-12-08,37882.680889443225,1779.7584857029588,19111.30076825148
2021-12-09,39607.23957440052,2033.0729970224663,20139.210534221977
2021-12-10,37939.23672644929,1668.0838091029111,18652.588192021434
2021-12-13,41443.53734105742,2156.620990104357,20891.18969342303
2021-12-14,37415.89616282473,1859.2980325297199,18856.381821626386
2021-12-15,36388.9366429287,1199.5102469687072,17956.43092030793
2021-12-16,41267.450133633436,2009.9781250061135,21220.920477367206
2021-12-17,38233.83626046487,2089.775524868394,19046.055235066615
2021-12-20,33790.491303031275,1591.2074954901702,17000.77343368595
2021-12-21,30582.746632337476,1024.36327423872,15251.618847856043
2021-12-22,36793.216790862236,1718.6742288012344,18518.594874048773
2021-12-23,40376.11710560988,2227.702393997776,21266.811405976467
2021-12-27,42225.08249928673,2773.0164730328047,23148.80360967801
2021-12-28,50423.32218578153,3522.2077065137714,26970.677669771503
2021-12-29,50332.12701061012,3333.890677349161,27058.48793407391
2021-12-30,53472.03805027308,2886.1640981812784,28017.242706604007
2021-12-31,51788.92536763225,3282.5838682501508,27910.53528850165
2022-01-03,49555.49140419546,2786.7397109020026,27890.105426332677
2022-01-04,55702.009436191205,3505.8283103365707,30042.748680792163
2022-01-05,57421.29313721522,3704.1715429098354,31337.86129907712
2022-01-06,34179.55185329197,5852.129846280494,23531.293716366887
2022-01-07,38237.69165924596,1769.1719804469556,18986.847266259956
2022-01-10,37078.54281908852,2151.760562466647,18720.207991977746
2022-01-11,36663.99070023539,1638.6825408651098,18176.48019489886
2022-01-12,39204.24253102997,2109.9697444660337,20032.12360057851
2022-01-13,40996.82541637779,2145.6489061354996,20676.65929647576
2022-01-14,36583.03639199376,1744.7544000544503,18539.18351846251
2022-01-18,36332.92489000654,1808.4136372169576,18401.402435808013
2022-01-19,32632.390705492813,1218.9251088792369,15738.992548626165
2022-01-20,30452.469571653586,867.1494900483646,14647.691756798315
2022-01-21,28692.68251827369,916.7803671689375,13748.788194029517
2022-01-24,27364.525834865315,488.5655328087187,12527.213913777725
2022-01-25,28416.134134927353,289.41457206749124,12827.890557442044
2022-01-26,26539.288358931568,258.6757036032287,11970.395933232165
2022-01-27,25627.273707702552,207.12103486834533,11640.996660597919
2022-01-28,25269.96511355149,200.94714579570004,11213.400143234352
2022-01-31,26877.38615991314,266.09790597135907,12459.850907834772
2022-02-01,28646.797298050686,849.5108449911877,13698.787209020858
2022-02-02,28725.021229443435,1041.5111708395925,14335.801990942493
2022-02-03,31641.91934416724,1016.3409561749424,15481.305143463023
2022-02-04,27016.937755764335,673.9124086491532,12568.859829906054
2022-02-07,26360.170205581893,622.2776106054192,12638.056277864027
2022-02-08,25454.05852918067,637.9632932348264,12203.241185892979
2022-02-09,26300.45805180376,726.2457622935573,12691.171426033101
2022-02-10,28786.04634110005,1133.7497630219038,14813.969972033367
2022-02-11,25780.361226657555,471.08609836499204,12205.182134916999
2022-02-14,24019.88177009962,354.42719490677155,10750.923453078794
2022-02-15,22845.013088279713,435.62958227747697,10396.620201716167
2022-02-16,23735.622596255485,318.9712013066631,10540.791625041027
2022-02-17,23247.946969948975,632.1717648265575,10405.791047534029
2022-02-18,22907.642524794614,588.845958953609,10264.181757630102
2022-02-22,36746.047655446564,1233.8938155564706,17463.57583860158
2022-02-23,34721.25341902683,1048.342549304888,16416.11490994779
2022-02-24,31693.308823306583,919.7816550202854,14930.720862702196
2022-02-25,35230.26472197514,680.137081471697,16285.325296340958
2022-02-28,39023.34766422409,1264.0551870108936,18613.88382881918
2022-03-01,38007.47262071471,1001.1155626895785,17969.08744090012
2022-03-02,35744.04660913371,819.2892405545767,16631.785165287798
2022-03-03,38418.63769590275,905.6363856655263,18344.573357819565
2022-03-04,36872.12664495824,1027.9835981708634,18082.509767324016
2022-03-07,37252.38143370618,1025.211468945944,17286.642328321934
2022-03-08,32640.513522396926,248.93892287487245,14716.05429851204
2022-03-09,31324.35374516733,176.04856232039376,14392.85461650293
2022-03-10,34792.578185012455,502.39518778455,16095.017166683463
2022-03-11,34035.370220661476,314.36667755527634,15850.854359395786
2022-03-14,30914.119291627616,415.4491181973483,14626.552636342234
2022-03-15,30261.187032402046,64.72927834726411,13878.747646267919
2022-03-16,33516.052872549444,374.68922302284875,15959.440861863932
2022-03-17,39172.89237300361,1025.2171651169065,19392.968106166692
2022-03-18,43924.61026866428,1584.277064330488,21637.90062774831
2022-03-21,47568.388642359525,1878.9763369586058,24109.793742602687
2022-03-22,47801.46607063821,1891.6964964548968,24409.503604369806
2022-03-23,53822.16417659611,1815.138475418281,26770.10289391785
2022-03-24,48732.53201032277,1816.4390727499108,24581.03870284399
2022-03-25,57375.229477176086,1835.461489408692,28718.210239927637
2022-03-28,62348.110960907805,2318.514814224667,29920.682149886034
2022-03-29,64400.433836381155,1928.01412680372,31384.150188202693
2022-03-30,71563.54156416407,1905.4887135472088,32523.829919841468
2022-03-31,71508.01223879385,2184.598419919452,32133.113769303505
2022-04-01,68835.21200930442,1914.0826356577754,32085.942720075574
2022-04-04,68821.03641330189,2071.913123779545,32128.911267706997
2022-04-05,39006.998241958725,2168.8050185244633,19293.623136075996
2022-04-06,34713.65697477521,1507.4990036503161,17410.752510611426
2022-04-07,33096.981765074284,1640.8172431164373,16348.810697074785
2022-04-08,34416.45166998547,1517.6916143410444,16912.98804725894
2022-04-11,33617.440435126045,1248.8409765568772,16375.252502462017
2022-04-12,30840.708428959144,1240.4641430705437,14555.587889008233
2022-04-13,29828.010815598594,995.1754333621354,14329.942919022571
2022-04-14,31377.55606906757,1520.1973298582282,15116.266982945432
2022-04-18,28882.566750446644,1098.8946404898284,13991.043099861721
2022-04-19,29408.018407189906,1218.0735655195374,13851.974954240752
2022-04-20,32034.558131724392,1400.027353956014,15785.759462065675
2022-04-21,30809.123320416555,1837.58774834989,15454.582551609312
2022-04-22,29317.930621817755,1021.5772023216389,13972.605207815368
2022-04-25,26870.048387464994,515.1574524252509,12190.674990722313
2022-04-26,26496.53206837538,703.3907956508858,12162.958759300882
2022-04-27,24568.354621842427,250.68214301238731,11053.028055994851
2022-04-28,24338.869586113648,474.1146441683024,11076.293875442314
2022-04-29,27438.434306802992,307.6898869841773,12260.935704836895
2022-05-02,23022.60412215618,517.872557615044,10603.597426886428
2022-05-03,23459.364093349144,297.89477315253873,10554.513406399446
2022-05-04,23894.68861634139,523.8903420644648,10616.048638475135
2022-05-05,24778.473850307004,391.73608525694783,11337.412907441807
2022-05-06,23523.731883978235,433.35936447210406,10212.913574527001
2022-05-09,22940.85108731153,712.2929889610601,10221.681170455666
2022-05-10,22249.327627204348,596.7365873668846,9984.831765640502
2022-05-11,22104.914191365147,488.14391223163113,9790.408342815881
2022-05-12,22554.232399920944,624.7458644970527,9925.633413678032
2022-05-13,21485.82243521018,707.0572637977381,9723.286847245023
2022-05-16,21778.081561458184,848.4114507110976,9701.962573205494
2022-05-17,21722.41833185483,613.4512341098591,9843.075498270915
2022-05-18,35883.774967098485,1193.7471995558979,17108.286026927803
2022-05-19,29189.905438015456,711.3383932697639,13729.779068833051
2022-05-20,28521.84692205689,613.9832770063916,13369.542728486947
2022-05-23,29535.998207211447,626.6677880623286,13388.23138738335
2022-05-24,32176.984680810325,760.4717015702124,14728.355390382463
2022-05-25,30969.883522999145,522.74908333121,14124.527485940482
2022-05-26,31956.687704968117,653.5523073117774,14856.413388306019
2022-05-27,35129.52631910766,939.8526091557776,16861.261697655747
2022-05-31,41183.29772203668,1213.1964207955282,19994.381220811818
2022-06-01,38055.24239357283,1472.9716415813093,19402.56465733585
2022-06-02,37054.010654003454,1095.5583894129743,18176.074391739796
2022-06-03,41685.514308272795,1142.5583988055068,20925.703964715547
2022-06-06,38366.47399097737,1163.5507390139862,18867.53039275207
2022-06-07,39081.000008219875,1599.6146805770918,19215.013095923743
2022-06-08,41295.520798725964,1551.3144915642572,20901.350940763434
2022-06-09,38700.12734278253,1225.3689494481107,19499.786948594323
2022-06-10,32828.3141542478,1278.4766799038664,15996.937991395898
2022-06-13,28176.698463219767,311.52115026810134,12893.51720577177
2022-06-14,23877.000150224925,63.33041069783137,10627.70099933552
2022-06-15,22819.58545527193,198.64601890426914,10450.211425901174
2022-06-16,23500.137994060497,526.4754469024143,10658.986704453595
2022-06-17,22862.259244848694,275.35663180161123,9935.5994041696
2022-06-21,21908.34139252806,305.78077459091037,9779.89750684337
2022-06-22,22793.78576380816,469.65646605553684,10141.743146298257
2022-06-23,22324.42841578566,520.2108954470947,9973.85273987871
2022-06-24,22499.335029329566,636.0604207033042,10084.794325043798
2022-06-27,24118.235910472653,302.4045332784972,11232.030213452108
2022-06-28,22777.12619989989,487.5979512846131,10399.382319315611
2022-06-29,21759.36333252957,543.5898615517558,9687.121267101858
2022-06-30,21548.545468095355,509.4328568006093,9508.006333234807
2022-07-01,35091.321875305046,953.2984399429247,16456.29067879994
2022-07-05,37430.605943289425,732.381362258981,17643.12838899453
2022-07-06,37129.05303508515,928.2842648965659,17855.420676686976
2022-07-07,38170.45825256981,834.7318390218663,17950.687980505765
2022-07-08,42396.73415441574,1209.0087453934368,20396.929801796115
2022-07-11,41246.93789728641,1325.6818383467519,20251.65060775186
2022-07-12,37667.10663493203,1150.7741346140772,18506.632758832144
2022-07-13,37226.99926859249,883.4271679100254,17813.756219242034
2022-07-14,36515.307408672335,1187.279876003273,17146.15269437692
2022-07-15,34511.17751077895,782.2182125512394,16967.054469317925
2022-07-18,40225.900866117016,1519.9077013040371,19874.95235407621
2022-07-19,38141.69181652684,1331.58113494956,18568.402577663284
2022-07-20,46780.58074171232,1199.9399687849127,22858.38760987561
2022-07-21,48380.69810100782,1394.368487373068,23855.633730398582
2022-07-22,52265.107865003265,1888.9921614612133,25517.17418618766
2022-07-25,49840.76295335147,1521.0972677896873,24392.05804196808
2022-07-26,50775.196372955936,1987.6591444343233,24788.140847854214
2022-07-27,46089.13545307284,1122.0244912744738,22859.407086696243
2022-07-28,57510.772486535265,1569.2507539598719,27014.162131672678
2022-07-29,60001.89162534666,1509.1038613505266,28543.064472734328
2022-08-01,65261.66700351426,1591.1227145863825,30297.073058496975
2022-08-02,66536.42699696087,1751.5313868812636,30201.74324351136
2022-08-03,64393.33025534188,1349.09776259847,29443.97440479794
2022-08-04,67788.6394520722,1310.2434367381848,30881.96267892712
2022-08-05,69339.6364839887,1638.845302642881,30967.606257325595
2022-08-08,69836.43708277233,1705.953087991003,30879.940512402252
2022-08-09,69535.3128912147,1727.37842917941,31091.490786170678
2022-08-10,70711.80624266992,1254.6612000527657,30798.174379336157
2022-08-11,71093.804391884,1570.1923651463314,31397.536949806126
2022-08-12,70297.72913470893,1598.0867104431472,31435.688694833836
2022-08-15,37666.74363088535,1779.8425518200763,19028.754635123303
2022-08-16,39707.573713591235,1663.2665898744947,20050.31740273752
2022-08-17,39889.124451698735,2334.6995846965656,20291.211309491173
2022-08-18,38029.88971736984,1620.7543528412505,19095.962553257174
2022-08-19,38814.223133114625,1656.0054111982918,19534.693230831428
2022-08-22,34273.97742192003,1272.1975046220618,17365.549441887895
2022-08-23,31529.52642926409,883.1539725277612,14894.866086561518
2022-08-24,30621.303860519023,1041.9278932897903,14422.9804507197
2022-08-25,30548.875728378665,1184.4227473415797,14610.500408128928
2022-08-26,33783.125387827975,1138.0665294549417,16650.075991139896
2022-08-29,27127.70140261995,528.046525910479,12885.048847323353
2022-08-30,27072.778399556097,440.5701880091857,12338.873874010997
2022-08-31,24774.881058267798,527.0789154249862,11320.082107589897
2022-09-01,23309.803267751635,274.7393809822629,10868.563878198638
2022-09-02,23978.80732957038,365.34127153786653,10888.414700724496
2022-09-06,22696.66104030379,272.4053832966799,10326.068124341251
2022-09-07,22247.28994195593,344.8355741027618,10235.381829663898
2022-09-08,23910.14304956988,433.30906712550524,10812.830278189442
2022-09-09,23977.615733434806,314.9159018742808,10805.354221818412
2022-09-12,25971.007638857547,258.0101312156544,11817.112194481093
2022-09-13,26706.642861649412,546.0591671759099,12895.057840723692
2022-09-14,22315.738122637187,422.19659278921375,10154.876816601447
2022-09-15,22467.97316857913,367.01784166636685,9914.377907113345
2022-09-16,21513.934152130103,575.1439137705117,9704.605107649324
2022-09-19,21012.625196627396,488.5393908247776,9308.940770588939
2022-09-20,21396.500500818333,370.57736964659625,9399.698384679898
2022-09-21,20813.334153000258,354.93854731060316,9293.938050917206
2022-09-22,20383.8863133119,550.0606003995849,9312.550919278145
2022-09-23,20943.728002793498,475.98856856330315,9241.979214826939
2022-09-26,20723.04932444973,397.1000350784013,9134.043497631466
2022-09-27,33636.4923011991,511.7522063676428,15848.020764633788
2022-09-28,33832.061729232424,358.2619898330444,15757.346744621473
2022-09-29,37428.51786063081,660.8774582600681,17845.93205022365
2022-09-30,32865.21861949681,415.8357410691525,15600.7291589435
2022-10-03,30376.280402189608,322.78408180895,14372.643239538016
2022-10-04,35223.52809155435,481.3141796848826,16799.18808233948
2022-10-05,43127.88046530468,817.327288478482,20490.414407292752
2022-10-06,42510.2524618496,1140.110085404121,20320.810541890434
2022-10-07,39140.67840089716,918.6729482085517,19017.408753402935
2022-10-10,35459.128074459186,235.08906706619635,16273.21371237939
2022-10-11,31999.41619073459,131.46205307859788,15275.227690748046
2022-10-12,32247.431150915116,-90.02550793978088,14741.590152450908
2022-10-13,31452.612581261226,208.84308966404612,14351.282187658202
2022-10-14,35854.575947869955,360.7135691576007,17056.709258912575
2022-10-17,30671.932537184246,-74.17634950311799,14853.321988012363
2022-10-18,37234.605431193806,448.53543079853694,17713.958870361217
2022-10-19,40760.88399482999,678.3090786332677,19362.5726057889
2022-10-20,37982.6923239494,248.5939451360382,18424.7448436728
2022-10-21,36526.93007537044,388.4233822919563,17749.11662685994
2022-10-24,43300.78260020105,618.6226288538303,21299.78763511903
2022-10-25,47125.67565133587,723.2615270348942,23280.29633613956
2022-10-26,53088.210662960475,1255.1278571278497,25741.501721950804
2022-10-27,53795.896910003015,1136.8255607323956,26074.81300744958
2022-10-28,50945.5420180663,1171.5346604339782,24987.79973542759
2022-10-31,63734.75924553102,1604.38275163236,29071.091110238394
2022-11-01,61694.54885270444,1372.0133410354665,28685.18586898524
2022-11-02,61116.71368499612,1186.2064404236228,28543.845504705558
2022-11-03,50983.88754555078,1086.2063739016405,26136.74353616269
2022-11-04,44449.75575754963,853.5802815453914,24907.335126171
2022-11-07,55117.595421715916,1744.0842699633918,27778.029810088075
2022-11-08,36545.18843488375,1043.2049916855674,17529.999835481733
2022-11-09,37378.20328464308,1026.203452679684,18131.70426508466
2022-11-10,33142.533055986416,946.0959230321054,15895.397150957398
2022-11-11,47723.93199444174,1587.2128238380637,23323.65042790572
2022-11-14,50344.20930884851,2327.659043201471,24996.096497984105
2022-11-15,49061.94134727634,1778.2393433767572,23557.819629656795
2022-11-16,50477.28166949438,1401.6339259848883,24610.044307773984
2022-11-17,48506.12594020703,1510.2397835624374,23544.215712399127
2022-11-18,46608.24659351727,1357.4669249531155,23189.041667493613
2022-11-21,50021.10129778384,1862.7414570952951,24057.19794981998
2022-11-22,49209.887251521235,1444.3690984545055,23866.934093098684
2022-11-23,54073.702119056135,1452.5365276656137,26748.719677711804
2022-11-25,58455.54978226972,2004.1125541790982,28011.20206727471
2022-11-28,58530.16016904017,1435.6349482144328,28006.60356402606
2022-11-29,51285.37807668994,1867.0770485927583,25436.38744879731
2022-11-30,51254.82815111033,1931.6014577930882,25463.88861689099
2022-12-01,62160.631979958154,2376.063208703505,30017.10926173382
2022-12-02,66098.8753925978,1365.63521148937,30368.576322291538
2022-12-05,66204.29036539774,982.0306327367628,30779.45087317033
2022-12-06,57907.766091209036,2020.9079691007353,28733.310707359993
2022-12-07,52796.9011120253,2028.6877983414947,26465.44653976495
2022-12-08,52213.37427598689,1658.6622596449456,26122.099364789727
2022-12-09,55989.40855725145,1350.3579039602175,27440.565034199448
2022-12-12,52730.69098442373,1196.6470417533656,26922.850166582542
2022-12-13,61361.030289400725,1664.616995779284,29247.095907674822
2022-12-14,65771.42066189526,1640.175960240388,30738.841633398864
2022-12-15,65032.08282605458,1505.5647657515194,30637.457702635653
2022-12-16,52579.310419851114,1299.8220234893893,27469.37537788536
2022-12-19,44911.81236069612,1449.4742030493087,25704.461295021938
2022-12-20,33877.49739110337,4764.860197496527,22335.55291239239
2022-12-21,38214.650236772555,1217.3437288840287,18687.581098346593
2022-12-22,43446.302830085624,1251.0577505752294,20914.640592662552
2022-12-23,38079.76164145712,1125.2455722909226,18880.858624988807
2022-12-27,40560.75556263077,1171.897700084442,19801.995233076705
2022-12-28,39146.52678517569,1259.3776628208004,19532.400005198982
2022-12-29,34780.38161591608,934.8219371227659,17458.55923158859
2022-12-30,39960.582451595306,1411.1638277283446,20035.554116644777
2023-01-03,39843.75278051543,1324.69623436475,19563.75561151146
2023-01-04,38516.9354328597,840.8928936159969,19012.607288247385
2023-01-05,41239.46194074947,1245.2164096930378,20231.594413896673
2023-01-06,37661.98823393104,921.970350440401,18535.510501045934
2023-01-09,45738.86540936444,1260.8843812663645,22571.81161100128
2023-01-10,45141.46975537361,1270.037839172638,22411.933702525384
2023-01-11,47279.28009219184,1765.5676602529086,24105.086345884865
2023-01-12,53764.23662962195,1377.2440993867633,25740.728416065318
2023-01-13,55787.586479852944,1419.166635084383,27718.83387691465
2023-01-17,57880.70382269748,1835.5408967052024,28713.153428583795
2023-01-18,57369.71446185197,2106.900363405122,28339.08400841376
2023-01-19,50072.224119747334,1564.858189349237,25321.303175732017
2023-01-20,47093.33331852178,1864.4337036172867,24339.09747366542
2023-01-23,57291.64316537316,1078.8514160134973,28159.639887093737
2023-01-24,62479.318675456394,1808.474677649498,30324.394133762064
2023-01-25,62957.70277174597,1676.2495324747103,30225.57219507655
2023-01-26,63724.095241771305,1458.8459154668146,30573.987021479064
2023-01-27,70270.98968352233,1701.7144483616219,32462.624499993497
2023-01-30,71801.17609109484,1745.559528766393,32796.64185234199
2023-01-31,69010.85504903112,1791.2810241983675,31376.627141324418
2023-02-01,74198.46291894422,1040.542357713646,33092.88731696782
2023-02-02,74495.53383185584,1247.4430280641814,33365.893289401116
2023-02-03,75858.89663944836,1920.3580040601082,33220.48279505193
2023-02-06,41169.10257468302,1722.3732648262903,20670.840069549457
2023-02-07,38954.94330841224,1543.0104678397472,19281.47326196268
2023-02-08,43356.42612677583,2258.259934125957,21689.147612287692
2023-02-09,40397.59147277747,1945.818844960063,19990.740761961453
2023-02-10,36523.629823054594,1490.3130347802494,18556.672575145913
2023-02-13,37905.46673554786,1149.206848828071,18972.55483646434
2023-02-14,40413.658966494484,1111.7249680139207,20422.717933435186
2023-02-15,41136.056292849564,1452.3395470468902,20669.310453242757
2023-02-16,42215.32988626458,1726.5019450904667,21344.80917367115
2023-02-17,36835.16337487204,1806.2532759161338,19081.97489573683
2023-02-21,36626.69969674707,1411.4706453673843,18537.716588084564
2023-02-22,31934.332428433732,1073.4430385275111,15322.416023610373
2023-02-23,31476.530493972306,911.5657130279596,15276.819633555504
2023-02-24,31765.63965172091,1042.624834414439,15747.184314565442
2023-02-27,28592.35524101806,1079.7285553380457,13977.978658946271
2023-02-28,29437.079950946943,1033.7573040188447,14414.680093987328
2023-03-01,27984.263665158465,877.477895203986,13893.502776512385
2023-03-02,27257.02482901305,940.245701761799,13137.107657529523
2023-03-03,27749.716571124347,1067.6799089868014,13685.370023184201
2023-03-06,31081.179830213798,1471.6210213103454,15831.234069496646
2023-03-07,30143.11115319364,1602.6892532577403,15422.975760083009
2023-03-08,25551.74222626108,1311.1906215747024,12640.63892833077
2023-03-09,25016.93596362831,1066.7719612120554,12288.61818383736
2023-03-10,22732.025764848084,672.5859056855531,10550.510835368223
2023-03-13,22085.998178316502,731.8933726534513,10120.964438395447
2023-03-14,22646.668145261003,626.4276340133408,10148.536655919514
2023-03-15,22997.972840116745,697.9551953254213,10435.147776951948
2023-03-16,21914.061565734748,460.29704695922453,9993.76212425488
2023-03-17,21171.772902879216,723.1415706129388,9793.654282954089
2023-03-20,21685.651330380944,739.8621687564514,9904.798699174142
2023-03-21,32968.053850891796,1052.1670888904878,15852.694218834476
2023-03-22,35385.26507294034,1620.4188103323986,17374.088005196885
2023-03-23,33399.106862500266,1156.9062702646768,15738.151569453792
2023-03-24,32328.64002973893,1067.1091759744954,15590.690489467012
2023-03-27,34119.05209213392,1014.7479525463283,16547.86525588529
2023-03-28,33494.44705857806,1355.1830951846584,16454.150550399234
2023-03-29,34096.56023800374,1684.6574245386537,16726.106350605583
2023-03-30,37061.54135540858,1249.3475953791913,17949.49759762012
2023-03-31,38642.70457187206,1715.646262818956,18969.32834834833
2023-04-03,42375.95071333571,2147.715753678284,21045.999179342973
2023-04-04,45123.46014876147,1792.6339389224959,21455.36083398078
2023-04-05,42826.760477745534,2074.337329447721,20690.516316218152
2023-04-06,42246.01536126479,1366.0981751234096,20650.6379563348
2023-04-10,43902.806908486506,1542.8848592404627,21516.277220227756
2023-04-11,43605.161188579004,1911.7200149837659,21237.511438186222
2023-04-12,44574.875572714256,1767.1153331999644,21670.399695133958
2023-04-13,43411.221186358714,1939.7224622318624,21395.543043400496
2023-04-14,48704.972413945114,1877.295200606969,23635.349018387224
2023-04-17,49888.81694975815,1938.9610952691958,23669.8891956569
2023-04-18,50598.752125084204,1622.281705545566,24323.80775411956
2023-04-19,52748.17141420679,1804.246760576342,24458.74305667342
2023-04-20,52069.83915722013,1834.1580932181205,24738.556377714205
2023-04-21,50421.15319111676,1536.9289865731628,24180.164725978782
2023-04-24,51646.210883805135,1757.3746407560934,24377.7654208659
2023-04-25,52404.73162863361,1555.6071310914747,24673.28417453556
2023-04-26,46514.63930492907,1954.119205344462,22952.91554464994
2023-04-27,45351.47741150186,1487.4852875239021,22469.73490128495
2023-04-28,56646.946865412334,1612.6222202921435,25262.83664995324
2023-05-01,57236.88644348341,1598.702195473357,25804.138266261823
2023-05-02,57743.80466976987,1566.781665598906,25719.685880764664
2023-05-03,32841.056469244664,1334.0992444126132,15532.939389052784
2023-05-04,32106.722888164688,1038.2755240606689,14943.754996210893
2023-05-05,30177.26161442312,849.3814048345421,14268.864652069826
2023-05-08,33699.31370177806,1523.7332252390254,16492.611034652353
2023-05-09,34679.50738343682,1617.1476942878403,16722.17010540866
2023-05-10,31685.00187994556,1306.650013935795,15775.026465853567
2023-05-11,33883.30980390377,1511.4881808740024,16658.868137254336
2023-05-12,33343.16762883998,1299.3345084947237,16418.623257959407
2023-05-15,32236.544862548006,1478.38131932467,16207.475930916447
2023-05-16,33674.42661283854,1140.009864076685,16641.00832354902
2023-05-17,32167.88332325868,1217.729517561632,15834.002576455914
2023-05-18,35139.848758516826,1491.4476532175058,17475.609623615754
2023-05-19,38860.982291950466,1749.3683619521094,19392.540276562402
2023-05-22,39301.91089124766,1450.1799360606515,19174.36412820738
2023-05-23,38210.17566356783,1650.9528814165578,19230.15907703649
2023-05-24,35204.49144561117,927.6416839654461,17155.42955485861
2023-05-25,32363.987057551498,784.2936851964645,15847.904068613283
2023-05-26,35941.58680976065,662.286779497362,17142.999354268053
2023-05-30,40999.52573002761,1800.5673419591499,20339.140136471575
2023-05-31,40835.71302879572,1473.5352411486008,20386.678276721697
2023-06-01,37861.36779277376,1483.6557870675274,19527.66428316688
2023-06-02,43655.27188216199,1538.4068598123117,21823.901825701105
2023-06-05,53044.01955949643,1132.057776141579,24785.27385545922
2023-06-06,51527.25759778592,1519.5220994671188,24349.977750365753
2023-06-07,54093.979060116486,1748.081874943309,25223.21207455686
2023-06-08,52369.94815267553,1203.4050440153035,24680.541071123218
2023-06-09,55789.39016420826,1815.3532911903076,25262.503918446826
2023-06-12,55753.06904292503,1613.5434164334715,25478.050365341
2023-06-13,57206.25488521628,1650.7627223703976,25874.872857249433
2023-06-14,57243.394909309965,1788.801739930118,25937.131887296742
2023-06-15,33559.674122288445,1502.8321617617846,16557.167693690266
2023-06-16,38042.07594426481,1810.1608933219393,18561.867318958535
2023-06-20,36754.8780535754,1597.655201156239,18212.182308290106
2023-06-21,34114.92863813922,1706.368701308559,17101.451508520786
2023-06-22,32393.032173420062,1764.664461231805,16234.787351894824
2023-06-23,33956.77774388838,1742.4233885649833,17014.997783814444
2023-06-26,31372.66332083815,1407.5918896777712,15592.493525254926
2023-06-27,30424.327258467252,1005.0144200736212,14567.228647313304
2023-06-28,33560.492166233475,1973.4032948339611,16796.030022149593
2023-06-29,32844.13247587781,1726.952378421735,16888.541191124637
2023-06-30,34465.768417224754,1656.8183068786964,17537.800653223858
2023-07-03,39283.1084024747,1714.498862984219,19926.545036611522
2023-07-05,40162.90785680139,1953.7334979578757,20457.132125352287
2023-07-06,40253.6967910515,1680.9859598508053,19838.181853806895
2023-07-07,36471.5960855172,1474.367555607129,18227.87553696392
2023-07-10,34723.68841455718,1623.768824638036,17713.107798239507
2023-07-11,36437.45927058639,1521.0567469400999,18603.174991731732
2023-07-12,39855.898153172835,1717.2578525162235,19958.366108181617
2023-07-13,43723.717387749886,2108.353619267585,22344.38493415938
2023-07-14,48268.17241927017,1919.982958008898,23751.95131955753
2023-07-17,49419.24327405445,1619.9656063696552,24169.127524853786
2023-07-18,49854.312351897795,1577.5363493991672,24332.8781168633
2023-07-19,55338.65900362502,1695.377543657005,26059.382480985445
2023-07-20,57673.062207308845,1791.960328403533,26336.60558054565
2023-07-21,53559.01606637276,1770.0198030934926,25706.61570673699
2023-07-24,55699.1932639621,1347.3179390925004,25998.85640886823
2023-07-25,57353.65671781817,1647.3814902826018,26483.114780837128
2023-07-26,59994.78381999143,989.5717751799787,26720.138836902635
2023-07-27,60242.61639423688,1311.8002596801675,26350.77147766263
2023-07-28,59598.12444156527,1358.4610924132805,26570.18325488114
2023-07-31,34114.57755250226,1467.1033631035903,17224.58135326894
2023-08-01,34234.33217373576,1569.2942951831621,17445.557564112274
2023-08-02,33553.12195532029,1522.6368471568837,16884.909353683146
2023-08-03,30609.69061746957,914.4355696730938,14612.685667819014
2023-08-04,30152.06053508236,940.4932469101518,14382.972366988082
2023-08-07,27743.69513131885,1046.576065116498,13430.789742198016
2023-08-08,29566.63814024008,1257.803123720522,14442.229145145204
2023-08-09,28374.13557356482,1139.1959704956894,13691.310569058043
2023-08-10,26813.75206049741,986.6478088120235,12949.837137427858
2023-08-11,27391.873724110897,699.7561029265812,12858.254602951409
2023-08-14,25778.889533998172,1120.162928348695,12596.097206378567
2023-08-15,27407.3577055262,939.2110119793634,13336.04012656492
2023-08-16,24766.009674815527,729.2229093066547,11746.140259811169
2023-08-17,23435.377210927996,705.9377873111496,11045.940940385763
2023-08-18,22487.575421092977,463.7984865668351,10364.21552436738
2023-08-21,22300.955515522543,531.7573280540881,10270.522123612298
2023-08-22,23048.319200920912,543.4228232759389,10749.054964706515
2023-08-23,22068.32430664796,508.99974003527257,10415.469539746635
2023-08-24,23101.60143509301,774.5359824336365,11401.525908714413
2023-08-25,21392.86499560304,559.4161175718704,9984.615239841609
2023-08-28,21478.228499748613,459.4913062905725,10243.083477064405
2023-08-29,22247.773347457703,663.4194165931412,10697.846955700988
2023-08-30,24988.96083193218,1311.7839041681054,12806.01420904257
2023-08-31,26379.38140370986,1238.7313664191436,13665.972912981351
2023-09-01,24164.55075852846,1200.934640119959,12679.859823311079
2023-09-05,24088.606000647444,1697.1259994199331,13279.772971238666
2023-09-06,22256.701591974776,1318.2417764144127,11827.635995604489
2023-09-07,20285.685798581155,756.917591070658,9906.436416642662
2023-09-08,20125.18644040991,766.7376511853732,9247.97906726495
2023-09-11,19534.834417291593,680.7216031824754,9320.154272444053
2023-09-12,32853.232822048536,1303.787167264139,16324.61515320692
2023-09-13,31079.064476098036,1179.7934656898562,15562.545599986011
2023-09-14,31113.70815978115,1444.634556068387,15578.852043776717
2023-09-15,34295.401677627095,1609.0792649295754,16984.68246162062
2023-09-18,30233.56972537045,1269.6267544724476,14908.699743338586
2023-09-19,30429.80776710526,1276.3482949313318,15147.033107545429
2023-09-20,28985.71788820939,1282.3331220941295,14541.182666546516
2023-09-21,26348.90318483342,1378.4231265065475,13185.975519543072
2023-09-22,24589.361506766523,537.145272946992,11337.825292810156
2023-09-25,23404.490536108977,517.5882415728997,10966.347483818627
2023-09-26,23975.985113990788,731.0548381098241,11402.596953242755
2023-09-27,23095.230646915523,388.2489937920711,10374.77044404734
2023-09-28,22283.76860597925,437.57711675755104,10172.558406939841
2023-09-29,21582.986523293624,553.3755493571058,10325.006583744855
2023-10-02,21819.03923998568,513.7869364227013,10104.057581418509
2023-10-03,21766.733617162306,319.20926747275564,9879.754007336034
2023-10-04,19520.858051717554,373.5785638687189,9164.29314104976
2023-10-05,20529.374464905537,289.9566627397123,9314.042353238116
2023-10-06,19791.792306187053,405.15763377552724,9189.815612765207
2023-10-09,21255.060701449394,460.3603358084116,9801.918030593175
2023-10-10,21908.13507713376,572.6912743042324,10362.664872956293
2023-10-11,22679.811664452795,570.1725216981968,10965.054956275593
2023-10-12,22412.61987826322,596.3621607436899,11158.170987939879
2023-10-13,21341.679581804525,620.4184795407699,10121.945514531293
2023-10-16,21102.48690916019,268.60934218222377,9827.56850036492
2023-10-17,22111.647830331596,655.3377518210086,10670.431488971373
2023-10-18,21901.567521503694,485.12988831210004,10396.504186723721
2023-10-19,20106.08868448952,291.3548050187034,9124.627941076276
2023-10-20,19958.552226414235,524.0233738329016,8829.896080330052
2023-10-23,20442.542143359948,343.56870662054047,8847.56841643722
2023-10-24,30752.11507472105,587.213241017757,14637.294563256612
2023-10-25,32232.54899985523,1090.8874682823132,15547.380693320223
2023-10-26,29847.837376711992,832.3447868403867,14168.074416833686
2023-10-27,27355.381072877957,526.4091971740464,12687.937261814173
2023-10-30,27843.680802182796,489.04009365205224,12522.42672225795
2023-10-31,29613.87239403183,647.6525274892554,13577.693545486743
2023-11-01,29494.213769104725,601.5442882764262,13970.563574775799
2023-11-02,32226.030234158963,1165.0215315787732,15727.754506572188
2023-11-03,37253.39413728331,1436.398981957416,18488.689877752764
2023-11-06,42593.33072201179,991.1378181751991,20423.662276053637
2023-11-07,43903.941257144936,1659.3867375949278,21191.939851912204
2023-11-08,45013.89586601941,1440.0127174817524,21378.621055194493
2023-11-09,45736.37923111517,1266.8864489863684,21865.045444366737
2023-11-10,42196.61887646715,1339.8206903593054,20601.123839188414
2023-11-13,48424.31921839863,1178.5008154240454,22626.335323947227
2023-11-14,48173.8354854022,1009.161357279516,22637.727036008084
2023-11-15,53500.5942410267,1590.987601454769,24661.72645151385
2023-11-16,53936.23936316959,878.1791617143526,24670.27703484769
2023-11-17,55170.15671255233,1168.0565852219795,25111.722099952392
2023-11-20,56292.3401953268,1412.2565230997584,25482.001220610873
2023-11-21,57643.832535693335,840.5317139335383,25445.020033581724
2023-11-22,56987.893703921494,1297.8281409542774,25413.250994723305
2023-11-24,59074.532934530835,1163.6561055952975,25481.567715348407
2023-11-27,57675.25270703994,912.581055808619,25870.392036723275
2023-11-28,55679.91672573616,1555.5113439437844,25478.750237650158
2023-11-29,57326.488920715776,808.2753911339747,25420.56637826066
2023-11-30,57951.10640744732,1181.8364738016915,25473.158204382413
2023-12-01,58580.99952984435,1116.7832014653004,25884.35480103677
2023-12-04,57899.93104712663,1342.8134714073285,25971.751363421088
2023-12-05,57608.37564349668,1089.5054411825229,25389.39754987106
2023-12-06,32350.713760824918,1339.6282096356538,16254.620736581322
2023-12-07,32009.097817337446,1414.3861258354887,15432.654600662097
2023-12-08,34856.97099980505,1544.487530748061,17056.599214759786
2023-12-11,35068.74095375104,1449.533766371971,17627.75567940716
2023-12-12,37060.82731520544,1543.0594421687445,18439.690272232707
2023-12-13,38246.21564411116,1638.0632225576107,19470.07217318422
2023-12-14,44814.12975502262,1691.4006262494922,21794.786970416906
2023-12-15,45913.75210328095,1983.8131868922558,22245.782333912226
2023-12-18,47692.26742240125,1361.4840794999122,22595.868233650945
2023-12-19,49339.37323339563,1603.3070599536616,23511.60856659248
2023-12-20,51085.80757682919,1239.457460170327,24275.682830099842
2023-12-21,44243.750534558705,1797.1486459741793,21994.226195471125
2023-12-22,49125.44309910542,1782.609602469543,23633.14125805176
2023-12-26,51418.81368709552,1373.3172268984251,24242.886347899388
2023-12-27,53776.39316579504,1679.9459040992365,25076.69306008194
2023-12-28,53616.26966892212,1109.4064077968194,25364.03608767432
2023-12-29,54151.63272778127,1461.4241394605915,25426.083098515082
2024-01-02,52235.43515496112,1574.0458645119886,25366.11382683472
2024-01-03,50984.13053620232,1256.9605045606572,24487.956811982855
2024-01-04,47664.3138150631,1489.6282663426828,23385.72520688098
2024-01-05,46157.32044358728,2109.255079516209,23223.428270186716
2024-01-08,48225.02256274762,1600.852859747408,23971.103024226202
2024-01-09,54304.49493041499,1410.5971058915675,25834.56468312969
2024-01-10,55570.84546622566,1365.5291519211933,26071.003363480595
2024-01-11,57970.33592760529,1540.15720708317,26522.374611799154
2024-01-12,56886.636061136334,1631.924499872295,26351.639124047866
2024-01-16,60041.173253207795,1236.7657073666026,26630.16716393664
2024-01-17,60504.65638413713,682.7724856629068,26601.325097396977
2024-01-18,60105.674364117214,1108.2409867659346,26672.446424912006
2024-01-19,60380.34718052733,1245.0573048370231,26738.579742787093
2024-01-22,33619.18250879186,1526.9990680204494,17066.824894044777
2024-01-23,35417.11860452538,1526.378363580118,17390.023280033427
2024-01-24,35580.144385280386,1423.5634121526525,17880.18252709674
2024-01-25,36156.9351961476,1685.9274548588478,18255.70920923383
2024-01-26,38187.85364625826,1639.3262738769263,19048.050219003053
2024-01-29,36825.32251840367,1348.3671385694943,18819.13284800819
2024-01-30,41975.820196414395,1519.6397884405917,20466.11799875196
2024-01-31,41634.715464994726,1762.6251748211228,20376.530845600835
2024-02-01,34641.41096107096,1324.5623930157312,17086.40558871806
2024-02-02,39568.877802069655,1645.7836726512642,19995.123274824793
2024-02-05,43764.81169666075,1653.492830421054,21878.027554874625
2024-02-06,42527.05250248107,1986.773581987594,21471.958329367306
2024-02-07,44692.09519744887,1622.7384506576982,22208.544072930614
2024-02-08,48979.85436175264,1537.4965851601069,24245.987367197027
2024-02-09,49347.9249600731,2236.148192712896,24465.218480515297
2024-02-12,52767.22003005252,1767.6814769656687,25367.51635525494
2024-02-13,50954.18945835888,1349.2656911867318,24943.46872275587
2024-02-14,44643.14105391073,1306.8258886737794,22032.824387971847
2024-02-15,50801.48147056836,1801.1640221697585,24472.399390494265
2024-02-16,53175.49229276979,1568.8755882625162,25858.361579311546
2024-02-20,53267.51632362397,1744.9836273889903,25351.38142978154
2024-02-21,48275.99006944912,1699.535011042457,24286.657543122437
2024-02-22,50298.93469501814,1823.691359799859,24700.035252902486
2024-02-23,60851.85937113392,1507.8309613936522,27284.656262287273
2024-02-26,62325.45614968765,1566.7826798234455,28068.83445579659
2024-02-27,61132.19893828439,1733.855940061476,27922.911166913385
2024-02-28,63527.651198868014,1728.2374525907405,28128.746340599133
2024-02-29,61210.041899831274,1476.254167697504,27746.897323434772
2024-03-01,61963.48072692542,1389.6235362620846,28146.11040416663
2024-03-04,64520.57046037554,1535.7175593338754,28388.748744490687
2024-03-05,34777.238984695985,1600.7390466127356,17528.534276326052
2024-03-06,32060.51419006039,1377.051575168141,15890.90833078618
2024-03-07,33499.360839569585,1387.7506444821013,16633.63497630437
2024-03-08,36972.780816877625,1490.7441912597562,18783.473846873436
2024-03-11,35114.332751004695,1290.8752322564815,17444.617125368193
2024-03-12,35567.39003872585,1010.3393776549153,17184.34578102072
2024-03-13,39289.277075364436,1732.4880808873206,19763.25979809227
2024-03-14,38566.23742992728,2097.1673973898546,19529.612266565386
2024-03-15,37566.225401556185,1776.6441175349928,18993.857130759923
2024-03-18,34335.724293392115,1633.4466991622241,17408.20830399622
2024-03-19,37028.055001309796,1955.404556261644,18885.700939848473
2024-03-20,39185.620183360115,2186.915559416534,19906.092162828136
2024-03-21,45270.68989952093,1976.601938161239,22831.92388139366
2024-03-22,47488.68570348123,2332.263704811509,23515.59197841109
2024-03-25,46277.48395869984,2268.405580711173,23137.89770784762
2024-03-26,44784.13311814105,1811.2168260680623,22671.303629148926
2024-03-27,44090.63128034054,1852.8631908897787,22145.618394384266
2024-03-28,48776.19877543637,2116.866955303113,24404.87676606841
2024-04-01,49822.97794697031,2030.5275011781682,24690.142124788552
2024-04-02,47650.05578380567,1783.6894025358934,24072.773846125863
2024-04-03,43857.086642090006,1965.247744953166,22504.392030194736
2024-04-04,44369.77166173349,2084.2022478863305,23248.615177080694
2024-04-05,37430.701870412064,1544.514579481329,19532.637691478325
2024-04-08,44407.27404026111,1465.577125808202,22971.28989001016
2024-04-09,44473.11862338519,1698.3836954300136,23548.838133488087
2024-04-10,47429.44518463964,1780.5433296535314,24415.378399521385
2024-04-11,38492.04779633339,1581.2452358434575,21446.692784055147
2024-04-12,46553.56884932057,2009.0400480942435,25023.939574548414
2024-04-15,32991.14474751746,1284.2086947881367,19537.145605415506
2024-04-16,23589.766936870896,2897.0506296340905,13827.042345895266
2024-04-17,36606.11804960786,1147.5931822349135,17258.382525256533
2024-04-18,34116.987705180545,1361.7068654128082,16615.384418843973
2024-04-19,34991.745217131254,742.7326789586326,16445.427403071608
2024-04-22,32508.85993021227,1019.4749921070434,15369.314910351797
2024-04-23,34099.24406278288,1146.9919462264188,16466.251191338637
2024-04-24,37743.2215990068,1101.8310868254841,18401.853054564734
2024-04-25,36458.0335968643,1408.3179741987065,18219.18606015856
2024-04-26,35177.1659735332,1428.2904225882896,17587.32137804339
2024-04-29,40638.74551553626,1559.5283383945527,19707.653712535302
2024-04-30,41503.241356249666,1646.086006965289,20452.187062819703
2024-05-01,35080.7808807991,1218.9370957402089,17307.756123870317
2024-05-02,33886.81344125111,1071.7365853120914,16519.46785777014
2024-05-03,36636.00813217592,1415.696843991948,18634.458496644773
2024-05-06,44309.4891143948,1789.2976754434355,21593.060932796667
2024-05-07,47675.7489522279,2120.7629016855285,24026.16535834898
2024-05-08,49320.37920590897,1873.8485471701406,24339.360728116575
2024-05-09,50529.05568886853,2047.8472757325746,24621.68663841058
2024-05-10,53273.02399255822,1668.13937135958,26100.15220515533
2024-05-13,55086.41653392407,1677.581612289036,26589.52567593532
2024-05-14,54981.84681336674,1432.5428675673609,26482.68403850776
2024-05-15,57902.5301073818,1778.1355385258291,27478.851650337067
2024-05-16,63994.57632527774,1474.678894965909,28788.991471349666
2024-05-17,62306.60446390058,1666.2799345206236,29288.209091785033
2024-05-20,63661.98948507448,1704.7717446887423,29288.24512297692
2024-05-21,66043.91130324735,1822.481334998719,29843.493984828143
2024-05-22,66443.67442935574,1741.716701452657,29733.285641871527
2024-05-23,66330.95456645405,1219.0302179967764,29533.316854053715
2024-05-24,65478.41386560748,1434.6467258828136,29479.71074135173
2024-05-28,66138.58236929934,992.6712745797574,29611.400223048793
2024-05-29,66574.55688454962,1580.4138738996878,29819.124674885094
2024-05-30,38147.76903768275,1507.4965886798063,18516.282972646582
2024-05-31,35162.870741587576,1614.9939433212903,17570.371850421958
2024-06-03,39434.13118816448,1578.9382116050847,19406.03073990121
2024-06-04,38750.70278716931,1946.8894865810305,19377.322710437147
2024-06-05,39235.12518090958,1454.881327383885,19683.234464527643
2024-06-06,44859.30066606343,1789.2142211120397,22333.8130142174
2024-06-07,45636.68984666579,2105.5096385624597,22582.422933001497
2024-06-10,43966.0719011735,2157.469369282136,22497.854738658985
2024-06-11,46112.95199570118,1892.8967100309328,22970.494091055738
2024-06-12,47831.2716041969,2147.7262757205954,23546.276140319154
2024-06-13,50752.457026194745,1693.6045710091676,25533.478619396767
2024-06-14,53239.85006235631,2116.3406093014905,26127.897980731756
2024-06-17,53490.82179218181,1685.912723005335,25980.95846848322
2024-06-18,57938.185975398934,2045.9900879570364,27534.290317533414
2024-06-20,58523.931402373346,2183.65237831,28194.23905313112
2024-06-21,57656.28636184342,1609.0217973037866,27680.521730640336
2024-06-24,56493.52624359628,2347.6871972616373,27278.562466528994
2024-06-25,55147.87659761193,2047.375298722674,27093.53959020809
2024-06-26,57452.880856190655,2060.2595394180494,27998.886157836696
2024-06-27,60468.39008839314,2083.4964546671285,28628.024663418553
2024-06-28,60712.159948284214,1561.5052045083671,28918.028245088248
2024-07-01,60840.27889879719,1639.4772738843226,28593.751795392633
2024-07-02,61990.589671378904,1790.685739739777,29171.17900056426
2024-07-03,66562.98280823122,1751.6851569445803,30134.52306726237
2024-07-05,66741.7400410648,1682.4245610604587,30618.865056886592
2024-07-08,68802.70397837466,1842.9733277302996,30509.75018638159
2024-07-09,66408.34862124006,2211.6369611660994,30665.81485913837
2024-07-10,69257.20441637073,1844.8566653680384,30941.358974393228
2024-07-11,68985.08141771262,1578.705204885032,30978.58705840419
2024-07-12,65684.62111531192,2027.7600178926368,30952.854486300763
2024-07-15,39921.79863877063,1969.3817840657673,19969.823644659195
2024-07-16,41091.07543747942,1932.5570049918256,20614.27097188912
2024-07-17,43541.339124881226,1812.5522078522272,21663.067523045796
2024-07-18,38442.47414540096,1945.1840460469687,18848.904728379446
2024-07-19,35886.40111936318,1478.349608451114,17382.360726018043
2024-07-22,33221.1195572663,1125.862794665749,16103.437010617436
2024-07-23,36488.92627091256,1546.3920738412098,17784.879076432644
2024-07-24,35385.448851534435,1524.8056293311845,17270.740699445178
2024-07-25,29543.820352238137,868.8070033019956,14190.291224172342
2024-07-26,28376.436831958366,1106.9545624054006,13516.149449655204
2024-07-29,30550.66530011246,1113.4860671351507,14530.67226668509
2024-07-30,30011.484726423947,1246.1005773524116,14663.182356238163
2024-07-31,30164.261540238174,679.9039891533453,14031.575598082904
2024-08-01,34400.01363531196,1306.7336038626586,16422.28091374643
2024-08-02,29675.220037026633,1258.982897517044,14367.1085265473
2024-08-05,27943.512198241562,567.7263552920609,12816.083885455075
2024-08-06,27755.333678952084,-442.43029970231873,11917.131067853117
2024-08-07,26544.40176126521,54.14026887539999,11611.766181274983
2024-08-08,25397.86074528438,254.79202850023523,11304.663678481156
2024-08-09,26577.296290115173,508.4584367197715,12203.987068184033
2024-08-12,25897.171443390038,665.1225684516141,11968.774089583578
2024-08-13,26187.896453622812,651.6652248444582,12032.3793875391
2024-08-14,27106.17955191957,934.1308148569891,13073.81090624416
2024-08-15,26542.933883299233,1030.0273930148937,12920.981982046591
2024-08-16,31059.626310375123,1753.8281914494644,16232.610346398109
2024-08-19,31051.66593032113,2049.3682677215493,17089.341074641718
2024-08-20,36622.01731827148,1897.4295594711966,20662.46335658419
2024-08-21,36316.492097866474,1696.820642574551,19757.477751961826
2024-08-22,36684.819116717656,2271.732808395853,22450.52474977927
2024-08-23,27653.15023516984,4702.629306896604,17778.885499132124
2024-08-26,42542.22990069439,1151.343693462847,19960.570163738907
2024-08-27,39251.62150205293,1929.2124396636568,19438.639782434675
2024-08-28,40593.68128540167,1963.8258312324174,19732.721300993944
2024-08-29,39435.37732675859,1425.3051736146544,18700.96503616281
2024-08-30,39188.065277944945,1764.3959794603177,18957.50536163726
2024-09-03,41977.590841631565,1866.5066796569295,20567.8649016806
2024-09-04,36066.706647578954,756.8206873368239,16868.80231269772
2024-09-05,35386.24325756295,613.1026099997064,16586.456761324807
2024-09-06,33863.62085391352,746.5676495061888,16300.762244761354
2024-09-09,30329.632749940352,463.1393660010431,14191.506962842066
2024-09-10,33100.44082743389,725.9478427259621,15435.123881793235
2024-09-11,32447.211444979337,1119.7099811778337,15720.494090057033
2024-09-12,35757.297188398436,1098.6263557299196,17187.940321249793
2024-09-13,38597.0071803943,1622.6197279727508,19097.181630817428
2024-09-16,39912.99371562353,1693.831696476031,20348.430049610506
2024-09-17,40978.340982550406,1521.3634133897156,20731.915800607298
2024-09-18,42477.54980324404,1380.8270524246552,20591.91489554967
2024-09-19,39964.89366685198,1285.624245776793,19904.43602856951
2024-09-20,49368.63905964961,1708.1527700069726,24419.869980429037
2024-09-23,48374.99186205692,1658.7894114582882,24443.83686530146
2024-09-24,49639.26003402731,2303.182260808389,25571.888408323168
2024-09-25,50773.130464780006,2815.077485332623,26737.149217676608
2024-09-26,52476.14825147343,2368.245187594797,26595.960829437096
2024-09-27,55496.827383345284,2349.876469099837,27904.94753664036
2024-09-30,53961.948080198956,2801.8949064446024,27622.94960597563
2024-10-01,57972.28232262476,2450.7351025276957,29237.50628677271
2024-10-02,51054.63792101267,1990.495355932736,26389.84625509477
2024-10-03,52835.95855249722,827.7711691569815,27354.461115109272
2024-10-04,53669.33255947309,659.4369782712016,27954.55103442431
2024-10-07,60503.829894356866,2947.7794414434356,31175.284026210837
2024-10-08,41951.26724948778,1243.1018295938045,19820.41131041383
2024-10-09,44691.90428416461,1500.198846442106,20900.738991800627
2024-10-10,45610.857494584234,1856.9518682438616,22319.67518035703
2024-10-11,45160.029767750515,1325.5486904981317,21473.188127984613
2024-10-14,48175.34135786778,1674.3736821599778,23092.946123110338
2024-10-15,51224.970722174505,1874.534606708248,24921.015817603286
2024-10-16,49121.13214222941,1757.24998989874,23328.512516257433
2024-10-17,50902.35778651815,1677.9630712166675,24337.290829810092
2024-10-18,51649.12609514502,1856.9186045293904,25002.203417268778
2024-10-21,54609.30252392316,2690.039903404653,26507.3671730802
2024-10-22,53315.89442814025,2172.188749446689,25790.416722777107
2024-10-23,54048.359672286184,1851.6373249855585,25995.849614047835
2024-10-24,49677.39939093746,1803.599569377228,24322.439719531554
2024-10-25,50941.37912278593,1879.6601107425074,24576.392824755978
2024-10-28,49757.46408245639,1517.1713850121632,24053.62165401799
2024-10-29,52684.94181208958,1809.940455352244,25364.409918679623
2024-10-30,52663.37927203511,2369.10051598991,26223.280782808873
2024-10-31,51944.47185573536,1497.3836135748536,25245.014840849944
2024-11-01,43543.72954790143,798.9969856053609,20771.086582546206
2024-11-04,44833.97862028083,762.3680258150289,21666.245682238907
2024-11-05,44912.96141196091,816.541280627597,21398.327063039458
2024-11-06,50801.00550902129,1411.6370404608242,25074.81781659541
2024-11-07,68458.10542633716,1758.2736884912797,32214.274094754055
2024-11-08,71663.61844138309,1994.6279016463184,33472.440315218235
2024-11-11,75356.21601666727,1726.9079365747436,34132.213968755284
2024-11-12,78622.61151309879,1745.9851186298013,34342.66034404981
2024-11-13,75069.09043797992,1863.3083798986122,33639.78458811724
2024-11-14,74954.35159224353,2164.370427685533,33976.26495500663
2024-11-15,75515.2004288563,1704.2102658411727,34241.33709937436
2024-11-18,71458.59066366174,2252.0282743245475,33068.85159217876
2024-11-19,44333.11824748677,1748.2869540897384,21390.90047501417
2024-11-20,44774.146140218785,1961.0827314435962,21682.364401783037
2024-11-21,45491.261539299696,1713.0011795556159,21987.955036492913
2024-11-22,47568.657034939286,1796.6651683803059,23038.303622866126
2024-11-25,48963.70058623393,2289.0018745472885,24266.99757886755
2024-11-26,50166.19536269506,2559.3388268453555,25050.6391170129
2024-11-27,52830.02638187665,2683.147074967975,26146.27415850641
2024-11-29,50824.12995240473,2210.0011856544597,25765.799939483044
2024-12-02,54997.51682785978,2382.338174548135,27535.878227054938
2024-12-03,55719.18384174992,2552.335932839878,27994.605838928383
2024-12-04,56732.25680308975,2299.467225278524,28154.726267620517
2024-12-05,61013.968500514304,2477.705398766154,29689.404795767394
2024-12-06,58854.05292725799,2256.917154246039,29175.90653780096
2024-12-09,62099.51994982151,2500.653902254151,30080.81255219341
2024-12-10,58237.77417346799,2289.775625970061,29012.145623704968
2024-12-11,56568.67392532868,2718.9960320558403,28320.0789001352
2024-12-12,62708.719235586206,2333.4341247476646,30688.38030176661
2024-12-13,60255.68770089556,2922.034845730633,30048.36662965313
2024-12-16,57810.67204977595,2155.45232947429,29142.442375595532
2024-12-17,62047.568123727964,2241.18793639438,30489.894739376294
2024-12-18,59428.71290059071,2072.3927822930054,29033.20546019936
2024-12-19,43952.45463105928,-362.6257881926152,20239.089471586947
2024-12-20,41728.37882568428,636.3554542722526,20157.552458218073
2024-12-23,47099.69585564156,1506.2143645170934,24262.77421025897
2024-12-24,52208.381203876495,2097.011357795643,27168.059538362384
2024-12-26,63400.96044460965,2747.1955154098796,31998.19001070639
2024-12-27,65990.35332953338,2144.007021229836,32269.96514126233
2024-12-30,54411.96533310059,2360.903588140774,29430.706699113085
