,VaR_HistSim,window_mean_pnl,window_vol_pnl
2007-12-31,18570.776331561174,353.8350329079664,5994.3243212432235
2008-01-02,18570.776331561174,325.9545253682214,6012.830850894096
2008-01-03,18570.776331561174,327.5626439105378,6011.63784630486
2008-01-04,18570.776331561174,309.7142938190487,5992.028019019336
2008-01-07,18570.776331561174,289.54128783162184,5998.761521649239
2008-01-08,18570.776331561174,279.1466839105183,6001.78415784868
2008-01-09,18570.776331561174,304.78322069645355,6057.41399734083
2008-01-10,18917.102006520036,279.38347333472296,6112.939577823875
2008-01-11,18917.102006520036,306.86110707631616,6149.8954300638015
2008-01-14,18917.102006520036,299.950319137482,6155.907121635411
2008-01-15,18917.102006520036,320.3340572088322,6149.925198203865
2008-01-16,18917.102006520036,261.1154077560773,6192.081906046281
2008-01-17,18917.102006520036,259.5006600737274,6193.742760852997
2008-01-18,18917.102006520036,226.85714926779028,6208.972892633918
2008-01-22,18917.102006520036,220.28470184996797,6208.5262106500895
2008-01-23,18917.102006520036,193.5786558021647,6202.414175038518
2008-01-24,18917.102006520036,188.93003322120018,6201.412749257754
2008-01-25,18917.102006520036,239.67380087449297,6288.466095905648
2008-01-28,18917.102006520036,212.06681077983563,6295.290884571674
2008-01-29,18917.102006520036,230.28487331788568,6303.5210338807265
2008-01-30,18917.102006520036,234.73631057367263,6306.386277907993
2008-01-31,18917.102006520036,258.8341022654967,6321.315658197551
2008-02-01,18917.102006520036,258.3360643663755,6321.891144309706
2008-02-04,18917.102006520036,241.61166132036496,6331.78718883646
2008-02-05,18917.102006520036,262.83402962206907,6317.086100176601
2008-02-06,18917.102006520036,225.13761713259498,6368.428950028186
2008-02-07,18917.102006520036,218.6283839743597,6365.766724912875
2008-02-08,18917.102006520036,247.06992635281634,6378.805717853305
2008-02-11,18917.102006520036,284.9584883568859,6395.2467828876215
2008-02-12,18917.102006520036,230.1734330981042,6432.32331732064
2008-02-13,18917.102006520036,237.33942337138393,6430.24549872706
2008-02-14,18917.102006520036,238.43917377881502,6430.83330832073
2008-02-15,18917.102006520036,268.30429104598306,6456.4644433011235
2008-02-19,18917.102006520036,244.2305177527613,6470.922848229758
2008-02-20,18917.102006520036,283.5069390642007,6524.72297593076
2008-02-21,18917.102006520036,301.8369193129943,6533.0124326266605
2008-02-22,18917.102006520036,264.87992265049934,6555.170495086157
2008-02-25,18917.102006520036,273.0797081608966,6554.934786642879
2008-02-26,18917.102006520036,291.9145601721275,6568.952181505587
2008-02-27,18917.102006520036,289.7523798499658,6567.562971417016
2008-02-28,18917.102006520036,274.835307635465,6556.283925382315
2008-02-29,18917.102006520036,257.8294675018389,6568.0087682719295
2008-03-03,18917.102006520036,223.92507186299906,6620.313843140525
2008-03-04,18917.102006520036,237.1283687891151,6617.84984243842
2008-03-05,18917.102006520036,247.87809713613134,6614.828177676527
2008-03-06,18917.102006520036,274.98564151616176,6643.420227188696
2008-03-07,18917.102006520036,251.82261450556584,6659.839309080923
2008-03-10,18917.102006520036,225.44908534009596,6669.944557994054
2008-03-11,18917.102006520036,201.28650693667848,6685.204306815423
2008-03-12,18917.102006520036,223.08830668284946,6718.91032396849
2008-03-13,18917.102006520036,220.11767998944546,6720.264188062094
2008-03-14,18917.102006520036,237.11536523541588,6735.07258385247
2008-03-17,18917.102006520036,222.71539241789333,6748.716753889338
2008-03-18,18917.102006520036,211.8020655531221,6755.565809463775
2008-03-19,18917.102006520036,228.18043521194247,6765.374264080032
2008-03-20,19188.30100914345,189.56019285216004,6828.223226242367
2008-03-24,19188.30100914345,160.52098354301734,6853.734067994242
2008-03-25,19188.30100914345,185.4981739366294,6890.891975811072
2008-03-26,19188.30100914345,190.54005201447814,6894.234170999976
2008-03-27,19188.30100914345,180.91128581878232,6886.188611034092
2008-03-28,19188.30100914345,160.6858291947136,6864.724204841336
2008-03-31,19188.30100914345,137.3711917818638,6895.781405434437
2008-04-01,19188.30100914345,119.79808762988851,6898.500085173928
2008-04-02,19188.30100914345,125.90412481331246,6901.941698136609
2008-04-03,19188.30100914345,139.695869034743,6909.953820366784
2008-04-04,19188.30100914345,131.00840710457436,6905.6273481083435
2008-04-07,19188.30100914345,123.82370568176295,6910.34916958187
2008-04-08,19188.30100914345,126.87297029199597,6912.928982324226
2008-04-09,19188.30100914345,132.35899609018867,6908.4046463808145
2008-04-10,19188.30100914345,120.66730247210936,6904.439750741742
2008-04-11,19188.30100914345,113.54850187606633,6901.281487809227
2008-04-14,19188.30100914345,80.81691693716874,6909.233783810991
2008-04-15,19188.30100914345,68.67198135512191,6900.797780488414
2008-04-16,19188.30100914345,57.01829995639161,6885.212038348975
2008-04-17,19188.30100914345,128.65998763713992,6941.580576148795
2008-04-18,19188.30100914345,113.50090173130054,6934.170451981419
2008-04-21,19188.30100914345,122.33285903456877,6927.328134798272
2008-04-22,19188.30100914345,102.69276046195019,6913.551166821702
2008-04-23,19188.30100914345,83.8914431380676,6903.981616846872
2008-04-24,19188.30100914345,81.45129821596595,6904.882504836043
2008-04-25,19188.30100914345,62.1503988792017,6891.072007276923
2008-04-28,19188.30100914345,70.26676877498258,6895.595043431175
2008-04-29,19188.30100914345,51.26441231193149,6890.756466020967
2008-04-30,19188.30100914345,31.99398056476384,6901.994517454014
2008-05-01,19188.30100914345,6.345908863687,6899.56004558401
2008-05-02,19188.30100914345,2.507660973744518,6898.805607378171
2008-05-05,19188.30100914345,23.774307263737725,6907.376828075046
2008-05-06,19188.30100914345,9.572141353068087,6893.146471756536
2008-05-07,19188.30100914345,22.847035711904507,6904.188310019021
2008-05-08,19188.30100914345,-9.802470842368121,6945.595816509294
2008-05-09,19188.30100914345,-16.829319189693276,6945.749700437221
2008-05-12,18918.57229787983,18.28946753084853,6892.818785156973
2008-05-13,18918.57229787983,24.56551785162829,6895.36343495044
2008-05-14,18918.57229787983,36.43784281563082,6896.5344041233575
2008-05-15,18918.57229787983,54.190862929728326,6889.915264800076
2008-05-16,18918.57229787983,81.02970143419019,6875.932560064754
2008-05-19,18918.57229787983,104.34838964344397,6890.303982559784
2008-05-20,18918.57229787983,95.39956263127377,6888.07592791395
2008-05-21,18918.57229787983,115.08332144914695,6869.228887750437
2008-05-22,18918.57229787983,97.76559979346696,6859.656665884871
2008-05-23,18918.57229787983,108.46602085813379,6863.618323564804
2008-05-27,18918.57229787983,88.80100829532604,6870.667004973629
2008-05-28,18918.57229787983,94.35604386379549,6870.888096392317
2008-05-29,18918.57229787983,120.82776403185868,6873.274746357365
2008-05-30,18918.57229787983,114.86361588800116,6876.622440536889
2008-06-02,18918.57229787983,124.66402848621144,6876.484646436793
2008-06-03,18918.57229787983,121.90268267606156,6879.073771896131
2008-06-04,18918.57229787983,105.0738897462356,6895.251404739499
2008-06-05,18918.57229787983,133.14494992757275,6881.5319143728175
2008-06-06,18918.57229787983,167.24651830973912,6903.037436530422
2008-06-09,18918.57229787983,161.82954161121012,6906.741240301391
2008-06-10,18898.34169840792,205.79922090817055,6839.564899207625
2008-06-11,18898.34169840792,184.843982079331,6837.2059112384995
2008-06-12,18898.34169840792,160.79618256307782,6809.506196625794
2008-06-13,18898.34169840792,163.37222205554536,6810.975393278372
2008-06-16,18898.34169840792,186.18629879767,6804.836195903271
2008-06-17,18898.34169840792,181.72396622686983,6802.236418319177
2008-06-18,18898.34169840792,165.24491751433695,6794.7656891817705
2008-06-19,18898.34169840792,160.58870231886536,6796.785341748094
2008-06-20,18898.34169840792,163.57913381575418,6798.129295880016
2008-06-23,18898.34169840792,146.90644487354845,6797.422279770563
2008-06-24,18898.34169840792,154.08688220452714,6790.441870061129
2008-06-25,18898.34169840792,135.719113233556,6794.338127263482
2008-06-26,18898.34169840792,114.61902751391983,6767.192641906994
2008-06-27,18898.34169840792,115.68479397188128,6767.803533397939
2008-06-30,18898.34169840792,95.746622084283,6766.832750203509
2008-07-01,18898.34169840792,86.16447128060722,6763.306326639631
2008-07-02,18898.34169840792,94.47593623684332,6766.596393677155
2008-07-03,18898.34169840792,109.80509473236548,6759.7579669803745
2008-07-07,18898.34169840792,106.95390204746661,6761.879990613779
2008-07-08,18898.34169840792,83.61319569763978,6760.974278891496
2008-07-09,18898.34169840792,68.3938446389033,6769.5161219940155
2008-07-10,18898.34169840792,73.59834320434241,6768.198554869587
2008-07-11,18898.34169840792,87.82185959815484,6771.84340881121
2008-07-14,18898.34169840792,138.44121630900653,6787.989351977136
2008-07-15,18898.34169840792,126.3314964390696,6791.895609719559
2008-07-16,18898.34169840792,108.98203201587603,6791.7665784905275
2008-07-17,18898.34169840792,137.53461281314958,6781.15301940844
2008-07-18,18898.34169840792,161.96300234422966,6795.552678472886
2008-07-21,18898.34169840792,168.0906429291389,6797.287411473356
2008-07-22,18898.34169840792,164.27101295527774,6795.936911254375
2008-07-23,18898.34169840792,156.11668996200478,6795.627268117335
2008-07-24,18898.34169840792,133.83120734513528,6796.033194158416
2008-07-25,18898.34169840792,108.75270013765834,6821.125052322384
2008-07-28,18898.34169840792,126.02545336793852,6830.884454314259
2008-07-29,18898.34169840792,105.26192800394584,6836.554503208115
2008-07-30,18898.34169840792,103.5694698656825,6836.427138581381
2008-07-31,18898.34169840792,104.98603184069661,6836.224752457089
2008-08-01,18898.34169840792,94.98363709990822,6843.059190425735
2008-08-04,18898.34169840792,84.82896897323734,6846.708008124143
2008-08-05,18898.34169840792,83.6497896824865,6847.590539173154
2008-08-08,18898.34169840792,86.72223788977252,6849.042977464306
2008-08-11,18915.069034799275,60.015665959168096,6897.244629357871
2008-08-12,18915.069034799275,56.38757878022268,6898.547022369699
2008-08-13,18915.069034799275,32.351261114183345,6917.688138088046
2008-08-26,18915.069034799275,43.055266655837244,6918.673154102975
2008-08-27,18987.03680878797,-2.457534677044634,6989.710366984163
2008-08-28,18987.03680878797,13.313289862491365,6986.247989565087
2008-08-29,18987.03680878797,29.9800689576141,6994.655889177235
2008-09-02,18987.03680878797,17.140140673921326,6994.198096080946
2008-09-03,18987.03680878797,-14.66589068845415,7043.042183544863
2008-09-04,18987.03680878797,-18.047530036105062,7044.768957406818
2008-09-05,18987.03680878797,-48.64121153587724,7085.621836382134
2008-09-08,18987.03680878797,-39.211739099661834,7087.136563130929
2008-09-09,18987.03680878797,-4.812558537457647,7129.165379098269
2008-09-10,19345.370192766357,-67.93151163199788,7266.721197429367
2008-09-11,19345.370192766357,-83.50960036985012,7275.3606487604975
2008-09-12,19345.370192766357,-90.345535967864,7275.755280114792
2008-09-15,19345.370192766357,-48.689249419621746,7344.376695510654
2008-09-16,20498.158379587796,-110.00873567870534,7397.742483009053
2008-09-17,20498.158379587796,-107.05722826528466,7396.562535827395
2008-09-18,20498.158379587796,-48.30186180772298,7435.710083765716
2008-09-19,20498.158379587796,-29.788465715479163,7436.134868218073
2008-09-22,20498.158379587796,57.073478731145556,7610.851941396688
2008-09-23,20498.158379587796,84.86097338656039,7641.712998303109
2008-09-24,20498.158379587796,68.29752047374548,7645.943486668365
2008-09-25,20498.158379587796,57.53926209726406,7655.854319800064
2008-09-26,20498.158379587796,70.87485689279028,7663.754035403966
2008-09-29,20498.158379587796,53.37375508665264,7660.593078490153
2008-09-30,21815.146967058543,29.566860428912012,7717.889579998431
2008-10-01,21815.146967058543,34.1576717783359,7720.396624460802
2008-10-02,21815.146967058543,28.456615494596363,7722.922077373998
2008-10-03,22208.93046828675,-22.99332604971307,7821.342887445026
2008-10-06,22208.93046828675,-24.909404599938686,7822.002066580285
2008-10-07,22208.93046828675,-68.68121843930003,7859.294499522011
2008-10-08,22208.93046828675,-66.32996561223524,7861.311039294362
2008-10-09,22208.93046828675,19.664880454636354,8118.016442601464
2008-10-10,22208.93046828675,-20.232322949930268,8175.602438851802
2008-10-13,24041.70807650366,-63.88211488162764,8245.586293045983
2008-10-14,24041.70807650366,-18.80152479057497,8260.715248765686
2008-10-15,24041.70807650366,20.320820413444658,8290.04003150632
2008-10-16,24095.118198778502,-45.34179902684072,8375.300704337458
2008-10-17,24095.118198778502,-67.18956188070719,8376.584122874176
2008-10-20,24095.118198778502,-86.6848726373695,8384.723321288158
2008-10-21,24095.118198778502,-75.25837433220059,8390.479667297555
2008-10-22,24387.618287935762,-146.19624383038422,8527.680560252387
2008-10-23,25252.496797380118,-239.12381452610938,8694.186415812503
2008-10-24,25252.496797380118,-252.51430580360156,8689.812868311736
2008-10-27,25252.496797380118,-256.96342332414986,8689.010269366658
2008-10-28,25252.496797380118,-268.0638266297665,8697.484807263008
2008-10-29,25252.496797380118,-178.3310747783447,8919.045576292256
2008-10-30,25252.496797380118,-180.98069396584816,8916.967722375543
2008-10-31,25252.496797380118,-163.0805790235538,8920.426384931756
2008-11-03,25252.496797380118,-175.98048564653863,8925.82063427679
2008-11-04,25252.496797380118,-198.83327757702426,8930.970994960304
2008-11-05,25252.496797380118,-160.94115361063007,8977.586797786229
2008-11-06,27230.92888713022,-223.04698623023498,9074.496681812778
2008-11-07,27230.92888713022,-252.34905351210998,9114.414371797435
2008-11-10,27230.92888713022,-225.4220179939881,9139.057744819109
2008-11-11,27230.92888713022,-218.60978729809395,9138.109558181308
2008-11-12,27230.92888713022,-250.71196757496972,9170.989086300386
2008-11-13,27230.92888713022,-307.59810126687654,9228.903210685865
2008-11-14,27230.92888713022,-257.74718808116177,9344.581568567482
2008-11-17,27230.92888713022,-301.9619575831607,9389.962839333044
2008-11-18,27230.92888713022,-314.28136633940755,9395.058876238083
2008-11-19,27230.92888713022,-324.3054419319331,9402.753057397429
2008-11-20,27703.98272853484,-391.3561134377301,9482.505137952267
2008-11-21,28343.833624227846,-447.42976135040556,9584.823765058994
2008-11-24,28343.833624227846,-377.9297115397226,9718.468962938427
2008-11-25,28343.833624227846,-302.10604311086,9842.063457437856
2008-11-26,28343.833624227846,-345.5360808564295,9866.301985895476
2008-11-28,28343.833624227846,-363.94829690729114,9870.197009008461
2008-12-01,28343.833624227846,-374.8703547315192,9873.703723651104
2008-12-02,29791.47880912317,-478.0799521730807,10149.615817944625
2008-12-03,29791.47880912317,-459.34744161031676,10161.607705852737
2008-12-04,29791.47880912317,-462.08434874777515,10160.875099850082
2008-12-05,29791.47880912317,-501.41652043490114,10184.317096511537
2008-12-08,29791.47880912317,-472.60141979778314,10195.580844680151
2008-12-09,29791.47880912317,-346.6432470329797,10578.064360784025
2008-12-10,31474.572730820768,-445.48812375961325,10788.535557218673
2008-12-11,31474.572730820768,-420.8337472904033,10809.364339685935
2008-12-12,31474.572730820768,-418.4833435884952,10809.039109847285
2008-12-15,31474.572730820768,-424.31014194773826,10808.050101459616
2008-12-16,31474.572730820768,-423.5979012320532,10808.20988268042
2008-12-17,31474.572730820768,-395.4029995484745,10819.788311092729
2008-12-18,31474.572730820768,-413.3734186018887,10828.109089722346
2008-12-19,31474.572730820768,-470.0870824714831,10871.509591348628
2008-12-22,31474.572730820768,-481.76876406501606,10876.701677228422
2008-12-23,31474.572730820768,-473.73656316844705,10876.817427327467
2008-12-24,31474.572730820768,-493.7579587341094,10873.707177361734
2008-12-26,31474.572730820768,-486.7776799203345,10876.932130094056
2008-12-29,31474.572730820768,-466.1343949352282,10876.985274674014
2008-12-30,31474.572730820768,-467.96934894504375,10877.006224308432
2008-12-31,31474.572730820768,-470.65740836557455,10875.766551283054
2009-01-02,31474.572730820768,-441.4275230145316,10892.772555772699
2009-01-05,31474.572730820768,-382.67993376163196,10943.080829496534
2009-01-06,31474.572730820768,-410.4348603821138,10945.890255177452
2009-01-07,31474.572730820768,-404.9181992493534,10946.982123550006
2009-01-08,31474.572730820768,-447.14579317723314,10960.568838061337
2009-01-09,31474.572730820768,-452.73546240310964,10958.085622187671
2009-01-12,31474.572730820768,-490.0025373990257,10981.178622956793
2009-01-13,31474.572730820768,-520.704280305578,11026.561573875111
2009-01-14,31474.572730820768,-513.5028037245426,11023.055533803657
2009-01-15,31474.572730820768,-531.736886524025,11042.698580747588
2009-01-16,31474.572730820768,-540.367406709562,11040.615019332083
2009-01-20,31474.572730820768,-500.5502976571144,11079.37923686059
2009-01-21,31474.572730820768,-511.4945500140472,11080.91559395695
2009-01-22,31474.572730820768,-477.4640228949948,11120.978974078775
2009-01-23,31474.572730820768,-495.6527523844299,11109.649703252415
2009-01-26,31474.572730820768,-460.97874226582553,11128.695286651224
2009-01-27,31474.572730820768,-452.25079995724786,11135.683534359789
2009-01-28,31474.572730820768,-459.36314870624915,11140.10862051377
2009-01-29,31474.572730820768,-443.9521212558771,11154.074179175754
2009-01-30,31474.572730820768,-423.54435669848783,11157.17671322887
2009-02-02,31474.572730820768,-450.1315531319644,11143.756371015597
2009-02-03,31474.572730820768,-486.984288386464,11167.29137892566
2009-02-04,31474.572730820768,-455.0525961767176,11190.06621202962
2009-02-05,31474.572730820768,-451.7033225838631,11190.636330531348
2009-02-06,31474.572730820768,-442.75149357660734,11193.115898687418
2009-02-09,31474.572730820768,-413.5714576843402,11216.261197527498
2009-02-10,31474.572730820768,-420.1943853490308,11215.930875936712
2009-02-11,31474.572730820768,-466.5167873670486,11247.037193304348
2009-02-12,31474.572730820768,-465.02081686835874,11246.45016142722
2009-02-13,31474.572730820768,-463.22068997993,11246.296076794539
2009-02-17,31474.572730820768,-448.4796581714395,11251.519235449096
2009-02-18,31474.572730820768,-493.33139962699056,11301.374732023782
2009-02-19,31474.572730820768,-476.52421955476143,11311.978264903595
2009-02-20,31474.572730820768,-473.30419764770085,11313.683687903493
2009-02-23,31474.572730820768,-461.92120860719945,11314.348566074823
2009-02-24,31474.572730820768,-492.14735636970215,11319.667468096111
2009-02-25,31474.572730820768,-487.19433263915283,11320.31620514748
2009-02-26,31474.572730820768,-475.89566288363716,11320.606628972171
2009-02-27,31474.572730820768,-478.5006359572043,11320.913092771065
2009-03-02,31474.572730820768,-477.5270875349258,11320.626489019176
2009-03-03,31474.572730820768,-542.1510056093642,11363.408411544857
2009-03-04,31474.572730820768,-553.1292305021212,11363.86039823014
2009-03-05,31474.572730820768,-529.7590792465473,11372.969706270998
2009-03-06,31474.572730820768,-558.4315281442414,11395.353247826451
2009-03-09,31474.572730820768,-505.12433323107496,11341.91408893374
2009-03-10,31474.572730820768,-526.8911089345131,11333.440291865187
2009-03-11,31474.572730820768,-491.9657312864711,11350.028756461972
2009-03-12,31474.572730820768,-459.7339637920062,11339.029575590353
2009-03-13,31474.572730820768,-427.14407596044475,11345.61952335548
2009-03-16,31474.572730820768,-438.13379476421454,11339.716220456525
2009-03-17,31474.572730820768,-425.206704605155,11342.400536268875
2009-03-18,31474.572730820768,-407.77784033250344,11352.070351962038
2009-03-19,31474.572730820768,-454.4054638242391,11379.160416280263
2009-03-20,31474.572730820768,-428.9505139637423,11393.778900102006
2009-03-23,31474.572730820768,-422.94458200408474,11390.412866189381
2009-03-24,31474.572730820768,-395.8233027673718,11418.619938838256
2009-03-25,31474.572730820768,-424.8239853844765,11431.352799345601
2009-03-26,31474.572730820768,-394.1625294210728,11461.972817582728
2009-03-27,31474.572730820768,-402.2000301718046,11459.562332157113
2009-03-30,31474.572730820768,-430.0811915843466,11471.71996246643
2009-03-31,31474.572730820768,-480.269838554228,11496.065309080754
2009-04-01,31474.572730820768,-483.36894100854363,11495.021912071887
2009-04-02,31474.572730820768,-470.79241293812817,11497.81830653886
2009-04-03,31474.572730820768,-442.9392903186713,11518.39424975772
2009-04-06,31474.572730820768,-422.5020563855102,11530.013423836432
2009-04-07,31474.572730820768,-434.6139221073927,11534.725425819417
2009-04-08,31474.572730820768,-452.42003864183346,11539.909715201939
2009-04-09,31474.572730820768,-463.60939653110177,11541.03577968918
2009-04-13,31474.572730820768,-434.9857656842119,11562.706087067103
2009-04-14,31474.572730820768,-439.78411376862294,11561.19324068352
2009-04-15,31474.572730820768,-478.2131257400929,11577.14557929189
2009-04-16,31474.572730820768,-477.31994390340697,11577.472047283749
2009-04-17,31474.572730820768,-482.6332920771881,11576.124974997807
2009-04-20,31474.572730820768,-474.85513500469375,11579.627060377938
2009-04-21,31474.572730820768,-504.94353472313924,11601.134595304762
2009-04-22,31474.572730820768,-491.3775541742598,11608.691590360175
2009-04-23,31474.572730820768,-496.8161466360422,11605.786705295353
2009-04-24,31474.572730820768,-492.59128879384224,11608.100089806383
2009-04-27,31474.572730820768,-456.7912292764431,11627.482460157888
2009-04-28,31474.572730820768,-489.70215070362605,11648.224694706327
2009-04-29,31474.572730820768,-475.62783289049275,11651.553185332732
2009-04-30,31474.572730820768,-460.111431803031,11667.533680434755
2009-05-01,31474.572730820768,-450.8419541764365,11665.890775115553
2009-05-04,31474.572730820768,-434.4584769655114,11667.793232961076
2009-05-05,31474.572730820768,-415.17090629392237,11688.849597337665
2009-05-06,31474.572730820768,-418.13859914503786,11689.47198652889
2009-05-07,31474.572730820768,-412.9254165665689,11692.585664283506
2009-05-08,31474.572730820768,-384.3429853684816,11687.08351440471
2009-05-11,31474.572730820768,-352.0622098165652,11706.822292039284
2009-05-12,31474.572730820768,-391.67425175991883,11733.537409317183
2009-05-13,31474.572730820768,-400.1327183128383,11729.987381421017
2009-05-14,31474.572730820768,-432.3934563835645,11745.422779934917
2009-05-15,31474.572730820768,-426.5406346356089,11746.237112474373
2009-05-18,31474.572730820768,-420.4532920438443,11745.196219583424
2009-05-19,31474.572730820768,-394.8532793875246,11763.877741440467
2009-05-20,31474.572730820768,-363.15144521054697,11757.216067579757
2009-05-21,31474.572730820768,-378.43409298755375,11753.757720462312
2009-05-22,31474.572730820768,-347.7128850122415,11776.924314667847
2009-05-26,31474.572730820768,-334.39898699306787,11785.326736799097
2009-05-27,31474.572730820768,-312.67411693902386,11790.389662699072
2009-05-28,31474.572730820768,-295.79594708430307,11797.729871837344
2009-05-29,31474.572730820768,-304.31951515265314,11792.589688778166
2009-06-01,31474.572730820768,-306.61079917296007,11793.039535829543
2009-06-02,31474.572730820768,-256.61772653894417,11849.238706432661
2009-06-03,31474.572730820768,-265.45893937031155,11847.940401055499
2009-06-04,31474.572730820768,-290.10701875733446,11873.967456261837
2009-06-05,31474.572730820768,-253.53513042455296,11909.156013308704
2009-06-08,31474.572730820768,-262.7463848167786,11908.382825195748
2009-06-09,31474.572730820768,-261.843491164692,11908.557639210265
2009-06-10,31474.572730820768,-269.37853679756876,11906.522069731946
2009-06-11,31474.572730820768,-271.8111823515736,11904.782638430188
2009-06-12,31474.572730820768,-280.97452917096587,11906.46523422808
2009-06-15,31474.572730820768,-306.04570497869355,11915.105902150122
2009-06-16,31474.572730820768,-329.7787756801308,11938.220335500882
2009-06-17,31474.572730820768,-342.4799248435065,11943.18211086043
2009-06-18,31474.572730820768,-337.82826731345415,11943.85671980499
2009-06-19,31474.572730820768,-318.2428095127761,11958.303020293957
2009-06-22,31474.572730820768,-333.29978517519004,11957.720300759096
2009-06-23,31474.572730820768,-372.1047395752736,11987.587167625756
2009-06-24,31474.572730820768,-384.27194426505156,11985.533447121315
2009-06-25,31474.572730820768,-368.4888231114877,11989.592458408599
2009-06-26,31474.572730820768,-374.8628885870771,11990.651031802123
2009-06-29,31474.572730820768,-376.791437305202,11990.930361335364
2009-06-30,31474.572730820768,-363.98657485167865,11990.588729356647
2009-07-01,31474.572730820768,-378.890608372314,11991.75300105767
2009-07-02,31474.572730820768,-359.806145955765,11997.757452834077
2009-07-06,31474.572730820768,-385.9431219760269,12025.244534801248
2009-07-07,31474.572730820768,-376.5144250158787,12023.903394808975
2009-07-08,31474.572730820768,-398.47201853239153,12030.506947475806
2009-07-09,31474.572730820768,-438.5745789230825,12047.313625670311
2009-07-10,31474.572730820768,-403.6819293381936,12058.703245583134
2009-07-13,31474.572730820768,-438.0688573779575,12068.671922526906
2009-07-14,31474.572730820768,-419.69958421241154,12081.427446538895
2009-07-15,31474.572730820768,-409.196669964941,12090.114606017645
2009-07-16,31474.572730820768,-374.0257306847139,12135.42094278369
2009-07-17,31474.572730820768,-380.03667818576224,12136.054341830555
2009-07-20,31474.572730820768,-340.23828665375765,12131.624945133753
2009-07-21,31474.572730820768,-343.70274253278967,12130.107772388103
2009-07-22,31474.572730820768,-380.9455926342139,12122.08584851304
2009-07-23,31474.572730820768,-366.7029829864545,12126.447681225009
2009-07-24,31474.572730820768,-320.1598986546443,12150.59151919292
2009-07-27,31474.572730820768,-321.34306270791905,12150.4051436593
2009-07-28,31474.572730820768,-304.9541738979417,12153.62587598121
2009-07-29,31474.572730820768,-334.98907665466237,12159.648381462737
2009-07-30,31474.572730820768,-335.6572047868341,12160.088532359965
2009-07-31,31474.572730820768,-327.31501211234615,12162.546577298132
2009-08-03,31474.572730820768,-315.0273843292225,12156.08689054954
2009-08-04,31474.572730820768,-262.07263159950537,12191.754780467474
2009-08-05,31474.572730820768,-211.52167143485795,12166.63558465383
2009-08-06,31474.572730820768,-189.63838243310127,12169.906934252866
2009-08-07,31474.572730820768,-208.18878537912033,12168.931093757006
2009-08-10,31474.572730820768,-184.1670967053464,12172.478230467495
2009-08-11,31474.572730820768,-204.03134386528677,12182.195826323876
2009-08-12,31474.572730820768,-231.26259629062903,12193.222809975861
2009-08-13,31474.572730820768,-213.8385047076561,12196.034006576823
2009-08-14,31474.572730820768,-224.89887637527437,12197.32289752412
2009-08-17,31474.572730820768,-252.85135215167352,12202.114245913464
2009-08-18,31474.572730820768,-304.867824200694,12214.878796489198
2009-08-19,31474.572730820768,-264.4833021653494,12200.707951352528
2009-08-20,31474.572730820768,-275.1682357450582,12197.87499569414
2009-08-21,31474.572730820768,-265.444679400293,12195.79934019436
2009-08-24,31474.572730820768,-207.63832928619598,12230.717034999363
2009-08-25,31474.572730820768,-214.04219678801292,12235.174753728574
2009-08-26,31474.572730820768,-191.0293859228324,12223.121705700605
2009-08-27,31474.572730820768,-218.7122429319463,12210.383027326789
2009-08-28,31474.572730820768,-197.19996639905733,12212.153700923476
2009-08-31,31474.572730820768,-188.1653398471487,12211.35985731469
2009-09-01,31474.572730820768,-218.59051738050428,12215.330418037953
2009-09-02,31474.572730820768,-232.19714772996107,12220.592882589905
2009-09-03,31474.572730820768,-249.77891591572947,12216.232915728711
2009-09-04,31474.572730820768,-225.8416368159669,12219.804558675669
2009-09-08,31474.572730820768,-177.53979062691266,12230.302577085433
2009-09-09,31474.572730820768,-178.61929139820518,12229.66071270921
2009-09-10,31474.572730820768,-159.19845400148435,12227.389499680843
2009-09-11,31474.572730820768,-179.51554040532784,12225.463334813447
2009-09-14,31474.572730820768,-187.89088132001507,12222.941907080643
2009-09-15,31474.572730820768,-161.8441879936934,12224.165104536381
2009-09-16,31474.572730820768,-160.35051471286135,12225.194092529055
2009-09-17,31474.572730820768,-122.96972519278201,12227.308403662344
2009-09-18,31474.572730820768,-130.58751256393205,12229.964238069251
2009-09-21,31474.572730820768,-139.680727021125,12225.47242429021
2009-09-22,31474.572730820768,-153.6783899587547,12224.243781316887
2009-09-23,31474.572730820768,-153.5910788931009,12224.284513149758
2009-09-24,31474.572730820768,-166.6068923817004,12229.59175643765
2009-09-25,31474.572730820768,-197.85318043276692,12240.465417332442
2009-09-28,31474.572730820768,-237.13844953465858,12233.324211358951
2009-09-29,31474.572730820768,-234.66248697615373,12234.011844335007
2009-09-30,31474.572730820768,-267.85516064890965,12212.08269207745
2009-10-01,31474.572730820768,-251.39521529704774,12212.106051092635
2009-10-02,31474.572730820768,-283.175532876208,12236.979224877821
2009-10-05,31474.572730820768,-275.515905408803,12238.596812955133
2009-10-06,31474.572730820768,-260.9522475320192,12243.251701080035
2009-10-07,31474.572730820768,-238.36879819254776,12255.570196632316
2009-10-08,31474.572730820768,-255.63483184147515,12254.88394200945
2009-10-09,31474.572730820768,-239.201617211505,12264.217741672988
2009-10-12,31474.572730820768,-204.73866875214932,12264.4895125893
2009-10-13,31474.572730820768,-190.65262245402175,12265.686226505448
2009-10-14,31474.572730820768,-205.28565769614028,12265.181482221626
2009-10-15,31474.572730820768,-204.7337877984201,12265.865333930888
2009-10-16,31474.572730820768,-190.7764323828433,12263.159129425188
2009-10-19,31474.572730820768,-221.93337812746338,12261.5667485939
2009-10-20,31474.572730820768,-211.09129576465347,12263.321000159132
2009-10-21,31474.572730820768,-233.94484427867317,12270.493177636154
2009-10-22,31474.572730820768,-238.03470506620715,12268.257288301587
2009-10-23,31474.572730820768,-223.03514812334765,12269.89677636204
2009-10-26,31474.572730820768,-209.36939623820734,12266.747958408754
2009-10-27,31474.572730820768,-201.7671886675004,12263.743631252466
2009-10-28,31474.572730820768,-223.85640596892702,12270.846785007034
2009-10-29,31474.572730820768,-223.04195563034398,12270.000873488478
2009-10-30,31474.572730820768,-176.16123102567192,12296.69999418919
2009-11-02,31474.572730820768,-218.9106292830302,12321.314228859754
2009-11-03,31474.572730820768,-196.73371277207963,12326.570690575469
2009-11-04,31474.572730820768,-185.83135372502264,12332.754975828499
2009-11-05,31474.572730820768,-189.47294356275495,12329.543752435215
2009-11-06,31474.572730820768,-184.1628230797432,12330.61595408661
2009-11-09,31474.572730820768,-182.4953382657752,12330.378183307683
2009-11-10,31474.572730820768,-184.99979628054913,12328.069337024794
2009-11-11,31474.572730820768,-156.26349777332308,12307.388276692822
2009-11-12,31474.572730820768,-152.71605532096262,12308.52777847701
2009-11-13,31474.572730820768,-181.05547519023537,12320.423337657498
2009-11-16,31474.572730820768,-194.8967097603879,12312.380879161878
2009-11-17,31474.572730820768,-187.10637720494054,12311.794309389044
2009-11-18,31474.572730820768,-177.32723113083753,12309.580383997118
2009-11-19,31474.572730820768,-160.23448123909864,12308.75505739271
2009-11-20,31474.572730820768,-139.3548064798842,12292.212098209806
2009-11-23,31474.572730820768,-154.35994931938598,12287.22567857411
2009-11-24,31474.572730820768,-150.24913691969437,12289.6445288697
2009-11-25,31474.572730820768,-118.1113645607158,12262.366910093207
2009-11-27,31474.572730820768,-103.14149957860529,12263.541293891149
2009-11-30,31474.572730820768,-110.67324408099748,12269.711370489418
2009-12-01,31474.572730820768,-121.60383704038767,12264.46206731856
2009-12-02,31474.572730820768,-86.84815421036014,12275.149491004322
2009-12-03,31474.572730820768,-86.58010503799905,12275.285929038117
2009-12-04,31474.572730820768,-52.10594317600341,12257.995006600238
2009-12-07,31474.572730820768,-77.87274633726746,12257.550854175846
2009-12-08,31474.572730820768,-101.7071854053812,12256.094743659052
2009-12-09,31474.572730820768,-102.71866419263377,12257.15222342175
2009-12-10,31474.572730820768,-93.85648456164589,12259.3793000758
2009-12-11,31474.572730820768,-74.80370762092684,12258.311909738517
2009-12-14,31474.572730820768,-80.91202069945611,12257.4979949129
2009-12-15,31474.572730820768,-69.77062636355753,12260.019255309819
2009-12-16,31474.572730820768,-100.48521061221045,12242.401597384289
2009-12-17,31474.572730820768,-103.01346772595251,12241.462460728482
2009-12-18,31474.572730820768,-172.4190453581701,12283.770004277809
2009-12-21,31474.572730820768,-107.51642443767027,12243.066570485636
2009-12-22,31474.572730820768,-116.14137233688828,12235.744658989921
2009-12-23,31474.572730820768,-111.44864335628128,12237.001827621358
2009-12-24,31474.572730820768,-101.23399619977735,12237.979635309777
2009-12-28,31474.572730820768,-67.56097790195926,12242.47146783327
2009-12-29,31474.572730820768,-58.7431371697213,12242.983018690018
2009-12-30,31474.572730820768,-56.679453716764925,12241.92859310323
2009-12-31,31474.572730820768,-54.02654391653254,12241.140129468555
2010-01-04,31474.572730820768,-88.34102260572405,12210.664282352733
2010-01-05,31474.572730820768,-79.38820598876086,12216.923024469797
2010-01-06,31474.572730820768,-117.6963906613575,12209.926178960404
2010-01-07,31474.572730820768,-79.2897806838433,12215.76733120672
2010-01-08,31474.572730820768,-78.97974269776914,12215.71731214764
2010-01-11,31474.572730820768,-54.11977382507251,12206.893180266932
2010-01-12,31474.572730820768,-32.23721267196187,12210.110292703286
2010-01-13,31474.572730820768,-72.1412013991418,12234.60076337102
2010-01-14,31474.572730820768,-38.51273151642643,12239.34147326472
2010-01-15,31474.572730820768,-33.005152112735786,12238.149719145631
2010-01-19,31474.572730820768,-98.27698099407286,12219.396023725265
2010-01-20,31474.572730820768,-48.624510468006015,12191.485005654877
2010-01-21,31474.572730820768,-111.51246995293523,12192.77440209622
2010-01-22,31474.572730820768,-124.77980305835197,12203.634169929734
2010-01-25,31474.572730820768,-138.9382518951897,12203.406006556945
2010-01-26,31474.572730820768,-92.27432202765957,12176.108201838186
2010-01-27,31474.572730820768,-84.91221039071952,12173.338399196247
2010-01-28,31474.572730820768,-68.53624010276614,12164.39228646299
2010-01-29,31474.572730820768,-69.8715590824993,12164.53121164479
2010-02-01,31474.572730820768,-77.00889838140802,12168.5066581967
2010-02-02,31474.572730820768,-53.035790439589476,12181.174933645263
2010-02-03,31474.572730820768,-92.79045119658461,12136.203957940053
2010-02-04,31474.572730820768,-74.3594656890211,12130.820625526372
2010-02-05,31474.572730820768,-139.8476070681008,12177.516567814446
2010-02-08,31474.572730820768,-155.31889976974466,12175.383673805798
2010-02-09,31474.572730820768,-178.2786521022502,12166.68511456379
2010-02-10,31474.572730820768,-139.9129927973399,12174.880211689731
2010-02-11,31474.572730820768,-120.79548965177231,12170.540691394506
2010-02-12,31474.572730820768,-110.54029996281815,12173.803521922124
2010-02-16,31474.572730820768,-85.37769325638352,12150.14293726979
2010-02-17,31474.572730820768,-65.45436683827313,12160.407162635776
2010-02-18,31474.572730820768,-78.39625267069036,12152.838493242114
2010-02-19,31474.572730820768,-94.58526027004706,12141.429536932752
2010-02-22,31474.572730820768,-56.4702155132243,12115.714692236319
2010-02-23,31474.572730820768,-55.72530097563373,12115.73973671395
2010-02-24,31474.572730820768,-97.23505691729055,12137.546657695317
2010-02-25,31474.572730820768,-117.96190585759258,12123.56826094369
2010-02-26,31474.572730820768,-105.56338442183659,12116.982557768215
2010-03-01,31474.572730820768,-139.94230591221304,12087.112543667668
2010-03-02,31474.572730820768,-150.28554627043138,12082.497654037983
2010-03-03,31474.572730820768,-111.14553088987374,12072.899245745815
2010-03-04,31474.572730820768,-107.86177485291881,12073.733545194587
2010-03-05,31474.572730820768,-136.290278138628,12066.936951049125
2010-03-08,31474.572730820768,-118.44511257872975,12079.600744792417
2010-03-09,31474.572730820768,-121.63590133989067,12079.38184888941
2010-03-10,31474.572730820768,-105.08513175639621,12073.546435970824
2010-03-11,31474.572730820768,-66.0588926467147,12045.836350337659
2010-03-12,31474.572730820768,-65.55088859132113,12045.941628098284
2010-03-15,31474.572730820768,-70.67350791988098,12046.000724587919
2010-03-16,31474.572730820768,-100.02725545105838,12029.475264338134
2010-03-17,31474.572730820768,-67.89589923989865,12023.81033312141
2010-03-18,31474.572730820768,-51.23158687309496,12017.312548666725
2010-03-19,31474.572730820768,-28.37068162640999,12009.14957362224
2010-03-22,31474.572730820768,-73.84384040570468,11991.35615977658
2010-03-23,31474.572730820768,-67.65403512462956,11990.342781911337
2010-03-24,31474.572730820768,-83.67415671207226,11981.774182903178
2010-03-25,31474.572730820768,-56.697665825056085,11975.160034558354
2010-03-26,31474.572730820768,-30.669739370431753,11974.747358571529
2010-03-29,31474.572730820768,-44.67327126771642,11969.013834768895
2010-03-30,31474.572730820768,5.555617536909413,11935.714000443835
2010-03-31,31474.572730820768,26.15407550950977,11921.96075104241
2010-04-01,31474.572730820768,-7.6124281962527895,11898.752732939622
2010-04-05,31474.572730820768,0.8592190445513698,11904.551034731274
2010-04-06,31474.572730820768,18.385166996815244,11916.193432273738
2010-04-07,31474.572730820768,7.228546650202828,11916.573834550954
2010-04-08,31474.572730820768,23.910562140880618,11901.59546967854
2010-04-09,31474.572730820768,40.60847010311397,11899.92613031337
2010-04-12,31474.572730820768,41.28042693565966,11900.246251197772
2010-04-13,31474.572730820768,22.81010289433354,11895.680844202352
2010-04-14,31474.572730820768,14.835403242135886,11896.0944338516
2010-04-15,31474.572730820768,44.03181737172155,11898.72555603357
2010-04-16,31474.572730820768,27.78812396538857,11895.131970830693
2010-04-19,31474.572730820768,2.377155851055286,11917.702879046768
2010-04-20,31474.572730820768,10.151228849660372,11918.66906745887
2010-04-21,31474.572730820768,10.301278304957087,11918.686993277852
2010-04-22,31474.572730820768,22.535034635561228,11911.775577977305
2010-04-23,31474.572730820768,18.782743130639197,11911.50207919521
2010-04-26,31474.572730820768,27.394544238845352,11917.643392591994
2010-04-27,31474.572730820768,-25.453940534757916,11872.150595934183
2010-04-28,31474.572730820768,-58.73196072768443,11896.172507091776
2010-04-29,31474.572730820768,-34.51084363252757,11902.432278237578
2010-04-30,31474.572730820768,-31.932587878940918,11902.589650477505
2010-05-03,31474.572730820768,-46.36199383178761,11908.255982240662
2010-05-04,31474.572730820768,-29.701771518560882,11909.842412034606
2010-05-05,31474.572730820768,-73.77997621861421,11949.808905310296
2010-05-06,31474.572730820768,-100.72758960940095,11951.436963234404
2010-05-07,31474.572730820768,-124.11964649643254,11968.435597455202
2010-05-10,31474.572730820768,-96.24120980508742,11964.443922252189
2010-05-11,31474.572730820768,-58.7728248969648,11976.06570171611
2010-05-12,31474.572730820768,-56.18654461595288,11976.304220786453
2010-05-13,31474.572730820768,-65.91383329926856,11971.635408036818
2010-05-14,31474.572730820768,-86.58397204222915,11974.619418329034
2010-05-17,31474.572730820768,-136.10154371645302,11987.897748325402
2010-05-18,31474.572730820768,-101.08031215654995,11964.319566876391
2010-05-19,31474.572730820768,-123.5198299408053,11978.254711015692
2010-05-20,31474.572730820768,-128.73057988908795,11979.476881934792
2010-05-21,31474.572730820768,-162.32244388185597,11990.352239808899
2010-05-24,31474.572730820768,-177.08145264058666,11990.158202831437
2010-05-25,31474.572730820768,-182.88437083005533,11989.844026767028
2010-05-26,31474.572730820768,-197.1581818019315,11990.058573916274
2010-05-27,31474.572730820768,-217.09640309253354,11981.093331058542
2010-05-28,31474.572730820768,-180.53905449267515,12008.311643751955
2010-06-01,31474.572730820768,-186.5723089529914,12009.757235938574
2010-06-02,31474.572730820768,-190.9283725798801,12010.242995722772
2010-06-03,31474.572730820768,-188.12909610193637,12011.691540524376
2010-06-04,31474.572730820768,-176.80853499417128,12007.666487615223
2010-06-07,31474.572730820768,-221.41811795946256,12041.86525177394
2010-06-08,31474.572730820768,-235.39342444940965,12037.121559735046
2010-06-09,31474.572730820768,-222.80637773312426,12035.184537024114
2010-06-10,31474.572730820768,-226.13378935631206,12034.66759413732
2010-06-11,31474.572730820768,-187.9999793561617,12043.35618346009
2010-06-14,31474.572730820768,-175.67486723639044,12035.726469106878
2010-06-15,31474.572730820768,-173.83611233989703,12036.401752677115
2010-06-16,31474.572730820768,-179.91140906818578,12030.49741612571
2010-06-17,31474.572730820768,-179.58275469159045,12030.34304400728
2010-06-18,31474.572730820768,-181.2482009608023,12030.279156080998
2010-06-21,31474.572730820768,-164.4837016133082,12030.403118615895
2010-06-22,31474.572730820768,-179.21383754819212,12032.250606033387
2010-06-23,31474.572730820768,-205.12867920200702,12035.71195176963
2010-06-24,31474.572730820768,-223.31626117179323,12036.139993446412
2010-06-25,31474.572730820768,-231.17091486055125,12035.297875994218
2010-06-28,31474.572730820768,-224.69205893643561,12035.82501164255
2010-06-29,31474.572730820768,-239.00098851135868,12044.504053916435
2010-06-30,31474.572730820768,-272.32207724593593,12055.90873219905
2010-07-01,31474.572730820768,-264.20509923927546,12054.945505582395
2010-07-02,31474.572730820768,-268.07542838065945,12056.66561281495
2010-07-06,31474.572730820768,-244.01307513026362,12057.438782415053
2010-07-07,31474.572730820768,-263.1662385138741,12058.996095652938
2010-07-08,31474.572730820768,-249.77263225172763,12067.73786553702
2010-07-09,31474.572730820768,-231.45167214356715,12068.149902752859
2010-07-12,31474.572730820768,-222.46937809704278,12070.128060847559
2010-07-13,31474.572730820768,-236.34098428867617,12068.282878191474
2010-07-14,31474.572730820768,-211.9472832944079,12082.949586316807
2010-07-15,31474.572730820768,-213.59451275953387,12083.74528044038
2010-07-16,31474.572730820768,-206.93402163230525,12081.755371225863
2010-07-19,31474.572730820768,-213.63069714514907,12086.742924509985
2010-07-20,31474.572730820768,-210.8827446670448,12086.870768372995
2010-07-21,31474.572730820768,-218.45869377284563,12084.553893230785
2010-07-22,31474.572730820768,-273.13441398563225,12077.737730952495
2010-07-23,31474.572730820768,-238.03816286820867,12089.22975589531
2010-07-26,31474.572730820768,-220.2994370268881,12089.9568525867
2010-07-27,31474.572730820768,-223.4940809923018,12088.853503564427
2010-07-28,31474.572730820768,-246.05728392598883,12079.790342014458
2010-07-29,31474.572730820768,-263.58085061342695,12080.530063752476
2010-07-30,31474.572730820768,-263.5168248280918,12080.540095825865
2010-08-02,31474.572730820768,-272.14678741366936,12083.052656925647
2010-08-03,31474.572730820768,-236.40936428645068,12093.83141190068
2010-08-04,31474.572730820768,-216.78473057212062,12081.119301778746
2010-08-05,31474.572730820768,-221.2083648130042,12078.404796937051
2010-08-06,31474.572730820768,-215.2330419436568,12075.814181159052
2010-08-09,31474.572730820768,-226.50813252066195,12078.06227502016
2010-08-10,31474.572730820768,-220.3057781433078,12078.709384340955
2010-08-11,31474.572730820768,-221.50065338942642,12079.417342277678
2010-08-12,31474.572730820768,-239.1269649590579,12092.685633302634
2010-08-13,31474.572730820768,-236.04982095075724,12091.584600902437
2010-08-16,31474.572730820768,-255.9229290171042,12092.63534433388
2010-08-17,31474.572730820768,-232.83986784210043,12067.805502120214
2010-08-18,31474.572730820768,-211.21881571109805,12071.946818638147
2010-08-19,31474.572730820768,-183.6020841260674,12061.963703687465
2010-08-20,31474.572730820768,-207.52404566704212,12066.803354552832
2010-08-23,31474.572730820768,-163.04691198258078,12026.531481635337
2010-08-24,31474.572730820768,-177.71632271465978,12027.851300568003
2010-08-25,31474.572730820768,-214.44708616427465,12031.763834222233
2010-08-26,31474.572730820768,-198.41786831046852,12033.467320528807
2010-08-27,31474.572730820768,-169.4540493501441,12006.226449112533
2010-08-30,31474.572730820768,-129.57932025112223,12025.069727025799
2010-08-31,31474.572730820768,-117.90000269727948,12011.38492342672
2010-09-01,31474.572730820768,-135.76771813789182,12012.712318330694
2010-09-02,31474.572730820768,-144.27386864481255,12001.881223136152
2010-09-03,29794.758549735827,-63.63850621928027,11926.186655367848
2010-09-07,29794.758549735827,-28.76829470186628,11928.439765642537
2010-09-08,29794.758549735827,-45.26642871300645,11937.171114184452
2010-09-09,29794.758549735827,-86.79200655859141,11895.104834467236
2010-09-10,29794.758549735827,-27.00825133604741,11860.767687364807
2010-09-13,29794.758549735827,-15.164090487393638,11861.428232996663
2010-09-14,29794.758549735827,-60.43856455159835,11829.788389718018
2010-09-15,29794.758549735827,-63.67491992663516,11828.688399409779
2010-09-16,29794.758549735827,-120.87789980770424,11718.55067927745
2010-09-17,29794.758549735827,-144.88286973284036,11698.824614885652
2010-09-20,29794.758549735827,-133.5619248097103,11695.87340088969
2010-09-21,29794.758549735827,-110.5781067731598,11688.402833220625
2010-09-22,29794.758549735827,-138.75827465559718,11685.971921442362
2010-09-23,29794.758549735827,-137.0874185810964,11685.6314615248
2010-09-24,29794.758549735827,-86.05677030192386,11635.158717332748
2010-09-27,29794.758549735827,-78.90297709090002,11639.629016438492
2010-09-28,29794.758549735827,-77.7830373221246,11639.200046029677
2010-09-29,29794.758549735827,-27.774186874015285,11573.824220960783
2010-09-30,29794.758549735827,-10.567968833449704,11575.510781511262
2010-10-01,29794.758549735827,26.070460768540624,11548.506987785891
2010-10-04,29794.758549735827,18.800873568632465,11545.095203744117
2010-10-05,29794.758549735827,-78.3411364463169,11366.476203399552
2010-10-06,29794.758549735827,-17.536804617854447,11331.792239408525
2010-10-07,29794.758549735827,24.51704430894196,11281.172453120718
2010-10-08,29794.758549735827,-6.6042838847193055,11264.010927235084
2010-10-11,29794.758549735827,-29.898941785831266,11242.924179803982
2010-10-12,29794.758549735827,28.97332901253167,11177.10522825724
2010-10-13,29794.758549735827,42.73530451883594,11173.891366764354
2010-10-14,29794.758549735827,78.73797374994066,11175.49671895646
2010-10-15,29794.758549735827,74.68887127712449,11173.3532185577
2010-10-18,28343.833624227846,155.621329361463,11070.87244053949
2010-10-19,25160.277088909177,224.24819224679246,10934.276936825474
2010-10-20,25160.277088909177,195.6873852595834,10955.483397594595
2010-10-21,25160.277088909177,202.3305343922374,10956.491438508703
2010-10-22,25160.277088909177,233.41080449759082,10950.495343950224
2010-10-25,25160.277088909177,150.51914535401355,10774.629796668356
2010-10-26,25160.277088909177,145.67436491713704,10772.47675575317
2010-10-27,25160.277088909177,146.33605002406682,10772.848629644292
2010-10-28,25160.277088909177,163.26823767901394,10768.059707107594
2010-10-29,25160.277088909177,174.00975286171845,10762.668826870751
2010-11-01,25160.277088909177,129.4956952970529,10725.27815327761
2010-11-02,24950.87310167476,198.88949883293122,10643.341518274457
2010-11-03,24950.87310167476,238.054306294552,10605.092932191516
2010-11-04,24950.87310167476,218.99793764421193,10587.367863064339
2010-11-05,24950.87310167476,225.955468121226,10588.505970524466
2010-11-08,24950.87310167476,275.80044058202276,10562.969452749494
2010-11-09,24950.87310167476,325.6755667610784,10507.56369338397
2010-11-10,24950.87310167476,257.43039998355795,10400.721692699028
2010-11-11,24950.87310167476,291.92704895652207,10358.831460798892
2010-11-12,24950.87310167476,304.75061139717684,10353.424378288948
2010-11-15,24950.87310167476,315.24083996929375,10345.59120238082
2010-11-16,24419.397694119427,392.8821884319833,10275.622542040852
2010-11-17,24195.451245915367,429.3118996814043,10193.222196691668
2010-11-18,24195.451245915367,358.4897799866238,10071.459588466365
2010-11-19,24195.451245915367,304.5952185627837,9959.735601919556
2010-11-22,24195.451245915367,340.06578313655257,9930.700048877696
2010-11-23,24195.451245915367,348.40211374617377,9926.23990249629
2010-11-24,24195.451245915367,346.86832851057466,9927.322744772742
2010-11-26,24159.711661251047,476.70913068318623,9649.651924165575
2010-11-29,24159.711661251047,435.02251063395664,9650.408751543453
2010-11-30,24159.711661251047,425.31776509738665,9651.705315649342
2010-12-01,24159.711661251047,452.1151160216052,9623.552361177955
2010-12-02,24159.711661251047,461.69729860824737,9636.145691600866
2010-12-03,24159.711661251047,356.34702379772114,9235.520046609165
2010-12-06,22918.957342688544,471.78178393304813,8989.718374089127
2010-12-07,22918.957342688544,439.90292756679247,8966.913388524314
2010-12-08,22918.957342688544,458.65527196896846,8973.017625608303
2010-12-09,22918.957342688544,469.278288417028,8975.561316778842
2010-12-10,22918.957342688544,463.9797076087373,8975.334978660514
2010-12-13,22918.957342688544,458.2266567856861,8969.442268152978
2010-12-14,22918.957342688544,474.50693543967697,8957.98603524331
2010-12-15,21889.570778914647,561.7596405047607,8942.24551802071
2010-12-16,21889.570778914647,574.2831157178742,8934.303599376315
2010-12-17,21889.570778914647,556.5600070266413,8940.879384469428
2010-12-20,21889.570778914647,542.8335704793626,8952.846205325804
2010-12-21,21889.570778914647,538.0377781107632,8950.41448802999
2010-12-22,21889.570778914647,530.714382644922,8948.490003055947
2010-12-23,21889.570778914647,532.4937256831382,8948.263563887713
2010-12-27,21889.570778914647,531.4673109241735,8947.91001552842
2010-12-28,21889.570778914647,497.6257644685105,8931.993313195719
2010-12-29,21889.570778914647,484.9209659203994,8903.531194806357
2010-12-30,21889.570778914647,476.37783320113533,8914.155872286668
2010-12-31,21889.570778914647,476.2806641559711,8914.127112810205
2011-01-03,21889.570778914647,501.29202810859204,8889.531923617835
2011-01-04,21889.570778914647,512.1369237186487,8895.905844249248
2011-01-05,21889.570778914647,533.6630669846433,8867.459762967099
2011-01-06,20564.69380056707,605.0583379887465,8809.713334935985
2011-01-07,20564.69380056707,594.2310789936198,8818.796813426101
2011-01-10,20564.69380056707,602.4932994227736,8804.256899276865
2011-01-11,20564.69380056707,597.8879744209152,8805.192355834832
2011-01-12,20564.69380056707,573.4308101854652,8767.59558566934
2011-01-13,20564.69380056707,597.7222537936777,8769.518898538561
2011-01-14,20564.69380056707,546.1357164406494,8724.682392036133
2011-01-18,20564.69380056707,552.6598867426732,8726.898102122052
2011-01-19,20564.69380056707,531.1887930869849,8706.22513610637
2011-01-20,20564.69380056707,503.1131939939492,8696.251830104236
2011-01-21,20564.69380056707,529.708761275666,8687.00093830635
2011-01-24,20564.69380056707,499.981728177242,8667.998443052837
2011-01-25,20564.69380056707,490.4390827774433,8664.158889184357
2011-01-26,20564.69380056707,480.285536652739,8669.429969246634
2011-01-27,20564.69380056707,536.7373309012168,8648.6094246806
2011-01-28,20564.69380056707,491.0488525160828,8629.88788196755
2011-01-31,20564.69380056707,480.06183962363707,8631.096304884804
2011-02-01,20564.69380056707,475.9516423228146,8629.48381659917
2011-02-02,20564.69380056707,469.96891938737065,8619.914272292472
2011-02-03,20564.69380056707,480.50451382156064,8620.703347199258
2011-02-04,20564.69380056707,535.1178638619093,8579.946031221536
2011-02-07,20564.69380056707,552.1222517389843,8578.379465598571
2011-02-08,20564.69380056707,556.4502165651561,8578.153434897797
2011-02-09,20564.69380056707,560.9374594125055,8582.225296471493
2011-02-10,19524.18734099267,592.0385727608309,8520.29223712949
2011-02-11,19524.18734099267,581.0051978225158,8510.566706504993
2011-02-14,19524.18734099267,556.9886879700654,8511.311445799714
2011-02-15,19524.18734099267,547.9897936085147,8511.062005698956
2011-02-16,19524.18734099267,567.3110415724335,8497.976196544674
2011-02-17,19524.18734099267,570.1797311754825,8498.780082309406
2011-02-18,19524.18734099267,567.6436186441352,8498.352316694973
2011-02-22,19524.18734099267,579.1413245012378,8498.14004431503
2011-02-23,19524.18734099267,552.5993119802249,8531.753797569445
2011-02-24,19253.092939762275,605.0705885763925,8459.840764611108
2011-02-25,19253.092939762275,606.1199602455753,8459.330865504959
2011-02-28,19253.092939762275,592.8319833543211,8450.193866395246
2011-03-01,19253.092939762275,628.4267449203462,8415.116017110608
2011-03-02,19253.092939762275,621.8887633431104,8415.76884592502
2011-03-03,19253.092939762275,630.7119210095497,8415.796908238966
2011-03-04,19253.092939762275,634.756825209182,8422.52528854804
2011-03-07,19253.092939762275,617.4107264737972,8425.092296175999
2011-03-08,19253.092939762275,599.7803955225451,8414.650554451353
2011-03-09,19253.092939762275,603.4037728900888,8416.033244347964
2011-03-10,19253.092939762275,577.7143543844992,8421.728016105282
2011-03-11,19253.092939762275,526.7176289315966,8440.380942827578
2011-03-14,19253.092939762275,567.6381012466901,8396.569845776705
2011-03-15,19253.092939762275,541.1247401070714,8379.893789829996
2011-03-16,19253.092939762275,538.0503571254382,8382.321362763816
2011-03-17,19253.092939762275,481.04700163779444,8358.794035661167
2011-03-18,19253.092939762275,511.5827518184254,8338.530764148603
2011-03-21,19253.092939762275,489.4359226141567,8304.858765823474
2011-03-22,19253.092939762275,506.65810858924795,8314.889417853135
2011-03-23,19253.092939762275,530.7361566943727,8294.916412466278
2011-03-24,19253.092939762275,573.8927186860834,8251.40271501761
2011-03-25,19253.092939762275,574.3583975298997,8251.524196170316
2011-03-28,19253.092939762275,573.7156137953267,8251.174234445916
2011-03-29,19253.092939762275,537.5523660932063,8227.450382996785
2011-03-30,19253.092939762275,522.0454560098071,8214.581512617837
2011-03-31,19253.092939762275,539.5970591725481,8205.848275479975
2011-04-01,19253.092939762275,558.1427155622562,8196.422427318925
2011-04-04,19253.092939762275,566.7932694522834,8193.44574685655
2011-04-05,19253.092939762275,539.7013869184616,8166.536615312797
2011-04-06,19253.092939762275,549.6951812022556,8171.384553248699
2011-04-07,19253.092939762275,591.1612089181895,8145.599638744514
2011-04-08,19253.092939762275,589.4336497640884,8144.973450877371
2011-04-11,19253.092939762275,587.9434576116288,8144.9441921400685
2011-04-12,19253.092939762275,574.1243886876574,8140.467660455117
2011-04-13,19253.092939762275,586.9522079071672,8118.87990445939
2011-04-14,19253.092939762275,565.627460193543,8109.82795069545
2011-04-15,19253.092939762275,563.4619540985991,8108.964324073102
2011-04-18,19253.092939762275,542.4522309094567,8106.110770731079
2011-04-19,19253.092939762275,506.50223072129256,8082.7884849480715
2011-04-20,19253.092939762275,531.9609509801516,8050.6094658891925
2011-04-21,19253.092939762275,538.4152811954418,8056.121550285356
2011-04-25,19253.092939762275,515.4387816312841,8030.003655970309
2011-04-26,19253.092939762275,512.4194179288937,8030.557678752845
2011-04-27,19253.092939762275,499.04479127698556,8028.628508592166
2011-04-28,19253.092939762275,490.2608550240431,8012.793462084926
2011-04-29,19253.092939762275,496.47835045834273,8010.815146438836
2011-05-02,19253.092939762275,490.0953359102141,8006.209103630961
2011-05-03,19253.092939762275,470.219026746389,8008.567154136885
2011-05-04,19253.092939762275,432.8482816669924,7984.939567035053
2011-05-05,19253.092939762275,453.02124461331647,7950.531325687638
2011-05-06,19253.092939762275,417.01696060409023,7982.378868301675
2011-05-09,19253.092939762275,446.468298347911,7955.882863247837
2011-05-10,19253.092939762275,439.7048725539307,7955.430718623448
2011-05-11,19253.092939762275,458.1904345003252,7963.032151394148
2011-05-12,19253.092939762275,412.39758917847206,7947.634934873605
2011-05-13,19253.092939762275,402.4503846021697,7944.89316238986
2011-05-16,19253.092939762275,392.20276485849763,7950.701548481406
2011-05-17,19253.092939762275,344.89356918675,7926.961557501679
2011-05-18,19253.092939762275,319.30711323141725,7915.054084128077
2011-05-19,19253.092939762275,323.7752580640824,7919.942456564696
2011-05-20,19253.092939762275,304.90645391974647,7910.381447783252
2011-05-23,19253.092939762275,295.95054767306146,7907.966363494429
2011-05-24,19253.092939762275,285.62932936197006,7915.887598499609
2011-05-25,19253.092939762275,231.87860971752315,7835.312982891579
2011-05-26,19253.092939762275,238.051058065536,7835.76546998545
2011-05-27,19253.092939762275,266.8202896673335,7791.495938625298
2011-05-31,19253.092939762275,234.68483381276866,7741.722271956685
2011-06-01,19253.092939762275,239.81431327946694,7741.378217991603
2011-06-02,19253.092939762275,218.42680898799816,7750.540031210223
2011-06-03,19253.092939762275,223.61157307482398,7751.971752157753
2011-06-06,19253.092939762275,203.63177819197858,7745.748858499265
2011-06-07,19253.092939762275,220.00335873029323,7743.910511837357
2011-06-08,19253.092939762275,238.8059511807933,7728.843778806045
2011-06-09,19253.092939762275,270.30695281169426,7686.980159137425
2011-06-10,19253.092939762275,291.31743714619233,7678.224973484528
2011-06-13,19253.092939762275,273.18658400644324,7683.578826169054
2011-06-14,19253.092939762275,236.46125145716908,7664.735230310554
2011-06-15,19253.092939762275,269.36100367780165,7683.39531856049
2011-06-16,17973.545296175595,287.50916665250446,7647.831322059621
2011-06-17,17973.545296175595,273.1851460912013,7657.700476210359
2011-06-20,17973.545296175595,265.2992384875134,7653.153342341465
2011-06-21,17973.545296175595,281.5903697085101,7652.826712647189
2011-06-22,17973.545296175595,296.5686298680011,7654.521456600036
2011-06-23,17973.545296175595,295.7946865820947,7654.316612589883
2011-06-24,17973.545296175595,281.113875007058,7671.576167585167
2011-06-27,17973.545296175595,246.4071357415531,7675.076645545987
2011-06-28,17762.85732204314,293.2525693999106,7625.548297352865
2011-06-29,17762.85732204314,316.5550683578056,7643.25565136993
2011-06-30,17762.85732204314,355.6598989183732,7643.016582178042
2011-07-01,17762.85732204314,394.9567998518773,7611.884596221879
2011-07-05,17762.85732204314,379.06786951125747,7595.407693598398
2011-07-06,17762.85732204314,404.348532393657,7573.433099484269
2011-07-07,17762.85732204314,372.4327513967968,7555.828893412624
2011-07-08,17762.85732204314,358.162860204023,7540.191340171059
2011-07-11,17762.85732204314,288.08606359274006,7482.879598704227
2011-07-12,17762.85732204314,272.47507098980094,7498.205483798076
2011-07-13,17762.85732204314,249.7619328640451,7491.214215767159
2011-07-14,17762.85732204314,245.75593340432144,7489.68991800386
2011-07-15,17762.85732204314,276.3636886002716,7491.0186547324565
2011-07-18,17762.85732204314,257.5215909328506,7486.190611528962
2011-07-19,17762.85732204314,222.15148241012966,7445.869224176882
2011-07-20,17762.85732204314,215.42633900308218,7446.418061347783
2011-07-21,17762.85732204314,216.03574025538677,7446.918587602915
2011-07-22,17762.85732204314,253.51929637556708,7441.240841943574
2011-07-25,17762.85732204314,274.071427185745,7431.208131274236
2011-07-26,17762.85732204314,270.0625564405683,7429.015372859914
2011-07-27,17762.85732204314,270.5320642381084,7428.775893889388
2011-07-28,17762.85732204314,225.13389882524146,7370.151146872782
2011-07-29,17762.85732204314,202.06215347067575,7368.960457529188
2011-08-01,17762.85732204314,162.0578194805833,7385.790501637904
2011-08-02,17762.85732204314,158.18371950661665,7388.589381305826
2011-08-03,17762.85732204314,125.6856020137776,7391.513620419386
2011-08-04,17762.85732204314,141.52682662289712,7375.8663422490445
2011-08-05,17762.85732204314,133.67055810081928,7390.8489134562915
2011-08-08,17762.85732204314,130.05075857099996,7388.365204874654
2011-08-09,17762.85732204314,125.66892603356071,7391.707903645994
2011-08-10,17762.85732204314,113.9094290428572,7411.406370137722
2011-08-11,17762.85732204314,164.73415796009394,7385.896988177203
2011-08-12,17762.85732204314,166.74992789131088,7387.503312832526
2011-08-15,17762.85732204314,151.78560368600674,7394.833766321985
2011-08-16,17762.85732204314,170.41645310353587,7405.0730345200855
2011-08-17,17762.85732204314,128.13056483401024,7342.688741623352
2011-08-18,17762.85732204314,140.37265834334178,7330.34300133161
2011-08-19,17762.85732204314,131.13867285271328,7334.4892727832175
2011-08-22,17762.85732204314,132.86425251638127,7334.202673719025
2011-08-23,17762.85732204314,140.02603966689765,7341.8572038117745
2011-08-24,17762.85732204314,131.3377448735281,7343.413523503628
2011-08-25,17762.85732204314,164.01415905016168,7337.262752220208
2011-08-26,17762.85732204314,168.41511304867944,7332.808533760123
2011-08-29,17762.85732204314,181.32919571703215,7335.351168769961
2011-08-30,17762.85732204314,186.9861644127461,7342.14501059478
2011-08-31,17762.85732204314,160.99720431009638,7314.234617894535
2011-09-01,17762.85732204314,147.52444669450463,7308.165485300882
2011-09-02,17762.85732204314,120.71136954569795,7321.308542751021
2011-09-06,17762.85732204314,105.42021523639312,7338.089365614526
2011-09-07,17762.85732204314,89.32486606596214,7344.07803332072
2011-09-08,17762.85732204314,79.69382873054192,7338.271105021559
2011-09-09,17762.85732204314,65.29059109720815,7328.541874507041
2011-09-12,17762.85732204314,13.545868431383685,7350.313623966584
2011-09-13,17762.85732204314,6.645737840268776,7357.854743984632
2011-09-14,17762.85732204314,19.76185924893424,7370.143156899233
2011-09-15,17762.85732204314,33.21251252179457,7371.534593669094
2011-09-16,17762.85732204314,31.944434258147915,7370.636503206936
2011-09-19,17762.85732204314,59.243698179188605,7364.6574139966115
2011-09-20,17966.29805393632,46.15164243078123,7392.337259978001
2011-09-21,17966.29805393632,60.60416737303462,7383.989012166393
2011-09-22,17966.29805393632,23.598545846180436,7411.654836992996
2011-09-23,18806.710359304234,-32.93880447521765,7522.571725725012
2011-09-26,18806.710359304234,-51.75543720123454,7524.549376637286
2011-09-27,18806.710359304234,-1.1033261201752467,7490.264118264814
2011-09-28,18806.710359304234,17.0597213760179,7511.488494039376
2011-09-29,18806.710359304234,-12.563216629007279,7512.004710053754
2011-09-30,18806.710359304234,-40.50613280432497,7492.95204479583
2011-10-03,18806.710359304234,-50.0887716588355,7501.184363566248
2011-10-04,18806.710359304234,-98.79976933438616,7509.593706731345
2011-10-05,18806.710359304234,-129.66761391096955,7505.937224473307
2011-10-06,18806.710359304234,-105.232379277917,7540.402447251682
2011-10-07,18806.710359304234,-73.37894085004126,7559.927227289879
2011-10-10,18806.710359304234,-93.3361153480335,7532.910302979897
2011-10-11,18806.710359304234,-74.71979765108695,7546.904329184418
2011-10-12,18806.710359304234,-36.99577237158161,7557.498796535694
2011-10-13,18806.710359304234,-28.455718215978138,7565.015455834276
2011-10-14,18806.710359304234,-16.65404915218614,7554.370698412552
2011-10-17,18806.710359304234,-6.165075129741395,7565.588809337361
2011-10-18,18806.710359304234,-34.65943935478033,7574.058143694206
2011-10-19,18806.710359304234,-30.718223454218386,7574.786533371366
2011-10-20,18806.710359304234,-38.192672783120955,7579.705455082074
2011-10-21,18806.710359304234,-19.207317769591814,7567.405227444229
2011-10-24,18806.710359304234,27.279607892125206,7560.501508851034
2011-10-25,18806.710359304234,8.635622636444953,7526.2682024234555
2011-10-26,18806.710359304234,30.388442594152004,7489.865806137645
2011-10-27,18806.710359304234,38.255200375430505,7500.576048662686
2011-10-28,18806.710359304234,81.79509236157932,7617.960478816836
2011-10-31,18806.710359304234,59.782139708281434,7605.848010180417
2011-11-01,20564.69380056707,-1.555006096399273,7700.114465411576
2011-11-02,21897.46786187646,-53.55156840319012,7797.559297992615
2011-11-03,21897.46786187646,-64.22051131451136,7786.68626278558
2011-11-04,21897.46786187646,-28.904321515162255,7818.62305117574
2011-11-07,21897.46786187646,-45.70796042849122,7817.515227318757
2011-11-08,21897.46786187646,-9.094824589108299,7802.343708583474
2011-11-09,21897.46786187646,-1.1928090296778828,7807.897281480139
2011-11-10,23810.216895761132,-50.45303999827791,7879.997024106393
2011-11-11,23810.216895761132,-51.540873454561684,7880.099366473721
2011-11-14,23810.216895761132,-34.18731996714983,7897.495851485251
2011-11-15,23810.216895761132,-26.031261371589906,7894.818418395819
2011-11-16,23810.216895761132,-24.3792328997077,7894.947565554858
2011-11-17,23810.216895761132,-72.57918848782407,7918.829942701904
2011-11-18,23810.216895761132,-100.3668261009162,7951.6684398046855
2011-11-21,23810.216895761132,-103.04477654791405,7950.310357265944
2011-11-22,23810.216895761132,-104.6265258218599,7952.764072052909
2011-11-23,23810.216895761132,-114.60898037375166,7951.95332651459
2011-11-25,23810.216895761132,-155.97924776081777,7940.774840249817
2011-11-28,23810.216895761132,-161.77975829910505,7937.1694696693085
2011-11-29,23810.216895761132,-147.66583807234005,7948.017000103101
2011-11-30,23810.216895761132,-129.79877764067518,7944.208643436249
2011-12-01,23810.216895761132,-77.67157582655183,7995.552685776552
2011-12-02,23810.216895761132,-43.57638472229037,7976.0488155433095
2011-12-05,23810.216895761132,-63.21062546593876,7975.218898102408
2011-12-06,23810.216895761132,-76.11251633703793,7973.860958320348
2011-12-07,23810.216895761132,-68.35509942650071,7975.846112187728
2011-12-08,23810.216895761132,-82.11136704296821,7972.190583924158
2011-12-09,23810.216895761132,-107.72509813976173,7994.883938915947
2011-12-12,23810.216895761132,-96.99927082932281,8003.735460409274
2011-12-13,21885.964181480347,-76.22358493127517,7952.413996329843
2011-12-14,21885.964181480347,-129.54222898027172,7984.707497106776
2011-12-15,21885.964181480347,-181.2269609347169,8014.903012227507
2011-12-16,21885.964181480347,-192.8045871224522,8012.552759341966
2011-12-19,21885.964181480347,-198.9428955482144,8010.804140624788
2011-12-20,21885.964181480347,-231.73460717976548,8002.675512224074
2011-12-21,21885.964181480347,-197.43843746705562,8052.49928358792
2011-12-22,21885.964181480347,-176.0562989445824,8051.828233994151
2011-12-23,21885.964181480347,-170.98717445225017,8050.830009187303
2011-12-27,21885.964181480347,-157.45681669776516,8060.4793986979375
2011-12-28,21885.964181480347,-184.35074239673625,8046.683185121558
2011-12-29,21885.964181480347,-207.14280200469346,8083.358205833462
2011-12-30,21885.964181480347,-233.0992808932571,8066.971213048494
2012-01-03,21885.964181480347,-229.39054425265243,8066.598045189927
2012-01-04,21885.964181480347,-201.21683509024308,8098.3172816461665
2012-01-05,21885.964181480347,-204.71243241852864,8095.484799216581
2012-01-06,21885.964181480347,-166.75403590768366,8058.570550333615
2012-01-09,21885.964181480347,-202.6692123509859,8052.855368750694
2012-01-10,21885.964181480347,-205.3701841926878,8053.451233901837
2012-01-11,21885.964181480347,-161.93906529249008,8043.52583261188
2012-01-12,21885.964181480347,-181.35542634072354,8041.566570671445
2012-01-13,21885.964181480347,-146.70657113341522,8010.311696544257
2012-01-17,21885.964181480347,-130.46016006997453,7991.594183833912
2012-01-18,21885.964181480347,-119.3448738766177,7990.797694498077
2012-01-19,21885.964181480347,-107.95180562087155,8001.356444538605
2012-01-20,21885.964181480347,-81.58607703530053,8014.113768452037
2012-01-23,21885.964181480347,-62.500421792739495,8019.4244104947575
2012-01-24,21885.964181480347,-54.12610837536697,8019.932721303942
2012-01-25,21885.964181480347,-37.408177909007705,8010.746186829917
2012-01-26,21885.964181480347,-54.10011256846411,7993.561730952396
2012-01-27,21885.964181480347,-67.84929502919164,7992.978042904624
2012-01-30,21885.964181480347,-70.52315152505365,7992.847979571869
2012-01-31,20564.69380056707,-31.40884253770698,7917.475765658567
2012-02-01,20564.69380056707,-32.323693034160996,7917.769487540692
2012-02-02,20564.69380056707,-19.263585754481667,7921.051205745019
2012-02-03,20564.69380056707,-35.94045191319913,7904.398951731215
2012-02-06,20564.69380056707,-21.649822273250205,7914.343383181875
2012-02-07,20564.69380056707,-43.30567971644306,7911.788627820505
2012-02-08,20564.69380056707,-12.875648379764753,7921.09091322667
2012-02-09,20564.69380056707,-29.133039788551628,7906.451789490807
2012-02-10,20564.69380056707,-32.30488992491917,7905.235487198622
2012-02-13,20564.69380056707,-62.52252433834699,7917.089899713427
2012-02-14,20564.69380056707,-53.2673382677274,7921.374242063246
2012-02-15,20564.69380056707,-72.55991979656417,7931.674722040271
2012-02-16,20564.69380056707,-35.66314236938488,7896.481706564676
2012-02-17,20564.69380056707,-31.332769664430874,7898.674637140302
2012-02-21,20564.69380056707,-20.65788386402768,7897.669160964936
2012-02-22,20564.69380056707,-7.769451822407602,7905.861565015971
2012-02-23,20564.69380056707,-14.334755249845156,7905.012820224816
2012-02-24,20564.69380056707,-29.33103020074658,7899.363096146624
2012-02-27,20564.69380056707,-34.800104406353235,7897.671911700274
2012-02-28,20564.69380056707,-32.855226656418466,7896.726990609158
2012-02-29,20564.69380056707,-50.16003192340542,7877.820924441778
2012-03-01,20564.69380056707,-71.21417957604848,7891.984040761459
2012-03-02,20564.69380056707,-59.2867489687526,7896.256536306892
2012-03-05,20564.69380056707,-70.64520641960245,7898.633481515051
2012-03-06,20564.69380056707,-84.48136461918021,7900.088265774198
2012-03-07,20564.69380056707,-101.57985405665997,7912.373058648814
2012-03-08,20564.69380056707,-96.41525890377831,7912.850333739101
2012-03-09,20564.69380056707,-89.17480755830303,7919.939664649363
2012-03-12,20564.69380056707,-76.40385502111141,7924.307952702977
2012-03-13,20564.69380056707,-90.25977306085692,7927.787128713729
2012-03-14,20564.69380056707,-53.964037100337855,7938.848491845654
2012-03-15,20564.69380056707,-42.03997582321093,7942.6801023809585
2012-03-16,20564.69380056707,-39.54822026246416,7943.617155454952
2012-03-19,20564.69380056707,-39.548095128314685,7943.617215159083
2012-03-20,20564.69380056707,-31.341421791793326,7952.267617193851
2012-03-21,20564.69380056707,-41.12673851294455,7953.5704621262985
2012-03-22,20564.69380056707,-62.76302315793684,7955.553422439487
2012-03-23,20564.69380056707,-69.97010336869397,7959.654134215492
2012-03-26,20564.69380056707,-67.17177211045087,7959.832211409595
2012-03-27,20564.69380056707,-61.55818646317345,7968.104174859569
2012-03-28,20564.69380056707,-98.86476209611597,7953.825614191801
2012-03-29,20564.69380056707,-102.65985433049707,7955.752040699934
2012-03-30,20564.69380056707,-95.5848407050905,7951.6363947375785
2012-04-02,20564.69380056707,-90.07304300477185,7954.754429558887
2012-04-03,20564.69380056707,-94.19760280418937,7952.193818934964
2012-04-04,20564.69380056707,-92.01561853867874,7951.915595734004
2012-04-05,20564.69380056707,-111.72926675444836,7970.318959823496
2012-04-09,20564.69380056707,-138.05687310114612,7963.8901584398745
2012-04-10,20564.69380056707,-155.56523375049522,7976.27962743419
2012-04-11,20564.69380056707,-128.42312328494515,7942.2306505996485
2012-04-12,20564.69380056707,-128.51402815236796,7942.190122466636
2012-04-13,20564.69380056707,-117.3018562343997,7948.404250748724
2012-04-16,20564.69380056707,-125.26278732424808,7953.934173989806
2012-04-17,20564.69380056707,-136.2155147056382,7957.601296311041
2012-04-18,20564.69380056707,-145.19852686104778,7947.923631531188
2012-04-19,20564.69380056707,-148.63976795333204,7949.531158298423
2012-04-20,20564.69380056707,-121.83759825413054,7915.379889917769
2012-04-23,20564.69380056707,-137.16885018240015,7904.942338091638
2012-04-24,20564.69380056707,-146.4450413255996,7905.930955490357
2012-04-25,20564.69380056707,-124.2077060050616,7898.549931369529
2012-04-26,20564.69380056707,-126.54767033295485,7897.125193090713
2012-04-27,18862.405773330258,-78.93329530305977,7837.328604667216
2012-04-30,18862.405773330258,-67.41319188429031,7830.563077514932
2012-05-01,18862.405773330258,-38.19706466393679,7803.309305446849
2012-05-02,18862.405773330258,-42.96024048727384,7800.862858337106
2012-05-03,18862.405773330258,-76.38082942563389,7780.662386312382
2012-05-04,18862.405773330258,-92.41101794444644,7785.268262382963
2012-05-07,18862.405773330258,-110.37897682224956,7787.922194086441
2012-05-08,18862.405773330258,-103.44987652150812,7783.347761031437
2012-05-09,18862.405773330258,-86.45087847299493,7758.4643445096635
2012-05-10,18862.405773330258,-97.7000079795064,7761.558713555363
2012-05-11,18862.405773330258,-69.41651959963154,7739.66662706437
2012-05-14,18862.405773330258,-74.01651540738848,7742.828904561013
2012-05-15,18862.405773330258,-71.41951959661185,7738.897842653235
2012-05-16,18862.405773330258,-78.81237320054274,7744.136957240042
2012-05-17,18862.405773330258,-83.00695648129584,7745.195535175599
2012-05-18,18862.405773330258,-78.68656731446545,7743.6430048754955
2012-05-21,18862.405773330258,-76.02478669740803,7743.963200018364
2012-05-22,18862.405773330258,-98.72037097425599,7707.856584278036
2012-05-23,18862.405773330258,-88.89155075137407,7705.284713281181
2012-05-24,18862.405773330258,-101.91227865976218,7715.055474891778
2012-05-25,18862.405773330258,-113.62756985934008,7709.131158306312
2012-05-29,18862.405773330258,-111.3177795896539,7708.853770415348
2012-05-30,18789.64836919988,-75.91358808452526,7655.254083345526
2012-05-31,18789.64836919988,-96.62297456069514,7668.078031461463
2012-06-01,18789.64836919988,-111.34113441090274,7672.897030491942
2012-06-04,18789.64836919988,-120.9912176999852,7674.770329060691
2012-06-05,18789.64836919988,-135.85939081414614,7658.300716553299
2012-06-06,18789.64836919988,-115.94379023519208,7659.77597636444
2012-06-07,18789.64836919988,-107.49880114631716,7667.416072416406
2012-06-08,18789.64836919988,-131.11265560710657,7654.470183290319
2012-06-11,18789.64836919988,-118.64302861891632,7650.396762145702
2012-06-12,18789.64836919988,-125.66394931067055,7652.023549919343
2012-06-13,18789.64836919988,-123.33730062198342,7653.489827855995
2012-06-14,18789.64836919988,-120.51785396345282,7651.816188623012
2012-06-15,18789.64836919988,-92.95942685617885,7647.200425954389
2012-06-18,18789.64836919988,-83.02282103525445,7643.981675152426
2012-06-19,18789.64836919988,-81.38689719458827,7643.893340679425
2012-06-20,18789.64836919988,-80.31618327600731,7644.274759827549
2012-06-21,18789.64836919988,-60.06455857133941,7628.425704801385
2012-06-22,18789.64836919988,-59.512448793995745,7627.518838433813
2012-06-25,18789.64836919988,-53.07406791517587,7629.2095010577605
2012-06-26,18789.64836919988,-53.26590953192726,7629.375183831441
2012-06-27,18789.64836919988,-64.08045105709971,7624.400677233166
2012-06-28,18789.64836919988,-48.74862164830667,7620.105709633822
2012-06-29,18789.64836919988,-87.26109483668112,7613.065170304607
2012-07-02,18789.64836919988,-59.08398281895718,7656.435521533871
2012-07-03,18789.64836919988,-68.1277185435881,7653.506903854752
2012-07-05,18789.64836919988,-47.8087865735683,7661.596506033077
2012-07-06,18789.64836919988,-91.19567042322718,7648.290158436286
2012-07-09,18789.64836919988,-105.6696881700655,7667.17209324178
2012-07-10,18789.64836919988,-112.36575918836132,7670.4204529419685
2012-07-11,18789.64836919988,-100.50618669875237,7658.334223801707
2012-07-12,18789.64836919988,-101.74954182600366,7658.199815284266
2012-07-13,18789.64836919988,-116.74737801697803,7662.241555763845
2012-07-16,18789.64836919988,-75.39357370022574,7651.542017126838
2012-07-17,18789.64836919988,-102.61825488334175,7631.0144242419765
2012-07-18,18789.64836919988,-104.31745215607263,7630.0373956453805
2012-07-19,18789.64836919988,-106.73596527776381,7629.196525718412
2012-07-20,18789.64836919988,-99.30474228673475,7630.103723009515
2012-07-23,18789.64836919988,-103.92313217994202,7633.861640032682
2012-07-24,18789.64836919988,-125.93847562774248,7644.682658509771
2012-07-25,18789.64836919988,-123.30718661562545,7642.905109718584
2012-07-26,18789.64836919988,-146.3764990393318,7622.65596752045
2012-07-27,18789.64836919988,-119.59547070511967,7635.647957512854
2012-07-30,18789.64836919988,-85.48097243234238,7701.192811009858
2012-07-31,18789.64836919988,-85.4056174988583,7701.155105990055
2012-08-01,18789.64836919988,-89.0188048533109,7704.096938564338
2012-08-02,18789.64836919988,-89.96835255361366,7703.7959722464475
2012-08-03,18789.64836919988,-95.46217878116076,7710.1835315422595
2012-08-06,18789.64836919988,-32.434499942316556,7727.40090970692
2012-08-07,18789.64836919988,-12.30581010255267,7730.710309662386
2012-08-08,18789.64836919988,11.501574615374441,7731.018638444337
2012-08-09,18789.64836919988,29.73743677502731,7724.152742270193
2012-08-10,18789.64836919988,17.561737091697722,7717.163706908322
2012-08-13,18789.64836919988,3.699494850465533,7719.18427124772
2012-08-14,18789.64836919988,14.348421653417288,7710.943118465664
2012-08-15,18789.64836919988,28.03273284109551,7717.072032702082
2012-08-16,18789.64836919988,50.89952279509779,7719.326913494116
2012-08-17,18789.64836919988,82.25249466970659,7707.572846639457
2012-08-20,18789.64836919988,71.74362550473306,7704.330423621075
2012-08-21,18789.64836919988,83.41079273151819,7702.227037538581
2012-08-22,18789.64836919988,53.335335468459405,7671.260301004828
2012-08-23,18789.64836919988,72.10076007865602,7654.994669709948
2012-08-24,18789.64836919988,79.99400685356383,7651.287625825126
2012-08-27,18789.64836919988,57.48406923466982,7629.750103008277
2012-08-28,18789.64836919988,31.662801722730656,7621.788811690613
2012-08-29,18789.64836919988,10.784183727981377,7610.252913958697
2012-08-30,18789.64836919988,35.38185404655762,7596.191250377679
2012-08-31,18789.64836919988,21.22244707127451,7599.866882074457
2012-09-04,18789.64836919988,8.725112457734095,7591.720827048481
2012-09-05,18789.64836919988,4.802271697635268,7590.3679777959605
2012-09-06,18789.64836919988,8.944350127167622,7589.238167697239
2012-09-07,18789.64836919988,31.41495479313156,7615.120384164401
2012-09-10,18789.64836919988,27.748021775092493,7611.60502298501
2012-09-11,18789.64836919988,21.64801111116333,7610.064251925348
2012-09-12,18789.64836919988,27.657212670057916,7610.954658308565
2012-09-13,18789.64836919988,41.25360586275369,7620.2494194504825
2012-09-14,18789.64836919988,76.60711597118726,7632.400278998578
2012-09-17,18789.64836919988,110.98457442425939,7661.248035410574
2012-09-18,18789.64836919988,101.03150191857661,7663.145796025723
2012-09-19,18789.64836919988,81.14858612949305,7652.995531782717
2012-09-20,18789.64836919988,82.08932591592911,7652.491239512517
2012-09-21,18789.64836919988,89.38501351812211,7651.578835059206
2012-09-24,18789.64836919988,71.18471868837015,7649.709284092163
2012-09-25,18789.64836919988,61.22878353755764,7652.176727941674
2012-09-26,18789.64836919988,41.932325577541896,7655.3656186234875
2012-09-27,18789.64836919988,32.96979052159704,7661.898469598618
2012-09-28,18789.64836919988,26.826377642193737,7656.170693964018
2012-10-01,18789.64836919988,29.389336784538244,7655.347947272164
2012-10-02,18789.64836919988,30.021592831573276,7655.228836303568
2012-10-03,18789.64836919988,23.032257705504687,7652.894994046317
2012-10-04,18789.64836919988,22.385152585177917,7652.723384302461
2012-10-05,18789.64836919988,36.78897543632783,7661.098286546504
2012-10-08,18789.64836919988,25.553926320144093,7651.2190800355675
2012-10-09,18789.64836919988,14.019537216338925,7648.099619478835
2012-10-10,18789.64836919988,-10.143628186002475,7647.307126378318
2012-10-11,18789.64836919988,-11.99581869198398,7648.511038011937
2012-10-12,18789.64836919988,15.192443407015555,7619.086701214255
2012-10-15,18789.64836919988,4.28303146171564,7617.96486984809
2012-10-16,18789.64836919988,-8.094026574926072,7613.4269583624
2012-10-17,18789.64836919988,2.6644655547586154,7620.731969174639
2012-10-18,18789.64836919988,15.398000693513284,7632.2580221305325
2012-10-19,18789.64836919988,3.876996716538386,7627.017122349826
2012-10-22,18789.64836919988,-24.136173781471765,7647.765457041398
2012-10-23,18789.64836919988,-13.518385220763419,7647.953603450737
2012-10-24,18789.64836919988,-22.770999292813503,7653.122250210058
2012-10-25,18789.64836919988,-38.14146593315374,7650.887678150628
2012-10-26,18789.64836919988,-24.150731013340586,7656.718752078719
2012-10-31,18789.64836919988,-49.19295283271972,7659.743628882756
2012-11-01,18789.64836919988,-61.805916352393076,7658.765768737609
2012-11-02,18789.64836919988,-73.09991108276013,7652.041544847955
2012-11-05,18789.64836919988,-90.44417152878458,7659.226134624913
2012-11-06,18789.64836919988,-95.31831108352442,7660.221775432109
2012-11-07,18789.64836919988,-66.82918916914934,7673.339020217405
2012-11-08,18789.64836919988,-90.95263870067808,7694.7477725837225
2012-11-09,18789.64836919988,-94.78649372917192,7697.565816403277
2012-11-12,18789.64836919988,-118.68728677667171,7683.169790113423
2012-11-13,18789.64836919988,-95.1710228783362,7659.83088065191
2012-11-14,18789.64836919988,-101.9601339421357,7661.185041661341
2012-11-15,18789.64836919988,-120.41320506875049,7653.755829504592
2012-11-16,18789.64836919988,-127.73726296173886,7654.3710532005925
2012-11-19,18789.64836919988,-120.37648301472598,7653.495320705902
2012-11-20,18789.64836919988,-90.99524654861138,7655.1144169801355
2012-11-21,18789.64836919988,-108.42323194078662,7637.47537356807
2012-11-23,18789.64836919988,-80.05004535925654,7626.474699868513
2012-11-26,18789.64836919988,-59.59530352683697,7631.580962290061
2012-11-27,18789.64836919988,-59.02207734046009,7631.372913977941
2012-11-28,18789.64836919988,-96.67152480335406,7600.917174869108
2012-11-29,18789.64836919988,-123.01140930485936,7589.077443683716
2012-11-30,18789.64836919988,-140.1328541101543,7576.048079639678
2012-12-03,18789.64836919988,-140.41829124359796,7576.087154014983
2012-12-04,18789.64836919988,-156.29560227792103,7567.198369436532
2012-12-05,18789.64836919988,-174.1227050015825,7564.901765739707
2012-12-06,18789.64836919988,-173.91145036438905,7564.894810901993
2012-12-07,18789.64836919988,-190.75680151633708,7555.594506950143
2012-12-10,18789.64836919988,-180.11816985787684,7557.127247859811
2012-12-11,18789.64836919988,-223.79624490682951,7498.976814963626
2012-12-12,18789.64836919988,-210.4346894465448,7501.831789651214
2012-12-13,18789.64836919988,-183.2815558041068,7501.143805892313
2012-12-14,18789.64836919988,-166.42022967250261,7486.994605821797
2012-12-17,18789.64836919988,-181.10398700731008,7486.259250462543
2012-12-18,18789.64836919988,-164.82882252125287,7497.7790849369885
2012-12-19,18789.64836919988,-156.60105143535108,7500.04120403778
2012-12-20,18789.64836919988,-167.94778709001483,7499.014900794555
2012-12-21,18789.64836919988,-165.46949447929163,7498.033575920147
2012-12-24,18789.64836919988,-209.28931133034067,7459.957403403385
2012-12-26,18789.64836919988,-183.6540093161975,7438.899016735299
2012-12-27,18789.64836919988,-193.0113696526926,7437.721563470356
2012-12-28,18789.64836919988,-192.19344846302224,7437.545534363549
2012-12-31,18789.64836919988,-212.9157611768634,7427.8908891412175
2013-01-02,18789.64836919988,-187.67104345060048,7430.282949387025
2013-01-03,18789.64836919988,-181.15849926204075,7441.775656104593
2013-01-04,18789.64836919988,-161.61666366919866,7430.10961950419
2013-01-07,18789.64836919988,-139.50309730811338,7408.808113317345
2013-01-08,18789.64836919988,-140.79885034137703,7409.249682023256
2013-01-09,18789.64836919988,-158.31454363048124,7400.4281831456665
2013-01-10,18789.64836919988,-174.90729392816044,7392.853765824641
2013-01-11,18789.64836919988,-151.61210223765002,7396.798465527525
2013-01-14,18789.64836919988,-159.24633481781996,7393.297186119845
2013-01-15,18789.64836919988,-162.51777789601002,7392.014421361283
2013-01-16,18789.64836919988,-156.412828880323,7390.581576907982
2013-01-17,18789.64836919988,-170.8339340590612,7389.200227652484
2013-01-18,18789.64836919988,-153.49605812152052,7396.521562730791
2013-01-22,18789.64836919988,-155.33521602087393,7396.201631656967
2013-01-23,18789.64836919988,-137.40677495272251,7391.54938673858
2013-01-24,18789.64836919988,-159.9324158292423,7373.353569358254
2013-01-25,18789.64836919988,-147.62285060138598,7366.418048935162
2013-01-28,18789.64836919988,-119.44927008470299,7381.610307817734
2013-01-29,18789.64836919988,-120.9662547226235,7381.08098431036
2013-01-30,18789.64836919988,-136.0774857538763,7362.398121883772
2013-01-31,18789.64836919988,-141.83632315361535,7360.4755193896635
2013-02-01,18789.64836919988,-160.8907295195308,7352.317162699665
2013-02-04,18789.64836919988,-160.22202795230984,7352.712092875749
2013-02-05,18789.64836919988,-169.37329450291287,7353.87661102725
2013-02-06,18789.64836919988,-182.93388979739,7342.34370288844
2013-02-07,18789.64836919988,-168.37969486711245,7332.747103362335
2013-02-08,18789.64836919988,-185.63949879072106,7329.960518764988
2013-02-11,18789.64836919988,-176.9318616732147,7325.9833407867445
2013-02-12,18789.64836919988,-181.67607150155234,7327.584958808378
2013-02-13,18789.64836919988,-173.10763664334124,7329.880019706617
2013-02-14,18789.64836919988,-176.4668035350179,7328.503371585003
2013-02-15,18789.64836919988,-189.42638590811893,7331.499934995476
2013-02-19,18789.64836919988,-207.5224605775727,7334.057548388626
2013-02-20,18789.64836919988,-166.7717881707652,7298.020337219041
2013-02-21,18789.64836919988,-190.06120359996578,7309.4193925487025
2013-02-22,18789.64836919988,-192.9630901456612,7310.918311591562
2013-02-25,18789.64836919988,-199.4699361245124,7309.447607899188
2013-02-26,18789.64836919988,-218.9073794847916,7318.593091860386
2013-02-27,18789.64836919988,-213.9582931347966,7318.325947754514
2013-02-28,18789.64836919988,-213.66515846628457,7318.452207765431
2013-03-01,18789.64836919988,-251.34101520365599,7285.18705614403
2013-03-04,18789.64836919988,-249.78974519095195,7284.266090224296
2013-03-05,18789.64836919988,-248.6743781502142,7284.527811395782
2013-03-06,18789.64836919988,-246.60977634482364,7286.0828139708965
2013-03-07,18789.64836919988,-218.69428019114892,7284.229039465834
2013-03-08,18789.64836919988,-183.2709771661714,7253.867964498566
2013-03-11,18789.64836919988,-168.47786210748436,7265.417052977561
2013-03-12,18789.64836919988,-164.85825592452207,7265.548334257395
2013-03-13,18789.64836919988,-154.44349014664897,7259.699789950085
2013-03-14,18789.64836919988,-132.84846957427365,7245.525188223106
2013-03-15,18789.64836919988,-135.3688292081042,7244.7913719196495
2013-03-18,18789.64836919988,-152.6498906223572,7236.625739111023
2013-03-19,18789.64836919988,-180.81776328659186,7225.858750992172
2013-03-20,18789.64836919988,-182.37477169664268,7225.976350724799
2013-03-21,18789.64836919988,-186.77311618283326,7224.694519818206
2013-03-22,18789.64836919988,-190.28764749130835,7223.647096349635
2013-03-25,18789.64836919988,-204.34764153067132,7220.566747877033
2013-03-26,18789.64836919988,-196.50705150343072,7219.554521665262
2013-03-27,18789.64836919988,-210.2024507451544,7219.095683526251
2013-03-28,18789.64836919988,-217.43932741838378,7219.852717054785
2013-04-01,18789.64836919988,-225.6114668432822,7220.755598079596
2013-04-02,18789.64836919988,-227.49406228871442,7220.8426566697135
2013-04-03,18789.64836919988,-232.17707061806016,7220.226632151213
2013-04-04,18789.64836919988,-265.3672801078151,7225.065224066488
2013-04-05,18789.64836919988,-283.9959807115155,7221.211214831197
2013-04-08,18789.64836919988,-291.97218126968556,7219.662843311907
2013-04-09,18789.64836919988,-283.6052373020164,7222.861639749698
2013-04-10,18789.64836919988,-272.3701150348495,7227.2953047128185
2013-04-11,18789.64836919988,-241.65797001858655,7219.066723177026
2013-04-12,18789.64836919988,-240.2330569885925,7218.92427816616
2013-04-15,18789.64836919988,-282.1581845753613,7259.367342428373
2013-04-16,18894.877477547274,-337.8566620846478,7390.532387670816
2013-04-17,18894.877477547274,-317.6964617841407,7396.394411468515
2013-04-18,18894.877477547274,-316.3998145373159,7395.928804846263
2013-04-19,18894.877477547274,-338.9596531616454,7384.610122314084
2013-04-22,18894.877477547274,-338.6907951456325,7384.76747285074
2013-04-23,18894.877477547274,-326.7969616529691,7387.340679561517
2013-04-24,18894.877477547274,-317.5370408896625,7388.540188879433
2013-04-25,18894.877477547274,-342.06601568765007,7365.463113674988
2013-04-26,18894.877477547274,-324.1718164875528,7375.948329201831
2013-04-29,18894.877477547274,-344.77630056010133,7376.3728089014
2013-04-30,18894.877477547274,-324.4430866196316,7376.3201269335605
2013-05-01,18894.877477547274,-312.38383968901996,7375.4811797496095
2013-05-02,18894.877477547274,-309.4478750655932,7372.6758039158
2013-05-03,18894.877477547274,-271.3948343996182,7342.644643106592
2013-05-06,18894.877477547274,-251.81480942054645,7358.11521812928
2013-05-07,18894.877477547274,-243.39526502822926,7359.990160360169
2013-05-08,18894.877477547274,-261.5212261013139,7349.970208218426
2013-05-09,18894.877477547274,-235.55788413010276,7344.290550968924
2013-05-10,18894.877477547274,-240.56778355201828,7344.911103426252
2013-05-13,18894.877477547274,-219.61556928976222,7341.502429650235
2013-05-14,18894.877477547274,-208.13174826797197,7334.605680862839
2013-05-15,18894.877477547274,-190.07681789047737,7340.343682027926
2013-05-16,18894.877477547274,-221.83587042629455,7330.150424292111
2013-05-17,18894.877477547274,-241.14978805644083,7343.331820949497
2013-05-20,18894.877477547274,-231.11395207703424,7347.35003716627
2013-05-21,18894.877477547274,-197.5626431531423,7348.505840603895
2013-05-22,18894.877477547274,-204.32513747071965,7351.166864747166
2013-05-23,18894.877477547274,-204.92638918626312,7350.969710154098
2013-05-24,18894.877477547274,-193.16488894153622,7348.700430254112
2013-05-28,18894.877477547274,-204.47321489669542,7346.2421619994
2013-05-29,18894.877477547274,-180.30993882048796,7370.047384556711
2013-05-30,18894.877477547274,-170.1942455452085,7362.169494697543
2013-05-31,18894.877477547274,-163.48284132496454,7367.18988820568
2013-06-03,18894.877477547274,-173.96853360411583,7374.068408247131
2013-06-04,18894.877477547274,-173.90041553844725,7374.101986792761
2013-06-05,18894.877477547274,-177.37800497292727,7375.023644391956
2013-06-06,18894.877477547274,-189.54617985026061,7383.2055467867385
2013-06-07,18894.877477547274,-186.8330257289382,7384.385549321363
2013-06-10,18894.877477547274,-154.35579592816376,7392.207575163557
2013-06-11,18894.877477547274,-134.2096070241852,7392.71007667259
2013-06-12,18894.877477547274,-169.3884746995222,7372.75809218176
2013-06-13,18894.877477547274,-140.32271099074484,7361.866871809735
2013-06-14,18894.877477547274,-123.98947717737563,7352.19603902115
2013-06-17,18894.877477547274,-138.03496677774234,7353.492204147063
2013-06-18,18894.877477547274,-137.33294730085535,7353.92325732427
2013-06-19,18894.877477547274,-146.66917885877263,7350.480339738715
2013-06-20,18894.877477547274,-146.13137738788717,7350.656685038733
2013-06-21,18894.877477547274,-146.67432997883367,7351.571573887133
2013-06-24,18894.877477547274,-109.41739934227233,7352.876413638537
2013-06-25,18894.877477547274,-121.81036864582514,7351.311914614414
2013-06-26,18894.877477547274,-140.13526942826144,7332.630138392299
2013-06-27,18894.877477547274,-189.482275567128,7346.8194931304
2013-06-28,18894.877477547274,-217.6658638208347,7357.08831347875
2013-07-01,18894.877477547274,-208.96246795898676,7364.994237438598
2013-07-02,18894.877477547274,-203.73578161307657,7366.164246560722
2013-07-03,18894.877477547274,-203.94334316707528,7366.256696718247
2013-07-05,18894.877477547274,-208.30413421825403,7363.783520712525
2013-07-08,18894.877477547274,-164.74423590412735,7363.851009108197
2013-07-09,18894.877477547274,-149.64726917879253,7349.395283458164
2013-07-10,18894.877477547274,-132.04243608202677,7352.8200671525
2013-07-11,18894.877477547274,-130.67027154932043,7353.299703470381
2013-07-12,18894.877477547274,-121.5851611256644,7366.453874348164
2013-07-15,18894.877477547274,-118.8477613137798,7365.811919910221
2013-07-16,18894.877477547274,-122.77354121367918,7366.329487188842
2013-07-17,18894.877477547274,-123.35088136212312,7366.493636769258
2013-07-18,18894.877477547274,-140.64855362030687,7361.1279007843905
2013-07-19,18894.877477547274,-145.25246311050876,7356.443593022626
2013-07-22,18894.877477547274,-151.9670746063418,7356.215873259552
2013-07-23,18894.877477547274,-140.17164440862916,7366.524718292641
2013-07-24,18894.877477547274,-125.8943232841249,7367.123621606815
2013-07-25,18894.877477547274,-119.60177315824117,7367.235168574689
2013-07-26,18894.877477547274,-104.33619728077349,7364.6468702384045
2013-07-29,18894.877477547274,-80.41518379691732,7342.338987528026
2013-07-30,18894.877477547274,-65.21210300071532,7337.646280541868
2013-07-31,18894.877477547274,-46.77447857066989,7327.616560741376
2013-08-01,18894.877477547274,-46.39045446376645,7327.456804392293
2013-08-02,18894.877477547274,10.59293836197781,7314.859496567225
2013-08-05,18894.877477547274,-19.87647028043159,7328.726592026039
2013-08-06,18894.877477547274,-2.0866346332793473,7323.530862430255
2013-08-07,18894.877477547274,17.51621900078113,7295.851417075572
2013-08-08,18894.877477547274,-10.14193409933822,7287.409001253525
2013-08-09,18894.877477547274,-14.751358067205583,7283.983018259435
2013-08-12,18894.877477547274,-1.9767904405677692,7276.962338528285
2013-08-13,18894.877477547274,-7.350423543753859,7271.382018959896
2013-08-14,18894.877477547274,0.4958636112218082,7273.976192845226
2013-08-15,18894.877477547274,10.420201172139844,7271.633389903454
2013-08-16,18894.877477547274,35.13380864865618,7274.006752539511
2013-08-19,18894.877477547274,52.878135286864534,7283.142121115495
2013-08-20,18894.877477547274,34.16612017293996,7270.174849168294
2013-08-21,18894.877477547274,34.49698870467232,7270.024332709781
2013-08-22,18894.877477547274,27.628116445842462,7265.109630036532
2013-08-23,18894.877477547274,46.55904257123018,7261.330930724456
2013-08-26,18894.877477547274,32.330163530065505,7258.880429085801
2013-08-27,18894.877477547274,8.808758411842108,7244.276125013521
2013-08-28,18894.877477547274,-3.249757472862082,7246.75488205425
2013-08-29,18894.877477547274,6.493472599484551,7250.131741204056
2013-08-30,18894.877477547274,16.01830777623324,7239.886340005169
2013-09-03,18894.877477547274,35.50113266541873,7221.277397139642
2013-09-04,18894.877477547274,67.28725387587023,7226.756332838022
2013-09-05,18894.877477547274,61.88275106089743,7226.247908813067
2013-09-06,18894.877477547274,62.707211527233625,7226.426159756815
2013-09-09,18894.877477547274,94.1118653134547,7190.604569575152
2013-09-10,18894.877477547274,113.03651189678997,7177.120089105062
2013-09-11,18894.877477547274,100.15736810129063,7164.79032364394
2013-09-12,18894.877477547274,89.76183585671141,7162.672834774187
2013-09-13,18894.877477547274,62.56921631666526,7170.082252325767
2013-09-16,18894.877477547274,49.88816806957254,7166.47770872923
2013-09-17,18894.877477547274,85.84155912730361,7116.695946077031
2013-09-18,18894.877477547274,86.90855702405067,7116.6340176674385
2013-09-19,18894.877477547274,120.48564102586539,7086.130837843698
2013-09-20,18255.17046431975,192.99164418652322,6974.636464311767
2013-09-23,18255.17046431975,181.7231370199814,6988.448243527396
2013-09-24,18255.17046431975,157.58316666877434,6983.737625652779
2013-09-25,18255.17046431975,119.62990416465529,6963.727488200276
2013-09-26,18255.17046431975,128.8361921209996,6956.627819904484
2013-09-27,18255.17046431975,138.0064327457308,6956.960865351599
2013-09-30,18255.17046431975,152.83826190703155,6945.6164977273365
2013-10-01,18255.17046431975,174.40590448038336,6919.690190624484
2013-10-02,18255.17046431975,182.72424930017874,6913.613515175335
2013-10-03,18255.17046431975,153.69397107189735,6874.984250715428
2013-10-04,18255.17046431975,123.52670444091935,6853.793036000991
2013-10-07,18255.17046431975,122.78127823707676,6853.268463357968
2013-10-08,18255.17046431975,97.69141546305971,6839.153479447205
2013-10-09,18255.17046431975,67.89224851024505,6821.845800425463
2013-10-10,18255.17046431975,48.21761315309999,6810.949846922803
2013-10-11,18255.17046431975,63.50413946402233,6810.69942734536
2013-10-14,18255.17046431975,39.757507542886046,6794.287843376214
2013-10-15,18255.17046431975,62.628598873968656,6781.719023159269
2013-10-16,18255.17046431975,63.9557167635325,6782.232379054334
2013-10-17,18255.17046431975,80.40911204030098,6775.328990112251
2013-10-18,18255.17046431975,84.77413422704625,6775.864358752692
2013-10-21,18255.17046431975,67.96513411034269,6760.37054972298
2013-10-22,18255.17046431975,56.046100825559186,6749.517796586781
2013-10-23,18255.17046431975,68.7371064989118,6742.031667501414
2013-10-24,18255.17046431975,37.128483136536026,6722.131424688559
2013-10-25,18255.17046431975,-16.25338391065845,6577.927146119437
2013-10-28,18255.17046431975,-7.200721868176974,6579.336945195588
2013-10-29,17745.989859632766,49.84501442246206,6467.149689708187
2013-10-30,17712.042860361253,103.81248057926726,6348.118979915236
2013-10-31,17712.042860361253,89.71652922359898,6344.606100256558
2013-11-01,17712.042860361253,51.094728524723976,6307.298120542866
2013-11-04,17712.042860361253,63.85352098107395,6306.098891208338
2013-11-05,17712.042860361253,47.387647322867416,6301.586617245474
2013-11-06,17712.042860361253,39.2646958287856,6294.645784109734
2013-11-07,16405.433370657036,88.5017164203657,6203.433031369484
2013-11-08,16405.433370657036,72.77234925726667,6216.315595814528
2013-11-11,16405.433370657036,67.41118373618211,6206.994972876572
2013-11-12,16405.433370657036,63.86338252139589,6207.871533077299
2013-11-13,16405.433370657036,61.825662382895274,6207.729617030221
2013-11-14,16405.433370657036,95.572246185061,6165.916006466361
2013-11-15,14638.86046025124,131.12194604635263,6121.747144831841
2013-11-18,14638.86046025124,130.94878181376376,6121.659884988893
2013-11-19,14638.86046025124,142.41143285536847,6102.717133263671
2013-11-20,14638.86046025124,150.80628218174658,6102.705344903758
2013-11-21,14638.86046025124,169.48526306029493,6090.961903385467
2013-11-22,14638.86046025124,163.63043981844118,6089.338366897483
2013-11-25,14638.86046025124,144.85345686848444,6075.054644171663
2013-11-26,14638.86046025124,142.04798337982916,6074.224967573114
2013-11-27,14638.86046025124,92.35272137536317,6006.449298897171
2013-11-29,14638.86046025124,91.77773616364354,6006.097427110294
2013-12-02,14638.86046025124,109.37486945926905,6005.137948175135
2013-12-03,14638.86046025124,109.06445761468258,6005.274907444592
2013-12-04,14638.86046025124,96.12901866499922,6004.050191506645
2013-12-05,14638.86046025124,116.36460933692769,6016.037293462773
2013-12-06,14638.86046025124,140.97723877041855,5985.077069744643
2013-12-09,14638.86046025124,130.49387345441133,5973.814969574215
2013-12-10,14638.86046025124,163.17708981072138,5937.869225752626
2013-12-11,13695.984356975496,200.07798363679927,5880.266892520558
2013-12-12,12923.158713686053,236.46806420198865,5825.057357141037
2013-12-13,12923.158713686053,232.1760454696822,5827.098551618203
2013-12-16,12923.158713686053,232.96441642673193,5827.167932357637
2013-12-17,12923.158713686053,250.83496941147408,5820.382887515767
2013-12-18,12923.158713686053,199.47495564153752,5758.755623681002
2013-12-19,12923.158713686053,196.46846051058068,5756.685270500301
2013-12-20,12923.158713686053,189.1417612762351,5759.889203980334
2013-12-23,12923.158713686053,169.53748774205246,5746.670692121011
2013-12-24,12923.158713686053,184.9295782971751,5749.084313601459
2013-12-26,12661.412180537867,234.160596664583,5690.896460650197
2013-12-27,12661.412180537867,244.8332497277699,5692.413273999858
2013-12-30,12661.412180537867,250.88210138347995,5693.637865499257
2013-12-31,12661.412180537867,209.22675548154513,5654.904927475103
2014-01-02,12661.412180537867,214.88801077161114,5661.596043375289
2014-01-03,12661.412180537867,206.32330266561593,5662.94048470519
2014-01-06,12661.412180537867,224.44720916692486,5651.485004316771
2014-01-07,12661.412180537867,220.45681134064455,5654.2240269158965
2014-01-08,12661.412180537867,202.54864948619093,5641.038599980436
2014-01-09,12661.412180537867,214.3552720252159,5637.949441293037
2014-01-10,12661.412180537867,205.29131696078122,5639.886879204411
2014-01-13,12661.412180537867,213.77381080660209,5634.812885555999
2014-01-14,12661.412180537867,194.57350189398898,5644.779934987294
2014-01-15,12661.412180537867,179.08647414873326,5628.063383751058
2014-01-16,12661.412180537867,163.6993595179502,5610.653471574916
2014-01-17,12661.412180537867,140.67449141804104,5606.469201681148
2014-01-21,12661.412180537867,135.32543880975086,5605.469317318028
2014-01-22,12661.412180537867,134.92927293872125,5605.50444847852
2014-01-23,12661.412180537867,127.623410248482,5602.832736428766
2014-01-24,12661.412180537867,128.26289887051033,5602.4750260673445
2014-01-27,12661.412180537867,127.4003626496025,5602.581945609987
2014-01-28,12661.412180537867,134.4908936204499,5597.596750167653
2014-01-29,12661.412180537867,137.6882687180822,5596.375066744268
2014-01-30,12661.412180537867,118.29306582328402,5595.512277757199
2014-01-31,12661.412180537867,107.63377739311146,5593.773786399085
2014-02-03,12661.412180537867,78.47074692758535,5585.132246282718
2014-02-04,12661.412180537867,78.64700282727186,5584.98838984153
2014-02-05,12661.412180537867,61.803867339226834,5567.696154720816
2014-02-06,12661.412180537867,66.61876152062882,5571.304872168108
2014-02-07,12661.412180537867,67.21377607261317,5571.549257495254
2014-02-10,12661.412180537867,92.50490777104959,5551.2433031579285
2014-02-11,12661.412180537867,82.98485554523734,5545.317367536494
2014-02-12,12661.412180537867,117.89029808789059,5542.2656533427535
2014-02-13,12661.412180537867,122.58575953163185,5544.5488913828385
2014-02-14,12661.412180537867,105.07917734592233,5542.808525574719
2014-02-18,12661.412180537867,116.32777679203201,5552.158115883477
2014-02-19,12661.412180537867,94.63890136908044,5541.60779377306
2014-02-20,12661.412180537867,93.3379125184147,5541.855179428505
2014-02-21,12661.412180537867,105.92146403560147,5546.96400790971
2014-02-24,12661.412180537867,96.45007890950973,5549.41147052863
2014-02-25,12661.412180537867,114.85474766160006,5553.127895020518
2014-02-26,12661.412180537867,97.40019218363284,5553.876178298176
2014-02-27,12661.412180537867,109.09216355868058,5537.402483411618
2014-02-28,12661.412180537867,94.25102545403527,5532.225768409137
2014-03-03,12661.412180537867,104.49919255916598,5528.342653284436
2014-03-04,12661.412180537867,115.69424281205335,5524.939145087313
2014-03-05,12661.412180537867,148.6165965097232,5513.353981446788
2014-03-06,12661.412180537867,146.15400440157904,5512.835293738905
2014-03-07,12661.412180537867,139.18694227408648,5503.242732377383
2014-03-10,12661.412180537867,137.31925116112583,5501.471037487483
2014-03-11,12661.412180537867,147.00097911565027,5495.727804366113
2014-03-12,12661.412180537867,120.62028517821435,5473.143783848732
2014-03-13,12661.412180537867,109.57658568492963,5467.877330026316
2014-03-14,12661.412180537867,90.3998703491666,5472.552310560228
2014-03-17,12661.412180537867,83.09842234476062,5470.104147128942
2014-03-18,12661.412180537867,67.68572942688725,5451.867653756623
2014-03-19,12661.412180537867,71.21418401049094,5450.0991356973645
2014-03-20,12661.412180537867,85.55059431759364,5443.0231431398915
2014-03-21,12661.412180537867,97.94741471081582,5435.305518378785
2014-03-24,12661.412180537867,87.21735843966408,5438.545790557064
2014-03-25,12661.412180537867,47.82057892301509,5415.748075715983
2014-03-26,12661.412180537867,65.84641364261833,5409.35302368612
2014-03-27,12661.412180537867,61.58329541582463,5414.253839139842
2014-03-28,12661.412180537867,57.35001700794977,5417.438140966493
2014-03-31,12661.412180537867,51.99847990525736,5413.098338445935
2014-04-01,12661.412180537867,45.22347423046935,5410.511552437711
2014-04-02,12661.412180537867,57.223535624957194,5415.818722339267
2014-04-03,12661.412180537867,96.63871931951735,5396.309075188447
2014-04-04,12661.412180537867,98.332515286529,5394.9127000485605
2014-04-07,12661.412180537867,104.42124898947827,5385.029245844169
2014-04-08,12661.412180537867,96.33533770361421,5393.21237066574
2014-04-09,12661.412180537867,92.64257971460808,5391.589608193225
2014-04-10,12661.412180537867,91.32737584863341,5389.962941793785
2014-04-11,12661.412180537867,90.6058529234934,5391.0218078037005
2014-04-14,12661.412180537867,96.23507701119904,5386.61161026355
2014-04-15,12661.412180537867,91.33813725166208,5382.1953809958295
2014-04-16,12661.412180537867,91.78833588716313,5381.802117570692
2014-04-17,12661.412180537867,104.4703130113587,5380.740345941409
2014-04-21,12661.412180537867,111.34663428994249,5384.61037819259
2014-04-22,12661.412180537867,118.08139369711516,5382.438408570067
2014-04-23,12661.412180537867,112.94987964561099,5381.093242857531
2014-04-24,12661.412180537867,98.40141375608702,5380.155853218241
2014-04-25,12661.412180537867,99.2782296660138,5380.492386550306
2014-04-28,12661.412180537867,97.37579056079947,5381.327949796807
2014-04-29,12661.412180537867,100.59760456448238,5381.736095811503
2014-04-30,12661.412180537867,100.92478531488334,5381.903548304057
2014-05-01,12661.412180537867,99.78142510657705,5382.776556013237
2014-05-02,12661.412180537867,105.92101878780336,5377.183036655395
2014-05-05,12661.412180537867,115.42914567355915,5371.022866173479
2014-05-06,12661.412180537867,134.30813053724182,5374.86267416661
2014-05-07,12661.412180537867,136.83437591751598,5371.705588122375
2014-05-08,12661.412180537867,148.27881452442358,5366.758896163357
2014-05-09,12661.412180537867,142.76877970695085,5367.296781445068
2014-05-12,12661.412180537867,155.3193727902249,5358.986161611565
2014-05-13,12661.412180537867,193.51777068100486,5346.528780714891
2014-05-14,12661.412180537867,199.64796679891182,5339.559089098869
2014-05-15,12661.412180537867,192.1843366221434,5346.756089695693
2014-05-16,12661.412180537867,176.86690000052903,5363.35661210671
2014-05-19,12661.412180537867,178.33048126462137,5363.823081588156
2014-05-20,12661.412180537867,172.0501999825378,5358.235583831698
2014-05-21,12661.412180537867,162.664007765687,5362.030868970296
2014-05-22,12661.412180537867,191.43540332526794,5350.680159427604
2014-05-23,12661.412180537867,196.01323149593603,5352.228409810188
2014-05-27,12661.412180537867,193.14681298127084,5352.9636211361
2014-05-28,12661.412180537867,188.81663713936496,5356.304460997465
2014-05-29,12661.412180537867,192.1071370255893,5350.535877347149
2014-05-30,12661.412180537867,206.33593153303937,5342.717456770057
2014-06-02,12661.412180537867,218.72569809104996,5340.090017417094
2014-06-03,12661.412180537867,217.4995044442656,5339.145412196934
2014-06-04,12661.412180537867,215.7506877127966,5337.581172207849
2014-06-05,12661.412180537867,200.6600384108592,5323.573965766856
2014-06-06,12661.412180537867,208.64487832227871,5323.514402756782
2014-06-09,12661.412180537867,214.0866239499721,5325.20088155437
2014-06-10,12661.412180537867,225.04225231501502,5322.8764614698275
2014-06-11,12661.412180537867,218.38857274277302,5318.634704637836
2014-06-12,12661.412180537867,224.06549788282538,5315.689936249376
2014-06-13,12661.412180537867,200.71637355493365,5318.090115904443
2014-06-16,12661.412180537867,207.43633725272034,5319.862921879522
2014-06-17,12661.412180537867,207.45468356411635,5319.861926663548
2014-06-18,12661.412180537867,211.7217663860746,5322.884314279271
2014-06-19,12661.412180537867,212.92653964968702,5322.684116543582
2014-06-20,12661.412180537867,261.96127262525516,5318.94644767417
2014-06-23,12661.412180537867,254.47847563763833,5316.939422426708
2014-06-24,12661.412180537867,267.6503625453719,5307.883611478331
2014-06-25,12661.412180537867,254.9910181450381,5314.301668786485
2014-06-26,12661.412180537867,252.6512468814862,5313.94573002249
2014-06-27,12661.412180537867,261.5148961462015,5303.325991069326
2014-06-30,12661.412180537867,227.03858195719957,5238.865389257839
2014-07-01,12661.412180537867,230.97813587516367,5239.547466284987
2014-07-02,12661.412180537867,230.8447175205331,5239.348444621574
2014-07-03,12661.412180537867,258.25232111337414,5229.0340165408425
2014-07-07,12644.327267277,288.9294406588558,5191.920502460012
2014-07-08,12644.327267277,291.75331206918867,5189.1511135698
2014-07-09,12644.327267277,291.7061422535308,5189.198843573806
2014-07-10,12644.327267277,294.2507422870486,5189.5709861484775
2014-07-11,12644.327267277,305.69520770161216,5182.145996052597
2014-07-14,12644.327267277,285.1865670752847,5170.861168127451
2014-07-15,12644.327267277,280.60543347918156,5173.145055355459
2014-07-16,12644.327267277,268.926270954235,5171.661059247908
2014-07-17,12644.327267277,264.40826147052866,5171.187433555964
2014-07-18,12644.327267277,251.05971069835425,5173.541982665603
2014-07-21,12644.327267277,268.5535466862471,5162.212469146
2014-07-22,12644.327267277,286.1916582311414,5144.262132903166
2014-07-23,12644.327267277,293.22612149037656,5139.942504866853
2014-07-24,12644.327267277,289.2062298069715,5140.3437742090255
2014-07-25,12644.327267277,269.2393063183194,5120.904844420458
2014-07-28,12644.327267277,220.11241406528927,5017.940237764181
2014-07-29,12644.327267277,228.72112160095364,5014.5276046600475
2014-07-30,12644.327267277,234.4223080131009,5007.624162206807
2014-07-31,12644.327267277,243.3380950017147,5014.933496479778
2014-08-01,12644.327267277,253.9342248794589,4997.949303572564
2014-08-04,12644.327267277,211.7530077083487,4938.234195753134
2014-08-05,12644.327267277,197.10642774180303,4931.060955547057
2014-08-06,12644.327267277,178.7584447009914,4926.299641710228
2014-08-07,12644.327267277,180.20359231398473,4926.845676491621
2014-08-08,12644.327267277,168.9943699857988,4930.43321744813
2014-08-11,12644.327267277,179.60738229923427,4925.9044573391675
2014-08-12,12644.327267277,185.6418812949838,4923.496167022586
2014-08-13,12644.327267277,173.28444537702822,4914.380000077579
2014-08-14,12644.327267277,156.235438772379,4907.1139132969465
2014-08-15,12644.327267277,142.2405099702997,4903.19475143312
2014-08-18,12644.327267277,128.36554277216644,4913.905067972421
2014-08-19,12644.327267277,135.46608152958913,4918.610755592439
2014-08-20,12644.327267277,136.104857138586,4918.672192753348
2014-08-21,12644.327267277,141.4290468757807,4917.931712299742
2014-08-22,12644.327267277,135.34603615993868,4921.892265762502
2014-08-25,12644.327267277,130.06459444836227,4921.586876111233
2014-08-26,12644.327267277,135.11773580308682,4918.567948732569
2014-08-27,12644.327267277,139.09339633265802,4918.452924966069
2014-08-28,12644.327267277,131.5912938953865,4918.722185336153
2014-08-29,12644.327267277,140.45695464094769,4912.578555602347
2014-09-02,12644.327267277,139.6897720955932,4912.343832435463
2014-09-03,12644.327267277,137.54275354387312,4911.921931751151
2014-09-04,12644.327267277,139.70087799755044,4911.647747058866
2014-09-05,12644.327267277,113.87498696429827,4870.4139185439235
2014-09-08,12644.327267277,99.3360287309861,4862.464240761221
2014-09-09,12644.327267277,95.48099253154194,4862.97496374839
2014-09-10,12644.327267277,87.32209224274274,4862.098601431519
2014-09-11,12644.327267277,77.2468096123377,4849.565703844838
2014-09-12,12644.327267277,49.49852235237039,4823.623430082182
2014-09-15,12644.327267277,24.8476495242,4777.872021934486
2014-09-16,12644.327267277,31.86815189477577,4774.75921184281
2014-09-17,12644.327267277,36.61630943667392,4774.933381327054
2014-09-18,12644.327267277,42.4447341433782,4772.046368279379
2014-09-19,12644.327267277,42.32209949941569,4772.02366798074
2014-09-22,12644.327267277,42.23242238936426,4772.094282971643
2014-09-23,12644.327267277,38.11315710990113,4776.749787396779
2014-09-24,12644.327267277,45.25235405607894,4770.318298447338
2014-09-25,12644.327267277,66.331092088106,4758.967735876188
2014-09-26,12644.327267277,37.03328144322918,4769.784642958838
2014-09-29,12644.327267277,43.21226520570525,4769.422187284126
2014-09-30,12644.327267277,33.990147185542995,4776.38357975668
2014-10-01,12644.327267277,29.71468105797466,4776.626489179978
2014-10-02,12644.327267277,2.0687331716181507,4805.772175175995
2014-10-03,12644.327267277,-13.288285831643531,4792.176724984708
2014-10-06,12644.327267277,-23.04131879407593,4789.073842989178
2014-10-07,12644.327267277,-24.42643821604675,4789.3988922806675
2014-10-08,12644.327267277,-23.788992248936164,4788.65133242884
2014-10-09,12644.327267277,-1.0323441955172312,4789.919245761946
2014-10-10,12644.327267277,-3.7432971766538685,4791.122375876487
2014-10-13,12644.327267277,-8.047598235590675,4793.827530993091
2014-10-14,12644.327267277,-4.497765003067397,4794.260969466955
2014-10-15,12644.327267277,-37.95054788070658,4797.709510917892
2014-10-16,12644.327267277,-68.26156972423246,4781.493463604665
2014-10-17,12644.327267277,-59.74938173632248,4786.459164870662
2014-10-20,11943.68123075626,-28.99281784864349,4754.641045378905
2014-10-21,11943.68123075626,-38.34256246895797,4753.720588943348
2014-10-22,11943.68123075626,-13.375565911628044,4751.98968198448
2014-10-23,11943.68123075626,-11.958966891912715,4751.273925890144
2014-10-24,11943.68123075626,-22.224998984516553,4742.38751142852
2014-10-27,11943.68123075626,-3.8850463415503618,4732.214903903941
2014-10-28,11943.68123075626,-4.144585434726483,4732.362015784269
2014-10-29,11943.68123075626,4.914757189047435,4739.879627060647
2014-10-30,11943.68123075626,19.215585242309142,4727.712114920134
2014-10-31,11943.68123075626,16.795112007772477,4729.505260675817
2014-11-03,11943.68123075626,-0.15911772086823475,4706.759105695913
2014-11-04,11177.57967752274,21.206943917900134,4672.1335554514135
2014-11-05,11177.57967752274,28.482567159379453,4664.476913060612
2014-11-06,11177.57967752274,31.39788028701747,4664.00079877013
2014-11-07,11177.57967752274,41.31668539127123,4665.315537827648
2014-11-10,11177.57967752274,48.174566509372305,4662.883068161586
2014-11-11,11177.57967752274,56.807401216748794,4663.732623793697
2014-11-12,11177.57967752274,68.90890473158191,4664.683531793829
2014-11-13,11177.57967752274,63.70888736873557,4665.307850828413
2014-11-14,11177.57967752274,45.817340197899874,4653.253345686385
2014-11-17,11177.57967752274,47.5177247997855,4654.587824704035
2014-11-18,11177.57967752274,43.769491250987706,4652.115455483447
2014-11-19,11177.57967752274,31.05034498911185,4641.893028299031
2014-11-20,11177.57967752274,38.968936232026785,4640.6354615749415
2014-11-21,11177.57967752274,48.14659849575331,4638.473487038698
2014-11-24,11177.57967752274,54.57211541399416,4636.067827538495
2014-11-25,11177.57967752274,43.75516930535098,4639.355066384894
2014-11-26,11177.57967752274,43.56897614613915,4639.408827251504
2014-11-28,11177.57967752274,40.646726143831735,4639.825302534389
2014-12-01,11943.68123075626,22.270802761885744,4672.547220669113
2014-12-02,11943.68123075626,43.710619666381156,4695.283468177372
2014-12-03,11943.68123075626,51.35384175436353,4697.950001969588
2014-12-04,11943.68123075626,50.557440057506724,4697.387617604535
2014-12-05,11943.68123075626,40.257952118599086,4705.595865701424
2014-12-08,11943.68123075626,36.84103437010257,4702.808421250951
2014-12-09,11943.68123075626,14.226051597713086,4699.325987508392
2014-12-10,11943.68123075626,23.85651546865076,4699.640104102877
2014-12-11,11943.68123075626,20.322290355626407,4702.936512439002
2014-12-12,11943.68123075626,8.418526963324082,4687.191039196814
2014-12-15,12644.447205300738,-24.83081822289064,4718.01109211023
2014-12-16,12644.447205300738,-31.887616557764677,4724.088694933921
2014-12-17,12644.447205300738,-32.82096040671968,4724.625423684707
2014-12-18,12644.447205300738,-12.911660630315309,4726.0758145411355
2014-12-19,12644.447205300738,7.307615286141372,4748.156197117308
2014-12-22,12644.447205300738,1.3348623780822964,4752.050690409426
2014-12-23,12644.447205300738,-4.547600794797384,4755.83801121576
2014-12-24,12644.447205300738,14.497116223555174,4767.176277194838
2014-12-26,12644.447205300738,1.1004166284165695,4757.433563346725
2014-12-29,12644.447205300738,-20.13234913000616,4715.92576808907
2014-12-30,12644.447205300738,-30.29822521926198,4720.745206843046
2014-12-31,12644.447205300738,-26.07380503724952,4720.143886262683
2015-01-02,12644.447205300738,-31.668421777710144,4725.311662157958
2015-01-05,12644.447205300738,-38.85940742536375,4729.227522918282
2015-01-06,12644.447205300738,-51.71530731927033,4740.4194792877215
2015-01-07,12644.447205300738,-71.90367582491349,4732.197968118036
2015-01-08,12644.447205300738,-82.25768300453055,4734.807511652967
2015-01-09,12644.447205300738,-75.95693813148932,4739.56332644799
2015-01-12,12644.447205300738,-81.55709897481961,4741.558795424753
2015-01-13,12644.447205300738,-77.02703548462814,4739.786814116083
2015-01-14,12644.447205300738,-96.59011504336878,4729.502968798617
2015-01-15,12644.447205300738,-109.57534296561616,4736.302516658886
2015-01-16,12644.447205300738,-116.6294163514781,4735.152483800893
2015-01-20,12644.447205300738,-108.40316731604716,4739.224943488748
2015-01-21,12644.447205300738,-100.03932425591503,4740.948276046619
2015-01-22,12644.447205300738,-117.0254664172469,4716.6884545978755
2015-01-23,12644.447205300738,-108.54344641916205,4724.437963274774
2015-01-26,12672.503470619791,-151.5469757761862,4773.717663475662
2015-01-27,12672.503470619791,-166.5673437133125,4782.291766537982
2015-01-28,12672.503470619791,-153.14984032510267,4787.188469015691
2015-01-29,12672.503470619791,-176.0624422857085,4793.05146549037
2015-01-30,12672.503470619791,-178.87009774839092,4795.346426722365
2015-02-02,12672.503470619791,-184.22415552442337,4793.652796041786
2015-02-03,12672.503470619791,-188.63783136581094,4795.758190128247
2015-02-04,12672.503470619791,-169.16931769930923,4802.811808399589
2015-02-05,12672.503470619791,-155.3510478948042,4809.35762288368
2015-02-06,12672.503470619791,-151.25981844411177,4807.09163762733
2015-02-09,12672.503470619791,-148.88356082206377,4809.403174184423
2015-02-10,12672.503470619791,-156.63552700753038,4809.083673274644
2015-02-11,12672.503470619791,-137.63659505886693,4808.222793464653
2015-02-12,12672.503470619791,-135.16671162400104,4805.64705403652
2015-02-13,12672.503470619791,-140.78261046295816,4802.979323069323
2015-02-17,12672.503470619791,-109.31766408204925,4792.615282295577
2015-02-18,12672.503470619791,-88.64615376021064,4795.127719754993
2015-02-19,12672.503470619791,-96.23074600496909,4798.261094751111
2015-02-20,12672.503470619791,-75.82304463342876,4784.112701771772
2015-02-23,12672.503470619791,-75.0250899679199,4784.263364658918
2015-02-24,12672.503470619791,-91.53800492174715,4787.85731183462
2015-02-25,12672.503470619791,-97.74678441885816,4793.927933035853
2015-02-26,12672.503470619791,-93.73390227315839,4791.34389998267
2015-02-27,12672.503470619791,-85.0706910018099,4798.568450549754
2015-03-02,12672.503470619791,-111.4380080275411,4802.69025069182
2015-03-03,12672.503470619791,-111.18763481644949,4803.026500587532
2015-03-04,12672.503470619791,-112.68417286934418,4802.347449060569
2015-03-05,12672.503470619791,-135.7580511689249,4785.3010450726815
2015-03-06,12672.503470619791,-144.349948660961,4787.1118287058825
2015-03-09,12672.503470619791,-146.15599266397393,4787.842304790379
2015-03-10,12672.503470619791,-159.02032055328507,4794.727796579414
2015-03-11,12672.503470619791,-182.1513965842158,4815.32994266406
2015-03-12,12672.503470619791,-195.4322555155859,4826.871035334039
2015-03-13,12672.503470619791,-192.29635250647814,4824.610118244177
2015-03-16,12672.503470619791,-183.97095329774567,4826.604979138094
2015-03-17,12672.503470619791,-190.6675907213392,4827.5356395287945
2015-03-18,12672.503470619791,-201.122944229138,4830.434949173307
2015-03-19,12672.503470619791,-198.46684210057376,4829.735498574745
2015-03-20,12672.503470619791,-186.24876559379533,4840.05731565215
2015-03-23,12672.503470619791,-182.29808513570822,4838.246287377012
2015-03-24,12672.503470619791,-170.2405878790896,4839.2797354864915
2015-03-25,12672.503470619791,-170.83329257274693,4839.6525942869275
2015-03-26,12672.503470619791,-169.1541418280624,4839.499391825617
2015-03-27,12672.503470619791,-150.46319255905547,4856.4195399622795
2015-03-30,12672.503470619791,-146.96998150389803,4850.235161016313
2015-03-31,12672.503470619791,-137.64823080858395,4848.3711676179055
2015-04-01,12672.503470619791,-146.4184923827953,4853.685703503102
2015-04-02,12672.503470619791,-165.7685882757515,4854.173899500999
2015-04-06,12672.503470619791,-167.09086300969128,4852.751058109948
2015-04-07,12672.503470619791,-161.4362312216916,4860.995951627188
2015-04-08,12672.503470619791,-173.55169146132394,4869.64494036545
2015-04-09,12644.447205300738,-139.94017553669607,4805.9312550392615
2015-04-10,11943.68123075626,-72.91783896930725,4597.569895473387
2015-04-13,11943.68123075626,-85.15844900426409,4587.2162671556025
2015-04-14,11943.68123075626,-91.77517401140003,4593.295783182675
2015-04-15,11943.68123075626,-97.82733725969985,4598.158933903723
2015-04-16,11943.68123075626,-93.40859215289814,4603.203703653138
2015-04-17,11943.68123075626,-104.82043695898336,4599.521748315627
2015-04-20,11943.68123075626,-118.19352251156647,4600.348614626796
2015-04-21,11943.68123075626,-109.28693488148112,4605.78658429291
2015-04-22,11943.68123075626,-124.98737247311236,4589.9010979831455
2015-04-23,11943.68123075626,-106.25032573886821,4586.474631797253
2015-04-24,11943.68123075626,-115.36847290546675,4581.370401943738
2015-04-27,11943.68123075626,-124.97892845331796,4581.576697661407
2015-04-28,11943.68123075626,-102.49423430231722,4577.276768114517
2015-04-29,11943.68123075626,-92.50666483036458,4590.424676287043
2015-04-30,11943.68123075626,-107.20999970814508,4568.3756807046875
2015-05-01,11943.68123075626,-128.38330412419748,4576.18374394325
2015-05-04,11943.68123075626,-103.83311602497223,4605.800449666815
2015-05-05,11943.68123075626,-100.15601528878268,4610.325653345165
2015-05-06,11943.68123075626,-103.7217507058669,4612.795572285708
2015-05-07,11943.68123075626,-105.80582450948768,4611.25635894308
2015-05-08,11943.68123075626,-109.54424517114434,4613.341972814555
2015-05-11,11943.68123075626,-122.6150618587454,4603.422696802076
2015-05-12,11943.68123075626,-98.71912390653519,4604.923107561671
2015-05-13,11943.68123075626,-78.6265250845232,4583.250987458781
2015-05-14,11943.68123075626,-79.88774317971439,4581.879880911516
2015-05-15,11943.68123075626,-89.22169048655665,4569.253466499317
2015-05-18,11943.68123075626,-90.07362729214404,4570.169045768523
2015-05-19,11943.68123075626,-75.45932564482786,4588.6742552017
2015-05-20,11943.68123075626,-85.2207872109953,4590.877643682671
2015-05-21,11943.68123075626,-91.42466229969727,4594.795296671099
2015-05-22,11943.68123075626,-131.05862452063712,4566.307478686838
2015-05-26,11943.68123075626,-123.92812519721517,4564.0204328946675
2015-05-27,12644.447205300738,-163.41818679498274,4587.5398032209805
2015-05-28,12644.447205300738,-146.6986661995706,4575.543821838415
2015-05-29,12644.447205300738,-155.4971202247647,4572.802463794467
2015-06-01,12644.447205300738,-152.89317607984069,4571.552482648849
2015-06-02,12644.447205300738,-124.4262273508493,4565.7966104358475
2015-06-03,12644.447205300738,-120.21756425709222,4570.29201982886
2015-06-04,12644.447205300738,-114.84900928912903,4583.437198361551
2015-06-05,12644.447205300738,-140.84714176790192,4590.7937817164875
2015-06-08,12644.447205300738,-122.60284368411604,4590.495465753768
2015-06-09,12644.447205300738,-140.7190157467189,4590.657109988192
2015-06-10,12644.447205300738,-128.62757647054553,4597.939049686878
2015-06-11,12644.447205300738,-95.63839219282274,4626.891049703282
2015-06-12,12644.447205300738,-122.51653733616199,4638.903199048739
2015-06-15,12644.447205300738,-132.8512097700219,4643.8700620676345
2015-06-16,12644.447205300738,-143.77327555158723,4644.33835216049
2015-06-17,11943.947824546167,-121.94554759943227,4610.997613608551
2015-06-18,11943.947824546167,-140.09235743303213,4591.089641821997
2015-06-19,11943.947824546167,-108.281502890945,4631.108812717878
2015-06-22,11943.947824546167,-131.3762231146492,4645.5574996507075
2015-06-23,11177.57967752274,-90.70954960696615,4607.419709078072
2015-06-24,11177.57967752274,-68.03733040199536,4586.785978797955
2015-06-25,11177.57967752274,-103.69205959010665,4588.28190947655
2015-06-26,11177.57967752274,-106.36456283602529,4587.00782357445
2015-06-29,11177.57967752274,-84.24940542255956,4597.112348289103
2015-06-30,11943.947824546167,-124.65247119291514,4659.426825693035
2015-07-01,11943.947824546167,-136.35480254844782,4639.453376629445
2015-07-02,11943.947824546167,-123.25964302424984,4639.426733285124
2015-07-06,11943.947824546167,-144.1256444622668,4636.700573488372
2015-07-07,11943.947824546167,-169.90838676382072,4656.226695684109
2015-07-08,11943.947824546167,-203.13027641686205,4622.78314141724
2015-07-09,11943.947824546167,-209.91273341695415,4626.675785295161
2015-07-10,11943.947824546167,-185.41194051395252,4649.179773073665
2015-07-13,11943.947824546167,-165.35013395186877,4661.413811725289
2015-07-14,11943.947824546167,-157.84789375588474,4661.188720981561
2015-07-15,11943.947824546167,-181.039477640907,4658.446234297986
2015-07-16,11943.947824546167,-188.63611634359572,4663.823212898643
2015-07-17,11943.947824546167,-209.09244682457543,4644.849738660629
2015-07-20,11943.947824546167,-228.3831873633025,4648.424086806865
2015-07-21,11943.947824546167,-240.9672525063632,4652.03210662403
2015-07-22,11943.947824546167,-255.22673154537216,4654.66890291313
2015-07-23,11943.947824546167,-256.5307066502789,4654.956932860244
2015-07-24,11943.947824546167,-273.45678874081216,4664.0553768594245
2015-07-27,11943.947824546167,-271.7230098474722,4664.531606094099
2015-07-28,11943.947824546167,-275.4954281250914,4667.498445825882
2015-07-29,11943.947824546167,-290.12988867117315,4638.388291594278
2015-07-30,11943.947824546167,-262.43452116603993,4615.913244671961
2015-07-31,11943.947824546167,-277.9210673846714,4620.282751080335
2015-08-03,11943.947824546167,-281.3622466950677,4624.7381592593865
2015-08-04,11943.947824546167,-282.59809895868585,4626.00090683921
2015-08-05,11943.947824546167,-280.15059421291835,4628.7211659378045
2015-08-06,11943.947824546167,-274.94132866444716,4629.591562902298
2015-08-07,11943.947824546167,-295.2000059548552,4623.3998468575
2015-08-10,11943.947824546167,-311.51511393503387,4621.339944058335
2015-08-11,11943.947824546167,-292.12001254378845,4646.183922551913
2015-08-12,11943.947824546167,-318.5260413448359,4642.754174508308
2015-08-13,11943.947824546167,-329.08014319034424,4629.2839621453695
2015-08-14,11943.947824546167,-321.4420721716731,4633.634728089608
2015-08-17,11943.947824546167,-313.34430786886486,4632.1604696244685
2015-08-18,11943.947824546167,-326.03460361236876,4630.374357025333
2015-08-19,11943.947824546167,-327.4706825395536,4629.35161518432
2015-08-20,11943.947824546167,-333.6487264223998,4634.00797256957
2015-08-21,11943.947824546167,-325.52895533719095,4635.751444218395
2015-08-24,11943.947824546167,-310.40937295292014,4634.442733593984
2015-08-25,11943.947824546167,-318.0873492457525,4628.895937293213
2015-08-26,11943.947824546167,-289.9855562088603,4640.709070126094
2015-08-27,11943.947824546167,-288.786398165692,4640.344808604606
2015-08-28,11943.947824546167,-318.6671953692407,4626.942470113117
2015-08-31,11943.947824546167,-315.81943484707415,4627.202164374573
2015-09-01,11943.947824546167,-317.04689764307557,4626.713803398384
2015-09-02,11943.947824546167,-318.96698762635725,4626.896084745146
2015-09-03,11943.947824546167,-316.70266711855464,4627.195261244222
2015-09-04,11943.947824546167,-334.4896826857438,4628.670269703124
2015-09-08,11943.947824546167,-344.73073575334627,4635.910294301634
2015-09-09,11943.947824546167,-318.40290960796153,4625.899889831122
2015-09-10,11943.947824546167,-317.0730534288487,4625.7759235799695
2015-09-11,11943.947824546167,-311.69991597479765,4626.759634602357
2015-09-14,11943.947824546167,-314.71955930775357,4627.087124369978
2015-09-15,11943.947824546167,-318.97109505763126,4625.8775965860705
2015-09-16,11943.947824546167,-318.66637056962924,4626.39829145756
2015-09-17,11943.947824546167,-285.20400247755344,4608.22677879975
2015-09-18,11943.947824546167,-286.2110809738512,4609.205695268013
2015-09-21,11943.947824546167,-287.5257524420058,4610.84077360282
2015-09-22,11943.947824546167,-280.3623162307661,4609.507749591395
2015-09-23,11943.947824546167,-305.9860239369761,4628.599117381563
2015-09-24,11943.947824546167,-302.7077284179582,4628.365713941029
2015-09-25,11943.947824546167,-288.9554209842777,4631.2599486289655
2015-09-28,11943.947824546167,-281.0049244519816,4630.379398155296
2015-09-29,11943.947824546167,-304.54426617424724,4648.304847853368
2015-09-30,11943.947824546167,-309.8793372251116,4652.463239478128
2015-10-01,11943.947824546167,-320.06317148662237,4646.934721185195
2015-10-02,11943.947824546167,-323.86835362243767,4649.352711535068
2015-10-05,11943.947824546167,-312.52424049338504,4648.7329524816
2015-10-06,11943.947824546167,-290.4653269820091,4671.135393078252
2015-10-07,11943.947824546167,-300.38392384659943,4667.768434631963
2015-10-08,11943.947824546167,-287.8672005819079,4673.756806304146
2015-10-09,11943.947824546167,-284.5260479134048,4676.025204082146
2015-10-12,11943.947824546167,-280.9477532942879,4679.237307811854
2015-10-13,11943.947824546167,-277.134489837739,4681.343074057215
2015-10-14,11943.947824546167,-295.14905262853847,4689.873319062887
2015-10-15,11943.947824546167,-304.56192163070364,4689.779121809741
2015-10-16,11943.947824546167,-291.2702914251292,4709.167631339516
2015-10-19,11943.947824546167,-295.14590372093306,4710.331692158243
2015-10-20,11943.947824546167,-290.60406052870127,4708.214391407166
2015-10-21,11943.947824546167,-293.51823093180377,4705.635681787256
2015-10-22,11943.947824546167,-316.41061786320756,4716.076451180913
2015-10-23,11943.947824546167,-301.53132993302086,4733.458545501433
2015-10-26,11943.947824546167,-293.3229988638441,4736.609099324879
2015-10-27,11943.947824546167,-298.40979256869184,4739.647661930598
2015-10-28,11943.947824546167,-292.3150818614505,4737.498682025429
2015-10-29,11943.947824546167,-290.9754998807084,4738.428506747126
2015-10-30,11943.947824546167,-281.7311360469767,4738.937977237134
2015-11-02,11943.947824546167,-294.98550513910675,4737.934139936475
2015-11-03,11943.947824546167,-285.59286975694465,4744.798644170177
2015-11-04,11943.947824546167,-268.6236710955085,4728.975645479782
2015-11-05,11943.947824546167,-292.78123115751544,4709.7480100500225
2015-11-06,11943.947824546167,-294.4006912782368,4710.596608842829
2015-11-09,11943.947824546167,-290.6403335620402,4711.570356563025
2015-11-10,11943.947824546167,-298.72127818512286,4713.049197753744
2015-11-11,11943.947824546167,-309.21132437306886,4715.136059917724
2015-11-12,11943.947824546167,-320.54425270194884,4713.575123748377
2015-11-13,11943.947824546167,-309.67020351784987,4704.216358828821
2015-11-16,11943.947824546167,-321.95730747382686,4705.57497972621
2015-11-17,11943.947824546167,-327.0579824965178,4705.516515091241
2015-11-18,11943.947824546167,-339.36190540685743,4711.681340490332
2015-11-19,11943.947824546167,-331.70205946141084,4715.472039831912
2015-11-20,11943.947824546167,-333.50559051667506,4715.044061549537
2015-11-23,11943.947824546167,-321.63110555214837,4713.052784948622
2015-11-24,11943.947824546167,-339.6734512854175,4715.213121901017
2015-11-25,11943.947824546167,-345.6460883395682,4711.375289401548
2015-11-27,11943.947824546167,-346.01268168614826,4711.559169687339
2015-11-30,11943.947824546167,-349.228174823315,4713.623997535687
2015-12-01,11943.947824546167,-369.4815706524764,4696.309320973178
2015-12-02,11943.947824546167,-368.799609757161,4696.2057878471305
2015-12-03,11943.947824546167,-386.4728793971683,4696.639481612316
2015-12-04,11943.947824546167,-369.09857085276786,4720.678065634792
2015-12-07,11943.947824546167,-342.89012863225037,4760.062792328592
2015-12-08,11943.947824546167,-366.43322253152337,4785.157511760967
2015-12-09,11943.947824546167,-364.9200055541155,4784.251216664193
2015-12-10,11943.947824546167,-369.70868794943516,4784.139289062517
2015-12-11,11943.947824546167,-366.2758326452689,4786.819648933969
2015-12-14,11943.947824546167,-374.528145129632,4799.541555779192
2015-12-15,11943.947824546167,-371.5248419393242,4802.379274450612
2015-12-16,11943.947824546167,-354.1257201152329,4804.414336435125
2015-12-17,11943.947824546167,-343.4213285108903,4809.266742505055
2015-12-18,12671.49126310001,-385.16565739258806,4853.825824999648
2015-12-21,12671.49126310001,-404.57667184864715,4848.564484216124
2015-12-22,12671.49126310001,-403.7045759047285,4849.346087416255
2015-12-23,12671.49126310001,-403.3517037701773,4849.5941351597185
2015-12-24,12671.49126310001,-383.3433589318765,4851.566838154193
2015-12-28,12671.49126310001,-402.7056373926336,4836.130339077898
2015-12-29,12671.49126310001,-403.34764728836075,4836.472864002206
2015-12-30,12671.49126310001,-387.02790785542953,4855.548127307448
2015-12-31,12671.49126310001,-389.6629312598127,4858.2216200458115
2016-01-04,12671.49126310001,-401.8254373519736,4865.141415803521
2016-01-05,12671.49126310001,-406.1898579049056,4864.242087692698
2016-01-06,12671.49126310001,-399.5605219538612,4862.604624980167
2016-01-07,12671.49126310001,-407.93658244997437,4867.306513570718
2016-01-08,12671.49126310001,-388.15536752592806,4858.443895253188
2016-01-11,12671.49126310001,-393.0674982557079,4856.873997082772
2016-01-12,12671.49126310001,-397.8326556203546,4855.031212833857
2016-01-13,12671.49126310001,-404.0431769173617,4862.38104276495
2016-01-14,12671.49126310001,-405.8787577181811,4862.459487891887
2016-01-15,12671.49126310001,-410.17897739459784,4863.458094746897
2016-01-19,12671.49126310001,-416.0959438663542,4864.330835650901
2016-01-20,12671.49126310001,-406.9783271598466,4864.051119093299
2016-01-21,12671.49126310001,-403.64488240555477,4864.365459750385
2016-01-22,12671.49126310001,-400.5370215802572,4863.823328255529
2016-01-25,12671.49126310001,-395.0362497947053,4864.473913881262
2016-01-26,12671.49126310001,-396.9051775193567,4866.222759646529
2016-01-27,12671.49126310001,-384.40553118929444,4871.044575546831
2016-01-28,12671.49126310001,-374.89779845431764,4865.588407238747
2016-01-29,12671.49126310001,-371.5155702932252,4863.353504389193
2016-02-01,12671.49126310001,-367.8096451917641,4865.543724446687
2016-02-02,12671.49126310001,-375.0614465221299,4859.57777007488
2016-02-03,12671.49126310001,-403.8436505817632,4885.069656024367
2016-02-04,12671.49126310001,-396.99029688934365,4890.773796526563
2016-02-05,12671.49126310001,-385.7582129674867,4900.7825883220485
2016-02-08,12671.49126310001,-401.84903122568863,4885.248795979162
2016-02-09,12671.49126310001,-427.76654992580563,4896.294933905172
2016-02-10,12671.49126310001,-421.4812093582603,4894.086113398644
2016-02-11,12671.49126310001,-434.37803485756285,4881.585225271485
2016-02-12,12671.49126310001,-427.43723762584744,4880.932958042556
2016-02-16,12671.49126310001,-403.7758577811599,4905.39212769375
2016-02-17,12671.49126310001,-419.14224509656924,4898.916007315271
2016-02-18,12671.49126310001,-396.5042369371657,4909.876812342
2016-02-19,12671.49126310001,-411.6116570986046,4902.308912068486
2016-02-22,12671.49126310001,-406.5120074568047,4899.377872306329
2016-02-23,12671.49126310001,-393.0780655718809,4896.592470728384
2016-02-24,12671.49126310001,-402.4241347962898,4903.512123457342
2016-02-25,12671.49126310001,-397.1924483464614,4905.946706257033
2016-02-26,12671.49126310001,-395.55660488341823,4906.627356705944
2016-02-29,12671.49126310001,-406.539289589386,4897.468422727129
2016-03-01,12671.49126310001,-417.43334502986335,4901.079905601715
2016-03-02,12671.49126310001,-396.95037813749934,4948.992748224223
2016-03-03,12671.49126310001,-397.34491960180236,4948.579029640509
2016-03-04,12671.49126310001,-384.6654567773744,4955.937310178901
2016-03-07,12671.49126310001,-366.306152201128,4967.763080605071
2016-03-08,12671.49126310001,-355.9295335158257,4973.85612962721
2016-03-09,12671.49126310001,-363.0930889040118,4984.605131248027
2016-03-10,12671.49126310001,-354.33894540631195,4989.247839281187
2016-03-11,12671.49126310001,-348.8417109493113,4994.099546709254
2016-03-14,12671.49126310001,-328.96724931042996,5008.165517491302
2016-03-15,12671.49126310001,-340.36906493814877,5011.668620091029
2016-03-16,12671.49126310001,-344.5751281776936,5012.423271446819
2016-03-17,12671.49126310001,-326.74762204733827,5014.43299731314
2016-03-18,12671.49126310001,-311.4757914366896,5006.76631603497
2016-03-21,12671.49126310001,-316.04709262312565,5005.102971514359
2016-03-22,12671.49126310001,-299.59956871808805,4995.903686256175
2016-03-23,12671.49126310001,-287.5874356116858,4991.642579570397
2016-03-24,12736.979457863792,-321.3473484604263,5025.655000295741
2016-03-28,12736.979457863792,-320.92012934120555,5025.726972092499
2016-03-29,12736.979457863792,-333.6983698556519,5019.166956471491
2016-03-30,12736.979457863792,-342.2869604560597,5009.811949507151
2016-03-31,12736.979457863792,-330.08664043622616,5008.513430489833
2016-04-01,12736.979457863792,-322.5826736716568,5001.14318280411
2016-04-04,12736.979457863792,-300.22879868355375,4994.581019035697
2016-04-05,12736.979457863792,-311.1928237667067,4996.5582157383205
2016-04-06,12736.979457863792,-336.0564683809491,4993.939982716529
2016-04-07,12736.979457863792,-307.83262921699816,4990.504405508716
2016-04-08,12736.979457863792,-316.3013734496819,4998.180444339096
2016-04-11,12736.979457863792,-320.7223623500468,4995.583868158498
2016-04-12,12736.979457863792,-304.5341306916555,4995.1677394397475
2016-04-13,12736.979457863792,-290.1869736868872,5014.422017963997
2016-04-14,12736.979457863792,-298.44860815850905,5009.335995546496
2016-04-15,12736.979457863792,-305.59814014030786,5011.3658677748535
2016-04-18,12736.979457863792,-310.9662067046803,5012.217106006685
2016-04-19,12736.979457863792,-292.22482714466156,5018.962095570712
2016-04-20,12736.979457863792,-283.9703684359849,5026.7519504839875
2016-04-21,12736.979457863792,-269.2513774192212,5030.331542777138
2016-04-22,12736.979457863792,-269.9383474208322,5030.101281883851
2016-04-25,12736.979457863792,-283.23050783567965,5030.405692458918
2016-04-26,12736.979457863792,-272.0895531214294,5027.688636040439
2016-04-27,12736.979457863792,-257.10955850737383,5029.944198936536
2016-04-28,12736.979457863792,-263.2819283086675,5032.734612369637
2016-04-29,12736.979457863792,-270.96506464317406,5026.180854985474
2016-05-02,12736.979457863792,-252.25503366260781,5022.466696908318
2016-05-03,12736.979457863792,-241.20945110619428,5030.604023176206
2016-05-04,12736.979457863792,-249.4961215687843,5036.511475846753
2016-05-05,12736.979457863792,-257.55173895334326,5039.744414542564
2016-05-06,12736.979457863792,-279.9429063917204,5027.920723940522
2016-05-09,12736.979457863792,-266.94682054981473,5025.819835903959
2016-05-10,12736.979457863792,-268.0091746695396,5027.2620228239275
2016-05-11,12736.979457863792,-245.42893718739566,5011.326942539298
2016-05-12,12736.979457863792,-255.56596131885024,5011.396284872445
2016-05-13,12736.979457863792,-262.1525567225104,5008.791403205759
2016-05-16,12736.979457863792,-261.21431353074433,5008.069483214628
2016-05-17,12736.979457863792,-266.7075633438251,5003.504451390217
2016-05-18,12736.979457863792,-271.65789062140084,5001.346740674254
2016-05-19,12736.979457863792,-259.02455195054796,5005.221549307004
2016-05-20,12736.979457863792,-258.22006724394896,5004.487940945205
2016-05-23,12736.979457863792,-243.4363858168175,4991.427671514311
2016-05-24,12736.979457863792,-247.8240647022397,4991.45132237183
2016-05-25,12736.979457863792,-257.6509909617159,4991.499618538734
2016-05-26,12736.979457863792,-267.8833403253634,4987.962455982673
2016-05-27,12736.979457863792,-285.49112688154463,4986.47825393156
2016-05-31,12736.979457863792,-287.2967216726864,4986.039759181572
2016-06-01,12736.979457863792,-291.31589753832554,4984.871893915658
2016-06-02,12736.979457863792,-298.06866407271946,4982.3939465598805
2016-06-03,12736.979457863792,-306.7735041863199,4982.4685964091805
2016-06-06,12736.979457863792,-316.36513258069067,4982.744070817499
2016-06-07,12736.979457863792,-299.6437690551018,4994.083807072133
2016-06-08,12736.979457863792,-287.1989072684755,4987.173280282672
2016-06-09,12736.979457863792,-286.44466414103937,4987.7430145645385
2016-06-10,12736.979457863792,-286.9957445613332,4987.734935336832
2016-06-13,12736.979457863792,-307.21889361317216,4986.6001535115365
2016-06-14,12736.979457863792,-306.76234262541806,4986.604917084224
2016-06-15,12736.979457863792,-330.6996647223419,4955.600985615898
2016-06-16,12736.979457863792,-334.48659121028015,4956.215882643551
2016-06-17,12736.979457863792,-343.5509881582351,4959.9127534167865
2016-06-20,12736.979457863792,-320.3998750661622,4962.3862514804905
2016-06-21,12736.979457863792,-311.88501600659254,4967.405038813382
2016-06-22,12736.979457863792,-307.455806392746,4965.208735075742
2016-06-23,12736.979457863792,-314.05097836075385,4965.045224350776
2016-06-24,12736.979457863792,-310.07002918644366,4967.79729720298
2016-06-27,12736.979457863792,-334.14878418492805,4956.613906899944
2016-06-28,12846.620766808268,-378.2638473683522,5005.793712282479
2016-06-29,12846.620766808268,-391.2911824319476,5008.974760028316
2016-06-30,12846.620766808268,-371.7061578343191,5013.649881874517
2016-07-01,12846.620766808268,-354.2611029420912,5012.826601667769
2016-07-05,12846.620766808268,-356.41531162050256,5012.179223641411
2016-07-06,12846.620766808268,-370.06407063943027,5021.027376571272
2016-07-07,12846.620766808268,-363.5576646203639,5021.033030528285
2016-07-08,12846.620766808268,-355.2382234517528,5019.37844176289
2016-07-11,12846.620766808268,-346.6723631804071,5020.239008672811
2016-07-12,12846.620766808268,-339.65422045596256,5022.726026995782
2016-07-13,12846.620766808268,-315.06729146865405,5034.895960897861
2016-07-14,12846.620766808268,-322.1857708422963,5035.133813544418
2016-07-15,12846.620766808268,-308.9753625496203,5043.201013091801
2016-07-18,12846.620766808268,-297.6835108068814,5047.738358206461
2016-07-19,12846.620766808268,-298.21588161529365,5047.850478465985
2016-07-20,12846.620766808268,-303.8772767654908,5048.796452030201
2016-07-21,12846.620766808268,-304.0061952771675,5048.826172989784
2016-07-22,12846.620766808268,-300.9421652954543,5049.714240073012
2016-07-25,12846.620766808268,-294.5480565103084,5046.538112425189
2016-07-26,12846.620766808268,-313.193766358556,5038.348230949255
2016-07-27,12846.620766808268,-301.4996317724983,5033.97391020551
2016-07-28,12846.620766808268,-296.4965703736034,5032.2373094375125
2016-07-29,12846.620766808268,-291.67488124627505,5032.6733868619385
2016-08-01,12846.620766808268,-290.70900021454355,5032.1752949948395
2016-08-02,12846.620766808268,-282.7348754848401,5039.59876252097
2016-08-03,12846.620766808268,-266.48105324936085,5040.038536248302
2016-08-04,12846.620766808268,-267.48082362829996,5039.890284318865
2016-08-05,12846.620766808268,-276.497199871903,5043.9261296372815
2016-08-08,12846.620766808268,-271.080797353699,5046.442769545008
2016-08-09,12846.620766808268,-270.6764868880114,5046.3113665515075
2016-08-10,12846.620766808268,-271.06018710896467,5046.44878153311
2016-08-11,12846.620766808268,-263.7575866815399,5039.162036720102
2016-08-12,12846.620766808268,-260.14073751924604,5043.708704334378
2016-08-15,12846.620766808268,-276.5484997677112,5053.692826905961
2016-08-16,12846.620766808268,-266.4824423947652,5060.823194408054
2016-08-17,12846.620766808268,-255.35031974546453,5057.438169747003
2016-08-18,12846.620766808268,-250.13679439374542,5058.112101701462
2016-08-19,12846.620766808268,-248.01701126886508,5057.7935141355465
2016-08-22,12846.620766808268,-246.0787545054333,5058.454169605609
2016-08-23,12846.620766808268,-250.47218589193423,5060.8611611007145
2016-08-24,12846.620766808268,-246.36111626647843,5061.047587246474
2016-08-25,12846.620766808268,-259.6239268070126,5065.285058121952
2016-08-26,12846.620766808268,-261.7342498111463,5065.160532573377
2016-08-29,12846.620766808268,-256.87821837372655,5066.6288250769185
2016-08-30,12846.620766808268,-269.6079437139541,5070.291549146857
2016-08-31,12846.620766808268,-274.4375718173327,5072.0168382553775
2016-09-01,12846.620766808268,-274.41911478281764,5072.012352438058
2016-09-02,12846.620766808268,-270.75780953011986,5071.839362835888
2016-09-06,12846.620766808268,-266.81394712108505,5075.614091782397
2016-09-07,12846.620766808268,-260.07259307013925,5075.0655417504695
2016-09-08,12846.620766808268,-265.2412765285657,5073.29245170426
2016-09-09,12846.620766808268,-257.39214172024884,5076.227085424763
2016-09-12,12846.620766808268,-256.5804497118343,5076.52444531269
2016-09-13,12846.620766808268,-252.85839271678668,5076.761096080418
2016-09-14,12846.620766808268,-252.13713023260425,5076.949870924598
2016-09-15,12846.620766808268,-249.3035089423379,5075.399836429946
2016-09-16,12846.620766808268,-236.09830390001434,5068.014516779201
2016-09-19,12846.620766808268,-237.50968336715334,5068.7347642099385
2016-09-20,12846.620766808268,-247.13754756325199,5067.592139544765
2016-09-21,12846.620766808268,-228.99201473817502,5052.306842406455
2016-09-22,12846.620766808268,-230.1265626622486,5052.02521866381
2016-09-23,12846.620766808268,-218.5997357006494,5045.719338724946
2016-09-26,12846.620766808268,-220.31987693802313,5046.237996434388
2016-09-27,12846.620766808268,-201.83972408790558,5020.096675681067
2016-09-28,12846.620766808268,-210.74704486460084,5022.985630005619
2016-09-29,12846.620766808268,-208.9458918547942,5022.886741761153
2016-09-30,12846.620766808268,-211.61606383122597,5023.924763780353
2016-10-03,12846.620766808268,-194.13313962949852,5020.798823782638
2016-10-04,12846.620766808268,-203.86666042076322,5013.589448336363
2016-10-05,12846.620766808268,-210.42127260954797,5019.132134967403
2016-10-06,12846.620766808268,-198.2880191295836,5017.072222380808
2016-10-07,12846.620766808268,-202.34904875699334,5016.544650854943
2016-10-10,12846.620766808268,-192.993667996297,5004.680966667987
2016-10-11,12846.620766808268,-177.82644284633957,5001.350476643779
2016-10-12,12846.620766808268,-187.75415566563535,4996.27575313475
2016-10-13,12846.620766808268,-190.834778979344,4994.954325287335
2016-10-14,12846.620766808268,-195.4756265004553,4997.626479115705
2016-10-17,12846.620766808268,-201.33895098506275,4992.192824515863
2016-10-18,12846.620766808268,-206.24177455438254,4995.219346382756
2016-10-19,12846.620766808268,-206.71839184333913,4995.065951249918
2016-10-20,12846.620766808268,-208.21894286529383,4994.5295599008
2016-10-21,12846.620766808268,-207.2916062647666,4994.100471556315
2016-10-24,12846.620766808268,-225.78639497900397,4987.489762521644
2016-10-25,12846.620766808268,-222.08914909169243,4988.021528011461
2016-10-26,12846.620766808268,-211.91862739829202,4985.316699827664
2016-10-27,12846.620766808268,-215.62750101263794,4984.292642697845
2016-10-28,12846.620766808268,-198.8467470200358,4991.6077509712295
2016-10-31,12846.620766808268,-189.2970844468847,4990.691893536323
2016-11-01,12846.620766808268,-187.0125637495569,4991.039481268125
2016-11-02,12846.620766808268,-193.3760242163562,4988.825727043348
2016-11-03,12846.620766808268,-189.68232182105936,4989.733064422723
2016-11-04,12846.620766808268,-187.50795604846928,4991.2178095698355
2016-11-07,12846.620766808268,-198.8620019502205,4989.374199928829
2016-11-08,12846.620766808268,-198.6571381339177,4989.310729963838
2016-11-09,12846.620766808268,-191.67123762450788,4990.231626770681
2016-11-10,12846.620766808268,-172.59889175201218,5024.8350678546085
2016-11-11,12846.620766808268,-175.29085214742977,5023.937023582153
2016-11-14,12846.620766808268,-193.07363780477408,5036.959766098395
2016-11-15,12846.620766808268,-190.4032894271337,5038.0955680295865
2016-11-16,12846.620766808268,-188.42149411892842,5038.857042075456
2016-11-17,12846.620766808268,-194.92215062725182,5040.806606892141
2016-11-18,12846.620766808268,-175.31332571999246,5044.802941918604
2016-11-21,12846.620766808268,-176.95828361363868,5045.317463072434
2016-11-22,12846.620766808268,-172.9988585361258,5045.17314347332
2016-11-23,12746.41222234968,-147.66237330759384,5013.154961788973
2016-11-25,12746.41222234968,-170.64739845004772,4991.224907663014
2016-11-28,12746.41222234968,-178.5069428494199,4988.37881960963
2016-11-29,12746.41222234968,-184.76155869171342,4986.141397747848
2016-11-30,12746.41222234968,-177.31026768398596,4979.8108876940705
2016-12-01,12746.41222234968,-179.60852021595196,4978.600018484024
2016-12-02,12746.41222234968,-160.872241478441,4978.406030218344
2016-12-05,12746.41222234968,-167.78880353549977,4976.993097052057
2016-12-06,12746.41222234968,-166.40560370332702,4975.677197656907
2016-12-07,12746.41222234968,-163.91840901654217,4977.691936692766
2016-12-08,12746.41222234968,-136.00115508402857,4946.451890424273
2016-12-09,12746.41222234968,-111.34742030402136,4948.63243992482
2016-12-12,12746.41222234968,-101.48699094778627,4947.8227307507295
2016-12-13,12746.41222234968,-110.4568088633245,4942.076429572773
2016-12-14,12746.41222234968,-123.09671755545354,4923.663156764446
2016-12-15,12746.41222234968,-123.15515304022107,4923.716331055029
2016-12-16,12746.41222234968,-112.66239057394387,4919.9016872347975
2016-12-19,12746.41222234968,-131.49240231338558,4908.345499392775
2016-12-20,12746.41222234968,-135.50379292657075,4908.963137316685
2016-12-21,12746.41222234968,-140.3454254532659,4906.144803204799
2016-12-22,12746.41222234968,-138.0286711742365,4904.213592768006
2016-12-23,12746.41222234968,-140.68727487023318,4904.304824726042
2016-12-27,12746.41222234968,-125.23753984548719,4898.664571957158
2016-12-28,12746.41222234968,-107.4051543503512,4899.293058985122
2016-12-29,12746.41222234968,-111.084414554688,4905.447198222606
2016-12-30,12746.41222234968,-103.42840179711237,4903.62860239694
2017-01-03,12746.41222234968,-102.34554448031214,4902.857948007748
2017-01-04,12746.41222234968,-103.2245842036338,4901.969030000711
2017-01-05,12746.41222234968,-87.10665582644133,4905.131048411056
2017-01-06,12746.41222234968,-89.6870827478917,4905.844792606464
2017-01-09,12746.41222234968,-74.77771642128165,4909.850350956135
2017-01-10,12746.41222234968,-70.53294897315078,4905.786790528122
2017-01-11,12746.41222234968,-64.32882768583025,4906.436012757995
2017-01-12,12746.41222234968,-71.6268324623359,4902.666779875143
2017-01-13,12746.41222234968,-78.74524321700743,4900.837621278397
2017-01-17,12746.41222234968,-74.14753211162193,4904.230940970598
2017-01-18,12746.41222234968,-93.5471543618642,4898.099633334097
2017-01-19,11900.145950530195,-44.705130144525235,4857.64041164788
2017-01-20,11900.145950530195,-29.34069574731955,4848.891659028965
2017-01-23,11900.145950530195,-34.89581872835168,4844.7796475286395
2017-01-24,11900.145950530195,-27.71780206624369,4836.9195910591
2017-01-25,11900.145950530195,-6.011272409775382,4839.855942421028
2017-01-26,11900.145950530195,3.5072465193626994,4844.532789314227
2017-01-27,11900.145950530195,2.177387855403678,4845.607520536882
2017-01-30,11900.145950530195,-18.0963353375562,4839.889590752716
2017-01-31,11900.145950530195,-29.326766356624024,4833.420412538036
2017-02-01,11900.145950530195,-25.80295938000892,4832.7776962450125
2017-02-02,11900.145950530195,-28.82776559755902,4830.0280987566075
2017-02-03,11900.145950530195,-23.846497335189692,4829.386040183173
2017-02-06,11900.145950530195,-25.499846329619555,4828.014901921097
2017-02-07,11900.145950530195,-21.95518890721025,4825.357003072385
2017-02-08,11900.145950530195,-30.063547822083756,4827.487114325967
2017-02-09,11900.145950530195,-51.50494152977312,4823.727416073239
2017-02-10,11900.145950530195,-52.16298611567225,4822.970398515553
2017-02-13,11900.145950530195,-38.821359680719034,4821.347638283423
2017-02-14,11900.145950530195,-37.89673393438413,4821.726257036432
2017-02-15,11900.145950530195,-29.443239741137543,4827.296435839635
2017-02-16,11900.145950530195,-4.140392356549826,4833.025289544813
2017-02-17,11900.145950530195,1.513402169419831,4827.270036707795
2017-02-21,11900.145950530195,2.554567060302419,4826.856322022703
2017-02-22,11900.145950530195,-4.745370719445026,4820.421943092233
2017-02-23,11900.145950530195,5.749472166792286,4809.90463522884
2017-02-24,11900.145950530195,-8.704749059716502,4801.5369418032205
2017-02-27,11900.145950530195,-18.96687925722814,4803.38455496547
2017-02-28,11900.145950530195,-8.281586449232854,4804.112780686003
2017-03-01,11900.145950530195,-0.8282643486106536,4801.894164531941
2017-03-02,11900.145950530195,28.801817019569803,4831.875811262026
2017-03-03,11900.145950530195,30.063349965379647,4830.399569787274
2017-03-06,11900.145950530195,48.09216137500937,4808.823480507352
2017-03-07,11900.145950530195,62.695486885851224,4796.347577232865
2017-03-08,11900.145950530195,65.11767961978917,4795.163070761089
2017-03-09,11900.145950530195,62.35306059861539,4793.838638284096
2017-03-10,11900.145950530195,69.26969902040337,4792.584136768851
2017-03-13,11900.145950530195,78.37498429533039,4788.882620490019
2017-03-14,11900.145950530195,91.28376489917207,4795.191180167296
2017-03-15,11900.145950530195,67.20178095202931,4790.968490473564
2017-03-16,11900.145950530195,69.88827360284016,4790.514819229717
2017-03-17,11900.145950530195,70.94247879469482,4791.27441947484
2017-03-20,11900.145950530195,73.79459574631186,4789.653919295941
2017-03-21,11900.145950530195,68.65891870277976,4791.3146665702825
2017-03-22,11900.145950530195,40.35101461645748,4780.87621085347
2017-03-23,11900.145950530195,56.599533708601506,4767.791888522437
2017-03-24,11900.145950530195,52.671373981136846,4767.640218868434
2017-03-27,11900.145950530195,60.439948533280635,4762.114036377241
2017-03-28,11900.145950530195,71.76720183527149,4756.50948289463
2017-03-29,11900.145950530195,69.43663819131787,4754.514847941482
2017-03-30,11900.145950530195,47.054031841216016,4741.936446263597
2017-03-31,11900.145950530195,60.37882352048046,4732.3954433962035
2017-04-03,11900.145950530195,53.36835573007931,4736.424448576958
2017-04-04,11900.145950530195,42.1409556161696,4738.308027171769
2017-04-05,11900.145950530195,41.73885083213809,4738.257431179045
2017-04-06,11900.145950530195,51.28327134042374,4730.96107628486
2017-04-07,11900.145950530195,59.40172524375543,4725.2506684301525
2017-04-10,11900.145950530195,53.00206189022473,4719.010917927775
2017-04-11,11900.145950530195,54.14357136019941,4718.710685615762
2017-04-12,11900.145950530195,62.783874957876236,4715.706229583287
2017-04-13,11900.145950530195,49.076381923627906,4711.525050633248
2017-04-17,11900.145950530195,43.38158187492234,4712.577932938685
2017-04-18,11900.145950530195,38.33055019924159,4709.969984681028
2017-04-19,11900.145950530195,26.434908069565907,4717.140925257135
2017-04-20,11900.145950530195,35.1735044518876,4716.273816580158
2017-04-21,11900.145950530195,33.06913229648866,4714.452380114427
2017-04-24,11900.145950530195,16.260291496050872,4699.442598063758
2017-04-25,11900.145950530195,20.966598373370225,4703.691131749069
2017-04-26,11900.145950530195,44.993149075356435,4697.954116502003
2017-04-27,11900.145950530195,21.6668069831925,4669.590165909857
2017-04-28,11900.145950530195,1.9619299881415426,4663.079170748147
2017-05-01,11900.145950530195,6.3909013394355645,4660.148673126069
2017-05-02,11900.145950530195,5.992475301233847,4659.920117552715
2017-05-03,11900.145950530195,6.620375119890246,4659.452996412184
2017-05-04,11900.145950530195,5.732697338615901,4659.476214994547
2017-05-05,11900.145950530195,-8.682777694984848,4651.566248220139
2017-05-08,11900.145950530195,0.27221629284399385,4655.870017366982
2017-05-09,11900.145950530195,-7.198242526383008,4651.505912347096
2017-05-10,11900.145950530195,-15.60787250642389,4648.483008328045
2017-05-11,11900.145950530195,-7.5287983947701065,4642.954760774124
2017-05-12,11900.145950530195,-31.47299482836536,4625.397183935954
2017-05-15,11900.145950530195,-35.097657888456936,4628.872439422981
2017-05-16,11900.145950530195,-13.311128269039822,4633.2894961773945
2017-05-17,11900.145950530195,3.0406372204737346,4623.94127301632
2017-05-18,11900.145950530195,1.0923124018693853,4624.06595741213
2017-05-19,11323.156401938904,26.08452509921969,4588.72104859969
2017-05-22,11323.156401938904,21.68826315195473,4589.084613250391
2017-05-23,11323.156401938904,32.89883301283032,4593.603362472409
2017-05-24,11323.156401938904,41.58610773770652,4594.438881489011
2017-05-25,11323.156401938904,23.505128489968286,4588.506817971188
2017-05-26,11323.156401938904,14.848074920289408,4581.665952833958
2017-05-30,11323.156401938904,-7.066846659153831,4548.348912760852
2017-05-31,11323.156401938904,-1.6966322190435457,4540.562617019499
2017-06-01,11323.156401938904,-6.889478276334004,4537.054063549244
2017-06-02,11323.156401938904,10.999657271220508,4536.139941131359
2017-06-05,11323.156401938904,-5.0127958025435655,4530.323382671731
2017-06-06,11323.156401938904,-21.65845592363701,4500.6740602758055
2017-06-07,11323.156401938904,-8.623881475743095,4484.332044697265
2017-06-08,11323.156401938904,7.308848999147245,4480.935458809609
2017-06-09,11323.156401938904,10.292885553299858,4479.380210476003
2017-06-12,11323.156401938904,8.170026413342551,4480.458155481942
2017-06-13,11323.156401938904,7.469209281029544,4480.428887964748
2017-06-14,11323.156401938904,-16.215867652038533,4439.45003503905
2017-06-15,11323.156401938904,-11.743545365995699,4431.7136214646025
2017-06-16,11323.156401938904,-26.23118657739539,4424.755320804573
2017-06-19,11323.156401938904,-32.6143489524999,4424.976606174187
2017-06-20,11323.156401938904,-1.8132586592053412,4414.682899525823
2017-06-21,11323.156401938904,-21.459822263692505,4430.220045102763
2017-06-22,11323.156401938904,-36.438181970980146,4417.287899371016
2017-06-23,10145.557282116086,-1.5144646142824423,4348.791634557665
2017-06-26,10145.557282116086,-8.953256366774585,4343.630881770553
2017-06-27,10145.557282116086,-18.63631810623806,4342.00533997206
2017-06-28,10145.557282116086,-7.352871921955652,4337.024954481107
2017-06-29,10145.557282116086,23.697604144971994,4320.060750663334
2017-06-30,10145.557282116086,36.859707956841476,4318.318370388557
2017-07-03,10145.557282116086,53.83866625526543,4316.932547475731
2017-07-05,10145.557282116086,30.942658539163634,4293.418403502238
2017-07-06,10145.557282116086,13.837006932098898,4279.925838316379
2017-07-07,10145.557282116086,15.147974189102694,4280.505152301472
2017-07-10,10145.557282116086,26.94466959088121,4273.625655152409
2017-07-11,10145.557282116086,36.1887310047895,4266.907664080716
2017-07-12,10145.557282116086,36.239622030145476,4266.895377154418
2017-07-13,10145.557282116086,49.084267290613326,4258.646266107524
2017-07-14,10145.557282116086,58.50379245182064,4253.301160760171
2017-07-17,10145.557282116086,70.39506601147453,4248.35847164355
2017-07-18,10145.557282116086,75.55398795869266,4247.882392917964
2017-07-19,10145.557282116086,86.96858411708861,4236.49453306886
2017-07-20,10145.557282116086,91.38167379261287,4239.0547204531895
2017-07-21,10145.557282116086,100.70084938275595,4233.223746080556
2017-07-24,10145.557282116086,92.07779572446253,4227.007539922781
2017-07-25,10145.557282116086,91.71516281917843,4226.773929898473
2017-07-26,10145.557282116086,112.04935757114802,4224.553378142361
2017-07-27,10145.557282116086,123.96218382193035,4212.520060524524
2017-07-28,10145.557282116086,141.84818334630504,4208.395820657644
2017-07-31,10145.557282116086,128.26547302256887,4202.141400964268
2017-08-01,10145.557282116086,126.32401363456296,4201.593226147949
2017-08-02,10145.557282116086,131.988692441457,4198.0096623957825
2017-08-03,10145.557282116086,139.55573657349666,4194.316813978014
2017-08-04,10145.557282116086,114.17221334858017,4170.002920809182
2017-08-07,10145.557282116086,130.1115054331405,4160.639059509838
2017-08-08,10145.557282116086,119.2225272721442,4160.387611126438
2017-08-09,10145.557282116086,115.2026931105155,4157.390136284294
2017-08-10,10145.557282116086,107.73362061094167,4159.39407023502
2017-08-11,10145.557282116086,111.83154568014139,4157.491274210181
2017-08-14,10145.557282116086,106.98910711689867,4155.991424871572
2017-08-15,10145.557282116086,120.47827875170975,4149.154832579621
2017-08-16,10145.557282116086,116.27241882284858,4147.606902990852
2017-08-17,10145.557282116086,105.70929210285405,4146.816363372382
2017-08-18,10145.557282116086,98.0008742193733,4148.53582063009
2017-08-21,10145.557282116086,73.29415048781972,4134.168048269707
2017-08-22,10145.557282116086,75.65878668547968,4133.663831414246
2017-08-23,10145.557282116086,96.40569700939359,4130.6499471951065
2017-08-24,10145.557282116086,85.06629676992638,4136.449217803499
2017-08-25,10145.557282116086,84.4493077572165,4136.303507771383
2017-08-28,10145.557282116086,84.18178033241018,4136.393432944383
2017-08-29,10145.557282116086,94.66052256135978,4144.986171314239
2017-08-30,10145.557282116086,100.45276791056907,4139.6551461102945
2017-08-31,10145.557282116086,118.45867509937108,4131.906838977693
2017-09-01,10145.557282116086,110.71486314106241,4127.317314305015
2017-09-05,10145.557282116086,119.92866131270141,4131.280272862765
2017-09-06,10145.557282116086,103.46525506224681,4140.666728437591
2017-09-07,10145.557282116086,111.44411471159837,4141.281335510091
2017-09-08,10145.557282116086,108.29822868220994,4142.01389569309
2017-09-11,10145.557282116086,97.10935524081852,4129.146443637432
2017-09-12,10145.557282116086,100.36667097042955,4134.104950752586
2017-09-13,10145.557282116086,117.6363559436274,4130.75527083187
2017-09-14,10145.557282116086,132.230572251854,4120.781233686813
2017-09-15,10145.557282116086,128.86656895999656,4121.043646263622
2017-09-18,9823.045880564594,149.90280689336709,4095.3174079269816
2017-09-19,9823.045880564594,152.04480652981346,4095.6165863553256
2017-09-20,9823.045880564594,148.34855307609308,4092.8662318657603
2017-09-21,9823.045880564594,150.53808531937997,4093.7177567574836
2017-09-22,9823.045880564594,154.59879462290297,4084.921175050863
2017-09-25,9823.045880564594,168.9352884964236,4078.459184770572
2017-09-26,9823.045880564594,167.4619654625862,4078.7770956029312
2017-09-27,9823.045880564594,170.6410392319999,4075.968281978534
2017-09-28,9823.045880564594,171.01264927348248,4076.168015177933
2017-09-29,9823.045880564594,150.14059953866246,4052.7161280028445
2017-10-02,9823.045880564594,156.73579652688545,4053.208877943183
2017-10-03,9823.045880564594,148.8043746016498,4047.4606139342463
2017-10-04,9823.045880564594,138.8375828099266,4044.7921300313824
2017-10-05,9823.045880564594,131.95825941429848,4039.766496589229
2017-10-06,9823.045880564594,131.53783025640348,4039.451888042051
2017-10-09,9823.045880564594,148.2925132141949,4027.15064747427
2017-10-10,9823.045880564594,158.22220653266015,4026.4660567155483
2017-10-11,9823.045880564594,137.93447926362447,4002.939103525256
2017-10-12,9823.045880564594,149.53660231488965,4003.1798982998453
2017-10-13,9823.045880564594,149.28454507912573,4003.278368701313
2017-10-16,9823.045880564594,137.79965980355695,4002.929385136031
2017-10-17,9823.045880564594,154.41821713587632,3985.570832341681
2017-10-18,9823.045880564594,132.85452208678296,3967.178650864885
2017-10-19,9823.045880564594,129.99928561941834,3965.21430710507
2017-10-20,9823.045880564594,141.16187833413562,3960.3112396877486
2017-10-23,9823.045880564594,156.91363380053383,3973.6388164770215
2017-10-24,9823.045880564594,140.67780833789388,3977.2497229927762
2017-10-25,9823.045880564594,142.55761645241228,3978.487348341797
2017-10-26,9823.045880564594,145.563929299978,3976.4907715000054
2017-10-27,9823.045880564594,137.31699426836875,3969.600249320202
2017-10-30,9823.045880564594,136.81568186566307,3969.6894975281257
2017-10-31,9823.045880564594,128.10972724426227,3980.3995036407523
2017-11-01,9823.045880564594,138.15658444090985,3978.418506753023
2017-11-02,9823.045880564594,136.2055921597276,3977.8090847788612
2017-11-03,9823.045880564594,138.99537800786302,3975.9704847250396
2017-11-06,9823.045880564594,144.2785366230566,3972.3962937672186
2017-11-07,9823.045880564594,149.43608810913284,3970.6297992891455
2017-11-08,9823.045880564594,151.26715320382868,3970.0134374534937
2017-11-09,9823.045880564594,160.13837764888362,3965.8809821058617
2017-11-10,9823.045880564594,165.73431159780145,3965.4429460186534
2017-11-13,9823.045880564594,187.63268712200224,3962.8647517982354
2017-11-14,9823.045880564594,181.4230997653225,3959.455431438724
2017-11-15,9823.045880564594,177.041095361101,3960.499386639103
2017-11-16,9823.045880564594,170.3537102013206,3960.4882642139096
2017-11-17,9823.045880564594,188.71242897559065,3955.866729907222
2017-11-20,9823.045880564594,185.41086130467448,3955.7209750915235
2017-11-21,9823.045880564594,184.6836810386567,3956.3035200719737
2017-11-22,9823.045880564594,194.4868084485451,3951.557417922081
2017-11-24,9823.045880564594,194.50502415229263,3951.5500349054664
2017-11-27,9823.045880564594,201.09959656591036,3952.4539998026025
2017-11-28,9823.045880564594,211.79795590044824,3945.823022545326
2017-11-29,9823.045880564594,202.9540770678648,3927.704430515693
2017-11-30,9823.045880564594,174.71496741128544,3883.8250000601606
2017-12-01,9608.864213310148,211.6255116833031,3862.023978922177
2017-12-04,9608.864213310148,210.4406731770261,3863.0550490028236
2017-12-05,9608.864213310148,208.02377830084347,3864.475551146409
2017-12-06,9608.864213310148,189.7554604734562,3867.0644225039787
2017-12-07,9216.584231193317,201.28650930336786,3845.7300532329014
2017-12-08,9216.584231193317,193.27828821095912,3840.0804507592306
2017-12-11,9216.584231193317,190.9876130702492,3837.8187253116907
2017-12-12,9216.584231193317,185.44240498950535,3833.5780942985066
2017-12-13,8976.864357778257,222.0999976311061,3766.040174255246
2017-12-14,8976.864357778257,226.58529583988735,3762.412533525361
2017-12-15,8976.864357778257,213.02669965279864,3760.4565615112015
2017-12-18,8976.864357778257,216.93888591525513,3764.4676038459534
2017-12-19,8976.864357778257,217.99106003112124,3765.904493239881
2017-12-20,8976.864357778257,232.85344921450255,3774.241564463148
2017-12-21,8976.864357778257,245.78403446878644,3773.7427238925325
2017-12-22,8976.864357778257,228.22699170950924,3751.7151229300416
2017-12-26,8976.864357778257,242.1508123065462,3741.5891440324053
2017-12-27,8976.864357778257,256.57809732730686,3730.6025195077777
2017-12-28,8976.864357778257,251.43865554909175,3733.40861781003
2017-12-29,8976.864357778257,257.00605515061955,3735.191119422791
2018-01-02,8976.864357778257,266.6659311389057,3727.2268758766472
2018-01-03,8976.864357778257,279.19901072276826,3744.817753475283
2018-01-04,8976.864357778257,279.8420755246822,3744.785402593038
2018-01-05,8976.864357778257,286.78518402459565,3748.016311382102
2018-01-08,8976.864357778257,311.9218996998199,3736.525654355806
2018-01-09,8976.864357778257,318.37622092717953,3736.918860469045
2018-01-10,8976.864357778257,330.69051579340754,3737.3940667372885
2018-01-11,8976.864357778257,332.6642040303041,3736.0992154667797
2018-01-12,8976.864357778257,339.04425790731983,3741.191568145282
2018-01-16,8976.864357778257,357.0566962771504,3765.4316362043237
2018-01-17,8976.864357778257,356.0307571339597,3765.727823585519
2018-01-18,8976.864357778257,366.3969350633002,3776.1449124627907
2018-01-19,8976.864357778257,378.1049284169186,3767.2738212809154
2018-01-22,8976.864357778257,381.8365630967983,3772.3933029739433
2018-01-23,8976.864357778257,400.5229055843585,3789.673468954892
2018-01-24,8976.864357778257,407.0480193808038,3787.070764363926
2018-01-25,8976.864357778257,410.6224820535166,3790.7675674698844
2018-01-26,8976.864357778257,404.5674916765762,3790.9490106262097
2018-01-29,8419.309792224505,450.27939839993917,3780.1665031726316
2018-01-30,8419.309792224505,434.5134741773564,3776.030354394846
2018-01-31,8419.309792224505,405.99085347086026,3781.9324547055257
2018-02-01,8419.309792224505,408.628637488809,3782.3166809386553
2018-02-02,8307.496555258998,436.18290378998904,3763.962342865317
2018-02-05,8307.496555258998,443.8146033599598,3765.7858812996537
2018-02-06,8307.496555258998,467.45240871002426,3806.635117774864
2018-02-07,8421.69138578294,445.0715180143246,3837.176398547851
2018-02-08,8421.69138578294,423.15346319040555,3810.560706683405
2018-02-09,8421.69138578294,433.2396767582223,3810.3012260300134
2018-02-12,8421.69138578294,403.5820222717377,3811.948816964089
2018-02-13,8421.69138578294,408.10194864558616,3810.755735328023
2018-02-14,8421.69138578294,409.931717241766,3809.843003626228
2018-02-15,8421.69138578294,418.65343504299005,3818.3466836076027
2018-02-16,8421.69138578294,434.78583825844873,3806.6931386620936
2018-02-20,8421.69138578294,423.3777987998282,3806.978731267837
2018-02-21,8421.69138578294,413.8233822790914,3808.8825858349355
2018-02-22,8421.69138578294,415.2895888841536,3809.2239784468484
2018-02-23,8421.69138578294,419.2753231576485,3804.84187799062
2018-02-26,8421.69138578294,378.54999721363043,3743.9657110267626
2018-02-27,8421.69138578294,365.76863345309727,3740.1474100362802
2018-02-28,8421.69138578294,357.7227169761424,3733.083855135955
2018-03-01,8421.69138578294,334.6202587634551,3725.1242547485604
2018-03-02,8421.69138578294,315.3718486108259,3725.0781152858904
2018-03-05,8307.496555258998,344.23674712996063,3703.895543371182
2018-03-06,8307.496555258998,336.29253233510735,3699.2871038094486
2018-03-07,8307.496555258998,330.1126088694851,3693.3546014508925
2018-03-08,8307.496555258998,314.4224974146345,3676.6417791120352
2018-03-09,8307.496555258998,315.2567279867434,3675.54404230145
2018-03-12,8307.496555258998,319.67491375015607,3673.7316450710887
2018-03-13,8307.496555258998,305.0812367175724,3670.8468716638167
2018-03-14,8307.496555258998,299.2109341616194,3672.0984946620556
2018-03-15,8307.496555258998,295.80572449713236,3672.830193502346
2018-03-16,8307.496555258998,291.4610100859718,3673.2651725662804
2018-03-19,8307.496555258998,288.76391141025505,3673.281993597655
2018-03-20,7679.429358459338,316.4478491610842,3618.7921239094376
2018-03-21,7679.429358459338,319.8552284382218,3619.8904611311955
2018-03-22,7679.429358459338,324.8196790818441,3619.849431038417
2018-03-23,7679.429358459338,315.700604642478,3618.92576569687
2018-03-26,7679.429358459338,315.24183660758723,3618.703258082132
2018-03-27,7679.429358459338,324.9178374057077,3615.333249571234
2018-03-28,7679.429358459338,307.4707525455321,3619.5142014029466
2018-03-29,7679.429358459338,304.1158989716185,3624.238665852785
2018-04-02,7679.429358459338,302.4150593478551,3627.408103747632
2018-04-03,7679.429358459338,299.9664780558991,3623.8796255678253
2018-04-04,7679.429358459338,314.45830850463443,3609.2996586549484
2018-04-05,7679.429358459338,308.96602439163144,3609.5734889952064
2018-04-06,7679.429358459338,303.9956781000818,3606.733938119758
2018-04-09,7679.429358459338,278.288045790644,3583.2711465934963
2018-04-10,7679.429358459338,280.65706313380207,3583.954932576705
2018-04-11,7679.429358459338,291.3342138726485,3580.5927271999526
2018-04-12,7679.429358459338,298.9177451516232,3578.8039151089333
2018-04-13,7679.429358459338,283.9384361461855,3569.7797973405736
2018-04-16,7679.429358459338,268.91822196430155,3559.331087361778
2018-04-17,7679.429358459338,260.20925739416754,3553.977927578317
2018-04-18,7679.429358459338,257.04702916960247,3553.8066111979456
2018-04-19,7679.429358459338,271.6595259859072,3552.4639553608595
2018-04-20,7679.429358459338,275.4401951836316,3554.5482756383817
2018-04-23,7679.429358459338,268.2872788279864,3550.157985641848
2018-04-24,7679.429358459338,271.8072119034869,3546.715543327406
2018-04-25,7679.429358459338,274.8582007837461,3548.9413405814066
2018-04-26,7679.429358459338,269.6673616045979,3546.228207033191
2018-04-27,7679.429358459338,243.93469171636238,3549.713917771057
2018-04-30,7679.429358459338,247.9065256214245,3543.933943532316
2018-05-01,7679.429358459338,247.5674693017993,3544.3765990561174
2018-05-02,7679.429358459338,251.12614986779994,3541.786680393988
2018-05-03,7679.429358459338,239.54014380377617,3544.988463502881
2018-05-04,7679.429358459338,248.52188568664505,3531.4012331598115
2018-05-07,7679.429358459338,253.60100792588713,3535.537784725673
2018-05-08,7679.429358459338,259.34900627925737,3532.8676982484417
2018-05-09,7679.429358459338,260.6457930420991,3532.917766985198
2018-05-10,7679.429358459338,273.91826822935997,3529.8211682193623
2018-05-11,7679.429358459338,275.0323407051285,3530.6175177327414
2018-05-14,7679.429358459338,277.96285037680354,3531.553398060875
2018-05-15,7679.429358459338,273.64508717841125,3527.791332367507
2018-05-16,7679.429358459338,281.0003337081594,3521.4120634682085
2018-05-17,7679.429358459338,280.4006348199912,3521.649592806605
2018-05-18,7679.429358459338,285.2820760888088,3521.049699577724
2018-05-21,7679.429358459338,278.8604764183038,3529.4849178923446
2018-05-22,7679.429358459338,288.1267896261442,3531.9401873278134
2018-05-23,7679.429358459338,293.45187029265946,3527.0744371190676
2018-05-24,7679.429358459338,287.67165705999105,3529.150913555458
2018-05-25,7679.429358459338,280.5921190299487,3532.9726862188127
2018-05-29,7679.429358459338,269.1781939303287,3543.5945107054836
2018-05-30,8307.496555258998,236.6815356598407,3642.3622286267614
2018-05-31,8307.496555258998,261.87797348829656,3664.4588453460374
2018-06-01,8307.496555258998,241.92153970670924,3653.4877928014257
2018-06-04,8307.496555258998,260.516603054418,3676.110303391007
2018-06-05,8307.496555258998,265.62111034894224,3682.6086086720557
2018-06-06,8307.496555258998,267.74326865374064,3682.5579943615676
2018-06-07,8307.496555258998,298.9624208147976,3703.292828061915
2018-06-08,8307.496555258998,295.5145221433074,3704.5055330439245
2018-06-11,8307.496555258998,299.79256478854825,3705.540510785315
2018-06-12,8307.496555258998,311.50041407069585,3707.246186652042
2018-06-13,8307.496555258998,318.57115106217776,3701.182002231858
2018-06-14,8307.496555258998,309.41839562165825,3692.790763266321
2018-06-15,8307.496555258998,295.78504438095746,3689.007549384243
2018-06-18,8421.69138578294,277.19917718311535,3722.142174727213
2018-06-19,8421.69138578294,278.5881202242865,3721.481294587559
2018-06-20,8421.69138578294,266.12107564157213,3719.0618638689357
2018-06-21,8421.69138578294,275.11863159891453,3714.057609504561
2018-06-22,8307.496555258998,304.17577099194204,3635.2019802893587
2018-06-25,8307.496555258998,314.3659195057275,3627.825274561254
2018-06-26,8307.496555258998,301.2230266534012,3620.1392145161594
2018-06-27,8307.496555258998,291.86232523909695,3617.222106373961
2018-06-28,8307.496555258998,279.394646597976,3626.855719416642
2018-06-29,8307.496555258998,287.72389950619083,3614.818414482928
2018-07-02,8307.496555258998,286.60156922896925,3614.6017561968765
2018-07-03,8307.496555258998,287.3406666311672,3614.729158331728
2018-07-05,8307.496555258998,279.3356688263417,3614.708683012953
2018-07-06,8307.496555258998,275.31699218862303,3612.5856067028376
2018-07-09,8307.496555258998,254.69720804432617,3596.056016667678
2018-07-10,8307.496555258998,271.60921512555694,3604.0520151701094
2018-07-11,8307.496555258998,261.6508427089594,3594.898579751562
2018-07-12,8307.496555258998,239.1762618985939,3603.1960378930344
2018-07-13,8307.496555258998,244.8512357459798,3602.698447448961
2018-07-16,8307.496555258998,243.26386224297966,3604.1105598979525
2018-07-17,8307.496555258998,248.6388910449898,3603.5127796078414
2018-07-18,8307.496555258998,243.7722727384168,3602.888606428198
2018-07-19,8307.496555258998,248.44554045115586,3602.52527797733
2018-07-20,8307.496555258998,240.6611369820264,3613.217275860084
2018-07-23,8307.496555258998,248.18492371630347,3618.164341377188
2018-07-24,8307.496555258998,262.26856192897526,3627.80047531652
2018-07-25,8307.496555258998,261.11070589733345,3627.5400157324034
2018-07-26,8307.496555258998,270.26351494873865,3625.979350469741
2018-07-27,8307.496555258998,260.60974614385196,3616.077413483258
2018-07-30,8307.496555258998,244.17096628126643,3618.0681427066875
2018-07-31,8307.496555258998,247.38746782873093,3618.7693813031415
2018-08-01,8307.496555258998,254.8988339285045,3612.208452115247
2018-08-02,8307.496555258998,249.70185603022446,3609.514178071513
2018-08-03,8307.496555258998,245.71714870038878,3612.886943492315
2018-08-06,8307.496555258998,244.15473009843748,3614.1026389266117
2018-08-07,8307.496555258998,246.5810161833006,3612.015136913898
2018-08-08,8307.496555258998,241.2920818585091,3604.082241963397
2018-08-09,8307.496555258998,254.93621306173029,3587.8353700467546
2018-08-10,8307.496555258998,237.69686709079582,3581.7444457315473
2018-08-13,8307.496555258998,221.45522027762752,3596.721550787589
2018-08-14,8307.496555258998,207.3756108955443,3604.679906383714
2018-08-15,8307.496555258998,209.97797561227964,3604.653959175939
2018-08-16,8416.68319462499,188.6380668134163,3625.805514546479
2018-08-17,8416.68319462499,198.95967258573805,3620.877539686189
2018-08-20,8416.68319462499,202.77848356229194,3622.739343132791
2018-08-21,8416.68319462499,210.72829397104115,3615.2502510302074
2018-08-22,8416.68319462499,222.15995635357208,3622.060661435753
2018-08-23,8416.68319462499,214.69223516221908,3621.238293110495
2018-08-24,8416.68319462499,218.2130407306378,3617.107844584279
2018-08-27,8416.68319462499,235.57291046078024,3621.0764476410536
2018-08-28,8416.68319462499,257.8212987235894,3644.4897237554237
2018-08-29,8416.68319462499,259.2580639626573,3644.688899019948
2018-08-30,8416.68319462499,258.91550457085134,3644.1973674283395
2018-08-31,8416.68319462499,244.48114377321957,3655.4932862803703
2018-09-04,8416.68319462499,240.7425835388082,3656.5126812551057
2018-09-05,8416.68319462499,235.13983940353864,3653.50849189698
2018-09-06,8416.68319462499,227.41153317832067,3654.2744730252907
2018-09-07,8416.68319462499,225.07000679179689,3654.1548555703926
2018-09-10,8416.68319462499,228.73012657385345,3656.1034516521063
2018-09-11,8416.68319462499,229.12416709293066,3655.839517675111
2018-09-12,8416.68319462499,235.37241662068678,3658.506025764804
2018-09-13,8416.68319462499,243.82948295141733,3655.50229475492
2018-09-14,8416.68319462499,249.3031825542733,3654.110946214968
2018-09-17,8416.68319462499,250.3600120515102,3654.128002657352
2018-09-18,8416.68319462499,248.04958053224576,3654.1840334901563
2018-09-19,8416.68319462499,260.0241883297881,3662.843725437014
2018-09-20,8416.68319462499,269.636135193591,3662.7654693550576
2018-09-21,8416.68319462499,281.7242361906224,3662.930201212052
2018-09-24,8416.68319462499,289.1261002481658,3657.8779087349276
2018-09-25,8416.68319462499,286.43130703931416,3658.6132573586774
2018-09-26,8416.68319462499,295.1455233957933,3656.3715737413904
2018-09-27,8416.68319462499,277.70372858057357,3662.9389478058265
2018-09-28,8416.68319462499,271.28794403012773,3664.3464804883715
2018-10-01,8416.68319462499,278.967932930111,3655.022155813615
2018-10-02,8416.68319462499,281.78467560505766,3656.876903782079
2018-10-03,8416.68319462499,279.6581575555948,3657.67944970028
2018-10-04,8416.68319462499,299.82431145876365,3660.7257488783116
2018-10-05,8416.68319462499,293.4658014844626,3659.6400175353447
2018-10-08,8416.68319462499,298.9965385137497,3661.1114085529994
2018-10-09,8416.68319462499,291.40005111820295,3663.221465222808
2018-10-10,8416.68319462499,293.9075378258981,3660.5522954023004
2018-10-11,8416.68319462499,291.5972423745857,3659.233473210098
2018-10-12,8416.68319462499,305.89883280015556,3654.4161101521627
2018-10-15,8416.68319462499,298.07615808481995,3656.5150682585386
2018-10-16,8416.68319462499,301.0905927697588,3657.880529345696
2018-10-17,8416.68319462499,296.3135537290722,3662.8173092040997
2018-10-18,8416.68319462499,305.577399782281,3660.168346224164
2018-10-19,8416.68319462499,293.3612091560618,3666.6411913082457
2018-10-22,8416.68319462499,293.4835628643211,3666.6659090456965
2018-10-23,8416.68319462499,289.8886049365843,3667.606753814099
2018-10-24,8416.68319462499,273.4503177775883,3659.663804454748
2018-10-25,8416.68319462499,260.3648523904796,3666.1880933798366
2018-10-26,8416.68319462499,261.7639258766707,3666.658205747756
2018-10-29,8416.68319462499,247.3263192841056,3682.062551214894
2018-10-30,8416.68319462499,241.6087362388471,3681.625042724094
2018-10-31,8416.68319462499,236.36394045019378,3678.4751939525645
2018-11-01,8416.68319462499,238.53930986110214,3677.3392950959415
2018-11-02,8416.68319462499,244.22984154270742,3676.550008103206
2018-11-05,8416.68319462499,253.45290597349177,3687.2543307151304
2018-11-06,8416.68319462499,223.05393273560264,3638.8997151115236
2018-11-07,8416.68319462499,225.5978599402379,3639.7664833673366
2018-11-08,8416.68319462499,249.6629432134482,3622.9813146927436
2018-11-09,8416.68319462499,244.3793697428978,3621.4520582182076
2018-11-12,8716.831195426026,216.2707248241199,3660.2808114536397
2018-11-13,8716.831195426026,214.0075213228517,3662.823945394287
2018-11-14,8716.831195426026,186.75885578097842,3672.2768776480575
2018-11-15,8716.831195426026,194.84137717340715,3671.5437021658995
2018-11-16,8716.831195426026,191.79327287013328,3671.8132111799478
2018-11-19,8716.831195426026,188.8173435627452,3672.709041519638
2018-11-20,8716.831195426026,190.41438209786878,3672.3026254131796
2018-11-21,8716.831195426026,195.75860824711114,3673.478899966102
2018-11-23,8716.831195426026,190.21139000548925,3675.8152686144417
2018-11-26,8716.831195426026,195.523220111282,3673.7757838249263
2018-11-27,8716.831195426026,185.35476884586194,3676.1807807280625
2018-11-28,8716.831195426026,170.07915366052634,3674.2409948265476
2018-11-29,8716.831195426026,167.8574419846759,3675.212125056923
2018-11-30,8716.831195426026,173.7440128742191,3670.000198081082
2018-12-03,8716.831195426026,162.72750468805563,3665.312427409188
2018-12-04,8716.831195426026,160.9521573056936,3664.98136030919
2018-12-06,8716.831195426026,132.0857161523975,3671.972193867638
2018-12-07,8716.831195426026,121.68690389897357,3674.1662092429915
2018-12-10,8716.831195426026,120.90809894968808,3674.0606265492897
2018-12-11,8716.831195426026,110.9789899118753,3670.547756157621
2018-12-12,8716.831195426026,121.54939226775488,3664.532706262236
2018-12-13,8716.831195426026,121.44658020090652,3664.5166166039307
2018-12-14,8716.831195426026,123.98267436099587,3663.609152825189
2018-12-17,8716.831195426026,122.47085820508472,3664.597994045001
2018-12-18,8716.831195426026,121.06488410845847,3664.2022376615287
2018-12-19,8716.831195426026,125.69425166012239,3660.9007852090426
2018-12-20,8716.831195426026,119.75247204893193,3665.094429616107
2018-12-21,8716.831195426026,132.84532279746998,3683.270902706264
2018-12-24,8716.831195426026,131.01595760612892,3681.3171439628163
2018-12-26,8416.68319462499,152.19229178071956,3657.839879416372
2018-12-27,8416.68319462499,145.23908654760237,3660.206588743009
2018-12-28,8416.68319462499,144.07634580676842,3661.4000806874583
2018-12-31,8416.68319462499,131.88544579665466,3656.594939318493
2019-01-02,8416.68319462499,115.17361699940821,3653.8788219836956
2019-01-03,8416.68319462499,112.33424783644269,3656.1449300083486
2019-01-04,8416.68319462499,93.9303651570274,3654.848884079242
2019-01-07,8416.68319462499,105.43842973545985,3651.935507643065
2019-01-08,8416.68319462499,105.53670702860228,3651.987146444627
2019-01-09,8416.68319462499,106.81700310784586,3652.2855191937756
2019-01-10,8416.68319462499,110.49743402184711,3652.501296257535
2019-01-11,8416.68319462499,100.76957747356687,3646.7686389355476
2019-01-14,8416.68319462499,101.97555393268532,3645.712209085861
2019-01-15,8416.68319462499,87.25989593434001,3628.135834192987
2019-01-16,8416.68319462499,81.6435656807538,3628.8220487511444
2019-01-17,8416.68319462499,79.87005177753338,3628.021034098525
2019-01-18,8416.68319462499,89.97253535430721,3624.988774316763
2019-01-22,8416.68319462499,88.05229107072452,3622.0715173591675
2019-01-23,8416.68319462499,68.43884724315949,3623.3128125603625
2019-01-24,8416.68319462499,77.09349197055984,3618.1718534738284
2019-01-25,8416.68319462499,76.59453807716791,3618.712764526899
2019-01-28,8416.68319462499,89.68073196452524,3630.0641611288365
2019-01-29,8416.68319462499,90.38303101361775,3630.0756317758464
2019-01-30,8416.68319462499,80.97664354374085,3627.0566867329517
2019-01-31,8416.68319462499,89.02230369967408,3632.662657855733
2019-02-01,8416.68319462499,79.1521390433026,3629.9204951006122
2019-02-04,8416.68319462499,92.13251827138473,3631.388993695296
2019-02-05,8416.68319462499,108.47646259432112,3634.3966170868725
2019-02-06,8416.68319462499,119.39936345323346,3628.550073759822
2019-02-07,8416.68319462499,100.21488309089423,3626.3485708230714
2019-02-08,8724.922774078539,74.76215971097287,3652.5995400711104
2019-02-11,8724.922774078539,67.84558042670318,3651.911215162229
2019-02-12,8724.922774078539,57.5781628744069,3644.515043113501
2019-02-13,8724.922774078539,62.46794778977177,3656.008454684745
2019-02-14,8724.922774078539,78.64550665315113,3658.13151918091
2019-02-15,8724.922774078539,70.90646978456228,3665.884869676826
2019-02-19,8724.922774078539,84.72022055525635,3687.6918895172375
2019-02-20,8724.922774078539,98.46444566515495,3691.9947502933455
2019-02-21,8724.922774078539,103.27941398279329,3692.3401847396694
2019-02-22,8724.922774078539,105.4431246232033,3690.5748835645327
2019-02-25,8724.922774078539,103.83295293561788,3689.491752457647
2019-02-26,8724.922774078539,107.41828189371745,3690.682064262224
2019-02-27,8724.922774078539,79.1514073278326,3651.1331182887648
2019-02-28,8724.922774078539,94.48786922350625,3644.6036687874716
2019-03-01,8724.922774078539,97.05668228208681,3644.1349418439527
2019-03-04,8724.922774078539,92.69955913480028,3646.018591246077
2019-03-05,8724.922774078539,88.66179846283767,3649.092402124976
2019-03-06,8724.922774078539,83.44718606817246,3648.698388639548
2019-03-07,8724.922774078539,74.33667880648244,3652.2723253375616
2019-03-08,8724.922774078539,63.618862539023105,3659.15218651379
2019-03-11,8724.922774078539,46.82786614749144,3652.7266343611877
2019-03-12,8724.922774078539,60.00465317157065,3645.9910838533224
2019-03-13,8724.922774078539,59.68601874685165,3646.009187314744
2019-03-14,8724.922774078539,59.072532046161065,3645.4078508367847
2019-03-15,8724.922774078539,61.289171169369915,3644.532207881198
2019-03-18,8724.922774078539,63.20478818650322,3643.298513870079
2019-03-19,8724.922774078539,78.4250976210064,3636.9013938987478
2019-03-20,8724.922774078539,81.95241563945622,3637.94627576806
2019-03-21,8724.922774078539,74.68498526864316,3643.224599248551
2019-03-22,8724.922774078539,87.13157057268383,3648.857304565989
2019-03-25,10025.021551900303,57.85174490449479,3703.4826312572222
2019-03-26,10025.021551900303,48.572469127612536,3700.5269066213186
2019-03-27,10025.021551900303,49.078262920825566,3700.1438566793036
2019-03-28,10025.021551900303,38.37515083918866,3708.018528864401
2019-03-29,10025.021551900303,39.26806984287626,3706.9984986677327
2019-04-01,10025.021551900303,51.869014692074735,3705.4736120107764
2019-04-02,10025.021551900303,71.97580929654805,3735.264548155127
2019-04-03,10025.021551900303,74.00639167190299,3734.8587557883507
2019-04-04,10025.021551900303,83.3908992409046,3737.459536034632
2019-04-05,10025.021551900303,81.71686523358012,3736.3148413994686
2019-04-08,10025.021551900303,86.41439619641652,3736.554980787575
2019-04-09,10025.021551900303,91.03419473764043,3738.5957507126395
2019-04-10,10025.021551900303,90.1323054516525,3739.1400873504294
2019-04-11,10025.021551900303,96.61638931633073,3737.8900865358014
2019-04-12,10025.021551900303,92.29154244418172,3737.855199290377
2019-04-15,10025.021551900303,110.46978868331391,3731.348460778063
2019-04-16,10025.021551900303,106.56084981501641,3730.6528559227854
2019-04-17,10025.021551900303,102.3760952865944,3727.919951500337
2019-04-18,10025.021551900303,97.6845369847637,3729.5030850605444
2019-04-22,10025.021551900303,84.1717919984319,3722.373875505929
2019-04-23,10025.021551900303,78.67214907830244,3717.2435446682193
2019-04-24,10025.021551900303,80.95608511249564,3717.475521988435
2019-04-25,10025.021551900303,81.29900914251083,3717.163922052392
2019-04-26,10025.021551900303,82.87933787056495,3716.4593231640665
2019-04-29,10025.021551900303,77.50858614754107,3714.7914534704873
2019-04-30,10025.021551900303,88.74891148329532,3713.0647825564324
2019-05-01,10025.021551900303,87.32899558888909,3713.3637990840202
2019-05-02,10025.021551900303,85.90564676126016,3713.9392333976975
2019-05-03,10025.021551900303,75.59876617778622,3708.9049608202877
2019-05-06,10025.021551900303,78.0544883898872,3709.819859395189
2019-05-07,10025.021551900303,76.02274205977778,3710.3854025529363
2019-05-08,10025.021551900303,67.10589571335278,3718.7201800507532
2019-05-09,10025.021551900303,75.75585970464864,3717.500591676046
2019-05-10,10025.021551900303,78.48566885961007,3713.9953886214284
2019-05-13,10025.021551900303,66.54427455895622,3703.3433841911638
2019-05-14,10025.021551900303,59.80016156626833,3703.904007693422
2019-05-15,10025.021551900303,59.42106424674677,3703.9998678854454
2019-05-16,10025.021551900303,47.18523566113544,3715.078919048261
2019-05-17,10025.021551900303,50.31815221105364,3714.4709528752546
2019-05-20,10025.021551900303,32.46053126131295,3713.6465585362653
2019-05-21,10025.021551900303,29.14115085810557,3712.0436071139015
2019-05-22,10025.021551900303,34.427046263510334,3709.624844134998
2019-05-23,10025.021551900303,23.297253319682902,3713.6524763722846
2019-05-24,10025.021551900303,14.899083498892724,3715.1640753542624
2019-05-28,10025.021551900303,27.700443806579337,3708.0495997896555
2019-05-29,10025.021551900303,9.380071011763969,3722.0858166650482
2019-05-30,10025.021551900303,-5.610562465220253,3720.0939702028973
2019-05-31,10025.021551900303,-4.12199253981869,3719.300135427513
2019-06-03,10025.021551900303,-21.17340886818807,3721.128082791728
2019-06-04,10025.021551900303,-20.123284404803417,3720.5357706038826
2019-06-05,10025.021551900303,-10.38137686934421,3734.884577540515
2019-06-06,10025.021551900303,-2.71680842075689,3735.5983643622367
2019-06-07,10025.021551900303,7.339453312981874,3734.8430364595447
2019-06-10,10025.021551900303,17.56091757943979,3741.8628735058114
2019-06-11,10025.021551900303,23.661194786801936,3747.2166947316096
2019-06-12,10025.021551900303,35.1163124907205,3735.807618082713
2019-06-13,10025.021551900303,35.72143335536009,3735.5799900525603
2019-06-14,10025.021551900303,39.80005237128015,3734.7086018235887
2019-06-17,10025.021551900303,22.099989539100147,3726.374859233278
2019-06-18,10025.021551900303,35.4759201104774,3707.9915987643517
2019-06-19,10025.021551900303,45.47920077894619,3714.7395525176944
2019-06-20,10025.021551900303,44.315241022431586,3714.803363298229
2019-06-21,10025.021551900303,66.54696529918252,3754.4500029366795
2019-06-24,10025.021551900303,83.32659869928892,3765.240458843064
2019-06-25,10025.021551900303,82.3454286969864,3765.0921054645514
2019-06-26,10025.021551900303,55.90535841597035,3774.0072759282275
2019-06-27,10025.021551900303,50.20257908613215,3772.0817162267795
2019-06-28,10025.021551900303,39.84490724831214,3768.4923547706017
2019-07-01,10025.021551900303,48.869486604219475,3770.753818520289
2019-07-02,10025.021551900303,59.391498647243175,3775.4951795633497
2019-07-03,10025.021551900303,57.80644849268452,3774.748417740864
2019-07-05,10025.021551900303,67.2673797111811,3781.7327850491833
2019-07-08,10025.021551900303,73.7301015097962,3783.086356347809
2019-07-09,10025.021551900303,62.45000693831178,3794.6230701940467
2019-07-10,10025.021551900303,68.04927663204977,3797.3665714066024
2019-07-11,10025.021551900303,74.78512922716703,3800.228848476025
2019-07-12,10025.021551900303,80.21448359098804,3803.882929690886
2019-07-15,10025.021551900303,80.73218502015393,3804.0220818442085
2019-07-16,10025.021551900303,79.6877360365734,3804.470547087614
2019-07-17,10025.021551900303,71.89631541597016,3801.139886035934
2019-07-18,10025.021551900303,64.76490755277794,3805.030349989825
2019-07-19,10025.021551900303,68.09213070195067,3806.562759956953
2019-07-22,10025.021551900303,56.15882134341778,3807.588778316451
2019-07-23,10025.021551900303,43.09722914300308,3802.739554006115
2019-07-24,10025.021551900303,48.64181258539912,3803.0080803221763
2019-07-25,10025.021551900303,37.91667067059432,3800.433123879338
2019-07-26,10025.021551900303,38.69173774220469,3800.1934879426763
2019-07-29,10025.021551900303,41.2680442940378,3801.164802294515
2019-07-30,10025.021551900303,41.67124104462503,3801.053532495387
2019-07-31,10025.021551900303,43.53740083562155,3801.2541237404926
2019-08-01,10025.021551900303,32.0950192957758,3816.6643167149064
2019-08-02,10025.021551900303,17.47419996450057,3824.391505554874
2019-08-05,10025.021551900303,10.549263189224702,3832.089228911671
2019-08-06,10025.021551900303,6.446767056460026,3830.8306338281677
2019-08-07,10025.021551900303,10.905490800225554,3828.7737127057458
2019-08-08,10025.021551900303,12.518860270493285,3828.6043375805616
2019-08-09,10025.021551900303,11.67989978620023,3828.612713136876
2019-08-12,10025.021551900303,9.5193649758026,3828.140599582875
2019-08-13,10025.021551900303,2.77982298044808,3830.081278985108
2019-08-14,10025.021551900303,2.2229271264618875,3830.4253530831384
2019-08-15,10025.021551900303,4.6856734860258875,3829.0487968023226
2019-08-16,10025.021551900303,1.1924494185688237,3833.2183706795704
2019-08-19,10025.021551900303,-5.847846763200854,3836.845486208528
2019-08-20,10025.021551900303,-20.50081494844523,3832.9264383485965
2019-08-21,10025.021551900303,-11.870550962410839,3826.8749284874084
2019-08-22,10025.021551900303,-9.20803078455964,3827.9773514422996
2019-08-23,10025.021551900303,-1.640979874464072,3829.021121984167
2019-08-26,10025.021551900303,-24.19308207603333,3826.230779538164
2019-08-27,10025.021551900303,-12.162307717485659,3828.6453697444667
2019-08-28,10025.021551900303,-22.467942719089812,3827.9017363472544
2019-08-29,10025.021551900303,-30.35291400479918,3830.632659941218
2019-08-30,10025.021551900303,-35.825146326876464,3826.541933012686
2019-09-03,10025.021551900303,-23.80438914641799,3816.0692684331825
2019-09-04,10025.021551900303,-30.27626790137141,3814.6592601304656
2019-09-05,10025.021551900303,-22.953475019459002,3815.0789536526245
2019-09-06,10025.021551900303,-13.717890965323488,3825.686699127885
2019-09-09,10025.021551900303,-38.81499952883107,3819.4901639776986
2019-09-10,10025.021551900303,-35.64929895774985,3823.1883223143113
2019-09-11,10025.021551900303,-27.60672737812782,3829.5103170810826
2019-09-12,10025.021551900303,-11.339963054141975,3842.4907397628126
2019-09-13,10025.021551900303,-3.199612076731937,3847.638698691304
2019-09-16,10025.021551900303,7.213272392681829,3858.0878993929323
2019-09-17,10025.021551900303,-5.120605443366629,3860.707245345472
2019-09-18,10025.021551900303,-14.9583548986651,3861.1255635413017
2019-09-19,10025.021551900303,-2.041680742354307,3846.2291988567213
2019-09-20,10025.021551900303,-8.342691874281881,3845.671470373987
2019-09-23,10025.021551900303,-12.190109351559746,3847.7059603332855
2019-09-24,10025.021551900303,-10.47658551236859,3846.7278135903885
2019-09-25,10025.021551900303,-35.148155724786946,3870.400422759306
2019-09-26,10025.021551900303,-23.758402376209037,3877.403514361239
2019-09-27,10025.021551900303,-39.67787569740194,3884.980998408673
2019-09-30,10025.021551900303,-53.968922978120304,3893.9143352472
2019-10-01,10025.021551900303,-56.840670175325386,3895.339759388156
2019-10-02,10025.021551900303,-77.60253672005663,3915.371759164894
2019-10-03,10025.021551900303,-94.77111897425223,3920.4761604526743
2019-10-04,10025.021551900303,-103.94384255249807,3922.3993817375754
2019-10-07,10025.021551900303,-108.516040121981,3920.8552242681235
2019-10-08,10025.021551900303,-107.37038886612551,3920.8894496148378
2019-10-09,10025.021551900303,-116.85537844820952,3918.784792541578
2019-10-10,10025.021551900303,-105.3216282314568,3923.2652116957725
2019-10-11,10025.021551900303,-89.53413551405893,3929.05921543683
2019-10-14,10025.021551900303,-74.13114144345636,3945.0126201195353
2019-10-15,10025.021551900303,-70.3104330793271,3944.202100972278
2019-10-16,10025.021551900303,-70.9881268973043,3943.8505170211884
2019-10-17,10025.021551900303,-75.51967387124199,3943.701453460556
2019-10-18,10025.021551900303,-83.14784152010243,3932.81535503656
2019-10-21,10025.021551900303,-76.27393072228675,3927.5677249894557
2019-10-22,10025.021551900303,-70.93582013018533,3933.87272961477
2019-10-23,10025.021551900303,-72.98213786880528,3935.0089639646085
2019-10-24,10025.021551900303,-75.26114791090257,3934.4883700608993
2019-10-25,10025.021551900303,-69.256203148156,3935.833815597576
2019-10-28,10025.021551900303,-46.71897734296825,3928.758545561865
2019-10-29,10025.021551900303,-39.67943757225009,3935.3328876452365
2019-10-30,10025.021551900303,-44.58114744782152,3935.699457522782
2019-10-31,10025.021551900303,-43.23932964996922,3935.2207174299283
2019-11-01,10025.021551900303,-52.958917141717336,3944.126594297747
2019-11-04,10025.021551900303,-31.709788766191064,3973.349176791547
2019-11-05,10025.021551900303,-15.693819985782131,3986.663483696404
2019-11-06,10025.021551900303,-17.41925331724144,3986.614033397371
2019-11-07,10025.021551900303,-28.610199523315867,3990.8944477882974
2019-11-08,10025.021551900303,-23.694540332496487,3998.8354035497964
2019-11-11,10025.021551900303,-23.71823448200943,3998.8305326901655
2019-11-12,10025.021551900303,-23.84779529554522,3998.891124240304
2019-11-13,10025.021551900303,-19.458016758181476,3998.481397110204
2019-11-14,10025.021551900303,-32.32046024425523,3996.5951031562886
2019-11-15,10025.021551900303,-38.26138039668207,3999.444913607785
2019-11-18,10025.021551900303,-27.80099369770811,3998.1043373095936
2019-11-19,10025.021551900303,-30.219468902901937,3998.0107972918013
2019-11-20,10025.021551900303,-29.225158018559508,3997.7314212818965
2019-11-21,10025.021551900303,-47.266510755553696,4007.1485840378164
2019-11-22,10025.021551900303,-45.11668251986046,4007.6978696188307
2019-11-25,10025.021551900303,-60.16913042011711,3998.9002140527373
2019-11-26,10025.021551900303,-60.19455716849168,3998.9050578699384
2019-11-27,10025.021551900303,-74.78743193346112,3985.877077653437
2019-11-29,10025.021551900303,-61.117113486448666,3986.0345344036277
2019-12-02,10025.021551900303,-53.5329107266004,3984.6845798882127
2019-12-03,10025.021551900303,-38.42206040117229,3980.5359036221516
2019-12-04,10025.021551900303,-43.307864557759665,3986.954426065483
2019-12-05,10025.021551900303,-37.16109754856212,3990.780328835153
2019-12-06,10025.021551900303,-39.26023490210754,3989.243288454894
2019-12-09,10025.021551900303,-34.83232564874606,3992.437737521925
2019-12-10,10025.021551900303,-43.28177302521977,3991.7843243844627
2019-12-11,10025.021551900303,-37.34795085680252,3991.532708740188
2019-12-12,10025.021551900303,-36.99831939463739,3991.3129541098497
2019-12-13,10025.021551900303,-22.06707744768889,4024.183265479431
2019-12-16,10025.021551900303,-43.365090753082384,4022.4842128456658
2019-12-17,10025.021551900303,-38.10434812663012,4032.179772209667
2019-12-18,10025.021551900303,-44.43302919687704,4029.370348332628
2019-12-19,10025.021551900303,-40.6288057969489,4030.838982065611
2019-12-20,10025.021551900303,-36.6349942695158,4032.8577888211603
2019-12-23,10025.021551900303,-30.95908513341642,4036.338935204567
2019-12-24,10025.021551900303,-21.595053314643753,4034.7180512787572
2019-12-26,10025.021551900303,-27.238575908707674,4032.681347743414
2019-12-27,10025.021551900303,-12.903618457755277,4044.100443777654
2019-12-30,10025.021551900303,-33.98753123353383,4026.342358432024
2019-12-31,10025.021551900303,-26.2893622746505,4030.568183095141
2020-01-02,10025.021551900303,-32.29315986888375,4027.1528274626376
2020-01-03,10025.021551900303,-41.35114274200921,4021.179178633082
2020-01-06,10025.021551900303,-56.1515105669438,4026.6904818039848
2020-01-07,10025.021551900303,-55.448850152281175,4027.35109996836
2020-01-08,10025.021551900303,-48.52768294088062,4027.6279254790156
2020-01-09,10025.021551900303,-54.817891818234216,4022.322432516969
2020-01-10,10025.021551900303,-79.66189537287151,3999.0573792925056
2020-01-13,10025.021551900303,-81.29150266450479,3999.5929745386975
2020-01-14,10025.021551900303,-88.908486205929,3990.2019354061813
2020-01-15,10025.021551900303,-96.68786975669008,3992.9454833567543
2020-01-16,10025.021551900303,-109.78104720991975,3982.073706664634
2020-01-17,10025.021551900303,-114.12713980075182,3973.7780721166887
2020-01-21,10025.021551900303,-105.98497915763664,3979.2613368717493
2020-01-22,10025.021551900303,-128.13909242598024,3980.4229167756216
2020-01-23,10025.021551900303,-128.40556393620213,3980.5005853996404
2020-01-24,10025.021551900303,-152.45820702121773,3949.5525047592305
2020-01-27,10025.021551900303,-162.98301804398554,3962.8365299567636
2020-01-28,10350.047172201848,-170.77864932585427,3981.072514530121
2020-01-29,10350.047172201848,-168.17517564920988,3982.66903875515
2020-01-30,10350.047172201848,-184.58277434480306,3979.046595190333
2020-01-31,10350.047172201848,-195.8903812956861,3977.311962521731
2020-02-03,10350.047172201848,-240.48018560292473,3955.167457619812
2020-02-04,10031.112080263432,-212.6854077650929,3932.791774505953
2020-02-05,10031.112080263432,-195.85560779001642,3949.908211997032
2020-02-06,10031.112080263432,-178.14079094557704,3983.325262116123
2020-02-07,10031.112080263432,-159.7646069530763,3972.0103486465277
2020-02-10,10031.112080263432,-179.34799018956537,3992.6783540313545
2020-02-11,10031.112080263432,-170.295013472179,3995.8751883416894
2020-02-12,10031.112080263432,-178.72690023570257,3986.6192123216642
2020-02-13,10031.112080263432,-179.55280243174127,3986.2696369116406
2020-02-14,10031.112080263432,-175.33828218467175,3984.9060230038804
2020-02-18,10031.112080263432,-173.27201700538566,3983.847846665377
2020-02-19,10031.112080263432,-176.25210581555208,3983.0262813116533
2020-02-20,10031.112080263432,-167.23470774077344,3982.260709766385
2020-02-21,10031.112080263432,-162.6672147415756,3978.989836370494
2020-02-24,10031.112080263432,-164.28559321055113,3979.783915577741
2020-02-25,10031.112080263432,-158.6589565656468,3984.3035870568992
2020-02-26,10031.112080263432,-160.16495246103645,3985.9561755732657
2020-02-27,10031.112080263432,-148.56664481298606,3981.801425394095
2020-02-28,10031.112080263432,-132.97205498354532,4016.4398616639637
2020-03-02,10957.365665240897,-174.81583339543084,4117.571613853825
2020-03-03,11389.447764993907,-202.4159625125152,4146.898348816035
2020-03-04,11389.447764993907,-182.414201335137,4173.442770554524
2020-03-05,11389.447764993907,-191.2633947886615,4186.869170399949
2020-03-06,11389.447764993907,-180.52238668926356,4194.031746550246
2020-03-09,11389.447764993907,-196.3572867440967,4218.106181525911
2020-03-10,11389.447764993907,-182.21781472104072,4224.072199632637
2020-03-11,11389.447764993907,-179.26077071854712,4223.776640141861
2020-03-12,11389.447764993907,-152.025322890947,4261.181763191318
2020-03-13,11389.447764993907,-116.61796766051357,4332.022214440062
2020-03-16,11474.061544205442,-163.72433498012222,4456.3557263424855
2020-03-17,11474.061544205442,-155.65571028138226,4464.532464872196
2020-03-18,11474.061544205442,-126.45468626111935,4522.96952174856
2020-03-19,11474.061544205442,-94.60612465260108,4568.454465989833
2020-03-20,11562.09318335009,-121.63004609192794,4596.200880560807
2020-03-23,11562.09318335009,-142.93375876489316,4613.407606966172
2020-03-24,11562.09318335009,-127.48792206320563,4610.340224009188
2020-03-25,11562.09318335009,-107.13201229728334,4608.495304274015
2020-03-26,11562.09318335009,-95.84859597974534,4598.812635067481
2020-03-27,11562.09318335009,-85.70294705094626,4615.429163045872
2020-03-30,11562.09318335009,-108.60838733821242,4641.859905875376
2020-03-31,11562.09318335009,-109.36605385822855,4642.076015845762
2020-04-01,11838.960924532414,-151.68713589681605,4726.526035060991
2020-04-02,12029.022363530503,-169.98100486364,4754.6520979595225
2020-04-03,12029.022363530503,-174.6233769310903,4753.75611597213
2020-04-06,12029.022363530503,-199.1568164074965,4774.998358230753
2020-04-07,12029.022363530503,-156.57682000830295,4882.538692334475
2020-04-08,12029.022363530503,-141.12114854688014,4891.121619426315
2020-04-09,12029.022363530503,-120.33432552149135,4909.498435174693
2020-04-13,12029.022363530503,-107.93366071688337,4918.306787481608
2020-04-14,12029.022363530503,-105.317589209256,4918.5310909447735
2020-04-15,12029.022363530503,-85.57516134307888,4953.089615582598
2020-04-16,14138.896491522224,-133.86180756526286,5038.20300458764
2020-04-17,14138.896491522224,-141.1527919705024,5039.689967815895
2020-04-20,14138.896491522224,-115.32924975328977,5061.569943969909
2020-04-21,14138.896491522224,-136.95394997748704,5068.674971153476
2020-04-22,18782.30083107762,-181.84001966043564,5158.711864166466
2020-04-23,18782.30083107762,-136.52563661285652,5201.065566165037
2020-04-24,18782.30083107762,-132.8596554734786,5199.044485542633
2020-04-27,18782.30083107762,-120.46937587949556,5196.1049925710195
2020-04-28,18782.30083107762,-90.69943734517037,5231.0844136880705
2020-04-29,18782.30083107762,-101.13143386487913,5243.340191006756
2020-04-30,18782.30083107762,-52.957403600429274,5327.9814809894515
2020-05-01,18782.30083107762,-82.70901925675129,5344.613877607829
2020-05-04,18782.30083107762,-115.79364501086782,5394.725304582615
2020-05-05,18782.30083107762,-112.33399079680224,5395.817146389316
2020-05-06,18782.30083107762,-101.58889645947468,5406.892789428738
2020-05-07,18782.30083107762,-117.70752064454634,5409.4271292486455
2020-05-08,18782.30083107762,-113.08611343697132,5412.341403688297
2020-05-11,18782.30083107762,-111.28441638076096,5413.284686778915
2020-05-12,18782.30083107762,-108.16020317238693,5413.2593032042805
2020-05-13,18782.30083107762,-107.74350385342294,5413.178382140544
2020-05-14,18782.30083107762,-114.75938131012013,5413.92039019127
2020-05-15,18782.30083107762,-105.37899717738486,5407.8586776603925
2020-05-18,18782.30083107762,-110.43721976494435,5405.6303722914845
2020-05-19,18782.30083107762,-87.74132596690703,5423.172414097969
2020-05-20,18782.30083107762,-83.30612829820788,5422.16842381909
2020-05-21,18782.30083107762,-75.86756182986294,5420.176360205955
2020-05-22,18782.30083107762,-71.36127986810041,5416.289124365517
2020-05-26,16522.800432004446,-39.12049173003572,5352.365253367568
2020-05-27,16522.800432004446,-54.005313468344625,5335.420473951263
2020-05-28,16522.800432004446,-34.717607478378746,5343.154139202072
2020-05-29,16522.800432004446,-48.105029760581935,5327.958345209782
2020-06-01,16522.800432004446,-61.874985111778955,5320.634061773408
2020-06-02,16522.800432004446,-53.49161423081599,5325.1523688871575
2020-06-03,16522.800432004446,-68.50322808022602,5305.785066508904
2020-06-04,16522.800432004446,-41.52831709092326,5330.860139356344
2020-06-05,16522.800432004446,-35.258749876519225,5335.415839212034
2020-06-08,16522.800432004446,3.1234527620239243,5431.028276486089
2020-06-09,16522.800432004446,23.548031659777187,5446.099163211249
2020-06-10,16522.800432004446,6.38669841980093,5455.238214332405
2020-06-11,16522.800432004446,-5.3381853715053875,5466.028509325162
2020-06-12,20043.289393329083,-68.35671040955643,5765.909491453877
2020-06-15,20043.289393329083,-57.01267035646438,5769.371117490529
2020-06-16,20043.289393329083,-48.91541986967006,5769.305590141447
2020-06-17,20043.289393329083,-14.486845728777872,5823.440636254094
2020-06-18,20043.289393329083,-21.065930512172404,5827.99567190081
2020-06-19,20043.289393329083,-29.04780801104891,5830.379205564872
2020-06-22,20043.289393329083,-35.013950779347944,5832.759899694153
2020-06-23,20043.289393329083,-38.51275638977163,5833.815333653574
2020-06-24,20043.289393329083,-16.731393383645337,5833.248775825686
2020-06-25,20043.289393329083,-24.343662215388132,5839.442136679093
2020-06-26,20043.289393329083,-32.357720584605104,5841.191320565531
2020-06-29,20043.289393329083,-44.71458328466781,5845.338333485729
2020-06-30,20043.289393329083,-45.123576745010624,5845.4621462820605
2020-07-01,20043.289393329083,-40.815929501342545,5847.158605811035
2020-07-02,20043.289393329083,-37.16260477673129,5846.498681706875
2020-07-06,20043.289393329083,-50.08792872443437,5839.844498161224
2020-07-07,20043.289393329083,-37.406418785895795,5849.178342364044
2020-07-08,20043.289393329083,-30.3411043699547,5843.251814574512
2020-07-09,20043.289393329083,-27.902113833260227,5844.08168751149
2020-07-10,20043.289393329083,-31.659818414604946,5846.826697387748
2020-07-13,20043.289393329083,-30.998671231310464,5846.983772864262
2020-07-14,20043.289393329083,-27.748754039492603,5847.169015474547
2020-07-15,20043.289393329083,-25.793051022983644,5847.722167338762
2020-07-16,20043.289393329083,-3.887326036583996,5843.382102603616
2020-07-17,20043.289393329083,-26.005053976924245,5847.235971533488
2020-07-20,20043.289393329083,-34.42209662995367,5841.209499695456
2020-07-21,20043.289393329083,-29.073489102523308,5843.186876483709
2020-07-22,20043.289393329083,-26.173899278528815,5844.523891365266
2020-07-23,20043.289393329083,-14.672525798002912,5853.3007236518615
2020-07-24,20043.289393329083,-17.64167334374759,5855.85201483145
2020-07-27,20043.289393329083,-26.37027414695175,5856.334350065291
2020-07-28,20043.289393329083,-0.6197261327464512,5880.202548853774
2020-07-29,20043.289393329083,-7.978616295336644,5881.4741059641365
2020-07-30,20043.289393329083,14.744500040408107,5888.741460105898
2020-07-31,20043.289393329083,7.535431163692177,5894.583697907932
2020-08-03,20043.289393329083,32.25923081928793,5910.996232416464
2020-08-04,20043.289393329083,33.60812963237316,5912.05411925723
2020-08-05,20043.289393329083,37.309510378281296,5912.227056607593
2020-08-06,20043.289393329083,54.33642549412248,5916.2986008858325
2020-08-07,20043.289393329083,80.64601243014238,5913.517063325903
2020-08-10,20043.289393329083,84.35416900108712,5910.693884980114
2020-08-11,20043.289393329083,81.40633959406058,5910.69210522063
2020-08-12,20043.289393329083,75.73937708207565,5920.489837836544
2020-08-13,20043.289393329083,84.5539956196337,5925.218842220753
2020-08-14,20043.289393329083,92.42957499520759,5931.605770325235
2020-08-17,20043.289393329083,92.3021289440332,5931.634456868992
2020-08-18,20043.289393329083,90.56707565129167,5930.256557518014
2020-08-19,20043.289393329083,96.47655927455533,5930.389729539011
2020-08-20,20043.289393329083,88.1603394618736,5937.849121949699
2020-08-21,20043.289393329083,73.59850990574353,5933.74102564602
2020-08-24,20043.289393329083,51.52048635599259,5918.652122537566
2020-08-25,20043.289393329083,54.01718683998243,5919.367834059845
2020-08-26,20043.289393329083,52.9151972891608,5918.4232397640535
2020-08-27,20043.289393329083,86.57695196321025,5930.596641167499
2020-08-28,20043.289393329083,96.17369810123537,5931.60328259152
2020-08-31,20043.289393329083,109.44497543928179,5940.582255264992
2020-09-01,20043.289393329083,112.42342806963791,5939.864539762816
2020-09-02,20043.289393329083,120.08498742683075,5941.9660590161475
2020-09-03,20043.289393329083,125.89537073432506,5946.288981170505
2020-09-04,20430.127080573526,69.91098814813668,6097.299250385426
2020-09-08,20430.127080573526,63.19542758071647,6095.52606660667
2020-09-09,20430.127080573526,24.76304429773154,6149.583305400064
2020-09-10,20430.127080573526,41.60178296428764,6162.915052769222
2020-09-11,20430.127080573526,14.182933715242108,6190.97934637884
2020-09-14,20430.127080573526,7.486900033537328,6193.256623612425
2020-09-15,20430.127080573526,12.579130888932719,6199.145442240535
2020-09-16,20430.127080573526,12.227410325807694,6199.001169417521
2020-09-17,20430.127080573526,5.175526671205036,6197.204656137983
2020-09-18,20430.127080573526,-3.460648798595299,6200.7189718972095
2020-09-21,20430.127080573526,-5.258976107083814,6201.249991757156
2020-09-22,20430.127080573526,-20.638939223741414,6206.967300524545
2020-09-23,20430.127080573526,-16.681602600442595,6204.129399774862
2020-09-24,20430.127080573526,-27.95700617806276,6213.09725812836
2020-09-25,20430.127080573526,-26.89058330179128,6212.762702814874
2020-09-28,20430.127080573526,-40.31609871761524,6212.623441860716
2020-09-29,20430.127080573526,-27.823583692184563,6215.702987826367
2020-09-30,20430.127080573526,-39.042201677675386,6210.0729066830145
2020-10-01,20430.127080573526,-31.441431276340328,6211.625558381325
2020-10-02,20430.127080573526,-32.30807806994242,6211.280805050096
2020-10-05,20430.127080573526,-27.41861101882541,6210.202551439193
2020-10-06,20430.127080573526,1.5486841220396745,6230.193352440223
2020-10-07,20430.127080573526,-14.4048181017967,6235.788695081782
2020-10-08,20430.127080573526,-9.064402106149704,6239.2131348686535
2020-10-09,20430.127080573526,-5.10372667385824,6238.172879154222
2020-10-12,20430.127080573526,3.757597523191711,6245.175371459641
2020-10-13,20430.127080573526,31.259158309379156,6254.81863015734
2020-10-14,20430.127080573526,2.607215061791794,6280.505954831489
2020-10-15,20430.127080573526,-0.44262412838335147,6283.159829616741
2020-10-16,20430.127080573526,-2.027355547258543,6282.990928132361
2020-10-19,20430.127080573526,-1.0038324816264794,6282.7775054678095
2020-10-20,20430.127080573526,-8.251834981625056,6287.247739912103
2020-10-21,20430.127080573526,11.36484145746156,6287.483792849639
2020-10-22,20430.127080573526,11.022374285897298,6287.388634612853
2020-10-23,20430.127080573526,29.06927273541922,6279.400319513795
2020-10-26,20430.127080573526,25.0640332069585,6280.635056241408
2020-10-27,20430.127080573526,-2.8124819410028867,6306.5842776345025
2020-10-28,20430.127080573526,-13.989259578385566,6313.543542181971
2020-10-29,20430.127080573526,-30.579919253249333,6321.359776951175
2020-10-30,20430.127080573526,-42.248587745535524,6314.070815000114
2020-11-02,20430.127080573526,-42.89590439189301,6314.241918667381
2020-11-03,20430.127080573526,-42.82047838303979,6314.2677668087335
2020-11-04,20430.127080573526,-36.11629762670088,6320.0543519573375
2020-11-05,20430.127080573526,-48.784895183421135,6326.382591653123
2020-11-06,20430.127080573526,4.267820790219688,6338.716195602106
2020-11-09,20430.127080573526,16.952402468809627,6336.116323760541
2020-11-10,20430.127080573526,54.36455441145705,6344.6055386784
2020-11-11,20430.127080573526,47.41229057286947,6344.506655976457
2020-11-12,20430.127080573526,56.45302036513228,6346.384747631283
2020-11-13,20430.127080573526,29.873733459005148,6381.307943745876
2020-11-16,20430.127080573526,54.890211461425004,6404.316337756546
2020-11-17,20430.127080573526,75.93589576659402,6429.069368261901
2020-11-18,20430.127080573526,63.47980292220373,6440.556030726335
2020-11-19,20430.127080573526,41.76971220354037,6458.659645046819
2020-11-20,20430.127080573526,49.001334344943984,6457.025240640169
2020-11-23,20430.127080573526,40.3782147165442,6464.2149291032365
2020-11-24,20430.127080573526,48.554797053614415,6464.227826269485
2020-11-25,20430.127080573526,74.2297664563689,6483.122626534278
2020-11-27,20430.127080573526,75.44920075086853,6482.9721642308705
2020-11-30,20430.127080573526,67.55306679634445,6484.979960709194
2020-12-01,20430.127080573526,73.65434776588042,6478.847485019613
2020-12-02,20430.127080573526,122.53434466876207,6545.60072197146
2020-12-03,20430.127080573526,139.99545541233726,6558.0387663246765
2020-12-04,20430.127080573526,142.24070776453172,6557.8159520184445
2020-12-07,20430.127080573526,164.65765681330353,6578.768124711943
2020-12-08,20430.127080573526,161.12029211817824,6578.972369523886
2020-12-09,20430.127080573526,165.3068405051654,6579.183874367146
2020-12-10,20430.127080573526,150.1892537545734,6594.32468110896
2020-12-11,20430.127080573526,140.70983101352547,6596.795401512518
2020-12-14,20430.127080573526,144.70333339392081,6596.510089390744
2020-12-15,20430.127080573526,150.10149450423992,6594.262384206781
2020-12-16,20430.127080573526,144.70744806985041,6588.527258837806
2020-12-17,20430.127080573526,138.36868374607658,6586.721231379739
2020-12-18,20430.127080573526,147.44234695191537,6591.552042799626
2020-12-21,20430.127080573526,150.4751112151303,6590.526971716571
2020-12-22,20430.127080573526,162.4595325037153,6588.601675944561
2020-12-23,20430.127080573526,153.12430224309549,6594.2241953283055
2020-12-24,20430.127080573526,162.31022665333438,6592.377579316399
2020-12-28,20430.127080573526,163.9739310410745,6591.554539369294
2020-12-29,20430.127080573526,177.75522426093022,6589.529540989596
2020-12-30,20430.127080573526,176.46100224049783,6589.223905256852
2020-12-31,20430.127080573526,174.32280721985478,6588.789763533043
2021-01-04,20430.127080573526,178.92950344703817,6590.366372843909
2021-01-05,20430.127080573526,187.04793373714566,6594.17823143041
2021-01-06,20430.127080573526,192.96245118363896,6595.174605806231
2021-01-07,20430.127080573526,208.27606590678707,6597.135516511965
2021-01-08,20430.127080573526,223.38928537294169,6607.029428455097
2021-01-11,20430.127080573526,220.44290147779785,6608.244986983148
2021-01-12,20430.127080573526,208.93282608458912,6611.419411883187
2021-01-13,20430.127080573526,205.08403746290753,6611.212323159017
2021-01-14,20430.127080573526,186.88022038044886,6610.230287315984
2021-01-15,20430.127080573526,197.85036794348144,6606.065483553138
2021-01-19,20430.127080573526,173.09087424998856,6629.628229803667
2021-01-20,20430.127080573526,191.59097400620865,6630.969994921038
2021-01-21,20430.127080573526,210.6895589617878,6662.829209983429
2021-01-22,20430.127080573526,212.96460246760836,6663.062444959131
2021-01-25,20430.127080573526,202.75204620950137,6668.995098873694
2021-01-26,20430.127080573526,193.20458442054488,6666.074288582023
2021-01-27,20430.127080573526,190.42304789757776,6667.020729632898
2021-01-28,20430.127080573526,219.39022784411117,6713.777403989866
2021-01-29,20430.127080573526,187.69199022946327,6729.25125150905
2021-02-01,20430.127080573526,195.03361519483144,6732.03702322988
2021-02-02,20430.127080573526,198.00823523219194,6730.3881484612075
2021-02-03,20430.127080573526,202.14220649137565,6724.730728362172
2021-02-04,20430.127080573526,196.87882769454845,6726.934492234913
2021-02-05,20430.127080573526,187.22416013380294,6730.510263381936
2021-02-08,20430.127080573526,174.65146359751404,6718.293216853139
2021-02-09,20430.127080573526,179.90572601962003,6722.782197310576
2021-02-10,20430.127080573526,190.0519334841583,6717.986869389415
2021-02-11,20430.127080573526,170.14179929570705,6705.602850374491
2021-02-12,20430.127080573526,155.67105924095887,6703.656654412045
2021-02-16,20430.127080573526,157.647554640478,6704.219846395229
2021-02-17,20430.127080573526,173.259785625229,6707.432557454681
2021-02-18,20430.127080573526,158.3649053547067,6711.236823966228
2021-02-19,20430.127080573526,148.15137275462433,6711.971853150618
2021-02-22,20430.127080573526,158.8563319055299,6713.050637949285
2021-02-23,20430.127080573526,162.6659021756828,6714.848731316713
2021-02-24,20430.127080573526,161.10715462075763,6714.959738517425
2021-02-25,20430.127080573526,170.83972250545403,6714.524177236914
2021-02-26,20430.127080573526,189.08317455757845,6716.404954857419
2021-03-01,20430.127080573526,155.14890996377602,6764.821614469311
2021-03-02,20430.127080573526,163.4982968472066,6762.719021452326
2021-03-03,20430.127080573526,160.53291314022022,6765.2913774587905
2021-03-04,20430.127080573526,162.0642252227033,6764.718736244997
2021-03-05,20430.127080573526,160.45169975854,6764.498627207457
2021-03-08,20430.127080573526,155.29716950717537,6765.775925965711
2021-03-09,20430.127080573526,138.66273335449728,6767.828296425889
2021-03-10,20430.127080573526,143.05340430902476,6767.915501555147
2021-03-11,20430.127080573526,144.44115881352008,6767.587227123859
2021-03-12,20430.127080573526,145.44003473697896,6767.950115483993
2021-03-15,20430.127080573526,155.10030074731097,6774.100332370575
2021-03-16,20430.127080573526,162.55391404684912,6771.152859163366
2021-03-17,20430.127080573526,148.8011608142436,6768.617797264555
2021-03-18,20430.127080573526,180.62080455857037,6738.867365492675
2021-03-19,20430.127080573526,190.34676269564434,6740.5392591116015
2021-03-22,20430.127080573526,195.5474096980802,6739.368491792278
2021-03-23,20430.127080573526,193.18734864641593,6741.521295750569
2021-03-24,20430.127080573526,187.1928942773547,6746.556556139066
2021-03-25,20430.127080573526,176.2842920889202,6746.816897974091
2021-03-26,20430.127080573526,150.85194132415293,6731.433523131732
2021-03-29,20430.127080573526,166.7276391308971,6740.043770242954
2021-03-30,20430.127080573526,167.60069285473688,6740.499230620749
2021-03-31,20430.127080573526,145.88246525981765,6751.377309131547
2021-04-01,20430.127080573526,151.6644229918515,6753.733137098778
2021-04-05,20430.127080573526,151.75311394254626,6753.769479185768
2021-04-06,20430.127080573526,184.09107431956224,6780.247073487371
2021-04-07,20430.127080573526,176.8579903130955,6781.309095275112
2021-04-08,20430.127080573526,181.18039716468797,6781.273914763834
2021-04-09,20430.127080573526,181.06182101881137,6781.219580881952
2021-04-12,20430.127080573526,197.05093234350804,6789.724520481425
2021-04-13,20430.127080573526,194.2589631843572,6789.479269242773
2021-04-14,20430.127080573526,200.44853043344523,6788.58535250202
2021-04-15,20430.127080573526,194.68165319456924,6791.108432454531
2021-04-16,20430.127080573526,208.19241658858624,6801.756832928403
2021-04-19,20430.127080573526,219.73714718634417,6808.046289887763
2021-04-20,20430.127080573526,217.72128023149844,6809.211262110523
2021-04-21,20430.127080573526,205.1878644276241,6817.5453393413545
2021-04-22,20430.127080573526,227.05951189912483,6834.0510207310235
2021-04-23,20430.127080573526,216.73167169251684,6834.777851238477
2021-04-26,20430.127080573526,218.53181663378444,6834.562781821879
2021-04-27,20430.127080573526,227.80244808234536,6835.007089263243
2021-04-28,20430.127080573526,233.7665370920709,6835.508449243545
2021-04-29,20430.127080573526,229.46313348144608,6835.027439110214
2021-04-30,20430.127080573526,241.44030102086515,6837.304882382043
2021-05-03,20430.127080573526,246.85985700376773,6833.720328873948
2021-05-04,20430.127080573526,242.07076557614803,6833.531430437518
2021-05-05,20430.127080573526,241.64084014580888,6833.805738981579
2021-05-06,20430.127080573526,235.1036356053507,6835.227934380034
2021-05-07,20430.127080573526,248.24134166752887,6837.370442242705
2021-05-10,20430.127080573526,262.7801644185329,6842.501876940125
2021-05-11,20430.127080573526,282.8535486084985,6837.761019273552
2021-05-12,20430.127080573526,280.2568340553411,6838.0723520142055
2021-05-13,20430.127080573526,296.46032031077755,6836.910278904555
2021-05-14,20430.127080573526,278.3907408379071,6847.004525024221
2021-05-17,20430.127080573526,274.2743451561652,6847.996494464102
2021-05-18,20430.127080573526,291.0898119556915,6847.571125258968
2021-05-19,20430.127080573526,293.9888427351089,6846.588806564096
2021-05-20,20430.127080573526,299.565572461954,6848.43341253548
2021-05-21,20430.127080573526,307.2031135834735,6841.9533602099655
2021-05-24,20430.127080573526,311.842493526163,6840.321151433531
2021-05-25,20430.127080573526,314.46626605836644,6839.833159178122
2021-05-26,20430.127080573526,317.31083843845306,6838.05010244106
2021-05-27,20430.127080573526,322.38140765447775,6837.377779042285
2021-05-28,20430.127080573526,307.0221282676978,6828.942504308737
2021-06-01,20430.127080573526,298.63609226817886,6829.117949059472
2021-06-02,20430.127080573526,299.6451174628082,6829.442095732572
2021-06-03,20430.127080573526,285.4438316759221,6826.759533352512
2021-06-04,20430.127080573526,263.2587156686543,6829.999312934711
2021-06-07,20430.127080573526,252.81566123699074,6835.6574078751555
2021-06-08,20430.127080573526,258.4659280663211,6835.608691513793
2021-06-09,20430.127080573526,252.49805430163804,6836.908918853407
2021-06-10,20430.127080573526,252.67109306608782,6836.836630477073
2021-06-11,20430.127080573526,244.88983100571332,6841.305420157817
2021-06-14,20430.127080573526,230.2095249616677,6838.870485793363
2021-06-15,20430.127080573526,235.33908261714438,6839.32161717959
2021-06-16,20430.127080573526,209.073551783622,6818.234225186707
2021-06-17,20430.127080573526,194.86843106389105,6812.11572141693
2021-06-18,20430.127080573526,161.5915803430872,6851.608224777767
2021-06-21,20430.127080573526,162.64544059760158,6850.420156684738
2021-06-22,20430.127080573526,170.53936602666525,6852.389313260112
2021-06-23,20430.127080573526,167.31512500728778,6853.433746659734
2021-06-24,20430.127080573526,160.93073921564948,6852.049315054119
2021-06-25,20430.127080573526,151.7485089763228,6849.457900660514
2021-06-28,20430.127080573526,160.18856553756845,6853.643944952123
2021-06-29,20430.127080573526,142.74212515307462,6851.862486779458
2021-06-30,20430.127080573526,131.8416654454534,6852.477151064326
2021-07-01,20430.127080573526,137.94492149368304,6847.809558225966
2021-07-02,20430.127080573526,141.39039308504772,6849.847559414692
2021-07-06,20430.127080573526,140.68103284496488,6849.531272535188
2021-07-07,20430.127080573526,121.77503190490361,6851.9346379748085
2021-07-08,20430.127080573526,116.92355842186495,6852.006935785096
2021-07-09,20430.127080573526,103.44640219035742,6862.425858134413
2021-07-12,20430.127080573526,131.7355726787353,6890.0658078052065
2021-07-13,20430.127080573526,147.2220224732203,6889.946507947891
2021-07-14,20430.127080573526,141.29623445914197,6889.065837025422
2021-07-15,20430.127080573526,143.18846782389764,6888.262949585719
2021-07-16,20430.127080573526,131.61544300771115,6896.400361383101
2021-07-19,20430.127080573526,105.4452062661518,6915.5577398670475
2021-07-20,20430.127080573526,94.00892244005637,6923.3179886524085
2021-07-21,20430.127080573526,99.4637685448092,6923.575677416111
2021-07-22,20430.127080573526,103.64931932751497,6925.428378958945
2021-07-23,20430.127080573526,102.17274517851997,6925.722482735142
2021-07-26,20430.127080573526,113.38463035838245,6931.579268263324
2021-07-27,20430.127080573526,129.19937210353834,6922.177166096653
2021-07-28,20430.127080573526,134.90825231568516,6918.5811767376445
2021-07-29,20430.127080573526,147.1097480477999,6913.180880446707
2021-07-30,20430.127080573526,158.38262712109054,6917.789306907125
2021-08-02,20430.127080573526,144.41713860732207,6926.4469705346055
2021-08-03,20430.127080573526,136.19550497777206,6929.041453319488
2021-08-04,20430.127080573526,140.57366753348515,6929.4975210824905
2021-08-05,20430.127080573526,130.9135929460653,6932.633292971061
2021-08-06,20430.127080573526,145.8672381087227,6934.407250724519
2021-08-09,20430.127080573526,150.5023733685781,6933.410645596984
2021-08-10,20430.127080573526,142.35323439550262,6937.767855757065
2021-08-11,20430.127080573526,158.9872682073507,6934.340470854481
2021-08-12,20430.127080573526,173.51931089037296,6933.778783685067
2021-08-13,20430.127080573526,185.1414405765152,6933.9020656869
2021-08-16,20430.127080573526,184.44405809206359,6933.992553001275
2021-08-17,20430.127080573526,184.37331324052525,6933.971753321038
2021-08-18,20430.127080573526,165.59006923263738,6940.638730567844
2021-08-19,20430.127080573526,159.11398517785577,6947.14254377422
2021-08-20,20430.127080573526,145.28310367382042,6946.850825136763
2021-08-23,20430.127080573526,162.07146061465957,6951.027617396812
2021-08-24,20430.127080573526,190.29468150041143,6965.489567291178
2021-08-25,20430.127080573526,198.68508218497627,6969.541759030546
2021-08-26,20430.127080573526,210.45539904795095,6973.5864194318565
2021-08-27,20430.127080573526,198.349851738761,6980.620838503178
2021-08-30,20430.127080573526,215.66790056453854,6995.879174862757
2021-08-31,20430.127080573526,199.20081517649288,6990.344860530092
2021-09-01,20430.127080573526,210.96498810384927,6985.92088730084
2021-09-02,20430.127080573526,200.72999685473883,6982.331023656394
2021-09-03,20430.127080573526,189.42772351477197,6979.15110778586
2021-09-07,20430.127080573526,187.32867680299773,6977.225445184893
2021-09-08,20430.127080573526,179.67299982028499,6974.633421641485
2021-09-09,20430.127080573526,156.48449388272974,6972.972241299963
2021-09-10,20430.127080573526,156.42263856725236,6973.008438042914
2021-09-13,20430.127080573526,171.642055628099,6975.21148613162
2021-09-14,20430.127080573526,164.70492987447463,6978.317200998766
2021-09-15,20430.127080573526,159.4111117239541,6980.389172575565
2021-09-16,20430.127080573526,163.3205431810886,6979.162229098804
2021-09-17,20430.127080573526,160.01947203930334,6980.4709513045655
2021-09-20,20430.127080573526,184.62292361614627,6966.658719903275
2021-09-21,20430.127080573526,180.09070519008048,6964.129222647968
2021-09-22,20430.127080573526,193.13108833068824,6958.907868472631
2021-09-23,20430.127080573526,188.3884903536091,6963.974653915305
2021-09-24,20430.127080573526,191.32724103994104,6963.062197418424
2021-09-27,20430.127080573526,217.16827415835996,6952.78307433036
2021-09-28,20430.127080573526,229.77959519241185,6948.035109591624
2021-09-29,20430.127080573526,252.91657163023024,6955.804568088273
2021-09-30,20430.127080573526,248.54559804769073,6956.6047844728955
2021-10-01,20430.127080573526,254.03400269135105,6957.724226423242
2021-10-04,20430.127080573526,239.25445658861958,6969.5416532527115
2021-10-05,20430.127080573526,245.81160852045048,6974.902910135564
2021-10-06,20430.127080573526,230.68391109236114,6972.148260446707
2021-10-07,20430.127080573526,208.41695276775482,6965.577940867982
2021-10-08,20430.127080573526,202.21157119371077,6967.103161876153
2021-10-11,20430.127080573526,203.72393309709133,6967.533180883561
2021-10-12,20430.127080573526,211.64523780723283,6968.325961975608
2021-10-13,20430.127080573526,200.5656843103146,6967.2956632871865
2021-10-14,20430.127080573526,201.90801364942817,6967.059900999602
2021-10-15,20430.127080573526,193.93078510434873,6962.811231006987
2021-10-18,20430.127080573526,208.47770735349465,6964.217295063427
2021-10-19,20430.127080573526,209.07224539393772,6964.233804702017
2021-10-20,20430.127080573526,225.28198021118553,6978.548727479469
2021-10-21,20430.127080573526,226.25837968806695,6979.160317859553
2021-10-22,20430.127080573526,223.03709720405885,6977.147501198072
2021-10-25,20430.127080573526,223.36997971826347,6977.066169976741
2021-10-26,20430.127080573526,234.5058911685114,6979.377183863977
2021-10-27,20430.127080573526,242.41629331366886,6974.444954339317
2021-10-28,20430.127080573526,199.52529820782476,6975.926515877125
2021-10-29,20430.127080573526,205.3496153359472,6983.063954968794
2021-11-01,20430.127080573526,204.2467303680373,6983.192836661983
2021-11-02,20430.127080573526,218.781642287993,6981.271454780769
2021-11-03,20430.127080573526,208.643295567965,6974.144917101638
2021-11-04,20430.127080573526,220.25882773279923,6979.950448277245
2021-11-05,20430.127080573526,229.94661833920708,6980.331871905925
2021-11-08,20430.127080573526,226.6079682247262,6980.504221181615
2021-11-09,20430.127080573526,245.71555291372658,6985.670516148852
2021-11-10,20430.127080573526,240.60481698074466,6989.302182799278
2021-11-11,20430.127080573526,239.78804936164556,6989.1117587134595
2021-11-12,20430.127080573526,236.9306999652888,6989.6983504512655
2021-11-15,20430.127080573526,259.32002555455693,7003.956961502437
2021-11-16,20430.127080573526,279.83641999794156,6998.747916690481
2021-11-17,20430.127080573526,278.0262884092502,6998.5453432434615
2021-11-18,20430.127080573526,273.51944733021674,7000.405456062033
2021-11-19,20430.127080573526,279.2242743308273,7000.669221260148
2021-11-22,20430.127080573526,264.77436175846253,7009.026131967802
2021-11-23,20430.127080573526,250.15220804720298,7010.107930597028
2021-11-24,20430.127080573526,248.31004805505572,7009.997075802759
2021-11-26,20430.127080573526,234.73759168194317,7011.925478417486
2021-11-29,20430.127080573526,254.95570497973503,7007.082579640397
2021-11-30,20430.127080573526,234.1495233331676,7011.460299774603
2021-12-01,20430.127080573526,220.87598547920288,7013.7232374780015
2021-12-02,20430.127080573526,229.921172255766,7021.445466388776
2021-12-03,20430.127080573526,218.57192998317117,7029.384950780284
2021-12-06,20430.127080573526,211.29602868421475,7030.1728152975065
2021-12-07,20430.127080573526,214.57158401214127,7029.3102208393275
2021-12-08,20430.127080573526,184.06853328618794,7008.9167781067545
2021-12-09,20430.127080573526,192.1653233164813,7005.210761757136
2021-12-10,20430.127080573526,170.29412335891294,6995.716053880174
2021-12-13,20430.127080573526,161.25594561880473,6998.645000471169
2021-12-14,20430.127080573526,146.80837686414216,7001.343168122151
2021-12-15,20430.127080573526,138.41067747856894,7000.439629770979
2021-12-16,20430.127080573526,134.34621434437878,6998.867388216358
2021-12-17,20430.127080573526,130.18781198924063,6998.602024360403
2021-12-20,20430.127080573526,123.08626161468075,7000.517817616083
2021-12-21,20430.127080573526,107.6131337835828,6994.334824936653
2021-12-22,20430.127080573526,115.15329834096094,6994.195621056594
2021-12-23,20430.127080573526,104.22496657293122,6992.223315302725
2021-12-27,20430.127080573526,113.29539220754188,6996.012425770555
2021-12-28,20430.127080573526,124.15138425614211,7000.586147461077
2021-12-29,20430.127080573526,130.8302062014792,6997.046280947325
2021-12-30,20430.127080573526,130.47468857421487,6996.858983544427
2021-12-31,20430.127080573526,121.59411759466474,6997.5038772361795
2022-01-03,20430.127080573526,112.43057963055377,6998.3489095638515
2022-01-04,20430.127080573526,136.46245147878247,7009.878400088808
2022-01-05,20430.127080573526,143.80878007645745,7009.769984931553
2022-01-06,20430.127080573526,108.68934678690557,7039.7260475158055
2022-01-07,20430.127080573526,110.67253868220077,7038.863232791326
2022-01-10,20430.127080573526,108.55839123528361,7039.077003656847
2022-01-11,20430.127080573526,104.41678569858593,7035.988638282047
2022-01-12,20430.127080573526,95.15264239547324,7033.108954650567
2022-01-13,20430.127080573526,104.91077823412276,7028.207576002017
2022-01-14,20430.127080573526,104.03192302926612,7028.4176895000355
2022-01-18,20430.127080573526,111.4356070999679,7029.136572963878
2022-01-19,20430.127080573526,147.9749643306878,7035.5550997205855
2022-01-20,20430.127080573526,169.9556889777526,7016.582468634387
2022-01-21,20430.127080573526,170.05101126642896,7016.620204210236
2022-01-24,20430.127080573526,174.850397424417,7014.993108534256
2022-01-25,20430.127080573526,182.7541131593378,7014.303329404466
2022-01-26,20430.127080573526,213.8448190134353,7006.1911367980865
2022-01-27,20430.127080573526,209.21353417693905,7004.744356018426
2022-01-28,20430.127080573526,175.75399630387784,7007.3941480442245
2022-01-31,20430.127080573526,120.81253554801746,7024.455311264999
2022-02-01,20430.127080573526,106.43165980002645,7027.999272558845
2022-02-02,20430.127080573526,120.68325962726193,7016.18288904734
2022-02-03,20430.127080573526,109.24533638711969,7015.330750859444
2022-02-04,20430.127080573526,121.50496080718327,7024.149827093411
2022-02-07,20430.127080573526,137.07383975394833,7035.381509035252
2022-02-08,20430.127080573526,139.94815703381312,7035.450810783896
2022-02-09,20430.127080573526,141.5408955657132,7035.12490085776
2022-02-10,20430.127080573526,127.24257823242749,7042.315698705256
2022-02-11,20430.127080573526,148.16883802690458,7062.6492286229095
2022-02-14,20430.127080573526,162.44198433160932,7065.7771338733
2022-02-15,20430.127080573526,178.90077839898294,7069.107768278771
2022-02-16,20430.127080573526,156.59522041724122,7073.237985356329
2022-02-17,20430.127080573526,168.44147608230716,7069.711033763096
2022-02-18,20430.127080573526,189.3073772982639,7088.490673390313
2022-02-22,20430.127080573526,146.8419779473737,7077.4461986043725
2022-02-23,20048.737009595567,188.76725912922646,7017.173139717541
2022-02-24,20048.737009595567,222.46585684303292,7001.509324361914
2022-02-25,20048.737009595567,193.038110292529,6989.904344665537
2022-02-28,20048.737009595567,204.8339754898569,6979.787327129945
2022-03-01,20048.737009595567,183.18914378063894,6980.772493479839
2022-03-02,20048.737009595567,198.7647340743739,6965.49474673008
2022-03-03,20048.737009595567,198.17022253796995,6965.0862841327735
2022-03-04,20048.737009595567,194.89625232810423,6965.4997338608855
2022-03-07,20048.737009595567,154.86869789069723,6952.379675594029
2022-03-08,20048.737009595567,127.11267483531033,6911.389088139152
2022-03-09,18177.407935728268,191.4302083317406,6840.422371359615
2022-03-10,18177.407935728268,171.6031060491253,6836.848112897757
2022-03-11,18177.407935728268,142.6527685457341,6799.666267453979
2022-03-14,18177.407935728268,108.21149478250048,6771.21100448103
2022-03-15,18177.407935728268,141.3698078337159,6754.533269195653
2022-03-16,18177.407935728268,146.1198572666254,6748.80469853917
2022-03-17,18177.407935728268,149.29598044613584,6750.435418347423
2022-03-18,18177.407935728268,150.16543325528295,6751.031944052891
2022-03-21,18177.407935728268,145.92371359228216,6752.562721321962
2022-03-22,18177.407935728268,152.3120752110904,6763.383604515045
2022-03-23,18177.407935728268,192.03500005612412,6755.1672678096675
2022-03-24,18177.407935728268,173.6450362760248,6772.603081251069
2022-03-25,17912.06388231537,235.18057225509912,6728.211698403534
2022-03-28,17912.06388231537,286.14989135800045,6731.804769177431
2022-03-29,17912.06388231537,286.4656242786208,6731.775418477716
2022-03-30,17912.06388231537,327.02539476261006,6728.12777398303
2022-03-31,17912.06388231537,266.11536832309923,6663.280725162977
2022-04-01,18138.766980575783,216.9913904615644,6708.184366561662
2022-04-04,18138.766980575783,207.22784269274467,6698.352768566224
2022-04-05,18138.766980575783,199.57210572752842,6693.3667770318925
2022-04-06,18138.766980575783,211.90167103681404,6700.459759350733
2022-04-07,18138.766980575783,194.83519293076313,6677.469002208124
2022-04-08,17911.863553213498,244.0925496033896,6611.547845660982
2022-04-11,17911.863553213498,256.72318164261503,6611.397351542222
2022-04-12,17911.863553213498,259.58050478711584,6616.182787966401
2022-04-13,17911.863553213498,264.201029983846,6611.772824057427
2022-04-14,16501.501798550038,293.5187594732111,6546.729209735498
2022-04-18,16501.501798550038,286.3527009194222,6531.444274174874
2022-04-19,16501.501798550038,290.8181170500396,6530.586863501443
2022-04-20,16501.501798550038,284.71629140017603,6530.655145619214
2022-04-21,16501.501798550038,243.70942636583484,6512.164990851126
2022-04-22,16501.501798550038,276.97822807564285,6508.132239344822
2022-04-25,16501.501798550038,252.61775315357232,6452.082854692265
2022-04-26,16501.501798550038,241.85821720524805,6474.4683276579535
2022-04-27,16249.493957252644,294.37721957896787,6444.931831991288
2022-04-28,16249.493957252644,282.7592017283192,6446.273607689286
2022-04-29,16249.493957252644,250.46099069146365,6447.305069926211
2022-05-02,16249.493957252644,291.68433028603965,6479.557929351125
2022-05-03,16249.493957252644,283.550771793451,6476.8855456742185
2022-05-04,16249.493957252644,266.32113064047434,6480.658489538734
2022-05-05,16249.493957252644,236.57712455167098,6513.045545376951
2022-05-06,16249.493957252644,294.5593967366728,6629.54759705182
2022-05-09,16249.493957252644,312.0024176624071,6633.819402633268
2022-05-10,16249.493957252644,330.010145556267,6641.774273330169
2022-05-11,16249.493957252644,313.167450340574,6650.731831690575
2022-05-12,16249.493957252644,299.95129533596673,6638.493286153368
2022-05-13,16249.493957252644,281.04976183610756,6653.362500381477
2022-05-16,16249.493957252644,261.49671388966664,6667.565520800004
2022-05-17,16249.493957252644,271.3237617570423,6665.466267237361
2022-05-18,16249.493957252644,293.58595046827094,6674.275062869302
2022-05-19,16249.493957252644,282.5753331873265,6675.493586446842
2022-05-20,16249.493957252644,255.87089929576507,6675.618603522623
2022-05-23,16249.493957252644,245.0746720817176,6676.094409124804
2022-05-24,16249.493957252644,258.2805638776917,6680.807375256713
2022-05-25,16249.493957252644,242.28418746631075,6679.243228453724
2022-05-26,16249.493957252644,230.64323867554285,6679.446746447842
2022-05-27,16249.493957252644,205.97627137831304,6660.037778703096
2022-05-31,16249.493957252644,204.56332852359063,6659.009249617748
2022-06-01,16249.493957252644,166.54860775198398,6582.645002995349
2022-06-02,16249.493957252644,154.41114754622953,6571.68059234492
2022-06-03,16249.493957252644,178.2505744204112,6566.6672148288835
2022-06-06,16249.493957252644,184.15321292192792,6560.673555055108
2022-06-07,15866.451839386018,278.2909731332074,6279.174134115997
2022-06-08,15866.451839386018,263.9257017272835,6277.644101202338
2022-06-09,15866.451839386018,255.87753908905816,6278.090085917499
2022-06-10,15866.451839386018,213.07602140979407,6231.901364344234
2022-06-13,15866.451839386018,244.5745757045211,6241.809294292634
2022-06-14,15866.451839386018,301.9305025317743,6336.00826564281
2022-06-15,15866.451839386018,308.02357065382085,6333.475828409845
2022-06-16,15866.451839386018,283.8026684689881,6367.941191387527
2022-06-17,15866.451839386018,298.07874074095827,6387.106057923628
2022-06-21,15866.451839386018,302.9297967309743,6382.728398425762
2022-06-22,15866.451839386018,297.53070504845016,6386.926003810889
2022-06-23,15866.451839386018,287.6447216943371,6399.087723283154
2022-06-24,15866.451839386018,270.53754240096197,6416.393240297754
2022-06-27,15866.451839386018,241.58964016214006,6435.177198366549
2022-06-28,15866.451839386018,254.82733800791857,6441.113864485684
2022-06-29,15866.451839386018,273.67215737560275,6453.3390804063465
2022-06-30,15866.451839386018,241.341367009743,6457.958313662942
2022-07-01,15866.451839386018,216.31319811850233,6495.314723362999
2022-07-05,15866.451839386018,195.75914736013698,6504.122189313343
2022-07-06,15866.451839386018,188.413408322446,6512.332075815751
2022-07-07,15866.451839386018,183.89067591835098,6512.190495528032
2022-07-08,15866.451839386018,200.61869509017083,6525.318082269633
2022-07-11,15866.451839386018,200.83930241402047,6525.384720893447
2022-07-12,15866.451839386018,166.15268588557035,6549.57129807973
2022-07-13,15866.451839386018,161.55252304587785,6555.110949722094
2022-07-14,15866.451839386018,144.192434146048,6561.612755655718
2022-07-15,15866.451839386018,132.0758889381436,6561.069359582136
2022-07-18,15866.451839386018,125.77068085445781,6559.450197752242
2022-07-19,15866.451839386018,113.49938079648825,6551.719000512709
2022-07-20,15866.451839386018,159.30346443136932,6590.382649607005
2022-07-21,15866.451839386018,174.30272035579614,6592.790179190586
2022-07-22,15866.451839386018,147.3922590052106,6572.45573356806
2022-07-25,16241.537554139191,118.8806944104319,6616.294882165221
2022-07-26,16241.537554139191,108.10578898797512,6608.5305005991095
2022-07-27,16241.537554139191,106.316807079253,6610.458985060053
2022-07-28,16241.537554139191,116.10064861137516,6628.89132498922
2022-07-29,16241.537554139191,122.06278355491735,6634.628263564583
2022-08-01,16241.537554139191,145.59489226130174,6659.408876916958
2022-08-02,16241.537554139191,120.87266458227644,6661.639742122358
2022-08-03,16241.537554139191,117.33027955965623,6658.966507000915
2022-08-04,16241.537554139191,148.942523698573,6679.329473894129
2022-08-05,16241.537554139191,149.5247867377632,6679.2723316514275
2022-08-08,16241.537554139191,189.529176096281,6668.979708077405
2022-08-09,16241.537554139191,167.6034084441004,6669.654930809625
2022-08-10,16241.537554139191,152.57996350624407,6663.016809344855
2022-08-11,16241.537554139191,193.722012525325,6717.4902441811555
2022-08-12,16241.537554139191,202.122080045167,6725.329881515093
2022-08-15,16241.537554139191,204.2190426744035,6725.9626188549355
2022-08-16,16241.537554139191,204.46742609700794,6725.687271231072
2022-08-17,16241.537554139191,206.84128037966025,6725.156565784518
2022-08-18,16241.537554139191,211.4605301252996,6724.8336281908005
2022-08-19,16241.537554139191,203.81740304914712,6724.5467614908575
2022-08-22,16241.537554139191,196.40419932500518,6721.466467527818
2022-08-23,16241.537554139191,182.3594344707832,6706.956231311564
2022-08-24,16241.537554139191,176.74090619905996,6705.674123461309
2022-08-25,16241.537554139191,168.60997760309303,6699.324841671372
2022-08-26,16241.537554139191,155.70687869595255,6706.964650847827
2022-08-29,16241.537554139191,154.48990938131408,6706.383080842544
2022-08-30,16241.537554139191,155.8147486452908,6707.603344882343
2022-08-31,15866.451839386018,216.4355447457627,6569.07256933369
2022-09-01,15866.451839386018,220.91134780649526,6569.68317350331
2022-09-02,15762.417593162392,267.34067461024966,6521.38492370894
2022-09-06,15762.417593162392,246.07770948404755,6509.826504154277
2022-09-07,15762.417593162392,294.6674919166876,6500.400177528959
2022-09-08,15762.417593162392,280.17053850741706,6517.531798816169
2022-09-09,15762.417593162392,260.5062290978311,6507.705597194328
2022-09-12,15762.417593162392,255.1166107257873,6506.994394061258
2022-09-13,15762.417593162392,262.8977187112803,6508.8008533155635
2022-09-14,15762.417593162392,306.13088721359867,6547.607599037833
2022-09-15,15762.417593162392,295.22862817205436,6556.4568567311735
2022-09-16,15762.417593162392,313.9882916049774,6551.3679359929965
2022-09-19,15762.417593162392,331.42908250273075,6552.880007359483
2022-09-20,15762.417593162392,348.00018507591807,6542.822264571468
2022-09-21,15762.417593162392,372.5478881053117,6558.107412112248
2022-09-22,15762.417593162392,386.0881184913629,6557.445513752281
2022-09-23,15762.417593162392,406.5618269860677,6586.600434017754
2022-09-26,15762.417593162392,412.3623532227729,6587.7600915882085
2022-09-27,15762.417593162392,420.7400265923164,6593.885125687894
2022-09-28,15762.417593162392,425.30219032687904,6595.919519854714
2022-09-29,15762.417593162392,400.4499698887643,6621.543448955578
2022-09-30,15762.417593162392,377.93421895898086,6602.794951813097
2022-10-03,15762.417593162392,398.18055469683605,6598.175438212987
2022-10-04,15762.417593162392,379.5542531633787,6597.412786501448
2022-10-05,15762.417593162392,402.509259281156,6613.762814986649
2022-10-06,15762.417593162392,409.1556404447316,6622.208637621508
2022-10-07,15762.417593162392,391.29234052637213,6610.8088740849735
2022-10-10,15762.417593162392,393.927220301496,6605.819715817547
2022-10-11,15762.417593162392,390.1311789829102,6610.170049765669
2022-10-12,15762.417593162392,394.56429091121345,6610.833158174296
2022-10-13,15762.417593162392,392.68652503043097,6611.378503682521
2022-10-14,15762.417593162392,415.6053897260258,6610.129263286113
2022-10-17,15762.417593162392,390.623003471822,6616.440964932147
2022-10-18,15762.417593162392,400.77098705012247,6622.294320608389
2022-10-19,15762.417593162392,407.1295603734268,6625.123959188179
2022-10-20,15762.417593162392,418.51022598058324,6624.307984847109
2022-10-21,15762.417593162392,442.81750551530337,6597.9349592849
2022-10-24,15762.417593162392,477.5994831531152,6605.91452526285
2022-10-25,15762.417593162392,512.8577966570988,6612.217220159578
2022-10-26,15762.417593162392,508.9285833066589,6612.519832960153
2022-10-27,15762.417593162392,495.57514323589606,6624.065115892079
2022-10-28,15762.417593162392,474.94718006649776,6634.9982207637
2022-10-31,15762.417593162392,494.69689643878246,6669.300922859141
2022-11-01,15762.417593162392,501.08557070402907,6664.247751512605
2022-11-02,15762.417593162392,458.0613084025116,6641.733347422428
2022-11-03,15866.451839386018,409.85394219133866,6718.385451220713
2022-11-04,15866.451839386018,369.3490663841798,6716.520359542485
2022-11-07,15866.451839386018,409.24267008368463,6763.888093549958
2022-11-08,15866.451839386018,419.82554299940705,6773.067065745065
2022-11-09,15866.451839386018,460.3540689840977,6741.488611806047
2022-11-10,15866.451839386018,423.2625135642687,6727.969821211101
2022-11-11,15866.451839386018,394.5770792668843,6705.381337794928
2022-11-14,15866.451839386018,430.8737217191029,6703.72674645003
2022-11-15,15866.451839386018,461.5855881553601,6687.591921797011
2022-11-16,15866.451839386018,462.0421559296029,6687.59527474238
2022-11-17,16236.053490397515,443.88506311265655,6721.459018357431
2022-11-18,16236.053490397515,447.62987061579247,6722.904324106625
2022-11-21,16236.053490397515,429.5948961527862,6705.982605919461
2022-11-22,16236.053490397515,419.4041346065904,6711.143806671004
2022-11-23,16236.053490397515,427.0379518763657,6708.792381670858
2022-11-25,16236.053490397515,443.1681627494011,6705.638894860881
2022-11-28,16236.053490397515,393.6204611257913,6643.2425167394285
2022-11-29,16236.053490397515,348.757663167102,6659.683025533897
2022-11-30,16236.053490397515,354.68282287137396,6660.7371340109075
2022-12-01,16236.053490397515,375.0724394559399,6711.5130377612095
2022-12-02,16236.053490397515,365.0243812119333,6717.4848516884895
2022-12-05,16236.053490397515,358.7801143128583,6717.840091658935
2022-12-06,16236.053490397515,350.96348744633633,6732.41469633001
2022-12-07,16571.011001156243,321.3048490288178,6783.823820212636
2022-12-08,16571.011001156243,306.503628685394,6791.1294371214935
2022-12-09,16571.011001156243,329.5529126720752,6805.399690115049
2022-12-12,16571.011001156243,322.4847052777624,6801.54802359734
2022-12-13,16571.011001156243,346.0272082393481,6822.261643591148
2022-12-14,16571.011001156243,339.95593725117715,6818.647905685888
2022-12-15,16571.011001156243,329.12866145072957,6825.577521876717
2022-12-16,17121.889714695975,265.2545391163533,6957.174953410198
2022-12-19,17121.889714695975,265.83579066140413,6956.6510272320875
2022-12-20,17121.889714695975,257.21817114835846,6958.245235289255
2022-12-21,17121.889714695975,287.1862491940637,6977.828666410275
2022-12-22,17121.889714695975,284.7073773410212,6977.2078211575445
2022-12-23,17121.889714695975,267.84727635078895,6984.672932526756
2022-12-27,17121.889714695975,278.37074413696604,6989.704008897224
2022-12-28,17121.889714695975,285.74483058952535,6995.135945779482
2022-12-29,17121.889714695975,272.4247589828938,6991.9057416622445
2022-12-30,17121.889714695975,268.78963626394915,6991.073230087678
2023-01-03,17121.889714695975,267.56271397993174,6990.3175497607945
2023-01-04,17121.889714695975,240.0287155214867,6985.697235854225
2023-01-05,17121.889714695975,230.2687714904336,6993.966509266086
2023-01-06,17121.889714695975,230.98648214699872,6993.500356113174
2023-01-09,17121.889714695975,224.24519454174913,6995.7341561076755
2023-01-10,17121.889714695975,237.23747009246495,6993.907020775968
2023-01-11,17121.889714695975,255.805187445247,7006.734668569815
2023-01-12,17121.889714695975,285.6216364672631,6984.927495967455
2023-01-13,17121.889714695975,264.6864884271568,6985.59314731677
2023-01-17,17121.889714695975,255.9514733548051,6968.535446667513
2023-01-18,17121.889714695975,253.40201981674508,6968.326394744749
2023-01-19,17911.863553213498,215.66103840355058,7053.978149294581
2023-01-20,17911.863553213498,216.4812318493034,7053.959016300148
2023-01-23,17911.863553213498,258.2554039516088,7097.963235681726
2023-01-24,17911.863553213498,249.16447806039122,7077.788842616049
2023-01-25,17911.863553213498,261.20383568956413,7063.72882863851
2023-01-26,17911.863553213498,255.15425139096612,7061.321301322802
2023-01-27,17911.863553213498,282.1782930272024,7075.509987925354
2023-01-30,17911.863553213498,305.26746557767314,7067.408547602589
2023-01-31,17911.863553213498,289.2162730656425,7086.1283805520125
2023-02-01,17911.863553213498,325.3428341464282,7106.612331812332
2023-02-02,17911.863553213498,325.0653526570313,7106.4885311044445
2023-02-03,17911.863553213498,338.6764872457298,7126.212977030677
2023-02-06,17911.863553213498,330.4221837002238,7129.51586447662
2023-02-07,17911.863553213498,342.0196622388375,7132.664338344395
2023-02-08,17911.863553213498,355.15592524725895,7133.366686657381
2023-02-09,17911.863553213498,340.51204742906486,7136.351957558187
2023-02-10,17911.863553213498,329.09421784637476,7132.733627425755
2023-02-13,17911.863553213498,351.4962216171718,7132.708796593428
2023-02-14,17911.863553213498,353.04546698015946,7132.089125974612
2023-02-15,17911.863553213498,348.7877996798097,7130.8391372771985
2023-02-16,17911.863553213498,339.75422056520387,7128.7150455670235
2023-02-17,17911.863553213498,344.21029194650646,7128.757001132755
2023-02-21,17911.863553213498,330.4633318280346,7131.606233183599
2023-02-22,17911.863553213498,341.3839894174327,7143.604142298813
2023-02-23,17124.179644981436,366.6500910478545,7101.137850320839
2023-02-24,17124.179644981436,350.2769154554763,7110.153913809739
2023-02-27,17124.179644981436,370.6272574401261,7105.253943040879
2023-02-28,17124.179644981436,366.2371633946669,7107.387411041967
2023-03-01,17124.179644981436,369.50314949385205,7107.9068947200785
2023-03-02,17124.179644981436,389.32360236596753,7112.855989477102
2023-03-03,17124.179644981436,408.01746528190654,7111.35461449205
2023-03-06,17124.179644981436,383.21497403590837,7129.586133519637
2023-03-07,17124.179644981436,383.5060689096872,7129.528137247773
2023-03-08,17124.179644981436,374.0238569695393,7129.396026468034
2023-03-09,17124.179644981436,352.33752306779877,7126.095192863211
2023-03-10,17124.179644981436,366.0293095599555,7130.739532336325
2023-03-13,17124.179644981436,359.5535065344132,7134.395637807059
2023-03-14,17124.179644981436,350.4269148497096,7135.445276755148
2023-03-15,17124.179644981436,338.5653104312543,7134.6735001062425
2023-03-16,17124.179644981436,330.418591303206,7137.410121756441
2023-03-17,17124.179644981436,325.5123520469542,7142.977652140563
2023-03-20,17124.179644981436,339.9844548901011,7135.509568507096
2023-03-21,17124.179644981436,360.0961759156749,7141.076091066706
2023-03-22,17124.179644981436,372.17993503407064,7141.972047698039
2023-03-23,17124.179644981436,342.77693818176834,7141.7025255568005
2023-03-24,17124.179644981436,330.6232021528503,7140.816495677728
2023-03-27,17124.179644981436,340.08381094934157,7132.029394963466
2023-03-28,17124.179644981436,342.2486407013623,7133.41010638043
2023-03-29,17124.179644981436,339.75062172490533,7132.718731092899
2023-03-30,17124.179644981436,322.2007678268118,7110.338279882175
2023-03-31,17124.179644981436,333.58479206201076,7110.172553905991
2023-04-03,17124.179644981436,336.40839081997956,7110.799420656818
2023-04-04,17124.179644981436,325.50006385988576,7110.500405387133
2023-04-05,17124.179644981436,303.5504269735224,7104.3532231669105
2023-04-06,17124.179644981436,292.69218132808817,7108.823367025743
2023-04-10,17124.179644981436,287.7259072804216,7109.359247292481
2023-04-11,17124.179644981436,309.75831719254927,7112.465420541456
2023-04-12,17124.179644981436,295.9185966635338,7102.393342432139
2023-04-13,17124.179644981436,276.9189320692168,7097.664381056914
2023-04-14,17124.179644981436,319.95741463882524,7135.532291003881
2023-04-17,17124.179644981436,333.066781542268,7127.257251027716
2023-04-18,17124.179644981436,323.73921579517935,7116.542625727122
2023-04-19,17124.179644981436,325.7774273304513,7115.780574511045
2023-04-20,17124.179644981436,327.3358502813547,7115.762094519962
2023-04-21,17124.179644981436,302.9209213402618,7127.960338597303
2023-04-24,17124.179644981436,299.08321742219283,7127.402050217553
2023-04-25,17124.179644981436,295.8397112044951,7127.944697766043
2023-04-26,18144.874550248616,244.16475837157924,7190.589426986721
2023-04-27,18144.874550248616,238.33846612538224,7194.331937003801
2023-04-28,18144.874550248616,294.9914713646953,7297.842131580287
2023-05-01,18144.874550248616,306.67386158128346,7295.279635315807
2023-05-02,18144.874550248616,329.7186466652061,7303.38805020713
2023-05-03,18144.874550248616,302.8805862290948,7312.172233580563
2023-05-04,18144.874550248616,285.12986247200394,7308.357594861244
2023-05-05,18144.874550248616,284.63796011036635,7308.136985825143
2023-05-08,18144.874550248616,284.67987262307224,7308.128595895971
2023-05-09,18144.874550248616,287.74322471158365,7309.946792663992
2023-05-10,18144.874550248616,306.0745236488517,7300.496415170725
2023-05-11,18144.874550248616,292.1123543646011,7312.347362286806
2023-05-12,18144.874550248616,271.46613467611274,7315.542656844661
2023-05-15,18144.874550248616,278.4104062189188,7315.697670049849
2023-05-16,18144.874550248616,276.7937310198629,7314.973646832127
2023-05-17,18144.874550248616,281.6882170379543,7313.204111685858
2023-05-18,18144.874550248616,289.2332538464475,7313.8947988245645
2023-05-19,18144.874550248616,300.3913345631728,7317.248168212397
2023-05-22,18144.874550248616,315.60894134504855,7317.759047423377
2023-05-23,18144.874550248616,318.1930130700726,7318.117039149716
2023-05-24,18144.874550248616,305.66238911232585,7323.64716423048
2023-05-25,18144.874550248616,305.2299249785379,7323.78619914888
2023-05-26,18144.874550248616,312.0324526655147,7327.631628217363
2023-05-30,18144.874550248616,320.37045524223424,7327.401016756662
2023-05-31,18144.874550248616,315.69597322034906,7332.3557315330945
2023-06-01,18144.874550248616,314.1731358212168,7333.7588444532175
2023-06-02,18144.874550248616,315.5615004400816,7334.070236737528
2023-06-05,18144.874550248616,351.5252789908673,7363.171436435928
2023-06-06,18144.874550248616,352.00765870988164,7362.988565351462
2023-06-07,18144.874550248616,369.9606440304306,7359.349542145071
2023-06-08,18144.874550248616,373.63560722535016,7358.472193354163
2023-06-09,18144.874550248616,380.402383696339,7361.632136733056
2023-06-12,18144.874550248616,389.8082163361388,7363.032237373094
2023-06-13,18144.874550248616,404.92749258879644,7369.125606160266
2023-06-14,18144.874550248616,465.7070347619298,7356.940783402038
2023-06-15,18144.874550248616,476.8651898637369,7349.392700557799
2023-06-16,18144.874550248616,470.22959997775337,7347.842532249443
2023-06-20,18144.874550248616,478.69502730655427,7346.444791344614
2023-06-21,18144.874550248616,464.09681758391895,7354.543883679233
2023-06-22,18144.874550248616,452.4784890513053,7360.196721002064
2023-06-23,18144.874550248616,452.14911012054733,7359.967009439464
2023-06-26,18144.874550248616,445.86003267899457,7364.702969017309
2023-06-27,18144.874550248616,448.0068146702304,7363.860656646641
2023-06-28,18144.874550248616,463.48664663821705,7363.537547571258
2023-06-29,18144.874550248616,442.81045301516184,7365.164079842121
2023-06-30,18144.874550248616,458.2590292123029,7378.651749916759
2023-07-03,18144.874550248616,475.15714525605136,7374.734560965197
2023-07-05,18144.874550248616,487.44642015127727,7377.064471892585
2023-07-06,18144.874550248616,514.8494989857869,7368.871138602169
2023-07-07,18144.874550248616,492.9868095196409,7345.272685501297
2023-07-10,18144.874550248616,485.7337783941872,7343.634514394024
2023-07-11,18144.874550248616,484.87063257670536,7343.754220417168
2023-07-12,18144.874550248616,494.8934802673793,7343.363186280754
2023-07-13,18144.874550248616,503.9458993348618,7336.159983349157
2023-07-14,18144.874550248616,530.6211568552723,7316.759474431191
2023-07-17,18144.874550248616,555.723864393191,7310.86920941849
2023-07-18,18144.874550248616,555.4941221177864,7310.832248550255
2023-07-19,18144.874550248616,566.2127973362753,7320.119282431805
2023-07-20,18144.874550248616,565.6441050006828,7320.302293658914
2023-07-21,18144.874550248616,549.2001970901875,7316.127020058072
2023-07-24,18144.874550248616,542.3213222099508,7318.2939483012815
2023-07-25,18144.874550248616,557.1537742165565,7319.039755764254
2023-07-26,18144.874550248616,571.1572782129575,7324.929318035626
2023-07-27,18144.874550248616,553.5959210134288,7322.911864503427
2023-07-28,18144.874550248616,569.9824438334678,7313.740505162501
2023-07-31,18144.874550248616,568.9326370738958,7314.449365173413
2023-08-01,18144.874550248616,572.6845310040665,7315.641916388143
2023-08-02,18144.874550248616,585.801674005065,7312.363002789532
2023-08-03,18144.874550248616,581.3284063442352,7310.5264468610585
2023-08-04,18144.874550248616,595.0015387962908,7315.489586066624
2023-08-07,18144.874550248616,588.1812301657519,7322.85510595538
2023-08-08,18144.874550248616,584.6939910525006,7322.1752827898545
2023-08-09,18144.874550248616,562.3210458499643,7330.23810177315
2023-08-10,18144.874550248616,546.3636916955328,7333.259461573525
2023-08-11,18144.874550248616,560.0800545268277,7336.98516608805
2023-08-14,18144.874550248616,561.7950298292529,7337.4697611317815
2023-08-15,18144.874550248616,575.7831261621163,7329.729285634899
2023-08-16,18144.874550248616,598.3802735737888,7319.36060399789
2023-08-17,18144.874550248616,615.3923818996453,7320.49435236687
2023-08-18,18144.874550248616,609.9512607055151,7317.437814461772
2023-08-21,18144.874550248616,579.8738788315482,7306.407684104721
2023-08-22,18144.874550248616,576.7610440415237,7304.574434963344
2023-08-23,18144.874550248616,568.0609642711341,7301.243305514797
2023-08-24,18144.874550248616,551.9657163481511,7326.495689951377
2023-08-25,18144.874550248616,547.2081302614566,7320.674884897175
2023-08-28,18144.874550248616,541.820464707915,7323.222398448281
2023-08-29,18144.874550248616,527.6088530544108,7330.149665675393
2023-08-30,18144.874550248616,512.2430193554006,7339.112155072192
2023-08-31,18144.874550248616,512.9214698801253,7339.01829018331
2023-09-01,18144.874550248616,496.0727575086369,7335.944536752467
2023-09-05,18144.874550248616,501.7622118006434,7337.149103816299
2023-09-06,18144.874550248616,524.1894852962855,7337.036960211304
2023-09-07,18144.874550248616,535.3605723942438,7334.491285898133
2023-09-08,18144.874550248616,524.5703153749301,7331.912816323512
2023-09-11,18144.874550248616,529.2916881048997,7329.312101098497
2023-09-12,18144.874550248616,546.502817454807,7329.023318564336
2023-09-13,18144.874550248616,541.8921670770499,7330.753000010691
2023-09-14,18144.874550248616,540.5754182457603,7331.5260912262665
2023-09-15,18144.874550248616,543.5194527483981,7332.576206338024
2023-09-18,18144.874550248616,537.8255647089152,7331.82542550983
2023-09-19,18144.874550248616,539.4949492753639,7331.949441099603
2023-09-20,18144.874550248616,563.0280333270898,7322.0200787689555
2023-09-21,18144.874550248616,561.8978128575008,7322.341512967704
2023-09-22,18144.874550248616,580.4243471073174,7342.501045153283
2023-09-25,18144.874550248616,571.7574728841516,7344.84011549471
2023-09-26,18144.874550248616,565.6716676161178,7339.636609104621
2023-09-27,18144.874550248616,575.1186328264157,7339.221796529553
2023-09-28,18144.874550248616,565.9337006456678,7339.00508923226
2023-09-29,18144.874550248616,569.92254119863,7334.333204892358
2023-10-02,18144.874550248616,553.1227300000593,7327.881949026647
2023-10-03,18144.874550248616,566.7162672937181,7328.926646069133
2023-10-04,18144.874550248616,598.2251558873304,7346.136845573506
2023-10-05,18144.874550248616,584.0029805213665,7360.093726880119
2023-10-06,18144.874550248616,577.9884921442983,7359.7059775333955
2023-10-09,18144.874550248616,574.1064222377186,7358.9990745111345
2023-10-10,18144.874550248616,589.8280924692459,7362.0624080004645
2023-10-11,18144.874550248616,562.0663247781182,7392.984081031536
2023-10-12,18144.874550248616,545.6505681963185,7399.104654652995
2023-10-13,18144.874550248616,556.5971410290812,7409.023013743943
2023-10-16,18144.874550248616,562.4511010931687,7410.174348381033
2023-10-17,18144.874550248616,539.3054064065336,7397.4049446762865
2023-10-18,18144.874550248616,548.5777991211133,7405.698101092821
2023-10-19,18144.874550248616,573.2081301784342,7436.850335436913
2023-10-20,18144.874550248616,600.7718000027766,7455.0593611217655
2023-10-23,18144.874550248616,603.3742067760513,7456.635551475062
2023-10-24,18144.874550248616,586.5909139837981,7472.217423925127
2023-10-25,18144.874550248616,604.8843979316798,7455.604665785093
2023-10-26,18144.874550248616,595.3837507915428,7446.3811619828675
2023-10-27,18144.874550248616,579.2692391698423,7458.300661174341
2023-10-30,18144.874550248616,575.8390488668635,7457.614442861995
2023-10-31,18144.874550248616,569.495911971897,7457.260150701698
2023-11-01,18144.874550248616,549.8646056064774,7454.2761285601755
2023-11-02,18144.874550248616,526.2391930441526,7465.4561068952735
2023-11-03,18144.874550248616,528.489556489774,7465.174966663151
2023-11-06,18144.874550248616,512.6138454893297,7460.042246117108
2023-11-07,18144.874550248616,544.3931100479676,7466.128485692435
2023-11-08,18144.874550248616,527.879732040511,7472.779118237943
2023-11-09,18144.874550248616,510.0585655076968,7489.206794818528
2023-11-10,18144.874550248616,499.3462919499752,7479.010040399232
2023-11-13,18144.874550248616,507.4739135387967,7484.61916594122
2023-11-14,18144.874550248616,511.63312352081783,7485.252964368994
2023-11-15,18144.874550248616,534.1568284157216,7489.39449040835
2023-11-16,18144.874550248616,554.1687102984937,7506.735675680758
2023-11-17,18144.874550248616,564.3704890817642,7499.389087815522
2023-11-20,18144.874550248616,572.7889274182479,7496.712036445003
2023-11-21,18144.874550248616,587.7276447197885,7503.426132923798
2023-11-22,18144.874550248616,596.6645524165383,7500.437547054205
2023-11-24,18144.874550248616,596.1069051688675,7500.222400030926
2023-11-27,18144.874550248616,620.1809904065665,7496.946129669132
2023-11-28,18144.874550248616,617.9325337734775,7498.5883351060365
2023-11-29,18144.874550248616,603.1033209276064,7490.3641454320505
2023-11-30,18144.874550248616,608.4888780439944,7485.479889096014
2023-12-01,18144.874550248616,634.7152351673418,7498.006840456295
2023-12-04,18144.874550248616,630.5579875755335,7499.388750874243
2023-12-05,18144.874550248616,621.9352555378275,7505.751362085153
2023-12-06,18144.874550248616,601.9272346992625,7523.366036244421
2023-12-07,18144.874550248616,593.7756600673997,7528.672405513722
2023-12-08,18144.874550248616,609.8054318379186,7526.6429944352485
2023-12-11,18144.874550248616,627.2113707264377,7524.256911135541
2023-12-12,18144.874550248616,627.0492683143925,7524.297337865134
2023-12-13,18144.874550248616,620.6455744836524,7524.640378009219
2023-12-14,18144.874550248616,631.0774920115306,7526.752288463303
2023-12-15,18144.874550248616,631.7671837374994,7526.3857281550345
2023-12-18,18144.874550248616,627.3004168679204,7527.996285723601
2023-12-19,18144.874550248616,637.8178590868546,7533.404098252119
2023-12-20,18144.874550248616,653.3161947813331,7537.250126398063
2023-12-21,18144.874550248616,607.4107671019407,7578.722438834711
2023-12-22,18144.874550248616,618.3750183110574,7590.170727080858
2023-12-26,18144.874550248616,630.4521319081913,7590.951933168422
2023-12-27,18144.874550248616,632.6549334039505,7592.010187916046
2023-12-28,18144.874550248616,628.4382489659339,7594.395038134809
2023-12-29,18144.874550248616,641.9396942834194,7594.256560155573
2024-01-02,18144.874550248616,619.7109192361867,7584.577760304378
2024-01-03,18144.874550248616,613.5198103005581,7584.815701072575
2024-01-04,18144.874550248616,611.7345893990432,7588.515709813825
2024-01-05,18144.874550248616,621.6605829115848,7587.7474513411435
2024-01-08,18144.874550248616,634.5184250197206,7590.2211832701
2024-01-09,18144.874550248616,644.4150317917517,7598.242772428407
2024-01-10,18144.874550248616,642.576187982186,7598.51853135737
2024-01-11,18144.874550248616,657.9598383468106,7603.00221407361
2024-01-12,18144.874550248616,654.2314671676282,7604.663027167656
2024-01-16,18144.874550248616,652.8992702160821,7604.372838781688
2024-01-17,18144.874550248616,635.0157190124015,7591.67852207311
2024-01-18,18144.874550248616,617.867616629244,7603.6912179163055
2024-01-19,18144.874550248616,643.2520756256389,7632.676778945812
2024-01-22,18144.874550248616,649.5663115048623,7632.619329410157
2024-01-23,18144.874550248616,638.9957216384564,7635.037927431294
2024-01-24,18144.874550248616,630.695455396771,7631.294579085397
2024-01-25,18144.874550248616,631.8624989302759,7631.432224620442
2024-01-26,18144.874550248616,652.6521861705877,7620.0383299655105
2024-01-29,18144.874550248616,679.7397623049123,7585.567645808088
2024-01-30,18144.874550248616,692.7988367966892,7581.027508354297
2024-01-31,18144.874550248616,690.7591766512794,7581.926742830867
2024-02-01,18144.874550248616,672.3180661348825,7600.218895058208
2024-02-02,18144.874550248616,648.4025946795805,7595.233426886099
2024-02-05,18144.874550248616,665.5871956713692,7624.020561190142
2024-02-06,18144.874550248616,670.6907126025644,7625.116553974835
2024-02-07,18144.874550248616,661.9699253281391,7629.406251818013
2024-02-08,18144.874550248616,688.3574838293522,7625.7622081891595
2024-02-09,18144.874550248616,673.7690380779013,7610.641975616796
2024-02-12,18144.874550248616,675.059432291508,7611.477246045214
2024-02-13,18144.874550248616,663.4523734250334,7608.2040744660035
2024-02-14,18144.874550248616,667.4279291487549,7604.859264468445
2024-02-15,18144.874550248616,667.4677963759252,7604.861184078218
2024-02-16,18144.874550248616,656.5394295268086,7592.814315607659
2024-02-20,18144.874550248616,675.270490338453,7581.452553666263
2024-02-21,18144.874550248616,661.2840002295384,7588.154085526335
2024-02-22,18144.874550248616,660.1696630844788,7587.500817877098
2024-02-23,18144.874550248616,715.6017889749977,7651.461764128391
2024-02-26,18144.874550248616,714.3426798716246,7652.0983021199145
2024-02-27,18144.874550248616,717.5998174141522,7649.77948368581
2024-02-28,18144.874550248616,732.6375689786634,7650.356752183496
2024-02-29,18144.874550248616,714.18310291807,7651.592295217274
2024-03-01,18144.874550248616,725.1912467057379,7652.35994951238
2024-03-04,18144.874550248616,761.8724171492512,7656.543050833525
2024-03-05,18144.874550248616,769.4078080593971,7661.015752480271
2024-03-06,18144.874550248616,739.9021289523461,7658.946933479313
2024-03-07,18144.874550248616,749.8332181137104,7656.598791265905
2024-03-08,18144.874550248616,753.7726974484982,7657.574154711391
2024-03-11,18144.874550248616,761.8546616920223,7655.8530171808125
2024-03-12,18144.874550248616,754.032745263288,7653.491699802064
2024-03-13,18144.874550248616,771.5828031250601,7646.203961415166
2024-03-14,18144.874550248616,767.2483906127045,7644.756966735303
2024-03-15,18144.874550248616,771.3130872454625,7647.546194191965
2024-03-18,18144.874550248616,769.288834591197,7648.771562815033
2024-03-19,18144.874550248616,751.2088162757562,7630.061053799026
2024-03-20,18144.874550248616,728.2681152469019,7623.331779241528
2024-03-21,18144.874550248616,758.219630958878,7607.291590557377
2024-03-22,18144.874550248616,743.0680347076908,7594.928512512853
2024-03-25,18144.874550248616,697.5391634341418,7586.671149801143
2024-03-26,18144.874550248616,696.1034009739403,7586.920516960582
2024-03-27,18144.874550248616,674.1328676232666,7576.278793578487
2024-03-28,18144.874550248616,698.2126039618128,7568.367305383726
2024-04-01,17671.533271086842,738.2767023394106,7521.327525135181
2024-04-02,17671.533271086842,751.1192135040385,7533.249288162779
2024-04-03,17671.533271086842,745.4749000538703,7532.887253416581
2024-04-04,17671.533271086842,736.4543843448347,7527.921760476392
2024-04-05,17671.533271086842,707.1768639059165,7540.0377379797565
2024-04-08,17671.533271086842,728.4383136977933,7563.33097546392
2024-04-09,17671.533271086842,725.5573059676983,7562.612541770463
2024-04-10,17671.533271086842,695.3310098860379,7547.53914385947
2024-04-11,17671.533271086842,713.1546021772796,7544.86180773915
2024-04-12,17671.533271086842,738.3412099116695,7540.217005345857
2024-04-15,17671.533271086842,678.3954144790293,7566.274124154365
2024-04-16,17671.533271086842,702.2180888916524,7583.35026119402
2024-04-17,17671.533271086842,702.3935548993801,7583.304608939132
2024-04-18,17671.533271086842,694.3535151131687,7593.667417046812
2024-04-19,17671.533271086842,686.5915177132239,7588.381640404911
2024-04-22,17671.533271086842,664.4647830317741,7580.058099821314
2024-04-23,17671.533271086842,677.226634226349,7557.514941578316
2024-04-24,17671.533271086842,654.8484363117805,7547.088775513495
2024-04-25,17671.533271086842,668.3472060667566,7545.9313591297805
2024-04-26,17671.533271086842,687.316954591855,7535.977976453276
2024-04-29,17671.533271086842,659.651974797089,7506.367420248156
2024-04-30,17671.533271086842,651.9968556282041,7508.606117029442
2024-05-01,17671.533271086842,651.0617592302959,7509.3964288144525
2024-05-02,17671.533271086842,667.975324703494,7485.264387977976
2024-05-03,17671.533271086842,607.0148882517537,7386.189340682217
2024-05-06,17671.533271086842,589.0065584489209,7383.2943191329705
2024-05-07,17671.533271086842,592.7613054319661,7387.4191729400245
2024-05-08,17671.533271086842,603.1188400906799,7379.793461281672
2024-05-09,17671.533271086842,593.3108732733232,7379.66946207736
2024-05-10,17671.533271086842,625.6000996893994,7370.063094758721
2024-05-13,17671.533271086842,659.530403129076,7362.653818628407
2024-05-14,17671.533271086842,648.1146079016179,7366.080048775702
2024-05-15,17671.533271086842,641.0009380544119,7360.214694854483
2024-05-16,17671.533271086842,669.9544198994785,7373.529816515408
2024-05-17,17671.533271086842,681.4238206462609,7366.908382334799
2024-05-20,17671.533271086842,703.1536548202777,7372.811117634814
2024-05-21,17671.533271086842,699.1776406729175,7370.5214434149975
2024-05-22,17671.533271086842,705.4473326622251,7368.6189033261335
2024-05-23,17671.533271086842,696.8205904565351,7375.241679119169
2024-05-24,17671.533271086842,673.4018351014347,7398.275162228962
2024-05-28,17671.533271086842,679.1503187705426,7402.517782314546
2024-05-29,17671.533271086842,690.8132614760541,7412.277146721824
2024-05-30,17671.533271086842,690.4724575126849,7412.172110537259
2024-05-31,17671.533271086842,666.3487223094907,7418.567291133041
2024-06-03,17671.533271086842,665.9742947383494,7418.858304850244
2024-06-04,17671.533271086842,646.7885602549937,7421.050722195803
2024-06-05,17671.533271086842,637.579845765007,7428.006897657512
2024-06-06,17671.533271086842,650.2434996609053,7428.728903034157
2024-06-07,17671.533271086842,657.3861940189377,7426.22594807195
2024-06-10,17671.533271086842,638.5327280246296,7414.260111589563
2024-06-11,17671.533271086842,599.6181311636484,7337.221188822695
2024-06-12,17671.533271086842,592.1913477591719,7340.518713714093
2024-06-13,17671.533271086842,619.8166039951702,7308.479828007884
2024-06-14,17671.533271086842,586.8690878773465,7292.362462205295
2024-06-17,17671.533271086842,593.8642179646911,7289.4027974546825
2024-06-18,17671.533271086842,630.2191726511417,7301.751332266784
2024-06-20,17671.533271086842,648.9205760487922,7286.357346359845
2024-06-21,17671.533271086842,675.2795525347125,7269.88517005306
2024-06-24,17671.533271086842,683.515612407264,7258.794517791395
2024-06-25,17671.533271086842,664.0558835644268,7256.375349896755
2024-06-26,17671.533271086842,648.7589466521387,7246.506420809197
2024-06-27,17671.533271086842,676.2110724914586,7236.838812377404
2024-06-28,17671.533271086842,709.9758294297536,7199.68144332373
2024-07-01,17671.533271086842,726.9749010204827,7189.783720335437
2024-07-02,17671.533271086842,770.3510529390322,7196.984224316035
2024-07-03,17671.533271086842,780.8390563035887,7198.598040737824
2024-07-05,17671.533271086842,769.3253431589047,7189.254628520421
2024-07-08,17671.533271086842,774.8767656942058,7191.4507594841025
2024-07-09,17671.533271086842,798.2462202696221,7165.414033489864
2024-07-10,17671.533271086842,822.3327999543075,7153.110822450802
2024-07-11,17671.533271086842,859.442836938538,7162.451919440777
2024-07-12,17671.533271086842,838.5922500575288,7187.665226221935
2024-07-15,17671.533271086842,836.9505253583272,7187.8973598170005
2024-07-16,17671.533271086842,849.5344381789015,7193.99322639425
2024-07-17,17671.533271086842,821.5452609461948,7157.684500302407
2024-07-18,17671.533271086842,802.2200291457538,7159.498671828339
2024-07-19,17671.533271086842,813.5813723945503,7160.182003205673
2024-07-22,17671.533271086842,845.331185998266,7115.58569677098
2024-07-23,17671.533271086842,834.3747506384342,7117.751287430134
2024-07-24,17671.533271086842,845.9654115385739,7108.945893124434
2024-07-25,17671.533271086842,832.8232903814749,7088.766175829336
2024-07-26,17671.533271086842,810.109953589001,7084.0183523968035
2024-07-29,17671.533271086842,764.3455354018957,7079.005022952119
2024-07-30,17671.533271086842,771.3022476087626,7073.413894723481
2024-07-31,17671.533271086842,768.0627773939034,7072.188511999578
2024-08-01,17671.533271086842,733.5133492998058,7057.805077212798
2024-08-02,17671.533271086842,725.9265425334017,7061.020376905661
2024-08-05,17671.533271086842,702.2423630002468,7054.894896200352
2024-08-06,17671.533271086842,770.0820659958823,7157.40065735109
2024-08-07,17671.533271086842,750.5183080992882,7174.65473942547
2024-08-08,17671.533271086842,725.2104590659782,7131.282155926984
2024-08-09,17671.533271086842,687.7353819542005,7139.264874395074
2024-08-12,17671.533271086842,662.8217442530224,7153.7645646044875
2024-08-13,17671.533271086842,677.9006443285377,7145.152227372834
2024-08-14,17671.533271086842,649.6546566540972,7178.453556974994
2024-08-15,17671.533271086842,635.1920630916769,7185.240087760454
2024-08-16,17671.533271086842,638.7991668788655,7184.6432417238475
2024-08-19,17671.533271086842,636.4555845995121,7184.672263408539
2024-08-20,17671.533271086842,623.0270237127392,7185.394811869287
2024-08-21,17671.533271086842,618.7289405386992,7186.229808001846
2024-08-22,17671.533271086842,605.2929694757806,7187.368160760832
2024-08-23,17671.533271086842,618.7409059276442,7179.3496941909325
2024-08-26,17671.533271086842,603.6138394083592,7182.185566511668
2024-08-27,17671.533271086842,594.8013546392981,7177.451530138997
2024-08-28,17671.533271086842,591.4776811685603,7178.018672088396
2024-08-29,17671.533271086842,590.2356632945294,7177.787957142264
2024-08-30,17671.533271086842,575.2408047830262,7176.271004543478
2024-09-03,17671.533271086842,579.5269204225668,7175.654489266065
2024-09-04,17671.533271086842,565.021091233288,7161.54328896938
2024-09-05,17671.533271086842,576.5738718017013,7147.473334148552
2024-09-06,17671.533271086842,568.9884416265895,7151.584375830684
2024-09-09,17671.533271086842,577.9488729779771,7153.384482675391
2024-09-10,17671.533271086842,550.6948625598184,7167.364894496005
2024-09-11,17671.533271086842,504.9932036442723,7135.427024665375
2024-09-12,17671.533271086842,510.4581256145906,7130.149851165641
2024-09-13,17671.533271086842,514.7696285878653,7132.443088950885
2024-09-16,17671.533271086842,507.7179185881892,7129.494614386137
2024-09-17,17671.533271086842,503.8298992165519,7130.020005939599
2024-09-18,17671.533271086842,484.42129380978486,7115.763701348822
2024-09-19,17671.533271086842,478.630470234694,7114.5280371898125
2024-09-20,17671.533271086842,468.3205569024697,7097.367822714458
2024-09-23,17671.533271086842,464.7580355036323,7096.454035536648
2024-09-24,17671.533271086842,454.7311994121867,7090.287782214719
2024-09-25,17671.533271086842,449.81073251863086,7088.3292700991815
2024-09-26,17671.533271086842,479.2320913184027,7064.542842847106
2024-09-27,17671.533271086842,482.5726024655433,7064.831531685229
2024-09-30,17671.533271086842,464.8460285719492,7067.241448100228
2024-10-01,17671.533271086842,483.06832066271534,7067.457208860332
2024-10-02,17671.533271086842,437.5805380712829,7073.948326972504
2024-10-03,17671.533271086842,417.0240747510976,7059.6839838975475
2024-10-04,17671.533271086842,418.0222158208263,7059.681207453904
2024-10-07,17671.533271086842,473.5302278478808,7075.3789157371075
2024-10-08,17671.533271086842,504.3140422754472,7071.420688550022
2024-10-09,17671.533271086842,496.0842027090719,7071.502559705894
2024-10-10,17671.533271086842,500.87638956359655,7070.62490567473
2024-10-11,17671.533271086842,493.39407830760655,7067.011876261129
2024-10-14,17671.533271086842,513.7798756982247,7058.575192020995
2024-10-15,17671.533271086842,503.3033967362369,7053.196271507297
2024-10-16,17671.533271086842,479.1919795790372,7058.619191660619
2024-10-17,17671.533271086842,472.1720626888714,7058.067806941294
2024-10-18,17671.533271086842,481.90433540248216,7059.870483281971
2024-10-21,17671.533271086842,462.0482741333619,7045.112485450259
2024-10-22,17671.533271086842,456.5096180339352,7038.299192086695
2024-10-23,17671.533271086842,459.2216871611744,7038.005941589259
2024-10-24,17671.533271086842,464.6620884117504,7032.079181249874
2024-10-25,17671.533271086842,479.165232851975,7021.6879257327355
2024-10-28,17671.533271086842,456.87346078137085,6986.889587130595
2024-10-29,17671.533271086842,465.9596324227825,6985.120575358633
2024-10-30,17671.533271086842,484.20748907468516,6978.009857678832
2024-10-31,17555.800808564774,528.9891987445387,6903.4727755940075
2024-11-01,17555.800808564774,526.0650585767377,6908.006888622427
2024-11-04,17555.800808564774,497.2593559419701,6863.42057161403
2024-11-05,17555.800808564774,465.72943832826815,6860.864799082581
2024-11-06,17555.800808564774,450.63392127070097,6858.470912215374
2024-11-07,17555.800808564774,511.1672234424142,6931.232041597463
2024-11-08,17555.800808564774,514.089069864944,6930.697227479916
2024-11-11,17555.800808564774,505.4668307927954,6922.569225878062
2024-11-12,17555.800808564774,481.31033095533195,6929.275528748316
2024-11-13,17555.800808564774,485.4139184638726,6929.968287896418
2024-11-14,17555.800808564774,513.674989313749,6888.985227501377
2024-11-15,17555.800808564774,481.23924606549355,6910.818508066304
2024-11-18,17671.533271086842,437.77509562893823,6967.981640049072
2024-11-19,17671.533271086842,455.19354215649287,6963.958083196028
2024-11-20,17671.533271086842,463.42906822112843,6966.1718638157
2024-11-21,17671.533271086842,466.9426165817883,6967.976964639571
2024-11-22,17671.533271086842,480.3069874553838,6966.6073042617645
2024-11-25,17671.533271086842,498.46736474955446,6942.466034234333
2024-11-26,18226.67681884936,455.9939400306931,6991.822838347535
2024-11-27,18226.67681884936,419.2163548291812,6925.906951668184
2024-11-29,18226.67681884936,421.0462626892227,6924.295220388564
2024-12-02,18226.67681884936,423.1286908926575,6923.848597012855
2024-12-03,18226.67681884936,449.0006545570271,6893.523175479881
2024-12-04,17666.051657853557,490.83065648469733,6839.920058425821
2024-12-05,17666.051657853557,512.1497643284259,6833.978599244648
2024-12-06,17666.051657853557,479.52921192605595,6826.178623661762
2024-12-09,17666.051657853557,476.8146014120535,6825.739438718833
2024-12-10,17666.051657853557,455.93068459061567,6805.740306526585
2024-12-11,17666.051657853557,451.3123183257708,6804.877718959797
2024-12-12,17666.051657853557,487.1288279258986,6814.127717112471
2024-12-13,17555.800808564774,535.7153726667017,6682.789860967384
2024-12-16,17555.800808564774,550.0905538667354,6676.759599496663
2024-12-17,17555.800808564774,567.2007351215278,6678.149934073704
2024-12-18,17555.800808564774,534.7799484938539,6660.359312781994
2024-12-19,17555.800808564774,534.7742031163485,6660.358557275705
2024-12-20,17555.800808564774,536.3394881315869,6658.670440703252
2024-12-23,17555.800808564774,508.6533130380955,6663.694283060087
2024-12-24,17555.800808564774,506.00865478386123,6661.269013159554
2024-12-26,17555.800808564774,523.7207418331659,6668.072295465542
2024-12-27,17555.800808564774,522.1700622570646,6668.060832871405
2024-12-30,17555.800808564774,492.0415709938887,6685.155677951996
